variant,region,sample_id,calibration_fold,acquisition_day_utc
region_day_disjoint,Centre-Ouest,sample_01182,0,2022-08-26
region_day_disjoint,Centre-Ouest,sample_01183,0,2022-08-26
region_day_disjoint,Centre-Ouest,sample_01184,0,2022-08-26
region_day_disjoint,Centre-Ouest,sample_01185,0,2022-08-26
region_day_disjoint,Centre-Ouest,sample_01186,0,2022-08-26
region_day_disjoint,Centre-Ouest,sample_01187,0,2022-08-26
region_day_disjoint,Centre-Ouest,sample_01188,0,2022-08-26
region_day_disjoint,Centre-Ouest,sample_01189,0,2022-08-26
region_day_disjoint,Centre-Ouest,sample_01190,0,2022-08-26
region_day_disjoint,Centre-Ouest,sample_01191,0,2022-08-26
region_day_disjoint,Centre-Ouest,sample_01192,0,2022-08-26
region_day_disjoint,Centre-Ouest,sample_01193,0,2022-08-26
region_day_disjoint,Centre-Ouest,sample_01194,0,2022-08-26
region_day_disjoint,Centre-Ouest,sample_01195,0,2022-08-26
region_day_disjoint,Centre-Ouest,sample_01196,0,2022-08-26
region_day_disjoint,Centre-Ouest,sample_01197,0,2022-08-26
region_day_disjoint,Centre-Ouest,sample_01198,0,2022-08-26
region_day_disjoint,Centre-Ouest,sample_01199,0,2022-08-26
region_day_disjoint,Centre-Ouest,sample_01200,0,2022-08-26
region_day_disjoint,Centre-Ouest,sample_01201,0,2022-08-26
region_day_disjoint,Centre-Ouest,sample_01202,0,2022-08-26
region_day_disjoint,Centre-Ouest,sample_01203,0,2022-08-26
region_day_disjoint,Centre-Ouest,sample_01204,0,2022-08-26
region_day_disjoint,Centre-Ouest,sample_01205,0,2022-08-26
region_day_disjoint,Centre-Ouest,sample_01206,0,2022-08-26
region_day_disjoint,Centre-Ouest,sample_01207,0,2022-08-26
region_day_disjoint,Centre-Ouest,sample_01208,0,2022-08-26
region_day_disjoint,Centre-Ouest,sample_01209,0,2022-08-26
region_day_disjoint,Centre-Ouest,sample_01210,0,2022-08-26
region_day_disjoint,Centre-Ouest,sample_01211,0,2022-08-26
region_day_disjoint,Centre-Ouest,sample_01212,0,2022-08-26
region_day_disjoint,Centre-Ouest,sample_01337,0,2022-09-06
region_day_disjoint,Centre-Ouest,sample_01982,0,2022-11-20
region_day_disjoint,Centre-Ouest,sample_01983,0,2022-11-20
region_day_disjoint,Centre-Ouest,sample_01984,0,2022-11-20
region_day_disjoint,Centre-Ouest,sample_01985,0,2022-11-20
region_day_disjoint,Centre-Ouest,sample_01986,0,2022-11-20
region_day_disjoint,Centre-Ouest,sample_01987,0,2022-11-20
region_day_disjoint,Centre-Ouest,sample_01988,0,2022-11-20
region_day_disjoint,Centre-Ouest,sample_01989,0,2022-11-20
region_day_disjoint,Centre-Ouest,sample_01990,0,2022-11-20
region_day_disjoint,Centre-Ouest,sample_01991,0,2022-11-20
region_day_disjoint,Centre-Ouest,sample_01992,0,2022-11-20
region_day_disjoint,Centre-Ouest,sample_01993,0,2022-11-20
region_day_disjoint,Centre-Ouest,sample_01994,0,2022-11-20
region_day_disjoint,Centre-Ouest,sample_01995,0,2022-11-20
region_day_disjoint,Centre-Ouest,sample_02128,0,2022-11-26
region_day_disjoint,Centre-Ouest,sample_02129,0,2022-11-26
region_day_disjoint,Centre-Ouest,sample_02130,0,2022-11-26
region_day_disjoint,Centre-Ouest,sample_02147,0,2022-12-07
region_day_disjoint,Centre-Ouest,sample_02148,0,2022-12-07
region_day_disjoint,Centre-Ouest,sample_02149,0,2022-12-07
region_day_disjoint,Centre-Ouest,sample_02150,0,2022-12-07
region_day_disjoint,Centre-Ouest,sample_02151,0,2022-12-07
region_day_disjoint,Centre-Ouest,sample_02152,0,2022-12-07
region_day_disjoint,Centre-Ouest,sample_02153,0,2022-12-07
region_day_disjoint,Centre-Ouest,sample_02154,0,2022-12-07
region_day_disjoint,Centre-Ouest,sample_02155,0,2022-12-07
region_day_disjoint,Centre-Ouest,sample_02156,0,2022-12-07
region_day_disjoint,Centre-Ouest,sample_02157,0,2022-12-07
region_day_disjoint,Centre-Ouest,sample_02158,0,2022-12-07
region_day_disjoint,Centre-Ouest,sample_02159,0,2022-12-07
region_day_disjoint,Centre-Ouest,sample_02160,0,2022-12-07
region_day_disjoint,Centre-Ouest,sample_02161,0,2022-12-07
region_day_disjoint,Centre-Ouest,sample_02162,0,2022-12-07
region_day_disjoint,Centre-Ouest,sample_02163,0,2022-12-07
region_day_disjoint,Centre-Ouest,sample_02164,0,2022-12-07
region_day_disjoint,Centre-Ouest,sample_02165,0,2022-12-07
region_day_disjoint,Centre-Ouest,sample_02166,0,2022-12-07
region_day_disjoint,Centre-Ouest,sample_02167,0,2022-12-07
region_day_disjoint,Centre-Ouest,sample_02168,0,2022-12-07
region_day_disjoint,Centre-Ouest,sample_02169,0,2022-12-07
region_day_disjoint,Centre-Ouest,sample_02170,0,2022-12-07
region_day_disjoint,Centre-Ouest,sample_02171,0,2022-12-07
region_day_disjoint,Centre-Ouest,sample_02172,0,2022-12-07
region_day_disjoint,Centre-Ouest,sample_02173,0,2022-12-07
region_day_disjoint,Centre-Ouest,sample_02174,0,2022-12-07
region_day_disjoint,Centre-Ouest,sample_02175,0,2022-12-07
region_day_disjoint,Centre-Ouest,sample_02651,0,2023-03-03
region_day_disjoint,Centre-Ouest,sample_01123,1,2022-08-24
region_day_disjoint,Centre-Ouest,sample_01124,1,2022-08-24
region_day_disjoint,Centre-Ouest,sample_01125,1,2022-08-24
region_day_disjoint,Centre-Ouest,sample_01126,1,2022-08-24
region_day_disjoint,Centre-Ouest,sample_01127,1,2022-08-24
region_day_disjoint,Centre-Ouest,sample_01128,1,2022-08-24
region_day_disjoint,Centre-Ouest,sample_01129,1,2022-08-24
region_day_disjoint,Centre-Ouest,sample_01130,1,2022-08-24
region_day_disjoint,Centre-Ouest,sample_01131,1,2022-08-24
region_day_disjoint,Centre-Ouest,sample_01133,1,2022-08-24
region_day_disjoint,Centre-Ouest,sample_01134,1,2022-08-24
region_day_disjoint,Centre-Ouest,sample_01135,1,2022-08-24
region_day_disjoint,Centre-Ouest,sample_01136,1,2022-08-24
region_day_disjoint,Centre-Ouest,sample_01137,1,2022-08-24
region_day_disjoint,Centre-Ouest,sample_01138,1,2022-08-24
region_day_disjoint,Centre-Ouest,sample_01139,1,2022-08-24
region_day_disjoint,Centre-Ouest,sample_01140,1,2022-08-24
region_day_disjoint,Centre-Ouest,sample_01142,1,2022-08-24
region_day_disjoint,Centre-Ouest,sample_01143,1,2022-08-24
region_day_disjoint,Centre-Ouest,sample_01144,1,2022-08-24
region_day_disjoint,Centre-Ouest,sample_02131,1,2022-11-29
region_day_disjoint,Centre-Ouest,sample_02132,1,2022-11-29
region_day_disjoint,Centre-Ouest,sample_02133,1,2022-11-29
region_day_disjoint,Centre-Ouest,sample_02232,1,2022-12-28
region_day_disjoint,Centre-Ouest,sample_02233,1,2022-12-28
region_day_disjoint,Centre-Ouest,sample_02234,1,2022-12-28
region_day_disjoint,Centre-Ouest,sample_02235,1,2022-12-28
region_day_disjoint,Centre-Ouest,sample_02236,1,2022-12-28
region_day_disjoint,Centre-Ouest,sample_02237,1,2022-12-28
region_day_disjoint,Centre-Ouest,sample_02238,1,2022-12-28
region_day_disjoint,Centre-Ouest,sample_02239,1,2022-12-28
region_day_disjoint,Centre-Ouest,sample_02240,1,2022-12-28
region_day_disjoint,Centre-Ouest,sample_02241,1,2022-12-28
region_day_disjoint,Centre-Ouest,sample_02252,1,2023-01-10
region_day_disjoint,Centre-Ouest,sample_02253,1,2023-01-10
region_day_disjoint,Centre-Ouest,sample_02254,1,2023-01-10
region_day_disjoint,Centre-Ouest,sample_02255,1,2023-01-10
region_day_disjoint,Centre-Ouest,sample_02256,1,2023-01-10
region_day_disjoint,Centre-Ouest,sample_02257,1,2023-01-10
region_day_disjoint,Centre-Ouest,sample_02258,1,2023-01-10
region_day_disjoint,Centre-Ouest,sample_02259,1,2023-01-10
region_day_disjoint,Centre-Ouest,sample_02260,1,2023-01-10
region_day_disjoint,Centre-Ouest,sample_02357,1,2023-01-30
region_day_disjoint,Centre-Ouest,sample_02670,1,2023-03-06
region_day_disjoint,Centre-Ouest,sample_02671,1,2023-03-06
region_day_disjoint,Centre-Ouest,sample_02672,1,2023-03-06
region_day_disjoint,Centre-Ouest,sample_02673,1,2023-03-06
region_day_disjoint,Centre-Ouest,sample_02674,1,2023-03-06
region_day_disjoint,Centre-Ouest,sample_02675,1,2023-03-06
region_day_disjoint,Centre-Ouest,sample_02676,1,2023-03-06
region_day_disjoint,Centre-Ouest,sample_02677,1,2023-03-06
region_day_disjoint,Centre-Ouest,sample_02678,1,2023-03-06
region_day_disjoint,Centre-Ouest,sample_02679,1,2023-03-06
region_day_disjoint,Centre-Ouest,sample_02680,1,2023-03-06
region_day_disjoint,Centre-Ouest,sample_02681,1,2023-03-06
region_day_disjoint,Centre-Ouest,sample_02682,1,2023-03-06
region_day_disjoint,Centre-Ouest,sample_02683,1,2023-03-06
region_day_disjoint,Centre-Ouest,sample_02684,1,2023-03-06
region_day_disjoint,Centre-Ouest,sample_02685,1,2023-03-06
region_day_disjoint,Centre-Ouest,sample_02686,1,2023-03-06
region_day_disjoint,Centre-Ouest,sample_02687,1,2023-03-06
region_day_disjoint,Centre-Ouest,sample_02688,1,2023-03-06
region_day_disjoint,Centre-Ouest,sample_02689,1,2023-03-06
region_day_disjoint,Centre-Ouest,sample_02690,1,2023-03-06
region_day_disjoint,Centre-Ouest,sample_02691,1,2023-03-06
region_day_disjoint,Centre-Ouest,sample_02692,1,2023-03-06
region_day_disjoint,Centre-Ouest,sample_02693,1,2023-03-06
region_day_disjoint,Centre-Ouest,sample_02694,1,2023-03-06
region_day_disjoint,Centre-Ouest,sample_02695,1,2023-03-06
region_day_disjoint,Centre-Ouest,sample_02696,1,2023-03-06
region_day_disjoint,Centre-Ouest,sample_02697,1,2023-03-06
region_day_disjoint,Centre-Ouest,sample_02698,1,2023-03-06
region_day_disjoint,Centre-Ouest,sample_02699,1,2023-03-06
region_day_disjoint,Centre-Ouest,sample_02700,1,2023-03-06
region_day_disjoint,Centre-Ouest,sample_02701,1,2023-03-06
region_day_disjoint,Centre-Ouest,sample_02702,1,2023-03-06
region_day_disjoint,Centre-Ouest,sample_02703,1,2023-03-06
region_day_disjoint,Centre-Ouest,sample_02704,1,2023-03-06
region_day_disjoint,Centre-Ouest,sample_02706,1,2023-03-06
region_day_disjoint,Centre-Ouest,sample_02707,1,2023-03-06
region_day_disjoint,Centre-Ouest,sample_00832,2,2022-08-05
region_day_disjoint,Centre-Ouest,sample_00833,2,2022-08-05
region_day_disjoint,Centre-Ouest,sample_00834,2,2022-08-05
region_day_disjoint,Centre-Ouest,sample_00835,2,2022-08-05
region_day_disjoint,Centre-Ouest,sample_00836,2,2022-08-05
region_day_disjoint,Centre-Ouest,sample_00837,2,2022-08-05
region_day_disjoint,Centre-Ouest,sample_00838,2,2022-08-05
region_day_disjoint,Centre-Ouest,sample_00839,2,2022-08-05
region_day_disjoint,Centre-Ouest,sample_00840,2,2022-08-05
region_day_disjoint,Centre-Ouest,sample_00841,2,2022-08-05
region_day_disjoint,Centre-Ouest,sample_00842,2,2022-08-05
region_day_disjoint,Centre-Ouest,sample_00843,2,2022-08-05
region_day_disjoint,Centre-Ouest,sample_00844,2,2022-08-05
region_day_disjoint,Centre-Ouest,sample_00845,2,2022-08-05
region_day_disjoint,Centre-Ouest,sample_00846,2,2022-08-05
region_day_disjoint,Centre-Ouest,sample_00847,2,2022-08-05
region_day_disjoint,Centre-Ouest,sample_00848,2,2022-08-05
region_day_disjoint,Centre-Ouest,sample_00849,2,2022-08-05
region_day_disjoint,Centre-Ouest,sample_01451,2,2022-10-24
region_day_disjoint,Centre-Ouest,sample_01452,2,2022-10-24
region_day_disjoint,Centre-Ouest,sample_01453,2,2022-10-24
region_day_disjoint,Centre-Ouest,sample_02262,2,2023-01-11
region_day_disjoint,Centre-Ouest,sample_02263,2,2023-01-11
region_day_disjoint,Centre-Ouest,sample_02264,2,2023-01-11
region_day_disjoint,Centre-Ouest,sample_02265,2,2023-01-11
region_day_disjoint,Centre-Ouest,sample_02266,2,2023-01-11
region_day_disjoint,Centre-Ouest,sample_02267,2,2023-01-11
region_day_disjoint,Centre-Ouest,sample_02268,2,2023-01-11
region_day_disjoint,Centre-Ouest,sample_02269,2,2023-01-11
region_day_disjoint,Centre-Ouest,sample_02270,2,2023-01-11
region_day_disjoint,Centre-Ouest,sample_02271,2,2023-01-11
region_day_disjoint,Centre-Ouest,sample_02272,2,2023-01-11
region_day_disjoint,Centre-Ouest,sample_02273,2,2023-01-11
region_day_disjoint,Centre-Ouest,sample_02274,2,2023-01-11
region_day_disjoint,Centre-Ouest,sample_02275,2,2023-01-11
region_day_disjoint,Centre-Ouest,sample_02276,2,2023-01-11
region_day_disjoint,Centre-Ouest,sample_02277,2,2023-01-11
region_day_disjoint,Centre-Ouest,sample_02278,2,2023-01-11
region_day_disjoint,Centre-Ouest,sample_02279,2,2023-01-11
region_day_disjoint,Centre-Ouest,sample_02367,2,2023-02-02
region_day_disjoint,Centre-Ouest,sample_02368,2,2023-02-02
region_day_disjoint,Centre-Ouest,sample_02369,2,2023-02-02
region_day_disjoint,Centre-Ouest,sample_02370,2,2023-02-02
region_day_disjoint,Centre-Ouest,sample_02371,2,2023-02-02
region_day_disjoint,Centre-Ouest,sample_02372,2,2023-02-02
region_day_disjoint,Centre-Ouest,sample_02373,2,2023-02-02
region_day_disjoint,Centre-Ouest,sample_02374,2,2023-02-02
region_day_disjoint,Centre-Ouest,sample_02375,2,2023-02-02
region_day_disjoint,Centre-Ouest,sample_02377,2,2023-02-02
region_day_disjoint,Centre-Ouest,sample_02378,2,2023-02-02
region_day_disjoint,Centre-Ouest,sample_02379,2,2023-02-02
region_day_disjoint,Centre-Ouest,sample_02380,2,2023-02-02
region_day_disjoint,Centre-Ouest,sample_02381,2,2023-02-02
region_day_disjoint,Centre-Ouest,sample_02382,2,2023-02-02
region_day_disjoint,Centre-Ouest,sample_02383,2,2023-02-02
region_day_disjoint,Centre-Ouest,sample_02384,2,2023-02-02
region_day_disjoint,Centre-Ouest,sample_02385,2,2023-02-02
region_day_disjoint,Centre-Ouest,sample_02386,2,2023-02-02
region_day_disjoint,Centre-Ouest,sample_02388,2,2023-02-02
region_day_disjoint,Centre-Ouest,sample_02389,2,2023-02-02
region_day_disjoint,Centre-Ouest,sample_02390,2,2023-02-02
region_day_disjoint,Centre-Ouest,sample_02391,2,2023-02-02
region_day_disjoint,Centre-Ouest,sample_02901,2,2023-03-17
region_day_disjoint,Centre-Ouest,sample_02903,2,2023-03-17
region_day_disjoint,Centre-Ouest,sample_02904,2,2023-03-17
region_day_disjoint,Centre-Ouest,sample_02905,2,2023-03-17
region_day_disjoint,Centre-Ouest,sample_02906,2,2023-03-17
region_day_disjoint,Centre-Ouest,sample_00825,3,2022-08-04
region_day_disjoint,Centre-Ouest,sample_00826,3,2022-08-04
region_day_disjoint,Centre-Ouest,sample_00827,3,2022-08-04
region_day_disjoint,Centre-Ouest,sample_00828,3,2022-08-04
region_day_disjoint,Centre-Ouest,sample_00829,3,2022-08-04
region_day_disjoint,Centre-Ouest,sample_00830,3,2022-08-04
region_day_disjoint,Centre-Ouest,sample_00831,3,2022-08-04
region_day_disjoint,Centre-Ouest,sample_00850,3,2022-08-06
region_day_disjoint,Centre-Ouest,sample_00851,3,2022-08-06
region_day_disjoint,Centre-Ouest,sample_00852,3,2022-08-06
region_day_disjoint,Centre-Ouest,sample_00853,3,2022-08-06
region_day_disjoint,Centre-Ouest,sample_00854,3,2022-08-06
region_day_disjoint,Centre-Ouest,sample_00855,3,2022-08-06
region_day_disjoint,Centre-Ouest,sample_00856,3,2022-08-06
region_day_disjoint,Centre-Ouest,sample_00857,3,2022-08-06
region_day_disjoint,Centre-Ouest,sample_00858,3,2022-08-06
region_day_disjoint,Centre-Ouest,sample_00859,3,2022-08-06
region_day_disjoint,Centre-Ouest,sample_00860,3,2022-08-06
region_day_disjoint,Centre-Ouest,sample_00861,3,2022-08-06
region_day_disjoint,Centre-Ouest,sample_00862,3,2022-08-06
region_day_disjoint,Centre-Ouest,sample_00863,3,2022-08-06
region_day_disjoint,Centre-Ouest,sample_00864,3,2022-08-06
region_day_disjoint,Centre-Ouest,sample_00865,3,2022-08-06
region_day_disjoint,Centre-Ouest,sample_00866,3,2022-08-06
region_day_disjoint,Centre-Ouest,sample_00867,3,2022-08-06
region_day_disjoint,Centre-Ouest,sample_00868,3,2022-08-06
region_day_disjoint,Centre-Ouest,sample_00869,3,2022-08-06
region_day_disjoint,Centre-Ouest,sample_00870,3,2022-08-06
region_day_disjoint,Centre-Ouest,sample_00871,3,2022-08-06
region_day_disjoint,Centre-Ouest,sample_00872,3,2022-08-06
region_day_disjoint,Centre-Ouest,sample_00873,3,2022-08-06
region_day_disjoint,Centre-Ouest,sample_00874,3,2022-08-06
region_day_disjoint,Centre-Ouest,sample_01996,3,2022-11-21
region_day_disjoint,Centre-Ouest,sample_01997,3,2022-11-21
region_day_disjoint,Centre-Ouest,sample_01998,3,2022-11-21
region_day_disjoint,Centre-Ouest,sample_01999,3,2022-11-21
region_day_disjoint,Centre-Ouest,sample_02000,3,2022-11-21
region_day_disjoint,Centre-Ouest,sample_02001,3,2022-11-21
region_day_disjoint,Centre-Ouest,sample_02002,3,2022-11-21
region_day_disjoint,Centre-Ouest,sample_02003,3,2022-11-21
region_day_disjoint,Centre-Ouest,sample_02004,3,2022-11-21
region_day_disjoint,Centre-Ouest,sample_02005,3,2022-11-21
region_day_disjoint,Centre-Ouest,sample_02006,3,2022-11-21
region_day_disjoint,Centre-Ouest,sample_02007,3,2022-11-21
region_day_disjoint,Centre-Ouest,sample_02008,3,2022-11-21
region_day_disjoint,Centre-Ouest,sample_02009,3,2022-11-21
region_day_disjoint,Centre-Ouest,sample_02010,3,2022-11-21
region_day_disjoint,Centre-Ouest,sample_02011,3,2022-11-21
region_day_disjoint,Centre-Ouest,sample_02012,3,2022-11-21
region_day_disjoint,Centre-Ouest,sample_02134,3,2022-12-01
region_day_disjoint,Centre-Ouest,sample_02135,3,2022-12-01
region_day_disjoint,Centre-Ouest,sample_02136,3,2022-12-01
region_day_disjoint,Centre-Ouest,sample_02137,3,2022-12-01
region_day_disjoint,Centre-Ouest,sample_02138,3,2022-12-01
region_day_disjoint,Centre-Ouest,sample_02139,3,2022-12-01
region_day_disjoint,Centre-Ouest,sample_02140,3,2022-12-01
region_day_disjoint,Centre-Ouest,sample_02141,3,2022-12-01
region_day_disjoint,Centre-Ouest,sample_02205,3,2022-12-27
region_day_disjoint,Centre-Ouest,sample_02206,3,2022-12-27
region_day_disjoint,Centre-Ouest,sample_02207,3,2022-12-27
region_day_disjoint,Centre-Ouest,sample_02208,3,2022-12-27
region_day_disjoint,Centre-Ouest,sample_02209,3,2022-12-27
region_day_disjoint,Centre-Ouest,sample_02210,3,2022-12-27
region_day_disjoint,Centre-Ouest,sample_02211,3,2022-12-27
region_day_disjoint,Centre-Ouest,sample_02212,3,2022-12-27
region_day_disjoint,Centre-Ouest,sample_02213,3,2022-12-27
region_day_disjoint,Centre-Ouest,sample_02214,3,2022-12-27
region_day_disjoint,Centre-Ouest,sample_02215,3,2022-12-27
region_day_disjoint,Centre-Ouest,sample_02216,3,2022-12-27
region_day_disjoint,Centre-Ouest,sample_02217,3,2022-12-27
region_day_disjoint,Centre-Ouest,sample_02218,3,2022-12-27
region_day_disjoint,Centre-Ouest,sample_02219,3,2022-12-27
region_day_disjoint,Centre-Ouest,sample_02220,3,2022-12-27
region_day_disjoint,Centre-Ouest,sample_02221,3,2022-12-27
region_day_disjoint,Centre-Ouest,sample_02222,3,2022-12-27
region_day_disjoint,Centre-Ouest,sample_02223,3,2022-12-27
region_day_disjoint,Centre-Ouest,sample_02224,3,2022-12-27
region_day_disjoint,Centre-Ouest,sample_02225,3,2022-12-27
region_day_disjoint,Centre-Ouest,sample_02226,3,2022-12-27
region_day_disjoint,Centre-Ouest,sample_02227,3,2022-12-27
region_day_disjoint,Centre-Ouest,sample_02229,3,2022-12-27
region_day_disjoint,Centre-Ouest,sample_02230,3,2022-12-27
region_day_disjoint,Centre-Ouest,sample_02231,3,2022-12-27
region_day_disjoint,Centre-Ouest,sample_02243,3,2023-01-05
region_day_disjoint,Centre-Ouest,sample_02244,3,2023-01-05
region_day_disjoint,Centre-Ouest,sample_02246,3,2023-01-05
region_day_disjoint,Centre-Ouest,sample_02247,3,2023-01-05
region_day_disjoint,Centre-Ouest,sample_02248,3,2023-01-05
region_day_disjoint,Centre-Ouest,sample_02249,3,2023-01-05
region_day_disjoint,Centre-Ouest,sample_02250,3,2023-01-05
region_day_disjoint,Centre-Ouest,sample_00875,4,2022-08-08
region_day_disjoint,Centre-Ouest,sample_00876,4,2022-08-08
region_day_disjoint,Centre-Ouest,sample_00877,4,2022-08-08
region_day_disjoint,Centre-Ouest,sample_00878,4,2022-08-08
region_day_disjoint,Centre-Ouest,sample_00879,4,2022-08-08
region_day_disjoint,Centre-Ouest,sample_00880,4,2022-08-08
region_day_disjoint,Centre-Ouest,sample_00881,4,2022-08-08
region_day_disjoint,Centre-Ouest,sample_00882,4,2022-08-09
region_day_disjoint,Centre-Ouest,sample_00883,4,2022-08-09
region_day_disjoint,Centre-Ouest,sample_00884,4,2022-08-09
region_day_disjoint,Centre-Ouest,sample_00885,4,2022-08-09
region_day_disjoint,Centre-Ouest,sample_00886,4,2022-08-09
region_day_disjoint,Centre-Ouest,sample_00887,4,2022-08-09
region_day_disjoint,Centre-Ouest,sample_00888,4,2022-08-09
region_day_disjoint,Centre-Ouest,sample_00889,4,2022-08-09
region_day_disjoint,Centre-Ouest,sample_00890,4,2022-08-09
region_day_disjoint,Centre-Ouest,sample_00891,4,2022-08-09
region_day_disjoint,Centre-Ouest,sample_00892,4,2022-08-09
region_day_disjoint,Centre-Ouest,sample_00893,4,2022-08-09
region_day_disjoint,Centre-Ouest,sample_00894,4,2022-08-09
region_day_disjoint,Centre-Ouest,sample_00895,4,2022-08-09
region_day_disjoint,Centre-Ouest,sample_00896,4,2022-08-09
region_day_disjoint,Centre-Ouest,sample_00897,4,2022-08-09
region_day_disjoint,Centre-Ouest,sample_00898,4,2022-08-09
region_day_disjoint,Centre-Ouest,sample_01110,4,2022-08-22
region_day_disjoint,Centre-Ouest,sample_01111,4,2022-08-22
region_day_disjoint,Centre-Ouest,sample_01112,4,2022-08-22
region_day_disjoint,Centre-Ouest,sample_01113,4,2022-08-22
region_day_disjoint,Centre-Ouest,sample_01114,4,2022-08-22
region_day_disjoint,Centre-Ouest,sample_01115,4,2022-08-22
region_day_disjoint,Centre-Ouest,sample_01116,4,2022-08-22
region_day_disjoint,Centre-Ouest,sample_01117,4,2022-08-22
region_day_disjoint,Centre-Ouest,sample_01798,4,2022-11-16
region_day_disjoint,Centre-Ouest,sample_01799,4,2022-11-16
region_day_disjoint,Centre-Ouest,sample_01800,4,2022-11-16
region_day_disjoint,Centre-Ouest,sample_01801,4,2022-11-16
region_day_disjoint,Centre-Ouest,sample_01802,4,2022-11-16
region_day_disjoint,Centre-Ouest,sample_01803,4,2022-11-16
region_day_disjoint,Centre-Ouest,sample_01804,4,2022-11-16
region_day_disjoint,Centre-Ouest,sample_01805,4,2022-11-16
region_day_disjoint,Centre-Ouest,sample_01806,4,2022-11-16
region_day_disjoint,Centre-Ouest,sample_01807,4,2022-11-16
region_day_disjoint,Centre-Ouest,sample_01808,4,2022-11-16
region_day_disjoint,Centre-Ouest,sample_01809,4,2022-11-16
region_day_disjoint,Centre-Ouest,sample_01810,4,2022-11-16
region_day_disjoint,Centre-Ouest,sample_01811,4,2022-11-16
region_day_disjoint,Centre-Ouest,sample_01812,4,2022-11-16
region_day_disjoint,Centre-Ouest,sample_01813,4,2022-11-16
region_day_disjoint,Centre-Ouest,sample_01814,4,2022-11-16
region_day_disjoint,Centre-Ouest,sample_01815,4,2022-11-16
region_day_disjoint,Centre-Ouest,sample_01816,4,2022-11-16
region_day_disjoint,Centre-Ouest,sample_02290,4,2023-01-18
region_day_disjoint,Centre-Ouest,sample_02291,4,2023-01-18
region_day_disjoint,Centre-Ouest,sample_02292,4,2023-01-18
region_day_disjoint,Centre-Ouest,sample_02293,4,2023-01-18
region_day_disjoint,Centre-Ouest,sample_02294,4,2023-01-18
region_day_disjoint,Centre-Ouest,sample_02295,4,2023-01-18
region_day_disjoint,Centre-Ouest,sample_02296,4,2023-01-18
region_day_disjoint,Centre-Ouest,sample_02297,4,2023-01-18
region_day_disjoint,Centre-Ouest,sample_02298,4,2023-01-18
region_day_disjoint,Centre-Ouest,sample_02299,4,2023-01-18
region_day_disjoint,Centre-Ouest,sample_02300,4,2023-01-18
region_day_disjoint,Centre-Ouest,sample_02301,4,2023-01-18
region_day_disjoint,Centre-Ouest,sample_02302,4,2023-01-18
region_day_disjoint,Centre-Ouest,sample_02303,4,2023-01-18
region_day_disjoint,Centre-Ouest,sample_02304,4,2023-01-18
region_day_disjoint,Centre-Ouest,sample_02305,4,2023-01-18
region_day_disjoint,Centre-Ouest,sample_02306,4,2023-01-18
region_day_disjoint,Centre-Sud,sample_00832,0,2022-08-05
region_day_disjoint,Centre-Sud,sample_00833,0,2022-08-05
region_day_disjoint,Centre-Sud,sample_00834,0,2022-08-05
region_day_disjoint,Centre-Sud,sample_00835,0,2022-08-05
region_day_disjoint,Centre-Sud,sample_00836,0,2022-08-05
region_day_disjoint,Centre-Sud,sample_00837,0,2022-08-05
region_day_disjoint,Centre-Sud,sample_00838,0,2022-08-05
region_day_disjoint,Centre-Sud,sample_00839,0,2022-08-05
region_day_disjoint,Centre-Sud,sample_00840,0,2022-08-05
region_day_disjoint,Centre-Sud,sample_00841,0,2022-08-05
region_day_disjoint,Centre-Sud,sample_00842,0,2022-08-05
region_day_disjoint,Centre-Sud,sample_00843,0,2022-08-05
region_day_disjoint,Centre-Sud,sample_00844,0,2022-08-05
region_day_disjoint,Centre-Sud,sample_00845,0,2022-08-05
region_day_disjoint,Centre-Sud,sample_00846,0,2022-08-05
region_day_disjoint,Centre-Sud,sample_00847,0,2022-08-05
region_day_disjoint,Centre-Sud,sample_00848,0,2022-08-05
region_day_disjoint,Centre-Sud,sample_00849,0,2022-08-05
region_day_disjoint,Centre-Sud,sample_00982,0,2022-08-17
region_day_disjoint,Centre-Sud,sample_00984,0,2022-08-17
region_day_disjoint,Centre-Sud,sample_00985,0,2022-08-17
region_day_disjoint,Centre-Sud,sample_00986,0,2022-08-17
region_day_disjoint,Centre-Sud,sample_00987,0,2022-08-17
region_day_disjoint,Centre-Sud,sample_00988,0,2022-08-17
region_day_disjoint,Centre-Sud,sample_00989,0,2022-08-17
region_day_disjoint,Centre-Sud,sample_00990,0,2022-08-17
region_day_disjoint,Centre-Sud,sample_00991,0,2022-08-17
region_day_disjoint,Centre-Sud,sample_00992,0,2022-08-17
region_day_disjoint,Centre-Sud,sample_00993,0,2022-08-17
region_day_disjoint,Centre-Sud,sample_00994,0,2022-08-17
region_day_disjoint,Centre-Sud,sample_00995,0,2022-08-17
region_day_disjoint,Centre-Sud,sample_00996,0,2022-08-17
region_day_disjoint,Centre-Sud,sample_00997,0,2022-08-17
region_day_disjoint,Centre-Sud,sample_00998,0,2022-08-17
region_day_disjoint,Centre-Sud,sample_00999,0,2022-08-17
region_day_disjoint,Centre-Sud,sample_01000,0,2022-08-17
region_day_disjoint,Centre-Sud,sample_01001,0,2022-08-17
region_day_disjoint,Centre-Sud,sample_01002,0,2022-08-17
region_day_disjoint,Centre-Sud,sample_01003,0,2022-08-17
region_day_disjoint,Centre-Sud,sample_01004,0,2022-08-17
region_day_disjoint,Centre-Sud,sample_01005,0,2022-08-17
region_day_disjoint,Centre-Sud,sample_01006,0,2022-08-17
region_day_disjoint,Centre-Sud,sample_01007,0,2022-08-17
region_day_disjoint,Centre-Sud,sample_01008,0,2022-08-17
region_day_disjoint,Centre-Sud,sample_01009,0,2022-08-17
region_day_disjoint,Centre-Sud,sample_01010,0,2022-08-17
region_day_disjoint,Centre-Sud,sample_01011,0,2022-08-17
region_day_disjoint,Centre-Sud,sample_01012,0,2022-08-17
region_day_disjoint,Centre-Sud,sample_01013,0,2022-08-17
region_day_disjoint,Centre-Sud,sample_01014,0,2022-08-17
region_day_disjoint,Centre-Sud,sample_01015,0,2022-08-17
region_day_disjoint,Centre-Sud,sample_01016,0,2022-08-17
region_day_disjoint,Centre-Sud,sample_01017,0,2022-08-17
region_day_disjoint,Centre-Sud,sample_01018,0,2022-08-17
region_day_disjoint,Centre-Sud,sample_01019,0,2022-08-17
region_day_disjoint,Centre-Sud,sample_01020,0,2022-08-17
region_day_disjoint,Centre-Sud,sample_01021,0,2022-08-17
region_day_disjoint,Centre-Sud,sample_01022,0,2022-08-17
region_day_disjoint,Centre-Sud,sample_01023,0,2022-08-18
region_day_disjoint,Centre-Sud,sample_01024,0,2022-08-18
region_day_disjoint,Centre-Sud,sample_01025,0,2022-08-18
region_day_disjoint,Centre-Sud,sample_01026,0,2022-08-18
region_day_disjoint,Centre-Sud,sample_01027,0,2022-08-18
region_day_disjoint,Centre-Sud,sample_01028,0,2022-08-18
region_day_disjoint,Centre-Sud,sample_01029,0,2022-08-18
region_day_disjoint,Centre-Sud,sample_01030,0,2022-08-18
region_day_disjoint,Centre-Sud,sample_01031,0,2022-08-18
region_day_disjoint,Centre-Sud,sample_01032,0,2022-08-18
region_day_disjoint,Centre-Sud,sample_01033,0,2022-08-18
region_day_disjoint,Centre-Sud,sample_01034,0,2022-08-18
region_day_disjoint,Centre-Sud,sample_01035,0,2022-08-18
region_day_disjoint,Centre-Sud,sample_01036,0,2022-08-18
region_day_disjoint,Centre-Sud,sample_01037,0,2022-08-18
region_day_disjoint,Centre-Sud,sample_01038,0,2022-08-18
region_day_disjoint,Centre-Sud,sample_01039,0,2022-08-18
region_day_disjoint,Centre-Sud,sample_01040,0,2022-08-18
region_day_disjoint,Centre-Sud,sample_01041,0,2022-08-18
region_day_disjoint,Centre-Sud,sample_01042,0,2022-08-18
region_day_disjoint,Centre-Sud,sample_01043,0,2022-08-18
region_day_disjoint,Centre-Sud,sample_01044,0,2022-08-18
region_day_disjoint,Centre-Sud,sample_01045,0,2022-08-18
region_day_disjoint,Centre-Sud,sample_01046,0,2022-08-18
region_day_disjoint,Centre-Sud,sample_01047,0,2022-08-18
region_day_disjoint,Centre-Sud,sample_01048,0,2022-08-18
region_day_disjoint,Centre-Sud,sample_01049,0,2022-08-18
region_day_disjoint,Centre-Sud,sample_01050,0,2022-08-18
region_day_disjoint,Centre-Sud,sample_01051,0,2022-08-18
region_day_disjoint,Centre-Sud,sample_01052,0,2022-08-18
region_day_disjoint,Centre-Sud,sample_01053,0,2022-08-18
region_day_disjoint,Centre-Sud,sample_01054,0,2022-08-18
region_day_disjoint,Centre-Sud,sample_01055,0,2022-08-18
region_day_disjoint,Centre-Sud,sample_01056,0,2022-08-18
region_day_disjoint,Centre-Sud,sample_01057,0,2022-08-18
region_day_disjoint,Centre-Sud,sample_01058,0,2022-08-18
region_day_disjoint,Centre-Sud,sample_01059,0,2022-08-18
region_day_disjoint,Centre-Sud,sample_01060,0,2022-08-18
region_day_disjoint,Centre-Sud,sample_01061,0,2022-08-18
region_day_disjoint,Centre-Sud,sample_01062,0,2022-08-18
region_day_disjoint,Centre-Sud,sample_01063,0,2022-08-18
region_day_disjoint,Centre-Sud,sample_01064,0,2022-08-18
region_day_disjoint,Centre-Sud,sample_01065,0,2022-08-18
region_day_disjoint,Centre-Sud,sample_01066,0,2022-08-18
region_day_disjoint,Centre-Sud,sample_01067,0,2022-08-18
region_day_disjoint,Centre-Sud,sample_01068,0,2022-08-18
region_day_disjoint,Centre-Sud,sample_01069,0,2022-08-18
region_day_disjoint,Centre-Sud,sample_01070,0,2022-08-18
region_day_disjoint,Centre-Sud,sample_01071,0,2022-08-18
region_day_disjoint,Centre-Sud,sample_01072,0,2022-08-18
region_day_disjoint,Centre-Sud,sample_01073,0,2022-08-18
region_day_disjoint,Centre-Sud,sample_01074,0,2022-08-18
region_day_disjoint,Centre-Sud,sample_01075,0,2022-08-18
region_day_disjoint,Centre-Sud,sample_01076,0,2022-08-18
region_day_disjoint,Centre-Sud,sample_01077,0,2022-08-18
region_day_disjoint,Centre-Sud,sample_01078,0,2022-08-18
region_day_disjoint,Centre-Sud,sample_01079,0,2022-08-18
region_day_disjoint,Centre-Sud,sample_01080,0,2022-08-18
region_day_disjoint,Centre-Sud,sample_01081,0,2022-08-18
region_day_disjoint,Centre-Sud,sample_01082,0,2022-08-18
region_day_disjoint,Centre-Sud,sample_01083,0,2022-08-18
region_day_disjoint,Centre-Sud,sample_01084,0,2022-08-18
region_day_disjoint,Centre-Sud,sample_01085,0,2022-08-18
region_day_disjoint,Centre-Sud,sample_01086,0,2022-08-18
region_day_disjoint,Centre-Sud,sample_01087,0,2022-08-18
region_day_disjoint,Centre-Sud,sample_01088,0,2022-08-18
region_day_disjoint,Centre-Sud,sample_01089,0,2022-08-18
region_day_disjoint,Centre-Sud,sample_01090,0,2022-08-18
region_day_disjoint,Centre-Sud,sample_01091,0,2022-08-18
region_day_disjoint,Centre-Sud,sample_01092,0,2022-08-18
region_day_disjoint,Centre-Sud,sample_01093,0,2022-08-18
region_day_disjoint,Centre-Sud,sample_01094,0,2022-08-18
region_day_disjoint,Centre-Sud,sample_01095,0,2022-08-18
region_day_disjoint,Centre-Sud,sample_01096,0,2022-08-18
region_day_disjoint,Centre-Sud,sample_01097,0,2022-08-18
region_day_disjoint,Centre-Sud,sample_01098,0,2022-08-18
region_day_disjoint,Centre-Sud,sample_01099,0,2022-08-18
region_day_disjoint,Centre-Sud,sample_01100,0,2022-08-18
region_day_disjoint,Centre-Sud,sample_01101,0,2022-08-18
region_day_disjoint,Centre-Sud,sample_01102,0,2022-08-18
region_day_disjoint,Centre-Sud,sample_01103,0,2022-08-18
region_day_disjoint,Centre-Sud,sample_01104,0,2022-08-18
region_day_disjoint,Centre-Sud,sample_01105,0,2022-08-18
region_day_disjoint,Centre-Sud,sample_01106,0,2022-08-18
region_day_disjoint,Centre-Sud,sample_01107,0,2022-08-18
region_day_disjoint,Centre-Sud,sample_01108,0,2022-08-18
region_day_disjoint,Centre-Sud,sample_01451,0,2022-10-24
region_day_disjoint,Centre-Sud,sample_01452,0,2022-10-24
region_day_disjoint,Centre-Sud,sample_01453,0,2022-10-24
region_day_disjoint,Centre-Sud,sample_02425,0,2023-02-08
region_day_disjoint,Centre-Sud,sample_02426,0,2023-02-08
region_day_disjoint,Centre-Sud,sample_02427,0,2023-02-08
region_day_disjoint,Centre-Sud,sample_02428,0,2023-02-08
region_day_disjoint,Centre-Sud,sample_02429,0,2023-02-08
region_day_disjoint,Centre-Sud,sample_02621,0,2023-03-02
region_day_disjoint,Centre-Sud,sample_02622,0,2023-03-02
region_day_disjoint,Centre-Sud,sample_02623,0,2023-03-02
region_day_disjoint,Centre-Sud,sample_02625,0,2023-03-02
region_day_disjoint,Centre-Sud,sample_02626,0,2023-03-02
region_day_disjoint,Centre-Sud,sample_02628,0,2023-03-02
region_day_disjoint,Centre-Sud,sample_02632,0,2023-03-02
region_day_disjoint,Centre-Sud,sample_02636,0,2023-03-02
region_day_disjoint,Centre-Sud,sample_02637,0,2023-03-02
region_day_disjoint,Centre-Sud,sample_02638,0,2023-03-02
region_day_disjoint,Centre-Sud,sample_02643,0,2023-03-02
region_day_disjoint,Centre-Sud,sample_02646,0,2023-03-02
region_day_disjoint,Centre-Sud,sample_02647,0,2023-03-02
region_day_disjoint,Centre-Sud,sample_02924,0,2023-03-21
region_day_disjoint,Centre-Sud,sample_02925,0,2023-03-21
region_day_disjoint,Centre-Sud,sample_02927,0,2023-03-21
region_day_disjoint,Centre-Sud,sample_02928,0,2023-03-21
region_day_disjoint,Centre-Sud,sample_02930,0,2023-03-21
region_day_disjoint,Centre-Sud,sample_02931,0,2023-03-21
region_day_disjoint,Centre-Sud,sample_02933,0,2023-03-21
region_day_disjoint,Centre-Sud,sample_02935,0,2023-03-21
region_day_disjoint,Centre-Sud,sample_02936,0,2023-03-21
region_day_disjoint,Centre-Sud,sample_02937,0,2023-03-21
region_day_disjoint,Centre-Sud,sample_02939,0,2023-03-21
region_day_disjoint,Centre-Sud,sample_03035,0,2023-03-30
region_day_disjoint,Centre-Sud,sample_03036,0,2023-03-30
region_day_disjoint,Centre-Sud,sample_03038,0,2023-03-30
region_day_disjoint,Centre-Sud,sample_03039,0,2023-03-30
region_day_disjoint,Centre-Sud,sample_03040,0,2023-03-30
region_day_disjoint,Centre-Sud,sample_03044,0,2023-04-03
region_day_disjoint,Centre-Sud,sample_03048,0,2023-04-03
region_day_disjoint,Centre-Sud,sample_03050,0,2023-04-03
region_day_disjoint,Centre-Sud,sample_00899,1,2022-08-10
region_day_disjoint,Centre-Sud,sample_00900,1,2022-08-10
region_day_disjoint,Centre-Sud,sample_00901,1,2022-08-10
region_day_disjoint,Centre-Sud,sample_00902,1,2022-08-10
region_day_disjoint,Centre-Sud,sample_00903,1,2022-08-10
region_day_disjoint,Centre-Sud,sample_00904,1,2022-08-10
region_day_disjoint,Centre-Sud,sample_00905,1,2022-08-10
region_day_disjoint,Centre-Sud,sample_00906,1,2022-08-10
region_day_disjoint,Centre-Sud,sample_00907,1,2022-08-10
region_day_disjoint,Centre-Sud,sample_00908,1,2022-08-10
region_day_disjoint,Centre-Sud,sample_00909,1,2022-08-10
region_day_disjoint,Centre-Sud,sample_00910,1,2022-08-10
region_day_disjoint,Centre-Sud,sample_00911,1,2022-08-10
region_day_disjoint,Centre-Sud,sample_00912,1,2022-08-10
region_day_disjoint,Centre-Sud,sample_00913,1,2022-08-10
region_day_disjoint,Centre-Sud,sample_00914,1,2022-08-10
region_day_disjoint,Centre-Sud,sample_00915,1,2022-08-10
region_day_disjoint,Centre-Sud,sample_00916,1,2022-08-10
region_day_disjoint,Centre-Sud,sample_00917,1,2022-08-10
region_day_disjoint,Centre-Sud,sample_00918,1,2022-08-10
region_day_disjoint,Centre-Sud,sample_00919,1,2022-08-10
region_day_disjoint,Centre-Sud,sample_00920,1,2022-08-10
region_day_disjoint,Centre-Sud,sample_00921,1,2022-08-10
region_day_disjoint,Centre-Sud,sample_00922,1,2022-08-10
region_day_disjoint,Centre-Sud,sample_00923,1,2022-08-10
region_day_disjoint,Centre-Sud,sample_00924,1,2022-08-10
region_day_disjoint,Centre-Sud,sample_00925,1,2022-08-10
region_day_disjoint,Centre-Sud,sample_00926,1,2022-08-10
region_day_disjoint,Centre-Sud,sample_00927,1,2022-08-10
region_day_disjoint,Centre-Sud,sample_00928,1,2022-08-10
region_day_disjoint,Centre-Sud,sample_00929,1,2022-08-10
region_day_disjoint,Centre-Sud,sample_00930,1,2022-08-10
region_day_disjoint,Centre-Sud,sample_00931,1,2022-08-10
region_day_disjoint,Centre-Sud,sample_00932,1,2022-08-10
region_day_disjoint,Centre-Sud,sample_00933,1,2022-08-10
region_day_disjoint,Centre-Sud,sample_00934,1,2022-08-10
region_day_disjoint,Centre-Sud,sample_00935,1,2022-08-10
region_day_disjoint,Centre-Sud,sample_00936,1,2022-08-10
region_day_disjoint,Centre-Sud,sample_00937,1,2022-08-10
region_day_disjoint,Centre-Sud,sample_00938,1,2022-08-10
region_day_disjoint,Centre-Sud,sample_00939,1,2022-08-10
region_day_disjoint,Centre-Sud,sample_00940,1,2022-08-10
region_day_disjoint,Centre-Sud,sample_00941,1,2022-08-10
region_day_disjoint,Centre-Sud,sample_00942,1,2022-08-10
region_day_disjoint,Centre-Sud,sample_00943,1,2022-08-10
region_day_disjoint,Centre-Sud,sample_00944,1,2022-08-10
region_day_disjoint,Centre-Sud,sample_00945,1,2022-08-10
region_day_disjoint,Centre-Sud,sample_00946,1,2022-08-10
region_day_disjoint,Centre-Sud,sample_00947,1,2022-08-10
region_day_disjoint,Centre-Sud,sample_00948,1,2022-08-10
region_day_disjoint,Centre-Sud,sample_00949,1,2022-08-10
region_day_disjoint,Centre-Sud,sample_00950,1,2022-08-10
region_day_disjoint,Centre-Sud,sample_00951,1,2022-08-10
region_day_disjoint,Centre-Sud,sample_00952,1,2022-08-10
region_day_disjoint,Centre-Sud,sample_00953,1,2022-08-10
region_day_disjoint,Centre-Sud,sample_00954,1,2022-08-10
region_day_disjoint,Centre-Sud,sample_00955,1,2022-08-10
region_day_disjoint,Centre-Sud,sample_00956,1,2022-08-10
region_day_disjoint,Centre-Sud,sample_00957,1,2022-08-10
region_day_disjoint,Centre-Sud,sample_00958,1,2022-08-10
region_day_disjoint,Centre-Sud,sample_00959,1,2022-08-10
region_day_disjoint,Centre-Sud,sample_00960,1,2022-08-10
region_day_disjoint,Centre-Sud,sample_00961,1,2022-08-10
region_day_disjoint,Centre-Sud,sample_00962,1,2022-08-10
region_day_disjoint,Centre-Sud,sample_00963,1,2022-08-10
region_day_disjoint,Centre-Sud,sample_00964,1,2022-08-10
region_day_disjoint,Centre-Sud,sample_00965,1,2022-08-10
region_day_disjoint,Centre-Sud,sample_00966,1,2022-08-10
region_day_disjoint,Centre-Sud,sample_00967,1,2022-08-10
region_day_disjoint,Centre-Sud,sample_00968,1,2022-08-10
region_day_disjoint,Centre-Sud,sample_00969,1,2022-08-10
region_day_disjoint,Centre-Sud,sample_00970,1,2022-08-11
region_day_disjoint,Centre-Sud,sample_00971,1,2022-08-11
region_day_disjoint,Centre-Sud,sample_00972,1,2022-08-11
region_day_disjoint,Centre-Sud,sample_00973,1,2022-08-11
region_day_disjoint,Centre-Sud,sample_00974,1,2022-08-11
region_day_disjoint,Centre-Sud,sample_00975,1,2022-08-11
region_day_disjoint,Centre-Sud,sample_00976,1,2022-08-11
region_day_disjoint,Centre-Sud,sample_00977,1,2022-08-11
region_day_disjoint,Centre-Sud,sample_00978,1,2022-08-11
region_day_disjoint,Centre-Sud,sample_00979,1,2022-08-11
region_day_disjoint,Centre-Sud,sample_00980,1,2022-08-11
region_day_disjoint,Centre-Sud,sample_00981,1,2022-08-11
region_day_disjoint,Centre-Sud,sample_01427,1,2022-10-21
region_day_disjoint,Centre-Sud,sample_01429,1,2022-10-21
region_day_disjoint,Centre-Sud,sample_01430,1,2022-10-21
region_day_disjoint,Centre-Sud,sample_01437,1,2022-10-21
region_day_disjoint,Centre-Sud,sample_01441,1,2022-10-21
region_day_disjoint,Centre-Sud,sample_01443,1,2022-10-21
region_day_disjoint,Centre-Sud,sample_01444,1,2022-10-21
region_day_disjoint,Centre-Sud,sample_01454,1,2022-10-25
region_day_disjoint,Centre-Sud,sample_01455,1,2022-10-25
region_day_disjoint,Centre-Sud,sample_01456,1,2022-10-25
region_day_disjoint,Centre-Sud,sample_01541,1,2022-10-27
region_day_disjoint,Centre-Sud,sample_01543,1,2022-10-27
region_day_disjoint,Centre-Sud,sample_01545,1,2022-10-27
region_day_disjoint,Centre-Sud,sample_01547,1,2022-10-27
region_day_disjoint,Centre-Sud,sample_01553,1,2022-10-27
region_day_disjoint,Centre-Sud,sample_01563,1,2022-10-27
region_day_disjoint,Centre-Sud,sample_01566,1,2022-10-27
region_day_disjoint,Centre-Sud,sample_01567,1,2022-10-27
region_day_disjoint,Centre-Sud,sample_01795,1,2022-11-15
region_day_disjoint,Centre-Sud,sample_01796,1,2022-11-15
region_day_disjoint,Centre-Sud,sample_01797,1,2022-11-15
region_day_disjoint,Centre-Sud,sample_01798,1,2022-11-16
region_day_disjoint,Centre-Sud,sample_01799,1,2022-11-16
region_day_disjoint,Centre-Sud,sample_01800,1,2022-11-16
region_day_disjoint,Centre-Sud,sample_01801,1,2022-11-16
region_day_disjoint,Centre-Sud,sample_01802,1,2022-11-16
region_day_disjoint,Centre-Sud,sample_01803,1,2022-11-16
region_day_disjoint,Centre-Sud,sample_01804,1,2022-11-16
region_day_disjoint,Centre-Sud,sample_01805,1,2022-11-16
region_day_disjoint,Centre-Sud,sample_01806,1,2022-11-16
region_day_disjoint,Centre-Sud,sample_01807,1,2022-11-16
region_day_disjoint,Centre-Sud,sample_01808,1,2022-11-16
region_day_disjoint,Centre-Sud,sample_01809,1,2022-11-16
region_day_disjoint,Centre-Sud,sample_01810,1,2022-11-16
region_day_disjoint,Centre-Sud,sample_01811,1,2022-11-16
region_day_disjoint,Centre-Sud,sample_01812,1,2022-11-16
region_day_disjoint,Centre-Sud,sample_01813,1,2022-11-16
region_day_disjoint,Centre-Sud,sample_01814,1,2022-11-16
region_day_disjoint,Centre-Sud,sample_01815,1,2022-11-16
region_day_disjoint,Centre-Sud,sample_01816,1,2022-11-16
region_day_disjoint,Centre-Sud,sample_01907,1,2022-11-18
region_day_disjoint,Centre-Sud,sample_01978,1,2022-11-18
region_day_disjoint,Centre-Sud,sample_02127,1,2022-11-25
region_day_disjoint,Centre-Sud,sample_02131,1,2022-11-29
region_day_disjoint,Centre-Sud,sample_02132,1,2022-11-29
region_day_disjoint,Centre-Sud,sample_02133,1,2022-11-29
region_day_disjoint,Centre-Sud,sample_02449,1,2023-02-15
region_day_disjoint,Centre-Sud,sample_02450,1,2023-02-15
region_day_disjoint,Centre-Sud,sample_02451,1,2023-02-15
region_day_disjoint,Centre-Sud,sample_02452,1,2023-02-15
region_day_disjoint,Centre-Sud,sample_02453,1,2023-02-15
region_day_disjoint,Centre-Sud,sample_02454,1,2023-02-15
region_day_disjoint,Centre-Sud,sample_02455,1,2023-02-15
region_day_disjoint,Centre-Sud,sample_02458,1,2023-02-15
region_day_disjoint,Centre-Sud,sample_02472,1,2023-02-20
region_day_disjoint,Centre-Sud,sample_02473,1,2023-02-20
region_day_disjoint,Centre-Sud,sample_02595,1,2023-02-28
region_day_disjoint,Centre-Sud,sample_02597,1,2023-02-28
region_day_disjoint,Centre-Sud,sample_02598,1,2023-02-28
region_day_disjoint,Centre-Sud,sample_02599,1,2023-02-28
region_day_disjoint,Centre-Sud,sample_02603,1,2023-02-28
region_day_disjoint,Centre-Sud,sample_02605,1,2023-02-28
region_day_disjoint,Centre-Sud,sample_02608,1,2023-02-28
region_day_disjoint,Centre-Sud,sample_02609,1,2023-02-28
region_day_disjoint,Centre-Sud,sample_02653,1,2023-03-04
region_day_disjoint,Centre-Sud,sample_02654,1,2023-03-04
region_day_disjoint,Centre-Sud,sample_02655,1,2023-03-04
region_day_disjoint,Centre-Sud,sample_02657,1,2023-03-04
region_day_disjoint,Centre-Sud,sample_02658,1,2023-03-04
region_day_disjoint,Centre-Sud,sample_02659,1,2023-03-04
region_day_disjoint,Centre-Sud,sample_02660,1,2023-03-04
region_day_disjoint,Centre-Sud,sample_02661,1,2023-03-04
region_day_disjoint,Centre-Sud,sample_02665,1,2023-03-04
region_day_disjoint,Centre-Sud,sample_02666,1,2023-03-04
region_day_disjoint,Centre-Sud,sample_02667,1,2023-03-04
region_day_disjoint,Centre-Sud,sample_02669,1,2023-03-04
region_day_disjoint,Centre-Sud,sample_02895,1,2023-03-15
region_day_disjoint,Centre-Sud,sample_02896,1,2023-03-15
region_day_disjoint,Centre-Sud,sample_02897,1,2023-03-15
region_day_disjoint,Centre-Sud,sample_02898,1,2023-03-15
region_day_disjoint,Centre-Sud,sample_02899,1,2023-03-15
region_day_disjoint,Centre-Sud,sample_02900,1,2023-03-15
region_day_disjoint,Centre-Sud,sample_00875,2,2022-08-08
region_day_disjoint,Centre-Sud,sample_00876,2,2022-08-08
region_day_disjoint,Centre-Sud,sample_00877,2,2022-08-08
region_day_disjoint,Centre-Sud,sample_00878,2,2022-08-08
region_day_disjoint,Centre-Sud,sample_00879,2,2022-08-08
region_day_disjoint,Centre-Sud,sample_00880,2,2022-08-08
region_day_disjoint,Centre-Sud,sample_00881,2,2022-08-08
region_day_disjoint,Centre-Sud,sample_00882,2,2022-08-09
region_day_disjoint,Centre-Sud,sample_00883,2,2022-08-09
region_day_disjoint,Centre-Sud,sample_00884,2,2022-08-09
region_day_disjoint,Centre-Sud,sample_00885,2,2022-08-09
region_day_disjoint,Centre-Sud,sample_00886,2,2022-08-09
region_day_disjoint,Centre-Sud,sample_00887,2,2022-08-09
region_day_disjoint,Centre-Sud,sample_00888,2,2022-08-09
region_day_disjoint,Centre-Sud,sample_00889,2,2022-08-09
region_day_disjoint,Centre-Sud,sample_00890,2,2022-08-09
region_day_disjoint,Centre-Sud,sample_00891,2,2022-08-09
region_day_disjoint,Centre-Sud,sample_00892,2,2022-08-09
region_day_disjoint,Centre-Sud,sample_00893,2,2022-08-09
region_day_disjoint,Centre-Sud,sample_00894,2,2022-08-09
region_day_disjoint,Centre-Sud,sample_00895,2,2022-08-09
region_day_disjoint,Centre-Sud,sample_00896,2,2022-08-09
region_day_disjoint,Centre-Sud,sample_00897,2,2022-08-09
region_day_disjoint,Centre-Sud,sample_00898,2,2022-08-09
region_day_disjoint,Centre-Sud,sample_01123,2,2022-08-24
region_day_disjoint,Centre-Sud,sample_01124,2,2022-08-24
region_day_disjoint,Centre-Sud,sample_01125,2,2022-08-24
region_day_disjoint,Centre-Sud,sample_01126,2,2022-08-24
region_day_disjoint,Centre-Sud,sample_01127,2,2022-08-24
region_day_disjoint,Centre-Sud,sample_01128,2,2022-08-24
region_day_disjoint,Centre-Sud,sample_01129,2,2022-08-24
region_day_disjoint,Centre-Sud,sample_01130,2,2022-08-24
region_day_disjoint,Centre-Sud,sample_01131,2,2022-08-24
region_day_disjoint,Centre-Sud,sample_01133,2,2022-08-24
region_day_disjoint,Centre-Sud,sample_01134,2,2022-08-24
region_day_disjoint,Centre-Sud,sample_01135,2,2022-08-24
region_day_disjoint,Centre-Sud,sample_01136,2,2022-08-24
region_day_disjoint,Centre-Sud,sample_01137,2,2022-08-24
region_day_disjoint,Centre-Sud,sample_01138,2,2022-08-24
region_day_disjoint,Centre-Sud,sample_01139,2,2022-08-24
region_day_disjoint,Centre-Sud,sample_01140,2,2022-08-24
region_day_disjoint,Centre-Sud,sample_01142,2,2022-08-24
region_day_disjoint,Centre-Sud,sample_01143,2,2022-08-24
region_day_disjoint,Centre-Sud,sample_01144,2,2022-08-24
region_day_disjoint,Centre-Sud,sample_01279,2,2022-08-31
region_day_disjoint,Centre-Sud,sample_01280,2,2022-08-31
region_day_disjoint,Centre-Sud,sample_01281,2,2022-08-31
region_day_disjoint,Centre-Sud,sample_01282,2,2022-08-31
region_day_disjoint,Centre-Sud,sample_01283,2,2022-08-31
region_day_disjoint,Centre-Sud,sample_01284,2,2022-08-31
region_day_disjoint,Centre-Sud,sample_01285,2,2022-08-31
region_day_disjoint,Centre-Sud,sample_01286,2,2022-08-31
region_day_disjoint,Centre-Sud,sample_01287,2,2022-08-31
region_day_disjoint,Centre-Sud,sample_01288,2,2022-08-31
region_day_disjoint,Centre-Sud,sample_01289,2,2022-08-31
region_day_disjoint,Centre-Sud,sample_01290,2,2022-08-31
region_day_disjoint,Centre-Sud,sample_01291,2,2022-08-31
region_day_disjoint,Centre-Sud,sample_01292,2,2022-08-31
region_day_disjoint,Centre-Sud,sample_01293,2,2022-08-31
region_day_disjoint,Centre-Sud,sample_01294,2,2022-08-31
region_day_disjoint,Centre-Sud,sample_01295,2,2022-08-31
region_day_disjoint,Centre-Sud,sample_01337,2,2022-09-06
region_day_disjoint,Centre-Sud,sample_01338,2,2022-10-19
region_day_disjoint,Centre-Sud,sample_01339,2,2022-10-19
region_day_disjoint,Centre-Sud,sample_01340,2,2022-10-19
region_day_disjoint,Centre-Sud,sample_01342,2,2022-10-19
region_day_disjoint,Centre-Sud,sample_01343,2,2022-10-19
region_day_disjoint,Centre-Sud,sample_01345,2,2022-10-19
region_day_disjoint,Centre-Sud,sample_01346,2,2022-10-19
region_day_disjoint,Centre-Sud,sample_01347,2,2022-10-19
region_day_disjoint,Centre-Sud,sample_01348,2,2022-10-19
region_day_disjoint,Centre-Sud,sample_01349,2,2022-10-19
region_day_disjoint,Centre-Sud,sample_01350,2,2022-10-19
region_day_disjoint,Centre-Sud,sample_01351,2,2022-10-19
region_day_disjoint,Centre-Sud,sample_01355,2,2022-10-19
region_day_disjoint,Centre-Sud,sample_01356,2,2022-10-19
region_day_disjoint,Centre-Sud,sample_01367,2,2022-10-19
region_day_disjoint,Centre-Sud,sample_01373,2,2022-10-19
region_day_disjoint,Centre-Sud,sample_01378,2,2022-10-19
region_day_disjoint,Centre-Sud,sample_01850,2,2022-11-17
region_day_disjoint,Centre-Sud,sample_02346,2,2023-01-25
region_day_disjoint,Centre-Sud,sample_02347,2,2023-01-25
region_day_disjoint,Centre-Sud,sample_02348,2,2023-01-25
region_day_disjoint,Centre-Sud,sample_02349,2,2023-01-25
region_day_disjoint,Centre-Sud,sample_02350,2,2023-01-25
region_day_disjoint,Centre-Sud,sample_02351,2,2023-01-25
region_day_disjoint,Centre-Sud,sample_02352,2,2023-01-25
region_day_disjoint,Centre-Sud,sample_02353,2,2023-01-25
region_day_disjoint,Centre-Sud,sample_02354,2,2023-01-25
region_day_disjoint,Centre-Sud,sample_02355,2,2023-01-25
region_day_disjoint,Centre-Sud,sample_02356,2,2023-01-25
region_day_disjoint,Centre-Sud,sample_02392,2,2023-02-06
region_day_disjoint,Centre-Sud,sample_02393,2,2023-02-06
region_day_disjoint,Centre-Sud,sample_02394,2,2023-02-06
region_day_disjoint,Centre-Sud,sample_02395,2,2023-02-06
region_day_disjoint,Centre-Sud,sample_02396,2,2023-02-06
region_day_disjoint,Centre-Sud,sample_02397,2,2023-02-06
region_day_disjoint,Centre-Sud,sample_02398,2,2023-02-06
region_day_disjoint,Centre-Sud,sample_02399,2,2023-02-06
region_day_disjoint,Centre-Sud,sample_02400,2,2023-02-06
region_day_disjoint,Centre-Sud,sample_02401,2,2023-02-06
region_day_disjoint,Centre-Sud,sample_02448,2,2023-02-14
region_day_disjoint,Centre-Sud,sample_02463,2,2023-02-16
region_day_disjoint,Centre-Sud,sample_02464,2,2023-02-16
region_day_disjoint,Centre-Sud,sample_02465,2,2023-02-16
region_day_disjoint,Centre-Sud,sample_02474,2,2023-02-21
region_day_disjoint,Centre-Sud,sample_02475,2,2023-02-21
region_day_disjoint,Centre-Sud,sample_02476,2,2023-02-21
region_day_disjoint,Centre-Sud,sample_02477,2,2023-02-21
region_day_disjoint,Centre-Sud,sample_03024,2,2023-03-29
region_day_disjoint,Centre-Sud,sample_03025,2,2023-03-29
region_day_disjoint,Centre-Sud,sample_03027,2,2023-03-29
region_day_disjoint,Centre-Sud,sample_03097,2,2023-04-12
region_day_disjoint,Centre-Sud,sample_03098,2,2023-04-12
region_day_disjoint,Centre-Sud,sample_03099,2,2023-04-12
region_day_disjoint,Centre-Sud,sample_03100,2,2023-04-12
region_day_disjoint,Centre-Sud,sample_03101,2,2023-04-12
region_day_disjoint,Centre-Sud,sample_03102,2,2023-04-12
region_day_disjoint,Centre-Sud,sample_03104,2,2023-04-12
region_day_disjoint,Centre-Sud,sample_03105,2,2023-04-12
region_day_disjoint,Centre-Sud,sample_03106,2,2023-04-12
region_day_disjoint,Centre-Sud,sample_03107,2,2023-04-12
region_day_disjoint,Centre-Sud,sample_03108,2,2023-04-12
region_day_disjoint,Centre-Sud,sample_03109,2,2023-04-12
region_day_disjoint,Centre-Sud,sample_03110,2,2023-04-12
region_day_disjoint,Centre-Sud,sample_03111,2,2023-04-12
region_day_disjoint,Centre-Sud,sample_03113,2,2023-04-12
region_day_disjoint,Centre-Sud,sample_03114,2,2023-04-12
region_day_disjoint,Centre-Sud,sample_03116,2,2023-04-12
region_day_disjoint,Centre-Sud,sample_03119,2,2023-04-12
region_day_disjoint,Centre-Sud,sample_03122,2,2023-04-12
region_day_disjoint,Centre-Sud,sample_03123,2,2023-04-12
region_day_disjoint,Centre-Sud,sample_03124,2,2023-04-12
region_day_disjoint,Centre-Sud,sample_03126,2,2023-04-12
region_day_disjoint,Centre-Sud,sample_03127,2,2023-04-12
region_day_disjoint,Centre-Sud,sample_03129,2,2023-04-12
region_day_disjoint,Centre-Sud,sample_03131,2,2023-04-12
region_day_disjoint,Centre-Sud,sample_03132,2,2023-04-12
region_day_disjoint,Centre-Sud,sample_03134,2,2023-04-12
region_day_disjoint,Centre-Sud,sample_03137,2,2023-04-12
region_day_disjoint,Centre-Sud,sample_03139,2,2023-04-12
region_day_disjoint,Centre-Sud,sample_03140,2,2023-04-12
region_day_disjoint,Centre-Sud,sample_03141,2,2023-04-12
region_day_disjoint,Centre-Sud,sample_03143,2,2023-04-12
region_day_disjoint,Centre-Sud,sample_03144,2,2023-04-12
region_day_disjoint,Centre-Sud,sample_03145,2,2023-04-12
region_day_disjoint,Centre-Sud,sample_03147,2,2023-04-12
region_day_disjoint,Centre-Sud,sample_03150,2,2023-04-12
region_day_disjoint,Centre-Sud,sample_03151,2,2023-04-12
region_day_disjoint,Centre-Sud,sample_03153,2,2023-04-12
region_day_disjoint,Centre-Sud,sample_03155,2,2023-04-12
region_day_disjoint,Centre-Sud,sample_03157,2,2023-04-12
region_day_disjoint,Centre-Sud,sample_03158,2,2023-04-12
region_day_disjoint,Centre-Sud,sample_03159,2,2023-04-12
region_day_disjoint,Centre-Sud,sample_03162,2,2023-04-12
region_day_disjoint,Centre-Sud,sample_03164,2,2023-04-12
region_day_disjoint,Centre-Sud,sample_03165,2,2023-04-12
region_day_disjoint,Centre-Sud,sample_03167,2,2023-04-12
region_day_disjoint,Centre-Sud,sample_03169,2,2023-04-12
region_day_disjoint,Centre-Sud,sample_03170,2,2023-04-12
region_day_disjoint,Centre-Sud,sample_03171,2,2023-04-12
region_day_disjoint,Centre-Sud,sample_03172,2,2023-04-12
region_day_disjoint,Centre-Sud,sample_03174,2,2023-04-12
region_day_disjoint,Centre-Sud,sample_03175,2,2023-04-12
region_day_disjoint,Centre-Sud,sample_03176,2,2023-04-12
region_day_disjoint,Centre-Sud,sample_03177,2,2023-04-12
region_day_disjoint,Centre-Sud,sample_03179,2,2023-04-12
region_day_disjoint,Centre-Sud,sample_03181,2,2023-04-12
region_day_disjoint,Centre-Sud,sample_03182,2,2023-04-12
region_day_disjoint,Centre-Sud,sample_03183,2,2023-04-12
region_day_disjoint,Centre-Sud,sample_03185,2,2023-04-12
region_day_disjoint,Centre-Sud,sample_03186,2,2023-04-12
region_day_disjoint,Centre-Sud,sample_03187,2,2023-04-12
region_day_disjoint,Centre-Sud,sample_03189,2,2023-04-12
region_day_disjoint,Centre-Sud,sample_03190,2,2023-04-12
region_day_disjoint,Centre-Sud,sample_03192,2,2023-04-12
region_day_disjoint,Centre-Sud,sample_03193,2,2023-04-12
region_day_disjoint,Centre-Sud,sample_03194,2,2023-04-12
region_day_disjoint,Centre-Sud,sample_00813,3,2022-08-02
region_day_disjoint,Centre-Sud,sample_00814,3,2022-08-02
region_day_disjoint,Centre-Sud,sample_00815,3,2022-08-02
region_day_disjoint,Centre-Sud,sample_00816,3,2022-08-02
region_day_disjoint,Centre-Sud,sample_00817,3,2022-08-02
region_day_disjoint,Centre-Sud,sample_00818,3,2022-08-02
region_day_disjoint,Centre-Sud,sample_00819,3,2022-08-02
region_day_disjoint,Centre-Sud,sample_00820,3,2022-08-02
region_day_disjoint,Centre-Sud,sample_00821,3,2022-08-02
region_day_disjoint,Centre-Sud,sample_00822,3,2022-08-02
region_day_disjoint,Centre-Sud,sample_00823,3,2022-08-02
region_day_disjoint,Centre-Sud,sample_00824,3,2022-08-02
region_day_disjoint,Centre-Sud,sample_00825,3,2022-08-04
region_day_disjoint,Centre-Sud,sample_00826,3,2022-08-04
region_day_disjoint,Centre-Sud,sample_00827,3,2022-08-04
region_day_disjoint,Centre-Sud,sample_00828,3,2022-08-04
region_day_disjoint,Centre-Sud,sample_00829,3,2022-08-04
region_day_disjoint,Centre-Sud,sample_00830,3,2022-08-04
region_day_disjoint,Centre-Sud,sample_00831,3,2022-08-04
region_day_disjoint,Centre-Sud,sample_01213,3,2022-08-30
region_day_disjoint,Centre-Sud,sample_01214,3,2022-08-30
region_day_disjoint,Centre-Sud,sample_01215,3,2022-08-30
region_day_disjoint,Centre-Sud,sample_01216,3,2022-08-30
region_day_disjoint,Centre-Sud,sample_01217,3,2022-08-30
region_day_disjoint,Centre-Sud,sample_01218,3,2022-08-30
region_day_disjoint,Centre-Sud,sample_01219,3,2022-08-30
region_day_disjoint,Centre-Sud,sample_01220,3,2022-08-30
region_day_disjoint,Centre-Sud,sample_01221,3,2022-08-30
region_day_disjoint,Centre-Sud,sample_01222,3,2022-08-30
region_day_disjoint,Centre-Sud,sample_01223,3,2022-08-30
region_day_disjoint,Centre-Sud,sample_01224,3,2022-08-30
region_day_disjoint,Centre-Sud,sample_01225,3,2022-08-30
region_day_disjoint,Centre-Sud,sample_01226,3,2022-08-30
region_day_disjoint,Centre-Sud,sample_01227,3,2022-08-30
region_day_disjoint,Centre-Sud,sample_01228,3,2022-08-30
region_day_disjoint,Centre-Sud,sample_01229,3,2022-08-30
region_day_disjoint,Centre-Sud,sample_01232,3,2022-08-30
region_day_disjoint,Centre-Sud,sample_01233,3,2022-08-30
region_day_disjoint,Centre-Sud,sample_01235,3,2022-08-30
region_day_disjoint,Centre-Sud,sample_01236,3,2022-08-30
region_day_disjoint,Centre-Sud,sample_01239,3,2022-08-30
region_day_disjoint,Centre-Sud,sample_01241,3,2022-08-30
region_day_disjoint,Centre-Sud,sample_01243,3,2022-08-30
region_day_disjoint,Centre-Sud,sample_01244,3,2022-08-30
region_day_disjoint,Centre-Sud,sample_01246,3,2022-08-30
region_day_disjoint,Centre-Sud,sample_01247,3,2022-08-30
region_day_disjoint,Centre-Sud,sample_01248,3,2022-08-30
region_day_disjoint,Centre-Sud,sample_01249,3,2022-08-30
region_day_disjoint,Centre-Sud,sample_01250,3,2022-08-30
region_day_disjoint,Centre-Sud,sample_01251,3,2022-08-30
region_day_disjoint,Centre-Sud,sample_01252,3,2022-08-30
region_day_disjoint,Centre-Sud,sample_01256,3,2022-08-30
region_day_disjoint,Centre-Sud,sample_01257,3,2022-08-30
region_day_disjoint,Centre-Sud,sample_01258,3,2022-08-30
region_day_disjoint,Centre-Sud,sample_01259,3,2022-08-30
region_day_disjoint,Centre-Sud,sample_01261,3,2022-08-30
region_day_disjoint,Centre-Sud,sample_01263,3,2022-08-30
region_day_disjoint,Centre-Sud,sample_01264,3,2022-08-30
region_day_disjoint,Centre-Sud,sample_01265,3,2022-08-30
region_day_disjoint,Centre-Sud,sample_01266,3,2022-08-30
region_day_disjoint,Centre-Sud,sample_01267,3,2022-08-30
region_day_disjoint,Centre-Sud,sample_01271,3,2022-08-30
region_day_disjoint,Centre-Sud,sample_01273,3,2022-08-30
region_day_disjoint,Centre-Sud,sample_01274,3,2022-08-30
region_day_disjoint,Centre-Sud,sample_01275,3,2022-08-30
region_day_disjoint,Centre-Sud,sample_01276,3,2022-08-30
region_day_disjoint,Centre-Sud,sample_01277,3,2022-08-30
region_day_disjoint,Centre-Sud,sample_01278,3,2022-08-30
region_day_disjoint,Centre-Sud,sample_01457,3,2022-10-26
region_day_disjoint,Centre-Sud,sample_01460,3,2022-10-26
region_day_disjoint,Centre-Sud,sample_01463,3,2022-10-26
region_day_disjoint,Centre-Sud,sample_01510,3,2022-10-26
region_day_disjoint,Centre-Sud,sample_01517,3,2022-10-26
region_day_disjoint,Centre-Sud,sample_01518,3,2022-10-26
region_day_disjoint,Centre-Sud,sample_01752,3,2022-11-14
region_day_disjoint,Centre-Sud,sample_01996,3,2022-11-21
region_day_disjoint,Centre-Sud,sample_01997,3,2022-11-21
region_day_disjoint,Centre-Sud,sample_01998,3,2022-11-21
region_day_disjoint,Centre-Sud,sample_01999,3,2022-11-21
region_day_disjoint,Centre-Sud,sample_02000,3,2022-11-21
region_day_disjoint,Centre-Sud,sample_02001,3,2022-11-21
region_day_disjoint,Centre-Sud,sample_02002,3,2022-11-21
region_day_disjoint,Centre-Sud,sample_02003,3,2022-11-21
region_day_disjoint,Centre-Sud,sample_02004,3,2022-11-21
region_day_disjoint,Centre-Sud,sample_02005,3,2022-11-21
region_day_disjoint,Centre-Sud,sample_02006,3,2022-11-21
region_day_disjoint,Centre-Sud,sample_02007,3,2022-11-21
region_day_disjoint,Centre-Sud,sample_02008,3,2022-11-21
region_day_disjoint,Centre-Sud,sample_02009,3,2022-11-21
region_day_disjoint,Centre-Sud,sample_02010,3,2022-11-21
region_day_disjoint,Centre-Sud,sample_02011,3,2022-11-21
region_day_disjoint,Centre-Sud,sample_02012,3,2022-11-21
region_day_disjoint,Centre-Sud,sample_02128,3,2022-11-26
region_day_disjoint,Centre-Sud,sample_02129,3,2022-11-26
region_day_disjoint,Centre-Sud,sample_02130,3,2022-11-26
region_day_disjoint,Centre-Sud,sample_02142,3,2022-12-06
region_day_disjoint,Centre-Sud,sample_02143,3,2022-12-06
region_day_disjoint,Centre-Sud,sample_02144,3,2022-12-06
region_day_disjoint,Centre-Sud,sample_02145,3,2022-12-06
region_day_disjoint,Centre-Sud,sample_02146,3,2022-12-06
region_day_disjoint,Centre-Sud,sample_02242,3,2023-01-04
region_day_disjoint,Centre-Sud,sample_02251,3,2023-01-07
region_day_disjoint,Centre-Sud,sample_02359,3,2023-01-31
region_day_disjoint,Centre-Sud,sample_02360,3,2023-01-31
region_day_disjoint,Centre-Sud,sample_02361,3,2023-01-31
region_day_disjoint,Centre-Sud,sample_02362,3,2023-01-31
region_day_disjoint,Centre-Sud,sample_02363,3,2023-01-31
region_day_disjoint,Centre-Sud,sample_02364,3,2023-01-31
region_day_disjoint,Centre-Sud,sample_02366,3,2023-01-31
region_day_disjoint,Centre-Sud,sample_02556,3,2023-02-24
region_day_disjoint,Centre-Sud,sample_02557,3,2023-02-24
region_day_disjoint,Centre-Sud,sample_02558,3,2023-02-24
region_day_disjoint,Centre-Sud,sample_02651,3,2023-03-03
region_day_disjoint,Centre-Sud,sample_02908,3,2023-03-20
region_day_disjoint,Centre-Sud,sample_02910,3,2023-03-20
region_day_disjoint,Centre-Sud,sample_02912,3,2023-03-20
region_day_disjoint,Centre-Sud,sample_02916,3,2023-03-20
region_day_disjoint,Centre-Sud,sample_02917,3,2023-03-20
region_day_disjoint,Centre-Sud,sample_02923,3,2023-03-20
region_day_disjoint,Centre-Sud,sample_02941,3,2023-03-22
region_day_disjoint,Centre-Sud,sample_02945,3,2023-03-22
region_day_disjoint,Centre-Sud,sample_02947,3,2023-03-22
region_day_disjoint,Centre-Sud,sample_02950,3,2023-03-22
region_day_disjoint,Centre-Sud,sample_02952,3,2023-03-22
region_day_disjoint,Centre-Sud,sample_02953,3,2023-03-22
region_day_disjoint,Centre-Sud,sample_02957,3,2023-03-22
region_day_disjoint,Centre-Sud,sample_02959,3,2023-03-22
region_day_disjoint,Centre-Sud,sample_02966,3,2023-03-22
region_day_disjoint,Centre-Sud,sample_02968,3,2023-03-22
region_day_disjoint,Centre-Sud,sample_02975,3,2023-03-22
region_day_disjoint,Centre-Sud,sample_02976,3,2023-03-22
region_day_disjoint,Centre-Sud,sample_02977,3,2023-03-23
region_day_disjoint,Centre-Sud,sample_02981,3,2023-03-24
region_day_disjoint,Centre-Sud,sample_02982,3,2023-03-24
region_day_disjoint,Centre-Sud,sample_02983,3,2023-03-24
region_day_disjoint,Centre-Sud,sample_02984,3,2023-03-24
region_day_disjoint,Centre-Sud,sample_02985,3,2023-03-24
region_day_disjoint,Centre-Sud,sample_03006,3,2023-03-28
region_day_disjoint,Centre-Sud,sample_03007,3,2023-03-28
region_day_disjoint,Centre-Sud,sample_03008,3,2023-03-28
region_day_disjoint,Centre-Sud,sample_03010,3,2023-03-28
region_day_disjoint,Centre-Sud,sample_03011,3,2023-03-28
region_day_disjoint,Centre-Sud,sample_03013,3,2023-03-28
region_day_disjoint,Centre-Sud,sample_03014,3,2023-03-28
region_day_disjoint,Centre-Sud,sample_03017,3,2023-03-28
region_day_disjoint,Centre-Sud,sample_03019,3,2023-03-28
region_day_disjoint,Centre-Sud,sample_03021,3,2023-03-28
region_day_disjoint,Centre-Sud,sample_03023,3,2023-03-28
region_day_disjoint,Centre-Sud,sample_03084,3,2023-04-06
region_day_disjoint,Centre-Sud,sample_03085,3,2023-04-06
region_day_disjoint,Centre-Sud,sample_03087,3,2023-04-06
region_day_disjoint,Centre-Sud,sample_03089,3,2023-04-06
region_day_disjoint,Centre-Sud,sample_03093,3,2023-04-11
region_day_disjoint,Centre-Sud,sample_03196,3,2023-04-13
region_day_disjoint,Centre-Sud,sample_03197,3,2023-04-13
region_day_disjoint,Centre-Sud,sample_03200,3,2023-04-13
region_day_disjoint,Centre-Sud,sample_03202,3,2023-04-13
region_day_disjoint,Centre-Sud,sample_03203,3,2023-04-13
region_day_disjoint,Centre-Sud,sample_03204,3,2023-04-13
region_day_disjoint,Centre-Sud,sample_03206,3,2023-04-13
region_day_disjoint,Centre-Sud,sample_03207,3,2023-04-13
region_day_disjoint,Centre-Sud,sample_03210,3,2023-04-13
region_day_disjoint,Centre-Sud,sample_03211,3,2023-04-13
region_day_disjoint,Centre-Sud,sample_03213,3,2023-04-13
region_day_disjoint,Centre-Sud,sample_03214,3,2023-04-13
region_day_disjoint,Centre-Sud,sample_01118,4,2022-08-23
region_day_disjoint,Centre-Sud,sample_01119,4,2022-08-23
region_day_disjoint,Centre-Sud,sample_01120,4,2022-08-23
region_day_disjoint,Centre-Sud,sample_01121,4,2022-08-23
region_day_disjoint,Centre-Sud,sample_01122,4,2022-08-23
region_day_disjoint,Centre-Sud,sample_01182,4,2022-08-26
region_day_disjoint,Centre-Sud,sample_01183,4,2022-08-26
region_day_disjoint,Centre-Sud,sample_01184,4,2022-08-26
region_day_disjoint,Centre-Sud,sample_01185,4,2022-08-26
region_day_disjoint,Centre-Sud,sample_01186,4,2022-08-26
region_day_disjoint,Centre-Sud,sample_01187,4,2022-08-26
region_day_disjoint,Centre-Sud,sample_01188,4,2022-08-26
region_day_disjoint,Centre-Sud,sample_01189,4,2022-08-26
region_day_disjoint,Centre-Sud,sample_01190,4,2022-08-26
region_day_disjoint,Centre-Sud,sample_01191,4,2022-08-26
region_day_disjoint,Centre-Sud,sample_01192,4,2022-08-26
region_day_disjoint,Centre-Sud,sample_01193,4,2022-08-26
region_day_disjoint,Centre-Sud,sample_01194,4,2022-08-26
region_day_disjoint,Centre-Sud,sample_01195,4,2022-08-26
region_day_disjoint,Centre-Sud,sample_01196,4,2022-08-26
region_day_disjoint,Centre-Sud,sample_01197,4,2022-08-26
region_day_disjoint,Centre-Sud,sample_01198,4,2022-08-26
region_day_disjoint,Centre-Sud,sample_01199,4,2022-08-26
region_day_disjoint,Centre-Sud,sample_01200,4,2022-08-26
region_day_disjoint,Centre-Sud,sample_01201,4,2022-08-26
region_day_disjoint,Centre-Sud,sample_01202,4,2022-08-26
region_day_disjoint,Centre-Sud,sample_01203,4,2022-08-26
region_day_disjoint,Centre-Sud,sample_01204,4,2022-08-26
region_day_disjoint,Centre-Sud,sample_01205,4,2022-08-26
region_day_disjoint,Centre-Sud,sample_01206,4,2022-08-26
region_day_disjoint,Centre-Sud,sample_01207,4,2022-08-26
region_day_disjoint,Centre-Sud,sample_01208,4,2022-08-26
region_day_disjoint,Centre-Sud,sample_01209,4,2022-08-26
region_day_disjoint,Centre-Sud,sample_01210,4,2022-08-26
region_day_disjoint,Centre-Sud,sample_01211,4,2022-08-26
region_day_disjoint,Centre-Sud,sample_01212,4,2022-08-26
region_day_disjoint,Centre-Sud,sample_01386,4,2022-10-20
region_day_disjoint,Centre-Sud,sample_01388,4,2022-10-20
region_day_disjoint,Centre-Sud,sample_01391,4,2022-10-20
region_day_disjoint,Centre-Sud,sample_01404,4,2022-10-20
region_day_disjoint,Centre-Sud,sample_01407,4,2022-10-20
region_day_disjoint,Centre-Sud,sample_01424,4,2022-10-20
region_day_disjoint,Centre-Sud,sample_01426,4,2022-10-20
region_day_disjoint,Centre-Sud,sample_02307,4,2023-01-19
region_day_disjoint,Centre-Sud,sample_02308,4,2023-01-19
region_day_disjoint,Centre-Sud,sample_02309,4,2023-01-19
region_day_disjoint,Centre-Sud,sample_02310,4,2023-01-19
region_day_disjoint,Centre-Sud,sample_02311,4,2023-01-19
region_day_disjoint,Centre-Sud,sample_02312,4,2023-01-19
region_day_disjoint,Centre-Sud,sample_02313,4,2023-01-19
region_day_disjoint,Centre-Sud,sample_02314,4,2023-01-19
region_day_disjoint,Centre-Sud,sample_02402,4,2023-02-07
region_day_disjoint,Centre-Sud,sample_02403,4,2023-02-07
region_day_disjoint,Centre-Sud,sample_02406,4,2023-02-07
region_day_disjoint,Centre-Sud,sample_02407,4,2023-02-07
region_day_disjoint,Centre-Sud,sample_02410,4,2023-02-07
region_day_disjoint,Centre-Sud,sample_02412,4,2023-02-07
region_day_disjoint,Centre-Sud,sample_02413,4,2023-02-07
region_day_disjoint,Centre-Sud,sample_02415,4,2023-02-07
region_day_disjoint,Centre-Sud,sample_02417,4,2023-02-07
region_day_disjoint,Centre-Sud,sample_02418,4,2023-02-07
region_day_disjoint,Centre-Sud,sample_02419,4,2023-02-07
region_day_disjoint,Centre-Sud,sample_02420,4,2023-02-07
region_day_disjoint,Centre-Sud,sample_02421,4,2023-02-07
region_day_disjoint,Centre-Sud,sample_02422,4,2023-02-07
region_day_disjoint,Centre-Sud,sample_02423,4,2023-02-07
region_day_disjoint,Centre-Sud,sample_02424,4,2023-02-07
region_day_disjoint,Centre-Sud,sample_02573,4,2023-02-27
region_day_disjoint,Centre-Sud,sample_02576,4,2023-02-27
region_day_disjoint,Centre-Sud,sample_02578,4,2023-02-27
region_day_disjoint,Centre-Sud,sample_02579,4,2023-02-27
region_day_disjoint,Centre-Sud,sample_02584,4,2023-02-27
region_day_disjoint,Centre-Sud,sample_02585,4,2023-02-27
region_day_disjoint,Centre-Sud,sample_02587,4,2023-02-27
region_day_disjoint,Centre-Sud,sample_02590,4,2023-02-27
region_day_disjoint,Centre-Sud,sample_02591,4,2023-02-27
region_day_disjoint,Centre-Sud,sample_02592,4,2023-02-27
region_day_disjoint,Centre-Sud,sample_02593,4,2023-02-27
region_day_disjoint,Centre-Sud,sample_02804,4,2023-03-10
region_day_disjoint,Centre-Sud,sample_02805,4,2023-03-10
region_day_disjoint,Centre-Sud,sample_02808,4,2023-03-10
region_day_disjoint,Centre-Sud,sample_02810,4,2023-03-10
region_day_disjoint,Centre-Sud,sample_02811,4,2023-03-10
region_day_disjoint,Centre-Sud,sample_02812,4,2023-03-10
region_day_disjoint,Centre-Sud,sample_02813,4,2023-03-10
region_day_disjoint,Centre-Sud,sample_02816,4,2023-03-10
region_day_disjoint,Centre-Sud,sample_02818,4,2023-03-10
region_day_disjoint,Centre-Sud,sample_02820,4,2023-03-10
region_day_disjoint,Centre-Sud,sample_02822,4,2023-03-10
region_day_disjoint,Centre-Sud,sample_02823,4,2023-03-10
region_day_disjoint,Centre-Sud,sample_02824,4,2023-03-10
region_day_disjoint,Centre-Sud,sample_02825,4,2023-03-10
region_day_disjoint,Centre-Sud,sample_02826,4,2023-03-10
region_day_disjoint,Centre-Sud,sample_02828,4,2023-03-10
region_day_disjoint,Centre-Sud,sample_02829,4,2023-03-10
region_day_disjoint,Centre-Sud,sample_02831,4,2023-03-10
region_day_disjoint,Centre-Sud,sample_02832,4,2023-03-10
region_day_disjoint,Centre-Sud,sample_02834,4,2023-03-10
region_day_disjoint,Centre-Sud,sample_02835,4,2023-03-10
region_day_disjoint,Centre-Sud,sample_02838,4,2023-03-10
region_day_disjoint,Centre-Sud,sample_02839,4,2023-03-10
region_day_disjoint,Centre-Sud,sample_02857,4,2023-03-13
region_day_disjoint,Centre-Sud,sample_02858,4,2023-03-13
region_day_disjoint,Centre-Sud,sample_02863,4,2023-03-13
region_day_disjoint,Centre-Sud,sample_02864,4,2023-03-13
region_day_disjoint,Centre-Sud,sample_02865,4,2023-03-13
region_day_disjoint,Centre-Sud,sample_02868,4,2023-03-13
region_day_disjoint,Centre-Sud,sample_02869,4,2023-03-13
region_day_disjoint,Centre-Sud,sample_02870,4,2023-03-13
region_day_disjoint,Centre-Sud,sample_02871,4,2023-03-13
region_day_disjoint,Centre-Sud,sample_02872,4,2023-03-13
region_day_disjoint,Centre-Sud,sample_02873,4,2023-03-13
region_day_disjoint,Centre-Sud,sample_02874,4,2023-03-13
region_day_disjoint,Centre-Sud,sample_02875,4,2023-03-13
region_day_disjoint,Centre-Sud,sample_02876,4,2023-03-13
region_day_disjoint,Centre-Sud,sample_02877,4,2023-03-13
region_day_disjoint,Centre-Sud,sample_02878,4,2023-03-13
region_day_disjoint,Centre-Sud,sample_02879,4,2023-03-14
region_day_disjoint,Centre-Sud,sample_02880,4,2023-03-14
region_day_disjoint,Centre-Sud,sample_02881,4,2023-03-14
region_day_disjoint,Centre-Sud,sample_02882,4,2023-03-14
region_day_disjoint,Centre-Sud,sample_02884,4,2023-03-14
region_day_disjoint,Centre-Sud,sample_02886,4,2023-03-14
region_day_disjoint,Centre-Sud,sample_02887,4,2023-03-14
region_day_disjoint,Centre-Sud,sample_02889,4,2023-03-14
region_day_disjoint,Centre-Sud,sample_02890,4,2023-03-14
region_day_disjoint,Centre-Sud,sample_02891,4,2023-03-14
region_day_disjoint,Centre-Sud,sample_02893,4,2023-03-14
region_day_disjoint,Centre-Sud,sample_02894,4,2023-03-14
region_day_disjoint,Centre-Sud,sample_02986,4,2023-03-27
region_day_disjoint,Centre-Sud,sample_02989,4,2023-03-27
region_day_disjoint,Centre-Sud,sample_02992,4,2023-03-27
region_day_disjoint,Centre-Sud,sample_02994,4,2023-03-27
region_day_disjoint,Centre-Sud,sample_02995,4,2023-03-27
region_day_disjoint,Centre-Sud,sample_02996,4,2023-03-27
region_day_disjoint,Centre-Sud,sample_02997,4,2023-03-27
region_day_disjoint,Centre-Sud,sample_02998,4,2023-03-27
region_day_disjoint,Centre-Sud,sample_02999,4,2023-03-27
region_day_disjoint,Centre-Sud,sample_03000,4,2023-03-27
region_day_disjoint,Centre-Sud,sample_03001,4,2023-03-27
region_day_disjoint,Centre-Sud,sample_03002,4,2023-03-27
region_day_disjoint,Centre-Sud,sample_03003,4,2023-03-27
region_day_disjoint,Centre-Sud,sample_03004,4,2023-03-27
region_day_disjoint,Centre-Sud,sample_03005,4,2023-03-27
region_day_disjoint,Centre-Sud,sample_03060,4,2023-04-05
region_day_disjoint,Centre-Sud,sample_03061,4,2023-04-05
region_day_disjoint,Centre-Sud,sample_03063,4,2023-04-05
region_day_disjoint,Centre-Sud,sample_03064,4,2023-04-05
region_day_disjoint,Centre-Sud,sample_03066,4,2023-04-05
region_day_disjoint,Centre-Sud,sample_03067,4,2023-04-05
region_day_disjoint,Centre-Sud,sample_03068,4,2023-04-05
region_day_disjoint,Centre-Sud,sample_03069,4,2023-04-05
region_day_disjoint,Centre-Sud,sample_03070,4,2023-04-05
region_day_disjoint,Centre-Sud,sample_03071,4,2023-04-05
region_day_disjoint,Centre-Sud,sample_03073,4,2023-04-05
region_day_disjoint,Centre-Sud,sample_03074,4,2023-04-05
region_day_disjoint,Centre-Sud,sample_03075,4,2023-04-05
region_day_disjoint,Centre-Sud,sample_03076,4,2023-04-05
region_day_disjoint,Centre-Sud,sample_03078,4,2023-04-05
region_day_disjoint,Centre-Sud,sample_03079,4,2023-04-05
region_day_disjoint,Centre-Sud,sample_03082,4,2023-04-05
region_day_disjoint,Centre-Sud,sample_03083,4,2023-04-05
region_day_disjoint,Plateau-Central,sample_01023,0,2022-08-18
region_day_disjoint,Plateau-Central,sample_01024,0,2022-08-18
region_day_disjoint,Plateau-Central,sample_01025,0,2022-08-18
region_day_disjoint,Plateau-Central,sample_01026,0,2022-08-18
region_day_disjoint,Plateau-Central,sample_01027,0,2022-08-18
region_day_disjoint,Plateau-Central,sample_01028,0,2022-08-18
region_day_disjoint,Plateau-Central,sample_01029,0,2022-08-18
region_day_disjoint,Plateau-Central,sample_01030,0,2022-08-18
region_day_disjoint,Plateau-Central,sample_01031,0,2022-08-18
region_day_disjoint,Plateau-Central,sample_01032,0,2022-08-18
region_day_disjoint,Plateau-Central,sample_01033,0,2022-08-18
region_day_disjoint,Plateau-Central,sample_01034,0,2022-08-18
region_day_disjoint,Plateau-Central,sample_01035,0,2022-08-18
region_day_disjoint,Plateau-Central,sample_01036,0,2022-08-18
region_day_disjoint,Plateau-Central,sample_01037,0,2022-08-18
region_day_disjoint,Plateau-Central,sample_01038,0,2022-08-18
region_day_disjoint,Plateau-Central,sample_01039,0,2022-08-18
region_day_disjoint,Plateau-Central,sample_01040,0,2022-08-18
region_day_disjoint,Plateau-Central,sample_01041,0,2022-08-18
region_day_disjoint,Plateau-Central,sample_01042,0,2022-08-18
region_day_disjoint,Plateau-Central,sample_01043,0,2022-08-18
region_day_disjoint,Plateau-Central,sample_01044,0,2022-08-18
region_day_disjoint,Plateau-Central,sample_01045,0,2022-08-18
region_day_disjoint,Plateau-Central,sample_01046,0,2022-08-18
region_day_disjoint,Plateau-Central,sample_01047,0,2022-08-18
region_day_disjoint,Plateau-Central,sample_01048,0,2022-08-18
region_day_disjoint,Plateau-Central,sample_01049,0,2022-08-18
region_day_disjoint,Plateau-Central,sample_01050,0,2022-08-18
region_day_disjoint,Plateau-Central,sample_01051,0,2022-08-18
region_day_disjoint,Plateau-Central,sample_01052,0,2022-08-18
region_day_disjoint,Plateau-Central,sample_01053,0,2022-08-18
region_day_disjoint,Plateau-Central,sample_01054,0,2022-08-18
region_day_disjoint,Plateau-Central,sample_01055,0,2022-08-18
region_day_disjoint,Plateau-Central,sample_01056,0,2022-08-18
region_day_disjoint,Plateau-Central,sample_01057,0,2022-08-18
region_day_disjoint,Plateau-Central,sample_01058,0,2022-08-18
region_day_disjoint,Plateau-Central,sample_01059,0,2022-08-18
region_day_disjoint,Plateau-Central,sample_01060,0,2022-08-18
region_day_disjoint,Plateau-Central,sample_01061,0,2022-08-18
region_day_disjoint,Plateau-Central,sample_01062,0,2022-08-18
region_day_disjoint,Plateau-Central,sample_01063,0,2022-08-18
region_day_disjoint,Plateau-Central,sample_01064,0,2022-08-18
region_day_disjoint,Plateau-Central,sample_01065,0,2022-08-18
region_day_disjoint,Plateau-Central,sample_01066,0,2022-08-18
region_day_disjoint,Plateau-Central,sample_01067,0,2022-08-18
region_day_disjoint,Plateau-Central,sample_01068,0,2022-08-18
region_day_disjoint,Plateau-Central,sample_01069,0,2022-08-18
region_day_disjoint,Plateau-Central,sample_01070,0,2022-08-18
region_day_disjoint,Plateau-Central,sample_01071,0,2022-08-18
region_day_disjoint,Plateau-Central,sample_01072,0,2022-08-18
region_day_disjoint,Plateau-Central,sample_01073,0,2022-08-18
region_day_disjoint,Plateau-Central,sample_01074,0,2022-08-18
region_day_disjoint,Plateau-Central,sample_01075,0,2022-08-18
region_day_disjoint,Plateau-Central,sample_01076,0,2022-08-18
region_day_disjoint,Plateau-Central,sample_01077,0,2022-08-18
region_day_disjoint,Plateau-Central,sample_01078,0,2022-08-18
region_day_disjoint,Plateau-Central,sample_01079,0,2022-08-18
region_day_disjoint,Plateau-Central,sample_01080,0,2022-08-18
region_day_disjoint,Plateau-Central,sample_01081,0,2022-08-18
region_day_disjoint,Plateau-Central,sample_01082,0,2022-08-18
region_day_disjoint,Plateau-Central,sample_01083,0,2022-08-18
region_day_disjoint,Plateau-Central,sample_01084,0,2022-08-18
region_day_disjoint,Plateau-Central,sample_01085,0,2022-08-18
region_day_disjoint,Plateau-Central,sample_01086,0,2022-08-18
region_day_disjoint,Plateau-Central,sample_01087,0,2022-08-18
region_day_disjoint,Plateau-Central,sample_01088,0,2022-08-18
region_day_disjoint,Plateau-Central,sample_01089,0,2022-08-18
region_day_disjoint,Plateau-Central,sample_01090,0,2022-08-18
region_day_disjoint,Plateau-Central,sample_01091,0,2022-08-18
region_day_disjoint,Plateau-Central,sample_01092,0,2022-08-18
region_day_disjoint,Plateau-Central,sample_01093,0,2022-08-18
region_day_disjoint,Plateau-Central,sample_01094,0,2022-08-18
region_day_disjoint,Plateau-Central,sample_01095,0,2022-08-18
region_day_disjoint,Plateau-Central,sample_01096,0,2022-08-18
region_day_disjoint,Plateau-Central,sample_01097,0,2022-08-18
region_day_disjoint,Plateau-Central,sample_01098,0,2022-08-18
region_day_disjoint,Plateau-Central,sample_01099,0,2022-08-18
region_day_disjoint,Plateau-Central,sample_01100,0,2022-08-18
region_day_disjoint,Plateau-Central,sample_01101,0,2022-08-18
region_day_disjoint,Plateau-Central,sample_01102,0,2022-08-18
region_day_disjoint,Plateau-Central,sample_01103,0,2022-08-18
region_day_disjoint,Plateau-Central,sample_01104,0,2022-08-18
region_day_disjoint,Plateau-Central,sample_01105,0,2022-08-18
region_day_disjoint,Plateau-Central,sample_01106,0,2022-08-18
region_day_disjoint,Plateau-Central,sample_01107,0,2022-08-18
region_day_disjoint,Plateau-Central,sample_01108,0,2022-08-18
region_day_disjoint,Plateau-Central,sample_02085,0,2022-11-24
region_day_disjoint,Plateau-Central,sample_02086,0,2022-11-24
region_day_disjoint,Plateau-Central,sample_02087,0,2022-11-24
region_day_disjoint,Plateau-Central,sample_02088,0,2022-11-24
region_day_disjoint,Plateau-Central,sample_02089,0,2022-11-24
region_day_disjoint,Plateau-Central,sample_02090,0,2022-11-24
region_day_disjoint,Plateau-Central,sample_02094,0,2022-11-24
region_day_disjoint,Plateau-Central,sample_02096,0,2022-11-24
region_day_disjoint,Plateau-Central,sample_02125,0,2022-11-24
region_day_disjoint,Plateau-Central,sample_02126,0,2022-11-24
region_day_disjoint,Plateau-Central,sample_02232,0,2022-12-28
region_day_disjoint,Plateau-Central,sample_02233,0,2022-12-28
region_day_disjoint,Plateau-Central,sample_02234,0,2022-12-28
region_day_disjoint,Plateau-Central,sample_02235,0,2022-12-28
region_day_disjoint,Plateau-Central,sample_02236,0,2022-12-28
region_day_disjoint,Plateau-Central,sample_02237,0,2022-12-28
region_day_disjoint,Plateau-Central,sample_02238,0,2022-12-28
region_day_disjoint,Plateau-Central,sample_02239,0,2022-12-28
region_day_disjoint,Plateau-Central,sample_02240,0,2022-12-28
region_day_disjoint,Plateau-Central,sample_02241,0,2022-12-28
region_day_disjoint,Plateau-Central,sample_02262,0,2023-01-11
region_day_disjoint,Plateau-Central,sample_02263,0,2023-01-11
region_day_disjoint,Plateau-Central,sample_02264,0,2023-01-11
region_day_disjoint,Plateau-Central,sample_02265,0,2023-01-11
region_day_disjoint,Plateau-Central,sample_02266,0,2023-01-11
region_day_disjoint,Plateau-Central,sample_02267,0,2023-01-11
region_day_disjoint,Plateau-Central,sample_02268,0,2023-01-11
region_day_disjoint,Plateau-Central,sample_02269,0,2023-01-11
region_day_disjoint,Plateau-Central,sample_02270,0,2023-01-11
region_day_disjoint,Plateau-Central,sample_02271,0,2023-01-11
region_day_disjoint,Plateau-Central,sample_02272,0,2023-01-11
region_day_disjoint,Plateau-Central,sample_02273,0,2023-01-11
region_day_disjoint,Plateau-Central,sample_02274,0,2023-01-11
region_day_disjoint,Plateau-Central,sample_02275,0,2023-01-11
region_day_disjoint,Plateau-Central,sample_02276,0,2023-01-11
region_day_disjoint,Plateau-Central,sample_02277,0,2023-01-11
region_day_disjoint,Plateau-Central,sample_02278,0,2023-01-11
region_day_disjoint,Plateau-Central,sample_02279,0,2023-01-11
region_day_disjoint,Plateau-Central,sample_02367,0,2023-02-02
region_day_disjoint,Plateau-Central,sample_02368,0,2023-02-02
region_day_disjoint,Plateau-Central,sample_02369,0,2023-02-02
region_day_disjoint,Plateau-Central,sample_02370,0,2023-02-02
region_day_disjoint,Plateau-Central,sample_02371,0,2023-02-02
region_day_disjoint,Plateau-Central,sample_02372,0,2023-02-02
region_day_disjoint,Plateau-Central,sample_02373,0,2023-02-02
region_day_disjoint,Plateau-Central,sample_02374,0,2023-02-02
region_day_disjoint,Plateau-Central,sample_02375,0,2023-02-02
region_day_disjoint,Plateau-Central,sample_02377,0,2023-02-02
region_day_disjoint,Plateau-Central,sample_02378,0,2023-02-02
region_day_disjoint,Plateau-Central,sample_02379,0,2023-02-02
region_day_disjoint,Plateau-Central,sample_02380,0,2023-02-02
region_day_disjoint,Plateau-Central,sample_02381,0,2023-02-02
region_day_disjoint,Plateau-Central,sample_02382,0,2023-02-02
region_day_disjoint,Plateau-Central,sample_02383,0,2023-02-02
region_day_disjoint,Plateau-Central,sample_02384,0,2023-02-02
region_day_disjoint,Plateau-Central,sample_02385,0,2023-02-02
region_day_disjoint,Plateau-Central,sample_02386,0,2023-02-02
region_day_disjoint,Plateau-Central,sample_02388,0,2023-02-02
region_day_disjoint,Plateau-Central,sample_02389,0,2023-02-02
region_day_disjoint,Plateau-Central,sample_02390,0,2023-02-02
region_day_disjoint,Plateau-Central,sample_02391,0,2023-02-02
region_day_disjoint,Plateau-Central,sample_00899,1,2022-08-10
region_day_disjoint,Plateau-Central,sample_00900,1,2022-08-10
region_day_disjoint,Plateau-Central,sample_00901,1,2022-08-10
region_day_disjoint,Plateau-Central,sample_00902,1,2022-08-10
region_day_disjoint,Plateau-Central,sample_00903,1,2022-08-10
region_day_disjoint,Plateau-Central,sample_00904,1,2022-08-10
region_day_disjoint,Plateau-Central,sample_00905,1,2022-08-10
region_day_disjoint,Plateau-Central,sample_00906,1,2022-08-10
region_day_disjoint,Plateau-Central,sample_00907,1,2022-08-10
region_day_disjoint,Plateau-Central,sample_00908,1,2022-08-10
region_day_disjoint,Plateau-Central,sample_00909,1,2022-08-10
region_day_disjoint,Plateau-Central,sample_00910,1,2022-08-10
region_day_disjoint,Plateau-Central,sample_00911,1,2022-08-10
region_day_disjoint,Plateau-Central,sample_00912,1,2022-08-10
region_day_disjoint,Plateau-Central,sample_00913,1,2022-08-10
region_day_disjoint,Plateau-Central,sample_00914,1,2022-08-10
region_day_disjoint,Plateau-Central,sample_00915,1,2022-08-10
region_day_disjoint,Plateau-Central,sample_00916,1,2022-08-10
region_day_disjoint,Plateau-Central,sample_00917,1,2022-08-10
region_day_disjoint,Plateau-Central,sample_00918,1,2022-08-10
region_day_disjoint,Plateau-Central,sample_00919,1,2022-08-10
region_day_disjoint,Plateau-Central,sample_00920,1,2022-08-10
region_day_disjoint,Plateau-Central,sample_00921,1,2022-08-10
region_day_disjoint,Plateau-Central,sample_00922,1,2022-08-10
region_day_disjoint,Plateau-Central,sample_00923,1,2022-08-10
region_day_disjoint,Plateau-Central,sample_00924,1,2022-08-10
region_day_disjoint,Plateau-Central,sample_00925,1,2022-08-10
region_day_disjoint,Plateau-Central,sample_00926,1,2022-08-10
region_day_disjoint,Plateau-Central,sample_00927,1,2022-08-10
region_day_disjoint,Plateau-Central,sample_00928,1,2022-08-10
region_day_disjoint,Plateau-Central,sample_00929,1,2022-08-10
region_day_disjoint,Plateau-Central,sample_00930,1,2022-08-10
region_day_disjoint,Plateau-Central,sample_00931,1,2022-08-10
region_day_disjoint,Plateau-Central,sample_00932,1,2022-08-10
region_day_disjoint,Plateau-Central,sample_00933,1,2022-08-10
region_day_disjoint,Plateau-Central,sample_00934,1,2022-08-10
region_day_disjoint,Plateau-Central,sample_00935,1,2022-08-10
region_day_disjoint,Plateau-Central,sample_00936,1,2022-08-10
region_day_disjoint,Plateau-Central,sample_00937,1,2022-08-10
region_day_disjoint,Plateau-Central,sample_00938,1,2022-08-10
region_day_disjoint,Plateau-Central,sample_00939,1,2022-08-10
region_day_disjoint,Plateau-Central,sample_00940,1,2022-08-10
region_day_disjoint,Plateau-Central,sample_00941,1,2022-08-10
region_day_disjoint,Plateau-Central,sample_00942,1,2022-08-10
region_day_disjoint,Plateau-Central,sample_00943,1,2022-08-10
region_day_disjoint,Plateau-Central,sample_00944,1,2022-08-10
region_day_disjoint,Plateau-Central,sample_00945,1,2022-08-10
region_day_disjoint,Plateau-Central,sample_00946,1,2022-08-10
region_day_disjoint,Plateau-Central,sample_00947,1,2022-08-10
region_day_disjoint,Plateau-Central,sample_00948,1,2022-08-10
region_day_disjoint,Plateau-Central,sample_00949,1,2022-08-10
region_day_disjoint,Plateau-Central,sample_00950,1,2022-08-10
region_day_disjoint,Plateau-Central,sample_00951,1,2022-08-10
region_day_disjoint,Plateau-Central,sample_00952,1,2022-08-10
region_day_disjoint,Plateau-Central,sample_00953,1,2022-08-10
region_day_disjoint,Plateau-Central,sample_00954,1,2022-08-10
region_day_disjoint,Plateau-Central,sample_00955,1,2022-08-10
region_day_disjoint,Plateau-Central,sample_00956,1,2022-08-10
region_day_disjoint,Plateau-Central,sample_00957,1,2022-08-10
region_day_disjoint,Plateau-Central,sample_00958,1,2022-08-10
region_day_disjoint,Plateau-Central,sample_00959,1,2022-08-10
region_day_disjoint,Plateau-Central,sample_00960,1,2022-08-10
region_day_disjoint,Plateau-Central,sample_00961,1,2022-08-10
region_day_disjoint,Plateau-Central,sample_00962,1,2022-08-10
region_day_disjoint,Plateau-Central,sample_00963,1,2022-08-10
region_day_disjoint,Plateau-Central,sample_00964,1,2022-08-10
region_day_disjoint,Plateau-Central,sample_00965,1,2022-08-10
region_day_disjoint,Plateau-Central,sample_00966,1,2022-08-10
region_day_disjoint,Plateau-Central,sample_00967,1,2022-08-10
region_day_disjoint,Plateau-Central,sample_00968,1,2022-08-10
region_day_disjoint,Plateau-Central,sample_00969,1,2022-08-10
region_day_disjoint,Plateau-Central,sample_01110,1,2022-08-22
region_day_disjoint,Plateau-Central,sample_01111,1,2022-08-22
region_day_disjoint,Plateau-Central,sample_01112,1,2022-08-22
region_day_disjoint,Plateau-Central,sample_01113,1,2022-08-22
region_day_disjoint,Plateau-Central,sample_01114,1,2022-08-22
region_day_disjoint,Plateau-Central,sample_01115,1,2022-08-22
region_day_disjoint,Plateau-Central,sample_01116,1,2022-08-22
region_day_disjoint,Plateau-Central,sample_01117,1,2022-08-22
region_day_disjoint,Plateau-Central,sample_01427,1,2022-10-21
region_day_disjoint,Plateau-Central,sample_01429,1,2022-10-21
region_day_disjoint,Plateau-Central,sample_01430,1,2022-10-21
region_day_disjoint,Plateau-Central,sample_01437,1,2022-10-21
region_day_disjoint,Plateau-Central,sample_01441,1,2022-10-21
region_day_disjoint,Plateau-Central,sample_01443,1,2022-10-21
region_day_disjoint,Plateau-Central,sample_01444,1,2022-10-21
region_day_disjoint,Plateau-Central,sample_01795,1,2022-11-15
region_day_disjoint,Plateau-Central,sample_01796,1,2022-11-15
region_day_disjoint,Plateau-Central,sample_01797,1,2022-11-15
region_day_disjoint,Plateau-Central,sample_02054,1,2022-11-22
region_day_disjoint,Plateau-Central,sample_02058,1,2022-11-22
region_day_disjoint,Plateau-Central,sample_02060,1,2022-11-22
region_day_disjoint,Plateau-Central,sample_02061,1,2022-11-22
region_day_disjoint,Plateau-Central,sample_02064,1,2022-11-22
region_day_disjoint,Plateau-Central,sample_02067,1,2022-11-22
region_day_disjoint,Plateau-Central,sample_02068,1,2022-11-22
region_day_disjoint,Plateau-Central,sample_02069,1,2022-11-22
region_day_disjoint,Plateau-Central,sample_02070,1,2022-11-22
region_day_disjoint,Plateau-Central,sample_02071,1,2022-11-22
region_day_disjoint,Plateau-Central,sample_02072,1,2022-11-22
region_day_disjoint,Plateau-Central,sample_02073,1,2022-11-22
region_day_disjoint,Plateau-Central,sample_02074,1,2022-11-22
region_day_disjoint,Plateau-Central,sample_02075,1,2022-11-22
region_day_disjoint,Plateau-Central,sample_02076,1,2022-11-22
region_day_disjoint,Plateau-Central,sample_02077,1,2022-11-22
region_day_disjoint,Plateau-Central,sample_02078,1,2022-11-22
region_day_disjoint,Plateau-Central,sample_02079,1,2022-11-22
region_day_disjoint,Plateau-Central,sample_02080,1,2022-11-22
region_day_disjoint,Plateau-Central,sample_02081,1,2022-11-22
region_day_disjoint,Plateau-Central,sample_02082,1,2022-11-22
region_day_disjoint,Plateau-Central,sample_02083,1,2022-11-22
region_day_disjoint,Plateau-Central,sample_02084,1,2022-11-22
region_day_disjoint,Plateau-Central,sample_02134,1,2022-12-01
region_day_disjoint,Plateau-Central,sample_02135,1,2022-12-01
region_day_disjoint,Plateau-Central,sample_02136,1,2022-12-01
region_day_disjoint,Plateau-Central,sample_02137,1,2022-12-01
region_day_disjoint,Plateau-Central,sample_02138,1,2022-12-01
region_day_disjoint,Plateau-Central,sample_02139,1,2022-12-01
region_day_disjoint,Plateau-Central,sample_02140,1,2022-12-01
region_day_disjoint,Plateau-Central,sample_02141,1,2022-12-01
region_day_disjoint,Plateau-Central,sample_02205,1,2022-12-27
region_day_disjoint,Plateau-Central,sample_02206,1,2022-12-27
region_day_disjoint,Plateau-Central,sample_02207,1,2022-12-27
region_day_disjoint,Plateau-Central,sample_02208,1,2022-12-27
region_day_disjoint,Plateau-Central,sample_02209,1,2022-12-27
region_day_disjoint,Plateau-Central,sample_02210,1,2022-12-27
region_day_disjoint,Plateau-Central,sample_02211,1,2022-12-27
region_day_disjoint,Plateau-Central,sample_02212,1,2022-12-27
region_day_disjoint,Plateau-Central,sample_02213,1,2022-12-27
region_day_disjoint,Plateau-Central,sample_02214,1,2022-12-27
region_day_disjoint,Plateau-Central,sample_02215,1,2022-12-27
region_day_disjoint,Plateau-Central,sample_02216,1,2022-12-27
region_day_disjoint,Plateau-Central,sample_02217,1,2022-12-27
region_day_disjoint,Plateau-Central,sample_02218,1,2022-12-27
region_day_disjoint,Plateau-Central,sample_02219,1,2022-12-27
region_day_disjoint,Plateau-Central,sample_02220,1,2022-12-27
region_day_disjoint,Plateau-Central,sample_02221,1,2022-12-27
region_day_disjoint,Plateau-Central,sample_02222,1,2022-12-27
region_day_disjoint,Plateau-Central,sample_02223,1,2022-12-27
region_day_disjoint,Plateau-Central,sample_02224,1,2022-12-27
region_day_disjoint,Plateau-Central,sample_02225,1,2022-12-27
region_day_disjoint,Plateau-Central,sample_02226,1,2022-12-27
region_day_disjoint,Plateau-Central,sample_02227,1,2022-12-27
region_day_disjoint,Plateau-Central,sample_02229,1,2022-12-27
region_day_disjoint,Plateau-Central,sample_02230,1,2022-12-27
region_day_disjoint,Plateau-Central,sample_02231,1,2022-12-27
region_day_disjoint,Plateau-Central,sample_02280,1,2023-01-17
region_day_disjoint,Plateau-Central,sample_02289,1,2023-01-17
region_day_disjoint,Plateau-Central,sample_02392,1,2023-02-06
region_day_disjoint,Plateau-Central,sample_02393,1,2023-02-06
region_day_disjoint,Plateau-Central,sample_02394,1,2023-02-06
region_day_disjoint,Plateau-Central,sample_02395,1,2023-02-06
region_day_disjoint,Plateau-Central,sample_02396,1,2023-02-06
region_day_disjoint,Plateau-Central,sample_02397,1,2023-02-06
region_day_disjoint,Plateau-Central,sample_02398,1,2023-02-06
region_day_disjoint,Plateau-Central,sample_02399,1,2023-02-06
region_day_disjoint,Plateau-Central,sample_02400,1,2023-02-06
region_day_disjoint,Plateau-Central,sample_02401,1,2023-02-06
region_day_disjoint,Plateau-Central,sample_02595,1,2023-02-28
region_day_disjoint,Plateau-Central,sample_02597,1,2023-02-28
region_day_disjoint,Plateau-Central,sample_02598,1,2023-02-28
region_day_disjoint,Plateau-Central,sample_02599,1,2023-02-28
region_day_disjoint,Plateau-Central,sample_02603,1,2023-02-28
region_day_disjoint,Plateau-Central,sample_02605,1,2023-02-28
region_day_disjoint,Plateau-Central,sample_02608,1,2023-02-28
region_day_disjoint,Plateau-Central,sample_02609,1,2023-02-28
region_day_disjoint,Plateau-Central,sample_00970,2,2022-08-11
region_day_disjoint,Plateau-Central,sample_00971,2,2022-08-11
region_day_disjoint,Plateau-Central,sample_00972,2,2022-08-11
region_day_disjoint,Plateau-Central,sample_00973,2,2022-08-11
region_day_disjoint,Plateau-Central,sample_00974,2,2022-08-11
region_day_disjoint,Plateau-Central,sample_00975,2,2022-08-11
region_day_disjoint,Plateau-Central,sample_00976,2,2022-08-11
region_day_disjoint,Plateau-Central,sample_00977,2,2022-08-11
region_day_disjoint,Plateau-Central,sample_00978,2,2022-08-11
region_day_disjoint,Plateau-Central,sample_00979,2,2022-08-11
region_day_disjoint,Plateau-Central,sample_00980,2,2022-08-11
region_day_disjoint,Plateau-Central,sample_00981,2,2022-08-11
region_day_disjoint,Plateau-Central,sample_01454,2,2022-10-25
region_day_disjoint,Plateau-Central,sample_01455,2,2022-10-25
region_day_disjoint,Plateau-Central,sample_01456,2,2022-10-25
region_day_disjoint,Plateau-Central,sample_01850,2,2022-11-17
region_day_disjoint,Plateau-Central,sample_02142,2,2022-12-06
region_day_disjoint,Plateau-Central,sample_02143,2,2022-12-06
region_day_disjoint,Plateau-Central,sample_02144,2,2022-12-06
region_day_disjoint,Plateau-Central,sample_02145,2,2022-12-06
region_day_disjoint,Plateau-Central,sample_02146,2,2022-12-06
region_day_disjoint,Plateau-Central,sample_02147,2,2022-12-07
region_day_disjoint,Plateau-Central,sample_02148,2,2022-12-07
region_day_disjoint,Plateau-Central,sample_02149,2,2022-12-07
region_day_disjoint,Plateau-Central,sample_02150,2,2022-12-07
region_day_disjoint,Plateau-Central,sample_02151,2,2022-12-07
region_day_disjoint,Plateau-Central,sample_02152,2,2022-12-07
region_day_disjoint,Plateau-Central,sample_02153,2,2022-12-07
region_day_disjoint,Plateau-Central,sample_02154,2,2022-12-07
region_day_disjoint,Plateau-Central,sample_02155,2,2022-12-07
region_day_disjoint,Plateau-Central,sample_02156,2,2022-12-07
region_day_disjoint,Plateau-Central,sample_02157,2,2022-12-07
region_day_disjoint,Plateau-Central,sample_02158,2,2022-12-07
region_day_disjoint,Plateau-Central,sample_02159,2,2022-12-07
region_day_disjoint,Plateau-Central,sample_02160,2,2022-12-07
region_day_disjoint,Plateau-Central,sample_02161,2,2022-12-07
region_day_disjoint,Plateau-Central,sample_02162,2,2022-12-07
region_day_disjoint,Plateau-Central,sample_02163,2,2022-12-07
region_day_disjoint,Plateau-Central,sample_02164,2,2022-12-07
region_day_disjoint,Plateau-Central,sample_02165,2,2022-12-07
region_day_disjoint,Plateau-Central,sample_02166,2,2022-12-07
region_day_disjoint,Plateau-Central,sample_02167,2,2022-12-07
region_day_disjoint,Plateau-Central,sample_02168,2,2022-12-07
region_day_disjoint,Plateau-Central,sample_02169,2,2022-12-07
region_day_disjoint,Plateau-Central,sample_02170,2,2022-12-07
region_day_disjoint,Plateau-Central,sample_02171,2,2022-12-07
region_day_disjoint,Plateau-Central,sample_02172,2,2022-12-07
region_day_disjoint,Plateau-Central,sample_02173,2,2022-12-07
region_day_disjoint,Plateau-Central,sample_02174,2,2022-12-07
region_day_disjoint,Plateau-Central,sample_02175,2,2022-12-07
region_day_disjoint,Plateau-Central,sample_02251,2,2023-01-07
region_day_disjoint,Plateau-Central,sample_02316,2,2023-01-24
region_day_disjoint,Plateau-Central,sample_02317,2,2023-01-24
region_day_disjoint,Plateau-Central,sample_02318,2,2023-01-24
region_day_disjoint,Plateau-Central,sample_02319,2,2023-01-24
region_day_disjoint,Plateau-Central,sample_02320,2,2023-01-24
region_day_disjoint,Plateau-Central,sample_02323,2,2023-01-24
region_day_disjoint,Plateau-Central,sample_02324,2,2023-01-24
region_day_disjoint,Plateau-Central,sample_02325,2,2023-01-24
region_day_disjoint,Plateau-Central,sample_02326,2,2023-01-24
region_day_disjoint,Plateau-Central,sample_02327,2,2023-01-24
region_day_disjoint,Plateau-Central,sample_02328,2,2023-01-24
region_day_disjoint,Plateau-Central,sample_02329,2,2023-01-24
region_day_disjoint,Plateau-Central,sample_02330,2,2023-01-24
region_day_disjoint,Plateau-Central,sample_02331,2,2023-01-24
region_day_disjoint,Plateau-Central,sample_02332,2,2023-01-24
region_day_disjoint,Plateau-Central,sample_02333,2,2023-01-24
region_day_disjoint,Plateau-Central,sample_02334,2,2023-01-24
region_day_disjoint,Plateau-Central,sample_02335,2,2023-01-24
region_day_disjoint,Plateau-Central,sample_02336,2,2023-01-24
region_day_disjoint,Plateau-Central,sample_02337,2,2023-01-24
region_day_disjoint,Plateau-Central,sample_02346,2,2023-01-25
region_day_disjoint,Plateau-Central,sample_02347,2,2023-01-25
region_day_disjoint,Plateau-Central,sample_02348,2,2023-01-25
region_day_disjoint,Plateau-Central,sample_02349,2,2023-01-25
region_day_disjoint,Plateau-Central,sample_02350,2,2023-01-25
region_day_disjoint,Plateau-Central,sample_02351,2,2023-01-25
region_day_disjoint,Plateau-Central,sample_02352,2,2023-01-25
region_day_disjoint,Plateau-Central,sample_02353,2,2023-01-25
region_day_disjoint,Plateau-Central,sample_02354,2,2023-01-25
region_day_disjoint,Plateau-Central,sample_02355,2,2023-01-25
region_day_disjoint,Plateau-Central,sample_02356,2,2023-01-25
region_day_disjoint,Plateau-Central,sample_02357,2,2023-01-30
region_day_disjoint,Plateau-Central,sample_02425,2,2023-02-08
region_day_disjoint,Plateau-Central,sample_02426,2,2023-02-08
region_day_disjoint,Plateau-Central,sample_02427,2,2023-02-08
region_day_disjoint,Plateau-Central,sample_02428,2,2023-02-08
region_day_disjoint,Plateau-Central,sample_02429,2,2023-02-08
region_day_disjoint,Plateau-Central,sample_02430,2,2023-02-09
region_day_disjoint,Plateau-Central,sample_02431,2,2023-02-09
region_day_disjoint,Plateau-Central,sample_02432,2,2023-02-09
region_day_disjoint,Plateau-Central,sample_02433,2,2023-02-09
region_day_disjoint,Plateau-Central,sample_02434,2,2023-02-09
region_day_disjoint,Plateau-Central,sample_02435,2,2023-02-09
region_day_disjoint,Plateau-Central,sample_02436,2,2023-02-09
region_day_disjoint,Plateau-Central,sample_02437,2,2023-02-09
region_day_disjoint,Plateau-Central,sample_02438,2,2023-02-09
region_day_disjoint,Plateau-Central,sample_02439,2,2023-02-09
region_day_disjoint,Plateau-Central,sample_02440,2,2023-02-09
region_day_disjoint,Plateau-Central,sample_02441,2,2023-02-09
region_day_disjoint,Plateau-Central,sample_02442,2,2023-02-13
region_day_disjoint,Plateau-Central,sample_02443,2,2023-02-13
region_day_disjoint,Plateau-Central,sample_02445,2,2023-02-13
region_day_disjoint,Plateau-Central,sample_02446,2,2023-02-13
region_day_disjoint,Plateau-Central,sample_02447,2,2023-02-13
region_day_disjoint,Plateau-Central,sample_02463,2,2023-02-16
region_day_disjoint,Plateau-Central,sample_02464,2,2023-02-16
region_day_disjoint,Plateau-Central,sample_02465,2,2023-02-16
region_day_disjoint,Plateau-Central,sample_02474,2,2023-02-21
region_day_disjoint,Plateau-Central,sample_02475,2,2023-02-21
region_day_disjoint,Plateau-Central,sample_02476,2,2023-02-21
region_day_disjoint,Plateau-Central,sample_02477,2,2023-02-21
region_day_disjoint,Plateau-Central,sample_02941,2,2023-03-22
region_day_disjoint,Plateau-Central,sample_02945,2,2023-03-22
region_day_disjoint,Plateau-Central,sample_02947,2,2023-03-22
region_day_disjoint,Plateau-Central,sample_02950,2,2023-03-22
region_day_disjoint,Plateau-Central,sample_02952,2,2023-03-22
region_day_disjoint,Plateau-Central,sample_02953,2,2023-03-22
region_day_disjoint,Plateau-Central,sample_02957,2,2023-03-22
region_day_disjoint,Plateau-Central,sample_02959,2,2023-03-22
region_day_disjoint,Plateau-Central,sample_02966,2,2023-03-22
region_day_disjoint,Plateau-Central,sample_02968,2,2023-03-22
region_day_disjoint,Plateau-Central,sample_02975,2,2023-03-22
region_day_disjoint,Plateau-Central,sample_02976,2,2023-03-22
region_day_disjoint,Plateau-Central,sample_02977,2,2023-03-23
region_day_disjoint,Plateau-Central,sample_03060,2,2023-04-05
region_day_disjoint,Plateau-Central,sample_03061,2,2023-04-05
region_day_disjoint,Plateau-Central,sample_03063,2,2023-04-05
region_day_disjoint,Plateau-Central,sample_03064,2,2023-04-05
region_day_disjoint,Plateau-Central,sample_03066,2,2023-04-05
region_day_disjoint,Plateau-Central,sample_03067,2,2023-04-05
region_day_disjoint,Plateau-Central,sample_03068,2,2023-04-05
region_day_disjoint,Plateau-Central,sample_03069,2,2023-04-05
region_day_disjoint,Plateau-Central,sample_03070,2,2023-04-05
region_day_disjoint,Plateau-Central,sample_03071,2,2023-04-05
region_day_disjoint,Plateau-Central,sample_03073,2,2023-04-05
region_day_disjoint,Plateau-Central,sample_03074,2,2023-04-05
region_day_disjoint,Plateau-Central,sample_03075,2,2023-04-05
region_day_disjoint,Plateau-Central,sample_03076,2,2023-04-05
region_day_disjoint,Plateau-Central,sample_03078,2,2023-04-05
region_day_disjoint,Plateau-Central,sample_03079,2,2023-04-05
region_day_disjoint,Plateau-Central,sample_03082,2,2023-04-05
region_day_disjoint,Plateau-Central,sample_03083,2,2023-04-05
region_day_disjoint,Plateau-Central,sample_03093,2,2023-04-11
region_day_disjoint,Plateau-Central,sample_00813,3,2022-08-02
region_day_disjoint,Plateau-Central,sample_00814,3,2022-08-02
region_day_disjoint,Plateau-Central,sample_00815,3,2022-08-02
region_day_disjoint,Plateau-Central,sample_00816,3,2022-08-02
region_day_disjoint,Plateau-Central,sample_00817,3,2022-08-02
region_day_disjoint,Plateau-Central,sample_00818,3,2022-08-02
region_day_disjoint,Plateau-Central,sample_00819,3,2022-08-02
region_day_disjoint,Plateau-Central,sample_00820,3,2022-08-02
region_day_disjoint,Plateau-Central,sample_00821,3,2022-08-02
region_day_disjoint,Plateau-Central,sample_00822,3,2022-08-02
region_day_disjoint,Plateau-Central,sample_00823,3,2022-08-02
region_day_disjoint,Plateau-Central,sample_00824,3,2022-08-02
region_day_disjoint,Plateau-Central,sample_01145,3,2022-08-25
region_day_disjoint,Plateau-Central,sample_01146,3,2022-08-25
region_day_disjoint,Plateau-Central,sample_01147,3,2022-08-25
region_day_disjoint,Plateau-Central,sample_01148,3,2022-08-25
region_day_disjoint,Plateau-Central,sample_01149,3,2022-08-25
region_day_disjoint,Plateau-Central,sample_01150,3,2022-08-25
region_day_disjoint,Plateau-Central,sample_01151,3,2022-08-25
region_day_disjoint,Plateau-Central,sample_01152,3,2022-08-25
region_day_disjoint,Plateau-Central,sample_01153,3,2022-08-25
region_day_disjoint,Plateau-Central,sample_01154,3,2022-08-25
region_day_disjoint,Plateau-Central,sample_01155,3,2022-08-25
region_day_disjoint,Plateau-Central,sample_01156,3,2022-08-25
region_day_disjoint,Plateau-Central,sample_01157,3,2022-08-25
region_day_disjoint,Plateau-Central,sample_01158,3,2022-08-25
region_day_disjoint,Plateau-Central,sample_01159,3,2022-08-25
region_day_disjoint,Plateau-Central,sample_01160,3,2022-08-25
region_day_disjoint,Plateau-Central,sample_01161,3,2022-08-25
region_day_disjoint,Plateau-Central,sample_01162,3,2022-08-25
region_day_disjoint,Plateau-Central,sample_01163,3,2022-08-25
region_day_disjoint,Plateau-Central,sample_01164,3,2022-08-25
region_day_disjoint,Plateau-Central,sample_01165,3,2022-08-25
region_day_disjoint,Plateau-Central,sample_01166,3,2022-08-25
region_day_disjoint,Plateau-Central,sample_01167,3,2022-08-25
region_day_disjoint,Plateau-Central,sample_01168,3,2022-08-25
region_day_disjoint,Plateau-Central,sample_01169,3,2022-08-25
region_day_disjoint,Plateau-Central,sample_01170,3,2022-08-25
region_day_disjoint,Plateau-Central,sample_01171,3,2022-08-25
region_day_disjoint,Plateau-Central,sample_01172,3,2022-08-25
region_day_disjoint,Plateau-Central,sample_01173,3,2022-08-25
region_day_disjoint,Plateau-Central,sample_01174,3,2022-08-25
region_day_disjoint,Plateau-Central,sample_01175,3,2022-08-25
region_day_disjoint,Plateau-Central,sample_01176,3,2022-08-25
region_day_disjoint,Plateau-Central,sample_01177,3,2022-08-25
region_day_disjoint,Plateau-Central,sample_01178,3,2022-08-25
region_day_disjoint,Plateau-Central,sample_01179,3,2022-08-25
region_day_disjoint,Plateau-Central,sample_01180,3,2022-08-25
region_day_disjoint,Plateau-Central,sample_01181,3,2022-08-25
region_day_disjoint,Plateau-Central,sample_01457,3,2022-10-26
region_day_disjoint,Plateau-Central,sample_01460,3,2022-10-26
region_day_disjoint,Plateau-Central,sample_01463,3,2022-10-26
region_day_disjoint,Plateau-Central,sample_01510,3,2022-10-26
region_day_disjoint,Plateau-Central,sample_01517,3,2022-10-26
region_day_disjoint,Plateau-Central,sample_01518,3,2022-10-26
region_day_disjoint,Plateau-Central,sample_01752,3,2022-11-14
region_day_disjoint,Plateau-Central,sample_01907,3,2022-11-18
region_day_disjoint,Plateau-Central,sample_01978,3,2022-11-18
region_day_disjoint,Plateau-Central,sample_02243,3,2023-01-05
region_day_disjoint,Plateau-Central,sample_02244,3,2023-01-05
region_day_disjoint,Plateau-Central,sample_02246,3,2023-01-05
region_day_disjoint,Plateau-Central,sample_02247,3,2023-01-05
region_day_disjoint,Plateau-Central,sample_02248,3,2023-01-05
region_day_disjoint,Plateau-Central,sample_02249,3,2023-01-05
region_day_disjoint,Plateau-Central,sample_02250,3,2023-01-05
region_day_disjoint,Plateau-Central,sample_02252,3,2023-01-10
region_day_disjoint,Plateau-Central,sample_02253,3,2023-01-10
region_day_disjoint,Plateau-Central,sample_02254,3,2023-01-10
region_day_disjoint,Plateau-Central,sample_02255,3,2023-01-10
region_day_disjoint,Plateau-Central,sample_02256,3,2023-01-10
region_day_disjoint,Plateau-Central,sample_02257,3,2023-01-10
region_day_disjoint,Plateau-Central,sample_02258,3,2023-01-10
region_day_disjoint,Plateau-Central,sample_02259,3,2023-01-10
region_day_disjoint,Plateau-Central,sample_02260,3,2023-01-10
region_day_disjoint,Plateau-Central,sample_02290,3,2023-01-18
region_day_disjoint,Plateau-Central,sample_02291,3,2023-01-18
region_day_disjoint,Plateau-Central,sample_02292,3,2023-01-18
region_day_disjoint,Plateau-Central,sample_02293,3,2023-01-18
region_day_disjoint,Plateau-Central,sample_02294,3,2023-01-18
region_day_disjoint,Plateau-Central,sample_02295,3,2023-01-18
region_day_disjoint,Plateau-Central,sample_02296,3,2023-01-18
region_day_disjoint,Plateau-Central,sample_02297,3,2023-01-18
region_day_disjoint,Plateau-Central,sample_02298,3,2023-01-18
region_day_disjoint,Plateau-Central,sample_02299,3,2023-01-18
region_day_disjoint,Plateau-Central,sample_02300,3,2023-01-18
region_day_disjoint,Plateau-Central,sample_02301,3,2023-01-18
region_day_disjoint,Plateau-Central,sample_02302,3,2023-01-18
region_day_disjoint,Plateau-Central,sample_02303,3,2023-01-18
region_day_disjoint,Plateau-Central,sample_02304,3,2023-01-18
region_day_disjoint,Plateau-Central,sample_02305,3,2023-01-18
region_day_disjoint,Plateau-Central,sample_02306,3,2023-01-18
region_day_disjoint,Plateau-Central,sample_02307,3,2023-01-19
region_day_disjoint,Plateau-Central,sample_02308,3,2023-01-19
region_day_disjoint,Plateau-Central,sample_02309,3,2023-01-19
region_day_disjoint,Plateau-Central,sample_02310,3,2023-01-19
region_day_disjoint,Plateau-Central,sample_02311,3,2023-01-19
region_day_disjoint,Plateau-Central,sample_02312,3,2023-01-19
region_day_disjoint,Plateau-Central,sample_02313,3,2023-01-19
region_day_disjoint,Plateau-Central,sample_02314,3,2023-01-19
region_day_disjoint,Plateau-Central,sample_02359,3,2023-01-31
region_day_disjoint,Plateau-Central,sample_02360,3,2023-01-31
region_day_disjoint,Plateau-Central,sample_02361,3,2023-01-31
region_day_disjoint,Plateau-Central,sample_02362,3,2023-01-31
region_day_disjoint,Plateau-Central,sample_02363,3,2023-01-31
region_day_disjoint,Plateau-Central,sample_02364,3,2023-01-31
region_day_disjoint,Plateau-Central,sample_02366,3,2023-01-31
region_day_disjoint,Plateau-Central,sample_02448,3,2023-02-14
region_day_disjoint,Plateau-Central,sample_02472,3,2023-02-20
region_day_disjoint,Plateau-Central,sample_02473,3,2023-02-20
region_day_disjoint,Plateau-Central,sample_02556,3,2023-02-24
region_day_disjoint,Plateau-Central,sample_02557,3,2023-02-24
region_day_disjoint,Plateau-Central,sample_02558,3,2023-02-24
region_day_disjoint,Plateau-Central,sample_02840,3,2023-03-11
region_day_disjoint,Plateau-Central,sample_02855,3,2023-03-11
region_day_disjoint,Plateau-Central,sample_02924,3,2023-03-21
region_day_disjoint,Plateau-Central,sample_02925,3,2023-03-21
region_day_disjoint,Plateau-Central,sample_02927,3,2023-03-21
region_day_disjoint,Plateau-Central,sample_02928,3,2023-03-21
region_day_disjoint,Plateau-Central,sample_02930,3,2023-03-21
region_day_disjoint,Plateau-Central,sample_02931,3,2023-03-21
region_day_disjoint,Plateau-Central,sample_02933,3,2023-03-21
region_day_disjoint,Plateau-Central,sample_02935,3,2023-03-21
region_day_disjoint,Plateau-Central,sample_02936,3,2023-03-21
region_day_disjoint,Plateau-Central,sample_02937,3,2023-03-21
region_day_disjoint,Plateau-Central,sample_02939,3,2023-03-21
region_day_disjoint,Plateau-Central,sample_03024,3,2023-03-29
region_day_disjoint,Plateau-Central,sample_03025,3,2023-03-29
region_day_disjoint,Plateau-Central,sample_03027,3,2023-03-29
region_day_disjoint,Plateau-Central,sample_03052,3,2023-04-04
region_day_disjoint,Plateau-Central,sample_03053,3,2023-04-04
region_day_disjoint,Plateau-Central,sample_03056,3,2023-04-04
region_day_disjoint,Plateau-Central,sample_03057,3,2023-04-04
region_day_disjoint,Plateau-Central,sample_03058,3,2023-04-04
region_day_disjoint,Plateau-Central,sample_03196,3,2023-04-13
region_day_disjoint,Plateau-Central,sample_03197,3,2023-04-13
region_day_disjoint,Plateau-Central,sample_03200,3,2023-04-13
region_day_disjoint,Plateau-Central,sample_03202,3,2023-04-13
region_day_disjoint,Plateau-Central,sample_03203,3,2023-04-13
region_day_disjoint,Plateau-Central,sample_03204,3,2023-04-13
region_day_disjoint,Plateau-Central,sample_03206,3,2023-04-13
region_day_disjoint,Plateau-Central,sample_03207,3,2023-04-13
region_day_disjoint,Plateau-Central,sample_03210,3,2023-04-13
region_day_disjoint,Plateau-Central,sample_03211,3,2023-04-13
region_day_disjoint,Plateau-Central,sample_03213,3,2023-04-13
region_day_disjoint,Plateau-Central,sample_03214,3,2023-04-13
region_day_disjoint,Plateau-Central,sample_01279,4,2022-08-31
region_day_disjoint,Plateau-Central,sample_01280,4,2022-08-31
region_day_disjoint,Plateau-Central,sample_01281,4,2022-08-31
region_day_disjoint,Plateau-Central,sample_01282,4,2022-08-31
region_day_disjoint,Plateau-Central,sample_01283,4,2022-08-31
region_day_disjoint,Plateau-Central,sample_01284,4,2022-08-31
region_day_disjoint,Plateau-Central,sample_01285,4,2022-08-31
region_day_disjoint,Plateau-Central,sample_01286,4,2022-08-31
region_day_disjoint,Plateau-Central,sample_01287,4,2022-08-31
region_day_disjoint,Plateau-Central,sample_01288,4,2022-08-31
region_day_disjoint,Plateau-Central,sample_01289,4,2022-08-31
region_day_disjoint,Plateau-Central,sample_01290,4,2022-08-31
region_day_disjoint,Plateau-Central,sample_01291,4,2022-08-31
region_day_disjoint,Plateau-Central,sample_01292,4,2022-08-31
region_day_disjoint,Plateau-Central,sample_01293,4,2022-08-31
region_day_disjoint,Plateau-Central,sample_01294,4,2022-08-31
region_day_disjoint,Plateau-Central,sample_01295,4,2022-08-31
region_day_disjoint,Plateau-Central,sample_01296,4,2022-09-01
region_day_disjoint,Plateau-Central,sample_01297,4,2022-09-01
region_day_disjoint,Plateau-Central,sample_01298,4,2022-09-01
region_day_disjoint,Plateau-Central,sample_01299,4,2022-09-01
region_day_disjoint,Plateau-Central,sample_01300,4,2022-09-01
region_day_disjoint,Plateau-Central,sample_01301,4,2022-09-01
region_day_disjoint,Plateau-Central,sample_01302,4,2022-09-01
region_day_disjoint,Plateau-Central,sample_01303,4,2022-09-01
region_day_disjoint,Plateau-Central,sample_01304,4,2022-09-01
region_day_disjoint,Plateau-Central,sample_01305,4,2022-09-01
region_day_disjoint,Plateau-Central,sample_01306,4,2022-09-01
region_day_disjoint,Plateau-Central,sample_01307,4,2022-09-01
region_day_disjoint,Plateau-Central,sample_01308,4,2022-09-01
region_day_disjoint,Plateau-Central,sample_01309,4,2022-09-01
region_day_disjoint,Plateau-Central,sample_01310,4,2022-09-01
region_day_disjoint,Plateau-Central,sample_01311,4,2022-09-01
region_day_disjoint,Plateau-Central,sample_01312,4,2022-09-01
region_day_disjoint,Plateau-Central,sample_01313,4,2022-09-01
region_day_disjoint,Plateau-Central,sample_01314,4,2022-09-01
region_day_disjoint,Plateau-Central,sample_01315,4,2022-09-01
region_day_disjoint,Plateau-Central,sample_01316,4,2022-09-01
region_day_disjoint,Plateau-Central,sample_01317,4,2022-09-01
region_day_disjoint,Plateau-Central,sample_01318,4,2022-09-01
region_day_disjoint,Plateau-Central,sample_01319,4,2022-09-01
region_day_disjoint,Plateau-Central,sample_01320,4,2022-09-01
region_day_disjoint,Plateau-Central,sample_01321,4,2022-09-01
region_day_disjoint,Plateau-Central,sample_01322,4,2022-09-01
region_day_disjoint,Plateau-Central,sample_01323,4,2022-09-01
region_day_disjoint,Plateau-Central,sample_01324,4,2022-09-01
region_day_disjoint,Plateau-Central,sample_01325,4,2022-09-01
region_day_disjoint,Plateau-Central,sample_01326,4,2022-09-01
region_day_disjoint,Plateau-Central,sample_01327,4,2022-09-01
region_day_disjoint,Plateau-Central,sample_01328,4,2022-09-01
region_day_disjoint,Plateau-Central,sample_01329,4,2022-09-01
region_day_disjoint,Plateau-Central,sample_01330,4,2022-09-01
region_day_disjoint,Plateau-Central,sample_01331,4,2022-09-01
region_day_disjoint,Plateau-Central,sample_01332,4,2022-09-01
region_day_disjoint,Plateau-Central,sample_01333,4,2022-09-01
region_day_disjoint,Plateau-Central,sample_01334,4,2022-09-01
region_day_disjoint,Plateau-Central,sample_01335,4,2022-09-01
region_day_disjoint,Plateau-Central,sample_01336,4,2022-09-01
region_day_disjoint,Plateau-Central,sample_01338,4,2022-10-19
region_day_disjoint,Plateau-Central,sample_01339,4,2022-10-19
region_day_disjoint,Plateau-Central,sample_01340,4,2022-10-19
region_day_disjoint,Plateau-Central,sample_01342,4,2022-10-19
region_day_disjoint,Plateau-Central,sample_01343,4,2022-10-19
region_day_disjoint,Plateau-Central,sample_01345,4,2022-10-19
region_day_disjoint,Plateau-Central,sample_01346,4,2022-10-19
region_day_disjoint,Plateau-Central,sample_01347,4,2022-10-19
region_day_disjoint,Plateau-Central,sample_01348,4,2022-10-19
region_day_disjoint,Plateau-Central,sample_01349,4,2022-10-19
region_day_disjoint,Plateau-Central,sample_01350,4,2022-10-19
region_day_disjoint,Plateau-Central,sample_01351,4,2022-10-19
region_day_disjoint,Plateau-Central,sample_01355,4,2022-10-19
region_day_disjoint,Plateau-Central,sample_01356,4,2022-10-19
region_day_disjoint,Plateau-Central,sample_01367,4,2022-10-19
region_day_disjoint,Plateau-Central,sample_01373,4,2022-10-19
region_day_disjoint,Plateau-Central,sample_01378,4,2022-10-19
region_day_disjoint,Plateau-Central,sample_01675,4,2022-11-11
region_day_disjoint,Plateau-Central,sample_01678,4,2022-11-11
region_day_disjoint,Plateau-Central,sample_01681,4,2022-11-11
region_day_disjoint,Plateau-Central,sample_01687,4,2022-11-11
region_day_disjoint,Plateau-Central,sample_01688,4,2022-11-11
region_day_disjoint,Plateau-Central,sample_01689,4,2022-11-11
region_day_disjoint,Plateau-Central,sample_01690,4,2022-11-11
region_day_disjoint,Plateau-Central,sample_01691,4,2022-11-11
region_day_disjoint,Plateau-Central,sample_01692,4,2022-11-11
region_day_disjoint,Plateau-Central,sample_01693,4,2022-11-11
region_day_disjoint,Plateau-Central,sample_01694,4,2022-11-11
region_day_disjoint,Plateau-Central,sample_01695,4,2022-11-11
region_day_disjoint,Plateau-Central,sample_01696,4,2022-11-11
region_day_disjoint,Plateau-Central,sample_01697,4,2022-11-11
region_day_disjoint,Plateau-Central,sample_01698,4,2022-11-11
region_day_disjoint,Plateau-Central,sample_01699,4,2022-11-11
region_day_disjoint,Plateau-Central,sample_01700,4,2022-11-11
region_day_disjoint,Plateau-Central,sample_01701,4,2022-11-11
region_day_disjoint,Plateau-Central,sample_01702,4,2022-11-11
region_day_disjoint,Plateau-Central,sample_01703,4,2022-11-11
region_day_disjoint,Plateau-Central,sample_01704,4,2022-11-11
region_day_disjoint,Plateau-Central,sample_01705,4,2022-11-11
region_day_disjoint,Plateau-Central,sample_01706,4,2022-11-11
region_day_disjoint,Plateau-Central,sample_01707,4,2022-11-11
region_day_disjoint,Plateau-Central,sample_01708,4,2022-11-11
region_day_disjoint,Plateau-Central,sample_01709,4,2022-11-11
region_day_disjoint,Plateau-Central,sample_01711,4,2022-11-11
region_day_disjoint,Plateau-Central,sample_01982,4,2022-11-20
region_day_disjoint,Plateau-Central,sample_01983,4,2022-11-20
region_day_disjoint,Plateau-Central,sample_01984,4,2022-11-20
region_day_disjoint,Plateau-Central,sample_01985,4,2022-11-20
region_day_disjoint,Plateau-Central,sample_01986,4,2022-11-20
region_day_disjoint,Plateau-Central,sample_01987,4,2022-11-20
region_day_disjoint,Plateau-Central,sample_01988,4,2022-11-20
region_day_disjoint,Plateau-Central,sample_01989,4,2022-11-20
region_day_disjoint,Plateau-Central,sample_01990,4,2022-11-20
region_day_disjoint,Plateau-Central,sample_01991,4,2022-11-20
region_day_disjoint,Plateau-Central,sample_01992,4,2022-11-20
region_day_disjoint,Plateau-Central,sample_01993,4,2022-11-20
region_day_disjoint,Plateau-Central,sample_01994,4,2022-11-20
region_day_disjoint,Plateau-Central,sample_01995,4,2022-11-20
region_day_disjoint,Plateau-Central,sample_02127,4,2022-11-25
region_day_disjoint,Plateau-Central,sample_02176,4,2022-12-13
region_day_disjoint,Plateau-Central,sample_02177,4,2022-12-13
region_day_disjoint,Plateau-Central,sample_02178,4,2022-12-13
region_day_disjoint,Plateau-Central,sample_02179,4,2022-12-13
region_day_disjoint,Plateau-Central,sample_02180,4,2022-12-13
region_day_disjoint,Plateau-Central,sample_02181,4,2022-12-13
region_day_disjoint,Plateau-Central,sample_02182,4,2022-12-13
region_day_disjoint,Plateau-Central,sample_02186,4,2022-12-13
region_day_disjoint,Plateau-Central,sample_02187,4,2022-12-13
region_day_disjoint,Plateau-Central,sample_02193,4,2022-12-13
region_day_disjoint,Plateau-Central,sample_02194,4,2022-12-14
region_day_disjoint,Plateau-Central,sample_02196,4,2022-12-14
region_day_disjoint,Plateau-Central,sample_02197,4,2022-12-14
region_day_disjoint,Plateau-Central,sample_02198,4,2022-12-14
region_day_disjoint,Plateau-Central,sample_02199,4,2022-12-14
region_day_disjoint,Plateau-Central,sample_02200,4,2022-12-14
region_day_disjoint,Plateau-Central,sample_02201,4,2022-12-14
region_day_disjoint,Plateau-Central,sample_02202,4,2022-12-14
region_day_disjoint,Plateau-Central,sample_02203,4,2022-12-14
region_day_disjoint,Plateau-Central,sample_02204,4,2022-12-14
region_day_disjoint,Plateau-Central,sample_02242,4,2023-01-04
region_day_disjoint,Plateau-Central,sample_02559,4,2023-02-25
region_day_disjoint,Plateau-Central,sample_02560,4,2023-02-25
region_day_disjoint,Plateau-Central,sample_02561,4,2023-02-25
region_day_disjoint,Plateau-Central,sample_02562,4,2023-02-25
region_day_disjoint,Plateau-Central,sample_02563,4,2023-02-25
region_day_disjoint,Plateau-Central,sample_02564,4,2023-02-25
region_day_disjoint,Plateau-Central,sample_02565,4,2023-02-25
region_day_disjoint,Plateau-Central,sample_02566,4,2023-02-25
region_day_disjoint,Plateau-Central,sample_02567,4,2023-02-25
region_day_disjoint,Plateau-Central,sample_03006,4,2023-03-28
region_day_disjoint,Plateau-Central,sample_03007,4,2023-03-28
region_day_disjoint,Plateau-Central,sample_03008,4,2023-03-28
region_day_disjoint,Plateau-Central,sample_03010,4,2023-03-28
region_day_disjoint,Plateau-Central,sample_03011,4,2023-03-28
region_day_disjoint,Plateau-Central,sample_03013,4,2023-03-28
region_day_disjoint,Plateau-Central,sample_03014,4,2023-03-28
region_day_disjoint,Plateau-Central,sample_03017,4,2023-03-28
region_day_disjoint,Plateau-Central,sample_03019,4,2023-03-28
region_day_disjoint,Plateau-Central,sample_03021,4,2023-03-28
region_day_disjoint,Plateau-Central,sample_03023,4,2023-03-28
region_only,Centre-Ouest,sample_00832,0,2022-08-05
region_only,Centre-Ouest,sample_00833,0,2022-08-05
region_only,Centre-Ouest,sample_00834,0,2022-08-05
region_only,Centre-Ouest,sample_00835,0,2022-08-05
region_only,Centre-Ouest,sample_00836,0,2022-08-05
region_only,Centre-Ouest,sample_00837,0,2022-08-05
region_only,Centre-Ouest,sample_00838,0,2022-08-05
region_only,Centre-Ouest,sample_00839,0,2022-08-05
region_only,Centre-Ouest,sample_00840,0,2022-08-05
region_only,Centre-Ouest,sample_00841,0,2022-08-05
region_only,Centre-Ouest,sample_00842,0,2022-08-05
region_only,Centre-Ouest,sample_00843,0,2022-08-05
region_only,Centre-Ouest,sample_00844,0,2022-08-05
region_only,Centre-Ouest,sample_00845,0,2022-08-05
region_only,Centre-Ouest,sample_00846,0,2022-08-05
region_only,Centre-Ouest,sample_00847,0,2022-08-05
region_only,Centre-Ouest,sample_00848,0,2022-08-05
region_only,Centre-Ouest,sample_00849,0,2022-08-05
region_only,Centre-Ouest,sample_01123,0,2022-08-24
region_only,Centre-Ouest,sample_01124,0,2022-08-24
region_only,Centre-Ouest,sample_01125,0,2022-08-24
region_only,Centre-Ouest,sample_01126,0,2022-08-24
region_only,Centre-Ouest,sample_01127,0,2022-08-24
region_only,Centre-Ouest,sample_01128,0,2022-08-24
region_only,Centre-Ouest,sample_01129,0,2022-08-24
region_only,Centre-Ouest,sample_01130,0,2022-08-24
region_only,Centre-Ouest,sample_01131,0,2022-08-24
region_only,Centre-Ouest,sample_01133,0,2022-08-24
region_only,Centre-Ouest,sample_01134,0,2022-08-24
region_only,Centre-Ouest,sample_01135,0,2022-08-24
region_only,Centre-Ouest,sample_01136,0,2022-08-24
region_only,Centre-Ouest,sample_01137,0,2022-08-24
region_only,Centre-Ouest,sample_01138,0,2022-08-24
region_only,Centre-Ouest,sample_01139,0,2022-08-24
region_only,Centre-Ouest,sample_01140,0,2022-08-24
region_only,Centre-Ouest,sample_01142,0,2022-08-24
region_only,Centre-Ouest,sample_01143,0,2022-08-24
region_only,Centre-Ouest,sample_01144,0,2022-08-24
region_only,Centre-Ouest,sample_01386,0,2022-10-20
region_only,Centre-Ouest,sample_01388,0,2022-10-20
region_only,Centre-Ouest,sample_01391,0,2022-10-20
region_only,Centre-Ouest,sample_02085,0,2022-11-24
region_only,Centre-Ouest,sample_02086,0,2022-11-24
region_only,Centre-Ouest,sample_02087,0,2022-11-24
region_only,Centre-Ouest,sample_02088,0,2022-11-24
region_only,Centre-Ouest,sample_02089,0,2022-11-24
region_only,Centre-Ouest,sample_02090,0,2022-11-24
region_only,Centre-Ouest,sample_02094,0,2022-11-24
region_only,Centre-Ouest,sample_02096,0,2022-11-24
region_only,Centre-Ouest,sample_02289,0,2023-01-17
region_only,Centre-Ouest,sample_02290,0,2023-01-18
region_only,Centre-Ouest,sample_02291,0,2023-01-18
region_only,Centre-Ouest,sample_02292,0,2023-01-18
region_only,Centre-Ouest,sample_02293,0,2023-01-18
region_only,Centre-Ouest,sample_02294,0,2023-01-18
region_only,Centre-Ouest,sample_02295,0,2023-01-18
region_only,Centre-Ouest,sample_02296,0,2023-01-18
region_only,Centre-Ouest,sample_02297,0,2023-01-18
region_only,Centre-Ouest,sample_02298,0,2023-01-18
region_only,Centre-Ouest,sample_02299,0,2023-01-18
region_only,Centre-Ouest,sample_02300,0,2023-01-18
region_only,Centre-Ouest,sample_02301,0,2023-01-18
region_only,Centre-Ouest,sample_02302,0,2023-01-18
region_only,Centre-Ouest,sample_02303,0,2023-01-18
region_only,Centre-Ouest,sample_02304,0,2023-01-18
region_only,Centre-Ouest,sample_02305,0,2023-01-18
region_only,Centre-Ouest,sample_02306,0,2023-01-18
region_only,Centre-Ouest,sample_02320,0,2023-01-24
region_only,Centre-Ouest,sample_02323,0,2023-01-24
region_only,Centre-Ouest,sample_02324,0,2023-01-24
region_only,Centre-Ouest,sample_02325,0,2023-01-24
region_only,Centre-Ouest,sample_02326,0,2023-01-24
region_only,Centre-Ouest,sample_02327,0,2023-01-24
region_only,Centre-Ouest,sample_02328,0,2023-01-24
region_only,Centre-Ouest,sample_02329,0,2023-01-24
region_only,Centre-Ouest,sample_02330,0,2023-01-24
region_only,Centre-Ouest,sample_02331,0,2023-01-24
region_only,Centre-Ouest,sample_02332,0,2023-01-24
region_only,Centre-Ouest,sample_02333,0,2023-01-24
region_only,Centre-Ouest,sample_02334,0,2023-01-24
region_only,Centre-Ouest,sample_02335,0,2023-01-24
region_only,Centre-Ouest,sample_02336,0,2023-01-24
region_only,Centre-Ouest,sample_02337,0,2023-01-24
region_only,Centre-Ouest,sample_02357,0,2023-01-30
region_only,Centre-Ouest,sample_02478,0,2023-02-23
region_only,Centre-Ouest,sample_02479,0,2023-02-23
region_only,Centre-Ouest,sample_02480,0,2023-02-23
region_only,Centre-Ouest,sample_02481,0,2023-02-23
region_only,Centre-Ouest,sample_02482,0,2023-02-23
region_only,Centre-Ouest,sample_02483,0,2023-02-23
region_only,Centre-Ouest,sample_02484,0,2023-02-23
region_only,Centre-Ouest,sample_02485,0,2023-02-23
region_only,Centre-Ouest,sample_02487,0,2023-02-23
region_only,Centre-Ouest,sample_02489,0,2023-02-23
region_only,Centre-Ouest,sample_02491,0,2023-02-23
region_only,Centre-Ouest,sample_02492,0,2023-02-23
region_only,Centre-Ouest,sample_02494,0,2023-02-23
region_only,Centre-Ouest,sample_02495,0,2023-02-23
region_only,Centre-Ouest,sample_02496,0,2023-02-23
region_only,Centre-Ouest,sample_02499,0,2023-02-23
region_only,Centre-Ouest,sample_02501,0,2023-02-23
region_only,Centre-Ouest,sample_02503,0,2023-02-23
region_only,Centre-Ouest,sample_02509,0,2023-02-23
region_only,Centre-Ouest,sample_02510,0,2023-02-23
region_only,Centre-Ouest,sample_02511,0,2023-02-23
region_only,Centre-Ouest,sample_02512,0,2023-02-23
region_only,Centre-Ouest,sample_02514,0,2023-02-23
region_only,Centre-Ouest,sample_02515,0,2023-02-23
region_only,Centre-Ouest,sample_02519,0,2023-02-23
region_only,Centre-Ouest,sample_02521,0,2023-02-23
region_only,Centre-Ouest,sample_02535,0,2023-02-23
region_only,Centre-Ouest,sample_02536,0,2023-02-23
region_only,Centre-Ouest,sample_02538,0,2023-02-23
region_only,Centre-Ouest,sample_02539,0,2023-02-23
region_only,Centre-Ouest,sample_02544,0,2023-02-23
region_only,Centre-Ouest,sample_02560,0,2023-02-25
region_only,Centre-Ouest,sample_02561,0,2023-02-25
region_only,Centre-Ouest,sample_02562,0,2023-02-25
region_only,Centre-Ouest,sample_02563,0,2023-02-25
region_only,Centre-Ouest,sample_02564,0,2023-02-25
region_only,Centre-Ouest,sample_02565,0,2023-02-25
region_only,Centre-Ouest,sample_02566,0,2023-02-25
region_only,Centre-Ouest,sample_02567,0,2023-02-25
region_only,Centre-Ouest,sample_02573,0,2023-02-27
region_only,Centre-Ouest,sample_02576,0,2023-02-27
region_only,Centre-Ouest,sample_02579,0,2023-02-27
region_only,Centre-Ouest,sample_02584,0,2023-02-27
region_only,Centre-Ouest,sample_02585,0,2023-02-27
region_only,Centre-Ouest,sample_02587,0,2023-02-27
region_only,Centre-Ouest,sample_02590,0,2023-02-27
region_only,Centre-Ouest,sample_02612,0,2023-03-01
region_only,Centre-Ouest,sample_02613,0,2023-03-01
region_only,Centre-Ouest,sample_02855,0,2023-03-11
region_only,Centre-Ouest,sample_02879,0,2023-03-14
region_only,Centre-Ouest,sample_02880,0,2023-03-14
region_only,Centre-Ouest,sample_02882,0,2023-03-14
region_only,Centre-Ouest,sample_02897,0,2023-03-15
region_only,Centre-Ouest,sample_02901,0,2023-03-17
region_only,Centre-Ouest,sample_02903,0,2023-03-17
region_only,Centre-Ouest,sample_02904,0,2023-03-17
region_only,Centre-Ouest,sample_02905,0,2023-03-17
region_only,Centre-Ouest,sample_02906,0,2023-03-17
region_only,Centre-Ouest,sample_03052,0,2023-04-04
region_only,Centre-Ouest,sample_00850,1,2022-08-06
region_only,Centre-Ouest,sample_00851,1,2022-08-06
region_only,Centre-Ouest,sample_00852,1,2022-08-06
region_only,Centre-Ouest,sample_00853,1,2022-08-06
region_only,Centre-Ouest,sample_00854,1,2022-08-06
region_only,Centre-Ouest,sample_00855,1,2022-08-06
region_only,Centre-Ouest,sample_00856,1,2022-08-06
region_only,Centre-Ouest,sample_00857,1,2022-08-06
region_only,Centre-Ouest,sample_00858,1,2022-08-06
region_only,Centre-Ouest,sample_00859,1,2022-08-06
region_only,Centre-Ouest,sample_00860,1,2022-08-06
region_only,Centre-Ouest,sample_00861,1,2022-08-06
region_only,Centre-Ouest,sample_00862,1,2022-08-06
region_only,Centre-Ouest,sample_00863,1,2022-08-06
region_only,Centre-Ouest,sample_00864,1,2022-08-06
region_only,Centre-Ouest,sample_00865,1,2022-08-06
region_only,Centre-Ouest,sample_00866,1,2022-08-06
region_only,Centre-Ouest,sample_00867,1,2022-08-06
region_only,Centre-Ouest,sample_00868,1,2022-08-06
region_only,Centre-Ouest,sample_00869,1,2022-08-06
region_only,Centre-Ouest,sample_00870,1,2022-08-06
region_only,Centre-Ouest,sample_00871,1,2022-08-06
region_only,Centre-Ouest,sample_00872,1,2022-08-06
region_only,Centre-Ouest,sample_00873,1,2022-08-06
region_only,Centre-Ouest,sample_00874,1,2022-08-06
region_only,Centre-Ouest,sample_00875,1,2022-08-08
region_only,Centre-Ouest,sample_00876,1,2022-08-08
region_only,Centre-Ouest,sample_00877,1,2022-08-08
region_only,Centre-Ouest,sample_00878,1,2022-08-08
region_only,Centre-Ouest,sample_00879,1,2022-08-08
region_only,Centre-Ouest,sample_00880,1,2022-08-08
region_only,Centre-Ouest,sample_00881,1,2022-08-08
region_only,Centre-Ouest,sample_00882,1,2022-08-09
region_only,Centre-Ouest,sample_00883,1,2022-08-09
region_only,Centre-Ouest,sample_00884,1,2022-08-09
region_only,Centre-Ouest,sample_00885,1,2022-08-09
region_only,Centre-Ouest,sample_00886,1,2022-08-09
region_only,Centre-Ouest,sample_00887,1,2022-08-09
region_only,Centre-Ouest,sample_00888,1,2022-08-09
region_only,Centre-Ouest,sample_00889,1,2022-08-09
region_only,Centre-Ouest,sample_00890,1,2022-08-09
region_only,Centre-Ouest,sample_00891,1,2022-08-09
region_only,Centre-Ouest,sample_00892,1,2022-08-09
region_only,Centre-Ouest,sample_00893,1,2022-08-09
region_only,Centre-Ouest,sample_00894,1,2022-08-09
region_only,Centre-Ouest,sample_00895,1,2022-08-09
region_only,Centre-Ouest,sample_00896,1,2022-08-09
region_only,Centre-Ouest,sample_00897,1,2022-08-09
region_only,Centre-Ouest,sample_00898,1,2022-08-09
region_only,Centre-Ouest,sample_01121,1,2022-08-23
region_only,Centre-Ouest,sample_01122,1,2022-08-23
region_only,Centre-Ouest,sample_01176,1,2022-08-25
region_only,Centre-Ouest,sample_01177,1,2022-08-25
region_only,Centre-Ouest,sample_01178,1,2022-08-25
region_only,Centre-Ouest,sample_01179,1,2022-08-25
region_only,Centre-Ouest,sample_01180,1,2022-08-25
region_only,Centre-Ouest,sample_01181,1,2022-08-25
region_only,Centre-Ouest,sample_01451,1,2022-10-24
region_only,Centre-Ouest,sample_01452,1,2022-10-24
region_only,Centre-Ouest,sample_01453,1,2022-10-24
region_only,Centre-Ouest,sample_01541,1,2022-10-27
region_only,Centre-Ouest,sample_01543,1,2022-10-27
region_only,Centre-Ouest,sample_01547,1,2022-10-27
region_only,Centre-Ouest,sample_01553,1,2022-10-27
region_only,Centre-Ouest,sample_02128,1,2022-11-26
region_only,Centre-Ouest,sample_02129,1,2022-11-26
region_only,Centre-Ouest,sample_02130,1,2022-11-26
region_only,Centre-Ouest,sample_02134,1,2022-12-01
region_only,Centre-Ouest,sample_02135,1,2022-12-01
region_only,Centre-Ouest,sample_02136,1,2022-12-01
region_only,Centre-Ouest,sample_02137,1,2022-12-01
region_only,Centre-Ouest,sample_02138,1,2022-12-01
region_only,Centre-Ouest,sample_02139,1,2022-12-01
region_only,Centre-Ouest,sample_02140,1,2022-12-01
region_only,Centre-Ouest,sample_02141,1,2022-12-01
region_only,Centre-Ouest,sample_02199,1,2022-12-14
region_only,Centre-Ouest,sample_02443,1,2023-02-13
region_only,Centre-Ouest,sample_02445,1,2023-02-13
region_only,Centre-Ouest,sample_02446,1,2023-02-13
region_only,Centre-Ouest,sample_02447,1,2023-02-13
region_only,Centre-Ouest,sample_02458,1,2023-02-15
region_only,Centre-Ouest,sample_02670,1,2023-03-06
region_only,Centre-Ouest,sample_02671,1,2023-03-06
region_only,Centre-Ouest,sample_02672,1,2023-03-06
region_only,Centre-Ouest,sample_02673,1,2023-03-06
region_only,Centre-Ouest,sample_02674,1,2023-03-06
region_only,Centre-Ouest,sample_02675,1,2023-03-06
region_only,Centre-Ouest,sample_02676,1,2023-03-06
region_only,Centre-Ouest,sample_02677,1,2023-03-06
region_only,Centre-Ouest,sample_02678,1,2023-03-06
region_only,Centre-Ouest,sample_02679,1,2023-03-06
region_only,Centre-Ouest,sample_02680,1,2023-03-06
region_only,Centre-Ouest,sample_02681,1,2023-03-06
region_only,Centre-Ouest,sample_02682,1,2023-03-06
region_only,Centre-Ouest,sample_02683,1,2023-03-06
region_only,Centre-Ouest,sample_02684,1,2023-03-06
region_only,Centre-Ouest,sample_02685,1,2023-03-06
region_only,Centre-Ouest,sample_02686,1,2023-03-06
region_only,Centre-Ouest,sample_02687,1,2023-03-06
region_only,Centre-Ouest,sample_02688,1,2023-03-06
region_only,Centre-Ouest,sample_02689,1,2023-03-06
region_only,Centre-Ouest,sample_02690,1,2023-03-06
region_only,Centre-Ouest,sample_02691,1,2023-03-06
region_only,Centre-Ouest,sample_02692,1,2023-03-06
region_only,Centre-Ouest,sample_02693,1,2023-03-06
region_only,Centre-Ouest,sample_02694,1,2023-03-06
region_only,Centre-Ouest,sample_02695,1,2023-03-06
region_only,Centre-Ouest,sample_02696,1,2023-03-06
region_only,Centre-Ouest,sample_02697,1,2023-03-06
region_only,Centre-Ouest,sample_02698,1,2023-03-06
region_only,Centre-Ouest,sample_02699,1,2023-03-06
region_only,Centre-Ouest,sample_02700,1,2023-03-06
region_only,Centre-Ouest,sample_02701,1,2023-03-06
region_only,Centre-Ouest,sample_02702,1,2023-03-06
region_only,Centre-Ouest,sample_02703,1,2023-03-06
region_only,Centre-Ouest,sample_02704,1,2023-03-06
region_only,Centre-Ouest,sample_02706,1,2023-03-06
region_only,Centre-Ouest,sample_02707,1,2023-03-06
region_only,Centre-Ouest,sample_02804,1,2023-03-10
region_only,Centre-Ouest,sample_02805,1,2023-03-10
region_only,Centre-Ouest,sample_02808,1,2023-03-10
region_only,Centre-Ouest,sample_02810,1,2023-03-10
region_only,Centre-Ouest,sample_02816,1,2023-03-10
region_only,Centre-Ouest,sample_02825,1,2023-03-10
region_only,Centre-Ouest,sample_02982,1,2023-03-24
region_only,Centre-Ouest,sample_03084,1,2023-04-06
region_only,Centre-Ouest,sample_03085,1,2023-04-06
region_only,Centre-Ouest,sample_00985,2,2022-08-17
region_only,Centre-Ouest,sample_00986,2,2022-08-17
region_only,Centre-Ouest,sample_00987,2,2022-08-17
region_only,Centre-Ouest,sample_00988,2,2022-08-17
region_only,Centre-Ouest,sample_00989,2,2022-08-17
region_only,Centre-Ouest,sample_00990,2,2022-08-17
region_only,Centre-Ouest,sample_00991,2,2022-08-17
region_only,Centre-Ouest,sample_00992,2,2022-08-17
region_only,Centre-Ouest,sample_00993,2,2022-08-17
region_only,Centre-Ouest,sample_00994,2,2022-08-17
region_only,Centre-Ouest,sample_00996,2,2022-08-17
region_only,Centre-Ouest,sample_00999,2,2022-08-17
region_only,Centre-Ouest,sample_01002,2,2022-08-17
region_only,Centre-Ouest,sample_01003,2,2022-08-17
region_only,Centre-Ouest,sample_01004,2,2022-08-17
region_only,Centre-Ouest,sample_01005,2,2022-08-17
region_only,Centre-Ouest,sample_01006,2,2022-08-17
region_only,Centre-Ouest,sample_01007,2,2022-08-17
region_only,Centre-Ouest,sample_01008,2,2022-08-17
region_only,Centre-Ouest,sample_01009,2,2022-08-17
region_only,Centre-Ouest,sample_01010,2,2022-08-17
region_only,Centre-Ouest,sample_01011,2,2022-08-17
region_only,Centre-Ouest,sample_01012,2,2022-08-17
region_only,Centre-Ouest,sample_01013,2,2022-08-17
region_only,Centre-Ouest,sample_01014,2,2022-08-17
region_only,Centre-Ouest,sample_01015,2,2022-08-17
region_only,Centre-Ouest,sample_01016,2,2022-08-17
region_only,Centre-Ouest,sample_01017,2,2022-08-17
region_only,Centre-Ouest,sample_01018,2,2022-08-17
region_only,Centre-Ouest,sample_01019,2,2022-08-17
region_only,Centre-Ouest,sample_01020,2,2022-08-17
region_only,Centre-Ouest,sample_01021,2,2022-08-17
region_only,Centre-Ouest,sample_01022,2,2022-08-17
region_only,Centre-Ouest,sample_01798,2,2022-11-16
region_only,Centre-Ouest,sample_01799,2,2022-11-16
region_only,Centre-Ouest,sample_01800,2,2022-11-16
region_only,Centre-Ouest,sample_01801,2,2022-11-16
region_only,Centre-Ouest,sample_01802,2,2022-11-16
region_only,Centre-Ouest,sample_01803,2,2022-11-16
region_only,Centre-Ouest,sample_01804,2,2022-11-16
region_only,Centre-Ouest,sample_01805,2,2022-11-16
region_only,Centre-Ouest,sample_01806,2,2022-11-16
region_only,Centre-Ouest,sample_01807,2,2022-11-16
region_only,Centre-Ouest,sample_01808,2,2022-11-16
region_only,Centre-Ouest,sample_01809,2,2022-11-16
region_only,Centre-Ouest,sample_01810,2,2022-11-16
region_only,Centre-Ouest,sample_01811,2,2022-11-16
region_only,Centre-Ouest,sample_01812,2,2022-11-16
region_only,Centre-Ouest,sample_01813,2,2022-11-16
region_only,Centre-Ouest,sample_01814,2,2022-11-16
region_only,Centre-Ouest,sample_01815,2,2022-11-16
region_only,Centre-Ouest,sample_01816,2,2022-11-16
region_only,Centre-Ouest,sample_02147,2,2022-12-07
region_only,Centre-Ouest,sample_02148,2,2022-12-07
region_only,Centre-Ouest,sample_02149,2,2022-12-07
region_only,Centre-Ouest,sample_02150,2,2022-12-07
region_only,Centre-Ouest,sample_02151,2,2022-12-07
region_only,Centre-Ouest,sample_02152,2,2022-12-07
region_only,Centre-Ouest,sample_02153,2,2022-12-07
region_only,Centre-Ouest,sample_02154,2,2022-12-07
region_only,Centre-Ouest,sample_02155,2,2022-12-07
region_only,Centre-Ouest,sample_02156,2,2022-12-07
region_only,Centre-Ouest,sample_02157,2,2022-12-07
region_only,Centre-Ouest,sample_02158,2,2022-12-07
region_only,Centre-Ouest,sample_02159,2,2022-12-07
region_only,Centre-Ouest,sample_02160,2,2022-12-07
region_only,Centre-Ouest,sample_02161,2,2022-12-07
region_only,Centre-Ouest,sample_02162,2,2022-12-07
region_only,Centre-Ouest,sample_02163,2,2022-12-07
region_only,Centre-Ouest,sample_02164,2,2022-12-07
region_only,Centre-Ouest,sample_02165,2,2022-12-07
region_only,Centre-Ouest,sample_02166,2,2022-12-07
region_only,Centre-Ouest,sample_02167,2,2022-12-07
region_only,Centre-Ouest,sample_02168,2,2022-12-07
region_only,Centre-Ouest,sample_02169,2,2022-12-07
region_only,Centre-Ouest,sample_02170,2,2022-12-07
region_only,Centre-Ouest,sample_02171,2,2022-12-07
region_only,Centre-Ouest,sample_02172,2,2022-12-07
region_only,Centre-Ouest,sample_02173,2,2022-12-07
region_only,Centre-Ouest,sample_02174,2,2022-12-07
region_only,Centre-Ouest,sample_02175,2,2022-12-07
region_only,Centre-Ouest,sample_02205,2,2022-12-27
region_only,Centre-Ouest,sample_02206,2,2022-12-27
region_only,Centre-Ouest,sample_02207,2,2022-12-27
region_only,Centre-Ouest,sample_02208,2,2022-12-27
region_only,Centre-Ouest,sample_02209,2,2022-12-27
region_only,Centre-Ouest,sample_02210,2,2022-12-27
region_only,Centre-Ouest,sample_02211,2,2022-12-27
region_only,Centre-Ouest,sample_02212,2,2022-12-27
region_only,Centre-Ouest,sample_02213,2,2022-12-27
region_only,Centre-Ouest,sample_02214,2,2022-12-27
region_only,Centre-Ouest,sample_02215,2,2022-12-27
region_only,Centre-Ouest,sample_02216,2,2022-12-27
region_only,Centre-Ouest,sample_02217,2,2022-12-27
region_only,Centre-Ouest,sample_02218,2,2022-12-27
region_only,Centre-Ouest,sample_02219,2,2022-12-27
region_only,Centre-Ouest,sample_02220,2,2022-12-27
region_only,Centre-Ouest,sample_02221,2,2022-12-27
region_only,Centre-Ouest,sample_02222,2,2022-12-27
region_only,Centre-Ouest,sample_02223,2,2022-12-27
region_only,Centre-Ouest,sample_02224,2,2022-12-27
region_only,Centre-Ouest,sample_02225,2,2022-12-27
region_only,Centre-Ouest,sample_02226,2,2022-12-27
region_only,Centre-Ouest,sample_02227,2,2022-12-27
region_only,Centre-Ouest,sample_02229,2,2022-12-27
region_only,Centre-Ouest,sample_02230,2,2022-12-27
region_only,Centre-Ouest,sample_02231,2,2022-12-27
region_only,Centre-Ouest,sample_02243,2,2023-01-05
region_only,Centre-Ouest,sample_02244,2,2023-01-05
region_only,Centre-Ouest,sample_02246,2,2023-01-05
region_only,Centre-Ouest,sample_02247,2,2023-01-05
region_only,Centre-Ouest,sample_02248,2,2023-01-05
region_only,Centre-Ouest,sample_02249,2,2023-01-05
region_only,Centre-Ouest,sample_02250,2,2023-01-05
region_only,Centre-Ouest,sample_02430,2,2023-02-09
region_only,Centre-Ouest,sample_02431,2,2023-02-09
region_only,Centre-Ouest,sample_02432,2,2023-02-09
region_only,Centre-Ouest,sample_02433,2,2023-02-09
region_only,Centre-Ouest,sample_02434,2,2023-02-09
region_only,Centre-Ouest,sample_02435,2,2023-02-09
region_only,Centre-Ouest,sample_02436,2,2023-02-09
region_only,Centre-Ouest,sample_02437,2,2023-02-09
region_only,Centre-Ouest,sample_02438,2,2023-02-09
region_only,Centre-Ouest,sample_02439,2,2023-02-09
region_only,Centre-Ouest,sample_02440,2,2023-02-09
region_only,Centre-Ouest,sample_02651,2,2023-03-03
region_only,Centre-Ouest,sample_02653,2,2023-03-04
region_only,Centre-Ouest,sample_02654,2,2023-03-04
region_only,Centre-Ouest,sample_02655,2,2023-03-04
region_only,Centre-Ouest,sample_02657,2,2023-03-04
region_only,Centre-Ouest,sample_02658,2,2023-03-04
region_only,Centre-Ouest,sample_02659,2,2023-03-04
region_only,Centre-Ouest,sample_02660,2,2023-03-04
region_only,Centre-Ouest,sample_02665,2,2023-03-04
region_only,Centre-Ouest,sample_02666,2,2023-03-04
region_only,Centre-Ouest,sample_02667,2,2023-03-04
region_only,Centre-Ouest,sample_02908,2,2023-03-20
region_only,Centre-Ouest,sample_02910,2,2023-03-20
region_only,Centre-Ouest,sample_02912,2,2023-03-20
region_only,Centre-Ouest,sample_02917,2,2023-03-20
region_only,Centre-Ouest,sample_02923,2,2023-03-20
region_only,Centre-Ouest,sample_02995,2,2023-03-27
region_only,Centre-Ouest,sample_02996,2,2023-03-27
region_only,Centre-Ouest,sample_02997,2,2023-03-27
region_only,Centre-Ouest,sample_02998,2,2023-03-27
region_only,Centre-Ouest,sample_02999,2,2023-03-27
region_only,Centre-Ouest,sample_03000,2,2023-03-27
region_only,Centre-Ouest,sample_03002,2,2023-03-27
region_only,Centre-Ouest,sample_03004,2,2023-03-27
region_only,Centre-Ouest,sample_03044,2,2023-04-03
region_only,Centre-Ouest,sample_00825,3,2022-08-04
region_only,Centre-Ouest,sample_00826,3,2022-08-04
region_only,Centre-Ouest,sample_00827,3,2022-08-04
region_only,Centre-Ouest,sample_00828,3,2022-08-04
region_only,Centre-Ouest,sample_00829,3,2022-08-04
region_only,Centre-Ouest,sample_00830,3,2022-08-04
region_only,Centre-Ouest,sample_00831,3,2022-08-04
region_only,Centre-Ouest,sample_01110,3,2022-08-22
region_only,Centre-Ouest,sample_01111,3,2022-08-22
region_only,Centre-Ouest,sample_01112,3,2022-08-22
region_only,Centre-Ouest,sample_01113,3,2022-08-22
region_only,Centre-Ouest,sample_01114,3,2022-08-22
region_only,Centre-Ouest,sample_01115,3,2022-08-22
region_only,Centre-Ouest,sample_01116,3,2022-08-22
region_only,Centre-Ouest,sample_01117,3,2022-08-22
region_only,Centre-Ouest,sample_01182,3,2022-08-26
region_only,Centre-Ouest,sample_01183,3,2022-08-26
region_only,Centre-Ouest,sample_01184,3,2022-08-26
region_only,Centre-Ouest,sample_01185,3,2022-08-26
region_only,Centre-Ouest,sample_01186,3,2022-08-26
region_only,Centre-Ouest,sample_01187,3,2022-08-26
region_only,Centre-Ouest,sample_01188,3,2022-08-26
region_only,Centre-Ouest,sample_01189,3,2022-08-26
region_only,Centre-Ouest,sample_01190,3,2022-08-26
region_only,Centre-Ouest,sample_01191,3,2022-08-26
region_only,Centre-Ouest,sample_01192,3,2022-08-26
region_only,Centre-Ouest,sample_01193,3,2022-08-26
region_only,Centre-Ouest,sample_01194,3,2022-08-26
region_only,Centre-Ouest,sample_01195,3,2022-08-26
region_only,Centre-Ouest,sample_01196,3,2022-08-26
region_only,Centre-Ouest,sample_01197,3,2022-08-26
region_only,Centre-Ouest,sample_01198,3,2022-08-26
region_only,Centre-Ouest,sample_01199,3,2022-08-26
region_only,Centre-Ouest,sample_01200,3,2022-08-26
region_only,Centre-Ouest,sample_01201,3,2022-08-26
region_only,Centre-Ouest,sample_01202,3,2022-08-26
region_only,Centre-Ouest,sample_01203,3,2022-08-26
region_only,Centre-Ouest,sample_01204,3,2022-08-26
region_only,Centre-Ouest,sample_01205,3,2022-08-26
region_only,Centre-Ouest,sample_01206,3,2022-08-26
region_only,Centre-Ouest,sample_01207,3,2022-08-26
region_only,Centre-Ouest,sample_01208,3,2022-08-26
region_only,Centre-Ouest,sample_01209,3,2022-08-26
region_only,Centre-Ouest,sample_01210,3,2022-08-26
region_only,Centre-Ouest,sample_01211,3,2022-08-26
region_only,Centre-Ouest,sample_01212,3,2022-08-26
region_only,Centre-Ouest,sample_01222,3,2022-08-30
region_only,Centre-Ouest,sample_01223,3,2022-08-30
region_only,Centre-Ouest,sample_01224,3,2022-08-30
region_only,Centre-Ouest,sample_01225,3,2022-08-30
region_only,Centre-Ouest,sample_01226,3,2022-08-30
region_only,Centre-Ouest,sample_01227,3,2022-08-30
region_only,Centre-Ouest,sample_01232,3,2022-08-30
region_only,Centre-Ouest,sample_01248,3,2022-08-30
region_only,Centre-Ouest,sample_01259,3,2022-08-30
region_only,Centre-Ouest,sample_01275,3,2022-08-30
region_only,Centre-Ouest,sample_01276,3,2022-08-30
region_only,Centre-Ouest,sample_01277,3,2022-08-30
region_only,Centre-Ouest,sample_01278,3,2022-08-30
region_only,Centre-Ouest,sample_01331,3,2022-09-01
region_only,Centre-Ouest,sample_01332,3,2022-09-01
region_only,Centre-Ouest,sample_01333,3,2022-09-01
region_only,Centre-Ouest,sample_01334,3,2022-09-01
region_only,Centre-Ouest,sample_01335,3,2022-09-01
region_only,Centre-Ouest,sample_01336,3,2022-09-01
region_only,Centre-Ouest,sample_01982,3,2022-11-20
region_only,Centre-Ouest,sample_01983,3,2022-11-20
region_only,Centre-Ouest,sample_01984,3,2022-11-20
region_only,Centre-Ouest,sample_01985,3,2022-11-20
region_only,Centre-Ouest,sample_01986,3,2022-11-20
region_only,Centre-Ouest,sample_01987,3,2022-11-20
region_only,Centre-Ouest,sample_01988,3,2022-11-20
region_only,Centre-Ouest,sample_01989,3,2022-11-20
region_only,Centre-Ouest,sample_01990,3,2022-11-20
region_only,Centre-Ouest,sample_01991,3,2022-11-20
region_only,Centre-Ouest,sample_01992,3,2022-11-20
region_only,Centre-Ouest,sample_01993,3,2022-11-20
region_only,Centre-Ouest,sample_01994,3,2022-11-20
region_only,Centre-Ouest,sample_01995,3,2022-11-20
region_only,Centre-Ouest,sample_02069,3,2022-11-22
region_only,Centre-Ouest,sample_02070,3,2022-11-22
region_only,Centre-Ouest,sample_02071,3,2022-11-22
region_only,Centre-Ouest,sample_02072,3,2022-11-22
region_only,Centre-Ouest,sample_02073,3,2022-11-22
region_only,Centre-Ouest,sample_02074,3,2022-11-22
region_only,Centre-Ouest,sample_02075,3,2022-11-22
region_only,Centre-Ouest,sample_02076,3,2022-11-22
region_only,Centre-Ouest,sample_02077,3,2022-11-22
region_only,Centre-Ouest,sample_02078,3,2022-11-22
region_only,Centre-Ouest,sample_02079,3,2022-11-22
region_only,Centre-Ouest,sample_02080,3,2022-11-22
region_only,Centre-Ouest,sample_02081,3,2022-11-22
region_only,Centre-Ouest,sample_02082,3,2022-11-22
region_only,Centre-Ouest,sample_02083,3,2022-11-22
region_only,Centre-Ouest,sample_02084,3,2022-11-22
region_only,Centre-Ouest,sample_02193,3,2022-12-13
region_only,Centre-Ouest,sample_02232,3,2022-12-28
region_only,Centre-Ouest,sample_02233,3,2022-12-28
region_only,Centre-Ouest,sample_02234,3,2022-12-28
region_only,Centre-Ouest,sample_02235,3,2022-12-28
region_only,Centre-Ouest,sample_02236,3,2022-12-28
region_only,Centre-Ouest,sample_02237,3,2022-12-28
region_only,Centre-Ouest,sample_02238,3,2022-12-28
region_only,Centre-Ouest,sample_02239,3,2022-12-28
region_only,Centre-Ouest,sample_02240,3,2022-12-28
region_only,Centre-Ouest,sample_02241,3,2022-12-28
region_only,Centre-Ouest,sample_02711,3,2023-03-07
region_only,Centre-Ouest,sample_02712,3,2023-03-07
region_only,Centre-Ouest,sample_02713,3,2023-03-07
region_only,Centre-Ouest,sample_02714,3,2023-03-07
region_only,Centre-Ouest,sample_02716,3,2023-03-07
region_only,Centre-Ouest,sample_02717,3,2023-03-07
region_only,Centre-Ouest,sample_02718,3,2023-03-07
region_only,Centre-Ouest,sample_02719,3,2023-03-07
region_only,Centre-Ouest,sample_02720,3,2023-03-07
region_only,Centre-Ouest,sample_02722,3,2023-03-07
region_only,Centre-Ouest,sample_02723,3,2023-03-07
region_only,Centre-Ouest,sample_02727,3,2023-03-07
region_only,Centre-Ouest,sample_02728,3,2023-03-07
region_only,Centre-Ouest,sample_02729,3,2023-03-07
region_only,Centre-Ouest,sample_02737,3,2023-03-07
region_only,Centre-Ouest,sample_02738,3,2023-03-07
region_only,Centre-Ouest,sample_02744,3,2023-03-07
region_only,Centre-Ouest,sample_02777,3,2023-03-07
region_only,Centre-Ouest,sample_02778,3,2023-03-09
region_only,Centre-Ouest,sample_02779,3,2023-03-09
region_only,Centre-Ouest,sample_02780,3,2023-03-09
region_only,Centre-Ouest,sample_02781,3,2023-03-09
region_only,Centre-Ouest,sample_02782,3,2023-03-09
region_only,Centre-Ouest,sample_02788,3,2023-03-09
region_only,Centre-Ouest,sample_02789,3,2023-03-09
region_only,Centre-Ouest,sample_02791,3,2023-03-09
region_only,Centre-Ouest,sample_02792,3,2023-03-09
region_only,Centre-Ouest,sample_02794,3,2023-03-09
region_only,Centre-Ouest,sample_02796,3,2023-03-09
region_only,Centre-Ouest,sample_02803,3,2023-03-09
region_only,Centre-Ouest,sample_01337,4,2022-09-06
region_only,Centre-Ouest,sample_01688,4,2022-11-11
region_only,Centre-Ouest,sample_01689,4,2022-11-11
region_only,Centre-Ouest,sample_01690,4,2022-11-11
region_only,Centre-Ouest,sample_01691,4,2022-11-11
region_only,Centre-Ouest,sample_01692,4,2022-11-11
region_only,Centre-Ouest,sample_01693,4,2022-11-11
region_only,Centre-Ouest,sample_01694,4,2022-11-11
region_only,Centre-Ouest,sample_01695,4,2022-11-11
region_only,Centre-Ouest,sample_01696,4,2022-11-11
region_only,Centre-Ouest,sample_01697,4,2022-11-11
region_only,Centre-Ouest,sample_01698,4,2022-11-11
region_only,Centre-Ouest,sample_01699,4,2022-11-11
region_only,Centre-Ouest,sample_01700,4,2022-11-11
region_only,Centre-Ouest,sample_01701,4,2022-11-11
region_only,Centre-Ouest,sample_01702,4,2022-11-11
region_only,Centre-Ouest,sample_01703,4,2022-11-11
region_only,Centre-Ouest,sample_01704,4,2022-11-11
region_only,Centre-Ouest,sample_01705,4,2022-11-11
region_only,Centre-Ouest,sample_01706,4,2022-11-11
region_only,Centre-Ouest,sample_01707,4,2022-11-11
region_only,Centre-Ouest,sample_01708,4,2022-11-11
region_only,Centre-Ouest,sample_01709,4,2022-11-11
region_only,Centre-Ouest,sample_01711,4,2022-11-11
region_only,Centre-Ouest,sample_01996,4,2022-11-21
region_only,Centre-Ouest,sample_01997,4,2022-11-21
region_only,Centre-Ouest,sample_01998,4,2022-11-21
region_only,Centre-Ouest,sample_01999,4,2022-11-21
region_only,Centre-Ouest,sample_02000,4,2022-11-21
region_only,Centre-Ouest,sample_02001,4,2022-11-21
region_only,Centre-Ouest,sample_02002,4,2022-11-21
region_only,Centre-Ouest,sample_02003,4,2022-11-21
region_only,Centre-Ouest,sample_02004,4,2022-11-21
region_only,Centre-Ouest,sample_02005,4,2022-11-21
region_only,Centre-Ouest,sample_02006,4,2022-11-21
region_only,Centre-Ouest,sample_02007,4,2022-11-21
region_only,Centre-Ouest,sample_02008,4,2022-11-21
region_only,Centre-Ouest,sample_02009,4,2022-11-21
region_only,Centre-Ouest,sample_02010,4,2022-11-21
region_only,Centre-Ouest,sample_02011,4,2022-11-21
region_only,Centre-Ouest,sample_02012,4,2022-11-21
region_only,Centre-Ouest,sample_02131,4,2022-11-29
region_only,Centre-Ouest,sample_02132,4,2022-11-29
region_only,Centre-Ouest,sample_02133,4,2022-11-29
region_only,Centre-Ouest,sample_02252,4,2023-01-10
region_only,Centre-Ouest,sample_02253,4,2023-01-10
region_only,Centre-Ouest,sample_02254,4,2023-01-10
region_only,Centre-Ouest,sample_02255,4,2023-01-10
region_only,Centre-Ouest,sample_02256,4,2023-01-10
region_only,Centre-Ouest,sample_02257,4,2023-01-10
region_only,Centre-Ouest,sample_02258,4,2023-01-10
region_only,Centre-Ouest,sample_02259,4,2023-01-10
region_only,Centre-Ouest,sample_02260,4,2023-01-10
region_only,Centre-Ouest,sample_02262,4,2023-01-11
region_only,Centre-Ouest,sample_02263,4,2023-01-11
region_only,Centre-Ouest,sample_02264,4,2023-01-11
region_only,Centre-Ouest,sample_02265,4,2023-01-11
region_only,Centre-Ouest,sample_02266,4,2023-01-11
region_only,Centre-Ouest,sample_02267,4,2023-01-11
region_only,Centre-Ouest,sample_02268,4,2023-01-11
region_only,Centre-Ouest,sample_02269,4,2023-01-11
region_only,Centre-Ouest,sample_02270,4,2023-01-11
region_only,Centre-Ouest,sample_02271,4,2023-01-11
region_only,Centre-Ouest,sample_02272,4,2023-01-11
region_only,Centre-Ouest,sample_02273,4,2023-01-11
region_only,Centre-Ouest,sample_02274,4,2023-01-11
region_only,Centre-Ouest,sample_02275,4,2023-01-11
region_only,Centre-Ouest,sample_02276,4,2023-01-11
region_only,Centre-Ouest,sample_02277,4,2023-01-11
region_only,Centre-Ouest,sample_02278,4,2023-01-11
region_only,Centre-Ouest,sample_02279,4,2023-01-11
region_only,Centre-Ouest,sample_02367,4,2023-02-02
region_only,Centre-Ouest,sample_02368,4,2023-02-02
region_only,Centre-Ouest,sample_02369,4,2023-02-02
region_only,Centre-Ouest,sample_02370,4,2023-02-02
region_only,Centre-Ouest,sample_02371,4,2023-02-02
region_only,Centre-Ouest,sample_02372,4,2023-02-02
region_only,Centre-Ouest,sample_02373,4,2023-02-02
region_only,Centre-Ouest,sample_02374,4,2023-02-02
region_only,Centre-Ouest,sample_02375,4,2023-02-02
region_only,Centre-Ouest,sample_02377,4,2023-02-02
region_only,Centre-Ouest,sample_02378,4,2023-02-02
region_only,Centre-Ouest,sample_02379,4,2023-02-02
region_only,Centre-Ouest,sample_02380,4,2023-02-02
region_only,Centre-Ouest,sample_02381,4,2023-02-02
region_only,Centre-Ouest,sample_02382,4,2023-02-02
region_only,Centre-Ouest,sample_02383,4,2023-02-02
region_only,Centre-Ouest,sample_02384,4,2023-02-02
region_only,Centre-Ouest,sample_02385,4,2023-02-02
region_only,Centre-Ouest,sample_02386,4,2023-02-02
region_only,Centre-Ouest,sample_02388,4,2023-02-02
region_only,Centre-Ouest,sample_02389,4,2023-02-02
region_only,Centre-Ouest,sample_02390,4,2023-02-02
region_only,Centre-Ouest,sample_02391,4,2023-02-02
region_only,Centre-Ouest,sample_02402,4,2023-02-07
region_only,Centre-Ouest,sample_02403,4,2023-02-07
region_only,Centre-Ouest,sample_02406,4,2023-02-07
region_only,Centre-Ouest,sample_02407,4,2023-02-07
region_only,Centre-Ouest,sample_02410,4,2023-02-07
region_only,Centre-Ouest,sample_02621,4,2023-03-02
region_only,Centre-Ouest,sample_02622,4,2023-03-02
region_only,Centre-Ouest,sample_02623,4,2023-03-02
region_only,Centre-Ouest,sample_02625,4,2023-03-02
region_only,Centre-Ouest,sample_02626,4,2023-03-02
region_only,Centre-Ouest,sample_02628,4,2023-03-02
region_only,Centre-Ouest,sample_02632,4,2023-03-02
region_only,Centre-Ouest,sample_02636,4,2023-03-02
region_only,Centre-Ouest,sample_02637,4,2023-03-02
region_only,Centre-Ouest,sample_02638,4,2023-03-02
region_only,Centre-Ouest,sample_02643,4,2023-03-02
region_only,Centre-Ouest,sample_02646,4,2023-03-02
region_only,Centre-Ouest,sample_02865,4,2023-03-13
region_only,Centre-Ouest,sample_02869,4,2023-03-13
region_only,Centre-Ouest,sample_02871,4,2023-03-13
region_only,Centre-Ouest,sample_02872,4,2023-03-13
region_only,Centre-Ouest,sample_02873,4,2023-03-13
region_only,Centre-Ouest,sample_02875,4,2023-03-13
region_only,Centre-Ouest,sample_02876,4,2023-03-13
region_only,Centre-Ouest,sample_02877,4,2023-03-13
region_only,Centre-Ouest,sample_02878,4,2023-03-13
region_only,Centre-Ouest,sample_03039,4,2023-03-30
region_only,Centre-Ouest,sample_03097,4,2023-04-12
region_only,Centre-Ouest,sample_03119,4,2023-04-12
region_only,Centre-Ouest,sample_03124,4,2023-04-12
region_only,Centre-Sud,sample_00813,0,2022-08-02
region_only,Centre-Sud,sample_00814,0,2022-08-02
region_only,Centre-Sud,sample_00815,0,2022-08-02
region_only,Centre-Sud,sample_00816,0,2022-08-02
region_only,Centre-Sud,sample_00817,0,2022-08-02
region_only,Centre-Sud,sample_00818,0,2022-08-02
region_only,Centre-Sud,sample_00819,0,2022-08-02
region_only,Centre-Sud,sample_00820,0,2022-08-02
region_only,Centre-Sud,sample_00821,0,2022-08-02
region_only,Centre-Sud,sample_00822,0,2022-08-02
region_only,Centre-Sud,sample_00823,0,2022-08-02
region_only,Centre-Sud,sample_00824,0,2022-08-02
region_only,Centre-Sud,sample_00825,0,2022-08-04
region_only,Centre-Sud,sample_00826,0,2022-08-04
region_only,Centre-Sud,sample_00827,0,2022-08-04
region_only,Centre-Sud,sample_00828,0,2022-08-04
region_only,Centre-Sud,sample_00829,0,2022-08-04
region_only,Centre-Sud,sample_00830,0,2022-08-04
region_only,Centre-Sud,sample_00831,0,2022-08-04
region_only,Centre-Sud,sample_00850,0,2022-08-06
region_only,Centre-Sud,sample_00851,0,2022-08-06
region_only,Centre-Sud,sample_00852,0,2022-08-06
region_only,Centre-Sud,sample_00853,0,2022-08-06
region_only,Centre-Sud,sample_00854,0,2022-08-06
region_only,Centre-Sud,sample_00855,0,2022-08-06
region_only,Centre-Sud,sample_00856,0,2022-08-06
region_only,Centre-Sud,sample_00857,0,2022-08-06
region_only,Centre-Sud,sample_00858,0,2022-08-06
region_only,Centre-Sud,sample_00859,0,2022-08-06
region_only,Centre-Sud,sample_00860,0,2022-08-06
region_only,Centre-Sud,sample_00861,0,2022-08-06
region_only,Centre-Sud,sample_00862,0,2022-08-06
region_only,Centre-Sud,sample_00863,0,2022-08-06
region_only,Centre-Sud,sample_00864,0,2022-08-06
region_only,Centre-Sud,sample_00865,0,2022-08-06
region_only,Centre-Sud,sample_00866,0,2022-08-06
region_only,Centre-Sud,sample_00867,0,2022-08-06
region_only,Centre-Sud,sample_00868,0,2022-08-06
region_only,Centre-Sud,sample_00869,0,2022-08-06
region_only,Centre-Sud,sample_00870,0,2022-08-06
region_only,Centre-Sud,sample_00871,0,2022-08-06
region_only,Centre-Sud,sample_00872,0,2022-08-06
region_only,Centre-Sud,sample_00873,0,2022-08-06
region_only,Centre-Sud,sample_00875,0,2022-08-08
region_only,Centre-Sud,sample_00876,0,2022-08-08
region_only,Centre-Sud,sample_00877,0,2022-08-08
region_only,Centre-Sud,sample_00878,0,2022-08-08
region_only,Centre-Sud,sample_00879,0,2022-08-08
region_only,Centre-Sud,sample_00880,0,2022-08-08
region_only,Centre-Sud,sample_00881,0,2022-08-08
region_only,Centre-Sud,sample_01023,0,2022-08-18
region_only,Centre-Sud,sample_01024,0,2022-08-18
region_only,Centre-Sud,sample_01025,0,2022-08-18
region_only,Centre-Sud,sample_01026,0,2022-08-18
region_only,Centre-Sud,sample_01027,0,2022-08-18
region_only,Centre-Sud,sample_01028,0,2022-08-18
region_only,Centre-Sud,sample_01029,0,2022-08-18
region_only,Centre-Sud,sample_01030,0,2022-08-18
region_only,Centre-Sud,sample_01031,0,2022-08-18
region_only,Centre-Sud,sample_01032,0,2022-08-18
region_only,Centre-Sud,sample_01033,0,2022-08-18
region_only,Centre-Sud,sample_01034,0,2022-08-18
region_only,Centre-Sud,sample_01035,0,2022-08-18
region_only,Centre-Sud,sample_01036,0,2022-08-18
region_only,Centre-Sud,sample_01037,0,2022-08-18
region_only,Centre-Sud,sample_01038,0,2022-08-18
region_only,Centre-Sud,sample_01039,0,2022-08-18
region_only,Centre-Sud,sample_01040,0,2022-08-18
region_only,Centre-Sud,sample_01041,0,2022-08-18
region_only,Centre-Sud,sample_01042,0,2022-08-18
region_only,Centre-Sud,sample_01043,0,2022-08-18
region_only,Centre-Sud,sample_01044,0,2022-08-18
region_only,Centre-Sud,sample_01045,0,2022-08-18
region_only,Centre-Sud,sample_01046,0,2022-08-18
region_only,Centre-Sud,sample_01047,0,2022-08-18
region_only,Centre-Sud,sample_01048,0,2022-08-18
region_only,Centre-Sud,sample_01049,0,2022-08-18
region_only,Centre-Sud,sample_01050,0,2022-08-18
region_only,Centre-Sud,sample_01051,0,2022-08-18
region_only,Centre-Sud,sample_01052,0,2022-08-18
region_only,Centre-Sud,sample_01053,0,2022-08-18
region_only,Centre-Sud,sample_01054,0,2022-08-18
region_only,Centre-Sud,sample_01055,0,2022-08-18
region_only,Centre-Sud,sample_01056,0,2022-08-18
region_only,Centre-Sud,sample_01057,0,2022-08-18
region_only,Centre-Sud,sample_01058,0,2022-08-18
region_only,Centre-Sud,sample_01059,0,2022-08-18
region_only,Centre-Sud,sample_01060,0,2022-08-18
region_only,Centre-Sud,sample_01061,0,2022-08-18
region_only,Centre-Sud,sample_01062,0,2022-08-18
region_only,Centre-Sud,sample_01063,0,2022-08-18
region_only,Centre-Sud,sample_01064,0,2022-08-18
region_only,Centre-Sud,sample_01065,0,2022-08-18
region_only,Centre-Sud,sample_01066,0,2022-08-18
region_only,Centre-Sud,sample_01067,0,2022-08-18
region_only,Centre-Sud,sample_01068,0,2022-08-18
region_only,Centre-Sud,sample_01069,0,2022-08-18
region_only,Centre-Sud,sample_01070,0,2022-08-18
region_only,Centre-Sud,sample_01071,0,2022-08-18
region_only,Centre-Sud,sample_01072,0,2022-08-18
region_only,Centre-Sud,sample_01073,0,2022-08-18
region_only,Centre-Sud,sample_01074,0,2022-08-18
region_only,Centre-Sud,sample_01075,0,2022-08-18
region_only,Centre-Sud,sample_01076,0,2022-08-18
region_only,Centre-Sud,sample_01077,0,2022-08-18
region_only,Centre-Sud,sample_01078,0,2022-08-18
region_only,Centre-Sud,sample_01079,0,2022-08-18
region_only,Centre-Sud,sample_01080,0,2022-08-18
region_only,Centre-Sud,sample_01081,0,2022-08-18
region_only,Centre-Sud,sample_01082,0,2022-08-18
region_only,Centre-Sud,sample_01083,0,2022-08-18
region_only,Centre-Sud,sample_01084,0,2022-08-18
region_only,Centre-Sud,sample_01085,0,2022-08-18
region_only,Centre-Sud,sample_01086,0,2022-08-18
region_only,Centre-Sud,sample_01087,0,2022-08-18
region_only,Centre-Sud,sample_01088,0,2022-08-18
region_only,Centre-Sud,sample_01089,0,2022-08-18
region_only,Centre-Sud,sample_01090,0,2022-08-18
region_only,Centre-Sud,sample_01091,0,2022-08-18
region_only,Centre-Sud,sample_01092,0,2022-08-18
region_only,Centre-Sud,sample_01093,0,2022-08-18
region_only,Centre-Sud,sample_01094,0,2022-08-18
region_only,Centre-Sud,sample_01095,0,2022-08-18
region_only,Centre-Sud,sample_01096,0,2022-08-18
region_only,Centre-Sud,sample_01097,0,2022-08-18
region_only,Centre-Sud,sample_01098,0,2022-08-18
region_only,Centre-Sud,sample_01099,0,2022-08-18
region_only,Centre-Sud,sample_01100,0,2022-08-18
region_only,Centre-Sud,sample_01101,0,2022-08-18
region_only,Centre-Sud,sample_01102,0,2022-08-18
region_only,Centre-Sud,sample_01103,0,2022-08-18
region_only,Centre-Sud,sample_01104,0,2022-08-18
region_only,Centre-Sud,sample_01105,0,2022-08-18
region_only,Centre-Sud,sample_01106,0,2022-08-18
region_only,Centre-Sud,sample_01107,0,2022-08-18
region_only,Centre-Sud,sample_01108,0,2022-08-18
region_only,Centre-Sud,sample_01457,0,2022-10-26
region_only,Centre-Sud,sample_01460,0,2022-10-26
region_only,Centre-Sud,sample_01463,0,2022-10-26
region_only,Centre-Sud,sample_01510,0,2022-10-26
region_only,Centre-Sud,sample_01517,0,2022-10-26
region_only,Centre-Sud,sample_01518,0,2022-10-26
region_only,Centre-Sud,sample_02125,0,2022-11-24
region_only,Centre-Sud,sample_02126,0,2022-11-24
region_only,Centre-Sud,sample_02142,0,2022-12-06
region_only,Centre-Sud,sample_02143,0,2022-12-06
region_only,Centre-Sud,sample_02144,0,2022-12-06
region_only,Centre-Sud,sample_02145,0,2022-12-06
region_only,Centre-Sud,sample_02146,0,2022-12-06
region_only,Centre-Sud,sample_02194,0,2022-12-14
region_only,Centre-Sud,sample_02196,0,2022-12-14
region_only,Centre-Sud,sample_02197,0,2022-12-14
region_only,Centre-Sud,sample_02198,0,2022-12-14
region_only,Centre-Sud,sample_02200,0,2022-12-14
region_only,Centre-Sud,sample_02201,0,2022-12-14
region_only,Centre-Sud,sample_02202,0,2022-12-14
region_only,Centre-Sud,sample_02203,0,2022-12-14
region_only,Centre-Sud,sample_02204,0,2022-12-14
region_only,Centre-Sud,sample_02359,0,2023-01-31
region_only,Centre-Sud,sample_02360,0,2023-01-31
region_only,Centre-Sud,sample_02361,0,2023-01-31
region_only,Centre-Sud,sample_02362,0,2023-01-31
region_only,Centre-Sud,sample_02363,0,2023-01-31
region_only,Centre-Sud,sample_02364,0,2023-01-31
region_only,Centre-Sud,sample_02366,0,2023-01-31
region_only,Centre-Sud,sample_02402,0,2023-02-07
region_only,Centre-Sud,sample_02403,0,2023-02-07
region_only,Centre-Sud,sample_02406,0,2023-02-07
region_only,Centre-Sud,sample_02407,0,2023-02-07
region_only,Centre-Sud,sample_02410,0,2023-02-07
region_only,Centre-Sud,sample_02412,0,2023-02-07
region_only,Centre-Sud,sample_02413,0,2023-02-07
region_only,Centre-Sud,sample_02415,0,2023-02-07
region_only,Centre-Sud,sample_02417,0,2023-02-07
region_only,Centre-Sud,sample_02418,0,2023-02-07
region_only,Centre-Sud,sample_02419,0,2023-02-07
region_only,Centre-Sud,sample_02420,0,2023-02-07
region_only,Centre-Sud,sample_02421,0,2023-02-07
region_only,Centre-Sud,sample_02422,0,2023-02-07
region_only,Centre-Sud,sample_02423,0,2023-02-07
region_only,Centre-Sud,sample_02424,0,2023-02-07
region_only,Centre-Sud,sample_02425,0,2023-02-08
region_only,Centre-Sud,sample_02426,0,2023-02-08
region_only,Centre-Sud,sample_02427,0,2023-02-08
region_only,Centre-Sud,sample_02428,0,2023-02-08
region_only,Centre-Sud,sample_02429,0,2023-02-08
region_only,Centre-Sud,sample_02595,0,2023-02-28
region_only,Centre-Sud,sample_02597,0,2023-02-28
region_only,Centre-Sud,sample_02598,0,2023-02-28
region_only,Centre-Sud,sample_02599,0,2023-02-28
region_only,Centre-Sud,sample_02603,0,2023-02-28
region_only,Centre-Sud,sample_02605,0,2023-02-28
region_only,Centre-Sud,sample_02608,0,2023-02-28
region_only,Centre-Sud,sample_02609,0,2023-02-28
region_only,Centre-Sud,sample_02895,0,2023-03-15
region_only,Centre-Sud,sample_02896,0,2023-03-15
region_only,Centre-Sud,sample_02897,0,2023-03-15
region_only,Centre-Sud,sample_02898,0,2023-03-15
region_only,Centre-Sud,sample_02899,0,2023-03-15
region_only,Centre-Sud,sample_02900,0,2023-03-15
region_only,Centre-Sud,sample_03006,0,2023-03-28
region_only,Centre-Sud,sample_03007,0,2023-03-28
region_only,Centre-Sud,sample_03008,0,2023-03-28
region_only,Centre-Sud,sample_03010,0,2023-03-28
region_only,Centre-Sud,sample_03011,0,2023-03-28
region_only,Centre-Sud,sample_03013,0,2023-03-28
region_only,Centre-Sud,sample_03014,0,2023-03-28
region_only,Centre-Sud,sample_03017,0,2023-03-28
region_only,Centre-Sud,sample_03019,0,2023-03-28
region_only,Centre-Sud,sample_03021,0,2023-03-28
region_only,Centre-Sud,sample_03023,0,2023-03-28
region_only,Centre-Sud,sample_03024,0,2023-03-29
region_only,Centre-Sud,sample_03025,0,2023-03-29
region_only,Centre-Sud,sample_03027,0,2023-03-29
region_only,Centre-Sud,sample_00882,1,2022-08-09
region_only,Centre-Sud,sample_00883,1,2022-08-09
region_only,Centre-Sud,sample_00884,1,2022-08-09
region_only,Centre-Sud,sample_00885,1,2022-08-09
region_only,Centre-Sud,sample_00886,1,2022-08-09
region_only,Centre-Sud,sample_00887,1,2022-08-09
region_only,Centre-Sud,sample_00888,1,2022-08-09
region_only,Centre-Sud,sample_00889,1,2022-08-09
region_only,Centre-Sud,sample_00890,1,2022-08-09
region_only,Centre-Sud,sample_00891,1,2022-08-09
region_only,Centre-Sud,sample_00892,1,2022-08-09
region_only,Centre-Sud,sample_00893,1,2022-08-09
region_only,Centre-Sud,sample_00894,1,2022-08-09
region_only,Centre-Sud,sample_00895,1,2022-08-09
region_only,Centre-Sud,sample_00896,1,2022-08-09
region_only,Centre-Sud,sample_00897,1,2022-08-09
region_only,Centre-Sud,sample_00898,1,2022-08-09
region_only,Centre-Sud,sample_00899,1,2022-08-10
region_only,Centre-Sud,sample_00900,1,2022-08-10
region_only,Centre-Sud,sample_00901,1,2022-08-10
region_only,Centre-Sud,sample_00902,1,2022-08-10
region_only,Centre-Sud,sample_00903,1,2022-08-10
region_only,Centre-Sud,sample_00904,1,2022-08-10
region_only,Centre-Sud,sample_00905,1,2022-08-10
region_only,Centre-Sud,sample_00906,1,2022-08-10
region_only,Centre-Sud,sample_00907,1,2022-08-10
region_only,Centre-Sud,sample_00908,1,2022-08-10
region_only,Centre-Sud,sample_00909,1,2022-08-10
region_only,Centre-Sud,sample_00910,1,2022-08-10
region_only,Centre-Sud,sample_00911,1,2022-08-10
region_only,Centre-Sud,sample_00912,1,2022-08-10
region_only,Centre-Sud,sample_00913,1,2022-08-10
region_only,Centre-Sud,sample_00914,1,2022-08-10
region_only,Centre-Sud,sample_00915,1,2022-08-10
region_only,Centre-Sud,sample_00916,1,2022-08-10
region_only,Centre-Sud,sample_00917,1,2022-08-10
region_only,Centre-Sud,sample_00918,1,2022-08-10
region_only,Centre-Sud,sample_00919,1,2022-08-10
region_only,Centre-Sud,sample_00920,1,2022-08-10
region_only,Centre-Sud,sample_00921,1,2022-08-10
region_only,Centre-Sud,sample_00922,1,2022-08-10
region_only,Centre-Sud,sample_00923,1,2022-08-10
region_only,Centre-Sud,sample_00924,1,2022-08-10
region_only,Centre-Sud,sample_00925,1,2022-08-10
region_only,Centre-Sud,sample_00926,1,2022-08-10
region_only,Centre-Sud,sample_00927,1,2022-08-10
region_only,Centre-Sud,sample_00928,1,2022-08-10
region_only,Centre-Sud,sample_00929,1,2022-08-10
region_only,Centre-Sud,sample_00930,1,2022-08-10
region_only,Centre-Sud,sample_00931,1,2022-08-10
region_only,Centre-Sud,sample_00932,1,2022-08-10
region_only,Centre-Sud,sample_00933,1,2022-08-10
region_only,Centre-Sud,sample_00934,1,2022-08-10
region_only,Centre-Sud,sample_00935,1,2022-08-10
region_only,Centre-Sud,sample_00936,1,2022-08-10
region_only,Centre-Sud,sample_00937,1,2022-08-10
region_only,Centre-Sud,sample_00938,1,2022-08-10
region_only,Centre-Sud,sample_00939,1,2022-08-10
region_only,Centre-Sud,sample_00940,1,2022-08-10
region_only,Centre-Sud,sample_00941,1,2022-08-10
region_only,Centre-Sud,sample_00942,1,2022-08-10
region_only,Centre-Sud,sample_00943,1,2022-08-10
region_only,Centre-Sud,sample_00944,1,2022-08-10
region_only,Centre-Sud,sample_00945,1,2022-08-10
region_only,Centre-Sud,sample_00946,1,2022-08-10
region_only,Centre-Sud,sample_00947,1,2022-08-10
region_only,Centre-Sud,sample_00948,1,2022-08-10
region_only,Centre-Sud,sample_00949,1,2022-08-10
region_only,Centre-Sud,sample_00950,1,2022-08-10
region_only,Centre-Sud,sample_00951,1,2022-08-10
region_only,Centre-Sud,sample_00952,1,2022-08-10
region_only,Centre-Sud,sample_00953,1,2022-08-10
region_only,Centre-Sud,sample_00954,1,2022-08-10
region_only,Centre-Sud,sample_00955,1,2022-08-10
region_only,Centre-Sud,sample_00956,1,2022-08-10
region_only,Centre-Sud,sample_00957,1,2022-08-10
region_only,Centre-Sud,sample_00958,1,2022-08-10
region_only,Centre-Sud,sample_00959,1,2022-08-10
region_only,Centre-Sud,sample_00960,1,2022-08-10
region_only,Centre-Sud,sample_00961,1,2022-08-10
region_only,Centre-Sud,sample_00962,1,2022-08-10
region_only,Centre-Sud,sample_00963,1,2022-08-10
region_only,Centre-Sud,sample_00964,1,2022-08-10
region_only,Centre-Sud,sample_00965,1,2022-08-10
region_only,Centre-Sud,sample_00966,1,2022-08-10
region_only,Centre-Sud,sample_00967,1,2022-08-10
region_only,Centre-Sud,sample_00968,1,2022-08-10
region_only,Centre-Sud,sample_00969,1,2022-08-10
region_only,Centre-Sud,sample_01123,1,2022-08-24
region_only,Centre-Sud,sample_01124,1,2022-08-24
region_only,Centre-Sud,sample_01125,1,2022-08-24
region_only,Centre-Sud,sample_01126,1,2022-08-24
region_only,Centre-Sud,sample_01127,1,2022-08-24
region_only,Centre-Sud,sample_01128,1,2022-08-24
region_only,Centre-Sud,sample_01129,1,2022-08-24
region_only,Centre-Sud,sample_01130,1,2022-08-24
region_only,Centre-Sud,sample_01131,1,2022-08-24
region_only,Centre-Sud,sample_01133,1,2022-08-24
region_only,Centre-Sud,sample_01134,1,2022-08-24
region_only,Centre-Sud,sample_01135,1,2022-08-24
region_only,Centre-Sud,sample_01136,1,2022-08-24
region_only,Centre-Sud,sample_01137,1,2022-08-24
region_only,Centre-Sud,sample_01138,1,2022-08-24
region_only,Centre-Sud,sample_01139,1,2022-08-24
region_only,Centre-Sud,sample_01140,1,2022-08-24
region_only,Centre-Sud,sample_01142,1,2022-08-24
region_only,Centre-Sud,sample_01143,1,2022-08-24
region_only,Centre-Sud,sample_01144,1,2022-08-24
region_only,Centre-Sud,sample_01213,1,2022-08-30
region_only,Centre-Sud,sample_01214,1,2022-08-30
region_only,Centre-Sud,sample_01215,1,2022-08-30
region_only,Centre-Sud,sample_01216,1,2022-08-30
region_only,Centre-Sud,sample_01217,1,2022-08-30
region_only,Centre-Sud,sample_01218,1,2022-08-30
region_only,Centre-Sud,sample_01219,1,2022-08-30
region_only,Centre-Sud,sample_01220,1,2022-08-30
region_only,Centre-Sud,sample_01221,1,2022-08-30
region_only,Centre-Sud,sample_01222,1,2022-08-30
region_only,Centre-Sud,sample_01223,1,2022-08-30
region_only,Centre-Sud,sample_01224,1,2022-08-30
region_only,Centre-Sud,sample_01225,1,2022-08-30
region_only,Centre-Sud,sample_01226,1,2022-08-30
region_only,Centre-Sud,sample_01227,1,2022-08-30
region_only,Centre-Sud,sample_01228,1,2022-08-30
region_only,Centre-Sud,sample_01229,1,2022-08-30
region_only,Centre-Sud,sample_01232,1,2022-08-30
region_only,Centre-Sud,sample_01233,1,2022-08-30
region_only,Centre-Sud,sample_01235,1,2022-08-30
region_only,Centre-Sud,sample_01236,1,2022-08-30
region_only,Centre-Sud,sample_01239,1,2022-08-30
region_only,Centre-Sud,sample_01241,1,2022-08-30
region_only,Centre-Sud,sample_01243,1,2022-08-30
region_only,Centre-Sud,sample_01244,1,2022-08-30
region_only,Centre-Sud,sample_01246,1,2022-08-30
region_only,Centre-Sud,sample_01247,1,2022-08-30
region_only,Centre-Sud,sample_01248,1,2022-08-30
region_only,Centre-Sud,sample_01249,1,2022-08-30
region_only,Centre-Sud,sample_01250,1,2022-08-30
region_only,Centre-Sud,sample_01251,1,2022-08-30
region_only,Centre-Sud,sample_01252,1,2022-08-30
region_only,Centre-Sud,sample_01256,1,2022-08-30
region_only,Centre-Sud,sample_01257,1,2022-08-30
region_only,Centre-Sud,sample_01258,1,2022-08-30
region_only,Centre-Sud,sample_01259,1,2022-08-30
region_only,Centre-Sud,sample_01261,1,2022-08-30
region_only,Centre-Sud,sample_01263,1,2022-08-30
region_only,Centre-Sud,sample_01264,1,2022-08-30
region_only,Centre-Sud,sample_01265,1,2022-08-30
region_only,Centre-Sud,sample_01266,1,2022-08-30
region_only,Centre-Sud,sample_01267,1,2022-08-30
region_only,Centre-Sud,sample_01271,1,2022-08-30
region_only,Centre-Sud,sample_01273,1,2022-08-30
region_only,Centre-Sud,sample_01274,1,2022-08-30
region_only,Centre-Sud,sample_01275,1,2022-08-30
region_only,Centre-Sud,sample_01276,1,2022-08-30
region_only,Centre-Sud,sample_01277,1,2022-08-30
region_only,Centre-Sud,sample_01278,1,2022-08-30
region_only,Centre-Sud,sample_01337,1,2022-09-06
region_only,Centre-Sud,sample_01541,1,2022-10-27
region_only,Centre-Sud,sample_01543,1,2022-10-27
region_only,Centre-Sud,sample_01545,1,2022-10-27
region_only,Centre-Sud,sample_01547,1,2022-10-27
region_only,Centre-Sud,sample_01553,1,2022-10-27
region_only,Centre-Sud,sample_01563,1,2022-10-27
region_only,Centre-Sud,sample_01566,1,2022-10-27
region_only,Centre-Sud,sample_01567,1,2022-10-27
region_only,Centre-Sud,sample_01850,1,2022-11-17
region_only,Centre-Sud,sample_01907,1,2022-11-18
region_only,Centre-Sud,sample_01978,1,2022-11-18
region_only,Centre-Sud,sample_02127,1,2022-11-25
region_only,Centre-Sud,sample_02392,1,2023-02-06
region_only,Centre-Sud,sample_02393,1,2023-02-06
region_only,Centre-Sud,sample_02394,1,2023-02-06
region_only,Centre-Sud,sample_02395,1,2023-02-06
region_only,Centre-Sud,sample_02396,1,2023-02-06
region_only,Centre-Sud,sample_02397,1,2023-02-06
region_only,Centre-Sud,sample_02398,1,2023-02-06
region_only,Centre-Sud,sample_02399,1,2023-02-06
region_only,Centre-Sud,sample_02400,1,2023-02-06
region_only,Centre-Sud,sample_02401,1,2023-02-06
region_only,Centre-Sud,sample_02441,1,2023-02-09
region_only,Centre-Sud,sample_02448,1,2023-02-14
region_only,Centre-Sud,sample_02463,1,2023-02-16
region_only,Centre-Sud,sample_02464,1,2023-02-16
region_only,Centre-Sud,sample_02465,1,2023-02-16
region_only,Centre-Sud,sample_02559,1,2023-02-25
region_only,Centre-Sud,sample_02621,1,2023-03-02
region_only,Centre-Sud,sample_02622,1,2023-03-02
region_only,Centre-Sud,sample_02623,1,2023-03-02
region_only,Centre-Sud,sample_02625,1,2023-03-02
region_only,Centre-Sud,sample_02626,1,2023-03-02
region_only,Centre-Sud,sample_02628,1,2023-03-02
region_only,Centre-Sud,sample_02632,1,2023-03-02
region_only,Centre-Sud,sample_02636,1,2023-03-02
region_only,Centre-Sud,sample_02637,1,2023-03-02
region_only,Centre-Sud,sample_02638,1,2023-03-02
region_only,Centre-Sud,sample_02643,1,2023-03-02
region_only,Centre-Sud,sample_02646,1,2023-03-02
region_only,Centre-Sud,sample_02647,1,2023-03-02
region_only,Centre-Sud,sample_02651,1,2023-03-03
region_only,Centre-Sud,sample_02653,1,2023-03-04
region_only,Centre-Sud,sample_02654,1,2023-03-04
region_only,Centre-Sud,sample_02655,1,2023-03-04
region_only,Centre-Sud,sample_02657,1,2023-03-04
region_only,Centre-Sud,sample_02658,1,2023-03-04
region_only,Centre-Sud,sample_02659,1,2023-03-04
region_only,Centre-Sud,sample_02660,1,2023-03-04
region_only,Centre-Sud,sample_02661,1,2023-03-04
region_only,Centre-Sud,sample_02665,1,2023-03-04
region_only,Centre-Sud,sample_02666,1,2023-03-04
region_only,Centre-Sud,sample_02667,1,2023-03-04
region_only,Centre-Sud,sample_02669,1,2023-03-04
region_only,Centre-Sud,sample_02840,1,2023-03-11
region_only,Centre-Sud,sample_02924,1,2023-03-21
region_only,Centre-Sud,sample_02925,1,2023-03-21
region_only,Centre-Sud,sample_02927,1,2023-03-21
region_only,Centre-Sud,sample_02928,1,2023-03-21
region_only,Centre-Sud,sample_02930,1,2023-03-21
region_only,Centre-Sud,sample_02931,1,2023-03-21
region_only,Centre-Sud,sample_02933,1,2023-03-21
region_only,Centre-Sud,sample_02935,1,2023-03-21
region_only,Centre-Sud,sample_02936,1,2023-03-21
region_only,Centre-Sud,sample_02937,1,2023-03-21
region_only,Centre-Sud,sample_02939,1,2023-03-21
region_only,Centre-Sud,sample_02977,1,2023-03-23
region_only,Centre-Sud,sample_03053,1,2023-04-04
region_only,Centre-Sud,sample_03056,1,2023-04-04
region_only,Centre-Sud,sample_03057,1,2023-04-04
region_only,Centre-Sud,sample_03058,1,2023-04-04
region_only,Centre-Sud,sample_03093,1,2023-04-11
region_only,Centre-Sud,sample_01118,2,2022-08-23
region_only,Centre-Sud,sample_01119,2,2022-08-23
region_only,Centre-Sud,sample_01120,2,2022-08-23
region_only,Centre-Sud,sample_01121,2,2022-08-23
region_only,Centre-Sud,sample_01122,2,2022-08-23
region_only,Centre-Sud,sample_01338,2,2022-10-19
region_only,Centre-Sud,sample_01339,2,2022-10-19
region_only,Centre-Sud,sample_01340,2,2022-10-19
region_only,Centre-Sud,sample_01342,2,2022-10-19
region_only,Centre-Sud,sample_01343,2,2022-10-19
region_only,Centre-Sud,sample_01345,2,2022-10-19
region_only,Centre-Sud,sample_01346,2,2022-10-19
region_only,Centre-Sud,sample_01347,2,2022-10-19
region_only,Centre-Sud,sample_01348,2,2022-10-19
region_only,Centre-Sud,sample_01349,2,2022-10-19
region_only,Centre-Sud,sample_01350,2,2022-10-19
region_only,Centre-Sud,sample_01351,2,2022-10-19
region_only,Centre-Sud,sample_01355,2,2022-10-19
region_only,Centre-Sud,sample_01356,2,2022-10-19
region_only,Centre-Sud,sample_01367,2,2022-10-19
region_only,Centre-Sud,sample_01373,2,2022-10-19
region_only,Centre-Sud,sample_01378,2,2022-10-19
region_only,Centre-Sud,sample_01386,2,2022-10-20
region_only,Centre-Sud,sample_01388,2,2022-10-20
region_only,Centre-Sud,sample_01391,2,2022-10-20
region_only,Centre-Sud,sample_01404,2,2022-10-20
region_only,Centre-Sud,sample_01407,2,2022-10-20
region_only,Centre-Sud,sample_01424,2,2022-10-20
region_only,Centre-Sud,sample_01426,2,2022-10-20
region_only,Centre-Sud,sample_01427,2,2022-10-21
region_only,Centre-Sud,sample_01429,2,2022-10-21
region_only,Centre-Sud,sample_01430,2,2022-10-21
region_only,Centre-Sud,sample_01437,2,2022-10-21
region_only,Centre-Sud,sample_01441,2,2022-10-21
region_only,Centre-Sud,sample_01443,2,2022-10-21
region_only,Centre-Sud,sample_01444,2,2022-10-21
region_only,Centre-Sud,sample_01451,2,2022-10-24
region_only,Centre-Sud,sample_01452,2,2022-10-24
region_only,Centre-Sud,sample_01453,2,2022-10-24
region_only,Centre-Sud,sample_01675,2,2022-11-11
region_only,Centre-Sud,sample_01678,2,2022-11-11
region_only,Centre-Sud,sample_01681,2,2022-11-11
region_only,Centre-Sud,sample_01687,2,2022-11-11
region_only,Centre-Sud,sample_01795,2,2022-11-15
region_only,Centre-Sud,sample_01796,2,2022-11-15
region_only,Centre-Sud,sample_01797,2,2022-11-15
region_only,Centre-Sud,sample_01798,2,2022-11-16
region_only,Centre-Sud,sample_01799,2,2022-11-16
region_only,Centre-Sud,sample_01800,2,2022-11-16
region_only,Centre-Sud,sample_01801,2,2022-11-16
region_only,Centre-Sud,sample_01802,2,2022-11-16
region_only,Centre-Sud,sample_01803,2,2022-11-16
region_only,Centre-Sud,sample_01804,2,2022-11-16
region_only,Centre-Sud,sample_01805,2,2022-11-16
region_only,Centre-Sud,sample_01806,2,2022-11-16
region_only,Centre-Sud,sample_01807,2,2022-11-16
region_only,Centre-Sud,sample_01808,2,2022-11-16
region_only,Centre-Sud,sample_01809,2,2022-11-16
region_only,Centre-Sud,sample_01810,2,2022-11-16
region_only,Centre-Sud,sample_01811,2,2022-11-16
region_only,Centre-Sud,sample_01812,2,2022-11-16
region_only,Centre-Sud,sample_01813,2,2022-11-16
region_only,Centre-Sud,sample_01814,2,2022-11-16
region_only,Centre-Sud,sample_01815,2,2022-11-16
region_only,Centre-Sud,sample_01816,2,2022-11-16
region_only,Centre-Sud,sample_02054,2,2022-11-22
region_only,Centre-Sud,sample_02058,2,2022-11-22
region_only,Centre-Sud,sample_02060,2,2022-11-22
region_only,Centre-Sud,sample_02061,2,2022-11-22
region_only,Centre-Sud,sample_02064,2,2022-11-22
region_only,Centre-Sud,sample_02067,2,2022-11-22
region_only,Centre-Sud,sample_02068,2,2022-11-22
region_only,Centre-Sud,sample_02242,2,2023-01-04
region_only,Centre-Sud,sample_02251,2,2023-01-07
region_only,Centre-Sud,sample_02307,2,2023-01-19
region_only,Centre-Sud,sample_02308,2,2023-01-19
region_only,Centre-Sud,sample_02309,2,2023-01-19
region_only,Centre-Sud,sample_02310,2,2023-01-19
region_only,Centre-Sud,sample_02311,2,2023-01-19
region_only,Centre-Sud,sample_02312,2,2023-01-19
region_only,Centre-Sud,sample_02313,2,2023-01-19
region_only,Centre-Sud,sample_02314,2,2023-01-19
region_only,Centre-Sud,sample_02474,2,2023-02-21
region_only,Centre-Sud,sample_02475,2,2023-02-21
region_only,Centre-Sud,sample_02476,2,2023-02-21
region_only,Centre-Sud,sample_02477,2,2023-02-21
region_only,Centre-Sud,sample_02670,2,2023-03-06
region_only,Centre-Sud,sample_02671,2,2023-03-06
region_only,Centre-Sud,sample_02672,2,2023-03-06
region_only,Centre-Sud,sample_02673,2,2023-03-06
region_only,Centre-Sud,sample_02674,2,2023-03-06
region_only,Centre-Sud,sample_02675,2,2023-03-06
region_only,Centre-Sud,sample_02676,2,2023-03-06
region_only,Centre-Sud,sample_02677,2,2023-03-06
region_only,Centre-Sud,sample_02678,2,2023-03-06
region_only,Centre-Sud,sample_02679,2,2023-03-06
region_only,Centre-Sud,sample_02680,2,2023-03-06
region_only,Centre-Sud,sample_02681,2,2023-03-06
region_only,Centre-Sud,sample_02682,2,2023-03-06
region_only,Centre-Sud,sample_02683,2,2023-03-06
region_only,Centre-Sud,sample_02684,2,2023-03-06
region_only,Centre-Sud,sample_02685,2,2023-03-06
region_only,Centre-Sud,sample_02686,2,2023-03-06
region_only,Centre-Sud,sample_02687,2,2023-03-06
region_only,Centre-Sud,sample_02688,2,2023-03-06
region_only,Centre-Sud,sample_02689,2,2023-03-06
region_only,Centre-Sud,sample_02690,2,2023-03-06
region_only,Centre-Sud,sample_02691,2,2023-03-06
region_only,Centre-Sud,sample_02692,2,2023-03-06
region_only,Centre-Sud,sample_02693,2,2023-03-06
region_only,Centre-Sud,sample_02694,2,2023-03-06
region_only,Centre-Sud,sample_02695,2,2023-03-06
region_only,Centre-Sud,sample_02696,2,2023-03-06
region_only,Centre-Sud,sample_02697,2,2023-03-06
region_only,Centre-Sud,sample_02706,2,2023-03-06
region_only,Centre-Sud,sample_02901,2,2023-03-17
region_only,Centre-Sud,sample_02986,2,2023-03-27
region_only,Centre-Sud,sample_02989,2,2023-03-27
region_only,Centre-Sud,sample_02992,2,2023-03-27
region_only,Centre-Sud,sample_02994,2,2023-03-27
region_only,Centre-Sud,sample_02995,2,2023-03-27
region_only,Centre-Sud,sample_02996,2,2023-03-27
region_only,Centre-Sud,sample_02997,2,2023-03-27
region_only,Centre-Sud,sample_02998,2,2023-03-27
region_only,Centre-Sud,sample_02999,2,2023-03-27
region_only,Centre-Sud,sample_03000,2,2023-03-27
region_only,Centre-Sud,sample_03001,2,2023-03-27
region_only,Centre-Sud,sample_03002,2,2023-03-27
region_only,Centre-Sud,sample_03003,2,2023-03-27
region_only,Centre-Sud,sample_03004,2,2023-03-27
region_only,Centre-Sud,sample_03005,2,2023-03-27
region_only,Centre-Sud,sample_03084,2,2023-04-06
region_only,Centre-Sud,sample_03085,2,2023-04-06
region_only,Centre-Sud,sample_03087,2,2023-04-06
region_only,Centre-Sud,sample_03089,2,2023-04-06
region_only,Centre-Sud,sample_03097,2,2023-04-12
region_only,Centre-Sud,sample_03098,2,2023-04-12
region_only,Centre-Sud,sample_03099,2,2023-04-12
region_only,Centre-Sud,sample_03100,2,2023-04-12
region_only,Centre-Sud,sample_03101,2,2023-04-12
region_only,Centre-Sud,sample_03102,2,2023-04-12
region_only,Centre-Sud,sample_03104,2,2023-04-12
region_only,Centre-Sud,sample_03105,2,2023-04-12
region_only,Centre-Sud,sample_03106,2,2023-04-12
region_only,Centre-Sud,sample_03107,2,2023-04-12
region_only,Centre-Sud,sample_03108,2,2023-04-12
region_only,Centre-Sud,sample_03109,2,2023-04-12
region_only,Centre-Sud,sample_03110,2,2023-04-12
region_only,Centre-Sud,sample_03111,2,2023-04-12
region_only,Centre-Sud,sample_03113,2,2023-04-12
region_only,Centre-Sud,sample_03114,2,2023-04-12
region_only,Centre-Sud,sample_03116,2,2023-04-12
region_only,Centre-Sud,sample_03119,2,2023-04-12
region_only,Centre-Sud,sample_03122,2,2023-04-12
region_only,Centre-Sud,sample_03123,2,2023-04-12
region_only,Centre-Sud,sample_03124,2,2023-04-12
region_only,Centre-Sud,sample_03126,2,2023-04-12
region_only,Centre-Sud,sample_03127,2,2023-04-12
region_only,Centre-Sud,sample_03129,2,2023-04-12
region_only,Centre-Sud,sample_03131,2,2023-04-12
region_only,Centre-Sud,sample_03132,2,2023-04-12
region_only,Centre-Sud,sample_03134,2,2023-04-12
region_only,Centre-Sud,sample_03137,2,2023-04-12
region_only,Centre-Sud,sample_03139,2,2023-04-12
region_only,Centre-Sud,sample_03140,2,2023-04-12
region_only,Centre-Sud,sample_03141,2,2023-04-12
region_only,Centre-Sud,sample_03143,2,2023-04-12
region_only,Centre-Sud,sample_03144,2,2023-04-12
region_only,Centre-Sud,sample_03145,2,2023-04-12
region_only,Centre-Sud,sample_03147,2,2023-04-12
region_only,Centre-Sud,sample_03150,2,2023-04-12
region_only,Centre-Sud,sample_03151,2,2023-04-12
region_only,Centre-Sud,sample_03153,2,2023-04-12
region_only,Centre-Sud,sample_03155,2,2023-04-12
region_only,Centre-Sud,sample_03157,2,2023-04-12
region_only,Centre-Sud,sample_03158,2,2023-04-12
region_only,Centre-Sud,sample_03159,2,2023-04-12
region_only,Centre-Sud,sample_03162,2,2023-04-12
region_only,Centre-Sud,sample_03164,2,2023-04-12
region_only,Centre-Sud,sample_03165,2,2023-04-12
region_only,Centre-Sud,sample_03167,2,2023-04-12
region_only,Centre-Sud,sample_03169,2,2023-04-12
region_only,Centre-Sud,sample_03170,2,2023-04-12
region_only,Centre-Sud,sample_03171,2,2023-04-12
region_only,Centre-Sud,sample_03172,2,2023-04-12
region_only,Centre-Sud,sample_03174,2,2023-04-12
region_only,Centre-Sud,sample_03175,2,2023-04-12
region_only,Centre-Sud,sample_03176,2,2023-04-12
region_only,Centre-Sud,sample_03177,2,2023-04-12
region_only,Centre-Sud,sample_03179,2,2023-04-12
region_only,Centre-Sud,sample_03181,2,2023-04-12
region_only,Centre-Sud,sample_03182,2,2023-04-12
region_only,Centre-Sud,sample_03183,2,2023-04-12
region_only,Centre-Sud,sample_03185,2,2023-04-12
region_only,Centre-Sud,sample_03186,2,2023-04-12
region_only,Centre-Sud,sample_03187,2,2023-04-12
region_only,Centre-Sud,sample_03189,2,2023-04-12
region_only,Centre-Sud,sample_03190,2,2023-04-12
region_only,Centre-Sud,sample_03192,2,2023-04-12
region_only,Centre-Sud,sample_03193,2,2023-04-12
region_only,Centre-Sud,sample_03194,2,2023-04-12
region_only,Centre-Sud,sample_03196,2,2023-04-13
region_only,Centre-Sud,sample_03197,2,2023-04-13
region_only,Centre-Sud,sample_03200,2,2023-04-13
region_only,Centre-Sud,sample_03202,2,2023-04-13
region_only,Centre-Sud,sample_03203,2,2023-04-13
region_only,Centre-Sud,sample_03204,2,2023-04-13
region_only,Centre-Sud,sample_03206,2,2023-04-13
region_only,Centre-Sud,sample_03207,2,2023-04-13
region_only,Centre-Sud,sample_03210,2,2023-04-13
region_only,Centre-Sud,sample_03211,2,2023-04-13
region_only,Centre-Sud,sample_03213,2,2023-04-13
region_only,Centre-Sud,sample_03214,2,2023-04-13
region_only,Centre-Sud,sample_00832,3,2022-08-05
region_only,Centre-Sud,sample_00833,3,2022-08-05
region_only,Centre-Sud,sample_00834,3,2022-08-05
region_only,Centre-Sud,sample_00835,3,2022-08-05
region_only,Centre-Sud,sample_00836,3,2022-08-05
region_only,Centre-Sud,sample_00837,3,2022-08-05
region_only,Centre-Sud,sample_00838,3,2022-08-05
region_only,Centre-Sud,sample_00839,3,2022-08-05
region_only,Centre-Sud,sample_00840,3,2022-08-05
region_only,Centre-Sud,sample_00841,3,2022-08-05
region_only,Centre-Sud,sample_00842,3,2022-08-05
region_only,Centre-Sud,sample_00843,3,2022-08-05
region_only,Centre-Sud,sample_00844,3,2022-08-05
region_only,Centre-Sud,sample_00845,3,2022-08-05
region_only,Centre-Sud,sample_00846,3,2022-08-05
region_only,Centre-Sud,sample_00847,3,2022-08-05
region_only,Centre-Sud,sample_00848,3,2022-08-05
region_only,Centre-Sud,sample_00849,3,2022-08-05
region_only,Centre-Sud,sample_00982,3,2022-08-17
region_only,Centre-Sud,sample_00984,3,2022-08-17
region_only,Centre-Sud,sample_00985,3,2022-08-17
region_only,Centre-Sud,sample_00986,3,2022-08-17
region_only,Centre-Sud,sample_00987,3,2022-08-17
region_only,Centre-Sud,sample_00988,3,2022-08-17
region_only,Centre-Sud,sample_00989,3,2022-08-17
region_only,Centre-Sud,sample_00990,3,2022-08-17
region_only,Centre-Sud,sample_00991,3,2022-08-17
region_only,Centre-Sud,sample_00992,3,2022-08-17
region_only,Centre-Sud,sample_00993,3,2022-08-17
region_only,Centre-Sud,sample_00994,3,2022-08-17
region_only,Centre-Sud,sample_00995,3,2022-08-17
region_only,Centre-Sud,sample_00996,3,2022-08-17
region_only,Centre-Sud,sample_00997,3,2022-08-17
region_only,Centre-Sud,sample_00998,3,2022-08-17
region_only,Centre-Sud,sample_00999,3,2022-08-17
region_only,Centre-Sud,sample_01000,3,2022-08-17
region_only,Centre-Sud,sample_01001,3,2022-08-17
region_only,Centre-Sud,sample_01002,3,2022-08-17
region_only,Centre-Sud,sample_01003,3,2022-08-17
region_only,Centre-Sud,sample_01004,3,2022-08-17
region_only,Centre-Sud,sample_01005,3,2022-08-17
region_only,Centre-Sud,sample_01006,3,2022-08-17
region_only,Centre-Sud,sample_01007,3,2022-08-17
region_only,Centre-Sud,sample_01008,3,2022-08-17
region_only,Centre-Sud,sample_01009,3,2022-08-17
region_only,Centre-Sud,sample_01010,3,2022-08-17
region_only,Centre-Sud,sample_01011,3,2022-08-17
region_only,Centre-Sud,sample_01012,3,2022-08-17
region_only,Centre-Sud,sample_01013,3,2022-08-17
region_only,Centre-Sud,sample_01014,3,2022-08-17
region_only,Centre-Sud,sample_01015,3,2022-08-17
region_only,Centre-Sud,sample_01016,3,2022-08-17
region_only,Centre-Sud,sample_01017,3,2022-08-17
region_only,Centre-Sud,sample_01018,3,2022-08-17
region_only,Centre-Sud,sample_01019,3,2022-08-17
region_only,Centre-Sud,sample_01020,3,2022-08-17
region_only,Centre-Sud,sample_01021,3,2022-08-17
region_only,Centre-Sud,sample_01022,3,2022-08-17
region_only,Centre-Sud,sample_02346,3,2023-01-25
region_only,Centre-Sud,sample_02347,3,2023-01-25
region_only,Centre-Sud,sample_02348,3,2023-01-25
region_only,Centre-Sud,sample_02349,3,2023-01-25
region_only,Centre-Sud,sample_02350,3,2023-01-25
region_only,Centre-Sud,sample_02351,3,2023-01-25
region_only,Centre-Sud,sample_02352,3,2023-01-25
region_only,Centre-Sud,sample_02353,3,2023-01-25
region_only,Centre-Sud,sample_02354,3,2023-01-25
region_only,Centre-Sud,sample_02355,3,2023-01-25
region_only,Centre-Sud,sample_02356,3,2023-01-25
region_only,Centre-Sud,sample_02449,3,2023-02-15
region_only,Centre-Sud,sample_02450,3,2023-02-15
region_only,Centre-Sud,sample_02451,3,2023-02-15
region_only,Centre-Sud,sample_02452,3,2023-02-15
region_only,Centre-Sud,sample_02453,3,2023-02-15
region_only,Centre-Sud,sample_02454,3,2023-02-15
region_only,Centre-Sud,sample_02455,3,2023-02-15
region_only,Centre-Sud,sample_02458,3,2023-02-15
region_only,Centre-Sud,sample_02478,3,2023-02-23
region_only,Centre-Sud,sample_02479,3,2023-02-23
region_only,Centre-Sud,sample_02480,3,2023-02-23
region_only,Centre-Sud,sample_02481,3,2023-02-23
region_only,Centre-Sud,sample_02482,3,2023-02-23
region_only,Centre-Sud,sample_02483,3,2023-02-23
region_only,Centre-Sud,sample_02484,3,2023-02-23
region_only,Centre-Sud,sample_02485,3,2023-02-23
region_only,Centre-Sud,sample_02492,3,2023-02-23
region_only,Centre-Sud,sample_02494,3,2023-02-23
region_only,Centre-Sud,sample_02497,3,2023-02-23
region_only,Centre-Sud,sample_02498,3,2023-02-23
region_only,Centre-Sud,sample_02504,3,2023-02-23
region_only,Centre-Sud,sample_02505,3,2023-02-23
region_only,Centre-Sud,sample_02508,3,2023-02-23
region_only,Centre-Sud,sample_02511,3,2023-02-23
region_only,Centre-Sud,sample_02522,3,2023-02-23
region_only,Centre-Sud,sample_02524,3,2023-02-23
region_only,Centre-Sud,sample_02525,3,2023-02-23
region_only,Centre-Sud,sample_02527,3,2023-02-23
region_only,Centre-Sud,sample_02528,3,2023-02-23
region_only,Centre-Sud,sample_02531,3,2023-02-23
region_only,Centre-Sud,sample_02532,3,2023-02-23
region_only,Centre-Sud,sample_02536,3,2023-02-23
region_only,Centre-Sud,sample_02539,3,2023-02-23
region_only,Centre-Sud,sample_02541,3,2023-02-23
region_only,Centre-Sud,sample_02543,3,2023-02-23
region_only,Centre-Sud,sample_02544,3,2023-02-23
region_only,Centre-Sud,sample_02547,3,2023-02-23
region_only,Centre-Sud,sample_02549,3,2023-02-23
region_only,Centre-Sud,sample_02552,3,2023-02-23
region_only,Centre-Sud,sample_02556,3,2023-02-24
region_only,Centre-Sud,sample_02557,3,2023-02-24
region_only,Centre-Sud,sample_02558,3,2023-02-24
region_only,Centre-Sud,sample_02712,3,2023-03-07
region_only,Centre-Sud,sample_02713,3,2023-03-07
region_only,Centre-Sud,sample_02714,3,2023-03-07
region_only,Centre-Sud,sample_02716,3,2023-03-07
region_only,Centre-Sud,sample_02717,3,2023-03-07
region_only,Centre-Sud,sample_02718,3,2023-03-07
region_only,Centre-Sud,sample_02719,3,2023-03-07
region_only,Centre-Sud,sample_02720,3,2023-03-07
region_only,Centre-Sud,sample_02722,3,2023-03-07
region_only,Centre-Sud,sample_02727,3,2023-03-07
region_only,Centre-Sud,sample_02729,3,2023-03-07
region_only,Centre-Sud,sample_02732,3,2023-03-07
region_only,Centre-Sud,sample_02736,3,2023-03-07
region_only,Centre-Sud,sample_02737,3,2023-03-07
region_only,Centre-Sud,sample_02738,3,2023-03-07
region_only,Centre-Sud,sample_02743,3,2023-03-07
region_only,Centre-Sud,sample_02744,3,2023-03-07
region_only,Centre-Sud,sample_02748,3,2023-03-07
region_only,Centre-Sud,sample_02751,3,2023-03-07
region_only,Centre-Sud,sample_02753,3,2023-03-07
region_only,Centre-Sud,sample_02754,3,2023-03-07
region_only,Centre-Sud,sample_02756,3,2023-03-07
region_only,Centre-Sud,sample_02757,3,2023-03-07
region_only,Centre-Sud,sample_02758,3,2023-03-07
region_only,Centre-Sud,sample_02761,3,2023-03-07
region_only,Centre-Sud,sample_02763,3,2023-03-07
region_only,Centre-Sud,sample_02765,3,2023-03-07
region_only,Centre-Sud,sample_02770,3,2023-03-07
region_only,Centre-Sud,sample_02771,3,2023-03-07
region_only,Centre-Sud,sample_02772,3,2023-03-07
region_only,Centre-Sud,sample_02773,3,2023-03-07
region_only,Centre-Sud,sample_02775,3,2023-03-07
region_only,Centre-Sud,sample_02776,3,2023-03-07
region_only,Centre-Sud,sample_02778,3,2023-03-09
region_only,Centre-Sud,sample_02779,3,2023-03-09
region_only,Centre-Sud,sample_02780,3,2023-03-09
region_only,Centre-Sud,sample_02781,3,2023-03-09
region_only,Centre-Sud,sample_02782,3,2023-03-09
region_only,Centre-Sud,sample_02783,3,2023-03-09
region_only,Centre-Sud,sample_02784,3,2023-03-09
region_only,Centre-Sud,sample_02785,3,2023-03-09
region_only,Centre-Sud,sample_02786,3,2023-03-09
region_only,Centre-Sud,sample_02787,3,2023-03-09
region_only,Centre-Sud,sample_02791,3,2023-03-09
region_only,Centre-Sud,sample_02792,3,2023-03-09
region_only,Centre-Sud,sample_02797,3,2023-03-09
region_only,Centre-Sud,sample_02798,3,2023-03-09
region_only,Centre-Sud,sample_02799,3,2023-03-09
region_only,Centre-Sud,sample_02800,3,2023-03-09
region_only,Centre-Sud,sample_02802,3,2023-03-09
region_only,Centre-Sud,sample_02804,3,2023-03-10
region_only,Centre-Sud,sample_02805,3,2023-03-10
region_only,Centre-Sud,sample_02808,3,2023-03-10
region_only,Centre-Sud,sample_02810,3,2023-03-10
region_only,Centre-Sud,sample_02811,3,2023-03-10
region_only,Centre-Sud,sample_02812,3,2023-03-10
region_only,Centre-Sud,sample_02813,3,2023-03-10
region_only,Centre-Sud,sample_02816,3,2023-03-10
region_only,Centre-Sud,sample_02818,3,2023-03-10
region_only,Centre-Sud,sample_02820,3,2023-03-10
region_only,Centre-Sud,sample_02822,3,2023-03-10
region_only,Centre-Sud,sample_02823,3,2023-03-10
region_only,Centre-Sud,sample_02824,3,2023-03-10
region_only,Centre-Sud,sample_02825,3,2023-03-10
region_only,Centre-Sud,sample_02826,3,2023-03-10
region_only,Centre-Sud,sample_02828,3,2023-03-10
region_only,Centre-Sud,sample_02829,3,2023-03-10
region_only,Centre-Sud,sample_02831,3,2023-03-10
region_only,Centre-Sud,sample_02832,3,2023-03-10
region_only,Centre-Sud,sample_02834,3,2023-03-10
region_only,Centre-Sud,sample_02835,3,2023-03-10
region_only,Centre-Sud,sample_02838,3,2023-03-10
region_only,Centre-Sud,sample_02839,3,2023-03-10
region_only,Centre-Sud,sample_02857,3,2023-03-13
region_only,Centre-Sud,sample_02858,3,2023-03-13
region_only,Centre-Sud,sample_02863,3,2023-03-13
region_only,Centre-Sud,sample_02864,3,2023-03-13
region_only,Centre-Sud,sample_02865,3,2023-03-13
region_only,Centre-Sud,sample_02868,3,2023-03-13
region_only,Centre-Sud,sample_02869,3,2023-03-13
region_only,Centre-Sud,sample_02870,3,2023-03-13
region_only,Centre-Sud,sample_02871,3,2023-03-13
region_only,Centre-Sud,sample_02872,3,2023-03-13
region_only,Centre-Sud,sample_02873,3,2023-03-13
region_only,Centre-Sud,sample_02874,3,2023-03-13
region_only,Centre-Sud,sample_02875,3,2023-03-13
region_only,Centre-Sud,sample_02876,3,2023-03-13
region_only,Centre-Sud,sample_02877,3,2023-03-13
region_only,Centre-Sud,sample_02878,3,2023-03-13
region_only,Centre-Sud,sample_02908,3,2023-03-20
region_only,Centre-Sud,sample_02910,3,2023-03-20
region_only,Centre-Sud,sample_02912,3,2023-03-20
region_only,Centre-Sud,sample_02916,3,2023-03-20
region_only,Centre-Sud,sample_02917,3,2023-03-20
region_only,Centre-Sud,sample_02923,3,2023-03-20
region_only,Centre-Sud,sample_02941,3,2023-03-22
region_only,Centre-Sud,sample_02945,3,2023-03-22
region_only,Centre-Sud,sample_02947,3,2023-03-22
region_only,Centre-Sud,sample_02950,3,2023-03-22
region_only,Centre-Sud,sample_02952,3,2023-03-22
region_only,Centre-Sud,sample_02953,3,2023-03-22
region_only,Centre-Sud,sample_02957,3,2023-03-22
region_only,Centre-Sud,sample_02959,3,2023-03-22
region_only,Centre-Sud,sample_02966,3,2023-03-22
region_only,Centre-Sud,sample_02968,3,2023-03-22
region_only,Centre-Sud,sample_02975,3,2023-03-22
region_only,Centre-Sud,sample_02976,3,2023-03-22
region_only,Centre-Sud,sample_02981,3,2023-03-24
region_only,Centre-Sud,sample_02982,3,2023-03-24
region_only,Centre-Sud,sample_02983,3,2023-03-24
region_only,Centre-Sud,sample_02984,3,2023-03-24
region_only,Centre-Sud,sample_02985,3,2023-03-24
region_only,Centre-Sud,sample_03035,3,2023-03-30
region_only,Centre-Sud,sample_03036,3,2023-03-30
region_only,Centre-Sud,sample_03038,3,2023-03-30
region_only,Centre-Sud,sample_03039,3,2023-03-30
region_only,Centre-Sud,sample_03040,3,2023-03-30
region_only,Centre-Sud,sample_03044,3,2023-04-03
region_only,Centre-Sud,sample_03048,3,2023-04-03
region_only,Centre-Sud,sample_03050,3,2023-04-03
region_only,Centre-Sud,sample_00970,4,2022-08-11
region_only,Centre-Sud,sample_00971,4,2022-08-11
region_only,Centre-Sud,sample_00972,4,2022-08-11
region_only,Centre-Sud,sample_00973,4,2022-08-11
region_only,Centre-Sud,sample_00974,4,2022-08-11
region_only,Centre-Sud,sample_00975,4,2022-08-11
region_only,Centre-Sud,sample_00976,4,2022-08-11
region_only,Centre-Sud,sample_00977,4,2022-08-11
region_only,Centre-Sud,sample_00978,4,2022-08-11
region_only,Centre-Sud,sample_00979,4,2022-08-11
region_only,Centre-Sud,sample_00980,4,2022-08-11
region_only,Centre-Sud,sample_00981,4,2022-08-11
region_only,Centre-Sud,sample_01145,4,2022-08-25
region_only,Centre-Sud,sample_01146,4,2022-08-25
region_only,Centre-Sud,sample_01147,4,2022-08-25
region_only,Centre-Sud,sample_01148,4,2022-08-25
region_only,Centre-Sud,sample_01149,4,2022-08-25
region_only,Centre-Sud,sample_01150,4,2022-08-25
region_only,Centre-Sud,sample_01151,4,2022-08-25
region_only,Centre-Sud,sample_01152,4,2022-08-25
region_only,Centre-Sud,sample_01153,4,2022-08-25
region_only,Centre-Sud,sample_01154,4,2022-08-25
region_only,Centre-Sud,sample_01155,4,2022-08-25
region_only,Centre-Sud,sample_01156,4,2022-08-25
region_only,Centre-Sud,sample_01157,4,2022-08-25
region_only,Centre-Sud,sample_01158,4,2022-08-25
region_only,Centre-Sud,sample_01159,4,2022-08-25
region_only,Centre-Sud,sample_01160,4,2022-08-25
region_only,Centre-Sud,sample_01161,4,2022-08-25
region_only,Centre-Sud,sample_01162,4,2022-08-25
region_only,Centre-Sud,sample_01163,4,2022-08-25
region_only,Centre-Sud,sample_01164,4,2022-08-25
region_only,Centre-Sud,sample_01165,4,2022-08-25
region_only,Centre-Sud,sample_01166,4,2022-08-25
region_only,Centre-Sud,sample_01167,4,2022-08-25
region_only,Centre-Sud,sample_01168,4,2022-08-25
region_only,Centre-Sud,sample_01169,4,2022-08-25
region_only,Centre-Sud,sample_01170,4,2022-08-25
region_only,Centre-Sud,sample_01171,4,2022-08-25
region_only,Centre-Sud,sample_01172,4,2022-08-25
region_only,Centre-Sud,sample_01173,4,2022-08-25
region_only,Centre-Sud,sample_01174,4,2022-08-25
region_only,Centre-Sud,sample_01175,4,2022-08-25
region_only,Centre-Sud,sample_01182,4,2022-08-26
region_only,Centre-Sud,sample_01183,4,2022-08-26
region_only,Centre-Sud,sample_01184,4,2022-08-26
region_only,Centre-Sud,sample_01185,4,2022-08-26
region_only,Centre-Sud,sample_01186,4,2022-08-26
region_only,Centre-Sud,sample_01187,4,2022-08-26
region_only,Centre-Sud,sample_01188,4,2022-08-26
region_only,Centre-Sud,sample_01189,4,2022-08-26
region_only,Centre-Sud,sample_01190,4,2022-08-26
region_only,Centre-Sud,sample_01191,4,2022-08-26
region_only,Centre-Sud,sample_01192,4,2022-08-26
region_only,Centre-Sud,sample_01193,4,2022-08-26
region_only,Centre-Sud,sample_01194,4,2022-08-26
region_only,Centre-Sud,sample_01195,4,2022-08-26
region_only,Centre-Sud,sample_01196,4,2022-08-26
region_only,Centre-Sud,sample_01197,4,2022-08-26
region_only,Centre-Sud,sample_01198,4,2022-08-26
region_only,Centre-Sud,sample_01199,4,2022-08-26
region_only,Centre-Sud,sample_01200,4,2022-08-26
region_only,Centre-Sud,sample_01201,4,2022-08-26
region_only,Centre-Sud,sample_01202,4,2022-08-26
region_only,Centre-Sud,sample_01203,4,2022-08-26
region_only,Centre-Sud,sample_01204,4,2022-08-26
region_only,Centre-Sud,sample_01205,4,2022-08-26
region_only,Centre-Sud,sample_01206,4,2022-08-26
region_only,Centre-Sud,sample_01207,4,2022-08-26
region_only,Centre-Sud,sample_01208,4,2022-08-26
region_only,Centre-Sud,sample_01209,4,2022-08-26
region_only,Centre-Sud,sample_01210,4,2022-08-26
region_only,Centre-Sud,sample_01211,4,2022-08-26
region_only,Centre-Sud,sample_01212,4,2022-08-26
region_only,Centre-Sud,sample_01279,4,2022-08-31
region_only,Centre-Sud,sample_01280,4,2022-08-31
region_only,Centre-Sud,sample_01281,4,2022-08-31
region_only,Centre-Sud,sample_01282,4,2022-08-31
region_only,Centre-Sud,sample_01283,4,2022-08-31
region_only,Centre-Sud,sample_01284,4,2022-08-31
region_only,Centre-Sud,sample_01285,4,2022-08-31
region_only,Centre-Sud,sample_01286,4,2022-08-31
region_only,Centre-Sud,sample_01287,4,2022-08-31
region_only,Centre-Sud,sample_01288,4,2022-08-31
region_only,Centre-Sud,sample_01289,4,2022-08-31
region_only,Centre-Sud,sample_01290,4,2022-08-31
region_only,Centre-Sud,sample_01291,4,2022-08-31
region_only,Centre-Sud,sample_01292,4,2022-08-31
region_only,Centre-Sud,sample_01293,4,2022-08-31
region_only,Centre-Sud,sample_01294,4,2022-08-31
region_only,Centre-Sud,sample_01295,4,2022-08-31
region_only,Centre-Sud,sample_01296,4,2022-09-01
region_only,Centre-Sud,sample_01297,4,2022-09-01
region_only,Centre-Sud,sample_01298,4,2022-09-01
region_only,Centre-Sud,sample_01299,4,2022-09-01
region_only,Centre-Sud,sample_01300,4,2022-09-01
region_only,Centre-Sud,sample_01301,4,2022-09-01
region_only,Centre-Sud,sample_01302,4,2022-09-01
region_only,Centre-Sud,sample_01303,4,2022-09-01
region_only,Centre-Sud,sample_01304,4,2022-09-01
region_only,Centre-Sud,sample_01305,4,2022-09-01
region_only,Centre-Sud,sample_01306,4,2022-09-01
region_only,Centre-Sud,sample_01307,4,2022-09-01
region_only,Centre-Sud,sample_01308,4,2022-09-01
region_only,Centre-Sud,sample_01309,4,2022-09-01
region_only,Centre-Sud,sample_01310,4,2022-09-01
region_only,Centre-Sud,sample_01311,4,2022-09-01
region_only,Centre-Sud,sample_01312,4,2022-09-01
region_only,Centre-Sud,sample_01313,4,2022-09-01
region_only,Centre-Sud,sample_01314,4,2022-09-01
region_only,Centre-Sud,sample_01315,4,2022-09-01
region_only,Centre-Sud,sample_01316,4,2022-09-01
region_only,Centre-Sud,sample_01317,4,2022-09-01
region_only,Centre-Sud,sample_01318,4,2022-09-01
region_only,Centre-Sud,sample_01319,4,2022-09-01
region_only,Centre-Sud,sample_01320,4,2022-09-01
region_only,Centre-Sud,sample_01321,4,2022-09-01
region_only,Centre-Sud,sample_01322,4,2022-09-01
region_only,Centre-Sud,sample_01323,4,2022-09-01
region_only,Centre-Sud,sample_01324,4,2022-09-01
region_only,Centre-Sud,sample_01325,4,2022-09-01
region_only,Centre-Sud,sample_01326,4,2022-09-01
region_only,Centre-Sud,sample_01327,4,2022-09-01
region_only,Centre-Sud,sample_01328,4,2022-09-01
region_only,Centre-Sud,sample_01329,4,2022-09-01
region_only,Centre-Sud,sample_01330,4,2022-09-01
region_only,Centre-Sud,sample_01454,4,2022-10-25
region_only,Centre-Sud,sample_01455,4,2022-10-25
region_only,Centre-Sud,sample_01456,4,2022-10-25
region_only,Centre-Sud,sample_01752,4,2022-11-14
region_only,Centre-Sud,sample_01996,4,2022-11-21
region_only,Centre-Sud,sample_01997,4,2022-11-21
region_only,Centre-Sud,sample_01998,4,2022-11-21
region_only,Centre-Sud,sample_01999,4,2022-11-21
region_only,Centre-Sud,sample_02000,4,2022-11-21
region_only,Centre-Sud,sample_02001,4,2022-11-21
region_only,Centre-Sud,sample_02002,4,2022-11-21
region_only,Centre-Sud,sample_02003,4,2022-11-21
region_only,Centre-Sud,sample_02004,4,2022-11-21
region_only,Centre-Sud,sample_02005,4,2022-11-21
region_only,Centre-Sud,sample_02006,4,2022-11-21
region_only,Centre-Sud,sample_02007,4,2022-11-21
region_only,Centre-Sud,sample_02008,4,2022-11-21
region_only,Centre-Sud,sample_02009,4,2022-11-21
region_only,Centre-Sud,sample_02010,4,2022-11-21
region_only,Centre-Sud,sample_02011,4,2022-11-21
region_only,Centre-Sud,sample_02012,4,2022-11-21
region_only,Centre-Sud,sample_02128,4,2022-11-26
region_only,Centre-Sud,sample_02129,4,2022-11-26
region_only,Centre-Sud,sample_02130,4,2022-11-26
region_only,Centre-Sud,sample_02131,4,2022-11-29
region_only,Centre-Sud,sample_02132,4,2022-11-29
region_only,Centre-Sud,sample_02133,4,2022-11-29
region_only,Centre-Sud,sample_02176,4,2022-12-13
region_only,Centre-Sud,sample_02177,4,2022-12-13
region_only,Centre-Sud,sample_02178,4,2022-12-13
region_only,Centre-Sud,sample_02179,4,2022-12-13
region_only,Centre-Sud,sample_02180,4,2022-12-13
region_only,Centre-Sud,sample_02181,4,2022-12-13
region_only,Centre-Sud,sample_02182,4,2022-12-13
region_only,Centre-Sud,sample_02186,4,2022-12-13
region_only,Centre-Sud,sample_02187,4,2022-12-13
region_only,Centre-Sud,sample_02280,4,2023-01-17
region_only,Centre-Sud,sample_02316,4,2023-01-24
region_only,Centre-Sud,sample_02317,4,2023-01-24
region_only,Centre-Sud,sample_02318,4,2023-01-24
region_only,Centre-Sud,sample_02319,4,2023-01-24
region_only,Centre-Sud,sample_02442,4,2023-02-13
region_only,Centre-Sud,sample_02472,4,2023-02-20
region_only,Centre-Sud,sample_02473,4,2023-02-20
region_only,Centre-Sud,sample_02573,4,2023-02-27
region_only,Centre-Sud,sample_02576,4,2023-02-27
region_only,Centre-Sud,sample_02578,4,2023-02-27
region_only,Centre-Sud,sample_02579,4,2023-02-27
region_only,Centre-Sud,sample_02584,4,2023-02-27
region_only,Centre-Sud,sample_02585,4,2023-02-27
region_only,Centre-Sud,sample_02587,4,2023-02-27
region_only,Centre-Sud,sample_02590,4,2023-02-27
region_only,Centre-Sud,sample_02591,4,2023-02-27
region_only,Centre-Sud,sample_02592,4,2023-02-27
region_only,Centre-Sud,sample_02593,4,2023-02-27
region_only,Centre-Sud,sample_02612,4,2023-03-01
region_only,Centre-Sud,sample_02615,4,2023-03-01
region_only,Centre-Sud,sample_02617,4,2023-03-01
region_only,Centre-Sud,sample_02618,4,2023-03-01
region_only,Centre-Sud,sample_02879,4,2023-03-14
region_only,Centre-Sud,sample_02880,4,2023-03-14
region_only,Centre-Sud,sample_02881,4,2023-03-14
region_only,Centre-Sud,sample_02882,4,2023-03-14
region_only,Centre-Sud,sample_02884,4,2023-03-14
region_only,Centre-Sud,sample_02886,4,2023-03-14
region_only,Centre-Sud,sample_02887,4,2023-03-14
region_only,Centre-Sud,sample_02889,4,2023-03-14
region_only,Centre-Sud,sample_02890,4,2023-03-14
region_only,Centre-Sud,sample_02891,4,2023-03-14
region_only,Centre-Sud,sample_02893,4,2023-03-14
region_only,Centre-Sud,sample_02894,4,2023-03-14
region_only,Centre-Sud,sample_03060,4,2023-04-05
region_only,Centre-Sud,sample_03061,4,2023-04-05
region_only,Centre-Sud,sample_03063,4,2023-04-05
region_only,Centre-Sud,sample_03064,4,2023-04-05
region_only,Centre-Sud,sample_03066,4,2023-04-05
region_only,Centre-Sud,sample_03067,4,2023-04-05
region_only,Centre-Sud,sample_03068,4,2023-04-05
region_only,Centre-Sud,sample_03069,4,2023-04-05
region_only,Centre-Sud,sample_03070,4,2023-04-05
region_only,Centre-Sud,sample_03071,4,2023-04-05
region_only,Centre-Sud,sample_03073,4,2023-04-05
region_only,Centre-Sud,sample_03074,4,2023-04-05
region_only,Centre-Sud,sample_03075,4,2023-04-05
region_only,Centre-Sud,sample_03076,4,2023-04-05
region_only,Centre-Sud,sample_03078,4,2023-04-05
region_only,Centre-Sud,sample_03079,4,2023-04-05
region_only,Centre-Sud,sample_03082,4,2023-04-05
region_only,Centre-Sud,sample_03083,4,2023-04-05
region_only,Plateau-Central,sample_00899,0,2022-08-10
region_only,Plateau-Central,sample_00900,0,2022-08-10
region_only,Plateau-Central,sample_00901,0,2022-08-10
region_only,Plateau-Central,sample_00902,0,2022-08-10
region_only,Plateau-Central,sample_00903,0,2022-08-10
region_only,Plateau-Central,sample_00904,0,2022-08-10
region_only,Plateau-Central,sample_00905,0,2022-08-10
region_only,Plateau-Central,sample_00906,0,2022-08-10
region_only,Plateau-Central,sample_00907,0,2022-08-10
region_only,Plateau-Central,sample_00908,0,2022-08-10
region_only,Plateau-Central,sample_00909,0,2022-08-10
region_only,Plateau-Central,sample_00910,0,2022-08-10
region_only,Plateau-Central,sample_00911,0,2022-08-10
region_only,Plateau-Central,sample_00912,0,2022-08-10
region_only,Plateau-Central,sample_00913,0,2022-08-10
region_only,Plateau-Central,sample_00914,0,2022-08-10
region_only,Plateau-Central,sample_00915,0,2022-08-10
region_only,Plateau-Central,sample_00916,0,2022-08-10
region_only,Plateau-Central,sample_00917,0,2022-08-10
region_only,Plateau-Central,sample_00918,0,2022-08-10
region_only,Plateau-Central,sample_00919,0,2022-08-10
region_only,Plateau-Central,sample_00920,0,2022-08-10
region_only,Plateau-Central,sample_00921,0,2022-08-10
region_only,Plateau-Central,sample_00922,0,2022-08-10
region_only,Plateau-Central,sample_00923,0,2022-08-10
region_only,Plateau-Central,sample_00924,0,2022-08-10
region_only,Plateau-Central,sample_00925,0,2022-08-10
region_only,Plateau-Central,sample_00926,0,2022-08-10
region_only,Plateau-Central,sample_00927,0,2022-08-10
region_only,Plateau-Central,sample_00928,0,2022-08-10
region_only,Plateau-Central,sample_00929,0,2022-08-10
region_only,Plateau-Central,sample_00930,0,2022-08-10
region_only,Plateau-Central,sample_00931,0,2022-08-10
region_only,Plateau-Central,sample_00932,0,2022-08-10
region_only,Plateau-Central,sample_00933,0,2022-08-10
region_only,Plateau-Central,sample_00934,0,2022-08-10
region_only,Plateau-Central,sample_00935,0,2022-08-10
region_only,Plateau-Central,sample_00936,0,2022-08-10
region_only,Plateau-Central,sample_00937,0,2022-08-10
region_only,Plateau-Central,sample_00938,0,2022-08-10
region_only,Plateau-Central,sample_00939,0,2022-08-10
region_only,Plateau-Central,sample_00940,0,2022-08-10
region_only,Plateau-Central,sample_00941,0,2022-08-10
region_only,Plateau-Central,sample_00942,0,2022-08-10
region_only,Plateau-Central,sample_00943,0,2022-08-10
region_only,Plateau-Central,sample_00944,0,2022-08-10
region_only,Plateau-Central,sample_00945,0,2022-08-10
region_only,Plateau-Central,sample_00946,0,2022-08-10
region_only,Plateau-Central,sample_00947,0,2022-08-10
region_only,Plateau-Central,sample_00948,0,2022-08-10
region_only,Plateau-Central,sample_00949,0,2022-08-10
region_only,Plateau-Central,sample_00950,0,2022-08-10
region_only,Plateau-Central,sample_00951,0,2022-08-10
region_only,Plateau-Central,sample_00952,0,2022-08-10
region_only,Plateau-Central,sample_00953,0,2022-08-10
region_only,Plateau-Central,sample_00954,0,2022-08-10
region_only,Plateau-Central,sample_00955,0,2022-08-10
region_only,Plateau-Central,sample_00956,0,2022-08-10
region_only,Plateau-Central,sample_00957,0,2022-08-10
region_only,Plateau-Central,sample_00958,0,2022-08-10
region_only,Plateau-Central,sample_00959,0,2022-08-10
region_only,Plateau-Central,sample_00960,0,2022-08-10
region_only,Plateau-Central,sample_00961,0,2022-08-10
region_only,Plateau-Central,sample_00962,0,2022-08-10
region_only,Plateau-Central,sample_00963,0,2022-08-10
region_only,Plateau-Central,sample_00964,0,2022-08-10
region_only,Plateau-Central,sample_00965,0,2022-08-10
region_only,Plateau-Central,sample_00966,0,2022-08-10
region_only,Plateau-Central,sample_00967,0,2022-08-10
region_only,Plateau-Central,sample_00968,0,2022-08-10
region_only,Plateau-Central,sample_00969,0,2022-08-10
region_only,Plateau-Central,sample_01110,0,2022-08-22
region_only,Plateau-Central,sample_01111,0,2022-08-22
region_only,Plateau-Central,sample_01112,0,2022-08-22
region_only,Plateau-Central,sample_01113,0,2022-08-22
region_only,Plateau-Central,sample_01114,0,2022-08-22
region_only,Plateau-Central,sample_01115,0,2022-08-22
region_only,Plateau-Central,sample_01116,0,2022-08-22
region_only,Plateau-Central,sample_01117,0,2022-08-22
region_only,Plateau-Central,sample_01118,0,2022-08-23
region_only,Plateau-Central,sample_01119,0,2022-08-23
region_only,Plateau-Central,sample_01120,0,2022-08-23
region_only,Plateau-Central,sample_01213,0,2022-08-30
region_only,Plateau-Central,sample_01214,0,2022-08-30
region_only,Plateau-Central,sample_01215,0,2022-08-30
region_only,Plateau-Central,sample_01216,0,2022-08-30
region_only,Plateau-Central,sample_01217,0,2022-08-30
region_only,Plateau-Central,sample_01218,0,2022-08-30
region_only,Plateau-Central,sample_01219,0,2022-08-30
region_only,Plateau-Central,sample_01220,0,2022-08-30
region_only,Plateau-Central,sample_01221,0,2022-08-30
region_only,Plateau-Central,sample_01228,0,2022-08-30
region_only,Plateau-Central,sample_01229,0,2022-08-30
region_only,Plateau-Central,sample_01233,0,2022-08-30
region_only,Plateau-Central,sample_01235,0,2022-08-30
region_only,Plateau-Central,sample_01236,0,2022-08-30
region_only,Plateau-Central,sample_01239,0,2022-08-30
region_only,Plateau-Central,sample_01241,0,2022-08-30
region_only,Plateau-Central,sample_01243,0,2022-08-30
region_only,Plateau-Central,sample_01244,0,2022-08-30
region_only,Plateau-Central,sample_01246,0,2022-08-30
region_only,Plateau-Central,sample_01247,0,2022-08-30
region_only,Plateau-Central,sample_01249,0,2022-08-30
region_only,Plateau-Central,sample_01250,0,2022-08-30
region_only,Plateau-Central,sample_01251,0,2022-08-30
region_only,Plateau-Central,sample_01252,0,2022-08-30
region_only,Plateau-Central,sample_01256,0,2022-08-30
region_only,Plateau-Central,sample_01257,0,2022-08-30
region_only,Plateau-Central,sample_01258,0,2022-08-30
region_only,Plateau-Central,sample_01261,0,2022-08-30
region_only,Plateau-Central,sample_01263,0,2022-08-30
region_only,Plateau-Central,sample_01264,0,2022-08-30
region_only,Plateau-Central,sample_01265,0,2022-08-30
region_only,Plateau-Central,sample_01266,0,2022-08-30
region_only,Plateau-Central,sample_01267,0,2022-08-30
region_only,Plateau-Central,sample_01271,0,2022-08-30
region_only,Plateau-Central,sample_01273,0,2022-08-30
region_only,Plateau-Central,sample_01274,0,2022-08-30
region_only,Plateau-Central,sample_01279,0,2022-08-31
region_only,Plateau-Central,sample_01280,0,2022-08-31
region_only,Plateau-Central,sample_01281,0,2022-08-31
region_only,Plateau-Central,sample_01282,0,2022-08-31
region_only,Plateau-Central,sample_01283,0,2022-08-31
region_only,Plateau-Central,sample_01284,0,2022-08-31
region_only,Plateau-Central,sample_01285,0,2022-08-31
region_only,Plateau-Central,sample_01286,0,2022-08-31
region_only,Plateau-Central,sample_01287,0,2022-08-31
region_only,Plateau-Central,sample_01288,0,2022-08-31
region_only,Plateau-Central,sample_01289,0,2022-08-31
region_only,Plateau-Central,sample_01290,0,2022-08-31
region_only,Plateau-Central,sample_01291,0,2022-08-31
region_only,Plateau-Central,sample_01292,0,2022-08-31
region_only,Plateau-Central,sample_01293,0,2022-08-31
region_only,Plateau-Central,sample_01294,0,2022-08-31
region_only,Plateau-Central,sample_01295,0,2022-08-31
region_only,Plateau-Central,sample_01675,0,2022-11-11
region_only,Plateau-Central,sample_01678,0,2022-11-11
region_only,Plateau-Central,sample_01681,0,2022-11-11
region_only,Plateau-Central,sample_01687,0,2022-11-11
region_only,Plateau-Central,sample_01688,0,2022-11-11
region_only,Plateau-Central,sample_01689,0,2022-11-11
region_only,Plateau-Central,sample_01690,0,2022-11-11
region_only,Plateau-Central,sample_01691,0,2022-11-11
region_only,Plateau-Central,sample_01692,0,2022-11-11
region_only,Plateau-Central,sample_01693,0,2022-11-11
region_only,Plateau-Central,sample_01694,0,2022-11-11
region_only,Plateau-Central,sample_01695,0,2022-11-11
region_only,Plateau-Central,sample_01696,0,2022-11-11
region_only,Plateau-Central,sample_01697,0,2022-11-11
region_only,Plateau-Central,sample_01698,0,2022-11-11
region_only,Plateau-Central,sample_01699,0,2022-11-11
region_only,Plateau-Central,sample_01700,0,2022-11-11
region_only,Plateau-Central,sample_01701,0,2022-11-11
region_only,Plateau-Central,sample_01702,0,2022-11-11
region_only,Plateau-Central,sample_01703,0,2022-11-11
region_only,Plateau-Central,sample_01704,0,2022-11-11
region_only,Plateau-Central,sample_01705,0,2022-11-11
region_only,Plateau-Central,sample_01706,0,2022-11-11
region_only,Plateau-Central,sample_01707,0,2022-11-11
region_only,Plateau-Central,sample_01708,0,2022-11-11
region_only,Plateau-Central,sample_01709,0,2022-11-11
region_only,Plateau-Central,sample_01711,0,2022-11-11
region_only,Plateau-Central,sample_01795,0,2022-11-15
region_only,Plateau-Central,sample_01796,0,2022-11-15
region_only,Plateau-Central,sample_01797,0,2022-11-15
region_only,Plateau-Central,sample_02085,0,2022-11-24
region_only,Plateau-Central,sample_02086,0,2022-11-24
region_only,Plateau-Central,sample_02087,0,2022-11-24
region_only,Plateau-Central,sample_02088,0,2022-11-24
region_only,Plateau-Central,sample_02089,0,2022-11-24
region_only,Plateau-Central,sample_02090,0,2022-11-24
region_only,Plateau-Central,sample_02094,0,2022-11-24
region_only,Plateau-Central,sample_02096,0,2022-11-24
region_only,Plateau-Central,sample_02125,0,2022-11-24
region_only,Plateau-Central,sample_02126,0,2022-11-24
region_only,Plateau-Central,sample_02205,0,2022-12-27
region_only,Plateau-Central,sample_02206,0,2022-12-27
region_only,Plateau-Central,sample_02207,0,2022-12-27
region_only,Plateau-Central,sample_02208,0,2022-12-27
region_only,Plateau-Central,sample_02209,0,2022-12-27
region_only,Plateau-Central,sample_02210,0,2022-12-27
region_only,Plateau-Central,sample_02211,0,2022-12-27
region_only,Plateau-Central,sample_02212,0,2022-12-27
region_only,Plateau-Central,sample_02213,0,2022-12-27
region_only,Plateau-Central,sample_02214,0,2022-12-27
region_only,Plateau-Central,sample_02215,0,2022-12-27
region_only,Plateau-Central,sample_02216,0,2022-12-27
region_only,Plateau-Central,sample_02217,0,2022-12-27
region_only,Plateau-Central,sample_02218,0,2022-12-27
region_only,Plateau-Central,sample_02219,0,2022-12-27
region_only,Plateau-Central,sample_02220,0,2022-12-27
region_only,Plateau-Central,sample_02221,0,2022-12-27
region_only,Plateau-Central,sample_02222,0,2022-12-27
region_only,Plateau-Central,sample_02223,0,2022-12-27
region_only,Plateau-Central,sample_02224,0,2022-12-27
region_only,Plateau-Central,sample_02225,0,2022-12-27
region_only,Plateau-Central,sample_02226,0,2022-12-27
region_only,Plateau-Central,sample_02227,0,2022-12-27
region_only,Plateau-Central,sample_02229,0,2022-12-27
region_only,Plateau-Central,sample_02230,0,2022-12-27
region_only,Plateau-Central,sample_02231,0,2022-12-27
region_only,Plateau-Central,sample_02307,0,2023-01-19
region_only,Plateau-Central,sample_02308,0,2023-01-19
region_only,Plateau-Central,sample_02309,0,2023-01-19
region_only,Plateau-Central,sample_02310,0,2023-01-19
region_only,Plateau-Central,sample_02311,0,2023-01-19
region_only,Plateau-Central,sample_02312,0,2023-01-19
region_only,Plateau-Central,sample_02313,0,2023-01-19
region_only,Plateau-Central,sample_02314,0,2023-01-19
region_only,Plateau-Central,sample_02392,0,2023-02-06
region_only,Plateau-Central,sample_02393,0,2023-02-06
region_only,Plateau-Central,sample_02394,0,2023-02-06
region_only,Plateau-Central,sample_02395,0,2023-02-06
region_only,Plateau-Central,sample_02396,0,2023-02-06
region_only,Plateau-Central,sample_02397,0,2023-02-06
region_only,Plateau-Central,sample_02398,0,2023-02-06
region_only,Plateau-Central,sample_02399,0,2023-02-06
region_only,Plateau-Central,sample_02400,0,2023-02-06
region_only,Plateau-Central,sample_02401,0,2023-02-06
region_only,Plateau-Central,sample_03035,0,2023-03-30
region_only,Plateau-Central,sample_03036,0,2023-03-30
region_only,Plateau-Central,sample_03038,0,2023-03-30
region_only,Plateau-Central,sample_03040,0,2023-03-30
region_only,Plateau-Central,sample_03093,0,2023-04-11
region_only,Plateau-Central,sample_00970,1,2022-08-11
region_only,Plateau-Central,sample_00971,1,2022-08-11
region_only,Plateau-Central,sample_00972,1,2022-08-11
region_only,Plateau-Central,sample_00973,1,2022-08-11
region_only,Plateau-Central,sample_00974,1,2022-08-11
region_only,Plateau-Central,sample_00975,1,2022-08-11
region_only,Plateau-Central,sample_00976,1,2022-08-11
region_only,Plateau-Central,sample_00977,1,2022-08-11
region_only,Plateau-Central,sample_00978,1,2022-08-11
region_only,Plateau-Central,sample_00979,1,2022-08-11
region_only,Plateau-Central,sample_00980,1,2022-08-11
region_only,Plateau-Central,sample_00981,1,2022-08-11
region_only,Plateau-Central,sample_01457,1,2022-10-26
region_only,Plateau-Central,sample_01460,1,2022-10-26
region_only,Plateau-Central,sample_01463,1,2022-10-26
region_only,Plateau-Central,sample_01510,1,2022-10-26
region_only,Plateau-Central,sample_01517,1,2022-10-26
region_only,Plateau-Central,sample_01518,1,2022-10-26
region_only,Plateau-Central,sample_02142,1,2022-12-06
region_only,Plateau-Central,sample_02143,1,2022-12-06
region_only,Plateau-Central,sample_02144,1,2022-12-06
region_only,Plateau-Central,sample_02145,1,2022-12-06
region_only,Plateau-Central,sample_02146,1,2022-12-06
region_only,Plateau-Central,sample_02252,1,2023-01-10
region_only,Plateau-Central,sample_02253,1,2023-01-10
region_only,Plateau-Central,sample_02254,1,2023-01-10
region_only,Plateau-Central,sample_02255,1,2023-01-10
region_only,Plateau-Central,sample_02256,1,2023-01-10
region_only,Plateau-Central,sample_02257,1,2023-01-10
region_only,Plateau-Central,sample_02258,1,2023-01-10
region_only,Plateau-Central,sample_02259,1,2023-01-10
region_only,Plateau-Central,sample_02260,1,2023-01-10
region_only,Plateau-Central,sample_02262,1,2023-01-11
region_only,Plateau-Central,sample_02263,1,2023-01-11
region_only,Plateau-Central,sample_02264,1,2023-01-11
region_only,Plateau-Central,sample_02265,1,2023-01-11
region_only,Plateau-Central,sample_02266,1,2023-01-11
region_only,Plateau-Central,sample_02267,1,2023-01-11
region_only,Plateau-Central,sample_02268,1,2023-01-11
region_only,Plateau-Central,sample_02269,1,2023-01-11
region_only,Plateau-Central,sample_02270,1,2023-01-11
region_only,Plateau-Central,sample_02271,1,2023-01-11
region_only,Plateau-Central,sample_02272,1,2023-01-11
region_only,Plateau-Central,sample_02273,1,2023-01-11
region_only,Plateau-Central,sample_02274,1,2023-01-11
region_only,Plateau-Central,sample_02275,1,2023-01-11
region_only,Plateau-Central,sample_02276,1,2023-01-11
region_only,Plateau-Central,sample_02277,1,2023-01-11
region_only,Plateau-Central,sample_02278,1,2023-01-11
region_only,Plateau-Central,sample_02279,1,2023-01-11
region_only,Plateau-Central,sample_02316,1,2023-01-24
region_only,Plateau-Central,sample_02317,1,2023-01-24
region_only,Plateau-Central,sample_02318,1,2023-01-24
region_only,Plateau-Central,sample_02319,1,2023-01-24
region_only,Plateau-Central,sample_02320,1,2023-01-24
region_only,Plateau-Central,sample_02323,1,2023-01-24
region_only,Plateau-Central,sample_02324,1,2023-01-24
region_only,Plateau-Central,sample_02325,1,2023-01-24
region_only,Plateau-Central,sample_02326,1,2023-01-24
region_only,Plateau-Central,sample_02327,1,2023-01-24
region_only,Plateau-Central,sample_02328,1,2023-01-24
region_only,Plateau-Central,sample_02329,1,2023-01-24
region_only,Plateau-Central,sample_02330,1,2023-01-24
region_only,Plateau-Central,sample_02331,1,2023-01-24
region_only,Plateau-Central,sample_02332,1,2023-01-24
region_only,Plateau-Central,sample_02333,1,2023-01-24
region_only,Plateau-Central,sample_02334,1,2023-01-24
region_only,Plateau-Central,sample_02335,1,2023-01-24
region_only,Plateau-Central,sample_02336,1,2023-01-24
region_only,Plateau-Central,sample_02337,1,2023-01-24
region_only,Plateau-Central,sample_02367,1,2023-02-02
region_only,Plateau-Central,sample_02368,1,2023-02-02
region_only,Plateau-Central,sample_02369,1,2023-02-02
region_only,Plateau-Central,sample_02370,1,2023-02-02
region_only,Plateau-Central,sample_02371,1,2023-02-02
region_only,Plateau-Central,sample_02372,1,2023-02-02
region_only,Plateau-Central,sample_02373,1,2023-02-02
region_only,Plateau-Central,sample_02374,1,2023-02-02
region_only,Plateau-Central,sample_02375,1,2023-02-02
region_only,Plateau-Central,sample_02377,1,2023-02-02
region_only,Plateau-Central,sample_02378,1,2023-02-02
region_only,Plateau-Central,sample_02379,1,2023-02-02
region_only,Plateau-Central,sample_02380,1,2023-02-02
region_only,Plateau-Central,sample_02381,1,2023-02-02
region_only,Plateau-Central,sample_02382,1,2023-02-02
region_only,Plateau-Central,sample_02383,1,2023-02-02
region_only,Plateau-Central,sample_02384,1,2023-02-02
region_only,Plateau-Central,sample_02385,1,2023-02-02
region_only,Plateau-Central,sample_02386,1,2023-02-02
region_only,Plateau-Central,sample_02388,1,2023-02-02
region_only,Plateau-Central,sample_02389,1,2023-02-02
region_only,Plateau-Central,sample_02390,1,2023-02-02
region_only,Plateau-Central,sample_02391,1,2023-02-02
region_only,Plateau-Central,sample_02448,1,2023-02-14
region_only,Plateau-Central,sample_02578,1,2023-02-27
region_only,Plateau-Central,sample_02591,1,2023-02-27
region_only,Plateau-Central,sample_02592,1,2023-02-27
region_only,Plateau-Central,sample_02593,1,2023-02-27
region_only,Plateau-Central,sample_02783,1,2023-03-09
region_only,Plateau-Central,sample_02784,1,2023-03-09
region_only,Plateau-Central,sample_02785,1,2023-03-09
region_only,Plateau-Central,sample_02786,1,2023-03-09
region_only,Plateau-Central,sample_02787,1,2023-03-09
region_only,Plateau-Central,sample_02788,1,2023-03-09
region_only,Plateau-Central,sample_02789,1,2023-03-09
region_only,Plateau-Central,sample_02794,1,2023-03-09
region_only,Plateau-Central,sample_02796,1,2023-03-09
region_only,Plateau-Central,sample_02797,1,2023-03-09
region_only,Plateau-Central,sample_02798,1,2023-03-09
region_only,Plateau-Central,sample_02799,1,2023-03-09
region_only,Plateau-Central,sample_02800,1,2023-03-09
region_only,Plateau-Central,sample_02802,1,2023-03-09
region_only,Plateau-Central,sample_02803,1,2023-03-09
region_only,Plateau-Central,sample_02811,1,2023-03-10
region_only,Plateau-Central,sample_02812,1,2023-03-10
region_only,Plateau-Central,sample_02813,1,2023-03-10
region_only,Plateau-Central,sample_02818,1,2023-03-10
region_only,Plateau-Central,sample_02820,1,2023-03-10
region_only,Plateau-Central,sample_02822,1,2023-03-10
region_only,Plateau-Central,sample_02823,1,2023-03-10
region_only,Plateau-Central,sample_02824,1,2023-03-10
region_only,Plateau-Central,sample_02826,1,2023-03-10
region_only,Plateau-Central,sample_02828,1,2023-03-10
region_only,Plateau-Central,sample_02829,1,2023-03-10
region_only,Plateau-Central,sample_02831,1,2023-03-10
region_only,Plateau-Central,sample_02832,1,2023-03-10
region_only,Plateau-Central,sample_02834,1,2023-03-10
region_only,Plateau-Central,sample_02835,1,2023-03-10
region_only,Plateau-Central,sample_02838,1,2023-03-10
region_only,Plateau-Central,sample_02839,1,2023-03-10
region_only,Plateau-Central,sample_02895,1,2023-03-15
region_only,Plateau-Central,sample_02896,1,2023-03-15
region_only,Plateau-Central,sample_02898,1,2023-03-15
region_only,Plateau-Central,sample_02899,1,2023-03-15
region_only,Plateau-Central,sample_02900,1,2023-03-15
region_only,Plateau-Central,sample_02977,1,2023-03-23
region_only,Plateau-Central,sample_03087,1,2023-04-06
region_only,Plateau-Central,sample_03089,1,2023-04-06
region_only,Plateau-Central,sample_03098,1,2023-04-12
region_only,Plateau-Central,sample_03099,1,2023-04-12
region_only,Plateau-Central,sample_03100,1,2023-04-12
region_only,Plateau-Central,sample_03101,1,2023-04-12
region_only,Plateau-Central,sample_03102,1,2023-04-12
region_only,Plateau-Central,sample_03104,1,2023-04-12
region_only,Plateau-Central,sample_03105,1,2023-04-12
region_only,Plateau-Central,sample_03106,1,2023-04-12
region_only,Plateau-Central,sample_03107,1,2023-04-12
region_only,Plateau-Central,sample_03108,1,2023-04-12
region_only,Plateau-Central,sample_03109,1,2023-04-12
region_only,Plateau-Central,sample_03110,1,2023-04-12
region_only,Plateau-Central,sample_03111,1,2023-04-12
region_only,Plateau-Central,sample_03113,1,2023-04-12
region_only,Plateau-Central,sample_03114,1,2023-04-12
region_only,Plateau-Central,sample_03116,1,2023-04-12
region_only,Plateau-Central,sample_03122,1,2023-04-12
region_only,Plateau-Central,sample_03123,1,2023-04-12
region_only,Plateau-Central,sample_03126,1,2023-04-12
region_only,Plateau-Central,sample_03127,1,2023-04-12
region_only,Plateau-Central,sample_03129,1,2023-04-12
region_only,Plateau-Central,sample_03131,1,2023-04-12
region_only,Plateau-Central,sample_03132,1,2023-04-12
region_only,Plateau-Central,sample_03134,1,2023-04-12
region_only,Plateau-Central,sample_03137,1,2023-04-12
region_only,Plateau-Central,sample_03139,1,2023-04-12
region_only,Plateau-Central,sample_03140,1,2023-04-12
region_only,Plateau-Central,sample_03141,1,2023-04-12
region_only,Plateau-Central,sample_03143,1,2023-04-12
region_only,Plateau-Central,sample_03144,1,2023-04-12
region_only,Plateau-Central,sample_03145,1,2023-04-12
region_only,Plateau-Central,sample_03147,1,2023-04-12
region_only,Plateau-Central,sample_03150,1,2023-04-12
region_only,Plateau-Central,sample_03151,1,2023-04-12
region_only,Plateau-Central,sample_03153,1,2023-04-12
region_only,Plateau-Central,sample_03155,1,2023-04-12
region_only,Plateau-Central,sample_03157,1,2023-04-12
region_only,Plateau-Central,sample_03158,1,2023-04-12
region_only,Plateau-Central,sample_03159,1,2023-04-12
region_only,Plateau-Central,sample_03162,1,2023-04-12
region_only,Plateau-Central,sample_03164,1,2023-04-12
region_only,Plateau-Central,sample_03165,1,2023-04-12
region_only,Plateau-Central,sample_03167,1,2023-04-12
region_only,Plateau-Central,sample_03169,1,2023-04-12
region_only,Plateau-Central,sample_03170,1,2023-04-12
region_only,Plateau-Central,sample_03171,1,2023-04-12
region_only,Plateau-Central,sample_03172,1,2023-04-12
region_only,Plateau-Central,sample_03174,1,2023-04-12
region_only,Plateau-Central,sample_03175,1,2023-04-12
region_only,Plateau-Central,sample_03176,1,2023-04-12
region_only,Plateau-Central,sample_03177,1,2023-04-12
region_only,Plateau-Central,sample_03179,1,2023-04-12
region_only,Plateau-Central,sample_03181,1,2023-04-12
region_only,Plateau-Central,sample_03182,1,2023-04-12
region_only,Plateau-Central,sample_03183,1,2023-04-12
region_only,Plateau-Central,sample_03185,1,2023-04-12
region_only,Plateau-Central,sample_03186,1,2023-04-12
region_only,Plateau-Central,sample_03187,1,2023-04-12
region_only,Plateau-Central,sample_03189,1,2023-04-12
region_only,Plateau-Central,sample_03190,1,2023-04-12
region_only,Plateau-Central,sample_03192,1,2023-04-12
region_only,Plateau-Central,sample_03193,1,2023-04-12
region_only,Plateau-Central,sample_03194,1,2023-04-12
region_only,Plateau-Central,sample_00874,2,2022-08-06
region_only,Plateau-Central,sample_01296,2,2022-09-01
region_only,Plateau-Central,sample_01297,2,2022-09-01
region_only,Plateau-Central,sample_01298,2,2022-09-01
region_only,Plateau-Central,sample_01299,2,2022-09-01
region_only,Plateau-Central,sample_01300,2,2022-09-01
region_only,Plateau-Central,sample_01301,2,2022-09-01
region_only,Plateau-Central,sample_01302,2,2022-09-01
region_only,Plateau-Central,sample_01303,2,2022-09-01
region_only,Plateau-Central,sample_01304,2,2022-09-01
region_only,Plateau-Central,sample_01305,2,2022-09-01
region_only,Plateau-Central,sample_01306,2,2022-09-01
region_only,Plateau-Central,sample_01307,2,2022-09-01
region_only,Plateau-Central,sample_01308,2,2022-09-01
region_only,Plateau-Central,sample_01309,2,2022-09-01
region_only,Plateau-Central,sample_01310,2,2022-09-01
region_only,Plateau-Central,sample_01311,2,2022-09-01
region_only,Plateau-Central,sample_01312,2,2022-09-01
region_only,Plateau-Central,sample_01313,2,2022-09-01
region_only,Plateau-Central,sample_01314,2,2022-09-01
region_only,Plateau-Central,sample_01315,2,2022-09-01
region_only,Plateau-Central,sample_01316,2,2022-09-01
region_only,Plateau-Central,sample_01317,2,2022-09-01
region_only,Plateau-Central,sample_01318,2,2022-09-01
region_only,Plateau-Central,sample_01319,2,2022-09-01
region_only,Plateau-Central,sample_01320,2,2022-09-01
region_only,Plateau-Central,sample_01321,2,2022-09-01
region_only,Plateau-Central,sample_01322,2,2022-09-01
region_only,Plateau-Central,sample_01323,2,2022-09-01
region_only,Plateau-Central,sample_01324,2,2022-09-01
region_only,Plateau-Central,sample_01325,2,2022-09-01
region_only,Plateau-Central,sample_01326,2,2022-09-01
region_only,Plateau-Central,sample_01327,2,2022-09-01
region_only,Plateau-Central,sample_01328,2,2022-09-01
region_only,Plateau-Central,sample_01329,2,2022-09-01
region_only,Plateau-Central,sample_01330,2,2022-09-01
region_only,Plateau-Central,sample_01331,2,2022-09-01
region_only,Plateau-Central,sample_01332,2,2022-09-01
region_only,Plateau-Central,sample_01333,2,2022-09-01
region_only,Plateau-Central,sample_01334,2,2022-09-01
region_only,Plateau-Central,sample_01335,2,2022-09-01
region_only,Plateau-Central,sample_01336,2,2022-09-01
region_only,Plateau-Central,sample_01338,2,2022-10-19
region_only,Plateau-Central,sample_01339,2,2022-10-19
region_only,Plateau-Central,sample_01340,2,2022-10-19
region_only,Plateau-Central,sample_01342,2,2022-10-19
region_only,Plateau-Central,sample_01343,2,2022-10-19
region_only,Plateau-Central,sample_01345,2,2022-10-19
region_only,Plateau-Central,sample_01346,2,2022-10-19
region_only,Plateau-Central,sample_01347,2,2022-10-19
region_only,Plateau-Central,sample_01348,2,2022-10-19
region_only,Plateau-Central,sample_01349,2,2022-10-19
region_only,Plateau-Central,sample_01350,2,2022-10-19
region_only,Plateau-Central,sample_01351,2,2022-10-19
region_only,Plateau-Central,sample_01355,2,2022-10-19
region_only,Plateau-Central,sample_01356,2,2022-10-19
region_only,Plateau-Central,sample_01367,2,2022-10-19
region_only,Plateau-Central,sample_01373,2,2022-10-19
region_only,Plateau-Central,sample_01378,2,2022-10-19
region_only,Plateau-Central,sample_01545,2,2022-10-27
region_only,Plateau-Central,sample_01563,2,2022-10-27
region_only,Plateau-Central,sample_01566,2,2022-10-27
region_only,Plateau-Central,sample_01567,2,2022-10-27
region_only,Plateau-Central,sample_02054,2,2022-11-22
region_only,Plateau-Central,sample_02058,2,2022-11-22
region_only,Plateau-Central,sample_02060,2,2022-11-22
region_only,Plateau-Central,sample_02061,2,2022-11-22
region_only,Plateau-Central,sample_02064,2,2022-11-22
region_only,Plateau-Central,sample_02067,2,2022-11-22
region_only,Plateau-Central,sample_02068,2,2022-11-22
region_only,Plateau-Central,sample_02069,2,2022-11-22
region_only,Plateau-Central,sample_02070,2,2022-11-22
region_only,Plateau-Central,sample_02071,2,2022-11-22
region_only,Plateau-Central,sample_02072,2,2022-11-22
region_only,Plateau-Central,sample_02073,2,2022-11-22
region_only,Plateau-Central,sample_02074,2,2022-11-22
region_only,Plateau-Central,sample_02075,2,2022-11-22
region_only,Plateau-Central,sample_02076,2,2022-11-22
region_only,Plateau-Central,sample_02077,2,2022-11-22
region_only,Plateau-Central,sample_02078,2,2022-11-22
region_only,Plateau-Central,sample_02079,2,2022-11-22
region_only,Plateau-Central,sample_02080,2,2022-11-22
region_only,Plateau-Central,sample_02081,2,2022-11-22
region_only,Plateau-Central,sample_02082,2,2022-11-22
region_only,Plateau-Central,sample_02083,2,2022-11-22
region_only,Plateau-Central,sample_02084,2,2022-11-22
region_only,Plateau-Central,sample_02176,2,2022-12-13
region_only,Plateau-Central,sample_02177,2,2022-12-13
region_only,Plateau-Central,sample_02178,2,2022-12-13
region_only,Plateau-Central,sample_02179,2,2022-12-13
region_only,Plateau-Central,sample_02180,2,2022-12-13
region_only,Plateau-Central,sample_02181,2,2022-12-13
region_only,Plateau-Central,sample_02182,2,2022-12-13
region_only,Plateau-Central,sample_02186,2,2022-12-13
region_only,Plateau-Central,sample_02187,2,2022-12-13
region_only,Plateau-Central,sample_02193,2,2022-12-13
region_only,Plateau-Central,sample_02243,2,2023-01-05
region_only,Plateau-Central,sample_02244,2,2023-01-05
region_only,Plateau-Central,sample_02246,2,2023-01-05
region_only,Plateau-Central,sample_02247,2,2023-01-05
region_only,Plateau-Central,sample_02248,2,2023-01-05
region_only,Plateau-Central,sample_02249,2,2023-01-05
region_only,Plateau-Central,sample_02250,2,2023-01-05
region_only,Plateau-Central,sample_02251,2,2023-01-07
region_only,Plateau-Central,sample_02357,2,2023-01-30
region_only,Plateau-Central,sample_02442,2,2023-02-13
region_only,Plateau-Central,sample_02443,2,2023-02-13
region_only,Plateau-Central,sample_02445,2,2023-02-13
region_only,Plateau-Central,sample_02446,2,2023-02-13
region_only,Plateau-Central,sample_02447,2,2023-02-13
region_only,Plateau-Central,sample_02463,2,2023-02-16
region_only,Plateau-Central,sample_02464,2,2023-02-16
region_only,Plateau-Central,sample_02465,2,2023-02-16
region_only,Plateau-Central,sample_02472,2,2023-02-20
region_only,Plateau-Central,sample_02473,2,2023-02-20
region_only,Plateau-Central,sample_02487,2,2023-02-23
region_only,Plateau-Central,sample_02489,2,2023-02-23
region_only,Plateau-Central,sample_02491,2,2023-02-23
region_only,Plateau-Central,sample_02495,2,2023-02-23
region_only,Plateau-Central,sample_02496,2,2023-02-23
region_only,Plateau-Central,sample_02497,2,2023-02-23
region_only,Plateau-Central,sample_02498,2,2023-02-23
region_only,Plateau-Central,sample_02499,2,2023-02-23
region_only,Plateau-Central,sample_02501,2,2023-02-23
region_only,Plateau-Central,sample_02503,2,2023-02-23
region_only,Plateau-Central,sample_02504,2,2023-02-23
region_only,Plateau-Central,sample_02505,2,2023-02-23
region_only,Plateau-Central,sample_02508,2,2023-02-23
region_only,Plateau-Central,sample_02509,2,2023-02-23
region_only,Plateau-Central,sample_02510,2,2023-02-23
region_only,Plateau-Central,sample_02512,2,2023-02-23
region_only,Plateau-Central,sample_02514,2,2023-02-23
region_only,Plateau-Central,sample_02515,2,2023-02-23
region_only,Plateau-Central,sample_02519,2,2023-02-23
region_only,Plateau-Central,sample_02521,2,2023-02-23
region_only,Plateau-Central,sample_02522,2,2023-02-23
region_only,Plateau-Central,sample_02524,2,2023-02-23
region_only,Plateau-Central,sample_02525,2,2023-02-23
region_only,Plateau-Central,sample_02527,2,2023-02-23
region_only,Plateau-Central,sample_02528,2,2023-02-23
region_only,Plateau-Central,sample_02531,2,2023-02-23
region_only,Plateau-Central,sample_02532,2,2023-02-23
region_only,Plateau-Central,sample_02535,2,2023-02-23
region_only,Plateau-Central,sample_02538,2,2023-02-23
region_only,Plateau-Central,sample_02541,2,2023-02-23
region_only,Plateau-Central,sample_02543,2,2023-02-23
region_only,Plateau-Central,sample_02547,2,2023-02-23
region_only,Plateau-Central,sample_02549,2,2023-02-23
region_only,Plateau-Central,sample_02552,2,2023-02-23
region_only,Plateau-Central,sample_02613,2,2023-03-01
region_only,Plateau-Central,sample_02615,2,2023-03-01
region_only,Plateau-Central,sample_02617,2,2023-03-01
region_only,Plateau-Central,sample_02618,2,2023-03-01
region_only,Plateau-Central,sample_02857,2,2023-03-13
region_only,Plateau-Central,sample_02858,2,2023-03-13
region_only,Plateau-Central,sample_02863,2,2023-03-13
region_only,Plateau-Central,sample_02864,2,2023-03-13
region_only,Plateau-Central,sample_02868,2,2023-03-13
region_only,Plateau-Central,sample_02870,2,2023-03-13
region_only,Plateau-Central,sample_02874,2,2023-03-13
region_only,Plateau-Central,sample_02881,2,2023-03-14
region_only,Plateau-Central,sample_02884,2,2023-03-14
region_only,Plateau-Central,sample_02886,2,2023-03-14
region_only,Plateau-Central,sample_02887,2,2023-03-14
region_only,Plateau-Central,sample_02889,2,2023-03-14
region_only,Plateau-Central,sample_02890,2,2023-03-14
region_only,Plateau-Central,sample_02891,2,2023-03-14
region_only,Plateau-Central,sample_02893,2,2023-03-14
region_only,Plateau-Central,sample_02894,2,2023-03-14
region_only,Plateau-Central,sample_02916,2,2023-03-20
region_only,Plateau-Central,sample_02924,2,2023-03-21
region_only,Plateau-Central,sample_02925,2,2023-03-21
region_only,Plateau-Central,sample_02927,2,2023-03-21
region_only,Plateau-Central,sample_02928,2,2023-03-21
region_only,Plateau-Central,sample_02930,2,2023-03-21
region_only,Plateau-Central,sample_02931,2,2023-03-21
region_only,Plateau-Central,sample_02933,2,2023-03-21
region_only,Plateau-Central,sample_02935,2,2023-03-21
region_only,Plateau-Central,sample_02936,2,2023-03-21
region_only,Plateau-Central,sample_02937,2,2023-03-21
region_only,Plateau-Central,sample_02939,2,2023-03-21
region_only,Plateau-Central,sample_02941,2,2023-03-22
region_only,Plateau-Central,sample_02945,2,2023-03-22
region_only,Plateau-Central,sample_02947,2,2023-03-22
region_only,Plateau-Central,sample_02950,2,2023-03-22
region_only,Plateau-Central,sample_02952,2,2023-03-22
region_only,Plateau-Central,sample_02953,2,2023-03-22
region_only,Plateau-Central,sample_02957,2,2023-03-22
region_only,Plateau-Central,sample_02959,2,2023-03-22
region_only,Plateau-Central,sample_02966,2,2023-03-22
region_only,Plateau-Central,sample_02968,2,2023-03-22
region_only,Plateau-Central,sample_02975,2,2023-03-22
region_only,Plateau-Central,sample_02976,2,2023-03-22
region_only,Plateau-Central,sample_02981,2,2023-03-24
region_only,Plateau-Central,sample_02983,2,2023-03-24
region_only,Plateau-Central,sample_02984,2,2023-03-24
region_only,Plateau-Central,sample_02985,2,2023-03-24
region_only,Plateau-Central,sample_03048,2,2023-04-03
region_only,Plateau-Central,sample_03050,2,2023-04-03
region_only,Plateau-Central,sample_03052,2,2023-04-04
region_only,Plateau-Central,sample_03053,2,2023-04-04
region_only,Plateau-Central,sample_03056,2,2023-04-04
region_only,Plateau-Central,sample_03057,2,2023-04-04
region_only,Plateau-Central,sample_03058,2,2023-04-04
region_only,Plateau-Central,sample_00813,3,2022-08-02
region_only,Plateau-Central,sample_00814,3,2022-08-02
region_only,Plateau-Central,sample_00815,3,2022-08-02
region_only,Plateau-Central,sample_00816,3,2022-08-02
region_only,Plateau-Central,sample_00817,3,2022-08-02
region_only,Plateau-Central,sample_00818,3,2022-08-02
region_only,Plateau-Central,sample_00819,3,2022-08-02
region_only,Plateau-Central,sample_00820,3,2022-08-02
region_only,Plateau-Central,sample_00821,3,2022-08-02
region_only,Plateau-Central,sample_00822,3,2022-08-02
region_only,Plateau-Central,sample_00823,3,2022-08-02
region_only,Plateau-Central,sample_00824,3,2022-08-02
region_only,Plateau-Central,sample_00982,3,2022-08-17
region_only,Plateau-Central,sample_00984,3,2022-08-17
region_only,Plateau-Central,sample_00995,3,2022-08-17
region_only,Plateau-Central,sample_00997,3,2022-08-17
region_only,Plateau-Central,sample_00998,3,2022-08-17
region_only,Plateau-Central,sample_01000,3,2022-08-17
region_only,Plateau-Central,sample_01001,3,2022-08-17
region_only,Plateau-Central,sample_01145,3,2022-08-25
region_only,Plateau-Central,sample_01146,3,2022-08-25
region_only,Plateau-Central,sample_01147,3,2022-08-25
region_only,Plateau-Central,sample_01148,3,2022-08-25
region_only,Plateau-Central,sample_01149,3,2022-08-25
region_only,Plateau-Central,sample_01150,3,2022-08-25
region_only,Plateau-Central,sample_01151,3,2022-08-25
region_only,Plateau-Central,sample_01152,3,2022-08-25
region_only,Plateau-Central,sample_01153,3,2022-08-25
region_only,Plateau-Central,sample_01154,3,2022-08-25
region_only,Plateau-Central,sample_01155,3,2022-08-25
region_only,Plateau-Central,sample_01156,3,2022-08-25
region_only,Plateau-Central,sample_01157,3,2022-08-25
region_only,Plateau-Central,sample_01158,3,2022-08-25
region_only,Plateau-Central,sample_01159,3,2022-08-25
region_only,Plateau-Central,sample_01160,3,2022-08-25
region_only,Plateau-Central,sample_01161,3,2022-08-25
region_only,Plateau-Central,sample_01162,3,2022-08-25
region_only,Plateau-Central,sample_01163,3,2022-08-25
region_only,Plateau-Central,sample_01164,3,2022-08-25
region_only,Plateau-Central,sample_01165,3,2022-08-25
region_only,Plateau-Central,sample_01166,3,2022-08-25
region_only,Plateau-Central,sample_01167,3,2022-08-25
region_only,Plateau-Central,sample_01168,3,2022-08-25
region_only,Plateau-Central,sample_01169,3,2022-08-25
region_only,Plateau-Central,sample_01170,3,2022-08-25
region_only,Plateau-Central,sample_01171,3,2022-08-25
region_only,Plateau-Central,sample_01172,3,2022-08-25
region_only,Plateau-Central,sample_01173,3,2022-08-25
region_only,Plateau-Central,sample_01174,3,2022-08-25
region_only,Plateau-Central,sample_01175,3,2022-08-25
region_only,Plateau-Central,sample_01176,3,2022-08-25
region_only,Plateau-Central,sample_01177,3,2022-08-25
region_only,Plateau-Central,sample_01178,3,2022-08-25
region_only,Plateau-Central,sample_01179,3,2022-08-25
region_only,Plateau-Central,sample_01180,3,2022-08-25
region_only,Plateau-Central,sample_01181,3,2022-08-25
region_only,Plateau-Central,sample_01850,3,2022-11-17
region_only,Plateau-Central,sample_01982,3,2022-11-20
region_only,Plateau-Central,sample_01983,3,2022-11-20
region_only,Plateau-Central,sample_01984,3,2022-11-20
region_only,Plateau-Central,sample_01985,3,2022-11-20
region_only,Plateau-Central,sample_01986,3,2022-11-20
region_only,Plateau-Central,sample_01987,3,2022-11-20
region_only,Plateau-Central,sample_01988,3,2022-11-20
region_only,Plateau-Central,sample_01989,3,2022-11-20
region_only,Plateau-Central,sample_01990,3,2022-11-20
region_only,Plateau-Central,sample_01991,3,2022-11-20
region_only,Plateau-Central,sample_01992,3,2022-11-20
region_only,Plateau-Central,sample_01993,3,2022-11-20
region_only,Plateau-Central,sample_01994,3,2022-11-20
region_only,Plateau-Central,sample_01995,3,2022-11-20
region_only,Plateau-Central,sample_02127,3,2022-11-25
region_only,Plateau-Central,sample_02147,3,2022-12-07
region_only,Plateau-Central,sample_02148,3,2022-12-07
region_only,Plateau-Central,sample_02149,3,2022-12-07
region_only,Plateau-Central,sample_02150,3,2022-12-07
region_only,Plateau-Central,sample_02151,3,2022-12-07
region_only,Plateau-Central,sample_02152,3,2022-12-07
region_only,Plateau-Central,sample_02153,3,2022-12-07
region_only,Plateau-Central,sample_02154,3,2022-12-07
region_only,Plateau-Central,sample_02155,3,2022-12-07
region_only,Plateau-Central,sample_02156,3,2022-12-07
region_only,Plateau-Central,sample_02157,3,2022-12-07
region_only,Plateau-Central,sample_02158,3,2022-12-07
region_only,Plateau-Central,sample_02159,3,2022-12-07
region_only,Plateau-Central,sample_02160,3,2022-12-07
region_only,Plateau-Central,sample_02161,3,2022-12-07
region_only,Plateau-Central,sample_02162,3,2022-12-07
region_only,Plateau-Central,sample_02163,3,2022-12-07
region_only,Plateau-Central,sample_02164,3,2022-12-07
region_only,Plateau-Central,sample_02165,3,2022-12-07
region_only,Plateau-Central,sample_02166,3,2022-12-07
region_only,Plateau-Central,sample_02167,3,2022-12-07
region_only,Plateau-Central,sample_02168,3,2022-12-07
region_only,Plateau-Central,sample_02169,3,2022-12-07
region_only,Plateau-Central,sample_02170,3,2022-12-07
region_only,Plateau-Central,sample_02171,3,2022-12-07
region_only,Plateau-Central,sample_02172,3,2022-12-07
region_only,Plateau-Central,sample_02173,3,2022-12-07
region_only,Plateau-Central,sample_02174,3,2022-12-07
region_only,Plateau-Central,sample_02175,3,2022-12-07
region_only,Plateau-Central,sample_02194,3,2022-12-14
region_only,Plateau-Central,sample_02196,3,2022-12-14
region_only,Plateau-Central,sample_02197,3,2022-12-14
region_only,Plateau-Central,sample_02198,3,2022-12-14
region_only,Plateau-Central,sample_02199,3,2022-12-14
region_only,Plateau-Central,sample_02200,3,2022-12-14
region_only,Plateau-Central,sample_02201,3,2022-12-14
region_only,Plateau-Central,sample_02202,3,2022-12-14
region_only,Plateau-Central,sample_02203,3,2022-12-14
region_only,Plateau-Central,sample_02204,3,2022-12-14
region_only,Plateau-Central,sample_02242,3,2023-01-04
region_only,Plateau-Central,sample_02280,3,2023-01-17
region_only,Plateau-Central,sample_02289,3,2023-01-17
region_only,Plateau-Central,sample_02346,3,2023-01-25
region_only,Plateau-Central,sample_02347,3,2023-01-25
region_only,Plateau-Central,sample_02348,3,2023-01-25
region_only,Plateau-Central,sample_02349,3,2023-01-25
region_only,Plateau-Central,sample_02350,3,2023-01-25
region_only,Plateau-Central,sample_02351,3,2023-01-25
region_only,Plateau-Central,sample_02352,3,2023-01-25
region_only,Plateau-Central,sample_02353,3,2023-01-25
region_only,Plateau-Central,sample_02354,3,2023-01-25
region_only,Plateau-Central,sample_02355,3,2023-01-25
region_only,Plateau-Central,sample_02356,3,2023-01-25
region_only,Plateau-Central,sample_02359,3,2023-01-31
region_only,Plateau-Central,sample_02360,3,2023-01-31
region_only,Plateau-Central,sample_02361,3,2023-01-31
region_only,Plateau-Central,sample_02362,3,2023-01-31
region_only,Plateau-Central,sample_02363,3,2023-01-31
region_only,Plateau-Central,sample_02364,3,2023-01-31
region_only,Plateau-Central,sample_02366,3,2023-01-31
region_only,Plateau-Central,sample_02449,3,2023-02-15
region_only,Plateau-Central,sample_02450,3,2023-02-15
region_only,Plateau-Central,sample_02451,3,2023-02-15
region_only,Plateau-Central,sample_02452,3,2023-02-15
region_only,Plateau-Central,sample_02453,3,2023-02-15
region_only,Plateau-Central,sample_02454,3,2023-02-15
region_only,Plateau-Central,sample_02455,3,2023-02-15
region_only,Plateau-Central,sample_02474,3,2023-02-21
region_only,Plateau-Central,sample_02475,3,2023-02-21
region_only,Plateau-Central,sample_02476,3,2023-02-21
region_only,Plateau-Central,sample_02477,3,2023-02-21
region_only,Plateau-Central,sample_02556,3,2023-02-24
region_only,Plateau-Central,sample_02557,3,2023-02-24
region_only,Plateau-Central,sample_02558,3,2023-02-24
region_only,Plateau-Central,sample_02595,3,2023-02-28
region_only,Plateau-Central,sample_02597,3,2023-02-28
region_only,Plateau-Central,sample_02598,3,2023-02-28
region_only,Plateau-Central,sample_02599,3,2023-02-28
region_only,Plateau-Central,sample_02603,3,2023-02-28
region_only,Plateau-Central,sample_02605,3,2023-02-28
region_only,Plateau-Central,sample_02608,3,2023-02-28
region_only,Plateau-Central,sample_02609,3,2023-02-28
region_only,Plateau-Central,sample_02647,3,2023-03-02
region_only,Plateau-Central,sample_02711,3,2023-03-07
region_only,Plateau-Central,sample_02723,3,2023-03-07
region_only,Plateau-Central,sample_02728,3,2023-03-07
region_only,Plateau-Central,sample_02732,3,2023-03-07
region_only,Plateau-Central,sample_02736,3,2023-03-07
region_only,Plateau-Central,sample_02743,3,2023-03-07
region_only,Plateau-Central,sample_02748,3,2023-03-07
region_only,Plateau-Central,sample_02751,3,2023-03-07
region_only,Plateau-Central,sample_02753,3,2023-03-07
region_only,Plateau-Central,sample_02754,3,2023-03-07
region_only,Plateau-Central,sample_02756,3,2023-03-07
region_only,Plateau-Central,sample_02757,3,2023-03-07
region_only,Plateau-Central,sample_02758,3,2023-03-07
region_only,Plateau-Central,sample_02761,3,2023-03-07
region_only,Plateau-Central,sample_02763,3,2023-03-07
region_only,Plateau-Central,sample_02765,3,2023-03-07
region_only,Plateau-Central,sample_02770,3,2023-03-07
region_only,Plateau-Central,sample_02771,3,2023-03-07
region_only,Plateau-Central,sample_02772,3,2023-03-07
region_only,Plateau-Central,sample_02773,3,2023-03-07
region_only,Plateau-Central,sample_02775,3,2023-03-07
region_only,Plateau-Central,sample_02776,3,2023-03-07
region_only,Plateau-Central,sample_02777,3,2023-03-07
region_only,Plateau-Central,sample_03024,3,2023-03-29
region_only,Plateau-Central,sample_03025,3,2023-03-29
region_only,Plateau-Central,sample_03027,3,2023-03-29
region_only,Plateau-Central,sample_03060,3,2023-04-05
region_only,Plateau-Central,sample_03061,3,2023-04-05
region_only,Plateau-Central,sample_03063,3,2023-04-05
region_only,Plateau-Central,sample_03064,3,2023-04-05
region_only,Plateau-Central,sample_03066,3,2023-04-05
region_only,Plateau-Central,sample_03067,3,2023-04-05
region_only,Plateau-Central,sample_03068,3,2023-04-05
region_only,Plateau-Central,sample_03069,3,2023-04-05
region_only,Plateau-Central,sample_03070,3,2023-04-05
region_only,Plateau-Central,sample_03071,3,2023-04-05
region_only,Plateau-Central,sample_03073,3,2023-04-05
region_only,Plateau-Central,sample_03074,3,2023-04-05
region_only,Plateau-Central,sample_03075,3,2023-04-05
region_only,Plateau-Central,sample_03076,3,2023-04-05
region_only,Plateau-Central,sample_03078,3,2023-04-05
region_only,Plateau-Central,sample_03079,3,2023-04-05
region_only,Plateau-Central,sample_03082,3,2023-04-05
region_only,Plateau-Central,sample_03083,3,2023-04-05
region_only,Plateau-Central,sample_03196,3,2023-04-13
region_only,Plateau-Central,sample_03197,3,2023-04-13
region_only,Plateau-Central,sample_03200,3,2023-04-13
region_only,Plateau-Central,sample_03202,3,2023-04-13
region_only,Plateau-Central,sample_03203,3,2023-04-13
region_only,Plateau-Central,sample_03204,3,2023-04-13
region_only,Plateau-Central,sample_03206,3,2023-04-13
region_only,Plateau-Central,sample_03207,3,2023-04-13
region_only,Plateau-Central,sample_03210,3,2023-04-13
region_only,Plateau-Central,sample_03211,3,2023-04-13
region_only,Plateau-Central,sample_03213,3,2023-04-13
region_only,Plateau-Central,sample_03214,3,2023-04-13
region_only,Plateau-Central,sample_01023,4,2022-08-18
region_only,Plateau-Central,sample_01024,4,2022-08-18
region_only,Plateau-Central,sample_01025,4,2022-08-18
region_only,Plateau-Central,sample_01026,4,2022-08-18
region_only,Plateau-Central,sample_01027,4,2022-08-18
region_only,Plateau-Central,sample_01028,4,2022-08-18
region_only,Plateau-Central,sample_01029,4,2022-08-18
region_only,Plateau-Central,sample_01030,4,2022-08-18
region_only,Plateau-Central,sample_01031,4,2022-08-18
region_only,Plateau-Central,sample_01032,4,2022-08-18
region_only,Plateau-Central,sample_01033,4,2022-08-18
region_only,Plateau-Central,sample_01034,4,2022-08-18
region_only,Plateau-Central,sample_01035,4,2022-08-18
region_only,Plateau-Central,sample_01036,4,2022-08-18
region_only,Plateau-Central,sample_01037,4,2022-08-18
region_only,Plateau-Central,sample_01038,4,2022-08-18
region_only,Plateau-Central,sample_01039,4,2022-08-18
region_only,Plateau-Central,sample_01040,4,2022-08-18
region_only,Plateau-Central,sample_01041,4,2022-08-18
region_only,Plateau-Central,sample_01042,4,2022-08-18
region_only,Plateau-Central,sample_01043,4,2022-08-18
region_only,Plateau-Central,sample_01044,4,2022-08-18
region_only,Plateau-Central,sample_01045,4,2022-08-18
region_only,Plateau-Central,sample_01046,4,2022-08-18
region_only,Plateau-Central,sample_01047,4,2022-08-18
region_only,Plateau-Central,sample_01048,4,2022-08-18
region_only,Plateau-Central,sample_01049,4,2022-08-18
region_only,Plateau-Central,sample_01050,4,2022-08-18
region_only,Plateau-Central,sample_01051,4,2022-08-18
region_only,Plateau-Central,sample_01052,4,2022-08-18
region_only,Plateau-Central,sample_01053,4,2022-08-18
region_only,Plateau-Central,sample_01054,4,2022-08-18
region_only,Plateau-Central,sample_01055,4,2022-08-18
region_only,Plateau-Central,sample_01056,4,2022-08-18
region_only,Plateau-Central,sample_01057,4,2022-08-18
region_only,Plateau-Central,sample_01058,4,2022-08-18
region_only,Plateau-Central,sample_01059,4,2022-08-18
region_only,Plateau-Central,sample_01060,4,2022-08-18
region_only,Plateau-Central,sample_01061,4,2022-08-18
region_only,Plateau-Central,sample_01062,4,2022-08-18
region_only,Plateau-Central,sample_01063,4,2022-08-18
region_only,Plateau-Central,sample_01064,4,2022-08-18
region_only,Plateau-Central,sample_01065,4,2022-08-18
region_only,Plateau-Central,sample_01066,4,2022-08-18
region_only,Plateau-Central,sample_01067,4,2022-08-18
region_only,Plateau-Central,sample_01068,4,2022-08-18
region_only,Plateau-Central,sample_01069,4,2022-08-18
region_only,Plateau-Central,sample_01070,4,2022-08-18
region_only,Plateau-Central,sample_01071,4,2022-08-18
region_only,Plateau-Central,sample_01072,4,2022-08-18
region_only,Plateau-Central,sample_01073,4,2022-08-18
region_only,Plateau-Central,sample_01074,4,2022-08-18
region_only,Plateau-Central,sample_01075,4,2022-08-18
region_only,Plateau-Central,sample_01076,4,2022-08-18
region_only,Plateau-Central,sample_01077,4,2022-08-18
region_only,Plateau-Central,sample_01078,4,2022-08-18
region_only,Plateau-Central,sample_01079,4,2022-08-18
region_only,Plateau-Central,sample_01080,4,2022-08-18
region_only,Plateau-Central,sample_01081,4,2022-08-18
region_only,Plateau-Central,sample_01082,4,2022-08-18
region_only,Plateau-Central,sample_01083,4,2022-08-18
region_only,Plateau-Central,sample_01084,4,2022-08-18
region_only,Plateau-Central,sample_01085,4,2022-08-18
region_only,Plateau-Central,sample_01086,4,2022-08-18
region_only,Plateau-Central,sample_01087,4,2022-08-18
region_only,Plateau-Central,sample_01088,4,2022-08-18
region_only,Plateau-Central,sample_01089,4,2022-08-18
region_only,Plateau-Central,sample_01090,4,2022-08-18
region_only,Plateau-Central,sample_01091,4,2022-08-18
region_only,Plateau-Central,sample_01092,4,2022-08-18
region_only,Plateau-Central,sample_01093,4,2022-08-18
region_only,Plateau-Central,sample_01094,4,2022-08-18
region_only,Plateau-Central,sample_01095,4,2022-08-18
region_only,Plateau-Central,sample_01096,4,2022-08-18
region_only,Plateau-Central,sample_01097,4,2022-08-18
region_only,Plateau-Central,sample_01098,4,2022-08-18
region_only,Plateau-Central,sample_01099,4,2022-08-18
region_only,Plateau-Central,sample_01100,4,2022-08-18
region_only,Plateau-Central,sample_01101,4,2022-08-18
region_only,Plateau-Central,sample_01102,4,2022-08-18
region_only,Plateau-Central,sample_01103,4,2022-08-18
region_only,Plateau-Central,sample_01104,4,2022-08-18
region_only,Plateau-Central,sample_01105,4,2022-08-18
region_only,Plateau-Central,sample_01106,4,2022-08-18
region_only,Plateau-Central,sample_01107,4,2022-08-18
region_only,Plateau-Central,sample_01108,4,2022-08-18
region_only,Plateau-Central,sample_01404,4,2022-10-20
region_only,Plateau-Central,sample_01407,4,2022-10-20
region_only,Plateau-Central,sample_01424,4,2022-10-20
region_only,Plateau-Central,sample_01426,4,2022-10-20
region_only,Plateau-Central,sample_01427,4,2022-10-21
region_only,Plateau-Central,sample_01429,4,2022-10-21
region_only,Plateau-Central,sample_01430,4,2022-10-21
region_only,Plateau-Central,sample_01437,4,2022-10-21
region_only,Plateau-Central,sample_01441,4,2022-10-21
region_only,Plateau-Central,sample_01443,4,2022-10-21
region_only,Plateau-Central,sample_01444,4,2022-10-21
region_only,Plateau-Central,sample_01454,4,2022-10-25
region_only,Plateau-Central,sample_01455,4,2022-10-25
region_only,Plateau-Central,sample_01456,4,2022-10-25
region_only,Plateau-Central,sample_01752,4,2022-11-14
region_only,Plateau-Central,sample_01907,4,2022-11-18
region_only,Plateau-Central,sample_01978,4,2022-11-18
region_only,Plateau-Central,sample_02134,4,2022-12-01
region_only,Plateau-Central,sample_02135,4,2022-12-01
region_only,Plateau-Central,sample_02136,4,2022-12-01
region_only,Plateau-Central,sample_02137,4,2022-12-01
region_only,Plateau-Central,sample_02138,4,2022-12-01
region_only,Plateau-Central,sample_02139,4,2022-12-01
region_only,Plateau-Central,sample_02140,4,2022-12-01
region_only,Plateau-Central,sample_02141,4,2022-12-01
region_only,Plateau-Central,sample_02232,4,2022-12-28
region_only,Plateau-Central,sample_02233,4,2022-12-28
region_only,Plateau-Central,sample_02234,4,2022-12-28
region_only,Plateau-Central,sample_02235,4,2022-12-28
region_only,Plateau-Central,sample_02236,4,2022-12-28
region_only,Plateau-Central,sample_02237,4,2022-12-28
region_only,Plateau-Central,sample_02238,4,2022-12-28
region_only,Plateau-Central,sample_02239,4,2022-12-28
region_only,Plateau-Central,sample_02240,4,2022-12-28
region_only,Plateau-Central,sample_02241,4,2022-12-28
region_only,Plateau-Central,sample_02290,4,2023-01-18
region_only,Plateau-Central,sample_02291,4,2023-01-18
region_only,Plateau-Central,sample_02292,4,2023-01-18
region_only,Plateau-Central,sample_02293,4,2023-01-18
region_only,Plateau-Central,sample_02294,4,2023-01-18
region_only,Plateau-Central,sample_02295,4,2023-01-18
region_only,Plateau-Central,sample_02296,4,2023-01-18
region_only,Plateau-Central,sample_02297,4,2023-01-18
region_only,Plateau-Central,sample_02298,4,2023-01-18
region_only,Plateau-Central,sample_02299,4,2023-01-18
region_only,Plateau-Central,sample_02300,4,2023-01-18
region_only,Plateau-Central,sample_02301,4,2023-01-18
region_only,Plateau-Central,sample_02302,4,2023-01-18
region_only,Plateau-Central,sample_02303,4,2023-01-18
region_only,Plateau-Central,sample_02304,4,2023-01-18
region_only,Plateau-Central,sample_02305,4,2023-01-18
region_only,Plateau-Central,sample_02306,4,2023-01-18
region_only,Plateau-Central,sample_02412,4,2023-02-07
region_only,Plateau-Central,sample_02413,4,2023-02-07
region_only,Plateau-Central,sample_02415,4,2023-02-07
region_only,Plateau-Central,sample_02417,4,2023-02-07
region_only,Plateau-Central,sample_02418,4,2023-02-07
region_only,Plateau-Central,sample_02419,4,2023-02-07
region_only,Plateau-Central,sample_02420,4,2023-02-07
region_only,Plateau-Central,sample_02421,4,2023-02-07
region_only,Plateau-Central,sample_02422,4,2023-02-07
region_only,Plateau-Central,sample_02423,4,2023-02-07
region_only,Plateau-Central,sample_02424,4,2023-02-07
region_only,Plateau-Central,sample_02425,4,2023-02-08
region_only,Plateau-Central,sample_02426,4,2023-02-08
region_only,Plateau-Central,sample_02427,4,2023-02-08
region_only,Plateau-Central,sample_02428,4,2023-02-08
region_only,Plateau-Central,sample_02429,4,2023-02-08
region_only,Plateau-Central,sample_02430,4,2023-02-09
region_only,Plateau-Central,sample_02431,4,2023-02-09
region_only,Plateau-Central,sample_02432,4,2023-02-09
region_only,Plateau-Central,sample_02433,4,2023-02-09
region_only,Plateau-Central,sample_02434,4,2023-02-09
region_only,Plateau-Central,sample_02435,4,2023-02-09
region_only,Plateau-Central,sample_02436,4,2023-02-09
region_only,Plateau-Central,sample_02437,4,2023-02-09
region_only,Plateau-Central,sample_02438,4,2023-02-09
region_only,Plateau-Central,sample_02439,4,2023-02-09
region_only,Plateau-Central,sample_02440,4,2023-02-09
region_only,Plateau-Central,sample_02441,4,2023-02-09
region_only,Plateau-Central,sample_02559,4,2023-02-25
region_only,Plateau-Central,sample_02560,4,2023-02-25
region_only,Plateau-Central,sample_02561,4,2023-02-25
region_only,Plateau-Central,sample_02562,4,2023-02-25
region_only,Plateau-Central,sample_02563,4,2023-02-25
region_only,Plateau-Central,sample_02564,4,2023-02-25
region_only,Plateau-Central,sample_02565,4,2023-02-25
region_only,Plateau-Central,sample_02566,4,2023-02-25
region_only,Plateau-Central,sample_02567,4,2023-02-25
region_only,Plateau-Central,sample_02661,4,2023-03-04
region_only,Plateau-Central,sample_02669,4,2023-03-04
region_only,Plateau-Central,sample_02698,4,2023-03-06
region_only,Plateau-Central,sample_02699,4,2023-03-06
region_only,Plateau-Central,sample_02700,4,2023-03-06
region_only,Plateau-Central,sample_02701,4,2023-03-06
region_only,Plateau-Central,sample_02702,4,2023-03-06
region_only,Plateau-Central,sample_02703,4,2023-03-06
region_only,Plateau-Central,sample_02704,4,2023-03-06
region_only,Plateau-Central,sample_02707,4,2023-03-06
region_only,Plateau-Central,sample_02840,4,2023-03-11
region_only,Plateau-Central,sample_02855,4,2023-03-11
region_only,Plateau-Central,sample_02903,4,2023-03-17
region_only,Plateau-Central,sample_02904,4,2023-03-17
region_only,Plateau-Central,sample_02905,4,2023-03-17
region_only,Plateau-Central,sample_02906,4,2023-03-17
region_only,Plateau-Central,sample_02986,4,2023-03-27
region_only,Plateau-Central,sample_02989,4,2023-03-27
region_only,Plateau-Central,sample_02992,4,2023-03-27
region_only,Plateau-Central,sample_02994,4,2023-03-27
region_only,Plateau-Central,sample_03001,4,2023-03-27
region_only,Plateau-Central,sample_03003,4,2023-03-27
region_only,Plateau-Central,sample_03005,4,2023-03-27
region_only,Plateau-Central,sample_03006,4,2023-03-28
region_only,Plateau-Central,sample_03007,4,2023-03-28
region_only,Plateau-Central,sample_03008,4,2023-03-28
region_only,Plateau-Central,sample_03010,4,2023-03-28
region_only,Plateau-Central,sample_03011,4,2023-03-28
region_only,Plateau-Central,sample_03013,4,2023-03-28
region_only,Plateau-Central,sample_03014,4,2023-03-28
region_only,Plateau-Central,sample_03017,4,2023-03-28
region_only,Plateau-Central,sample_03019,4,2023-03-28
region_only,Plateau-Central,sample_03021,4,2023-03-28
region_only,Plateau-Central,sample_03023,4,2023-03-28
