model,endpoint,panel,stratum,metric,mean,split_sd,split_p025,split_p975,split_count
colour_logit,binary_healthy_other,all_paired_probe,Potato___Early_blight,policy_BA_difference,0.0,0.0,0.0,0.0,30
colour_logit,binary_healthy_other,all_paired_probe,Potato___Early_blight,policy_label_disagreement,0.0,0.0,0.0,0.0,30
colour_logit,binary_healthy_other,all_paired_probe,Potato___Early_blight,exposure_gain,0.0,0.0,0.0,0.0,30
colour_logit,binary_healthy_other,all_paired_probe,Potato___Early_blight,exposure_loss,0.0,0.0,0.0,0.0,30
colour_logit,binary_healthy_other,all_paired_probe,Potato___Early_blight,exposure_wrong_to_wrong,0.0,0.0,0.0,0.0,30
colour_logit,binary_healthy_other,all_paired_probe,Potato___Early_blight,exposure_turnover,0.0,0.0,0.0,0.0,30
colour_logit,binary_healthy_other,all_paired_probe,Potato___Early_blight,exposure_label_churn,0.0,0.0,0.0,0.0,30
colour_logit,binary_healthy_other,all_paired_probe,Potato___Early_blight,exposure_BA_delta,0.0,0.0,0.0,0.0,30
colour_logit,binary_healthy_other,all_paired_probe,Potato___Early_blight,sham_gain,0.0,0.0,0.0,0.0,30
colour_logit,binary_healthy_other,all_paired_probe,Potato___Early_blight,sham_loss,0.0,0.0,0.0,0.0,30
colour_logit,binary_healthy_other,all_paired_probe,Potato___Early_blight,sham_wrong_to_wrong,0.0,0.0,0.0,0.0,30
colour_logit,binary_healthy_other,all_paired_probe,Potato___Early_blight,sham_turnover,0.0,0.0,0.0,0.0,30
colour_logit,binary_healthy_other,all_paired_probe,Potato___Early_blight,sham_label_churn,0.0,0.0,0.0,0.0,30
colour_logit,binary_healthy_other,all_paired_probe,Potato___Early_blight,sham_BA_delta,0.0,0.0,0.0,0.0,30
colour_logit,binary_healthy_other,all_paired_probe,Potato___Early_blight,turnover_difference,0.0,0.0,0.0,0.0,30
colour_logit,binary_healthy_other,all_paired_probe,Potato___Early_blight,churn_difference,0.0,0.0,0.0,0.0,30
colour_logit,binary_healthy_other,all_paired_probe,Potato___Late_blight,policy_BA_difference,0.002,0.014687550440118819,-0.01855,0.02984999999999998,30
colour_logit,binary_healthy_other,all_paired_probe,Potato___Late_blight,policy_label_disagreement,0.020000000000000004,0.011398729511781504,0.0034500000000000004,0.04364999999999999,30
colour_logit,binary_healthy_other,all_paired_probe,Potato___Late_blight,exposure_gain,0.012666666666666666,0.016088833851856502,0.0,0.0491,30
colour_logit,binary_healthy_other,all_paired_probe,Potato___Late_blight,exposure_loss,0.008399999999999998,0.008075505749081495,0.0,0.02364999999999999,30
colour_logit,binary_healthy_other,all_paired_probe,Potato___Late_blight,exposure_wrong_to_wrong,0.0,0.0,0.0,0.0,30
colour_logit,binary_healthy_other,all_paired_probe,Potato___Late_blight,exposure_turnover,0.02106666666666667,0.01707374134974994,0.0,0.05439999999999998,30
colour_logit,binary_healthy_other,all_paired_probe,Potato___Late_blight,exposure_label_churn,0.02106666666666667,0.01707374134974994,0.0,0.05439999999999998,30
colour_logit,binary_healthy_other,all_paired_probe,Potato___Late_blight,exposure_BA_delta,0.004266666666666667,0.01888428161074768,-0.02055,0.046549999999999994,30
colour_logit,binary_healthy_other,all_paired_probe,Potato___Late_blight,sham_gain,0.011266666666666668,0.012142638846680714,0.0,0.04,30
colour_logit,binary_healthy_other,all_paired_probe,Potato___Late_blight,sham_loss,0.009000000000000001,0.012830459448327345,0.0,0.03589999999999995,30
colour_logit,binary_healthy_other,all_paired_probe,Potato___Late_blight,sham_wrong_to_wrong,0.0,0.0,0.0,0.0,30
colour_logit,binary_healthy_other,all_paired_probe,Potato___Late_blight,sham_turnover,0.02026666666666667,0.015274349319248816,0.0,0.04894999999999997,30
colour_logit,binary_healthy_other,all_paired_probe,Potato___Late_blight,sham_label_churn,0.02026666666666667,0.015274349319248816,0.0,0.04894999999999997,30
colour_logit,binary_healthy_other,all_paired_probe,Potato___Late_blight,sham_BA_delta,0.002266666666666667,0.01976924349856987,-0.031549999999999995,0.038549999999999994,30
colour_logit,binary_healthy_other,all_paired_probe,Potato___Late_blight,turnover_difference,0.0008,0.013560591991960151,-0.02405,0.024,30
colour_logit,binary_healthy_other,all_paired_probe,Potato___Late_blight,churn_difference,0.0008,0.013560591991960151,-0.02405,0.024,30
colour_logit,binary_healthy_other,all_paired_probe,all_classes,policy_BA_difference,0.019458333333333338,0.02640288673916016,-0.0080875,0.07378124999999991,30
colour_logit,binary_healthy_other,all_paired_probe,all_classes,policy_label_disagreement,0.03520833333333333,0.031358335204242097,0.002,0.10245624999999996,30
colour_logit,binary_healthy_other,all_paired_probe,all_classes,exposure_gain,0.02691666666666667,0.027173082945841996,0.0003625000000000001,0.09031874999999998,30
colour_logit,binary_healthy_other,all_paired_probe,all_classes,exposure_loss,0.010016666666666667,0.012478245437376294,0.0,0.033512499999999994,30
colour_logit,binary_healthy_other,all_paired_probe,all_classes,exposure_wrong_to_wrong,0.0,0.0,0.0,0.0,30
colour_logit,binary_healthy_other,all_paired_probe,all_classes,exposure_turnover,0.03693333333333334,0.029542629436510703,0.0010875000000000001,0.09314374999999998,30
colour_logit,binary_healthy_other,all_paired_probe,all_classes,exposure_label_churn,0.03693333333333334,0.029542629436510703,0.0010875000000000001,0.09314374999999998,30
colour_logit,binary_healthy_other,all_paired_probe,all_classes,exposure_BA_delta,0.016900000000000002,0.030255563751664494,-0.031018749999999998,0.08749374999999998,30
colour_logit,binary_healthy_other,all_paired_probe,all_classes,sham_gain,0.015525000000000002,0.019909098379280312,0.0,0.06353125,30
colour_logit,binary_healthy_other,all_paired_probe,all_classes,sham_loss,0.018083333333333333,0.025709361415014103,0.0,0.07871249999999998,30
colour_logit,binary_healthy_other,all_paired_probe,all_classes,sham_wrong_to_wrong,0.0,0.0,0.0,0.0,30
colour_logit,binary_healthy_other,all_paired_probe,all_classes,sham_turnover,0.03360833333333334,0.03409524459544158,0.0010875000000000001,0.10441874999999995,30
colour_logit,binary_healthy_other,all_paired_probe,all_classes,sham_label_churn,0.03360833333333334,0.03409524459544158,0.0010875000000000001,0.10441874999999995,30
colour_logit,binary_healthy_other,all_paired_probe,all_classes,sham_BA_delta,-0.0025583333333333335,0.03085775787811499,-0.07656249999999999,0.047218749999999976,30
colour_logit,binary_healthy_other,all_paired_probe,all_classes,turnover_difference,0.0033249999999999994,0.03029560896258389,-0.05985,0.05626249999999998,30
colour_logit,binary_healthy_other,all_paired_probe,all_classes,churn_difference,0.0033249999999999994,0.03029560896258389,-0.05985,0.05626249999999998,30
colour_logit,binary_healthy_other,all_paired_probe,healthy,policy_BA_difference,0.03791666666666667,0.05652312363756206,-0.0228125,0.1503124999999998,30
colour_logit,binary_healthy_other,all_paired_probe,healthy,policy_label_disagreement,0.060416666666666674,0.062464070132126875,0.0,0.18656249999999988,30
colour_logit,binary_healthy_other,all_paired_probe,healthy,exposure_gain,0.04750000000000001,0.05574727455840021,0.0,0.17843749999999997,30
colour_logit,binary_healthy_other,all_paired_probe,healthy,exposure_loss,0.01583333333333333,0.025413251136628182,0.0,0.06593749999999998,30
colour_logit,binary_healthy_other,all_paired_probe,healthy,exposure_wrong_to_wrong,0.0,0.0,0.0,0.0,30
colour_logit,binary_healthy_other,all_paired_probe,healthy,exposure_turnover,0.06333333333333334,0.05889914426714788,0.0,0.17843749999999997,30
colour_logit,binary_healthy_other,all_paired_probe,healthy,exposure_label_churn,0.06333333333333334,0.05889914426714788,0.0,0.17843749999999997,30
colour_logit,binary_healthy_other,all_paired_probe,healthy,exposure_BA_delta,0.03166666666666667,0.0635458473280802,-0.0659375,0.17843749999999997,30
colour_logit,binary_healthy_other,all_paired_probe,healthy,sham_gain,0.025416666666666667,0.03945798361883648,0.0,0.11593749999999999,30
colour_logit,binary_healthy_other,all_paired_probe,healthy,sham_loss,0.03166666666666666,0.05239247335608252,0.0,0.15687499999999996,30
colour_logit,binary_healthy_other,all_paired_probe,healthy,sham_wrong_to_wrong,0.0,0.0,0.0,0.0,30
colour_logit,binary_healthy_other,all_paired_probe,healthy,sham_turnover,0.05708333333333334,0.06668597062471926,0.0,0.1921874999999999,30
colour_logit,binary_healthy_other,all_paired_probe,healthy,sham_label_churn,0.05708333333333334,0.06668597062471926,0.0,0.1921874999999999,30
colour_logit,binary_healthy_other,all_paired_probe,healthy,sham_BA_delta,-0.00625,0.06447316335579827,-0.156875,0.09781249999999994,30
colour_logit,binary_healthy_other,all_paired_probe,healthy,turnover_difference,0.00625,0.059700220931838646,-0.11937500000000001,0.10687499999999997,30
colour_logit,binary_healthy_other,all_paired_probe,healthy,churn_difference,0.00625,0.059700220931838646,-0.11937500000000001,0.10687499999999997,30
colour_logit,binary_healthy_other,selected_probe,Potato___Early_blight,policy_BA_difference,0.0,0.0,0.0,0.0,30
colour_logit,binary_healthy_other,selected_probe,Potato___Early_blight,policy_label_disagreement,0.0,0.0,0.0,0.0,30
colour_logit,binary_healthy_other,selected_probe,Potato___Early_blight,exposure_gain,0.0,0.0,0.0,0.0,30
colour_logit,binary_healthy_other,selected_probe,Potato___Early_blight,exposure_loss,0.0,0.0,0.0,0.0,30
colour_logit,binary_healthy_other,selected_probe,Potato___Early_blight,exposure_wrong_to_wrong,0.0,0.0,0.0,0.0,30
colour_logit,binary_healthy_other,selected_probe,Potato___Early_blight,exposure_turnover,0.0,0.0,0.0,0.0,30
colour_logit,binary_healthy_other,selected_probe,Potato___Early_blight,exposure_label_churn,0.0,0.0,0.0,0.0,30
colour_logit,binary_healthy_other,selected_probe,Potato___Early_blight,exposure_BA_delta,0.0,0.0,0.0,0.0,30
colour_logit,binary_healthy_other,selected_probe,Potato___Early_blight,sham_gain,0.0,0.0,0.0,0.0,30
colour_logit,binary_healthy_other,selected_probe,Potato___Early_blight,sham_loss,0.0,0.0,0.0,0.0,30
colour_logit,binary_healthy_other,selected_probe,Potato___Early_blight,sham_wrong_to_wrong,0.0,0.0,0.0,0.0,30
colour_logit,binary_healthy_other,selected_probe,Potato___Early_blight,sham_turnover,0.0,0.0,0.0,0.0,30
colour_logit,binary_healthy_other,selected_probe,Potato___Early_blight,sham_label_churn,0.0,0.0,0.0,0.0,30
colour_logit,binary_healthy_other,selected_probe,Potato___Early_blight,sham_BA_delta,0.0,0.0,0.0,0.0,30
colour_logit,binary_healthy_other,selected_probe,Potato___Early_blight,turnover_difference,0.0,0.0,0.0,0.0,30
colour_logit,binary_healthy_other,selected_probe,Potato___Early_blight,churn_difference,0.0,0.0,0.0,0.0,30
colour_logit,binary_healthy_other,selected_probe,Potato___Late_blight,policy_BA_difference,0.006533333333333333,0.01672440573313255,-0.016,0.04039999999999998,30
colour_logit,binary_healthy_other,selected_probe,Potato___Late_blight,policy_label_disagreement,0.021733333333333337,0.013561948118969089,0.004,0.0491,30
colour_logit,binary_healthy_other,selected_probe,Potato___Late_blight,exposure_gain,0.0148,0.01846973292938365,0.0,0.061099999999999995,30
colour_logit,binary_healthy_other,selected_probe,Potato___Late_blight,exposure_loss,0.007866666666666666,0.008565098921800605,0.0,0.025099999999999997,30
colour_logit,binary_healthy_other,selected_probe,Potato___Late_blight,exposure_wrong_to_wrong,0.0,0.0,0.0,0.0,30
colour_logit,binary_healthy_other,selected_probe,Potato___Late_blight,exposure_turnover,0.022666666666666672,0.019577138907820316,0.0,0.06839999999999997,30
colour_logit,binary_healthy_other,selected_probe,Potato___Late_blight,exposure_label_churn,0.022666666666666672,0.019577138907820316,0.0,0.06839999999999997,30
colour_logit,binary_healthy_other,selected_probe,Potato___Late_blight,exposure_BA_delta,0.006933333333333334,0.021112070960232324,-0.024,0.05239999999999998,30
colour_logit,binary_healthy_other,selected_probe,Potato___Late_blight,sham_gain,0.010666666666666668,0.01257620449659713,0.0,0.0411,30
colour_logit,binary_healthy_other,selected_probe,Potato___Late_blight,sham_loss,0.010266666666666669,0.014954951511544386,0.0,0.04189999999999995,30
colour_logit,binary_healthy_other,selected_probe,Potato___Late_blight,sham_wrong_to_wrong,0.0,0.0,0.0,0.0,30
colour_logit,binary_healthy_other,selected_probe,Potato___Late_blight,sham_turnover,0.02093333333333334,0.016829639972655252,0.0,0.05639999999999998,30
colour_logit,binary_healthy_other,selected_probe,Potato___Late_blight,sham_label_churn,0.02093333333333334,0.016829639972655252,0.0,0.05639999999999998,30
colour_logit,binary_healthy_other,selected_probe,Potato___Late_blight,sham_BA_delta,0.00040000000000000034,0.021917714454216065,-0.04189999999999999,0.04,30
colour_logit,binary_healthy_other,selected_probe,Potato___Late_blight,turnover_difference,0.001733333333333333,0.017025201063845554,-0.0317,0.03309999999999999,30
colour_logit,binary_healthy_other,selected_probe,Potato___Late_blight,churn_difference,0.001733333333333333,0.017025201063845554,-0.0317,0.03309999999999999,30
colour_logit,binary_healthy_other,selected_probe,all_classes,policy_BA_difference,0.0383,0.03751680083412745,-0.0018249999999999998,0.10632499999999998,30
colour_logit,binary_healthy_other,selected_probe,all_classes,policy_label_disagreement,0.0446,0.03979763465506375,0.0017250000000000002,0.11287499999999998,30
colour_logit,binary_healthy_other,selected_probe,all_classes,exposure_gain,0.038283333333333336,0.036021708812147245,0.0007250000000000002,0.125,30
colour_logit,binary_healthy_other,selected_probe,all_classes,exposure_loss,0.004050000000000001,0.006599830196352756,0.0,0.02555,30
colour_logit,binary_healthy_other,selected_probe,all_classes,exposure_wrong_to_wrong,0.0,0.0,0.0,0.0,30
colour_logit,binary_healthy_other,selected_probe,all_classes,exposure_turnover,0.042333333333333334,0.03696208060024288,0.0007250000000000002,0.1281,30
colour_logit,binary_healthy_other,selected_probe,all_classes,exposure_label_churn,0.042333333333333334,0.03696208060024288,0.0007250000000000002,0.1281,30
colour_logit,binary_healthy_other,selected_probe,all_classes,exposure_BA_delta,0.03423333333333334,0.03627736382976003,-0.0105875,0.12009999999999998,30
colour_logit,binary_healthy_other,selected_probe,all_classes,sham_gain,0.015583333333333334,0.02148258449958033,0.0,0.06359999999999999,30
colour_logit,binary_healthy_other,selected_probe,all_classes,sham_loss,0.01965,0.02925103888517584,0.0,0.08531249999999994,30
colour_logit,binary_healthy_other,selected_probe,all_classes,sham_wrong_to_wrong,0.0,0.0,0.0,0.0,30
colour_logit,binary_healthy_other,selected_probe,all_classes,sham_turnover,0.03523333333333333,0.03613593429159452,0.0007250000000000002,0.120875,30
colour_logit,binary_healthy_other,selected_probe,all_classes,sham_label_churn,0.03523333333333333,0.03613593429159452,0.0007250000000000002,0.120875,30
colour_logit,binary_healthy_other,selected_probe,all_classes,sham_BA_delta,-0.0040666666666666655,0.0364478213088371,-0.08338749999999999,0.05887499999999999,30
colour_logit,binary_healthy_other,selected_probe,all_classes,turnover_difference,0.0071,0.044462770168248435,-0.07607499999999999,0.101275,30
colour_logit,binary_healthy_other,selected_probe,all_classes,churn_difference,0.0071,0.044462770168248435,-0.07607499999999999,0.101275,30
colour_logit,binary_healthy_other,selected_probe,healthy,policy_BA_difference,0.07333333333333333,0.07985259408190316,-0.006874999999999998,0.21374999999999994,30
colour_logit,binary_healthy_other,selected_probe,healthy,policy_label_disagreement,0.07833333333333334,0.08033693414927998,0.0,0.21374999999999994,30
colour_logit,binary_healthy_other,selected_probe,healthy,exposure_gain,0.06916666666666667,0.07505266350270705,0.0,0.25,30
colour_logit,binary_healthy_other,selected_probe,healthy,exposure_loss,0.004166666666666667,0.013266715762630811,0.0,0.05,30
colour_logit,binary_healthy_other,selected_probe,healthy,exposure_wrong_to_wrong,0.0,0.0,0.0,0.0,30
colour_logit,binary_healthy_other,selected_probe,healthy,exposure_turnover,0.07333333333333335,0.07512441787408099,0.0,0.25,30
colour_logit,binary_healthy_other,selected_probe,healthy,exposure_label_churn,0.07333333333333335,0.07512441787408099,0.0,0.25,30
colour_logit,binary_healthy_other,selected_probe,healthy,exposure_BA_delta,0.065,0.07729254770697161,-0.031875,0.25,30
colour_logit,binary_healthy_other,selected_probe,healthy,sham_gain,0.025833333333333333,0.042285632461199846,0.0,0.125,30
colour_logit,binary_healthy_other,selected_probe,healthy,sham_loss,0.034166666666666665,0.05998682805608149,0.0,0.1706249999999999,30
colour_logit,binary_healthy_other,selected_probe,healthy,sham_wrong_to_wrong,0.0,0.0,0.0,0.0,30
colour_logit,binary_healthy_other,selected_probe,healthy,sham_turnover,0.060000000000000005,0.0693566494835658,0.0,0.225,30
colour_logit,binary_healthy_other,selected_probe,healthy,sham_label_churn,0.060000000000000005,0.0693566494835658,0.0,0.225,30
colour_logit,binary_healthy_other,selected_probe,healthy,sham_BA_delta,-0.008333333333333333,0.07721815640224079,-0.170625,0.125,30
colour_logit,binary_healthy_other,selected_probe,healthy,turnover_difference,0.013333333333333334,0.08874929172454954,-0.16375,0.2,30
colour_logit,binary_healthy_other,selected_probe,healthy,churn_difference,0.013333333333333334,0.08874929172454954,-0.16375,0.2,30
colour_logit,binary_healthy_other,sentinel,Potato___Early_blight,policy_BA_difference,0.0,0.0,0.0,0.0,30
colour_logit,binary_healthy_other,sentinel,Potato___Early_blight,policy_label_disagreement,0.0,0.0,0.0,0.0,30
colour_logit,binary_healthy_other,sentinel,Potato___Early_blight,exposure_gain,0.0,0.0,0.0,0.0,30
colour_logit,binary_healthy_other,sentinel,Potato___Early_blight,exposure_loss,0.0,0.0,0.0,0.0,30
colour_logit,binary_healthy_other,sentinel,Potato___Early_blight,exposure_wrong_to_wrong,0.0,0.0,0.0,0.0,30
colour_logit,binary_healthy_other,sentinel,Potato___Early_blight,exposure_turnover,0.0,0.0,0.0,0.0,30
colour_logit,binary_healthy_other,sentinel,Potato___Early_blight,exposure_label_churn,0.0,0.0,0.0,0.0,30
colour_logit,binary_healthy_other,sentinel,Potato___Early_blight,exposure_BA_delta,0.0,0.0,0.0,0.0,30
colour_logit,binary_healthy_other,sentinel,Potato___Early_blight,sham_gain,0.0,0.0,0.0,0.0,30
colour_logit,binary_healthy_other,sentinel,Potato___Early_blight,sham_loss,0.0,0.0,0.0,0.0,30
colour_logit,binary_healthy_other,sentinel,Potato___Early_blight,sham_wrong_to_wrong,0.0,0.0,0.0,0.0,30
colour_logit,binary_healthy_other,sentinel,Potato___Early_blight,sham_turnover,0.0,0.0,0.0,0.0,30
colour_logit,binary_healthy_other,sentinel,Potato___Early_blight,sham_label_churn,0.0,0.0,0.0,0.0,30
colour_logit,binary_healthy_other,sentinel,Potato___Early_blight,sham_BA_delta,0.0,0.0,0.0,0.0,30
colour_logit,binary_healthy_other,sentinel,Potato___Early_blight,turnover_difference,0.0,0.0,0.0,0.0,30
colour_logit,binary_healthy_other,sentinel,Potato___Early_blight,churn_difference,0.0,0.0,0.0,0.0,30
colour_logit,binary_healthy_other,sentinel,Potato___Late_blight,policy_BA_difference,0.002,0.016094548230957607,-0.0233,0.036,30
colour_logit,binary_healthy_other,sentinel,Potato___Late_blight,policy_label_disagreement,0.020133333333333336,0.019833328503814734,0.0,0.06219999999999999,30
colour_logit,binary_healthy_other,sentinel,Potato___Late_blight,exposure_gain,0.010800000000000002,0.01651415275996048,0.0,0.04549999999999997,30
colour_logit,binary_healthy_other,sentinel,Potato___Late_blight,exposure_loss,0.009733333333333335,0.01469443557206636,0.0,0.04729999999999998,30
colour_logit,binary_healthy_other,sentinel,Potato___Late_blight,exposure_wrong_to_wrong,0.0,0.0,0.0,0.0,30
colour_logit,binary_healthy_other,sentinel,Potato___Late_blight,exposure_turnover,0.020533333333333337,0.01978458705804777,0.0,0.06259999999999998,30
colour_logit,binary_healthy_other,sentinel,Potato___Late_blight,exposure_label_churn,0.020533333333333337,0.01978458705804777,0.0,0.06259999999999998,30
colour_logit,binary_healthy_other,sentinel,Potato___Late_blight,exposure_BA_delta,0.0010666666666666667,0.024204492790892516,-0.0473,0.04,30
colour_logit,binary_healthy_other,sentinel,Potato___Late_blight,sham_gain,0.011199999999999998,0.015488371611386841,0.0,0.044,30
colour_logit,binary_healthy_other,sentinel,Potato___Late_blight,sham_loss,0.012133333333333335,0.01805687056808692,0.0,0.05459999999999997,30
colour_logit,binary_healthy_other,sentinel,Potato___Late_blight,sham_wrong_to_wrong,0.0,0.0,0.0,0.0,30
colour_logit,binary_healthy_other,sentinel,Potato___Late_blight,sham_turnover,0.023333333333333334,0.019228809802917645,0.0,0.06619999999999998,30
colour_logit,binary_healthy_other,sentinel,Potato___Late_blight,sham_label_churn,0.023333333333333334,0.019228809802917645,0.0,0.06619999999999998,30
colour_logit,binary_healthy_other,sentinel,Potato___Late_blight,sham_BA_delta,-0.0009333333333333334,0.02760676245656729,-0.054599999999999996,0.044,30
colour_logit,binary_healthy_other,sentinel,Potato___Late_blight,turnover_difference,-0.0027999999999999995,0.014138233806682284,-0.0302,0.02619999999999999,30
colour_logit,binary_healthy_other,sentinel,Potato___Late_blight,churn_difference,-0.0027999999999999995,0.014138233806682284,-0.0302,0.02619999999999999,30
colour_logit,binary_healthy_other,sentinel,all_classes,policy_BA_difference,-0.0015833333333333333,0.021711701649243135,-0.036837499999999995,0.025987499999999955,30
colour_logit,binary_healthy_other,sentinel,all_classes,policy_label_disagreement,0.012950000000000001,0.027298272649659953,0.0,0.10134999999999995,30
colour_logit,binary_healthy_other,sentinel,all_classes,exposure_gain,0.005616666666666667,0.010103501725958024,0.0,0.0375,30
colour_logit,binary_healthy_other,sentinel,all_classes,exposure_loss,0.005766666666666667,0.013337614255292755,0.0,0.043287499999999965,30
colour_logit,binary_healthy_other,sentinel,all_classes,exposure_wrong_to_wrong,0.0,0.0,0.0,0.0,30
colour_logit,binary_healthy_other,sentinel,all_classes,exposure_turnover,0.011383333333333334,0.020473988263215812,0.0,0.07638749999999998,30
colour_logit,binary_healthy_other,sentinel,all_classes,exposure_label_churn,0.011383333333333334,0.020473988263215812,0.0,0.07638749999999998,30
colour_logit,binary_healthy_other,sentinel,all_classes,exposure_BA_delta,-0.00015000000000000023,0.011864282822680506,-0.0304875,0.01618749999999997,30
colour_logit,binary_healthy_other,sentinel,all_classes,sham_gain,0.008216666666666669,0.02534305432063883,0.0,0.06246249999999986,30
colour_logit,binary_healthy_other,sentinel,all_classes,sham_loss,0.006783333333333334,0.014360316088475197,0.0,0.05307499999999998,30
colour_logit,binary_healthy_other,sentinel,all_classes,sham_wrong_to_wrong,0.0,0.0,0.0,0.0,30
colour_logit,binary_healthy_other,sentinel,all_classes,sham_turnover,0.015000000000000001,0.03053601604437077,0.0,0.10887499999999994,30
colour_logit,binary_healthy_other,sentinel,all_classes,sham_label_churn,0.015000000000000001,0.03053601604437077,0.0,0.10887499999999994,30
colour_logit,binary_healthy_other,sentinel,all_classes,sham_BA_delta,0.0014333333333333331,0.02765013354502056,-0.034275,0.044687499999999825,30
colour_logit,binary_healthy_other,sentinel,all_classes,turnover_difference,-0.003616666666666666,0.019144047122536166,-0.03628749999999999,0.012762499999999979,30
colour_logit,binary_healthy_other,sentinel,all_classes,churn_difference,-0.003616666666666666,0.019144047122536166,-0.03628749999999999,0.012762499999999979,30
colour_logit,binary_healthy_other,sentinel,healthy,policy_BA_difference,-0.004166666666666667,0.04208127057650866,-0.073125,0.0456249999999999,30
colour_logit,binary_healthy_other,sentinel,healthy,policy_label_disagreement,0.015833333333333335,0.052310138354936926,0.0,0.17749999999999985,30
colour_logit,binary_healthy_other,sentinel,healthy,exposure_gain,0.005833333333333333,0.01934635906819167,0.0,0.075,30
colour_logit,binary_healthy_other,sentinel,healthy,exposure_loss,0.006666666666666666,0.024506625892678047,0.0,0.0706249999999999,30
colour_logit,binary_healthy_other,sentinel,healthy,exposure_wrong_to_wrong,0.0,0.0,0.0,0.0,30
colour_logit,binary_healthy_other,sentinel,healthy,exposure_turnover,0.0125,0.036993708691595385,0.0,0.13187499999999996,30
colour_logit,binary_healthy_other,sentinel,healthy,exposure_label_churn,0.0125,0.036993708691595385,0.0,0.13187499999999996,30
colour_logit,binary_healthy_other,sentinel,healthy,exposure_BA_delta,-0.0008333333333333336,0.024107636983320045,-0.045625,0.03874999999999993,30
colour_logit,binary_healthy_other,sentinel,healthy,sham_gain,0.010833333333333334,0.05072038516478723,0.0,0.1118749999999997,30
colour_logit,binary_healthy_other,sentinel,healthy,sham_loss,0.007499999999999999,0.02638409918218116,0.0,0.08874999999999993,30
colour_logit,binary_healthy_other,sentinel,healthy,sham_wrong_to_wrong,0.0,0.0,0.0,0.0,30
colour_logit,binary_healthy_other,sentinel,healthy,sham_turnover,0.018333333333333333,0.05942734383600111,0.0,0.20249999999999985,30
colour_logit,binary_healthy_other,sentinel,healthy,sham_label_churn,0.018333333333333333,0.05942734383600111,0.0,0.20249999999999985,30
colour_logit,binary_healthy_other,sentinel,healthy,sham_BA_delta,0.003333333333333333,0.0548246944946963,-0.075,0.07562499999999961,30
colour_logit,binary_healthy_other,sentinel,healthy,turnover_difference,-0.005833333333333334,0.038664858261318075,-0.073125,0.031874999999999966,30
colour_logit,binary_healthy_other,sentinel,healthy,churn_difference,-0.005833333333333334,0.038664858261318075,-0.073125,0.031874999999999966,30
colour_logit,binary_healthy_other,unselected_paired_probe,Potato___Early_blight,policy_BA_difference,0.0,0.0,0.0,0.0,30
colour_logit,binary_healthy_other,unselected_paired_probe,Potato___Early_blight,policy_label_disagreement,0.0,0.0,0.0,0.0,30
colour_logit,binary_healthy_other,unselected_paired_probe,Potato___Early_blight,exposure_gain,0.0,0.0,0.0,0.0,30
colour_logit,binary_healthy_other,unselected_paired_probe,Potato___Early_blight,exposure_loss,0.0,0.0,0.0,0.0,30
colour_logit,binary_healthy_other,unselected_paired_probe,Potato___Early_blight,exposure_wrong_to_wrong,0.0,0.0,0.0,0.0,30
colour_logit,binary_healthy_other,unselected_paired_probe,Potato___Early_blight,exposure_turnover,0.0,0.0,0.0,0.0,30
colour_logit,binary_healthy_other,unselected_paired_probe,Potato___Early_blight,exposure_label_churn,0.0,0.0,0.0,0.0,30
colour_logit,binary_healthy_other,unselected_paired_probe,Potato___Early_blight,exposure_BA_delta,0.0,0.0,0.0,0.0,30
colour_logit,binary_healthy_other,unselected_paired_probe,Potato___Early_blight,sham_gain,0.0,0.0,0.0,0.0,30
colour_logit,binary_healthy_other,unselected_paired_probe,Potato___Early_blight,sham_loss,0.0,0.0,0.0,0.0,30
colour_logit,binary_healthy_other,unselected_paired_probe,Potato___Early_blight,sham_wrong_to_wrong,0.0,0.0,0.0,0.0,30
colour_logit,binary_healthy_other,unselected_paired_probe,Potato___Early_blight,sham_turnover,0.0,0.0,0.0,0.0,30
colour_logit,binary_healthy_other,unselected_paired_probe,Potato___Early_blight,sham_label_churn,0.0,0.0,0.0,0.0,30
colour_logit,binary_healthy_other,unselected_paired_probe,Potato___Early_blight,sham_BA_delta,0.0,0.0,0.0,0.0,30
colour_logit,binary_healthy_other,unselected_paired_probe,Potato___Early_blight,turnover_difference,0.0,0.0,0.0,0.0,30
colour_logit,binary_healthy_other,unselected_paired_probe,Potato___Early_blight,churn_difference,0.0,0.0,0.0,0.0,30
colour_logit,binary_healthy_other,unselected_paired_probe,Potato___Late_blight,policy_BA_difference,-0.0025333333333333336,0.01442156750132947,-0.0262,0.028000000000000004,30
colour_logit,binary_healthy_other,unselected_paired_probe,Potato___Late_blight,policy_label_disagreement,0.01826666666666667,0.011587547815125342,0.0,0.038199999999999984,30
colour_logit,binary_healthy_other,unselected_paired_probe,Potato___Late_blight,exposure_gain,0.010533333333333336,0.014910614902867327,0.0,0.048,30
colour_logit,binary_healthy_other,unselected_paired_probe,Potato___Late_blight,exposure_loss,0.008933333333333333,0.00895557361929289,0.0,0.028000000000000004,30
colour_logit,binary_healthy_other,unselected_paired_probe,Potato___Late_blight,exposure_wrong_to_wrong,0.0,0.0,0.0,0.0,30
colour_logit,binary_healthy_other,unselected_paired_probe,Potato___Late_blight,exposure_turnover,0.01946666666666667,0.016896711235465694,0.0,0.05419999999999999,30
colour_logit,binary_healthy_other,unselected_paired_probe,Potato___Late_blight,exposure_label_churn,0.01946666666666667,0.016896711235465694,0.0,0.05419999999999999,30
colour_logit,binary_healthy_other,unselected_paired_probe,Potato___Late_blight,exposure_BA_delta,0.0016,0.017876202636176824,-0.0222,0.03929999999999998,30
colour_logit,binary_healthy_other,unselected_paired_probe,Potato___Late_blight,sham_gain,0.011866666666666666,0.012361601651982596,0.0,0.037099999999999994,30
colour_logit,binary_healthy_other,unselected_paired_probe,Potato___Late_blight,sham_loss,0.007733333333333334,0.011788168625373066,0.0,0.03569999999999997,30
colour_logit,binary_healthy_other,unselected_paired_probe,Potato___Late_blight,sham_wrong_to_wrong,0.0,0.0,0.0,0.0,30
colour_logit,binary_healthy_other,unselected_paired_probe,Potato___Late_blight,sham_turnover,0.019600000000000003,0.015198911031772115,0.0,0.04729999999999998,30
colour_logit,binary_healthy_other,unselected_paired_probe,Potato___Late_blight,sham_label_churn,0.019600000000000003,0.015198911031772115,0.0,0.04729999999999998,30
colour_logit,binary_healthy_other,unselected_paired_probe,Potato___Late_blight,sham_BA_delta,0.0041333333333333335,0.01877587104060244,-0.0241,0.037099999999999994,30
colour_logit,binary_healthy_other,unselected_paired_probe,Potato___Late_blight,turnover_difference,-0.0001333333333333337,0.012626554758027674,-0.0222,0.019999999999999997,30
colour_logit,binary_healthy_other,unselected_paired_probe,Potato___Late_blight,churn_difference,-0.0001333333333333337,0.012626554758027674,-0.0222,0.019999999999999997,30
colour_logit,binary_healthy_other,unselected_paired_probe,all_classes,policy_BA_difference,0.0006166666666666671,0.03086893409164014,-0.0432875,0.07676249999999991,30
colour_logit,binary_healthy_other,unselected_paired_probe,all_classes,policy_label_disagreement,0.02581666666666667,0.03055816481370583,0.0,0.10581249999999995,30
colour_logit,binary_healthy_other,unselected_paired_probe,all_classes,exposure_gain,0.015550000000000001,0.026998195980600194,0.0,0.08268749999999991,30
colour_logit,binary_healthy_other,unselected_paired_probe,all_classes,exposure_loss,0.015983333333333332,0.023193148264881627,0.0,0.06593749999999998,30
colour_logit,binary_healthy_other,unselected_paired_probe,all_classes,exposure_wrong_to_wrong,0.0,0.0,0.0,0.0,30
colour_logit,binary_healthy_other,unselected_paired_probe,all_classes,exposure_turnover,0.03153333333333334,0.03601243399575834,0.0,0.11297499999999996,30
colour_logit,binary_healthy_other,unselected_paired_probe,all_classes,exposure_label_churn,0.03153333333333334,0.03601243399575834,0.0,0.11297499999999996,30
colour_logit,binary_healthy_other,unselected_paired_probe,all_classes,exposure_BA_delta,-0.0004333333333333332,0.03516751374476885,-0.0659375,0.0683499999999999,30
colour_logit,binary_healthy_other,unselected_paired_probe,all_classes,sham_gain,0.015466666666666665,0.022226860627028132,0.0,0.06569999999999998,30
colour_logit,binary_healthy_other,unselected_paired_probe,all_classes,sham_loss,0.016516666666666666,0.025704716906909668,0.0,0.07843749999999998,30
colour_logit,binary_healthy_other,unselected_paired_probe,all_classes,sham_wrong_to_wrong,0.0,0.0,0.0,0.0,30
colour_logit,binary_healthy_other,unselected_paired_probe,all_classes,sham_turnover,0.031983333333333336,0.037465957728393215,0.0014500000000000003,0.12203749999999998,30
colour_logit,binary_healthy_other,unselected_paired_probe,all_classes,sham_label_churn,0.031983333333333336,0.037465957728393215,0.0014500000000000003,0.12203749999999998,30
colour_logit,binary_healthy_other,unselected_paired_probe,all_classes,sham_BA_delta,-0.0010499999999999995,0.030097069968514464,-0.07771249999999999,0.05288749999999999,30
colour_logit,binary_healthy_other,unselected_paired_probe,all_classes,turnover_difference,-0.0004499999999999991,0.03363812235934207,-0.059875,0.061212499999999864,30
colour_logit,binary_healthy_other,unselected_paired_probe,all_classes,churn_difference,-0.0004499999999999991,0.03363812235934207,-0.059875,0.061212499999999864,30
colour_logit,binary_healthy_other,unselected_paired_probe,healthy,policy_BA_difference,0.002500000000000001,0.06377154808241357,-0.081875,0.15937499999999982,30
colour_logit,binary_healthy_other,unselected_paired_probe,healthy,policy_label_disagreement,0.0425,0.05986695018236631,0.0,0.19562499999999988,30
colour_logit,binary_healthy_other,unselected_paired_probe,healthy,exposure_gain,0.02583333333333333,0.053531868261253786,0.0,0.15937499999999982,30
colour_logit,binary_healthy_other,unselected_paired_probe,healthy,exposure_loss,0.027499999999999993,0.04704638210283037,0.0,0.13187499999999996,30
colour_logit,binary_healthy_other,unselected_paired_probe,healthy,exposure_wrong_to_wrong,0.0,0.0,0.0,0.0,30
colour_logit,binary_healthy_other,unselected_paired_probe,healthy,exposure_turnover,0.05333333333333334,0.07093383674525366,0.0,0.21374999999999994,30
colour_logit,binary_healthy_other,unselected_paired_probe,healthy,exposure_label_churn,0.05333333333333334,0.07093383674525366,0.0,0.21374999999999994,30
colour_logit,binary_healthy_other,unselected_paired_probe,healthy,exposure_BA_delta,-0.001666666666666666,0.07159913953120663,-0.131875,0.1412499999999998,30
colour_logit,binary_healthy_other,unselected_paired_probe,healthy,sham_gain,0.025,0.044528177828086074,0.0,0.125,30
colour_logit,binary_healthy_other,unselected_paired_probe,healthy,sham_loss,0.029166666666666667,0.05173012417466669,0.0,0.15687499999999996,30
colour_logit,binary_healthy_other,unselected_paired_probe,healthy,sham_wrong_to_wrong,0.0,0.0,0.0,0.0,30
colour_logit,binary_healthy_other,unselected_paired_probe,healthy,sham_turnover,0.05416666666666667,0.07488017247499539,0.0,0.23187499999999997,30
colour_logit,binary_healthy_other,unselected_paired_probe,healthy,sham_label_churn,0.05416666666666667,0.07488017247499539,0.0,0.23187499999999997,30
colour_logit,binary_healthy_other,unselected_paired_probe,healthy,sham_BA_delta,-0.004166666666666666,0.06091377927650792,-0.156875,0.10687499999999997,30
colour_logit,binary_healthy_other,unselected_paired_probe,healthy,turnover_difference,-0.0008333333333333327,0.0671088068290816,-0.125,0.12312499999999975,30
colour_logit,binary_healthy_other,unselected_paired_probe,healthy,churn_difference,-0.0008333333333333327,0.0671088068290816,-0.125,0.12312499999999975,30
colour_logit,multiclass,all_paired_probe,Potato___Early_blight,policy_BA_difference,0.0014,0.0076320558083696555,-0.01165,0.021099999999999994,30
colour_logit,multiclass,all_paired_probe,Potato___Early_blight,policy_label_disagreement,0.00946666666666667,0.009950682989324047,0.0,0.029649999999999992,30
colour_logit,multiclass,all_paired_probe,Potato___Early_blight,exposure_gain,0.004533333333333334,0.0073142908456468045,0.0,0.024,30
colour_logit,multiclass,all_paired_probe,Potato___Early_blight,exposure_loss,0.003666666666666667,0.006369828305667129,0.0,0.019299999999999984,30
colour_logit,multiclass,all_paired_probe,Potato___Early_blight,exposure_wrong_to_wrong,0.0003333333333333333,0.0018257418583505541,0.0,0.002749999999999986,30
colour_logit,multiclass,all_paired_probe,Potato___Early_blight,exposure_turnover,0.0082,0.010011717273206466,0.0,0.029649999999999996,30
colour_logit,multiclass,all_paired_probe,Potato___Early_blight,exposure_label_churn,0.008533333333333334,0.010237636221428209,0.0,0.029649999999999996,30
colour_logit,multiclass,all_paired_probe,Potato___Early_blight,exposure_BA_delta,0.0008666666666666667,0.009376174255961807,-0.016399999999999998,0.016749999999999987,30
colour_logit,multiclass,all_paired_probe,Potato___Early_blight,sham_gain,0.004,0.006967906725691083,0.0,0.021649999999999992,30
colour_logit,multiclass,all_paired_probe,Potato___Early_blight,sham_loss,0.004533333333333334,0.006826587643220786,0.0,0.01984999999999998,30
colour_logit,multiclass,all_paired_probe,Potato___Early_blight,sham_wrong_to_wrong,0.00013333333333333334,0.0007302967433402214,0.0,0.0010999999999999944,30
colour_logit,multiclass,all_paired_probe,Potato___Early_blight,sham_turnover,0.008533333333333335,0.009201698993545492,0.0,0.029649999999999996,30
colour_logit,multiclass,all_paired_probe,Potato___Early_blight,sham_label_churn,0.008666666666666668,0.009371024061116427,0.0,0.029649999999999996,30
colour_logit,multiclass,all_paired_probe,Potato___Early_blight,sham_BA_delta,-0.0005333333333333334,0.010277975559865642,-0.01875,0.021099999999999994,30
colour_logit,multiclass,all_paired_probe,Potato___Early_blight,turnover_difference,-0.00033333333333333327,0.007791831856384025,-0.01055,0.01819999999999999,30
colour_logit,multiclass,all_paired_probe,Potato___Early_blight,churn_difference,-0.00013333333333333334,0.0076642174998532925,-0.01055,0.01819999999999999,30
colour_logit,multiclass,all_paired_probe,Potato___Late_blight,policy_BA_difference,0.006266666666666667,0.015238185549814477,-0.01385,0.04255,30
colour_logit,multiclass,all_paired_probe,Potato___Late_blight,policy_label_disagreement,0.027133333333333336,0.018032027700414222,0.00545,0.06309999999999999,30
colour_logit,multiclass,all_paired_probe,Potato___Late_blight,exposure_gain,0.0172,0.017345177209062843,0.0,0.06004999999999997,30
colour_logit,multiclass,all_paired_probe,Potato___Late_blight,exposure_loss,0.009133333333333334,0.007802445829324305,0.0,0.02455,30
colour_logit,multiclass,all_paired_probe,Potato___Late_blight,exposure_wrong_to_wrong,0.002,0.004425630677830192,0.0,0.013649999999999992,30
colour_logit,multiclass,all_paired_probe,Potato___Late_blight,exposure_turnover,0.02633333333333334,0.020172246781900247,0.0014500000000000003,0.06679999999999996,30
colour_logit,multiclass,all_paired_probe,Potato___Late_blight,exposure_label_churn,0.02833333333333334,0.02121862118653027,0.0014500000000000003,0.07114999999999996,30
colour_logit,multiclass,all_paired_probe,Potato___Late_blight,exposure_BA_delta,0.008066666666666666,0.017791771312513593,-0.0151,0.053299999999999986,30
colour_logit,multiclass,all_paired_probe,Potato___Late_blight,sham_gain,0.01306666666666667,0.01340852362294695,0.0,0.041999999999999996,30
colour_logit,multiclass,all_paired_probe,Potato___Late_blight,sham_loss,0.011266666666666668,0.013177654370662623,0.0,0.04729999999999998,30
colour_logit,multiclass,all_paired_probe,Potato___Late_blight,sham_wrong_to_wrong,0.0015333333333333336,0.0037391990045198592,0.0,0.011099999999999995,30
colour_logit,multiclass,all_paired_probe,Potato___Late_blight,sham_turnover,0.024333333333333335,0.01979957041215155,0.0,0.06455,30
colour_logit,multiclass,all_paired_probe,Potato___Late_blight,sham_label_churn,0.02586666666666667,0.021411781051937084,0.0,0.06855,30
colour_logit,multiclass,all_paired_probe,Potato___Late_blight,sham_BA_delta,0.0017999999999999995,0.017744158825196338,-0.0373,0.028749999999999987,30
colour_logit,multiclass,all_paired_probe,Potato___Late_blight,turnover_difference,0.002,0.016856391400133147,-0.0262,0.03164999999999999,30
colour_logit,multiclass,all_paired_probe,Potato___Late_blight,churn_difference,0.0024666666666666665,0.016581529677227657,-0.0262,0.03164999999999999,30
colour_logit,multiclass,all_paired_probe,all_classes,policy_BA_difference,0.014500000000000004,0.01999980842820128,-0.010629166666666665,0.05928333333333333,30
colour_logit,multiclass,all_paired_probe,all_classes,policy_label_disagreement,0.03372777777777778,0.021648466420042763,0.005266666666666667,0.07509583333333332,30
colour_logit,multiclass,all_paired_probe,all_classes,exposure_gain,0.020716666666666664,0.018643517563121954,0.0,0.055041666666666655,30
colour_logit,multiclass,all_paired_probe,all_classes,exposure_loss,0.011072222222222223,0.010208805016860988,0.0009666666666666669,0.03617499999999999,30
colour_logit,multiclass,all_paired_probe,all_classes,exposure_wrong_to_wrong,0.0009166666666666666,0.0016578791326242103,0.0,0.004670833333333331,30
colour_logit,multiclass,all_paired_probe,all_classes,exposure_turnover,0.031788888888888894,0.023663021142789162,0.0043,0.08916249999999998,30
colour_logit,multiclass,all_paired_probe,all_classes,exposure_label_churn,0.03270555555555556,0.02370454647587832,0.0043,0.08916249999999998,30
colour_logit,multiclass,all_paired_probe,all_classes,exposure_BA_delta,0.009644444444444445,0.018538131631676343,-0.022808333333333333,0.046770833333333324,30
colour_logit,multiclass,all_paired_probe,all_classes,sham_gain,0.013466666666666665,0.013813508852566148,0.0,0.04471249999999999,30
colour_logit,multiclass,all_paired_probe,all_classes,sham_loss,0.018322222222222222,0.017460515573339906,0.0006666666666666668,0.05356249999999999,30
colour_logit,multiclass,all_paired_probe,all_classes,sham_wrong_to_wrong,0.00125,0.0039032234443732495,0.0,0.009112499999999978,30
colour_logit,multiclass,all_paired_probe,all_classes,sham_turnover,0.03178888888888889,0.02301818926494951,0.0011500000000000002,0.07310833333333332,30
colour_logit,multiclass,all_paired_probe,all_classes,sham_label_churn,0.03303888888888889,0.024505362746153378,0.0011500000000000002,0.08178333333333332,30
colour_logit,multiclass,all_paired_probe,all_classes,sham_BA_delta,-0.004855555555555556,0.021483207972193087,-0.04582083333333333,0.043079166666666655,30
colour_logit,multiclass,all_paired_probe,all_classes,turnover_difference,-5.782411586589357e-20,0.01775207073345728,-0.032433333333333335,0.030895833333333317,30
colour_logit,multiclass,all_paired_probe,all_classes,churn_difference,-0.0003333333333333336,0.018791505784666974,-0.041737500000000004,0.030895833333333317,30
colour_logit,multiclass,all_paired_probe,healthy,policy_BA_difference,0.03583333333333334,0.05869754934280114,-0.0409375,0.15,30
colour_logit,multiclass,all_paired_probe,healthy,policy_label_disagreement,0.06458333333333333,0.058912864254869184,0.0,0.15343749999999998,30
colour_logit,multiclass,all_paired_probe,healthy,exposure_gain,0.04041666666666667,0.04798564500386321,0.0,0.13187499999999996,30
colour_logit,multiclass,all_paired_probe,healthy,exposure_loss,0.02041666666666667,0.028520133038009255,0.0,0.0875,30
colour_logit,multiclass,all_paired_probe,healthy,exposure_wrong_to_wrong,0.0004166666666666667,0.0022821773229381925,0.0,0.0034374999999999822,30
colour_logit,multiclass,all_paired_probe,healthy,exposure_turnover,0.06083333333333332,0.061652297176394304,0.0,0.2034375,30
colour_logit,multiclass,all_paired_probe,healthy,exposure_label_churn,0.06124999999999999,0.06222785577603296,0.0,0.2034375,30
colour_logit,multiclass,all_paired_probe,healthy,exposure_BA_delta,0.020000000000000004,0.04930552182827619,-0.06937499999999999,0.09781249999999994,30
colour_logit,multiclass,all_paired_probe,healthy,sham_gain,0.023333333333333334,0.036218525773358066,0.0,0.11593749999999999,30
colour_logit,multiclass,all_paired_probe,healthy,sham_loss,0.03916666666666666,0.05441037130683016,0.0,0.15343749999999998,30
colour_logit,multiclass,all_paired_probe,healthy,sham_wrong_to_wrong,0.0020833333333333333,0.011410886614690958,0.0,0.01718749999999991,30
colour_logit,multiclass,all_paired_probe,healthy,sham_turnover,0.0625,0.06630649835527383,0.0,0.19093749999999998,30
colour_logit,multiclass,all_paired_probe,healthy,sham_label_churn,0.06458333333333334,0.07117269954778686,0.0,0.21374999999999994,30
colour_logit,multiclass,all_paired_probe,healthy,sham_BA_delta,-0.01583333333333333,0.06440487951814775,-0.1534375,0.11593749999999999,30
colour_logit,multiclass,all_paired_probe,healthy,turnover_difference,-0.0016666666666666663,0.04509727672283651,-0.10124999999999999,0.07843749999999998,30
colour_logit,multiclass,all_paired_probe,healthy,churn_difference,-0.0033333333333333335,0.04778874729281039,-0.11031250000000001,0.07843749999999998,30
colour_logit,multiclass,selected_probe,Potato___Early_blight,policy_BA_difference,0.0052,0.010459775167360153,-0.0091,0.03309999999999999,30
colour_logit,multiclass,selected_probe,Potato___Early_blight,policy_label_disagreement,0.01146666666666667,0.012982038874280625,0.0,0.04,30
colour_logit,multiclass,selected_probe,Potato___Early_blight,exposure_gain,0.007066666666666667,0.010592558654573253,0.0,0.032,30
colour_logit,multiclass,selected_probe,Potato___Early_blight,exposure_loss,0.0028,0.006227857327889886,0.0,0.019299999999999984,30
colour_logit,multiclass,selected_probe,Potato___Early_blight,exposure_wrong_to_wrong,0.0002666666666666667,0.0014605934866804427,0.0,0.002199999999999989,30
colour_logit,multiclass,selected_probe,Potato___Early_blight,exposure_turnover,0.009866666666666668,0.012549854603727992,0.0,0.03419999999999999,30
colour_logit,multiclass,selected_probe,Potato___Early_blight,exposure_label_churn,0.010133333333333334,0.01276777552880779,0.0,0.03419999999999999,30
colour_logit,multiclass,selected_probe,Potato___Early_blight,exposure_BA_delta,0.004266666666666667,0.012019906859852962,-0.016399999999999998,0.029099999999999997,30
colour_logit,multiclass,selected_probe,Potato___Early_blight,sham_gain,0.004,0.006888270890584151,0.0,0.02219999999999999,30
colour_logit,multiclass,selected_probe,Potato___Early_blight,sham_loss,0.004933333333333333,0.0072536950552131016,0.0,0.02219999999999999,30
colour_logit,multiclass,selected_probe,Potato___Early_blight,sham_wrong_to_wrong,0.00013333333333333334,0.0007302967433402214,0.0,0.0010999999999999944,30
colour_logit,multiclass,selected_probe,Potato___Early_blight,sham_turnover,0.008933333333333337,0.009609382388325354,0.0,0.03309999999999999,30
colour_logit,multiclass,selected_probe,Potato___Early_blight,sham_label_churn,0.009066666666666667,0.009794204244429927,0.0,0.03309999999999999,30
colour_logit,multiclass,selected_probe,Potato___Early_blight,sham_BA_delta,-0.0009333333333333332,0.010382124336913252,-0.02,0.021099999999999994,30
colour_logit,multiclass,selected_probe,Potato___Early_blight,turnover_difference,0.0009333333333333333,0.010167335572492834,-0.014199999999999999,0.023299999999999984,30
colour_logit,multiclass,selected_probe,Potato___Early_blight,churn_difference,0.0010666666666666667,0.01012655550702121,-0.014199999999999999,0.023299999999999984,30
colour_logit,multiclass,selected_probe,Potato___Late_blight,policy_BA_difference,0.010533333333333332,0.01594761539483597,-0.014199999999999999,0.039999999999999994,30
colour_logit,multiclass,selected_probe,Potato___Late_blight,policy_label_disagreement,0.025466666666666672,0.01847968751290759,0.0029000000000000007,0.06509999999999999,30
colour_logit,multiclass,selected_probe,Potato___Late_blight,exposure_gain,0.01933333333333333,0.019794344948848977,0.0,0.06659999999999996,30
colour_logit,multiclass,selected_probe,Potato___Late_blight,exposure_loss,0.006533333333333334,0.007463628281636003,0.0,0.02,30
colour_logit,multiclass,selected_probe,Potato___Late_blight,exposure_wrong_to_wrong,0.002266666666666667,0.005218887008663379,0.0,0.017099999999999994,30
colour_logit,multiclass,selected_probe,Potato___Late_blight,exposure_turnover,0.025866666666666673,0.02205281017878695,0.0,0.07099999999999994,30
colour_logit,multiclass,selected_probe,Potato___Late_blight,exposure_label_churn,0.028133333333333337,0.023169143173676035,0.0,0.07969999999999995,30
colour_logit,multiclass,selected_probe,Potato___Late_blight,exposure_BA_delta,0.012799999999999999,0.020216756450511797,-0.016,0.06219999999999999,30
colour_logit,multiclass,selected_probe,Potato___Late_blight,sham_gain,0.012400000000000003,0.013589042238712677,0.0,0.045099999999999994,30
colour_logit,multiclass,selected_probe,Potato___Late_blight,sham_loss,0.010133333333333334,0.012283247165124548,0.0,0.043299999999999984,30
colour_logit,multiclass,selected_probe,Potato___Late_blight,sham_wrong_to_wrong,0.0014666666666666667,0.004264798441559277,0.0,0.016,30
colour_logit,multiclass,selected_probe,Potato___Late_blight,sham_turnover,0.02253333333333334,0.019009495509882155,0.0,0.06509999999999999,30
colour_logit,multiclass,selected_probe,Potato___Late_blight,sham_label_churn,0.024000000000000004,0.019903214088043235,0.0,0.06509999999999999,30
colour_logit,multiclass,selected_probe,Potato___Late_blight,sham_BA_delta,0.0022666666666666664,0.017598850537176712,-0.0342,0.03309999999999999,30
colour_logit,multiclass,selected_probe,Potato___Late_blight,turnover_difference,0.003333333333333333,0.01687547359914389,-0.0262,0.035299999999999984,30
colour_logit,multiclass,selected_probe,Potato___Late_blight,churn_difference,0.004133333333333333,0.01698626896447049,-0.0262,0.035299999999999984,30
colour_logit,multiclass,selected_probe,all_classes,policy_BA_difference,0.026355555555555556,0.026406624812192546,-0.007316666666666664,0.07277499999999999,30
colour_logit,multiclass,selected_probe,all_classes,policy_label_disagreement,0.03675555555555556,0.027455423060441842,0.004966666666666667,0.08922499999999998,30
colour_logit,multiclass,selected_probe,all_classes,exposure_gain,0.026577777777777777,0.023761092724420167,0.0,0.06669999999999995,30
colour_logit,multiclass,selected_probe,all_classes,exposure_loss,0.004777777777777778,0.005130730294887475,0.0,0.017399999999999995,30
colour_logit,multiclass,selected_probe,all_classes,exposure_wrong_to_wrong,0.0008444444444444444,0.001767595360617389,0.0,0.0056999999999999985,30
colour_logit,multiclass,selected_probe,all_classes,exposure_turnover,0.03135555555555555,0.023699416119249837,0.005333333333333334,0.07399999999999994,30
colour_logit,multiclass,selected_probe,all_classes,exposure_label_churn,0.0322,0.023673966819712382,0.005333333333333334,0.07399999999999994,30
colour_logit,multiclass,selected_probe,all_classes,exposure_BA_delta,0.0218,0.024903122640371412,-0.011349999999999999,0.06133333333333331,30
colour_logit,multiclass,selected_probe,all_classes,sham_gain,0.013522222222222222,0.015843507519600168,0.0,0.04906666666666666,30
colour_logit,multiclass,selected_probe,all_classes,sham_loss,0.01807777777777778,0.020315270540006727,0.0,0.060624999999999984,30
colour_logit,multiclass,selected_probe,all_classes,sham_wrong_to_wrong,0.0005333333333333334,0.0014266215483251308,0.0,0.005333333333333334,30
colour_logit,multiclass,selected_probe,all_classes,sham_turnover,0.031599999999999996,0.02763894193183073,0.0019333333333333338,0.07996666666666663,30
colour_logit,multiclass,selected_probe,all_classes,sham_label_churn,0.03213333333333333,0.027658231645891207,0.0019333333333333338,0.07996666666666663,30
colour_logit,multiclass,selected_probe,all_classes,sham_BA_delta,-0.004555555555555554,0.023739056092512895,-0.051191666666666656,0.03709166666666665,30
colour_logit,multiclass,selected_probe,all_classes,turnover_difference,-0.00024444444444444486,0.026280236493237373,-0.054974999999999996,0.04062499999999997,30
colour_logit,multiclass,selected_probe,all_classes,churn_difference,6.666666666666621e-05,0.02620891603430952,-0.054974999999999996,0.04062499999999997,30
colour_logit,multiclass,selected_probe,healthy,policy_BA_difference,0.06333333333333332,0.07871087789404063,-0.03874999999999999,0.2,30
colour_logit,multiclass,selected_probe,healthy,policy_label_disagreement,0.07333333333333333,0.075124417874081,0.0,0.2,30
colour_logit,multiclass,selected_probe,healthy,exposure_gain,0.05333333333333334,0.06288102248298565,0.0,0.15249999999999986,30
colour_logit,multiclass,selected_probe,healthy,exposure_loss,0.005,0.013771534860493696,0.0,0.05,30
colour_logit,multiclass,selected_probe,healthy,exposure_wrong_to_wrong,0.0,0.0,0.0,0.0,30
colour_logit,multiclass,selected_probe,healthy,exposure_turnover,0.058333333333333334,0.05993291268567302,0.0,0.15249999999999986,30
colour_logit,multiclass,selected_probe,healthy,exposure_label_churn,0.058333333333333334,0.05993291268567302,0.0,0.15249999999999986,30
colour_logit,multiclass,selected_probe,healthy,exposure_BA_delta,0.04833333333333334,0.06852300561746089,-0.05,0.15249999999999986,30
colour_logit,multiclass,selected_probe,healthy,sham_gain,0.024166666666666666,0.04378795562105252,0.0,0.125,30
colour_logit,multiclass,selected_probe,healthy,sham_loss,0.03916666666666667,0.06182683455639928,0.0,0.18187499999999995,30
colour_logit,multiclass,selected_probe,healthy,sham_wrong_to_wrong,0.0,0.0,0.0,0.0,30
colour_logit,multiclass,selected_probe,healthy,sham_turnover,0.06333333333333334,0.0776079152261361,0.0,0.2206249999999999,30
colour_logit,multiclass,selected_probe,healthy,sham_label_churn,0.06333333333333334,0.0776079152261361,0.0,0.2206249999999999,30
colour_logit,multiclass,selected_probe,healthy,sham_BA_delta,-0.015000000000000001,0.07387080987591876,-0.18187499999999998,0.125,30
colour_logit,multiclass,selected_probe,healthy,turnover_difference,-0.004999999999999999,0.0711361007336374,-0.156875,0.10687499999999997,30
colour_logit,multiclass,selected_probe,healthy,churn_difference,-0.004999999999999999,0.0711361007336374,-0.156875,0.10687499999999997,30
colour_logit,multiclass,sentinel,Potato___Early_blight,policy_BA_difference,0.0015999999999999999,0.007618489306309016,-0.0113,0.02,30
colour_logit,multiclass,sentinel,Potato___Early_blight,policy_label_disagreement,0.008000000000000002,0.011166452219591226,0.0,0.03309999999999999,30
colour_logit,multiclass,sentinel,Potato___Early_blight,exposure_gain,0.006400000000000001,0.0137605132221851,0.0,0.04219999999999999,30
colour_logit,multiclass,sentinel,Potato___Early_blight,exposure_loss,0.0056,0.011535851163610143,0.0,0.037099999999999994,30
colour_logit,multiclass,sentinel,Potato___Early_blight,exposure_wrong_to_wrong,0.0,0.0,0.0,0.0,30
colour_logit,multiclass,sentinel,Potato___Early_blight,exposure_turnover,0.012,0.018194353045893685,0.0,0.052000000000000005,30
colour_logit,multiclass,sentinel,Potato___Early_blight,exposure_label_churn,0.012,0.018194353045893685,0.0,0.052000000000000005,30
colour_logit,multiclass,sentinel,Potato___Early_blight,exposure_BA_delta,0.0008000000000000004,0.017714984890063342,-0.0342,0.0411,30
colour_logit,multiclass,sentinel,Potato___Early_blight,sham_gain,0.004933333333333334,0.012591549802815443,0.0,0.04039999999999998,30
colour_logit,multiclass,sentinel,Potato___Early_blight,sham_loss,0.005733333333333334,0.011346982990579731,0.0,0.038199999999999984,30
colour_logit,multiclass,sentinel,Potato___Early_blight,sham_wrong_to_wrong,0.0,0.0,0.0,0.0,30
colour_logit,multiclass,sentinel,Potato___Early_blight,sham_turnover,0.010666666666666668,0.01628482122403714,0.0,0.0491,30
colour_logit,multiclass,sentinel,Potato___Early_blight,sham_label_churn,0.010666666666666668,0.01628482122403714,0.0,0.0491,30
colour_logit,multiclass,sentinel,Potato___Early_blight,sham_BA_delta,-0.0007999999999999997,0.017589965791658724,-0.0382,0.03749999999999997,30
colour_logit,multiclass,sentinel,Potato___Early_blight,turnover_difference,0.0013333333333333333,0.008359728313244658,-0.014199999999999999,0.02,30
colour_logit,multiclass,sentinel,Potato___Early_blight,churn_difference,0.0013333333333333333,0.008359728313244658,-0.014199999999999999,0.02,30
colour_logit,multiclass,sentinel,Potato___Late_blight,policy_BA_difference,0.004933333333333334,0.016262784537696497,-0.0251,0.04,30
colour_logit,multiclass,sentinel,Potato___Late_blight,policy_label_disagreement,0.020533333333333337,0.017315994864890657,0.0,0.0491,30
colour_logit,multiclass,sentinel,Potato___Late_blight,exposure_gain,0.01,0.01709204291576881,0.0,0.04659999999999997,30
colour_logit,multiclass,sentinel,Potato___Late_blight,exposure_loss,0.008933333333333333,0.012190819986941936,0.0,0.03309999999999999,30
colour_logit,multiclass,sentinel,Potato___Late_blight,exposure_wrong_to_wrong,0.0005333333333333334,0.0029211869733608855,0.0,0.004399999999999978,30
colour_logit,multiclass,sentinel,Potato___Late_blight,exposure_turnover,0.018933333333333337,0.01816197872656963,0.0,0.047699999999999965,30
colour_logit,multiclass,sentinel,Potato___Late_blight,exposure_label_churn,0.01946666666666667,0.0189003436081397,0.0,0.056399999999999985,30
colour_logit,multiclass,sentinel,Potato___Late_blight,exposure_BA_delta,0.001066666666666666,0.023487242807801935,-0.0302,0.04549999999999997,30
colour_logit,multiclass,sentinel,Potato___Late_blight,sham_gain,0.008266666666666667,0.013490567160014087,0.0,0.045099999999999994,30
colour_logit,multiclass,sentinel,Potato___Late_blight,sham_loss,0.012133333333333333,0.01721213151426539,0.0,0.056,30
colour_logit,multiclass,sentinel,Potato___Late_blight,sham_wrong_to_wrong,0.00013333333333333334,0.0007302967433402214,0.0,0.0010999999999999944,30
colour_logit,multiclass,sentinel,Potato___Late_blight,sham_turnover,0.020400000000000005,0.019121390802106855,0.0,0.056,30
colour_logit,multiclass,sentinel,Potato___Late_blight,sham_label_churn,0.020533333333333337,0.01916126360625796,0.0,0.056,30
colour_logit,multiclass,sentinel,Potato___Late_blight,sham_BA_delta,-0.003866666666666667,0.024307985538080695,-0.056,0.045099999999999994,30
colour_logit,multiclass,sentinel,Potato___Late_blight,turnover_difference,-0.0014666666666666667,0.016357500300839187,-0.031299999999999994,0.028399999999999977,30
colour_logit,multiclass,sentinel,Potato___Late_blight,churn_difference,-0.0010666666666666667,0.016673194124067845,-0.031299999999999994,0.028399999999999977,30
colour_logit,multiclass,sentinel,all_classes,policy_BA_difference,-0.0008777777777777776,0.01734250052308948,-0.03499999999999999,0.01608333333333332,30
colour_logit,multiclass,sentinel,all_classes,policy_label_disagreement,0.015344444444444442,0.015674242074921643,0.0009666666666666669,0.04708333333333326,30
colour_logit,multiclass,sentinel,all_classes,exposure_gain,0.009355555555555556,0.014929446675386386,0.0,0.03948333333333326,30
colour_logit,multiclass,sentinel,all_classes,exposure_loss,0.0051222222222222225,0.005165819977590049,0.0,0.014799999999999992,30
colour_logit,multiclass,sentinel,all_classes,exposure_wrong_to_wrong,0.0001777777777777778,0.0009737289911202955,0.0,0.0014666666666666593,30
colour_logit,multiclass,sentinel,all_classes,exposure_turnover,0.01447777777777778,0.015835041246864832,0.0,0.047358333333333266,30
colour_logit,multiclass,sentinel,all_classes,exposure_label_churn,0.014655555555555557,0.015836202603500184,0.0,0.047358333333333266,30
colour_logit,multiclass,sentinel,all_classes,exposure_BA_delta,0.004233333333333331,0.015760698488907068,-0.0119,0.037649999999999934,30
colour_logit,multiclass,sentinel,all_classes,sham_gain,0.011066666666666667,0.018985455211254325,0.0,0.0681083333333333,30
colour_logit,multiclass,sentinel,all_classes,sham_loss,0.005955555555555557,0.007458561556045033,0.0,0.02196666666666665,30
colour_logit,multiclass,sentinel,all_classes,sham_wrong_to_wrong,4.444444444444445e-05,0.00024343224778007388,0.0,0.00036666666666666483,30
colour_logit,multiclass,sentinel,all_classes,sham_turnover,0.017022222222222223,0.01925010490757767,0.0,0.06907499999999997,30
colour_logit,multiclass,sentinel,all_classes,sham_label_churn,0.017066666666666667,0.019230084986353427,0.0,0.06907499999999997,30
colour_logit,multiclass,sentinel,all_classes,sham_BA_delta,0.00511111111111111,0.021484616849619827,-0.017741666666666666,0.06714166666666663,30
colour_logit,multiclass,sentinel,all_classes,turnover_difference,-0.002544444444444445,0.017461832123186263,-0.03765833333333333,0.015349999999999992,30
colour_logit,multiclass,sentinel,all_classes,churn_difference,-0.0024111111111111113,0.01748314641832375,-0.03765833333333333,0.015349999999999992,30
colour_logit,multiclass,sentinel,healthy,policy_BA_difference,-0.009166666666666667,0.048903200186754106,-0.10499999999999998,0.05,30
colour_logit,multiclass,sentinel,healthy,policy_label_disagreement,0.0175,0.04919612404132721,0.0,0.1412499999999998,30
colour_logit,multiclass,sentinel,healthy,exposure_gain,0.011666666666666667,0.04341724854553047,0.0,0.1162499999999998,30
colour_logit,multiclass,sentinel,healthy,exposure_loss,0.0008333333333333334,0.004564354645876385,0.0,0.0068749999999999645,30
colour_logit,multiclass,sentinel,healthy,exposure_wrong_to_wrong,0.0,0.0,0.0,0.0,30
colour_logit,multiclass,sentinel,healthy,exposure_turnover,0.0125,0.04342552086122819,0.0,0.1162499999999998,30
colour_logit,multiclass,sentinel,healthy,exposure_label_churn,0.0125,0.04342552086122819,0.0,0.1162499999999998,30
colour_logit,multiclass,sentinel,healthy,exposure_BA_delta,0.010833333333333334,0.043886281992513744,-0.006874999999999998,0.1162499999999998,30
colour_logit,multiclass,sentinel,healthy,sham_gain,0.02,0.05813183589761797,0.0,0.19562499999999988,30
colour_logit,multiclass,sentinel,healthy,sham_loss,0.0,0.0,0.0,0.0,30
colour_logit,multiclass,sentinel,healthy,sham_wrong_to_wrong,0.0,0.0,0.0,0.0,30
colour_logit,multiclass,sentinel,healthy,sham_turnover,0.02,0.05813183589761797,0.0,0.19562499999999988,30
colour_logit,multiclass,sentinel,healthy,sham_label_churn,0.02,0.05813183589761797,0.0,0.19562499999999988,30
colour_logit,multiclass,sentinel,healthy,sham_BA_delta,0.02,0.05813183589761797,0.0,0.19562499999999988,30
colour_logit,multiclass,sentinel,healthy,turnover_difference,-0.0075000000000000015,0.04919612404132721,-0.10499999999999998,0.05,30
colour_logit,multiclass,sentinel,healthy,churn_difference,-0.0075000000000000015,0.04919612404132721,-0.10499999999999998,0.05,30
colour_logit,multiclass,unselected_paired_probe,Potato___Early_blight,policy_BA_difference,-0.0024000000000000002,0.006936162110820811,-0.0171,0.009099999999999995,30
colour_logit,multiclass,unselected_paired_probe,Potato___Early_blight,policy_label_disagreement,0.0074666666666666675,0.008050415852755611,0.0,0.025099999999999997,30
colour_logit,multiclass,unselected_paired_probe,Potato___Early_blight,exposure_gain,0.002,0.004898979485566357,0.0,0.016,30
colour_logit,multiclass,unselected_paired_probe,Potato___Early_blight,exposure_loss,0.0045333333333333345,0.0071810734637625055,0.0,0.02219999999999999,30
colour_logit,multiclass,unselected_paired_probe,Potato___Early_blight,exposure_wrong_to_wrong,0.0004,0.0021908902300206644,0.0,0.003299999999999983,30
colour_logit,multiclass,unselected_paired_probe,Potato___Early_blight,exposure_turnover,0.006533333333333334,0.008756212901010123,0.0,0.028000000000000004,30
colour_logit,multiclass,unselected_paired_probe,Potato___Early_blight,exposure_label_churn,0.006933333333333334,0.008909248713762467,0.0,0.028000000000000004,30
colour_logit,multiclass,unselected_paired_probe,Potato___Early_blight,exposure_BA_delta,-0.002533333333333333,0.008629273886955493,-0.0222,0.013099999999999995,30
colour_logit,multiclass,unselected_paired_probe,Potato___Early_blight,sham_gain,0.004,0.007427813527082074,0.0,0.024,30
colour_logit,multiclass,unselected_paired_probe,Potato___Early_blight,sham_loss,0.0041333333333333335,0.0069268758611225525,0.0,0.020399999999999977,30
colour_logit,multiclass,unselected_paired_probe,Potato___Early_blight,sham_wrong_to_wrong,0.00013333333333333334,0.0007302967433402214,0.0,0.0010999999999999944,30
colour_logit,multiclass,unselected_paired_probe,Potato___Early_blight,sham_turnover,0.008133333333333334,0.009306035614082653,0.0,0.029099999999999997,30
colour_logit,multiclass,unselected_paired_probe,Potato___Early_blight,sham_label_churn,0.008266666666666669,0.009450171804069851,0.0,0.029099999999999997,30
colour_logit,multiclass,unselected_paired_probe,Potato___Early_blight,sham_BA_delta,-0.00013333333333333323,0.010941012161881402,-0.020399999999999998,0.021099999999999994,30
colour_logit,multiclass,unselected_paired_probe,Potato___Early_blight,turnover_difference,-0.0016,0.007902858496379212,-0.0131,0.017099999999999994,30
colour_logit,multiclass,unselected_paired_probe,Potato___Early_blight,churn_difference,-0.0013333333333333335,0.007671412823766147,-0.0131,0.017099999999999994,30
colour_logit,multiclass,unselected_paired_probe,Potato___Late_blight,policy_BA_difference,0.002000000000000001,0.019219243230284268,-0.029100000000000004,0.04619999999999999,30
colour_logit,multiclass,unselected_paired_probe,Potato___Late_blight,policy_label_disagreement,0.028800000000000003,0.019352269759064084,0.0029000000000000007,0.061099999999999995,30
colour_logit,multiclass,unselected_paired_probe,Potato___Late_blight,exposure_gain,0.015066666666666667,0.016057941065540367,0.0,0.05349999999999997,30
colour_logit,multiclass,unselected_paired_probe,Potato___Late_blight,exposure_loss,0.011733333333333337,0.010501012540122789,0.0,0.032,30
colour_logit,multiclass,unselected_paired_probe,Potato___Late_blight,exposure_wrong_to_wrong,0.0017333333333333335,0.0040252079263778055,0.0,0.013099999999999995,30
colour_logit,multiclass,unselected_paired_probe,Potato___Late_blight,exposure_turnover,0.026800000000000008,0.020100437463072704,0.0,0.06549999999999997,30
colour_logit,multiclass,unselected_paired_probe,Potato___Late_blight,exposure_label_churn,0.028533333333333338,0.021002025080245578,0.0,0.07709999999999999,30
colour_logit,multiclass,unselected_paired_probe,Potato___Late_blight,exposure_BA_delta,0.003333333333333333,0.018227174357466142,-0.0211,0.04439999999999998,30
colour_logit,multiclass,unselected_paired_probe,Potato___Late_blight,sham_gain,0.013733333333333332,0.014991798524143316,0.0,0.04,30
colour_logit,multiclass,unselected_paired_probe,Potato___Late_blight,sham_loss,0.012400000000000001,0.014905680472384601,0.0,0.051299999999999985,30
colour_logit,multiclass,unselected_paired_probe,Potato___Late_blight,sham_wrong_to_wrong,0.0016,0.004013769403887847,0.0,0.013099999999999995,30
colour_logit,multiclass,unselected_paired_probe,Potato___Late_blight,sham_turnover,0.02613333333333334,0.02227683710189505,0.0,0.07019999999999998,30
colour_logit,multiclass,unselected_paired_probe,Potato___Late_blight,sham_label_churn,0.027733333333333336,0.02454402565599822,0.0,0.07459999999999997,30
colour_logit,multiclass,unselected_paired_probe,Potato___Late_blight,sham_BA_delta,0.001333333333333333,0.019940140305481774,-0.0404,0.036,30
colour_logit,multiclass,unselected_paired_probe,Potato___Late_blight,turnover_difference,0.0006666666666666674,0.018437842145666225,-0.0331,0.03019999999999999,30
colour_logit,multiclass,unselected_paired_probe,Potato___Late_blight,churn_difference,0.0008000000000000008,0.01799310212659093,-0.0331,0.03019999999999999,30
colour_logit,multiclass,unselected_paired_probe,all_classes,policy_BA_difference,0.002644444444444445,0.021857766154197836,-0.029966666666666666,0.05039166666666665,30
colour_logit,multiclass,unselected_paired_probe,all_classes,policy_label_disagreement,0.0307,0.01871634399574473,0.003266666666666667,0.06821666666666666,30
colour_logit,multiclass,unselected_paired_probe,all_classes,exposure_gain,0.014855555555555556,0.016319060931337784,0.0,0.05186666666666665,30
colour_logit,multiclass,unselected_paired_probe,all_classes,exposure_loss,0.017366666666666666,0.017547166869158668,0.0009666666666666669,0.06258333333333332,30
colour_logit,multiclass,unselected_paired_probe,all_classes,exposure_wrong_to_wrong,0.000988888888888889,0.002019983182156259,0.0,0.00615833333333333,30
colour_logit,multiclass,unselected_paired_probe,all_classes,exposure_turnover,0.03222222222222222,0.027056536994322825,0.003266666666666667,0.09704166666666664,30
colour_logit,multiclass,unselected_paired_probe,all_classes,exposure_label_churn,0.03321111111111111,0.027085855172894184,0.003266666666666667,0.09704166666666664,30
colour_logit,multiclass,unselected_paired_probe,all_classes,exposure_BA_delta,-0.0025111111111111107,0.020405230591798516,-0.03429166666666666,0.045433333333333326,30
colour_logit,multiclass,unselected_paired_probe,all_classes,sham_gain,0.013411111111111111,0.015118860701601549,0.0,0.04906666666666666,30
colour_logit,multiclass,unselected_paired_probe,all_classes,sham_loss,0.01856666666666667,0.017646627107633404,0.0,0.05762499999999999,30
colour_logit,multiclass,unselected_paired_probe,all_classes,sham_wrong_to_wrong,0.0019666666666666665,0.007616452246786966,0.0,0.015324999999999948,30
colour_logit,multiclass,unselected_paired_probe,all_classes,sham_turnover,0.03197777777777778,0.02400158572879732,0.0009666666666666669,0.08883333333333332,30
colour_logit,multiclass,unselected_paired_probe,all_classes,sham_label_churn,0.033944444444444444,0.025653763488001902,0.0009666666666666669,0.08883333333333332,30
colour_logit,multiclass,unselected_paired_probe,all_classes,sham_BA_delta,-0.005155555555555555,0.022447509369277033,-0.041525,0.04906666666666666,30
colour_logit,multiclass,unselected_paired_probe,all_classes,turnover_difference,0.000244444444444444,0.019887409778258657,-0.040591666666666665,0.031516666666666644,30
colour_logit,multiclass,unselected_paired_probe,all_classes,churn_difference,-0.000733333333333334,0.019917338756514698,-0.040591666666666665,0.031516666666666644,30
colour_logit,multiclass,unselected_paired_probe,healthy,policy_BA_difference,0.008333333333333331,0.05957222989541892,-0.1,0.13187499999999996,30
colour_logit,multiclass,unselected_paired_probe,healthy,policy_label_disagreement,0.05583333333333334,0.052392473356082506,0.0,0.15687499999999996,30
colour_logit,multiclass,unselected_paired_probe,healthy,exposure_gain,0.0275,0.04170400625756517,0.0,0.125,30
colour_logit,multiclass,unselected_paired_probe,healthy,exposure_loss,0.035833333333333335,0.05029367776359675,0.0,0.13874999999999993,30
colour_logit,multiclass,unselected_paired_probe,healthy,exposure_wrong_to_wrong,0.0008333333333333334,0.004564354645876385,0.0,0.0068749999999999645,30
colour_logit,multiclass,unselected_paired_probe,healthy,exposure_turnover,0.06333333333333334,0.07302967433402216,0.0,0.2206249999999999,30
colour_logit,multiclass,unselected_paired_probe,healthy,exposure_label_churn,0.06416666666666668,0.07418619786741323,0.0,0.2206249999999999,30
colour_logit,multiclass,unselected_paired_probe,healthy,exposure_BA_delta,-0.008333333333333333,0.05660408985670335,-0.106875,0.125,30
colour_logit,multiclass,unselected_paired_probe,healthy,sham_gain,0.022500000000000003,0.03847861026954927,0.0,0.125,30
colour_logit,multiclass,unselected_paired_probe,healthy,sham_loss,0.03916666666666666,0.055196878555755766,0.0,0.15687499999999996,30
colour_logit,multiclass,unselected_paired_probe,healthy,sham_wrong_to_wrong,0.004166666666666667,0.022821773229381916,0.0,0.03437499999999982,30
colour_logit,multiclass,unselected_paired_probe,healthy,sham_turnover,0.06166666666666667,0.07032355436729981,0.0,0.225,30
colour_logit,multiclass,unselected_paired_probe,healthy,sham_label_churn,0.06583333333333334,0.07613603222061714,0.0,0.225,30
colour_logit,multiclass,unselected_paired_probe,healthy,sham_BA_delta,-0.016666666666666666,0.06410300618768866,-0.131875,0.125,30
colour_logit,multiclass,unselected_paired_probe,healthy,turnover_difference,0.0016666666666666661,0.05166759361422843,-0.106875,0.08874999999999993,30
colour_logit,multiclass,unselected_paired_probe,healthy,churn_difference,-0.0016666666666666685,0.05166759361422842,-0.106875,0.08874999999999993,30
resnet_cosine_1nn,binary_healthy_other,all_paired_probe,Potato___Early_blight,policy_BA_difference,0.0008666666666666667,0.003181122479547913,-0.0021999999999999993,0.008549999999999997,30
resnet_cosine_1nn,binary_healthy_other,all_paired_probe,Potato___Early_blight,policy_label_disagreement,0.0018,0.0039775230552659795,0.0,0.011649999999999992,30
resnet_cosine_1nn,binary_healthy_other,all_paired_probe,Potato___Early_blight,exposure_gain,0.0005333333333333334,0.0029211869733608855,0.0,0.004399999999999978,30
resnet_cosine_1nn,binary_healthy_other,all_paired_probe,Potato___Early_blight,exposure_loss,0.00046666666666666666,0.0017952683659406264,0.0,0.006549999999999998,30
resnet_cosine_1nn,binary_healthy_other,all_paired_probe,Potato___Early_blight,exposure_wrong_to_wrong,0.0,0.0,0.0,0.0,30
resnet_cosine_1nn,binary_healthy_other,all_paired_probe,Potato___Early_blight,exposure_turnover,0.001,0.003352816623429446,0.0,0.010199999999999989,30
resnet_cosine_1nn,binary_healthy_other,all_paired_probe,Potato___Early_blight,exposure_label_churn,0.001,0.003352816623429446,0.0,0.010199999999999989,30
resnet_cosine_1nn,binary_healthy_other,all_paired_probe,Potato___Early_blight,exposure_BA_delta,6.666666666666667e-05,0.0035030364496842,-0.00655,0.004399999999999978,30
resnet_cosine_1nn,binary_healthy_other,all_paired_probe,Potato___Early_blight,sham_gain,0.0003333333333333333,0.0018257418583505541,0.0,0.002749999999999986,30
resnet_cosine_1nn,binary_healthy_other,all_paired_probe,Potato___Early_blight,sham_loss,0.0011333333333333334,0.003002680794560586,0.0,0.01,30
resnet_cosine_1nn,binary_healthy_other,all_paired_probe,Potato___Early_blight,sham_wrong_to_wrong,0.0,0.0,0.0,0.0,30
resnet_cosine_1nn,binary_healthy_other,all_paired_probe,Potato___Early_blight,sham_turnover,0.001466666666666667,0.003401149231062058,0.0,0.01,30
resnet_cosine_1nn,binary_healthy_other,all_paired_probe,Potato___Early_blight,sham_label_churn,0.001466666666666667,0.003401149231062058,0.0,0.01,30
resnet_cosine_1nn,binary_healthy_other,all_paired_probe,Potato___Early_blight,sham_BA_delta,-0.0008,0.0036236769285849174,-0.01,0.002749999999999986,30
resnet_cosine_1nn,binary_healthy_other,all_paired_probe,Potato___Early_blight,turnover_difference,-0.0004666666666666666,0.003266690124241369,-0.00855,0.006549999999999998,30
resnet_cosine_1nn,binary_healthy_other,all_paired_probe,Potato___Early_blight,churn_difference,-0.0004666666666666666,0.003266690124241369,-0.00855,0.006549999999999998,30
resnet_cosine_1nn,binary_healthy_other,all_paired_probe,Potato___Late_blight,policy_BA_difference,0.0009333333333333335,0.0105664835547425,-0.0184,0.018,30
resnet_cosine_1nn,binary_healthy_other,all_paired_probe,Potato___Late_blight,policy_label_disagreement,0.023200000000000005,0.01606538364696399,0.0,0.05655,30
resnet_cosine_1nn,binary_healthy_other,all_paired_probe,Potato___Late_blight,exposure_gain,0.018333333333333333,0.018857603119227503,0.0,0.06439999999999997,30
resnet_cosine_1nn,binary_healthy_other,all_paired_probe,Potato___Late_blight,exposure_loss,0.009133333333333334,0.008315889789343396,0.0,0.025649999999999992,30
resnet_cosine_1nn,binary_healthy_other,all_paired_probe,Potato___Late_blight,exposure_wrong_to_wrong,0.0,0.0,0.0,0.0,30
resnet_cosine_1nn,binary_healthy_other,all_paired_probe,Potato___Late_blight,exposure_turnover,0.02746666666666667,0.023091621608404795,0.0,0.09054999999999999,30
resnet_cosine_1nn,binary_healthy_other,all_paired_probe,Potato___Late_blight,exposure_label_churn,0.02746666666666667,0.023091621608404795,0.0,0.09054999999999999,30
resnet_cosine_1nn,binary_healthy_other,all_paired_probe,Potato___Late_blight,exposure_BA_delta,0.009200000000000002,0.017784921936175657,-0.014199999999999999,0.04549999999999997,30
resnet_cosine_1nn,binary_healthy_other,all_paired_probe,Potato___Late_blight,sham_gain,0.0156,0.015777766985048385,0.0,0.050949999999999974,30
resnet_cosine_1nn,binary_healthy_other,all_paired_probe,Potato___Late_blight,sham_loss,0.007333333333333334,0.006482514057504784,0.0,0.018549999999999997,30
resnet_cosine_1nn,binary_healthy_other,all_paired_probe,Potato___Late_blight,sham_wrong_to_wrong,0.0,0.0,0.0,0.0,30
resnet_cosine_1nn,binary_healthy_other,all_paired_probe,Potato___Late_blight,sham_turnover,0.02293333333333334,0.017723806965021183,0.0,0.06019999999999999,30
resnet_cosine_1nn,binary_healthy_other,all_paired_probe,Potato___Late_blight,sham_label_churn,0.02293333333333334,0.017723806965021183,0.0,0.06019999999999999,30
resnet_cosine_1nn,binary_healthy_other,all_paired_probe,Potato___Late_blight,sham_BA_delta,0.008266666666666669,0.01636424473500462,-0.0131,0.05039999999999998,30
resnet_cosine_1nn,binary_healthy_other,all_paired_probe,Potato___Late_blight,turnover_difference,0.004533333333333333,0.015303218803478125,-0.015099999999999999,0.03764999999999999,30
resnet_cosine_1nn,binary_healthy_other,all_paired_probe,Potato___Late_blight,churn_difference,0.004533333333333333,0.015303218803478125,-0.015099999999999999,0.03764999999999999,30
resnet_cosine_1nn,binary_healthy_other,all_paired_probe,all_classes,policy_BA_difference,0.008575,0.03245043634476303,-0.04020625,0.07793749999999998,30
resnet_cosine_1nn,binary_healthy_other,all_paired_probe,all_classes,policy_label_disagreement,0.03854166666666666,0.029280163001634725,0.0018125000000000003,0.10436874999999998,30
resnet_cosine_1nn,binary_healthy_other,all_paired_probe,all_classes,exposure_gain,0.026174999999999997,0.03510250691018108,0.0,0.10993749999999998,30
resnet_cosine_1nn,binary_healthy_other,all_paired_probe,all_classes,exposure_loss,0.016775,0.019943924621556933,0.0,0.06394999999999997,30
resnet_cosine_1nn,binary_healthy_other,all_paired_probe,all_classes,exposure_wrong_to_wrong,0.0,0.0,0.0,0.0,30
resnet_cosine_1nn,binary_healthy_other,all_paired_probe,all_classes,exposure_turnover,0.042949999999999995,0.0380758883791576,0.0003625000000000001,0.11434999999999998,30
resnet_cosine_1nn,binary_healthy_other,all_paired_probe,all_classes,exposure_label_churn,0.042949999999999995,0.0380758883791576,0.0003625000000000001,0.11434999999999998,30
resnet_cosine_1nn,binary_healthy_other,all_paired_probe,all_classes,exposure_BA_delta,0.009399999999999999,0.04254549289310492,-0.055737499999999995,0.10552499999999998,30
resnet_cosine_1nn,binary_healthy_other,all_paired_probe,all_classes,sham_gain,0.017108333333333333,0.021829144877707738,0.0,0.06803124999999996,30
resnet_cosine_1nn,binary_healthy_other,all_paired_probe,all_classes,sham_loss,0.016283333333333334,0.018341555105229244,0.0,0.05321874999999998,30
resnet_cosine_1nn,binary_healthy_other,all_paired_probe,all_classes,sham_wrong_to_wrong,0.0,0.0,0.0,0.0,30
resnet_cosine_1nn,binary_healthy_other,all_paired_probe,all_classes,sham_turnover,0.03339166666666667,0.02990254885726164,0.0007250000000000002,0.0941375,30
resnet_cosine_1nn,binary_healthy_other,all_paired_probe,all_classes,sham_label_churn,0.03339166666666667,0.02990254885726164,0.0007250000000000002,0.0941375,30
resnet_cosine_1nn,binary_healthy_other,all_paired_probe,all_classes,sham_BA_delta,0.000825,0.027049694848173614,-0.041887499999999994,0.051712499999999925,30
resnet_cosine_1nn,binary_healthy_other,all_paired_probe,all_classes,turnover_difference,0.009558333333333334,0.02709097725905388,-0.031025,0.05888124999999999,30
resnet_cosine_1nn,binary_healthy_other,all_paired_probe,all_classes,churn_difference,0.009558333333333334,0.02709097725905388,-0.031025,0.05888124999999999,30
resnet_cosine_1nn,binary_healthy_other,all_paired_probe,healthy,policy_BA_difference,0.01625,0.06459005341381906,-0.0796875,0.15687499999999996,30
resnet_cosine_1nn,binary_healthy_other,all_paired_probe,healthy,policy_label_disagreement,0.06458333333333334,0.05532849913102608,0.0,0.18531249999999994,30
resnet_cosine_1nn,binary_healthy_other,all_paired_probe,healthy,exposure_gain,0.04291666666666667,0.06740920884257291,0.0,0.18874999999999992,30
resnet_cosine_1nn,binary_healthy_other,all_paired_probe,healthy,exposure_loss,0.02875,0.0395489112278751,0.0,0.12624999999999992,30
resnet_cosine_1nn,binary_healthy_other,all_paired_probe,healthy,exposure_wrong_to_wrong,0.0,0.0,0.0,0.0,30
resnet_cosine_1nn,binary_healthy_other,all_paired_probe,healthy,exposure_turnover,0.07166666666666667,0.07198938299754913,0.0,0.21593749999999998,30
resnet_cosine_1nn,binary_healthy_other,all_paired_probe,healthy,exposure_label_churn,0.07166666666666667,0.07198938299754913,0.0,0.21593749999999998,30
resnet_cosine_1nn,binary_healthy_other,all_paired_probe,healthy,exposure_BA_delta,0.014166666666666666,0.08386754060908244,-0.12625,0.18874999999999992,30
resnet_cosine_1nn,binary_healthy_other,all_paired_probe,healthy,sham_gain,0.02625,0.04322031570517702,0.0,0.1296874999999999,30
resnet_cosine_1nn,binary_healthy_other,all_paired_probe,healthy,sham_loss,0.028333333333333332,0.03534517801900851,0.0,0.09781249999999994,30
resnet_cosine_1nn,binary_healthy_other,all_paired_probe,healthy,sham_wrong_to_wrong,0.0,0.0,0.0,0.0,30
resnet_cosine_1nn,binary_healthy_other,all_paired_probe,healthy,sham_turnover,0.05458333333333333,0.056140538450136585,0.0,0.175,30
resnet_cosine_1nn,binary_healthy_other,all_paired_probe,healthy,sham_label_churn,0.05458333333333333,0.056140538450136585,0.0,0.175,30
resnet_cosine_1nn,binary_healthy_other,all_paired_probe,healthy,sham_BA_delta,-0.0020833333333333333,0.05552291905357539,-0.0875,0.10249999999999986,30
resnet_cosine_1nn,binary_healthy_other,all_paired_probe,healthy,turnover_difference,0.017083333333333336,0.05277670648237191,-0.0625,0.11593749999999999,30
resnet_cosine_1nn,binary_healthy_other,all_paired_probe,healthy,churn_difference,0.017083333333333336,0.05277670648237191,-0.0625,0.11593749999999999,30
resnet_cosine_1nn,binary_healthy_other,selected_probe,Potato___Early_blight,policy_BA_difference,0.0013333333333333335,0.004964239937887726,-0.003299999999999999,0.013099999999999995,30
resnet_cosine_1nn,binary_healthy_other,selected_probe,Potato___Early_blight,policy_label_disagreement,0.0024,0.005417723150727716,0.0,0.017099999999999994,30
resnet_cosine_1nn,binary_healthy_other,selected_probe,Potato___Early_blight,exposure_gain,0.0006666666666666666,0.0036514837167011083,0.0,0.005499999999999972,30
resnet_cosine_1nn,binary_healthy_other,selected_probe,Potato___Early_blight,exposure_loss,0.0005333333333333334,0.0022853858548934633,0.0,0.0061999999999999885,30
resnet_cosine_1nn,binary_healthy_other,selected_probe,Potato___Early_blight,exposure_wrong_to_wrong,0.0,0.0,0.0,0.0,30
resnet_cosine_1nn,binary_healthy_other,selected_probe,Potato___Early_blight,exposure_turnover,0.0012000000000000001,0.004221455869148985,0.0,0.014199999999999989,30
resnet_cosine_1nn,binary_healthy_other,selected_probe,Potato___Early_blight,exposure_label_churn,0.0012000000000000001,0.004221455869148985,0.0,0.014199999999999989,30
resnet_cosine_1nn,binary_healthy_other,selected_probe,Potato___Early_blight,exposure_BA_delta,0.00013333333333333334,0.0043922606961550575,-0.006199999999999999,0.005499999999999972,30
resnet_cosine_1nn,binary_healthy_other,selected_probe,Potato___Early_blight,sham_gain,0.0004,0.0021908902300206644,0.0,0.003299999999999983,30
resnet_cosine_1nn,binary_healthy_other,selected_probe,Potato___Early_blight,sham_loss,0.0016,0.004530357373434736,0.0,0.016,30
resnet_cosine_1nn,binary_healthy_other,selected_probe,Potato___Early_blight,sham_wrong_to_wrong,0.0,0.0,0.0,0.0,30
resnet_cosine_1nn,binary_healthy_other,selected_probe,Potato___Early_blight,sham_turnover,0.002,0.004898979485566357,0.0,0.016,30
resnet_cosine_1nn,binary_healthy_other,selected_probe,Potato___Early_blight,sham_label_churn,0.002,0.004898979485566357,0.0,0.016,30
resnet_cosine_1nn,binary_healthy_other,selected_probe,Potato___Early_blight,sham_BA_delta,-0.0012000000000000001,0.005162196805824916,-0.016,0.003299999999999983,30
resnet_cosine_1nn,binary_healthy_other,selected_probe,Potato___Early_blight,turnover_difference,-0.0008000000000000001,0.00508140626747876,-0.0131,0.009099999999999995,30
resnet_cosine_1nn,binary_healthy_other,selected_probe,Potato___Early_blight,churn_difference,-0.0008000000000000001,0.00508140626747876,-0.0131,0.009099999999999995,30
resnet_cosine_1nn,binary_healthy_other,selected_probe,Potato___Late_blight,policy_BA_difference,0.009199999999999998,0.01716933915142198,-0.0186,0.04,30
resnet_cosine_1nn,binary_healthy_other,selected_probe,Potato___Late_blight,policy_label_disagreement,0.028133333333333337,0.020382097170248973,0.0,0.06949999999999996,30
resnet_cosine_1nn,binary_healthy_other,selected_probe,Potato___Late_blight,exposure_gain,0.024133333333333336,0.026018207594620764,0.0,0.08439999999999998,30
resnet_cosine_1nn,binary_healthy_other,selected_probe,Potato___Late_blight,exposure_loss,0.008133333333333334,0.00900472417519073,0.0,0.029099999999999997,30
resnet_cosine_1nn,binary_healthy_other,selected_probe,Potato___Late_blight,exposure_wrong_to_wrong,0.0,0.0,0.0,0.0,30
resnet_cosine_1nn,binary_healthy_other,selected_probe,Potato___Late_blight,exposure_turnover,0.03226666666666667,0.029950457176101192,0.0,0.11200000000000002,30
resnet_cosine_1nn,binary_healthy_other,selected_probe,Potato___Late_blight,exposure_label_churn,0.03226666666666667,0.029950457176101192,0.0,0.11200000000000002,30
resnet_cosine_1nn,binary_healthy_other,selected_probe,Potato___Late_blight,exposure_BA_delta,0.016,0.024880403589142615,-0.0193,0.07129999999999999,30
resnet_cosine_1nn,binary_healthy_other,selected_probe,Potato___Late_blight,sham_gain,0.014266666666666669,0.0154628215592987,0.0,0.052000000000000005,30
resnet_cosine_1nn,binary_healthy_other,selected_probe,Potato___Late_blight,sham_loss,0.0074666666666666675,0.007257497114557891,0.0,0.02219999999999999,30
resnet_cosine_1nn,binary_healthy_other,selected_probe,Potato___Late_blight,sham_wrong_to_wrong,0.0,0.0,0.0,0.0,30
resnet_cosine_1nn,binary_healthy_other,selected_probe,Potato___Late_blight,sham_turnover,0.021733333333333337,0.018154382644292876,0.0,0.05929999999999999,30
resnet_cosine_1nn,binary_healthy_other,selected_probe,Potato___Late_blight,sham_label_churn,0.021733333333333337,0.018154382644292876,0.0,0.05929999999999999,30
resnet_cosine_1nn,binary_healthy_other,selected_probe,Potato___Late_blight,sham_BA_delta,0.0068000000000000005,0.015936079213208474,-0.0131,0.04219999999999999,30
resnet_cosine_1nn,binary_healthy_other,selected_probe,Potato___Late_blight,turnover_difference,0.010533333333333334,0.020651013723691436,-0.0182,0.05600000000000001,30
resnet_cosine_1nn,binary_healthy_other,selected_probe,Potato___Late_blight,churn_difference,0.010533333333333334,0.020651013723691436,-0.0182,0.05600000000000001,30
resnet_cosine_1nn,binary_healthy_other,selected_probe,all_classes,policy_BA_difference,0.017216666666666665,0.04896298449415347,-0.06365,0.133,30
resnet_cosine_1nn,binary_healthy_other,selected_probe,all_classes,policy_label_disagreement,0.046383333333333325,0.04360988565035206,0.0,0.13465,30
resnet_cosine_1nn,binary_healthy_other,selected_probe,all_classes,exposure_gain,0.03411666666666666,0.046950759850876884,0.0,0.13522499999999998,30
resnet_cosine_1nn,binary_healthy_other,selected_probe,all_classes,exposure_loss,0.017166666666666667,0.028889006778421412,0.0,0.08394999999999989,30
resnet_cosine_1nn,binary_healthy_other,selected_probe,all_classes,exposure_wrong_to_wrong,0.0,0.0,0.0,0.0,30
resnet_cosine_1nn,binary_healthy_other,selected_probe,all_classes,exposure_turnover,0.05128333333333332,0.05313786287821866,0.0,0.1475625,30
resnet_cosine_1nn,binary_healthy_other,selected_probe,all_classes,exposure_label_churn,0.05128333333333332,0.05313786287821866,0.0,0.1475625,30
resnet_cosine_1nn,binary_healthy_other,selected_probe,all_classes,exposure_BA_delta,0.016950000000000003,0.05704616249295314,-0.07024999999999999,0.134125,30
resnet_cosine_1nn,binary_healthy_other,selected_probe,all_classes,sham_gain,0.017416666666666667,0.022878646622218893,0.0,0.07021249999999998,30
resnet_cosine_1nn,binary_healthy_other,selected_probe,all_classes,sham_loss,0.017683333333333332,0.024872600675599165,0.0,0.07419999999999996,30
resnet_cosine_1nn,binary_healthy_other,selected_probe,all_classes,sham_wrong_to_wrong,0.0,0.0,0.0,0.0,30
resnet_cosine_1nn,binary_healthy_other,selected_probe,all_classes,sham_turnover,0.035100000000000006,0.03688972382843129,0.0,0.11187499999999997,30
resnet_cosine_1nn,binary_healthy_other,selected_probe,all_classes,sham_label_churn,0.035100000000000006,0.03688972382843129,0.0,0.11187499999999997,30
resnet_cosine_1nn,binary_healthy_other,selected_probe,all_classes,sham_BA_delta,-0.0002666666666666674,0.030385946539912768,-0.05578749999999999,0.06486249999999998,30
resnet_cosine_1nn,binary_healthy_other,selected_probe,all_classes,turnover_difference,0.01618333333333333,0.04813137254419934,-0.059875000000000005,0.1149625,30
resnet_cosine_1nn,binary_healthy_other,selected_probe,all_classes,churn_difference,0.01618333333333333,0.04813137254419934,-0.059875000000000005,0.1149625,30
resnet_cosine_1nn,binary_healthy_other,selected_probe,healthy,policy_BA_difference,0.029166666666666674,0.09515942460920003,-0.1275,0.25,30
resnet_cosine_1nn,binary_healthy_other,selected_probe,healthy,policy_label_disagreement,0.0775,0.08518489019328121,0.0,0.25,30
resnet_cosine_1nn,binary_healthy_other,selected_probe,healthy,exposure_gain,0.05583333333333333,0.08946279648000607,0.0,0.25,30
resnet_cosine_1nn,binary_healthy_other,selected_probe,healthy,exposure_loss,0.030000000000000002,0.0570087712549569,0.0,0.1662499999999998,30
resnet_cosine_1nn,binary_healthy_other,selected_probe,healthy,exposure_wrong_to_wrong,0.0,0.0,0.0,0.0,30
resnet_cosine_1nn,binary_healthy_other,selected_probe,healthy,exposure_turnover,0.08583333333333333,0.09971583187456635,0.0,0.275,30
resnet_cosine_1nn,binary_healthy_other,selected_probe,healthy,exposure_label_churn,0.08583333333333333,0.09971583187456635,0.0,0.275,30
resnet_cosine_1nn,binary_healthy_other,selected_probe,healthy,exposure_BA_delta,0.025833333333333333,0.11208896815302206,-0.16625,0.25,30
resnet_cosine_1nn,binary_healthy_other,selected_probe,healthy,sham_gain,0.0275,0.04612109248937836,0.0,0.13187499999999996,30
resnet_cosine_1nn,binary_healthy_other,selected_probe,healthy,sham_loss,0.030833333333333327,0.04765326151831932,0.0,0.13874999999999993,30
resnet_cosine_1nn,binary_healthy_other,selected_probe,healthy,sham_wrong_to_wrong,0.0,0.0,0.0,0.0,30
resnet_cosine_1nn,binary_healthy_other,selected_probe,healthy,sham_turnover,0.058333333333333334,0.07081220103973575,0.0,0.21374999999999994,30
resnet_cosine_1nn,binary_healthy_other,selected_probe,healthy,sham_label_churn,0.058333333333333334,0.07081220103973575,0.0,0.21374999999999994,30
resnet_cosine_1nn,binary_healthy_other,selected_probe,healthy,sham_BA_delta,-0.003333333333333332,0.06149478998583781,-0.120625,0.13187499999999996,30
resnet_cosine_1nn,binary_healthy_other,selected_probe,healthy,turnover_difference,0.027500000000000007,0.09246387924761346,-0.125,0.20687499999999998,30
resnet_cosine_1nn,binary_healthy_other,selected_probe,healthy,churn_difference,0.027500000000000007,0.09246387924761346,-0.125,0.20687499999999998,30
resnet_cosine_1nn,binary_healthy_other,sentinel,Potato___Early_blight,policy_BA_difference,0.0008,0.0036990213057901756,0.0,0.008399999999999977,30
resnet_cosine_1nn,binary_healthy_other,sentinel,Potato___Early_blight,policy_label_disagreement,0.0008,0.0036990213057901756,0.0,0.008399999999999977,30
resnet_cosine_1nn,binary_healthy_other,sentinel,Potato___Early_blight,exposure_gain,0.0006666666666666666,0.0036514837167011083,0.0,0.005499999999999972,30
resnet_cosine_1nn,binary_healthy_other,sentinel,Potato___Early_blight,exposure_loss,0.0,0.0,0.0,0.0,30
resnet_cosine_1nn,binary_healthy_other,sentinel,Potato___Early_blight,exposure_wrong_to_wrong,0.0,0.0,0.0,0.0,30
resnet_cosine_1nn,binary_healthy_other,sentinel,Potato___Early_blight,exposure_turnover,0.0006666666666666666,0.0036514837167011083,0.0,0.005499999999999972,30
resnet_cosine_1nn,binary_healthy_other,sentinel,Potato___Early_blight,exposure_label_churn,0.0006666666666666666,0.0036514837167011083,0.0,0.005499999999999972,30
resnet_cosine_1nn,binary_healthy_other,sentinel,Potato___Early_blight,exposure_BA_delta,0.0006666666666666666,0.0036514837167011083,0.0,0.005499999999999972,30
resnet_cosine_1nn,binary_healthy_other,sentinel,Potato___Early_blight,sham_gain,0.0,0.0,0.0,0.0,30
resnet_cosine_1nn,binary_healthy_other,sentinel,Potato___Early_blight,sham_loss,0.00013333333333333334,0.0007302967433402214,0.0,0.0010999999999999944,30
resnet_cosine_1nn,binary_healthy_other,sentinel,Potato___Early_blight,sham_wrong_to_wrong,0.0,0.0,0.0,0.0,30
resnet_cosine_1nn,binary_healthy_other,sentinel,Potato___Early_blight,sham_turnover,0.00013333333333333334,0.0007302967433402214,0.0,0.0010999999999999944,30
resnet_cosine_1nn,binary_healthy_other,sentinel,Potato___Early_blight,sham_label_churn,0.00013333333333333334,0.0007302967433402214,0.0,0.0010999999999999944,30
resnet_cosine_1nn,binary_healthy_other,sentinel,Potato___Early_blight,sham_BA_delta,-0.00013333333333333334,0.0007302967433402214,-0.0010999999999999996,0.0,30
resnet_cosine_1nn,binary_healthy_other,sentinel,Potato___Early_blight,turnover_difference,0.0005333333333333334,0.00374840962444657,-0.0010999999999999996,0.005499999999999972,30
resnet_cosine_1nn,binary_healthy_other,sentinel,Potato___Early_blight,churn_difference,0.0005333333333333334,0.00374840962444657,-0.0010999999999999996,0.005499999999999972,30
resnet_cosine_1nn,binary_healthy_other,sentinel,Potato___Late_blight,policy_BA_difference,0.003466666666666666,0.016466755083759086,-0.0233,0.03929999999999998,30
resnet_cosine_1nn,binary_healthy_other,sentinel,Potato___Late_blight,policy_label_disagreement,0.0176,0.019499955791284985,0.0,0.061099999999999995,30
resnet_cosine_1nn,binary_healthy_other,sentinel,Potato___Late_blight,exposure_gain,0.013733333333333337,0.016598573543475385,0.0,0.04219999999999999,30
resnet_cosine_1nn,binary_healthy_other,sentinel,Potato___Late_blight,exposure_loss,0.008266666666666667,0.01251463511070231,0.0,0.035299999999999984,30
resnet_cosine_1nn,binary_healthy_other,sentinel,Potato___Late_blight,exposure_wrong_to_wrong,0.0,0.0,0.0,0.0,30
resnet_cosine_1nn,binary_healthy_other,sentinel,Potato___Late_blight,exposure_turnover,0.022000000000000006,0.020199009876724155,0.0,0.062199999999999984,30
resnet_cosine_1nn,binary_healthy_other,sentinel,Potato___Late_blight,exposure_label_churn,0.022000000000000006,0.020199009876724155,0.0,0.062199999999999984,30
resnet_cosine_1nn,binary_healthy_other,sentinel,Potato___Late_blight,exposure_BA_delta,0.005466666666666666,0.021360184251648387,-0.0353,0.037099999999999994,30
resnet_cosine_1nn,binary_healthy_other,sentinel,Potato___Late_blight,sham_gain,0.009466666666666668,0.013994415963552019,0.0,0.048,30
resnet_cosine_1nn,binary_healthy_other,sentinel,Potato___Late_blight,sham_loss,0.007466666666666667,0.0156772035976981,0.0,0.036499999999999914,30
resnet_cosine_1nn,binary_healthy_other,sentinel,Potato___Late_blight,sham_wrong_to_wrong,0.0,0.0,0.0,0.0,30
resnet_cosine_1nn,binary_healthy_other,sentinel,Potato___Late_blight,sham_turnover,0.016933333333333335,0.02139115726638936,0.0,0.07129999999999999,30
resnet_cosine_1nn,binary_healthy_other,sentinel,Potato___Late_blight,sham_label_churn,0.016933333333333335,0.02139115726638936,0.0,0.07129999999999999,30
resnet_cosine_1nn,binary_healthy_other,sentinel,Potato___Late_blight,sham_BA_delta,0.002000000000000001,0.020631412273855447,-0.03649999999999999,0.028000000000000004,30
resnet_cosine_1nn,binary_healthy_other,sentinel,Potato___Late_blight,turnover_difference,0.005066666666666667,0.0203400968589111,-0.0277,0.04439999999999998,30
resnet_cosine_1nn,binary_healthy_other,sentinel,Potato___Late_blight,churn_difference,0.005066666666666667,0.0203400968589111,-0.0277,0.04439999999999998,30
resnet_cosine_1nn,binary_healthy_other,sentinel,all_classes,policy_BA_difference,0.0044,0.022601647788571096,-0.0389375,0.0625,30
resnet_cosine_1nn,binary_healthy_other,sentinel,all_classes,policy_label_disagreement,0.02376666666666667,0.03239591644480598,0.0,0.10371249999999999,30
resnet_cosine_1nn,binary_healthy_other,sentinel,all_classes,exposure_gain,0.010683333333333333,0.021861824439330123,0.0,0.07281249999999995,30
resnet_cosine_1nn,binary_healthy_other,sentinel,all_classes,exposure_loss,0.013733333333333335,0.027404295325712185,0.0,0.09673749999999999,30
resnet_cosine_1nn,binary_healthy_other,sentinel,all_classes,exposure_wrong_to_wrong,0.0,0.0,0.0,0.0,30
resnet_cosine_1nn,binary_healthy_other,sentinel,all_classes,exposure_turnover,0.024416666666666666,0.0321247791709392,0.0,0.1,30
resnet_cosine_1nn,binary_healthy_other,sentinel,all_classes,exposure_label_churn,0.024416666666666666,0.0321247791709392,0.0,0.1,30
resnet_cosine_1nn,binary_healthy_other,sentinel,all_classes,exposure_BA_delta,-0.00305,0.03776066873677261,-0.0967375,0.06918749999999994,30
resnet_cosine_1nn,binary_healthy_other,sentinel,all_classes,sham_gain,0.0082,0.01512112019203832,0.0,0.04437499999999996,30
resnet_cosine_1nn,binary_healthy_other,sentinel,all_classes,sham_loss,0.01565,0.028160301600069857,0.0,0.07869999999999994,30
resnet_cosine_1nn,binary_healthy_other,sentinel,all_classes,sham_wrong_to_wrong,0.0,0.0,0.0,0.0,30
resnet_cosine_1nn,binary_healthy_other,sentinel,all_classes,sham_turnover,0.023850000000000003,0.03209338475180806,0.0,0.10371249999999999,30
resnet_cosine_1nn,binary_healthy_other,sentinel,all_classes,sham_label_churn,0.023850000000000003,0.03209338475180806,0.0,0.10371249999999999,30
resnet_cosine_1nn,binary_healthy_other,sentinel,all_classes,sham_BA_delta,-0.007449999999999998,0.03183263073185037,-0.07869999999999999,0.04437499999999996,30
resnet_cosine_1nn,binary_healthy_other,sentinel,all_classes,turnover_difference,0.0005666666666666669,0.028967500616277255,-0.0728125,0.0625,30
resnet_cosine_1nn,binary_healthy_other,sentinel,all_classes,churn_difference,0.0005666666666666669,0.028967500616277255,-0.0728125,0.0625,30
resnet_cosine_1nn,binary_healthy_other,sentinel,healthy,policy_BA_difference,0.006666666666666667,0.044008881026395136,-0.070625,0.125,30
resnet_cosine_1nn,binary_healthy_other,sentinel,healthy,policy_label_disagreement,0.03833333333333333,0.0665444281629967,0.0,0.20687499999999998,30
resnet_cosine_1nn,binary_healthy_other,sentinel,healthy,exposure_gain,0.014166666666666668,0.045335594095081894,0.0,0.1456249999999999,30
resnet_cosine_1nn,binary_healthy_other,sentinel,healthy,exposure_loss,0.02333333333333333,0.05290416405834841,0.0,0.18187499999999995,30
resnet_cosine_1nn,binary_healthy_other,sentinel,healthy,exposure_wrong_to_wrong,0.0,0.0,0.0,0.0,30
resnet_cosine_1nn,binary_healthy_other,sentinel,healthy,exposure_turnover,0.0375,0.06457753959922641,0.0,0.2,30
resnet_cosine_1nn,binary_healthy_other,sentinel,healthy,exposure_label_churn,0.0375,0.06457753959922641,0.0,0.2,30
resnet_cosine_1nn,binary_healthy_other,sentinel,healthy,exposure_BA_delta,-0.009166666666666665,0.07441824180027151,-0.18187499999999998,0.1456249999999999,30
resnet_cosine_1nn,binary_healthy_other,sentinel,healthy,sham_gain,0.011666666666666667,0.03130311577896463,0.0,0.08874999999999993,30
resnet_cosine_1nn,binary_healthy_other,sentinel,healthy,sham_loss,0.0275,0.056228444145596655,0.0,0.15249999999999986,30
resnet_cosine_1nn,binary_healthy_other,sentinel,healthy,sham_wrong_to_wrong,0.0,0.0,0.0,0.0,30
resnet_cosine_1nn,binary_healthy_other,sentinel,healthy,sham_turnover,0.03916666666666667,0.06422056998497758,0.0,0.20687499999999998,30
resnet_cosine_1nn,binary_healthy_other,sentinel,healthy,sham_label_churn,0.03916666666666667,0.06422056998497758,0.0,0.20687499999999998,30
resnet_cosine_1nn,binary_healthy_other,sentinel,healthy,sham_BA_delta,-0.01583333333333333,0.0644884824431161,-0.1525,0.08874999999999993,30
resnet_cosine_1nn,binary_healthy_other,sentinel,healthy,turnover_difference,-0.0016666666666666672,0.05721003850503098,-0.145625,0.125,30
resnet_cosine_1nn,binary_healthy_other,sentinel,healthy,churn_difference,-0.0016666666666666672,0.05721003850503098,-0.145625,0.125,30
resnet_cosine_1nn,binary_healthy_other,unselected_paired_probe,Potato___Early_blight,policy_BA_difference,0.0004,0.003212046291588954,-0.004,0.007299999999999984,30
resnet_cosine_1nn,binary_healthy_other,unselected_paired_probe,Potato___Early_blight,policy_label_disagreement,0.0012000000000000001,0.003661542919552377,0.0,0.013099999999999995,30
resnet_cosine_1nn,binary_healthy_other,unselected_paired_probe,Potato___Early_blight,exposure_gain,0.0004,0.0021908902300206644,0.0,0.003299999999999983,30
resnet_cosine_1nn,binary_healthy_other,unselected_paired_probe,Potato___Early_blight,exposure_loss,0.0004,0.001610311599745795,0.0,0.005099999999999994,30
resnet_cosine_1nn,binary_healthy_other,unselected_paired_probe,Potato___Early_blight,exposure_wrong_to_wrong,0.0,0.0,0.0,0.0,30
resnet_cosine_1nn,binary_healthy_other,unselected_paired_probe,Potato___Early_blight,exposure_turnover,0.0008,0.0026574553553196786,0.0,0.009099999999999995,30
resnet_cosine_1nn,binary_healthy_other,unselected_paired_probe,Potato___Early_blight,exposure_label_churn,0.0008,0.0026574553553196786,0.0,0.009099999999999995,30
resnet_cosine_1nn,binary_healthy_other,unselected_paired_probe,Potato___Early_blight,exposure_BA_delta,0.0,0.002779233335118605,-0.0050999999999999995,0.003299999999999983,30
resnet_cosine_1nn,binary_healthy_other,unselected_paired_probe,Potato___Early_blight,sham_gain,0.0002666666666666667,0.0014605934866804427,0.0,0.002199999999999989,30
resnet_cosine_1nn,binary_healthy_other,unselected_paired_probe,Potato___Early_blight,sham_loss,0.0006666666666666666,0.002986559932411379,0.0,0.007299999999999984,30
resnet_cosine_1nn,binary_healthy_other,unselected_paired_probe,Potato___Early_blight,sham_wrong_to_wrong,0.0,0.0,0.0,0.0,30
resnet_cosine_1nn,binary_healthy_other,unselected_paired_probe,Potato___Early_blight,sham_turnover,0.0009333333333333333,0.003268800616627506,0.0,0.010199999999999989,30
resnet_cosine_1nn,binary_healthy_other,unselected_paired_probe,Potato___Early_blight,sham_label_churn,0.0009333333333333333,0.003268800616627506,0.0,0.010199999999999989,30
resnet_cosine_1nn,binary_healthy_other,unselected_paired_probe,Potato___Early_blight,sham_BA_delta,-0.0004,0.003379451087850277,-0.007299999999999999,0.002199999999999989,30
resnet_cosine_1nn,binary_healthy_other,unselected_paired_probe,Potato___Early_blight,turnover_difference,-0.00013333333333333334,0.0032348675113661077,-0.0043999999999999985,0.004,30
resnet_cosine_1nn,binary_healthy_other,unselected_paired_probe,Potato___Early_blight,churn_difference,-0.00013333333333333334,0.0032348675113661077,-0.0043999999999999985,0.004,30
resnet_cosine_1nn,binary_healthy_other,unselected_paired_probe,Potato___Late_blight,policy_BA_difference,-0.007333333333333334,0.014018050760588534,-0.038200000000000005,0.013099999999999995,30
resnet_cosine_1nn,binary_healthy_other,unselected_paired_probe,Potato___Late_blight,policy_label_disagreement,0.018266666666666667,0.014918013488289304,0.0,0.052000000000000005,30
resnet_cosine_1nn,binary_healthy_other,unselected_paired_probe,Potato___Late_blight,exposure_gain,0.012533333333333336,0.014808509513890603,0.0,0.04729999999999998,30
resnet_cosine_1nn,binary_healthy_other,unselected_paired_probe,Potato___Late_blight,exposure_loss,0.010133333333333334,0.010595162635107016,0.0,0.03019999999999999,30
resnet_cosine_1nn,binary_healthy_other,unselected_paired_probe,Potato___Late_blight,exposure_wrong_to_wrong,0.0,0.0,0.0,0.0,30
resnet_cosine_1nn,binary_healthy_other,unselected_paired_probe,Potato___Late_blight,exposure_turnover,0.022666666666666672,0.020078008785275724,0.0,0.0691,30
resnet_cosine_1nn,binary_healthy_other,unselected_paired_probe,Potato___Late_blight,exposure_label_churn,0.022666666666666672,0.020078008785275724,0.0,0.0691,30
resnet_cosine_1nn,binary_healthy_other,unselected_paired_probe,Potato___Late_blight,exposure_BA_delta,0.0024,0.016123660061943237,-0.0211,0.04,30
resnet_cosine_1nn,binary_healthy_other,unselected_paired_probe,Potato___Late_blight,sham_gain,0.01693333333333334,0.017314401686085674,0.0,0.05859999999999997,30
resnet_cosine_1nn,binary_healthy_other,unselected_paired_probe,Potato___Late_blight,sham_loss,0.007200000000000001,0.006999507371828096,0.0,0.02,30
resnet_cosine_1nn,binary_healthy_other,unselected_paired_probe,Potato___Late_blight,sham_wrong_to_wrong,0.0,0.0,0.0,0.0,30
resnet_cosine_1nn,binary_healthy_other,unselected_paired_probe,Potato___Late_blight,sham_turnover,0.024133333333333336,0.018951359396848177,0.0,0.06149999999999998,30
resnet_cosine_1nn,binary_healthy_other,unselected_paired_probe,Potato___Late_blight,sham_label_churn,0.024133333333333336,0.018951359396848177,0.0,0.06149999999999998,30
resnet_cosine_1nn,binary_healthy_other,unselected_paired_probe,Potato___Late_blight,sham_BA_delta,0.009733333333333335,0.01839590159253682,-0.0131,0.05859999999999997,30
resnet_cosine_1nn,binary_healthy_other,unselected_paired_probe,Potato___Late_blight,turnover_difference,-0.0014666666666666667,0.015526913971271443,-0.032,0.03019999999999999,30
resnet_cosine_1nn,binary_healthy_other,unselected_paired_probe,Potato___Late_blight,churn_difference,-0.0014666666666666667,0.015526913971271443,-0.032,0.03019999999999999,30
resnet_cosine_1nn,binary_healthy_other,unselected_paired_probe,all_classes,policy_BA_difference,-6.666666666666626e-05,0.029431314935805614,-0.046375,0.06211249999999996,30
resnet_cosine_1nn,binary_healthy_other,unselected_paired_probe,all_classes,policy_label_disagreement,0.030700000000000005,0.027829716194174098,0.0014500000000000003,0.10066249999999999,30
resnet_cosine_1nn,binary_healthy_other,unselected_paired_probe,all_classes,exposure_gain,0.018233333333333334,0.027138131124297055,0.0,0.07898749999999993,30
resnet_cosine_1nn,binary_healthy_other,unselected_paired_probe,all_classes,exposure_loss,0.016383333333333337,0.021196813087289122,0.0,0.05616249999999999,30
resnet_cosine_1nn,binary_healthy_other,unselected_paired_probe,all_classes,exposure_wrong_to_wrong,0.0,0.0,0.0,0.0,30
resnet_cosine_1nn,binary_healthy_other,unselected_paired_probe,all_classes,exposure_turnover,0.034616666666666664,0.03425680987757771,0.0,0.10773749999999997,30
resnet_cosine_1nn,binary_healthy_other,unselected_paired_probe,all_classes,exposure_label_churn,0.034616666666666664,0.03425680987757771,0.0,0.10773749999999997,30
resnet_cosine_1nn,binary_healthy_other,unselected_paired_probe,all_classes,exposure_BA_delta,0.0018499999999999999,0.03461267208647025,-0.0534375,0.07416249999999992,30
resnet_cosine_1nn,binary_healthy_other,unselected_paired_probe,all_classes,sham_gain,0.0168,0.024179501149983827,0.0,0.07889999999999996,30
resnet_cosine_1nn,binary_healthy_other,unselected_paired_probe,all_classes,sham_loss,0.014883333333333333,0.022225600078525996,0.0,0.06605,30
resnet_cosine_1nn,binary_healthy_other,unselected_paired_probe,all_classes,sham_wrong_to_wrong,0.0,0.0,0.0,0.0,30
resnet_cosine_1nn,binary_healthy_other,unselected_paired_probe,all_classes,sham_turnover,0.031683333333333334,0.03328779504338752,0.0014500000000000003,0.111025,30
resnet_cosine_1nn,binary_healthy_other,unselected_paired_probe,all_classes,sham_label_churn,0.031683333333333334,0.03328779504338752,0.0014500000000000003,0.111025,30
resnet_cosine_1nn,binary_healthy_other,unselected_paired_probe,all_classes,sham_BA_delta,0.0019166666666666674,0.03239095322114977,-0.058774999999999994,0.06429999999999993,30
resnet_cosine_1nn,binary_healthy_other,unselected_paired_probe,all_classes,turnover_difference,0.0029333333333333342,0.0245910459360696,-0.051275,0.03876249999999998,30
resnet_cosine_1nn,binary_healthy_other,unselected_paired_probe,all_classes,churn_difference,0.0029333333333333342,0.0245910459360696,-0.051275,0.03876249999999998,30
resnet_cosine_1nn,binary_healthy_other,unselected_paired_probe,healthy,policy_BA_difference,0.0033333333333333335,0.06078982068447459,-0.1,0.1206249999999999,30
resnet_cosine_1nn,binary_healthy_other,unselected_paired_probe,healthy,policy_label_disagreement,0.051666666666666666,0.052495210509500595,0.0,0.18187499999999995,30
resnet_cosine_1nn,binary_healthy_other,unselected_paired_probe,healthy,exposure_gain,0.030000000000000006,0.053093931077302786,0.0,0.15249999999999986,30
resnet_cosine_1nn,binary_healthy_other,unselected_paired_probe,healthy,exposure_loss,0.0275,0.04272506330577825,0.0,0.10687499999999997,30
resnet_cosine_1nn,binary_healthy_other,unselected_paired_probe,healthy,exposure_wrong_to_wrong,0.0,0.0,0.0,0.0,30
resnet_cosine_1nn,binary_healthy_other,unselected_paired_probe,healthy,exposure_turnover,0.05750000000000001,0.06700167265024833,0.0,0.20687499999999998,30
resnet_cosine_1nn,binary_healthy_other,unselected_paired_probe,healthy,exposure_label_churn,0.05750000000000001,0.06700167265024833,0.0,0.20687499999999998,30
resnet_cosine_1nn,binary_healthy_other,unselected_paired_probe,healthy,exposure_BA_delta,0.0025000000000000022,0.06927892150948399,-0.106875,0.13437499999999983,30
resnet_cosine_1nn,binary_healthy_other,unselected_paired_probe,healthy,sham_gain,0.025,0.046885774623748794,0.0,0.12749999999999986,30
resnet_cosine_1nn,binary_healthy_other,unselected_paired_probe,healthy,sham_loss,0.025833333333333337,0.04329297413201596,0.0,0.125,30
resnet_cosine_1nn,binary_healthy_other,unselected_paired_probe,healthy,sham_wrong_to_wrong,0.0,0.0,0.0,0.0,30
resnet_cosine_1nn,binary_healthy_other,unselected_paired_probe,healthy,sham_turnover,0.05083333333333333,0.06175707879756939,0.0,0.2,30
resnet_cosine_1nn,binary_healthy_other,unselected_paired_probe,healthy,sham_label_churn,0.05083333333333333,0.06175707879756939,0.0,0.2,30
resnet_cosine_1nn,binary_healthy_other,unselected_paired_probe,healthy,sham_BA_delta,-0.0008333333333333313,0.06581168711497633,-0.125,0.12749999999999986,30
resnet_cosine_1nn,binary_healthy_other,unselected_paired_probe,healthy,turnover_difference,0.006666666666666667,0.05040069329937309,-0.1,0.08187499999999996,30
resnet_cosine_1nn,binary_healthy_other,unselected_paired_probe,healthy,churn_difference,0.006666666666666667,0.05040069329937309,-0.1,0.08187499999999996,30
resnet_cosine_1nn,multiclass,all_paired_probe,Potato___Early_blight,policy_BA_difference,0.0010666666666666667,0.006882929074433221,-0.01275,0.012199999999999989,30
resnet_cosine_1nn,multiclass,all_paired_probe,Potato___Early_blight,policy_label_disagreement,0.008666666666666666,0.009675184515155196,0.0,0.029649999999999992,30
resnet_cosine_1nn,multiclass,all_paired_probe,Potato___Early_blight,exposure_gain,0.0038666666666666667,0.006537601233255012,0.0,0.018549999999999997,30
resnet_cosine_1nn,multiclass,all_paired_probe,Potato___Early_blight,exposure_loss,0.0033333333333333335,0.005128240495015093,0.0,0.014199999999999989,30
resnet_cosine_1nn,multiclass,all_paired_probe,Potato___Early_blight,exposure_wrong_to_wrong,0.0003333333333333333,0.0014932799662056894,0.0,0.003649999999999992,30
resnet_cosine_1nn,multiclass,all_paired_probe,Potato___Early_blight,exposure_turnover,0.007200000000000001,0.008044702690548007,0.0,0.022,30
resnet_cosine_1nn,multiclass,all_paired_probe,Potato___Early_blight,exposure_label_churn,0.007533333333333334,0.008365501132353176,0.0,0.022,30
resnet_cosine_1nn,multiclass,all_paired_probe,Potato___Early_blight,exposure_BA_delta,0.0005333333333333334,0.008565098921800605,-0.014199999999999999,0.017099999999999994,30
resnet_cosine_1nn,multiclass,all_paired_probe,Potato___Early_blight,sham_gain,0.0032,0.005397317341305643,0.0,0.016549999999999995,30
resnet_cosine_1nn,multiclass,all_paired_probe,Potato___Early_blight,sham_loss,0.0037333333333333337,0.0060282858164703405,0.0,0.01819999999999999,30
resnet_cosine_1nn,multiclass,all_paired_probe,Potato___Early_blight,sham_wrong_to_wrong,0.0003333333333333333,0.0018257418583505541,0.0,0.002749999999999986,30
resnet_cosine_1nn,multiclass,all_paired_probe,Potato___Early_blight,sham_turnover,0.006933333333333334,0.00843201343539683,0.0,0.03,30
resnet_cosine_1nn,multiclass,all_paired_probe,Potato___Early_blight,sham_label_churn,0.007266666666666667,0.00859002361737885,0.0,0.03,30
resnet_cosine_1nn,multiclass,all_paired_probe,Potato___Early_blight,sham_BA_delta,-0.0005333333333333331,0.007735869580138974,-0.01655,0.011649999999999992,30
resnet_cosine_1nn,multiclass,all_paired_probe,Potato___Early_blight,turnover_difference,0.00026666666666666706,0.007750120503327154,-0.0133,0.017099999999999994,30
resnet_cosine_1nn,multiclass,all_paired_probe,Potato___Early_blight,churn_difference,0.00026666666666666684,0.007551813362197934,-0.0133,0.012749999999999987,30
resnet_cosine_1nn,multiclass,all_paired_probe,Potato___Late_blight,policy_BA_difference,0.011466666666666665,0.018569038623534036,-0.01855,0.045099999999999994,30
resnet_cosine_1nn,multiclass,all_paired_probe,Potato___Late_blight,policy_label_disagreement,0.05013333333333335,0.020143850491990804,0.014350000000000002,0.09039999999999998,30
resnet_cosine_1nn,multiclass,all_paired_probe,Potato___Late_blight,exposure_gain,0.03486666666666668,0.019252824841249037,0.0,0.07164999999999999,30
resnet_cosine_1nn,multiclass,all_paired_probe,Potato___Late_blight,exposure_loss,0.0176,0.013487158643534303,0.0,0.04964999999999999,30
resnet_cosine_1nn,multiclass,all_paired_probe,Potato___Late_blight,exposure_wrong_to_wrong,0.0012666666666666668,0.00334182825590335,0.0,0.011099999999999995,30
resnet_cosine_1nn,multiclass,all_paired_probe,Potato___Late_blight,exposure_turnover,0.052466666666666675,0.02740593106375451,0.007250000000000001,0.10384999999999998,30
resnet_cosine_1nn,multiclass,all_paired_probe,Potato___Late_blight,exposure_label_churn,0.05373333333333334,0.028214612664647587,0.007250000000000001,0.1082,30
resnet_cosine_1nn,multiclass,all_paired_probe,Potato___Late_blight,exposure_BA_delta,0.017266666666666666,0.018816598199889692,-0.01,0.05384999999999998,30
resnet_cosine_1nn,multiclass,all_paired_probe,Potato___Late_blight,sham_gain,0.02533333333333334,0.01587305966058547,0.006350000000000001,0.05659999999999997,30
resnet_cosine_1nn,multiclass,all_paired_probe,Potato___Late_blight,sham_loss,0.019533333333333337,0.013011224155435508,0.0,0.045099999999999994,30
resnet_cosine_1nn,multiclass,all_paired_probe,Potato___Late_blight,sham_wrong_to_wrong,0.0014,0.003644551909451923,0.0,0.011649999999999992,30
resnet_cosine_1nn,multiclass,all_paired_probe,Potato___Late_blight,sham_turnover,0.04486666666666668,0.021615341507960198,0.014350000000000002,0.08709999999999998,30
resnet_cosine_1nn,multiclass,all_paired_probe,Potato___Late_blight,sham_label_churn,0.04626666666666668,0.022570859047916617,0.014350000000000002,0.08965,30
resnet_cosine_1nn,multiclass,all_paired_probe,Potato___Late_blight,sham_BA_delta,0.0058000000000000005,0.019371860146027313,-0.0222,0.040799999999999954,30
resnet_cosine_1nn,multiclass,all_paired_probe,Potato___Late_blight,turnover_difference,0.007599999999999999,0.02405969587333226,-0.0302,0.04764999999999999,30
resnet_cosine_1nn,multiclass,all_paired_probe,Potato___Late_blight,churn_difference,0.007466666666666667,0.023745392777566758,-0.0282,0.04619999999999999,30
resnet_cosine_1nn,multiclass,all_paired_probe,all_classes,policy_BA_difference,0.009594444444444442,0.023141397917443008,-0.025529166666666665,0.05422499999999999,30
resnet_cosine_1nn,multiclass,all_paired_probe,all_classes,policy_label_disagreement,0.04279444444444445,0.02025208391591888,0.01680833333333333,0.08177083333333332,30
resnet_cosine_1nn,multiclass,all_paired_probe,all_classes,exposure_gain,0.02721666666666667,0.024351164542160752,0.002416666666666667,0.08549999999999999,30
resnet_cosine_1nn,multiclass,all_paired_probe,all_classes,exposure_loss,0.016561111111111113,0.01431812099268528,0.0027833333333333334,0.04536666666666664,30
resnet_cosine_1nn,multiclass,all_paired_probe,all_classes,exposure_wrong_to_wrong,0.002616666666666667,0.0062850778089960126,0.0,0.020833333333333332,30
resnet_cosine_1nn,multiclass,all_paired_probe,all_classes,exposure_turnover,0.04377777777777779,0.026752281147886834,0.00575,0.09243333333333331,30
resnet_cosine_1nn,multiclass,all_paired_probe,all_classes,exposure_label_churn,0.046394444444444446,0.026957767571505913,0.0086,0.0950333333333333,30
resnet_cosine_1nn,multiclass,all_paired_probe,all_classes,exposure_BA_delta,0.010655555555555557,0.029669699358529786,-0.033133333333333334,0.07676666666666666,30
resnet_cosine_1nn,multiclass,all_paired_probe,all_classes,sham_gain,0.018261111111111113,0.015872738824894726,0.00315,0.052445833333333296,30
resnet_cosine_1nn,multiclass,all_paired_probe,all_classes,sham_loss,0.0172,0.012508648349238387,0.002416666666666667,0.042170833333333324,30
resnet_cosine_1nn,multiclass,all_paired_probe,all_classes,sham_wrong_to_wrong,0.0022444444444444447,0.006227293363164029,0.0,0.024395833333333332,30
resnet_cosine_1nn,multiclass,all_paired_probe,all_classes,sham_turnover,0.03546111111111112,0.02033897054574768,0.010050000000000002,0.07251666666666666,30
resnet_cosine_1nn,multiclass,all_paired_probe,all_classes,sham_label_churn,0.037705555555555555,0.021885485810105212,0.010050000000000002,0.07366249999999999,30
resnet_cosine_1nn,multiclass,all_paired_probe,all_classes,sham_BA_delta,0.0010611111111111112,0.02007850890369247,-0.02886666666666667,0.04167916666666662,30
resnet_cosine_1nn,multiclass,all_paired_probe,all_classes,turnover_difference,0.008316666666666667,0.019155361483491205,-0.0232,0.04565833333333333,30
resnet_cosine_1nn,multiclass,all_paired_probe,all_classes,churn_difference,0.008688888888888887,0.01891763420146219,-0.0232,0.045474999999999995,30
resnet_cosine_1nn,multiclass,all_paired_probe,healthy,policy_BA_difference,0.01625,0.06459005341381906,-0.0796875,0.15687499999999996,30
resnet_cosine_1nn,multiclass,all_paired_probe,healthy,policy_label_disagreement,0.06958333333333333,0.055386896765691196,0.0,0.18531249999999994,30
resnet_cosine_1nn,multiclass,all_paired_probe,healthy,exposure_gain,0.04291666666666667,0.06740920884257291,0.0,0.18874999999999992,30
resnet_cosine_1nn,multiclass,all_paired_probe,healthy,exposure_loss,0.02875,0.0395489112278751,0.0,0.12624999999999992,30
resnet_cosine_1nn,multiclass,all_paired_probe,healthy,exposure_wrong_to_wrong,0.00625,0.01907053603933529,0.0,0.0625,30
resnet_cosine_1nn,multiclass,all_paired_probe,healthy,exposure_turnover,0.07166666666666667,0.07198938299754913,0.0,0.21593749999999998,30
resnet_cosine_1nn,multiclass,all_paired_probe,healthy,exposure_label_churn,0.07791666666666666,0.07293739442663912,0.0,0.21593749999999998,30
resnet_cosine_1nn,multiclass,all_paired_probe,healthy,exposure_BA_delta,0.014166666666666666,0.08386754060908244,-0.12625,0.18874999999999992,30
resnet_cosine_1nn,multiclass,all_paired_probe,healthy,sham_gain,0.02625,0.04322031570517702,0.0,0.1296874999999999,30
resnet_cosine_1nn,multiclass,all_paired_probe,healthy,sham_loss,0.028333333333333332,0.03534517801900851,0.0,0.09781249999999994,30
resnet_cosine_1nn,multiclass,all_paired_probe,healthy,sham_wrong_to_wrong,0.005000000000000001,0.017555331246445163,0.0,0.06593749999999998,30
resnet_cosine_1nn,multiclass,all_paired_probe,healthy,sham_turnover,0.05458333333333333,0.056140538450136585,0.0,0.175,30
resnet_cosine_1nn,multiclass,all_paired_probe,healthy,sham_label_churn,0.059583333333333335,0.06076765861322397,0.0,0.17843749999999997,30
resnet_cosine_1nn,multiclass,all_paired_probe,healthy,sham_BA_delta,-0.0020833333333333333,0.05552291905357539,-0.0875,0.10249999999999986,30
resnet_cosine_1nn,multiclass,all_paired_probe,healthy,turnover_difference,0.017083333333333336,0.05277670648237191,-0.0625,0.11593749999999999,30
resnet_cosine_1nn,multiclass,all_paired_probe,healthy,churn_difference,0.018333333333333333,0.05330998051949097,-0.0625,0.11593749999999999,30
resnet_cosine_1nn,multiclass,selected_probe,Potato___Early_blight,policy_BA_difference,0.0041333333333333335,0.01143416940075043,-0.014199999999999999,0.026599999999999964,30
resnet_cosine_1nn,multiclass,selected_probe,Potato___Early_blight,policy_label_disagreement,0.010000000000000002,0.012594470598448052,0.0,0.04039999999999998,30
resnet_cosine_1nn,multiclass,selected_probe,Potato___Early_blight,exposure_gain,0.004533333333333334,0.00762813907497277,0.0,0.02,30
resnet_cosine_1nn,multiclass,selected_probe,Potato___Early_blight,exposure_loss,0.0028,0.005473446874653591,0.0,0.017099999999999994,30
resnet_cosine_1nn,multiclass,selected_probe,Potato___Early_blight,exposure_wrong_to_wrong,0.0004,0.0021908902300206644,0.0,0.003299999999999983,30
resnet_cosine_1nn,multiclass,selected_probe,Potato___Early_blight,exposure_turnover,0.007333333333333334,0.008409081024592455,0.0,0.02,30
resnet_cosine_1nn,multiclass,selected_probe,Potato___Early_blight,exposure_label_churn,0.007733333333333334,0.008333287356195006,0.0,0.02,30
resnet_cosine_1nn,multiclass,selected_probe,Potato___Early_blight,exposure_BA_delta,0.0017333333333333335,0.010275291197596412,-0.0171,0.02,30
resnet_cosine_1nn,multiclass,selected_probe,Potato___Early_blight,sham_gain,0.002666666666666667,0.005491895805660363,0.0,0.017099999999999994,30
resnet_cosine_1nn,multiclass,selected_probe,Potato___Early_blight,sham_loss,0.005066666666666667,0.009737709612929888,0.0,0.02949999999999997,30
resnet_cosine_1nn,multiclass,selected_probe,Potato___Early_blight,sham_wrong_to_wrong,0.0005333333333333334,0.0029211869733608855,0.0,0.004399999999999978,30
resnet_cosine_1nn,multiclass,selected_probe,Potato___Early_blight,sham_turnover,0.007733333333333334,0.012292227242233712,0.0,0.04039999999999998,30
resnet_cosine_1nn,multiclass,selected_probe,Potato___Early_blight,sham_label_churn,0.008266666666666667,0.012292227242233715,0.0,0.04039999999999998,30
resnet_cosine_1nn,multiclass,selected_probe,Potato___Early_blight,sham_BA_delta,-0.0024000000000000002,0.009943287460253846,-0.027299999999999998,0.014199999999999989,30
resnet_cosine_1nn,multiclass,selected_probe,Potato___Early_blight,turnover_difference,-0.0003999999999999998,0.012444636013851164,-0.0266,0.02,30
resnet_cosine_1nn,multiclass,selected_probe,Potato___Early_blight,churn_difference,-0.0005333333333333333,0.011684747893443545,-0.0266,0.02,30
resnet_cosine_1nn,multiclass,selected_probe,Potato___Late_blight,policy_BA_difference,0.030800000000000004,0.02840398223659055,-0.0135,0.07819999999999999,30
resnet_cosine_1nn,multiclass,selected_probe,Potato___Late_blight,policy_label_disagreement,0.0604,0.029754860512829346,0.008,0.11429999999999993,30
resnet_cosine_1nn,multiclass,selected_probe,Potato___Late_blight,exposure_gain,0.04746666666666668,0.0270628047751679,0.0,0.09709999999999999,30
resnet_cosine_1nn,multiclass,selected_probe,Potato___Late_blight,exposure_loss,0.014266666666666667,0.014880983776649967,0.0,0.045899999999999955,30
resnet_cosine_1nn,multiclass,selected_probe,Potato___Late_blight,exposure_wrong_to_wrong,0.0008,0.0026574553553196786,0.0,0.009099999999999995,30
resnet_cosine_1nn,multiclass,selected_probe,Potato___Late_blight,exposure_turnover,0.061733333333333335,0.03429178380868527,0.0,0.13169999999999996,30
resnet_cosine_1nn,multiclass,selected_probe,Potato___Late_blight,exposure_label_churn,0.06253333333333334,0.03509959557025411,0.0,0.13459999999999997,30
resnet_cosine_1nn,multiclass,selected_probe,Potato___Late_blight,exposure_BA_delta,0.0332,0.027050909857857477,-0.005499999999999998,0.08509999999999998,30
resnet_cosine_1nn,multiclass,selected_probe,Potato___Late_blight,sham_gain,0.02293333333333334,0.01606652835348487,0.0029000000000000007,0.06,30
resnet_cosine_1nn,multiclass,selected_probe,Potato___Late_blight,sham_loss,0.020533333333333337,0.015817348252697937,0.0,0.0491,30
resnet_cosine_1nn,multiclass,selected_probe,Potato___Late_blight,sham_wrong_to_wrong,0.0013333333333333335,0.003376729016455824,0.0,0.012,30
resnet_cosine_1nn,multiclass,selected_probe,Potato___Late_blight,sham_turnover,0.043466666666666674,0.02467405915941475,0.013800000000000002,0.08769999999999996,30
resnet_cosine_1nn,multiclass,selected_probe,Potato___Late_blight,sham_label_churn,0.04480000000000001,0.02578211087904383,0.013800000000000002,0.09169999999999996,30
resnet_cosine_1nn,multiclass,selected_probe,Potato___Late_blight,sham_BA_delta,0.0024000000000000002,0.02019491229885935,-0.0262,0.041499999999999974,30
resnet_cosine_1nn,multiclass,selected_probe,Potato___Late_blight,turnover_difference,0.018266666666666667,0.03112038176050448,-0.039299999999999995,0.07019999999999998,30
resnet_cosine_1nn,multiclass,selected_probe,Potato___Late_blight,churn_difference,0.01773333333333333,0.030745824873085397,-0.039299999999999995,0.06729999999999998,30
resnet_cosine_1nn,multiclass,selected_probe,all_classes,policy_BA_difference,0.021366666666666662,0.03376165613958172,-0.033499999999999995,0.09766666666666665,30
resnet_cosine_1nn,multiclass,selected_probe,all_classes,policy_label_disagreement,0.05179999999999999,0.030058894935625257,0.008708333333333334,0.10346666666666667,30
resnet_cosine_1nn,multiclass,selected_probe,all_classes,exposure_gain,0.03594444444444444,0.03300204142453103,0.0019333333333333338,0.11146666666666664,30
resnet_cosine_1nn,multiclass,selected_probe,all_classes,exposure_loss,0.01568888888888889,0.020098594780054213,0.0,0.06183333333333327,30
resnet_cosine_1nn,multiclass,selected_probe,all_classes,exposure_wrong_to_wrong,0.002622222222222222,0.008132397408621254,0.0,0.02354166666666663,30
resnet_cosine_1nn,multiclass,selected_probe,all_classes,exposure_turnover,0.05163333333333332,0.037592832731744685,0.0019333333333333338,0.11340833333333332,30
resnet_cosine_1nn,multiclass,selected_probe,all_classes,exposure_label_churn,0.05425555555555555,0.036817837103652086,0.006533333333333334,0.11450833333333332,30
resnet_cosine_1nn,multiclass,selected_probe,all_classes,exposure_BA_delta,0.020255555555555558,0.039660502112828004,-0.038099999999999995,0.11073333333333332,30
resnet_cosine_1nn,multiclass,selected_probe,all_classes,sham_gain,0.017700000000000004,0.01588400241019403,0.0013333333333333335,0.05195833333333332,30
resnet_cosine_1nn,multiclass,selected_probe,all_classes,sham_loss,0.018811111111111112,0.017037412817222868,0.0009666666666666669,0.05341666666666663,30
resnet_cosine_1nn,multiclass,selected_probe,all_classes,sham_wrong_to_wrong,0.002844444444444444,0.00848832117818419,0.0,0.027408333333333305,30
resnet_cosine_1nn,multiclass,selected_probe,all_classes,sham_turnover,0.03651111111111112,0.024775889487005025,0.007266666666666667,0.08627499999999999,30
resnet_cosine_1nn,multiclass,selected_probe,all_classes,sham_label_churn,0.03935555555555557,0.026028121151494662,0.007266666666666667,0.08917499999999998,30
resnet_cosine_1nn,multiclass,selected_probe,all_classes,sham_BA_delta,-0.001111111111111111,0.021709565547720053,-0.03899999999999999,0.0409583333333333,30
resnet_cosine_1nn,multiclass,selected_probe,all_classes,turnover_difference,0.015122222222222223,0.03207946112872016,-0.033424999999999996,0.079275,30
resnet_cosine_1nn,multiclass,selected_probe,all_classes,churn_difference,0.0149,0.03217470866060229,-0.033424999999999996,0.08000833333333333,30
resnet_cosine_1nn,multiclass,selected_probe,healthy,policy_BA_difference,0.029166666666666674,0.09515942460920003,-0.1275,0.25,30
resnet_cosine_1nn,multiclass,selected_probe,healthy,policy_label_disagreement,0.085,0.08499492885481158,0.0,0.25,30
resnet_cosine_1nn,multiclass,selected_probe,healthy,exposure_gain,0.05583333333333333,0.08946279648000607,0.0,0.25,30
resnet_cosine_1nn,multiclass,selected_probe,healthy,exposure_loss,0.030000000000000002,0.0570087712549569,0.0,0.1662499999999998,30
resnet_cosine_1nn,multiclass,selected_probe,healthy,exposure_wrong_to_wrong,0.006666666666666666,0.02450662589267805,0.0,0.0706249999999999,30
resnet_cosine_1nn,multiclass,selected_probe,healthy,exposure_turnover,0.08583333333333333,0.09971583187456635,0.0,0.275,30
resnet_cosine_1nn,multiclass,selected_probe,healthy,exposure_label_churn,0.0925,0.0993838778294236,0.0,0.275,30
resnet_cosine_1nn,multiclass,selected_probe,healthy,exposure_BA_delta,0.025833333333333333,0.11208896815302206,-0.16625,0.25,30
resnet_cosine_1nn,multiclass,selected_probe,healthy,sham_gain,0.0275,0.04612109248937836,0.0,0.13187499999999996,30
resnet_cosine_1nn,multiclass,selected_probe,healthy,sham_loss,0.030833333333333327,0.04765326151831932,0.0,0.13874999999999993,30
resnet_cosine_1nn,multiclass,selected_probe,healthy,sham_wrong_to_wrong,0.006666666666666666,0.024506625892678047,0.0,0.0706249999999999,30
resnet_cosine_1nn,multiclass,selected_probe,healthy,sham_turnover,0.058333333333333334,0.07081220103973575,0.0,0.21374999999999994,30
resnet_cosine_1nn,multiclass,selected_probe,healthy,sham_label_churn,0.06499999999999999,0.07416198487095663,0.0,0.21374999999999994,30
resnet_cosine_1nn,multiclass,selected_probe,healthy,sham_BA_delta,-0.003333333333333332,0.06149478998583781,-0.120625,0.13187499999999996,30
resnet_cosine_1nn,multiclass,selected_probe,healthy,turnover_difference,0.027500000000000007,0.09246387924761346,-0.125,0.20687499999999998,30
resnet_cosine_1nn,multiclass,selected_probe,healthy,churn_difference,0.0275,0.09476604586177405,-0.125,0.20687499999999998,30
resnet_cosine_1nn,multiclass,sentinel,Potato___Early_blight,policy_BA_difference,0.001466666666666667,0.010047244718666984,-0.02,0.023299999999999984,30
resnet_cosine_1nn,multiclass,sentinel,Potato___Early_blight,policy_label_disagreement,0.006133333333333334,0.008958653429191677,0.0,0.023299999999999984,30
resnet_cosine_1nn,multiclass,sentinel,Potato___Early_blight,exposure_gain,0.0038666666666666667,0.008303440638481234,0.0,0.02219999999999999,30
resnet_cosine_1nn,multiclass,sentinel,Potato___Early_blight,exposure_loss,0.0034666666666666665,0.006866878693300599,0.0,0.02,30
resnet_cosine_1nn,multiclass,sentinel,Potato___Early_blight,exposure_wrong_to_wrong,0.0,0.0,0.0,0.0,30
resnet_cosine_1nn,multiclass,sentinel,Potato___Early_blight,exposure_turnover,0.007333333333333333,0.010768194973555491,0.0,0.03129999999999999,30
resnet_cosine_1nn,multiclass,sentinel,Potato___Early_blight,exposure_label_churn,0.007333333333333333,0.010768194973555491,0.0,0.03129999999999999,30
resnet_cosine_1nn,multiclass,sentinel,Potato___Early_blight,exposure_BA_delta,0.00040000000000000013,0.010781849371145425,-0.02,0.02219999999999999,30
resnet_cosine_1nn,multiclass,sentinel,Potato___Early_blight,sham_gain,0.0032000000000000006,0.007308002227129116,0.0,0.02,30
resnet_cosine_1nn,multiclass,sentinel,Potato___Early_blight,sham_loss,0.004266666666666667,0.009450171804069847,0.0,0.025499999999999974,30
resnet_cosine_1nn,multiclass,sentinel,Potato___Early_blight,sham_wrong_to_wrong,0.00013333333333333334,0.0007302967433402214,0.0,0.0010999999999999944,30
resnet_cosine_1nn,multiclass,sentinel,Potato___Early_blight,sham_turnover,0.007466666666666667,0.010698802167349948,0.0,0.025499999999999974,30
resnet_cosine_1nn,multiclass,sentinel,Potato___Early_blight,sham_label_churn,0.0076,0.010883711334549127,0.0,0.028399999999999977,30
resnet_cosine_1nn,multiclass,sentinel,Potato___Early_blight,sham_BA_delta,-0.0010666666666666667,0.013075202466510028,-0.0255,0.02,30
resnet_cosine_1nn,multiclass,sentinel,Potato___Early_blight,turnover_difference,-0.00013333333333333323,0.010156476898438047,-0.0233,0.02,30
resnet_cosine_1nn,multiclass,sentinel,Potato___Early_blight,churn_difference,-0.0002666666666666667,0.01018089262848026,-0.0233,0.02,30
resnet_cosine_1nn,multiclass,sentinel,Potato___Late_blight,policy_BA_difference,0.0041333333333333335,0.025996993636975017,-0.043,0.0571,30
resnet_cosine_1nn,multiclass,sentinel,Potato___Late_blight,policy_label_disagreement,0.046133333333333346,0.030692842401977758,0.0029000000000000007,0.10400000000000001,30
resnet_cosine_1nn,multiclass,sentinel,Potato___Late_blight,exposure_gain,0.024000000000000004,0.024946840032080354,0.0,0.07749999999999997,30
resnet_cosine_1nn,multiclass,sentinel,Potato___Late_blight,exposure_loss,0.016533333333333337,0.017220143243693805,0.0,0.050599999999999964,30
resnet_cosine_1nn,multiclass,sentinel,Potato___Late_blight,exposure_wrong_to_wrong,0.0009333333333333333,0.003885723944738308,0.0,0.011299999999999984,30
resnet_cosine_1nn,multiclass,sentinel,Potato___Late_blight,exposure_turnover,0.04053333333333334,0.025724982267120774,0.0,0.08619999999999998,30
resnet_cosine_1nn,multiclass,sentinel,Potato___Late_blight,exposure_label_churn,0.04146666666666667,0.027702524885964294,0.0,0.09169999999999996,30
resnet_cosine_1nn,multiclass,sentinel,Potato___Late_blight,exposure_BA_delta,0.007466666666666665,0.03429258825453981,-0.0506,0.07459999999999996,30
resnet_cosine_1nn,multiclass,sentinel,Potato___Late_blight,sham_gain,0.02026666666666667,0.019224505434351287,0.0,0.05459999999999997,30
resnet_cosine_1nn,multiclass,sentinel,Potato___Late_blight,sham_loss,0.016933333333333335,0.02089536053658857,0.0,0.061899999999999955,30
resnet_cosine_1nn,multiclass,sentinel,Potato___Late_blight,sham_wrong_to_wrong,0.0013333333333333333,0.005074162634049248,0.0,0.02,30
resnet_cosine_1nn,multiclass,sentinel,Potato___Late_blight,sham_turnover,0.03720000000000001,0.024883729623993257,0.0029000000000000007,0.0822,30
resnet_cosine_1nn,multiclass,sentinel,Potato___Late_blight,sham_label_churn,0.03853333333333334,0.027422283077734474,0.0029000000000000007,0.09419999999999999,30
resnet_cosine_1nn,multiclass,sentinel,Potato___Late_blight,sham_BA_delta,0.0033333333333333335,0.03151500281292786,-0.0619,0.05459999999999997,30
resnet_cosine_1nn,multiclass,sentinel,Potato___Late_blight,turnover_difference,0.003333333333333332,0.028769396255735716,-0.0571,0.053099999999999994,30
resnet_cosine_1nn,multiclass,sentinel,Potato___Late_blight,churn_difference,0.002933333333333332,0.030005669962276424,-0.0571,0.053099999999999994,30
resnet_cosine_1nn,multiclass,sentinel,all_classes,policy_BA_difference,0.0040888888888888884,0.01892127941802073,-0.042491666666666664,0.04156666666666665,30
resnet_cosine_1nn,multiclass,sentinel,all_classes,policy_label_disagreement,0.030755555555555557,0.024561586263831935,0.0019333333333333338,0.07964999999999998,30
resnet_cosine_1nn,multiclass,sentinel,all_classes,exposure_gain,0.014011111111111111,0.01666861674415348,0.0,0.055941666666666626,30
resnet_cosine_1nn,multiclass,sentinel,all_classes,exposure_loss,0.014444444444444444,0.019571527785849682,0.0,0.07060833333333331,30
resnet_cosine_1nn,multiclass,sentinel,all_classes,exposure_wrong_to_wrong,0.00031111111111111107,0.0012952413149127694,0.0,0.0037666666666666612,30
resnet_cosine_1nn,multiclass,sentinel,all_classes,exposure_turnover,0.02845555555555556,0.02242987938318699,0.004833333333333334,0.07810833333333332,30
resnet_cosine_1nn,multiclass,sentinel,all_classes,exposure_label_churn,0.02876666666666667,0.022731339448071427,0.004833333333333334,0.07810833333333332,30
resnet_cosine_1nn,multiclass,sentinel,all_classes,exposure_BA_delta,-0.00043333333333333337,0.0286125056387448,-0.06987499999999999,0.05110833333333328,30
resnet_cosine_1nn,multiclass,sentinel,all_classes,sham_gain,0.011711111111111111,0.012961106964376842,0.0,0.04494999999999999,30
resnet_cosine_1nn,multiclass,sentinel,all_classes,sham_loss,0.016233333333333332,0.02056298612720032,0.0,0.0618333333333333,30
resnet_cosine_1nn,multiclass,sentinel,all_classes,sham_wrong_to_wrong,0.0004888888888888889,0.0016968154380800433,0.0,0.006666666666666666,30
resnet_cosine_1nn,multiclass,sentinel,all_classes,sham_turnover,0.027944444444444445,0.024404648029958467,0.0009666666666666669,0.08064166666666664,30
resnet_cosine_1nn,multiclass,sentinel,all_classes,sham_label_churn,0.028433333333333335,0.02469913209885687,0.0009666666666666669,0.08064166666666664,30
resnet_cosine_1nn,multiclass,sentinel,all_classes,sham_BA_delta,-0.004522222222222221,0.024208811184210303,-0.05869166666666667,0.04011666666666665,30
resnet_cosine_1nn,multiclass,sentinel,all_classes,turnover_difference,0.0005111111111111108,0.021440237413145782,-0.05184166666666666,0.03189999999999996,30
resnet_cosine_1nn,multiclass,sentinel,all_classes,churn_difference,0.00033333333333333283,0.02160619323728492,-0.05184166666666666,0.03189999999999996,30
resnet_cosine_1nn,multiclass,sentinel,healthy,policy_BA_difference,0.006666666666666667,0.044008881026395136,-0.070625,0.125,30
resnet_cosine_1nn,multiclass,sentinel,healthy,policy_label_disagreement,0.04000000000000001,0.06873236450926508,0.0,0.20687499999999998,30
resnet_cosine_1nn,multiclass,sentinel,healthy,exposure_gain,0.014166666666666668,0.045335594095081894,0.0,0.1456249999999999,30
resnet_cosine_1nn,multiclass,sentinel,healthy,exposure_loss,0.02333333333333333,0.05290416405834841,0.0,0.18187499999999995,30
resnet_cosine_1nn,multiclass,sentinel,healthy,exposure_wrong_to_wrong,0.0,0.0,0.0,0.0,30
resnet_cosine_1nn,multiclass,sentinel,healthy,exposure_turnover,0.0375,0.06457753959922641,0.0,0.2,30
resnet_cosine_1nn,multiclass,sentinel,healthy,exposure_label_churn,0.0375,0.06457753959922641,0.0,0.2,30
resnet_cosine_1nn,multiclass,sentinel,healthy,exposure_BA_delta,-0.009166666666666665,0.07441824180027151,-0.18187499999999998,0.1456249999999999,30
resnet_cosine_1nn,multiclass,sentinel,healthy,sham_gain,0.011666666666666667,0.03130311577896463,0.0,0.08874999999999993,30
resnet_cosine_1nn,multiclass,sentinel,healthy,sham_loss,0.0275,0.056228444145596655,0.0,0.15249999999999986,30
resnet_cosine_1nn,multiclass,sentinel,healthy,sham_wrong_to_wrong,0.0,0.0,0.0,0.0,30
resnet_cosine_1nn,multiclass,sentinel,healthy,sham_turnover,0.03916666666666667,0.06422056998497758,0.0,0.20687499999999998,30
resnet_cosine_1nn,multiclass,sentinel,healthy,sham_label_churn,0.03916666666666667,0.06422056998497758,0.0,0.20687499999999998,30
resnet_cosine_1nn,multiclass,sentinel,healthy,sham_BA_delta,-0.01583333333333333,0.0644884824431161,-0.1525,0.08874999999999993,30
resnet_cosine_1nn,multiclass,sentinel,healthy,turnover_difference,-0.0016666666666666672,0.05721003850503098,-0.145625,0.125,30
resnet_cosine_1nn,multiclass,sentinel,healthy,churn_difference,-0.0016666666666666672,0.05721003850503098,-0.145625,0.125,30
resnet_cosine_1nn,multiclass,unselected_paired_probe,Potato___Early_blight,policy_BA_difference,-0.002,0.009082001906005617,-0.02,0.016,30
resnet_cosine_1nn,multiclass,unselected_paired_probe,Potato___Early_blight,policy_label_disagreement,0.007333333333333333,0.008209890306853967,0.0,0.02219999999999999,30
resnet_cosine_1nn,multiclass,unselected_paired_probe,Potato___Early_blight,exposure_gain,0.0032,0.006337627098637099,0.0,0.02,30
resnet_cosine_1nn,multiclass,unselected_paired_probe,Potato___Early_blight,exposure_loss,0.0038666666666666667,0.006168514789853687,0.0,0.02,30
resnet_cosine_1nn,multiclass,unselected_paired_probe,Potato___Early_blight,exposure_wrong_to_wrong,0.0002666666666666667,0.0010148325268098499,0.0,0.004,30
resnet_cosine_1nn,multiclass,unselected_paired_probe,Potato___Early_blight,exposure_turnover,0.007066666666666666,0.009198700557906156,0.0,0.025099999999999997,30
resnet_cosine_1nn,multiclass,unselected_paired_probe,Potato___Early_blight,exposure_label_churn,0.007333333333333333,0.009574871326526546,0.0,0.025099999999999997,30
resnet_cosine_1nn,multiclass,unselected_paired_probe,Potato___Early_blight,exposure_BA_delta,-0.0006666666666666666,0.008474437559745366,-0.02,0.017099999999999994,30
resnet_cosine_1nn,multiclass,unselected_paired_probe,Potato___Early_blight,sham_gain,0.0037333333333333333,0.006469735022732215,0.0,0.02,30
resnet_cosine_1nn,multiclass,unselected_paired_probe,Potato___Early_blight,sham_loss,0.0024000000000000002,0.004650546871809439,0.0,0.016,30
resnet_cosine_1nn,multiclass,unselected_paired_probe,Potato___Early_blight,sham_wrong_to_wrong,0.00013333333333333334,0.0007302967433402214,0.0,0.0010999999999999944,30
resnet_cosine_1nn,multiclass,unselected_paired_probe,Potato___Early_blight,sham_turnover,0.006133333333333335,0.007482085885326517,0.0,0.021099999999999994,30
resnet_cosine_1nn,multiclass,unselected_paired_probe,Potato___Early_blight,sham_label_churn,0.006266666666666668,0.007624521842931093,0.0,0.021099999999999994,30
resnet_cosine_1nn,multiclass,unselected_paired_probe,Potato___Early_blight,sham_BA_delta,0.001333333333333333,0.008425467687145114,-0.016,0.017099999999999994,30
resnet_cosine_1nn,multiclass,unselected_paired_probe,Potato___Early_blight,turnover_difference,0.0009333333333333332,0.00864205169339228,-0.0171,0.017099999999999994,30
resnet_cosine_1nn,multiclass,unselected_paired_probe,Potato___Early_blight,churn_difference,0.0010666666666666667,0.008909248713762466,-0.0171,0.02,30
resnet_cosine_1nn,multiclass,unselected_paired_probe,Potato___Late_blight,policy_BA_difference,-0.007866666666666668,0.018509519141527545,-0.037099999999999994,0.025099999999999997,30
resnet_cosine_1nn,multiclass,unselected_paired_probe,Potato___Late_blight,policy_label_disagreement,0.039866666666666675,0.01762391269981143,0.012,0.072,30
resnet_cosine_1nn,multiclass,unselected_paired_probe,Potato___Late_blight,exposure_gain,0.02226666666666667,0.016296674789520786,0.0,0.0571,30
resnet_cosine_1nn,multiclass,unselected_paired_probe,Potato___Late_blight,exposure_loss,0.02093333333333334,0.01718646888234108,0.0,0.06,30
resnet_cosine_1nn,multiclass,unselected_paired_probe,Potato___Late_blight,exposure_wrong_to_wrong,0.0017333333333333335,0.004540494681642409,0.0,0.014199999999999989,30
resnet_cosine_1nn,multiclass,unselected_paired_probe,Potato___Late_blight,exposure_turnover,0.04320000000000001,0.02772077522924539,0.0029000000000000007,0.0851,30
resnet_cosine_1nn,multiclass,unselected_paired_probe,Potato___Late_blight,exposure_label_churn,0.044933333333333346,0.02868489129325309,0.0029000000000000007,0.088,30
resnet_cosine_1nn,multiclass,unselected_paired_probe,Potato___Late_blight,exposure_BA_delta,0.0013333333333333335,0.018800831480756806,-0.0353,0.037099999999999994,30
resnet_cosine_1nn,multiclass,unselected_paired_probe,Potato___Late_blight,sham_gain,0.02773333333333334,0.01741765519935672,0.004,0.05899999999999994,30
resnet_cosine_1nn,multiclass,unselected_paired_probe,Potato___Late_blight,sham_loss,0.018533333333333336,0.012450545849641415,0.0,0.041499999999999974,30
resnet_cosine_1nn,multiclass,unselected_paired_probe,Potato___Late_blight,sham_wrong_to_wrong,0.0014666666666666667,0.004264798441559277,0.0,0.011299999999999984,30
resnet_cosine_1nn,multiclass,unselected_paired_probe,Potato___Late_blight,sham_turnover,0.04626666666666668,0.022958633464880102,0.009800000000000001,0.1011,30
resnet_cosine_1nn,multiclass,unselected_paired_probe,Potato___Late_blight,sham_label_churn,0.04773333333333334,0.023790657878647464,0.009800000000000001,0.1051,30
resnet_cosine_1nn,multiclass,unselected_paired_probe,Potato___Late_blight,sham_BA_delta,0.009200000000000002,0.01974038395322365,-0.0211,0.04299999999999994,30
resnet_cosine_1nn,multiclass,unselected_paired_probe,Potato___Late_blight,turnover_difference,-0.0030666666666666663,0.023528315052196203,-0.0411,0.038199999999999984,30
resnet_cosine_1nn,multiclass,unselected_paired_probe,Potato___Late_blight,churn_difference,-0.0028,0.02335099495775804,-0.0411,0.038199999999999984,30
resnet_cosine_1nn,multiclass,unselected_paired_probe,all_classes,policy_BA_difference,-0.002177777777777777,0.021074895332652253,-0.03298333333333334,0.04467499999999998,30
resnet_cosine_1nn,multiclass,unselected_paired_probe,all_classes,policy_label_disagreement,0.03378888888888889,0.01960734934018742,0.009933333333333334,0.07832499999999999,30
resnet_cosine_1nn,multiclass,unselected_paired_probe,all_classes,exposure_gain,0.01848888888888889,0.018485726777930627,0.0019333333333333338,0.06199166666666662,30
resnet_cosine_1nn,multiclass,unselected_paired_probe,all_classes,exposure_loss,0.017433333333333335,0.014900731551379734,0.0019333333333333338,0.046924999999999974,30
resnet_cosine_1nn,multiclass,unselected_paired_probe,all_classes,exposure_wrong_to_wrong,0.0026111111111111114,0.0074546307618592175,0.0,0.027291666666666655,30
resnet_cosine_1nn,multiclass,unselected_paired_probe,all_classes,exposure_turnover,0.035922222222222217,0.02388906085654935,0.005566666666666667,0.08416666666666661,30
resnet_cosine_1nn,multiclass,unselected_paired_probe,all_classes,exposure_label_churn,0.03853333333333332,0.02608953049659129,0.005566666666666667,0.0917833333333333,30
resnet_cosine_1nn,multiclass,unselected_paired_probe,all_classes,exposure_BA_delta,0.0010555555555555559,0.023597045618917033,-0.039391666666666665,0.05262499999999997,30
resnet_cosine_1nn,multiclass,unselected_paired_probe,all_classes,sham_gain,0.018822222222222226,0.017870271838477954,0.004,0.06743333333333332,30
resnet_cosine_1nn,multiclass,unselected_paired_probe,all_classes,sham_loss,0.01558888888888889,0.015219639292006874,0.0,0.05003333333333333,30
resnet_cosine_1nn,multiclass,unselected_paired_probe,all_classes,sham_wrong_to_wrong,0.0016444444444444445,0.005077131761348577,0.0,0.013283333333333307,30
resnet_cosine_1nn,multiclass,unselected_paired_probe,all_classes,sham_turnover,0.03441111111111111,0.023733785888319477,0.009933333333333334,0.09069999999999999,30
resnet_cosine_1nn,multiclass,unselected_paired_probe,all_classes,sham_label_churn,0.036055555555555556,0.024043237446776892,0.009933333333333334,0.09069999999999999,30
resnet_cosine_1nn,multiclass,unselected_paired_probe,all_classes,sham_BA_delta,0.003233333333333334,0.023209383424106788,-0.03755833333333333,0.04795833333333328,30
resnet_cosine_1nn,multiclass,unselected_paired_probe,all_classes,turnover_difference,0.0015111111111111104,0.017529336840390083,-0.037233333333333334,0.02474166666666666,30
resnet_cosine_1nn,multiclass,unselected_paired_probe,all_classes,churn_difference,0.002477777777777778,0.01729830309338463,-0.0365,0.02474166666666666,30
resnet_cosine_1nn,multiclass,unselected_paired_probe,healthy,policy_BA_difference,0.0033333333333333335,0.06078982068447459,-0.1,0.1206249999999999,30
resnet_cosine_1nn,multiclass,unselected_paired_probe,healthy,policy_label_disagreement,0.054166666666666675,0.05417219246792223,0.0,0.18187499999999995,30
resnet_cosine_1nn,multiclass,unselected_paired_probe,healthy,exposure_gain,0.030000000000000006,0.053093931077302786,0.0,0.15249999999999986,30
resnet_cosine_1nn,multiclass,unselected_paired_probe,healthy,exposure_loss,0.0275,0.04272506330577825,0.0,0.10687499999999997,30
resnet_cosine_1nn,multiclass,unselected_paired_probe,healthy,exposure_wrong_to_wrong,0.005833333333333333,0.022440854574257825,0.0,0.08187499999999996,30
resnet_cosine_1nn,multiclass,unselected_paired_probe,healthy,exposure_turnover,0.05750000000000001,0.06700167265024833,0.0,0.20687499999999998,30
resnet_cosine_1nn,multiclass,unselected_paired_probe,healthy,exposure_label_churn,0.06333333333333334,0.07213891452264684,0.0,0.20687499999999998,30
resnet_cosine_1nn,multiclass,unselected_paired_probe,healthy,exposure_BA_delta,0.0025000000000000022,0.06927892150948399,-0.106875,0.13437499999999983,30
resnet_cosine_1nn,multiclass,unselected_paired_probe,healthy,sham_gain,0.025,0.046885774623748794,0.0,0.12749999999999986,30
resnet_cosine_1nn,multiclass,unselected_paired_probe,healthy,sham_loss,0.025833333333333337,0.04329297413201596,0.0,0.125,30
resnet_cosine_1nn,multiclass,unselected_paired_probe,healthy,sham_wrong_to_wrong,0.0033333333333333335,0.014283661593084146,0.0,0.03874999999999993,30
resnet_cosine_1nn,multiclass,unselected_paired_probe,healthy,sham_turnover,0.05083333333333333,0.06175707879756939,0.0,0.2,30
resnet_cosine_1nn,multiclass,unselected_paired_probe,healthy,sham_label_churn,0.05416666666666666,0.06334202904610935,0.0,0.2,30
resnet_cosine_1nn,multiclass,unselected_paired_probe,healthy,sham_BA_delta,-0.0008333333333333313,0.06581168711497633,-0.125,0.12749999999999986,30
resnet_cosine_1nn,multiclass,unselected_paired_probe,healthy,turnover_difference,0.006666666666666667,0.05040069329937309,-0.1,0.08187499999999996,30
resnet_cosine_1nn,multiclass,unselected_paired_probe,healthy,churn_difference,0.009166666666666667,0.04934193385733487,-0.1,0.08187499999999996,30
resnet_logit,binary_healthy_other,all_paired_probe,Potato___Early_blight,policy_BA_difference,0.00046666666666666677,0.00290935866061439,-0.0016499999999999996,0.006749999999999987,30
resnet_logit,binary_healthy_other,all_paired_probe,Potato___Early_blight,policy_label_disagreement,0.0008666666666666667,0.002812942174691994,0.0,0.008199999999999989,30
resnet_logit,binary_healthy_other,all_paired_probe,Potato___Early_blight,exposure_gain,0.0018,0.005313612966581277,0.0,0.02,30
resnet_logit,binary_healthy_other,all_paired_probe,Potato___Early_blight,exposure_loss,0.0002,0.0010954451150103322,0.0,0.0016499999999999915,30
resnet_logit,binary_healthy_other,all_paired_probe,Potato___Early_blight,exposure_wrong_to_wrong,0.0,0.0,0.0,0.0,30
resnet_logit,binary_healthy_other,all_paired_probe,Potato___Early_blight,exposure_turnover,0.002,0.00535627250729589,0.0,0.02,30
resnet_logit,binary_healthy_other,all_paired_probe,Potato___Early_blight,exposure_label_churn,0.002,0.00535627250729589,0.0,0.02,30
resnet_logit,binary_healthy_other,all_paired_probe,Potato___Early_blight,exposure_BA_delta,0.0016,0.005493569908977911,-0.0016499999999999996,0.02,30
resnet_logit,binary_healthy_other,all_paired_probe,Potato___Early_blight,sham_gain,0.0016,0.0050759745114981915,0.0,0.018549999999999997,30
resnet_logit,binary_healthy_other,all_paired_probe,Potato___Early_blight,sham_loss,0.0004666666666666667,0.002556038601690776,0.0,0.0038499999999999806,30
resnet_logit,binary_healthy_other,all_paired_probe,Potato___Early_blight,sham_wrong_to_wrong,0.0,0.0,0.0,0.0,30
resnet_logit,binary_healthy_other,all_paired_probe,Potato___Early_blight,sham_turnover,0.0020666666666666667,0.0055456309819988696,0.0,0.018549999999999997,30
resnet_logit,binary_healthy_other,all_paired_probe,Potato___Early_blight,sham_label_churn,0.0020666666666666667,0.0055456309819988696,0.0,0.018549999999999997,30
resnet_logit,binary_healthy_other,all_paired_probe,Potato___Early_blight,sham_BA_delta,0.0011333333333333332,0.005817531964752711,-0.0038499999999999993,0.018549999999999997,30
resnet_logit,binary_healthy_other,all_paired_probe,Potato___Early_blight,turnover_difference,-6.666666666666672e-05,0.002947042156343267,-0.0038499999999999993,0.004549999999999998,30
resnet_logit,binary_healthy_other,all_paired_probe,Potato___Early_blight,churn_difference,-6.666666666666672e-05,0.002947042156343267,-0.0038499999999999993,0.004549999999999998,30
resnet_logit,binary_healthy_other,all_paired_probe,Potato___Late_blight,policy_BA_difference,0.0009999999999999996,0.010448560369405129,-0.01565,0.02419999999999999,30
resnet_logit,binary_healthy_other,all_paired_probe,Potato___Late_blight,policy_label_disagreement,0.012466666666666666,0.00983566113106066,0.0,0.032549999999999996,30
resnet_logit,binary_healthy_other,all_paired_probe,Potato___Late_blight,exposure_gain,0.008,0.012473420016040177,0.0,0.038399999999999976,30
resnet_logit,binary_healthy_other,all_paired_probe,Potato___Late_blight,exposure_loss,0.005533333333333334,0.005958091185498309,0.0,0.019099999999999992,30
resnet_logit,binary_healthy_other,all_paired_probe,Potato___Late_blight,exposure_wrong_to_wrong,0.0,0.0,0.0,0.0,30
resnet_logit,binary_healthy_other,all_paired_probe,Potato___Late_blight,exposure_turnover,0.013533333333333335,0.01413904677402833,0.0,0.052000000000000005,30
resnet_logit,binary_healthy_other,all_paired_probe,Potato___Late_blight,exposure_label_churn,0.013533333333333335,0.01413904677402833,0.0,0.052000000000000005,30
resnet_logit,binary_healthy_other,all_paired_probe,Potato___Late_blight,exposure_BA_delta,0.002466666666666667,0.013500276710659223,-0.0162,0.034949999999999974,30
resnet_logit,binary_healthy_other,all_paired_probe,Potato___Late_blight,sham_gain,0.006533333333333334,0.009525766629781433,0.0,0.02855,30
resnet_logit,binary_healthy_other,all_paired_probe,Potato___Late_blight,sham_loss,0.005066666666666667,0.00859403695968128,0.0,0.030549999999999997,30
resnet_logit,binary_healthy_other,all_paired_probe,Potato___Late_blight,sham_wrong_to_wrong,0.0,0.0,0.0,0.0,30
resnet_logit,binary_healthy_other,all_paired_probe,Potato___Late_blight,sham_turnover,0.011600000000000001,0.011294185260108636,0.0,0.030549999999999997,30
resnet_logit,binary_healthy_other,all_paired_probe,Potato___Late_blight,sham_label_churn,0.011600000000000001,0.011294185260108636,0.0,0.030549999999999997,30
resnet_logit,binary_healthy_other,all_paired_probe,Potato___Late_blight,sham_BA_delta,0.0014666666666666667,0.014199886675927923,-0.03055,0.027099999999999996,30
resnet_logit,binary_healthy_other,all_paired_probe,Potato___Late_blight,turnover_difference,0.0019333333333333336,0.011404576617134541,-0.01695,0.023099999999999996,30
resnet_logit,binary_healthy_other,all_paired_probe,Potato___Late_blight,churn_difference,0.0019333333333333336,0.011404576617134541,-0.01695,0.023099999999999996,30
resnet_logit,binary_healthy_other,all_paired_probe,all_classes,policy_BA_difference,0.011825000000000002,0.022845069452200446,-0.0053437499999999995,0.07586874999999998,30
resnet_logit,binary_healthy_other,all_paired_probe,all_classes,policy_label_disagreement,0.015208333333333334,0.022820616372245413,0.0003625000000000001,0.08411874999999999,30
resnet_logit,binary_healthy_other,all_paired_probe,all_classes,exposure_gain,0.010575,0.020210332582702547,0.0,0.07209999999999998,30
resnet_logit,binary_healthy_other,all_paired_probe,all_classes,exposure_loss,0.002266666666666667,0.0026530182334704067,0.0,0.008887499999999998,30
resnet_logit,binary_healthy_other,all_paired_probe,all_classes,exposure_wrong_to_wrong,0.0,0.0,0.0,0.0,30
resnet_logit,binary_healthy_other,all_paired_probe,all_classes,exposure_turnover,0.012841666666666666,0.020997278490866113,0.0,0.07721874999999999,30
resnet_logit,binary_healthy_other,all_paired_probe,all_classes,exposure_label_churn,0.012841666666666666,0.020997278490866113,0.0,0.07721874999999999,30
resnet_logit,binary_healthy_other,all_paired_probe,all_classes,exposure_BA_delta,0.008308333333333334,0.019751111201098563,-0.006531249999999999,0.06698125,30
resnet_logit,binary_healthy_other,all_paired_probe,all_classes,sham_gain,0.0047416666666666675,0.008410144565297045,0.0,0.02737499999999998,30
resnet_logit,binary_healthy_other,all_paired_probe,all_classes,sham_loss,0.008258333333333335,0.01439864746601481,0.0,0.046431249999999986,30
resnet_logit,binary_healthy_other,all_paired_probe,all_classes,sham_wrong_to_wrong,0.0,0.0,0.0,0.0,30
resnet_logit,binary_healthy_other,all_paired_probe,all_classes,sham_turnover,0.013000000000000001,0.018352628299980397,0.0,0.05997499999999999,30
resnet_logit,binary_healthy_other,all_paired_probe,all_classes,sham_label_churn,0.013000000000000001,0.018352628299980397,0.0,0.05997499999999999,30
resnet_logit,binary_healthy_other,all_paired_probe,all_classes,sham_BA_delta,-0.0035166666666666666,0.014808247546630857,-0.04139375,0.020031249999999994,30
resnet_logit,binary_healthy_other,all_paired_probe,all_classes,turnover_difference,-0.0001583333333333335,0.015649650669965577,-0.0368625,0.02968124999999997,30
resnet_logit,binary_healthy_other,all_paired_probe,all_classes,churn_difference,-0.0001583333333333335,0.015649650669965577,-0.0368625,0.02968124999999997,30
resnet_logit,binary_healthy_other,all_paired_probe,healthy,policy_BA_difference,0.022916666666666672,0.04465906930584613,-0.003437499999999999,0.15343749999999998,30
resnet_logit,binary_healthy_other,all_paired_probe,healthy,policy_label_disagreement,0.02375,0.04420636363926462,0.0,0.15343749999999998,30
resnet_logit,binary_healthy_other,all_paired_probe,healthy,exposure_gain,0.01625,0.036576266565384576,0.0,0.125,30
resnet_logit,binary_healthy_other,all_paired_probe,healthy,exposure_loss,0.0016666666666666668,0.004321823795522005,0.0,0.0125,30
resnet_logit,binary_healthy_other,all_paired_probe,healthy,exposure_wrong_to_wrong,0.0,0.0,0.0,0.0,30
resnet_logit,binary_healthy_other,all_paired_probe,healthy,exposure_turnover,0.017916666666666668,0.03809631245919355,0.0,0.12843749999999998,30
resnet_logit,binary_healthy_other,all_paired_probe,healthy,exposure_label_churn,0.017916666666666668,0.03809631245919355,0.0,0.12843749999999998,30
resnet_logit,binary_healthy_other,all_paired_probe,healthy,exposure_BA_delta,0.014583333333333332,0.03552004857224596,-0.0125,0.11593749999999999,30
resnet_logit,binary_healthy_other,all_paired_probe,healthy,sham_gain,0.005416666666666667,0.014189045880132522,0.0,0.04437499999999996,30
resnet_logit,binary_healthy_other,all_paired_probe,healthy,sham_loss,0.01375,0.02792192007526802,0.0,0.09093749999999998,30
resnet_logit,binary_healthy_other,all_paired_probe,healthy,sham_wrong_to_wrong,0.0,0.0,0.0,0.0,30
resnet_logit,binary_healthy_other,all_paired_probe,healthy,sham_turnover,0.019166666666666665,0.035466918372626825,0.0,0.10687499999999997,30
resnet_logit,binary_healthy_other,all_paired_probe,healthy,sham_label_churn,0.019166666666666665,0.035466918372626825,0.0,0.10687499999999997,30
resnet_logit,binary_healthy_other,all_paired_probe,healthy,sham_BA_delta,-0.008333333333333333,0.026533431525261622,-0.0784375,0.028437499999999984,30
resnet_logit,binary_healthy_other,all_paired_probe,healthy,turnover_difference,-0.0012500000000000002,0.028114222072798324,-0.06937499999999999,0.047812499999999945,30
resnet_logit,binary_healthy_other,all_paired_probe,healthy,churn_difference,-0.0012500000000000002,0.028114222072798324,-0.06937499999999999,0.047812499999999945,30
resnet_logit,binary_healthy_other,selected_probe,Potato___Early_blight,policy_BA_difference,0.0006666666666666666,0.002986559932411379,0.0,0.007299999999999984,30
resnet_logit,binary_healthy_other,selected_probe,Potato___Early_blight,policy_label_disagreement,0.0006666666666666666,0.002986559932411379,0.0,0.007299999999999984,30
resnet_logit,binary_healthy_other,selected_probe,Potato___Early_blight,exposure_gain,0.0016,0.005210069825463656,0.0,0.02,30
resnet_logit,binary_healthy_other,selected_probe,Potato___Early_blight,exposure_loss,0.0,0.0,0.0,0.0,30
resnet_logit,binary_healthy_other,selected_probe,Potato___Early_blight,exposure_wrong_to_wrong,0.0,0.0,0.0,0.0,30
resnet_logit,binary_healthy_other,selected_probe,Potato___Early_blight,exposure_turnover,0.0016,0.005210069825463656,0.0,0.02,30
resnet_logit,binary_healthy_other,selected_probe,Potato___Early_blight,exposure_label_churn,0.0016,0.005210069825463656,0.0,0.02,30
resnet_logit,binary_healthy_other,selected_probe,Potato___Early_blight,exposure_BA_delta,0.0016,0.005210069825463656,0.0,0.02,30
resnet_logit,binary_healthy_other,selected_probe,Potato___Early_blight,sham_gain,0.001466666666666667,0.004754187506880089,0.0,0.017099999999999994,30
resnet_logit,binary_healthy_other,selected_probe,Potato___Early_blight,sham_loss,0.0005333333333333334,0.0029211869733608855,0.0,0.004399999999999978,30
resnet_logit,binary_healthy_other,selected_probe,Potato___Early_blight,sham_wrong_to_wrong,0.0,0.0,0.0,0.0,30
resnet_logit,binary_healthy_other,selected_probe,Potato___Early_blight,sham_turnover,0.002,0.005432977211374105,0.0,0.017099999999999994,30
resnet_logit,binary_healthy_other,selected_probe,Potato___Early_blight,sham_label_churn,0.002,0.005432977211374105,0.0,0.017099999999999994,30
resnet_logit,binary_healthy_other,selected_probe,Potato___Early_blight,sham_BA_delta,0.0009333333333333333,0.005723113050473995,-0.0043999999999999985,0.017099999999999994,30
resnet_logit,binary_healthy_other,selected_probe,Potato___Early_blight,turnover_difference,-0.0004,0.003035423051808147,-0.0043999999999999985,0.0010999999999999944,30
resnet_logit,binary_healthy_other,selected_probe,Potato___Early_blight,churn_difference,-0.0004,0.003035423051808147,-0.0043999999999999985,0.0010999999999999944,30
resnet_logit,binary_healthy_other,selected_probe,Potato___Late_blight,policy_BA_difference,0.004,0.012865350418053539,-0.0131,0.03309999999999999,30
resnet_logit,binary_healthy_other,selected_probe,Potato___Late_blight,policy_label_disagreement,0.013333333333333334,0.011523090262399333,0.0,0.037099999999999994,30
resnet_logit,binary_healthy_other,selected_probe,Potato___Late_blight,exposure_gain,0.009066666666666667,0.01377387164997137,0.0,0.03969999999999996,30
resnet_logit,binary_healthy_other,selected_probe,Potato___Late_blight,exposure_loss,0.004266666666666667,0.005842373946721773,0.0,0.017099999999999994,30
resnet_logit,binary_healthy_other,selected_probe,Potato___Late_blight,exposure_wrong_to_wrong,0.0,0.0,0.0,0.0,30
resnet_logit,binary_healthy_other,selected_probe,Potato___Late_blight,exposure_turnover,0.013333333333333334,0.013749817135670124,0.0,0.04549999999999997,30
resnet_logit,binary_healthy_other,selected_probe,Potato___Late_blight,exposure_label_churn,0.013333333333333334,0.013749817135670124,0.0,0.04549999999999997,30
resnet_logit,binary_healthy_other,selected_probe,Potato___Late_blight,exposure_BA_delta,0.0048000000000000004,0.016082545689724278,-0.0171,0.03969999999999996,30
resnet_logit,binary_healthy_other,selected_probe,Potato___Late_blight,sham_gain,0.006266666666666668,0.009016969952619162,0.0,0.028000000000000004,30
resnet_logit,binary_healthy_other,selected_probe,Potato___Late_blight,sham_loss,0.005466666666666666,0.010047244718666984,0.0,0.03309999999999999,30
resnet_logit,binary_healthy_other,selected_probe,Potato___Late_blight,sham_wrong_to_wrong,0.0,0.0,0.0,0.0,30
resnet_logit,binary_healthy_other,selected_probe,Potato___Late_blight,sham_turnover,0.011733333333333335,0.011551782466828206,0.0,0.03309999999999999,30
resnet_logit,binary_healthy_other,selected_probe,Potato___Late_blight,sham_label_churn,0.011733333333333335,0.011551782466828206,0.0,0.03309999999999999,30
resnet_logit,binary_healthy_other,selected_probe,Potato___Late_blight,sham_BA_delta,0.0008000000000000009,0.015200725935478124,-0.0331,0.028000000000000004,30
resnet_logit,binary_healthy_other,selected_probe,Potato___Late_blight,turnover_difference,0.0016,0.013959547468211188,-0.027299999999999998,0.023299999999999984,30
resnet_logit,binary_healthy_other,selected_probe,Potato___Late_blight,churn_difference,0.0016,0.013959547468211188,-0.027299999999999998,0.023299999999999984,30
resnet_logit,binary_healthy_other,selected_probe,all_classes,policy_BA_difference,0.019083333333333338,0.032569840961077554,-0.003275,0.0959125,30
resnet_logit,binary_healthy_other,selected_probe,all_classes,policy_label_disagreement,0.021416666666666674,0.03254812970243355,0.0,0.09866249999999999,30
resnet_logit,binary_healthy_other,selected_probe,all_classes,exposure_gain,0.013500000000000002,0.023845407278464795,0.0,0.070975,30
resnet_logit,binary_healthy_other,selected_probe,all_classes,exposure_loss,0.0019000000000000002,0.0032174095384223367,0.0,0.0125,30
resnet_logit,binary_healthy_other,selected_probe,all_classes,exposure_wrong_to_wrong,0.0,0.0,0.0,0.0,30
resnet_logit,binary_healthy_other,selected_probe,all_classes,exposure_turnover,0.0154,0.025663068862633632,0.0,0.07731249999999996,30
resnet_logit,binary_healthy_other,selected_probe,all_classes,exposure_label_churn,0.0154,0.025663068862633632,0.0,0.07731249999999996,30
resnet_logit,binary_healthy_other,selected_probe,all_classes,exposure_BA_delta,0.011600000000000001,0.022345407612735787,-0.004275,0.0646375,30
resnet_logit,binary_healthy_other,selected_probe,all_classes,sham_gain,0.004433333333333333,0.007881376272836044,0.0,0.026099999999999998,30
resnet_logit,binary_healthy_other,selected_probe,all_classes,sham_loss,0.011916666666666667,0.02174582137162073,0.0,0.06393749999999995,30
resnet_logit,binary_healthy_other,selected_probe,all_classes,sham_wrong_to_wrong,0.0,0.0,0.0,0.0,30
resnet_logit,binary_healthy_other,selected_probe,all_classes,sham_turnover,0.01635,0.024598202205123404,0.0,0.0813375,30
resnet_logit,binary_healthy_other,selected_probe,all_classes,sham_label_churn,0.01635,0.024598202205123404,0.0,0.0813375,30
resnet_logit,binary_healthy_other,selected_probe,all_classes,sham_BA_delta,-0.007483333333333332,0.021562052927232636,-0.0632125,0.014949999999999975,30
resnet_logit,binary_healthy_other,selected_probe,all_classes,turnover_difference,-0.0009500000000000006,0.023992940772163626,-0.0617625,0.03897499999999998,30
resnet_logit,binary_healthy_other,selected_probe,all_classes,churn_difference,-0.0009500000000000006,0.023992940772163626,-0.0617625,0.03897499999999998,30
resnet_logit,binary_healthy_other,selected_probe,healthy,policy_BA_difference,0.03583333333333334,0.06422056998497758,0.0,0.18187499999999995,30
resnet_logit,binary_healthy_other,selected_probe,healthy,policy_label_disagreement,0.03583333333333334,0.06422056998497758,0.0,0.18187499999999995,30
resnet_logit,binary_healthy_other,selected_probe,healthy,exposure_gain,0.021666666666666667,0.044881709148515664,0.0,0.125,30
resnet_logit,binary_healthy_other,selected_probe,healthy,exposure_loss,0.0016666666666666668,0.00634270329256156,0.0,0.025,30
resnet_logit,binary_healthy_other,selected_probe,healthy,exposure_wrong_to_wrong,0.0,0.0,0.0,0.0,30
resnet_logit,binary_healthy_other,selected_probe,healthy,exposure_turnover,0.02333333333333333,0.04866021056216283,0.0,0.13187499999999996,30
resnet_logit,binary_healthy_other,selected_probe,healthy,exposure_label_churn,0.02333333333333333,0.04866021056216283,0.0,0.13187499999999996,30
resnet_logit,binary_healthy_other,selected_probe,healthy,exposure_BA_delta,0.02,0.04172983717131936,0.0,0.125,30
resnet_logit,binary_healthy_other,selected_probe,healthy,sham_gain,0.005000000000000001,0.015256428831468234,0.0,0.05,30
resnet_logit,binary_healthy_other,selected_probe,healthy,sham_loss,0.020833333333333332,0.04309338963095218,0.0,0.1206249999999999,30
resnet_logit,binary_healthy_other,selected_probe,healthy,sham_wrong_to_wrong,0.0,0.0,0.0,0.0,30
resnet_logit,binary_healthy_other,selected_probe,healthy,sham_turnover,0.025833333333333337,0.048903200186754106,0.0,0.15687499999999996,30
resnet_logit,binary_healthy_other,selected_probe,healthy,sham_label_churn,0.025833333333333337,0.048903200186754106,0.0,0.15687499999999996,30
resnet_logit,binary_healthy_other,selected_probe,healthy,sham_BA_delta,-0.01583333333333333,0.04228563246119984,-0.120625,0.013749999999999929,30
resnet_logit,binary_healthy_other,selected_probe,healthy,turnover_difference,-0.0025,0.04565141535744462,-0.120625,0.075,30
resnet_logit,binary_healthy_other,selected_probe,healthy,churn_difference,-0.0025,0.04565141535744462,-0.120625,0.075,30
resnet_logit,binary_healthy_other,sentinel,Potato___Early_blight,policy_BA_difference,-0.0002666666666666667,0.0010148325268098499,-0.004,0.0,30
resnet_logit,binary_healthy_other,sentinel,Potato___Early_blight,policy_label_disagreement,0.0002666666666666667,0.0010148325268098499,0.0,0.004,30
resnet_logit,binary_healthy_other,sentinel,Potato___Early_blight,exposure_gain,0.0,0.0,0.0,0.0,30
resnet_logit,binary_healthy_other,sentinel,Potato___Early_blight,exposure_loss,0.0008,0.003699021305790175,0.0,0.008399999999999977,30
resnet_logit,binary_healthy_other,sentinel,Potato___Early_blight,exposure_wrong_to_wrong,0.0,0.0,0.0,0.0,30
resnet_logit,binary_healthy_other,sentinel,Potato___Early_blight,exposure_turnover,0.0008,0.003699021305790175,0.0,0.008399999999999977,30
resnet_logit,binary_healthy_other,sentinel,Potato___Early_blight,exposure_label_churn,0.0008,0.003699021305790175,0.0,0.008399999999999977,30
resnet_logit,binary_healthy_other,sentinel,Potato___Early_blight,exposure_BA_delta,-0.0008,0.003699021305790175,-0.008399999999999998,0.0,30
resnet_logit,binary_healthy_other,sentinel,Potato___Early_blight,sham_gain,0.0,0.0,0.0,0.0,30
resnet_logit,binary_healthy_other,sentinel,Potato___Early_blight,sham_loss,0.0005333333333333334,0.0029211869733608855,0.0,0.004399999999999978,30
resnet_logit,binary_healthy_other,sentinel,Potato___Early_blight,sham_wrong_to_wrong,0.0,0.0,0.0,0.0,30
resnet_logit,binary_healthy_other,sentinel,Potato___Early_blight,sham_turnover,0.0005333333333333334,0.0029211869733608855,0.0,0.004399999999999978,30
resnet_logit,binary_healthy_other,sentinel,Potato___Early_blight,sham_label_churn,0.0005333333333333334,0.0029211869733608855,0.0,0.004399999999999978,30
resnet_logit,binary_healthy_other,sentinel,Potato___Early_blight,sham_BA_delta,-0.0005333333333333334,0.0029211869733608855,-0.0043999999999999985,0.0,30
resnet_logit,binary_healthy_other,sentinel,Potato___Early_blight,turnover_difference,0.0002666666666666667,0.0010148325268098499,0.0,0.004,30
resnet_logit,binary_healthy_other,sentinel,Potato___Early_blight,churn_difference,0.0002666666666666667,0.0010148325268098499,0.0,0.004,30
resnet_logit,binary_healthy_other,sentinel,Potato___Late_blight,policy_BA_difference,0.0010666666666666667,0.010126555507021212,-0.0182,0.019299999999999984,30
resnet_logit,binary_healthy_other,sentinel,Potato___Late_blight,policy_label_disagreement,0.009866666666666668,0.012372754643621782,0.0,0.036,30
resnet_logit,binary_healthy_other,sentinel,Potato___Late_blight,exposure_gain,0.0074666666666666675,0.015641971243031235,0.0,0.047699999999999965,30
resnet_logit,binary_healthy_other,sentinel,Potato___Late_blight,exposure_loss,0.0032,0.005498589160741208,0.0,0.017099999999999994,30
resnet_logit,binary_healthy_other,sentinel,Potato___Late_blight,exposure_wrong_to_wrong,0.0,0.0,0.0,0.0,30
resnet_logit,binary_healthy_other,sentinel,Potato___Late_blight,exposure_turnover,0.010666666666666668,0.016620165012943503,0.0,0.047699999999999965,30
resnet_logit,binary_healthy_other,sentinel,Potato___Late_blight,exposure_label_churn,0.010666666666666668,0.016620165012943503,0.0,0.047699999999999965,30
resnet_logit,binary_healthy_other,sentinel,Potato___Late_blight,exposure_BA_delta,0.004266666666666667,0.016540302572667837,-0.0171,0.047699999999999965,30
resnet_logit,binary_healthy_other,sentinel,Potato___Late_blight,sham_gain,0.0076,0.014979526257413871,0.0,0.04549999999999997,30
resnet_logit,binary_healthy_other,sentinel,Potato___Late_blight,sham_loss,0.0044,0.007527421136452858,0.0,0.024,30
resnet_logit,binary_healthy_other,sentinel,Potato___Late_blight,sham_wrong_to_wrong,0.0,0.0,0.0,0.0,30
resnet_logit,binary_healthy_other,sentinel,Potato___Late_blight,sham_turnover,0.012000000000000002,0.016442166146411696,0.0,0.04659999999999997,30
resnet_logit,binary_healthy_other,sentinel,Potato___Late_blight,sham_label_churn,0.012000000000000002,0.016442166146411696,0.0,0.04659999999999997,30
resnet_logit,binary_healthy_other,sentinel,Potato___Late_blight,sham_BA_delta,0.0032,0.017080741322844598,-0.0211,0.04439999999999998,30
resnet_logit,binary_healthy_other,sentinel,Potato___Late_blight,turnover_difference,-0.0013333333333333333,0.004964239937887726,-0.0131,0.005099999999999995,30
resnet_logit,binary_healthy_other,sentinel,Potato___Late_blight,churn_difference,-0.0013333333333333333,0.004964239937887726,-0.0131,0.005099999999999995,30
resnet_logit,binary_healthy_other,sentinel,all_classes,policy_BA_difference,0.000616666666666667,0.00842684885406137,-0.015212499999999999,0.018212499999999986,30
resnet_logit,binary_healthy_other,sentinel,all_classes,policy_label_disagreement,0.00795,0.015115275443211016,0.0,0.05453749999999998,30
resnet_logit,binary_healthy_other,sentinel,all_classes,exposure_gain,0.009783333333333333,0.0267542079620788,0.0,0.09382499999999994,30
resnet_logit,binary_healthy_other,sentinel,all_classes,exposure_loss,0.003083333333333334,0.009238304193293058,0.0,0.02281249999999995,30
resnet_logit,binary_healthy_other,sentinel,all_classes,exposure_wrong_to_wrong,0.0,0.0,0.0,0.0,30
resnet_logit,binary_healthy_other,sentinel,all_classes,exposure_turnover,0.012866666666666667,0.027573079491483684,0.0,0.09482499999999994,30
resnet_logit,binary_healthy_other,sentinel,all_classes,exposure_label_churn,0.012866666666666667,0.027573079491483684,0.0,0.09482499999999994,30
resnet_logit,binary_healthy_other,sentinel,all_classes,exposure_BA_delta,0.006699999999999999,0.029017117421416553,-0.0228125,0.09282499999999994,30
resnet_logit,binary_healthy_other,sentinel,all_classes,sham_gain,0.00815,0.025378904489820837,0.0,0.08331249999999993,30
resnet_logit,binary_healthy_other,sentinel,all_classes,sham_loss,0.0020666666666666667,0.004741113890167608,0.0,0.011224999999999975,30
resnet_logit,binary_healthy_other,sentinel,all_classes,sham_wrong_to_wrong,0.0,0.0,0.0,0.0,30
resnet_logit,binary_healthy_other,sentinel,all_classes,sham_turnover,0.010216666666666667,0.025291978874779627,0.0,0.08403749999999992,30
resnet_logit,binary_healthy_other,sentinel,all_classes,sham_label_churn,0.010216666666666667,0.025291978874779627,0.0,0.08403749999999992,30
resnet_logit,binary_healthy_other,sentinel,all_classes,sham_BA_delta,0.006083333333333333,0.026333433362242725,-0.011224999999999999,0.08258749999999992,30
resnet_logit,binary_healthy_other,sentinel,all_classes,turnover_difference,0.00265,0.007080996910137676,-0.0025499999999999997,0.022824999999999995,30
resnet_logit,binary_healthy_other,sentinel,all_classes,churn_difference,0.00265,0.007080996910137676,-0.0025499999999999997,0.022824999999999995,30
resnet_logit,binary_healthy_other,sentinel,healthy,policy_BA_difference,0.0008333333333333334,0.015373697496459457,-0.031875,0.031874999999999966,30
resnet_logit,binary_healthy_other,sentinel,healthy,policy_label_disagreement,0.010833333333333334,0.029858382215146,0.0,0.10687499999999997,30
resnet_logit,binary_healthy_other,sentinel,healthy,exposure_gain,0.01583333333333333,0.05272052752949752,0.0,0.17749999999999985,30
resnet_logit,binary_healthy_other,sentinel,healthy,exposure_loss,0.004166666666666667,0.01866599957757111,0.0,0.0456249999999999,30
resnet_logit,binary_healthy_other,sentinel,healthy,exposure_wrong_to_wrong,0.0,0.0,0.0,0.0,30
resnet_logit,binary_healthy_other,sentinel,healthy,exposure_turnover,0.020000000000000004,0.05469350336506912,0.0,0.17749999999999985,30
resnet_logit,binary_healthy_other,sentinel,healthy,exposure_label_churn,0.020000000000000004,0.05469350336506912,0.0,0.17749999999999985,30
resnet_logit,binary_healthy_other,sentinel,healthy,exposure_BA_delta,0.011666666666666665,0.05713464637233658,-0.045625,0.17749999999999985,30
resnet_logit,binary_healthy_other,sentinel,healthy,sham_gain,0.0125,0.050322237492056096,0.0,0.15937499999999982,30
resnet_logit,binary_healthy_other,sentinel,healthy,sham_loss,0.0016666666666666668,0.00912870929175277,0.0,0.013749999999999929,30
resnet_logit,binary_healthy_other,sentinel,healthy,sham_wrong_to_wrong,0.0,0.0,0.0,0.0,30
resnet_logit,binary_healthy_other,sentinel,healthy,sham_turnover,0.014166666666666666,0.050720385164787225,0.0,0.15937499999999982,30
resnet_logit,binary_healthy_other,sentinel,healthy,sham_label_churn,0.014166666666666666,0.050720385164787225,0.0,0.15937499999999982,30
resnet_logit,binary_healthy_other,sentinel,healthy,sham_BA_delta,0.010833333333333334,0.05156320750124154,-0.013749999999999997,0.15937499999999982,30
resnet_logit,binary_healthy_other,sentinel,healthy,turnover_difference,0.005833333333333334,0.014208019428898388,0.0,0.05,30
resnet_logit,binary_healthy_other,sentinel,healthy,churn_difference,0.005833333333333334,0.014208019428898388,0.0,0.05,30
resnet_logit,binary_healthy_other,unselected_paired_probe,Potato___Early_blight,policy_BA_difference,0.0002666666666666667,0.0034733798836424383,-0.003299999999999999,0.009099999999999995,30
resnet_logit,binary_healthy_other,unselected_paired_probe,Potato___Early_blight,policy_label_disagreement,0.0010666666666666667,0.0033107279471786696,0.0,0.012,30
resnet_logit,binary_healthy_other,unselected_paired_probe,Potato___Early_blight,exposure_gain,0.002,0.005533596448528968,0.0,0.02,30
resnet_logit,binary_healthy_other,unselected_paired_probe,Potato___Early_blight,exposure_loss,0.0004,0.0021908902300206644,0.0,0.003299999999999983,30
resnet_logit,binary_healthy_other,unselected_paired_probe,Potato___Early_blight,exposure_wrong_to_wrong,0.0,0.0,0.0,0.0,30
resnet_logit,binary_healthy_other,unselected_paired_probe,Potato___Early_blight,exposure_turnover,0.0024,0.0058108103773380285,0.0,0.02,30
resnet_logit,binary_healthy_other,unselected_paired_probe,Potato___Early_blight,exposure_label_churn,0.0024,0.0058108103773380285,0.0,0.02,30
resnet_logit,binary_healthy_other,unselected_paired_probe,Potato___Early_blight,exposure_BA_delta,0.0016,0.0060889951608590984,-0.003299999999999999,0.02,30
resnet_logit,binary_healthy_other,unselected_paired_probe,Potato___Early_blight,sham_gain,0.0017333333333333335,0.005426202922939719,0.0,0.02,30
resnet_logit,binary_healthy_other,unselected_paired_probe,Potato___Early_blight,sham_loss,0.0004,0.0021908902300206644,0.0,0.003299999999999983,30
resnet_logit,binary_healthy_other,unselected_paired_probe,Potato___Early_blight,sham_wrong_to_wrong,0.0,0.0,0.0,0.0,30
resnet_logit,binary_healthy_other,unselected_paired_probe,Potato___Early_blight,sham_turnover,0.0021333333333333334,0.00572793116249653,0.0,0.02,30
resnet_logit,binary_healthy_other,unselected_paired_probe,Potato___Early_blight,sham_label_churn,0.0021333333333333334,0.00572793116249653,0.0,0.02,30
resnet_logit,binary_healthy_other,unselected_paired_probe,Potato___Early_blight,sham_BA_delta,0.0013333333333333333,0.005973119864822758,-0.003299999999999999,0.02,30
resnet_logit,binary_healthy_other,unselected_paired_probe,Potato___Early_blight,turnover_difference,0.0002666666666666667,0.0034733798836424383,-0.003299999999999999,0.009099999999999995,30
resnet_logit,binary_healthy_other,unselected_paired_probe,Potato___Early_blight,churn_difference,0.0002666666666666667,0.0034733798836424383,-0.003299999999999999,0.009099999999999995,30
resnet_logit,binary_healthy_other,unselected_paired_probe,Potato___Late_blight,policy_BA_difference,-0.002,0.010903969539765686,-0.022599999999999995,0.015299999999999984,30
resnet_logit,binary_healthy_other,unselected_paired_probe,Potato___Late_blight,policy_label_disagreement,0.011600000000000003,0.011760835063009359,0.0,0.04219999999999999,30
resnet_logit,binary_healthy_other,unselected_paired_probe,Potato___Late_blight,exposure_gain,0.006933333333333334,0.012065720417588098,0.0,0.0411,30
resnet_logit,binary_healthy_other,unselected_paired_probe,Potato___Late_blight,exposure_loss,0.0068000000000000005,0.007658216232391782,0.0,0.024,30
resnet_logit,binary_healthy_other,unselected_paired_probe,Potato___Late_blight,exposure_wrong_to_wrong,0.0,0.0,0.0,0.0,30
resnet_logit,binary_healthy_other,unselected_paired_probe,Potato___Late_blight,exposure_turnover,0.013733333333333335,0.015675443860697694,0.0,0.04949999999999997,30
resnet_logit,binary_healthy_other,unselected_paired_probe,Potato___Late_blight,exposure_label_churn,0.013733333333333335,0.015675443860697694,0.0,0.04949999999999997,30
resnet_logit,binary_healthy_other,unselected_paired_probe,Potato___Late_blight,exposure_BA_delta,0.00013333333333333345,0.01275696789543101,-0.0182,0.03019999999999999,30
resnet_logit,binary_healthy_other,unselected_paired_probe,Potato___Late_blight,sham_gain,0.0068000000000000005,0.010459775167360153,0.0,0.032,30
resnet_logit,binary_healthy_other,unselected_paired_probe,Potato___Late_blight,sham_loss,0.004666666666666667,0.008409081024592455,0.0,0.02619999999999999,30
resnet_logit,binary_healthy_other,unselected_paired_probe,Potato___Late_blight,sham_wrong_to_wrong,0.0,0.0,0.0,0.0,30
resnet_logit,binary_healthy_other,unselected_paired_probe,Potato___Late_blight,sham_turnover,0.011466666666666665,0.012505814739506202,0.0,0.032,30
resnet_logit,binary_healthy_other,unselected_paired_probe,Potato___Late_blight,sham_label_churn,0.011466666666666665,0.012505814739506202,0.0,0.032,30
resnet_logit,binary_healthy_other,unselected_paired_probe,Potato___Late_blight,sham_BA_delta,0.0021333333333333334,0.01427738344939014,-0.0262,0.032,30
resnet_logit,binary_healthy_other,unselected_paired_probe,Potato___Late_blight,turnover_difference,0.002266666666666667,0.01074768085114928,-0.0182,0.02619999999999999,30
resnet_logit,binary_healthy_other,unselected_paired_probe,Potato___Late_blight,churn_difference,0.002266666666666667,0.01074768085114928,-0.0182,0.02619999999999999,30
resnet_logit,binary_healthy_other,unselected_paired_probe,all_classes,policy_BA_difference,0.004566666666666666,0.01716488663910523,-0.0112375,0.055974999999999955,30
resnet_logit,binary_healthy_other,unselected_paired_probe,all_classes,policy_label_disagreement,0.009000000000000001,0.017401942024006876,0.0,0.06522499999999998,30
resnet_logit,binary_healthy_other,unselected_paired_probe,all_classes,exposure_gain,0.0076500000000000005,0.018602071631017795,0.0,0.07277499999999999,30
resnet_logit,binary_healthy_other,unselected_paired_probe,all_classes,exposure_loss,0.002633333333333334,0.003993385335374188,0.0,0.01505,30
resnet_logit,binary_healthy_other,unselected_paired_probe,all_classes,exposure_wrong_to_wrong,0.0,0.0,0.0,0.0,30
resnet_logit,binary_healthy_other,unselected_paired_probe,all_classes,exposure_turnover,0.010283333333333334,0.018888823247575823,0.0,0.07487499999999998,30
resnet_logit,binary_healthy_other,unselected_paired_probe,all_classes,exposure_label_churn,0.010283333333333334,0.018888823247575823,0.0,0.07487499999999998,30
resnet_logit,binary_healthy_other,unselected_paired_probe,all_classes,exposure_BA_delta,0.005016666666666667,0.019161960941574765,-0.014500000000000002,0.069325,30
resnet_logit,binary_healthy_other,unselected_paired_probe,all_classes,sham_gain,0.005050000000000001,0.01319309511148501,0.0,0.033974999999999936,30
resnet_logit,binary_healthy_other,unselected_paired_probe,all_classes,sham_loss,0.004600000000000001,0.010955552835481856,0.0,0.03559999999999997,30
resnet_logit,binary_healthy_other,unselected_paired_probe,all_classes,sham_wrong_to_wrong,0.0,0.0,0.0,0.0,30
resnet_logit,binary_healthy_other,unselected_paired_probe,all_classes,sham_turnover,0.00965,0.0161368874920486,0.0,0.058537499999999985,30
resnet_logit,binary_healthy_other,unselected_paired_probe,all_classes,sham_label_churn,0.00965,0.0161368874920486,0.0,0.058537499999999985,30
resnet_logit,binary_healthy_other,unselected_paired_probe,all_classes,sham_BA_delta,0.00045000000000000026,0.01810427173825044,-0.033875,0.03369999999999993,30
resnet_logit,binary_healthy_other,unselected_paired_probe,all_classes,turnover_difference,0.0006333333333333331,0.01334678918726131,-0.0199375,0.02936249999999994,30
resnet_logit,binary_healthy_other,unselected_paired_probe,all_classes,churn_difference,0.0006333333333333331,0.01334678918726131,-0.0199375,0.02936249999999994,30
resnet_logit,binary_healthy_other,unselected_paired_probe,healthy,policy_BA_difference,0.01,0.033218191941495986,-0.006874999999999998,0.11374999999999993,30
resnet_logit,binary_healthy_other,unselected_paired_probe,healthy,policy_label_disagreement,0.011666666666666667,0.03265106359711715,0.0,0.11374999999999993,30
resnet_logit,binary_healthy_other,unselected_paired_probe,healthy,exposure_gain,0.010833333333333334,0.03261804380414612,0.0,0.125,30
resnet_logit,binary_healthy_other,unselected_paired_probe,healthy,exposure_loss,0.0016666666666666668,0.00634270329256156,0.0,0.025,30
resnet_logit,binary_healthy_other,unselected_paired_probe,healthy,exposure_wrong_to_wrong,0.0,0.0,0.0,0.0,30
resnet_logit,binary_healthy_other,unselected_paired_probe,healthy,exposure_turnover,0.012500000000000002,0.03266206277667696,0.0,0.125,30
resnet_logit,binary_healthy_other,unselected_paired_probe,healthy,exposure_label_churn,0.012500000000000002,0.03266206277667696,0.0,0.125,30
resnet_logit,binary_healthy_other,unselected_paired_probe,healthy,exposure_BA_delta,0.009166666666666667,0.03378643201798242,-0.025,0.125,30
resnet_logit,binary_healthy_other,unselected_paired_probe,healthy,sham_gain,0.005833333333333333,0.02338151839164537,0.0,0.05249999999999986,30
resnet_logit,binary_healthy_other,unselected_paired_probe,healthy,sham_loss,0.006666666666666667,0.02069204966986668,0.0,0.06374999999999993,30
resnet_logit,binary_healthy_other,unselected_paired_probe,healthy,sham_wrong_to_wrong,0.0,0.0,0.0,0.0,30
resnet_logit,binary_healthy_other,unselected_paired_probe,healthy,sham_turnover,0.012500000000000002,0.029906463377071823,0.0,0.10687499999999997,30
resnet_logit,binary_healthy_other,unselected_paired_probe,healthy,sham_label_churn,0.012500000000000002,0.029906463377071823,0.0,0.10687499999999997,30
resnet_logit,binary_healthy_other,unselected_paired_probe,healthy,sham_BA_delta,-0.0008333333333333334,0.032485629006593415,-0.06375,0.05249999999999986,30
resnet_logit,binary_healthy_other,unselected_paired_probe,healthy,turnover_difference,2.312964634635743e-19,0.022742941307367103,-0.031875,0.0456249999999999,30
resnet_logit,binary_healthy_other,unselected_paired_probe,healthy,churn_difference,2.312964634635743e-19,0.022742941307367103,-0.031875,0.0456249999999999,30
resnet_logit,multiclass,all_paired_probe,Potato___Early_blight,policy_BA_difference,0.0018000000000000002,0.004310372413704828,-0.006,0.011649999999999992,30
resnet_logit,multiclass,all_paired_probe,Potato___Early_blight,policy_label_disagreement,0.004666666666666667,0.005287156418010135,0.0,0.014549999999999999,30
resnet_logit,multiclass,all_paired_probe,Potato___Early_blight,exposure_gain,0.002933333333333334,0.005601313474862674,0.0,0.016,30
resnet_logit,multiclass,all_paired_probe,Potato___Early_blight,exposure_loss,0.0011333333333333334,0.002445732854463524,0.0,0.007099999999999994,30
resnet_logit,multiclass,all_paired_probe,Potato___Early_blight,exposure_wrong_to_wrong,0.00013333333333333334,0.0007302967433402214,0.0,0.0010999999999999944,30
resnet_logit,multiclass,all_paired_probe,Potato___Early_blight,exposure_turnover,0.004066666666666667,0.006225272924820707,0.0,0.018549999999999997,30
resnet_logit,multiclass,all_paired_probe,Potato___Early_blight,exposure_label_churn,0.0042,0.0064828686711128555,0.0,0.018549999999999997,30
resnet_logit,multiclass,all_paired_probe,Potato___Early_blight,exposure_BA_delta,0.0018000000000000002,0.0059965507326841805,-0.0070999999999999995,0.014549999999999999,30
resnet_logit,multiclass,all_paired_probe,Potato___Early_blight,sham_gain,0.0027333333333333333,0.0060681948308988175,0.0,0.021099999999999994,30
resnet_logit,multiclass,all_paired_probe,Potato___Early_blight,sham_loss,0.0027333333333333337,0.0041183636969347286,0.0,0.011649999999999992,30
resnet_logit,multiclass,all_paired_probe,Potato___Early_blight,sham_wrong_to_wrong,0.0,0.0,0.0,0.0,30
resnet_logit,multiclass,all_paired_probe,Potato___Early_blight,sham_turnover,0.0054666666666666665,0.00791216145250934,0.0,0.028000000000000004,30
resnet_logit,multiclass,all_paired_probe,Potato___Early_blight,sham_label_churn,0.0054666666666666665,0.00791216145250934,0.0,0.028000000000000004,30
resnet_logit,multiclass,all_paired_probe,Potato___Early_blight,sham_BA_delta,0.0,0.006705633246858891,-0.01165,0.014199999999999989,30
resnet_logit,multiclass,all_paired_probe,Potato___Early_blight,turnover_difference,-0.0014,0.00515015901997545,-0.01165,0.008549999999999997,30
resnet_logit,multiclass,all_paired_probe,Potato___Early_blight,churn_difference,-0.0012666666666666668,0.005495661820979773,-0.01165,0.009649999999999992,30
resnet_logit,multiclass,all_paired_probe,Potato___Late_blight,policy_BA_difference,0.0018666666666666664,0.011251768698767973,-0.0151,0.02455,30
resnet_logit,multiclass,all_paired_probe,Potato___Late_blight,policy_label_disagreement,0.01586666666666667,0.008270151286333918,0.0,0.032,30
resnet_logit,multiclass,all_paired_probe,Potato___Late_blight,exposure_gain,0.008200000000000002,0.008856713798601874,0.0,0.02655,30
resnet_logit,multiclass,all_paired_probe,Potato___Late_blight,exposure_loss,0.006533333333333335,0.006724803975265535,0.0,0.02455,30
resnet_logit,multiclass,all_paired_probe,Potato___Late_blight,exposure_wrong_to_wrong,6.666666666666667e-05,0.0003651483716701107,0.0,0.0005499999999999972,30
resnet_logit,multiclass,all_paired_probe,Potato___Late_blight,exposure_turnover,0.014733333333333336,0.01114770220125278,0.0,0.04074999999999999,30
resnet_logit,multiclass,all_paired_probe,Potato___Late_blight,exposure_label_churn,0.014800000000000002,0.011136767314032226,0.0,0.04074999999999999,30
resnet_logit,multiclass,all_paired_probe,Potato___Late_blight,exposure_BA_delta,0.0016666666666666663,0.011093127208518247,-0.01675,0.02364999999999999,30
resnet_logit,multiclass,all_paired_probe,Potato___Late_blight,sham_gain,0.007533333333333334,0.008846325297227535,0.0,0.024949999999999976,30
resnet_logit,multiclass,all_paired_probe,Potato___Late_blight,sham_loss,0.007733333333333333,0.009332676495770796,0.0,0.028749999999999987,30
resnet_logit,multiclass,all_paired_probe,Potato___Late_blight,sham_wrong_to_wrong,0.0002,0.0010954451150103322,0.0,0.0016499999999999915,30
resnet_logit,multiclass,all_paired_probe,Potato___Late_blight,sham_turnover,0.01526666666666667,0.010392083636059255,0.0,0.03654999999999999,30
resnet_logit,multiclass,all_paired_probe,Potato___Late_blight,sham_label_churn,0.015466666666666668,0.010542960826471173,0.0,0.03654999999999999,30
resnet_logit,multiclass,all_paired_probe,Potato___Late_blight,sham_BA_delta,-0.0001999999999999994,0.014923714061161528,-0.02875,0.02204999999999997,30
resnet_logit,multiclass,all_paired_probe,Potato___Late_blight,turnover_difference,-0.0005333333333333337,0.010852405845879437,-0.024550000000000002,0.01764999999999999,30
resnet_logit,multiclass,all_paired_probe,Potato___Late_blight,churn_difference,-0.0006666666666666673,0.010844777332997614,-0.024550000000000002,0.01764999999999999,30
resnet_logit,multiclass,all_paired_probe,all_classes,policy_BA_difference,0.009416666666666663,0.015522554965071897,-0.01305,0.04574583333333332,30
resnet_logit,multiclass,all_paired_probe,all_classes,policy_label_disagreement,0.019900000000000008,0.015105224794485981,0.0038166666666666666,0.054729166666666634,30
resnet_logit,multiclass,all_paired_probe,all_classes,exposure_gain,0.017877777777777774,0.019525351107921512,0.0,0.049,30
resnet_logit,multiclass,all_paired_probe,all_classes,exposure_loss,0.005194444444444445,0.006000332579118056,0.0,0.02210833333333333,30
resnet_logit,multiclass,all_paired_probe,all_classes,exposure_wrong_to_wrong,6.666666666666667e-05,0.0002683852666242992,0.0,0.0008499999999999992,30
resnet_logit,multiclass,all_paired_probe,all_classes,exposure_turnover,0.02307222222222222,0.019944351860530687,0.00048333333333333344,0.05775833333333333,30
resnet_logit,multiclass,all_paired_probe,all_classes,exposure_label_churn,0.023138888888888886,0.019951477697764477,0.00048333333333333344,0.05775833333333333,30
resnet_logit,multiclass,all_paired_probe,all_classes,exposure_BA_delta,0.012683333333333331,0.02089759514294936,-0.017325,0.04591666666666666,30
resnet_logit,multiclass,all_paired_probe,all_classes,sham_gain,0.011894444444444447,0.014181667739454555,0.0,0.04384583333333333,30
resnet_logit,multiclass,all_paired_probe,all_classes,sham_loss,0.00862777777777778,0.00801073075018625,0.0,0.024716666666666665,30
resnet_logit,multiclass,all_paired_probe,all_classes,sham_wrong_to_wrong,0.00020555555555555556,0.0008323941067273551,0.0,0.00259583333333333,30
resnet_logit,multiclass,all_paired_probe,all_classes,sham_turnover,0.02052222222222222,0.016342580852314353,0.0011500000000000002,0.05592916666666666,30
resnet_logit,multiclass,all_paired_probe,all_classes,sham_label_churn,0.020727777777777776,0.01664789076496162,0.0011500000000000002,0.05804999999999999,30
resnet_logit,multiclass,all_paired_probe,all_classes,sham_BA_delta,0.003266666666666666,0.01623277749290304,-0.01885,0.03936666666666666,30
resnet_logit,multiclass,all_paired_probe,all_classes,turnover_difference,0.0025499999999999997,0.011815159267049562,-0.014679166666666665,0.024299999999999992,30
resnet_logit,multiclass,all_paired_probe,all_classes,churn_difference,0.0024111111111111113,0.012007639118090356,-0.014679166666666665,0.024299999999999992,30
resnet_logit,multiclass,all_paired_probe,healthy,policy_BA_difference,0.024583333333333332,0.04751171966733183,-0.0375,0.1421874999999999,30
resnet_logit,multiclass,all_paired_probe,healthy,policy_label_disagreement,0.03916666666666666,0.044253060157839176,0.0,0.1421874999999999,30
resnet_logit,multiclass,all_paired_probe,healthy,exposure_gain,0.042499999999999996,0.05700877125495689,0.0,0.12843749999999998,30
resnet_logit,multiclass,all_paired_probe,healthy,exposure_loss,0.007916666666666667,0.015565259356996744,0.0,0.04437499999999996,30
resnet_logit,multiclass,all_paired_probe,healthy,exposure_wrong_to_wrong,0.0,0.0,0.0,0.0,30
resnet_logit,multiclass,all_paired_probe,healthy,exposure_turnover,0.05041666666666667,0.05652312363756205,0.0,0.1409375,30
resnet_logit,multiclass,all_paired_probe,healthy,exposure_label_churn,0.05041666666666667,0.05652312363756205,0.0,0.1409375,30
resnet_logit,multiclass,all_paired_probe,healthy,exposure_BA_delta,0.03458333333333333,0.06156046695691987,-0.044375,0.12843749999999998,30
resnet_logit,multiclass,all_paired_probe,healthy,sham_gain,0.025416666666666667,0.04311213992827777,0.0,0.12843749999999998,30
resnet_logit,multiclass,all_paired_probe,healthy,sham_loss,0.015416666666666667,0.02266779704754094,0.0,0.0625,30
resnet_logit,multiclass,all_paired_probe,healthy,sham_wrong_to_wrong,0.0004166666666666667,0.0022821773229381925,0.0,0.0034374999999999822,30
resnet_logit,multiclass,all_paired_probe,healthy,sham_turnover,0.040833333333333326,0.049451009078183374,0.0,0.15343749999999998,30
resnet_logit,multiclass,all_paired_probe,healthy,sham_label_churn,0.04125,0.0504452161020865,0.0,0.1625,30
resnet_logit,multiclass,all_paired_probe,healthy,sham_BA_delta,0.009999999999999998,0.047953821177433215,-0.0625,0.125,30
resnet_logit,multiclass,all_paired_probe,healthy,turnover_difference,0.009583333333333334,0.03293857484232853,-0.0534375,0.06593749999999998,30
resnet_logit,multiclass,all_paired_probe,healthy,churn_difference,0.009166666666666667,0.03330458530441192,-0.0534375,0.06593749999999998,30
resnet_logit,multiclass,selected_probe,Potato___Early_blight,policy_BA_difference,0.002133333333333334,0.0061908349018213365,-0.010199999999999999,0.013099999999999995,30
resnet_logit,multiclass,selected_probe,Potato___Early_blight,policy_label_disagreement,0.0044,0.004966091920768003,0.0,0.016,30
resnet_logit,multiclass,selected_probe,Potato___Early_blight,exposure_gain,0.0036,0.006916247736932267,0.0,0.02,30
resnet_logit,multiclass,selected_probe,Potato___Early_blight,exposure_loss,0.0006666666666666666,0.0036514837167011083,0.0,0.005499999999999972,30
resnet_logit,multiclass,selected_probe,Potato___Early_blight,exposure_wrong_to_wrong,0.00013333333333333334,0.0007302967433402214,0.0,0.0010999999999999944,30
resnet_logit,multiclass,selected_probe,Potato___Early_blight,exposure_turnover,0.004266666666666667,0.007496819248893141,0.0,0.02,30
resnet_logit,multiclass,selected_probe,Potato___Early_blight,exposure_label_churn,0.0044,0.007672611388389312,0.0,0.02,30
resnet_logit,multiclass,selected_probe,Potato___Early_blight,exposure_BA_delta,0.002933333333333334,0.008132240363721017,-0.005499999999999998,0.02,30
resnet_logit,multiclass,selected_probe,Potato___Early_blight,sham_gain,0.003466666666666667,0.007482085885326518,0.0,0.02219999999999999,30
resnet_logit,multiclass,selected_probe,Potato___Early_blight,sham_loss,0.002666666666666667,0.004373378188724273,0.0,0.013099999999999995,30
resnet_logit,multiclass,selected_probe,Potato___Early_blight,sham_wrong_to_wrong,0.0,0.0,0.0,0.0,30
resnet_logit,multiclass,selected_probe,Potato___Early_blight,sham_turnover,0.006133333333333334,0.008386085903543393,0.0,0.025099999999999997,30
resnet_logit,multiclass,selected_probe,Potato___Early_blight,sham_label_churn,0.006133333333333334,0.008386085903543393,0.0,0.025099999999999997,30
resnet_logit,multiclass,selected_probe,Potato___Early_blight,sham_BA_delta,0.0008,0.008938101318088412,-0.0131,0.019299999999999984,30
resnet_logit,multiclass,selected_probe,Potato___Early_blight,turnover_difference,-0.0018666666666666669,0.006279322022119209,-0.016,0.009099999999999995,30
resnet_logit,multiclass,selected_probe,Potato___Early_blight,churn_difference,-0.0017333333333333337,0.006448380354430273,-0.016,0.009099999999999995,30
resnet_logit,multiclass,selected_probe,Potato___Late_blight,policy_BA_difference,0.007333333333333334,0.010665229788278432,-0.0091,0.029099999999999997,30
resnet_logit,multiclass,selected_probe,Potato___Late_blight,policy_label_disagreement,0.01586666666666667,0.009881132607611105,0.0,0.03419999999999999,30
resnet_logit,multiclass,selected_probe,Potato___Late_blight,exposure_gain,0.010000000000000002,0.010802298605964095,0.0,0.032,30
resnet_logit,multiclass,selected_probe,Potato___Late_blight,exposure_loss,0.004,0.004697761756117628,0.0,0.013099999999999995,30
resnet_logit,multiclass,selected_probe,Potato___Late_blight,exposure_wrong_to_wrong,0.00013333333333333334,0.0007302967433402214,0.0,0.0010999999999999944,30
resnet_logit,multiclass,selected_probe,Potato___Late_blight,exposure_turnover,0.014000000000000005,0.010853253127439528,0.0,0.03309999999999999,30
resnet_logit,multiclass,selected_probe,Potato___Late_blight,exposure_label_churn,0.014133333333333338,0.010750247257247342,0.0,0.03309999999999999,30
resnet_logit,multiclass,selected_probe,Potato___Late_blight,exposure_BA_delta,0.006000000000000002,0.012638201530717673,-0.0131,0.029099999999999997,30
resnet_logit,multiclass,selected_probe,Potato___Late_blight,sham_gain,0.0074666666666666675,0.00920169899354549,0.0,0.027299999999999984,30
resnet_logit,multiclass,selected_probe,Potato___Late_blight,sham_loss,0.0088,0.010629821421278714,0.0,0.03309999999999999,30
resnet_logit,multiclass,selected_probe,Potato___Late_blight,sham_wrong_to_wrong,0.0002666666666666667,0.0014605934866804427,0.0,0.002199999999999989,30
resnet_logit,multiclass,selected_probe,Potato___Late_blight,sham_turnover,0.01626666666666667,0.011212472529727109,0.0,0.036,30
resnet_logit,multiclass,selected_probe,Potato___Late_blight,sham_label_churn,0.016533333333333337,0.011397922779092731,0.0,0.036,30
resnet_logit,multiclass,selected_probe,Potato___Late_blight,sham_BA_delta,-0.001333333333333333,0.016419780613707934,-0.0331,0.024399999999999977,30
resnet_logit,multiclass,selected_probe,Potato___Late_blight,turnover_difference,-0.002266666666666667,0.013315620418382194,-0.029100000000000004,0.013099999999999995,30
resnet_logit,multiclass,selected_probe,Potato___Late_blight,churn_difference,-0.0024000000000000002,0.013145341380123987,-0.029100000000000004,0.013099999999999995,30
resnet_logit,multiclass,selected_probe,all_classes,policy_BA_difference,0.01704444444444445,0.01944157833282884,-0.0017000000000000001,0.060491666666666666,30
resnet_logit,multiclass,selected_probe,all_classes,policy_label_disagreement,0.02147777777777778,0.019725061044407934,0.0,0.06655833333333333,30
resnet_logit,multiclass,selected_probe,all_classes,exposure_gain,0.02147777777777778,0.022715579971365567,0.0,0.06424999999999997,30
resnet_logit,multiclass,selected_probe,all_classes,exposure_loss,0.002666666666666667,0.003749840354200741,0.0,0.01134999999999999,30
resnet_logit,multiclass,selected_probe,all_classes,exposure_wrong_to_wrong,8.88888888888889e-05,0.0003382775089366166,0.0,0.0013333333333333335,30
resnet_logit,multiclass,selected_probe,all_classes,exposure_turnover,0.024144444444444444,0.02378103873510495,0.0,0.06884999999999998,30
resnet_logit,multiclass,selected_probe,all_classes,exposure_label_churn,0.024233333333333332,0.023726757128428182,0.0,0.06884999999999998,30
resnet_logit,multiclass,selected_probe,all_classes,exposure_BA_delta,0.018811111111111115,0.022239153511643187,-0.003766666666666667,0.06061666666666664,30
resnet_logit,multiclass,selected_probe,all_classes,sham_gain,0.01308888888888889,0.016707062157241347,0.0,0.053624999999999985,30
resnet_logit,multiclass,selected_probe,all_classes,sham_loss,0.011322222222222223,0.012517721792567427,0.0,0.040958333333333326,30
resnet_logit,multiclass,selected_probe,all_classes,sham_wrong_to_wrong,0.00036666666666666667,0.0015813811316456588,0.0,0.004224999999999993,30
resnet_logit,multiclass,selected_probe,all_classes,sham_turnover,0.02441111111111111,0.020600874759787623,0.0009666666666666669,0.06646666666666666,30
resnet_logit,multiclass,selected_probe,all_classes,sham_label_churn,0.024777777777777777,0.021181994329626568,0.0009666666666666669,0.07115833333333332,30
resnet_logit,multiclass,selected_probe,all_classes,sham_BA_delta,0.0017666666666666664,0.021148109341868653,-0.03008333333333333,0.04174999999999998,30
resnet_logit,multiclass,selected_probe,all_classes,turnover_difference,-0.0002666666666666668,0.01593410761356321,-0.029116666666666662,0.025824999999999997,30
resnet_logit,multiclass,selected_probe,all_classes,churn_difference,-0.0005444444444444445,0.015994128073217297,-0.029116666666666662,0.025824999999999997,30
resnet_logit,multiclass,selected_probe,healthy,policy_BA_difference,0.04166666666666666,0.058476834985189276,0.0,0.18187499999999995,30
resnet_logit,multiclass,selected_probe,healthy,policy_label_disagreement,0.04416666666666667,0.0596987167501044,0.0,0.18187499999999995,30
resnet_logit,multiclass,selected_probe,healthy,exposure_gain,0.05083333333333333,0.06774805421984245,0.0,0.18874999999999992,30
resnet_logit,multiclass,selected_probe,healthy,exposure_loss,0.0033333333333333335,0.010854312136382617,0.0,0.031874999999999966,30
resnet_logit,multiclass,selected_probe,healthy,exposure_wrong_to_wrong,0.0,0.0,0.0,0.0,30
resnet_logit,multiclass,selected_probe,healthy,exposure_turnover,0.05416666666666667,0.07043073551899855,0.0,0.18874999999999992,30
resnet_logit,multiclass,selected_probe,healthy,exposure_label_churn,0.05416666666666667,0.07043073551899855,0.0,0.18874999999999992,30
resnet_logit,multiclass,selected_probe,healthy,exposure_BA_delta,0.0475,0.0667438489998168,-0.006874999999999998,0.18874999999999992,30
resnet_logit,multiclass,selected_probe,healthy,sham_gain,0.028333333333333332,0.052000221042854684,0.0,0.15687499999999996,30
resnet_logit,multiclass,selected_probe,healthy,sham_loss,0.022500000000000003,0.036168904533762335,0.0,0.10687499999999997,30
resnet_logit,multiclass,selected_probe,healthy,sham_wrong_to_wrong,0.0008333333333333334,0.004564354645876385,0.0,0.0068749999999999645,30
resnet_logit,multiclass,selected_probe,healthy,sham_turnover,0.05083333333333333,0.06175707879756939,0.0,0.175,30
resnet_logit,multiclass,selected_probe,healthy,sham_label_churn,0.051666666666666666,0.06363057892800161,0.0,0.18187499999999995,30
resnet_logit,multiclass,selected_probe,healthy,sham_BA_delta,0.0058333333333333345,0.06488827710570783,-0.08875,0.13874999999999993,30
resnet_logit,multiclass,selected_probe,healthy,turnover_difference,0.0033333333333333344,0.044881709148515664,-0.08875,0.08187499999999996,30
resnet_logit,multiclass,selected_probe,healthy,churn_difference,0.0025000000000000014,0.04517685553313852,-0.08875,0.08187499999999996,30
resnet_logit,multiclass,sentinel,Potato___Early_blight,policy_BA_difference,-0.0024000000000000002,0.007972366065959037,-0.024,0.012,30
resnet_logit,multiclass,sentinel,Potato___Early_blight,policy_label_disagreement,0.006666666666666667,0.009589266029707685,0.0,0.02619999999999999,30
resnet_logit,multiclass,sentinel,Potato___Early_blight,exposure_gain,0.004266666666666667,0.009566224107669698,0.0,0.03309999999999999,30
resnet_logit,multiclass,sentinel,Potato___Early_blight,exposure_loss,0.0024000000000000002,0.0058108103773380285,0.0,0.02,30
resnet_logit,multiclass,sentinel,Potato___Early_blight,exposure_wrong_to_wrong,0.0,0.0,0.0,0.0,30
resnet_logit,multiclass,sentinel,Potato___Early_blight,exposure_turnover,0.006666666666666666,0.01020254644797016,0.0,0.03309999999999999,30
resnet_logit,multiclass,sentinel,Potato___Early_blight,exposure_label_churn,0.006666666666666666,0.01020254644797016,0.0,0.03309999999999999,30
resnet_logit,multiclass,sentinel,Potato___Early_blight,exposure_BA_delta,0.0018666666666666664,0.012102246395446258,-0.02,0.03309999999999999,30
resnet_logit,multiclass,sentinel,Potato___Early_blight,sham_gain,0.0057333333333333325,0.011101206313243413,0.0,0.03309999999999999,30
resnet_logit,multiclass,sentinel,Potato___Early_blight,sham_loss,0.0014666666666666667,0.004516126913501278,0.0,0.016,30
resnet_logit,multiclass,sentinel,Potato___Early_blight,sham_wrong_to_wrong,0.0,0.0,0.0,0.0,30
resnet_logit,multiclass,sentinel,Potato___Early_blight,sham_turnover,0.007200000000000001,0.011621620754676055,0.0,0.03309999999999999,30
resnet_logit,multiclass,sentinel,Potato___Early_blight,sham_label_churn,0.007200000000000001,0.011621620754676055,0.0,0.03309999999999999,30
resnet_logit,multiclass,sentinel,Potato___Early_blight,sham_BA_delta,0.004266666666666667,0.012337029579707373,-0.0131,0.03309999999999999,30
resnet_logit,multiclass,sentinel,Potato___Early_blight,turnover_difference,-0.0005333333333333334,0.008581187657264896,-0.024,0.012,30
resnet_logit,multiclass,sentinel,Potato___Early_blight,churn_difference,-0.0005333333333333334,0.008581187657264896,-0.024,0.012,30
resnet_logit,multiclass,sentinel,Potato___Late_blight,policy_BA_difference,0.0015999999999999996,0.012543991555239943,-0.0215,0.02619999999999999,30
resnet_logit,multiclass,sentinel,Potato___Late_blight,policy_label_disagreement,0.014133333333333335,0.014696312775502646,0.0,0.04219999999999999,30
resnet_logit,multiclass,sentinel,Potato___Late_blight,exposure_gain,0.0084,0.016752971944270587,0.0,0.050599999999999964,30
resnet_logit,multiclass,sentinel,Potato___Late_blight,exposure_loss,0.003466666666666667,0.005917439645152538,0.0,0.016399999999999977,30
resnet_logit,multiclass,sentinel,Potato___Late_blight,exposure_wrong_to_wrong,0.0,0.0,0.0,0.0,30
resnet_logit,multiclass,sentinel,Potato___Late_blight,exposure_turnover,0.011866666666666668,0.01698626896447049,0.0,0.050599999999999964,30
resnet_logit,multiclass,sentinel,Potato___Late_blight,exposure_label_churn,0.011866666666666668,0.01698626896447049,0.0,0.050599999999999964,30
resnet_logit,multiclass,sentinel,Potato___Late_blight,exposure_BA_delta,0.004933333333333332,0.018515479699585075,-0.016399999999999998,0.050599999999999964,30
resnet_logit,multiclass,sentinel,Potato___Late_blight,sham_gain,0.008,0.016905416393815206,0.0,0.04989999999999995,30
resnet_logit,multiclass,sentinel,Potato___Late_blight,sham_loss,0.004666666666666667,0.007507850297652052,0.0,0.021099999999999994,30
resnet_logit,multiclass,sentinel,Potato___Late_blight,sham_wrong_to_wrong,0.0,0.0,0.0,0.0,30
resnet_logit,multiclass,sentinel,Potato___Late_blight,sham_turnover,0.012666666666666666,0.017673930408710847,0.0,0.04989999999999995,30
resnet_logit,multiclass,sentinel,Potato___Late_blight,sham_label_churn,0.012666666666666666,0.017673930408710847,0.0,0.04989999999999995,30
resnet_logit,multiclass,sentinel,Potato___Late_blight,sham_BA_delta,0.0033333333333333335,0.019286109586656035,-0.0211,0.04989999999999995,30
resnet_logit,multiclass,sentinel,Potato___Late_blight,turnover_difference,-0.0007999999999999999,0.013631606275680516,-0.027299999999999998,0.028399999999999977,30
resnet_logit,multiclass,sentinel,Potato___Late_blight,churn_difference,-0.0007999999999999999,0.013631606275680516,-0.027299999999999998,0.028399999999999977,30
resnet_logit,multiclass,sentinel,all_classes,policy_BA_difference,0.0008444444444444444,0.013766451901509597,-0.025124999999999995,0.028366666666666627,30
resnet_logit,multiclass,sentinel,all_classes,policy_label_disagreement,0.01526666666666667,0.016156656457717987,0.0,0.05813333333333332,30
resnet_logit,multiclass,sentinel,all_classes,exposure_gain,0.006722222222222224,0.010288215679340282,0.0,0.03104999999999997,30
resnet_logit,multiclass,sentinel,all_classes,exposure_loss,0.0039000000000000007,0.008396838485508944,0.0,0.02381666666666663,30
resnet_logit,multiclass,sentinel,all_classes,exposure_wrong_to_wrong,0.0,0.0,0.0,0.0,30
resnet_logit,multiclass,sentinel,all_classes,exposure_turnover,0.010622222222222224,0.011731260701649412,0.0,0.043858333333333326,30
resnet_logit,multiclass,sentinel,all_classes,exposure_label_churn,0.010622222222222224,0.011731260701649412,0.0,0.043858333333333326,30
resnet_logit,multiclass,sentinel,all_classes,exposure_BA_delta,0.002822222222222223,0.01466581328064117,-0.023816666666666663,0.03104999999999997,30
resnet_logit,multiclass,sentinel,all_classes,sham_gain,0.00846666666666667,0.013440260898763087,0.0,0.050275,30
resnet_logit,multiclass,sentinel,all_classes,sham_loss,0.006488888888888889,0.016875186011935397,0.0,0.04203333333333324,30
resnet_logit,multiclass,sentinel,all_classes,sham_wrong_to_wrong,0.0,0.0,0.0,0.0,30
resnet_logit,multiclass,sentinel,all_classes,sham_turnover,0.014955555555555555,0.020044917631678906,0.0,0.06426666666666662,30
resnet_logit,multiclass,sentinel,all_classes,sham_label_churn,0.014955555555555555,0.020044917631678906,0.0,0.06426666666666662,30
resnet_logit,multiclass,sentinel,all_classes,sham_BA_delta,0.001977777777777778,0.023000571929143163,-0.042033333333333325,0.047374999999999994,30
resnet_logit,multiclass,sentinel,all_classes,turnover_difference,-0.004333333333333333,0.012289920487695179,-0.03440833333333333,0.008608333333333332,30
resnet_logit,multiclass,sentinel,all_classes,churn_difference,-0.004333333333333333,0.012289920487695179,-0.03440833333333333,0.008608333333333332,30
resnet_logit,multiclass,sentinel,healthy,policy_BA_difference,0.0033333333333333335,0.03924576263824506,-0.081875,0.07749999999999986,30
resnet_logit,multiclass,sentinel,healthy,policy_label_disagreement,0.025,0.046885774623748794,0.0,0.15,30
resnet_logit,multiclass,sentinel,healthy,exposure_gain,0.007500000000000001,0.026384099182181157,0.0,0.08874999999999993,30
resnet_logit,multiclass,sentinel,healthy,exposure_loss,0.005833333333333334,0.020430003853921914,0.0,0.06374999999999993,30
resnet_logit,multiclass,sentinel,healthy,exposure_wrong_to_wrong,0.0,0.0,0.0,0.0,30
resnet_logit,multiclass,sentinel,healthy,exposure_turnover,0.013333333333333334,0.0319841914974746,0.0,0.10687499999999997,30
resnet_logit,multiclass,sentinel,healthy,exposure_label_churn,0.013333333333333334,0.0319841914974746,0.0,0.10687499999999997,30
resnet_logit,multiclass,sentinel,healthy,exposure_BA_delta,0.0016666666666666661,0.03469903440307449,-0.06375,0.08874999999999993,30
resnet_logit,multiclass,sentinel,healthy,sham_gain,0.011666666666666667,0.03698399778220335,0.0,0.13187499999999996,30
resnet_logit,multiclass,sentinel,healthy,sham_loss,0.013333333333333334,0.046763036783290725,0.0,0.10499999999999972,30
resnet_logit,multiclass,sentinel,healthy,sham_wrong_to_wrong,0.0,0.0,0.0,0.0,30
resnet_logit,multiclass,sentinel,healthy,sham_turnover,0.025,0.05685735326841776,0.0,0.17749999999999985,30
resnet_logit,multiclass,sentinel,healthy,sham_label_churn,0.025,0.05685735326841776,0.0,0.17749999999999985,30
resnet_logit,multiclass,sentinel,healthy,sham_BA_delta,-0.0016666666666666668,0.062261037427986984,-0.10499999999999998,0.13187499999999996,30
resnet_logit,multiclass,sentinel,healthy,turnover_difference,-0.011666666666666665,0.033945527696218135,-0.09562499999999999,0.025,30
resnet_logit,multiclass,sentinel,healthy,churn_difference,-0.011666666666666665,0.033945527696218135,-0.09562499999999999,0.025,30
resnet_logit,multiclass,unselected_paired_probe,Potato___Early_blight,policy_BA_difference,0.0014666666666666667,0.005090446314240131,-0.0050999999999999995,0.016,30
resnet_logit,multiclass,unselected_paired_probe,Potato___Early_blight,policy_label_disagreement,0.004933333333333333,0.007099943337963962,0.0,0.02,30
resnet_logit,multiclass,unselected_paired_probe,Potato___Early_blight,exposure_gain,0.002266666666666667,0.005002987613163885,0.0,0.016,30
resnet_logit,multiclass,unselected_paired_probe,Potato___Early_blight,exposure_loss,0.0016000000000000003,0.003577708763999663,0.0,0.012,30
resnet_logit,multiclass,unselected_paired_probe,Potato___Early_blight,exposure_wrong_to_wrong,0.00013333333333333334,0.0007302967433402214,0.0,0.0010999999999999944,30
resnet_logit,multiclass,unselected_paired_probe,Potato___Early_blight,exposure_turnover,0.003866666666666667,0.006431245566780193,0.0,0.017099999999999994,30
resnet_logit,multiclass,unselected_paired_probe,Potato___Early_blight,exposure_label_churn,0.004000000000000001,0.0067261712221995075,0.0,0.02,30
resnet_logit,multiclass,unselected_paired_probe,Potato___Early_blight,exposure_BA_delta,0.0006666666666666666,0.005856522054488708,-0.012,0.016,30
resnet_logit,multiclass,unselected_paired_probe,Potato___Early_blight,sham_gain,0.0020000000000000005,0.005330458995569544,0.0,0.02,30
resnet_logit,multiclass,unselected_paired_probe,Potato___Early_blight,sham_loss,0.0028,0.004830934799237385,0.0,0.013099999999999995,30
resnet_logit,multiclass,unselected_paired_probe,Potato___Early_blight,sham_wrong_to_wrong,0.0,0.0,0.0,0.0,30
resnet_logit,multiclass,unselected_paired_probe,Potato___Early_blight,sham_turnover,0.0048000000000000004,0.008231143549831399,0.0,0.029099999999999997,30
resnet_logit,multiclass,unselected_paired_probe,Potato___Early_blight,sham_label_churn,0.0048000000000000004,0.008231143549831399,0.0,0.029099999999999997,30
resnet_logit,multiclass,unselected_paired_probe,Potato___Early_blight,sham_BA_delta,-0.0008,0.005979274549469279,-0.0131,0.009099999999999995,30
resnet_logit,multiclass,unselected_paired_probe,Potato___Early_blight,turnover_difference,-0.0009333333333333332,0.005818717321228779,-0.0131,0.010199999999999989,30
resnet_logit,multiclass,unselected_paired_probe,Potato___Early_blight,churn_difference,-0.0007999999999999999,0.006249965517146254,-0.0131,0.011299999999999984,30
resnet_logit,multiclass,unselected_paired_probe,Potato___Late_blight,policy_BA_difference,-0.0036,0.013710303198438153,-0.024,0.021099999999999994,30
resnet_logit,multiclass,unselected_paired_probe,Potato___Late_blight,policy_label_disagreement,0.01586666666666667,0.010102008449444283,0.0,0.036,30
resnet_logit,multiclass,unselected_paired_probe,Potato___Late_blight,exposure_gain,0.006400000000000002,0.00850800839777158,0.0,0.024,30
resnet_logit,multiclass,unselected_paired_probe,Potato___Late_blight,exposure_loss,0.009066666666666667,0.01018089262848026,0.0,0.037099999999999994,30
resnet_logit,multiclass,unselected_paired_probe,Potato___Late_blight,exposure_wrong_to_wrong,0.0,0.0,0.0,0.0,30
resnet_logit,multiclass,unselected_paired_probe,Potato___Late_blight,exposure_turnover,0.015466666666666667,0.01458325287334126,0.0,0.04659999999999997,30
resnet_logit,multiclass,unselected_paired_probe,Potato___Late_blight,exposure_label_churn,0.015466666666666667,0.01458325287334126,0.0,0.04659999999999997,30
resnet_logit,multiclass,unselected_paired_probe,Potato___Late_blight,exposure_BA_delta,-0.002666666666666666,0.01180687506711978,-0.027299999999999998,0.01819999999999999,30
resnet_logit,multiclass,unselected_paired_probe,Potato___Late_blight,sham_gain,0.0076,0.009474466594029413,0.0,0.025499999999999974,30
resnet_logit,multiclass,unselected_paired_probe,Potato___Late_blight,sham_loss,0.006666666666666666,0.00899552890217607,0.0,0.027299999999999984,30
resnet_logit,multiclass,unselected_paired_probe,Potato___Late_blight,sham_wrong_to_wrong,0.00013333333333333334,0.0007302967433402214,0.0,0.0010999999999999944,30
resnet_logit,multiclass,unselected_paired_probe,Potato___Late_blight,sham_turnover,0.01426666666666667,0.0112001642024088,0.0,0.037099999999999994,30
resnet_logit,multiclass,unselected_paired_probe,Potato___Late_blight,sham_label_churn,0.014400000000000001,0.011294185260108634,0.0,0.037099999999999994,30
resnet_logit,multiclass,unselected_paired_probe,Potato___Late_blight,sham_BA_delta,0.0009333333333333335,0.014694435572066358,-0.027299999999999998,0.025499999999999974,30
resnet_logit,multiclass,unselected_paired_probe,Potato___Late_blight,turnover_difference,0.0012000000000000001,0.013084341787036902,-0.019999999999999997,0.02619999999999999,30
resnet_logit,multiclass,unselected_paired_probe,Potato___Late_blight,churn_difference,0.0010666666666666667,0.013159324302256331,-0.019999999999999997,0.02619999999999999,30
resnet_logit,multiclass,unselected_paired_probe,all_classes,policy_BA_difference,0.0017888888888888887,0.016418026569110254,-0.03249166666666666,0.03414166666666663,30
resnet_logit,multiclass,unselected_paired_probe,all_classes,policy_label_disagreement,0.01832222222222222,0.015465319831701093,0.0,0.052808333333333304,30
resnet_logit,multiclass,unselected_paired_probe,all_classes,exposure_gain,0.014277777777777776,0.018666683771201793,0.0,0.04869999999999999,30
resnet_logit,multiclass,unselected_paired_probe,all_classes,exposure_loss,0.007722222222222223,0.010899781478119343,0.0,0.04094999999999999,30
resnet_logit,multiclass,unselected_paired_probe,all_classes,exposure_wrong_to_wrong,4.444444444444445e-05,0.00024343224778007388,0.0,0.00036666666666666483,30
resnet_logit,multiclass,unselected_paired_probe,all_classes,exposure_turnover,0.022000000000000006,0.020588282945306912,0.0,0.05840833333333332,30
resnet_logit,multiclass,unselected_paired_probe,all_classes,exposure_label_churn,0.022044444444444446,0.020607578365232113,0.0,0.05840833333333332,30
resnet_logit,multiclass,unselected_paired_probe,all_classes,exposure_BA_delta,0.006555555555555554,0.022596974220757713,-0.03621666666666667,0.0447,30
resnet_logit,multiclass,unselected_paired_probe,all_classes,sham_gain,0.010699999999999998,0.013919404025644157,0.0,0.04239999999999999,30
resnet_logit,multiclass,unselected_paired_probe,all_classes,sham_loss,0.005933333333333333,0.0061272583607317474,0.0,0.01776666666666666,30
resnet_logit,multiclass,unselected_paired_probe,all_classes,sham_wrong_to_wrong,4.444444444444445e-05,0.00024343224778007388,0.0,0.00036666666666666483,30
resnet_logit,multiclass,unselected_paired_probe,all_classes,sham_turnover,0.01663333333333333,0.014723856628716147,0.0,0.04795833333333332,30
resnet_logit,multiclass,unselected_paired_probe,all_classes,sham_label_churn,0.016677777777777777,0.014723891324454789,0.0,0.04795833333333332,30
resnet_logit,multiclass,unselected_paired_probe,all_classes,sham_BA_delta,0.0047666666666666664,0.015677826790520526,-0.014733333333333333,0.04009999999999999,30
resnet_logit,multiclass,unselected_paired_probe,all_classes,turnover_difference,0.005366666666666667,0.013799425275388626,-0.012316666666666667,0.03494166666666666,30
resnet_logit,multiclass,unselected_paired_probe,all_classes,churn_difference,0.005366666666666667,0.013894608783866676,-0.012316666666666667,0.03494166666666666,30
resnet_logit,multiclass,unselected_paired_probe,healthy,policy_BA_difference,0.007500000000000003,0.050493256634101556,-0.081875,0.1206249999999999,30
resnet_logit,multiclass,unselected_paired_probe,healthy,policy_label_disagreement,0.034166666666666665,0.041772853198791864,0.0,0.1206249999999999,30
resnet_logit,multiclass,unselected_paired_probe,healthy,exposure_gain,0.034166666666666665,0.05433109437598284,0.0,0.125,30
resnet_logit,multiclass,unselected_paired_probe,healthy,exposure_loss,0.0125,0.02842867663420888,0.0,0.08874999999999993,30
resnet_logit,multiclass,unselected_paired_probe,healthy,exposure_wrong_to_wrong,0.0,0.0,0.0,0.0,30
resnet_logit,multiclass,unselected_paired_probe,healthy,exposure_turnover,0.04666666666666666,0.055605341676753545,0.0,0.13187499999999996,30
resnet_logit,multiclass,unselected_paired_probe,healthy,exposure_label_churn,0.04666666666666666,0.055605341676753545,0.0,0.13187499999999996,30
resnet_logit,multiclass,unselected_paired_probe,healthy,exposure_BA_delta,0.021666666666666667,0.0665444281629967,-0.08875,0.125,30
resnet_logit,multiclass,unselected_paired_probe,healthy,sham_gain,0.022500000000000003,0.041704006257565165,0.0,0.125,30
resnet_logit,multiclass,unselected_paired_probe,healthy,sham_loss,0.008333333333333333,0.01652236380628167,0.0,0.05,30
resnet_logit,multiclass,unselected_paired_probe,healthy,sham_wrong_to_wrong,0.0,0.0,0.0,0.0,30
resnet_logit,multiclass,unselected_paired_probe,healthy,sham_turnover,0.030833333333333334,0.044857693249632895,0.0,0.13187499999999996,30
resnet_logit,multiclass,unselected_paired_probe,healthy,sham_label_churn,0.030833333333333334,0.044857693249632895,0.0,0.13187499999999996,30
resnet_logit,multiclass,unselected_paired_probe,healthy,sham_BA_delta,0.014166666666666666,0.04485769324963291,-0.05,0.125,30
resnet_logit,multiclass,unselected_paired_probe,healthy,turnover_difference,0.01583333333333333,0.03741849379866752,-0.031875,0.1,30
resnet_logit,multiclass,unselected_paired_probe,healthy,churn_difference,0.01583333333333333,0.03741849379866752,-0.031875,0.1,30
