model,endpoint,panel,weighting,metric,mean,split_min,split_max,split_sd,split_count
colour_logit,multiclass,all_unexposed_probe,all_original_classes,policy_BA_difference,0.0024454717875770507,-0.004572600346341765,0.01804954267768913,0.007246449056565276,10
colour_logit,multiclass,all_unexposed_probe,all_original_classes,policy_label_disagreement,0.037714767112650406,0.022445579160396096,0.05735074319170429,0.012012708200762912,10
colour_logit,multiclass,all_unexposed_probe,all_original_classes,exposure_gain,0.021747164069103427,0.006443872362064582,0.058734027219439114,0.01881918154602995,10
colour_logit,multiclass,all_unexposed_probe,all_original_classes,exposure_loss,0.01271412287573615,0.0042047410682994205,0.02712778568041726,0.007685948319668384,10
colour_logit,multiclass,all_unexposed_probe,all_original_classes,exposure_wrong_to_wrong,0.009313432425560571,0.0023526887871853546,0.014378337147215864,0.0045309229829307955,10
colour_logit,multiclass,all_unexposed_probe,all_original_classes,exposure_turnover,0.03446128694483958,0.016483531586506416,0.07258548594360952,0.01738331869079253,10
colour_logit,multiclass,all_unexposed_probe,all_original_classes,exposure_label_churn,0.043774719370400145,0.02867174239456848,0.07993277173054061,0.01582442741693101,10
colour_logit,multiclass,all_unexposed_probe,all_original_classes,exposure_BA_delta,0.00903304119336728,-0.017289944406649212,0.0468184789480556,0.02289740209203739,10
colour_logit,multiclass,all_unexposed_probe,all_original_classes,sham_gain,0.021158793232591858,0.0061492413466097675,0.06549417695727763,0.02190173048428384,10
colour_logit,multiclass,all_unexposed_probe,all_original_classes,sham_loss,0.01457122382680163,0.005319721895808852,0.02514615588128174,0.007572700377506101,10
colour_logit,multiclass,all_unexposed_probe,all_original_classes,sham_wrong_to_wrong,0.009848973687646454,0.0034754004576659035,0.015725694229698807,0.004151257920632771,10
colour_logit,multiclass,all_unexposed_probe,all_original_classes,sham_turnover,0.035730017059393486,0.014201129046666804,0.08406845060163137,0.02214750321172251,10
colour_logit,multiclass,all_unexposed_probe,all_original_classes,sham_label_churn,0.04557899074703995,0.02373914246053834,0.09197510582665044,0.020385926552138733,10
colour_logit,multiclass,all_unexposed_probe,all_original_classes,sham_BA_delta,0.006587569405790229,-0.01731290071536067,0.04731449842290804,0.0241568060784972,10
colour_logit,multiclass,all_unexposed_probe,all_original_classes,turnover_difference,-0.0012687301145539128,-0.011482964658021863,0.015819581022670268,0.008193205081149018,10
colour_logit,multiclass,all_unexposed_probe,all_original_classes,churn_difference,-0.0018042713766397976,-0.012042334096109837,0.015400053944104288,0.008709953432849006,10
colour_logit,multiclass,all_unexposed_probe,all_original_classes,zero_BA,0.4225007151029748,0.3062356979405034,0.5914187643020595,0.08073957232705148,10
colour_logit,multiclass,all_unexposed_probe,all_original_classes,sham_BA,0.4290882845087651,0.3023788018567767,0.574124245813319,0.08339940289403555,10
colour_logit,multiclass,all_unexposed_probe,all_original_classes,exposure_BA,0.4315337562963421,0.30263991107812616,0.5764993110959931,0.08288574112411524,10
colour_logit,multiclass,all_unexposed_probe,all_original_classes,corrected_relative_to_sham,0.014942379450388604,0.0065591907697170855,0.026248810309164997,0.007953540451207143,10
colour_logit,multiclass,all_unexposed_probe,all_original_classes,harmed_relative_to_sham,0.012496907662811552,0.006892819593048426,0.027619445818816528,0.007547446462239587,10
colour_logit,multiclass,all_unexposed_probe,all_original_classes,sham_error_headroom,0.5709117154912349,0.425875754186681,0.6976211981432233,0.08339940289403555,10
colour_logit,multiclass,all_unexposed_probe,all_original_classes,p_true_difference,0.0009684480230065641,-0.0051433314341130945,0.0032483596068428396,0.002456461787726484,10
colour_logit,multiclass,all_unexposed_probe,all_original_classes,total_variation,0.02059479488730929,0.01695363400050933,0.025926467426277418,0.0025625004644436906,10
colour_logit,multiclass,all_unexposed_probe,common_classes_n_ge_30,policy_BA_difference,-0.00042959435407948,-0.005967867180681825,0.004247382393835483,0.002607763305693685,10
colour_logit,multiclass,all_unexposed_probe,common_classes_n_ge_30,policy_label_disagreement,0.03001143782989702,0.02366882519437821,0.050191686728681385,0.008180162582349871,10
colour_logit,multiclass,all_unexposed_probe,common_classes_n_ge_30,exposure_gain,0.011319477372108951,0.007450203827015421,0.023773201118738874,0.005129435772697954,10
colour_logit,multiclass,all_unexposed_probe,common_classes_n_ge_30,exposure_loss,0.012213869094113181,0.004947090492475694,0.02311460965160431,0.005780207419473839,10
colour_logit,multiclass,all_unexposed_probe,common_classes_n_ge_30,exposure_wrong_to_wrong,0.007189893936652136,0.002720569539791508,0.019032075553814684,0.004806182636091442,10
colour_logit,multiclass,all_unexposed_probe,common_classes_n_ge_30,exposure_turnover,0.023533346466222134,0.015850022409900365,0.04688781077034319,0.00905220099002556,10
colour_logit,multiclass,all_unexposed_probe,common_classes_n_ge_30,exposure_label_churn,0.030723240402874274,0.021621697975626273,0.049608380310134696,0.008427690259155251,10
colour_logit,multiclass,all_unexposed_probe,common_classes_n_ge_30,exposure_BA_delta,-0.0008943917220042318,-0.00894933835437268,0.01161237515165814,0.006123844834164893,10
colour_logit,multiclass,all_unexposed_probe,common_classes_n_ge_30,sham_gain,0.011422734710301455,0.00559254907080994,0.02660215516813533,0.006500243365580809,10
colour_logit,multiclass,all_unexposed_probe,common_classes_n_ge_30,sham_loss,0.011887532078226204,0.005071318458046147,0.019975696520318945,0.005039108747081598,10
colour_logit,multiclass,all_unexposed_probe,common_classes_n_ge_30,sham_wrong_to_wrong,0.007234263248756002,0.003229087210780575,0.01767744098026325,0.004445845158322486,10
colour_logit,multiclass,all_unexposed_probe,common_classes_n_ge_30,sham_turnover,0.02331026678852766,0.013910745222720811,0.046577851688454276,0.009319903297341278,10
colour_logit,multiclass,all_unexposed_probe,common_classes_n_ge_30,sham_label_churn,0.030544530037283656,0.017139832433501388,0.051932748919781724,0.00984294222677624,10
colour_logit,multiclass,all_unexposed_probe,common_classes_n_ge_30,sham_BA_delta,-0.00046479736792475113,-0.013196720748208162,0.01188396634620891,0.006959235883456629,10
colour_logit,multiclass,all_unexposed_probe,common_classes_n_ge_30,turnover_difference,0.00022307967769447557,-0.004531075698123752,0.005878876588258739,0.0034429234118511084,10
colour_logit,multiclass,all_unexposed_probe,common_classes_n_ge_30,churn_difference,0.00017871036559060976,-0.004124261561332499,0.004481865542124886,0.0032329940764880146,10
colour_logit,multiclass,all_unexposed_probe,common_classes_n_ge_30,zero_BA,0.4445842868039664,0.4083142639206712,0.48840579710144927,0.025710088447302885,10
colour_logit,multiclass,all_unexposed_probe,common_classes_n_ge_30,sham_BA,0.44411948943604174,0.4055892658486098,0.49060815201166075,0.02864657339675584,10
colour_logit,multiclass,all_unexposed_probe,common_classes_n_ge_30,exposure_BA,0.4436898950819622,0.4045914717158043,0.487937136220889,0.02747398418649416,10
colour_logit,multiclass,all_unexposed_probe,common_classes_n_ge_30,corrected_relative_to_sham,0.011325226828659322,0.008037289768792437,0.019472599983660244,0.0032042118350083205,10
colour_logit,multiclass,all_unexposed_probe,common_classes_n_ge_30,harmed_relative_to_sham,0.011754821182738802,0.008029310775306199,0.025440467164342073,0.005148592256454242,10
colour_logit,multiclass,all_unexposed_probe,common_classes_n_ge_30,sham_error_headroom,0.5558805105639583,0.5093918479883391,0.5944107341513901,0.028646573396755855,10
colour_logit,multiclass,all_unexposed_probe,common_classes_n_ge_30,p_true_difference,9.389687884967498e-05,-0.001114112791294047,0.001478097393021306,0.0007875472231469932,10
colour_logit,multiclass,all_unexposed_probe,common_classes_n_ge_30,total_variation,0.013864076659789792,0.01185541017283589,0.015417715373230232,0.001093707518991307,10
colour_logit,multiclass,own_target,all_original_classes,policy_BA_difference,0.30131006864988563,0.16664759725400458,0.4699656750572082,0.09564560983326345,10
colour_logit,multiclass,own_target,all_original_classes,policy_label_disagreement,0.30251144164759725,0.16664759725400458,0.4699656750572082,0.09575776325914358,10
colour_logit,multiclass,own_target,all_original_classes,exposure_gain,0.2983981693363844,0.17322654462242562,0.43838672768878717,0.0864604562456091,10
colour_logit,multiclass,own_target,all_original_classes,exposure_loss,0.0,0.0,0.0,0.0,10
colour_logit,multiclass,own_target,all_original_classes,exposure_wrong_to_wrong,0.0012013729977116705,0.0,0.006578947368421052,0.0025470339980265444,10
colour_logit,multiclass,own_target,all_original_classes,exposure_turnover,0.2983981693363844,0.17322654462242562,0.43838672768878717,0.0864604562456091,10
colour_logit,multiclass,own_target,all_original_classes,exposure_label_churn,0.2995995423340961,0.17322654462242562,0.43838672768878717,0.08659317614254153,10
colour_logit,multiclass,own_target,all_original_classes,exposure_BA_delta,0.2983981693363844,0.17322654462242562,0.43838672768878717,0.0864604562456091,10
colour_logit,multiclass,own_target,all_original_classes,sham_gain,0.018192219679633866,0.0,0.1370137299771167,0.042045611715558935,10
colour_logit,multiclass,own_target,all_original_classes,sham_loss,0.021104118993135013,0.0,0.125,0.03808635263312196,10
colour_logit,multiclass,own_target,all_original_classes,sham_wrong_to_wrong,0.0006578947368421052,0.0,0.006578947368421052,0.002080445829058144,10
colour_logit,multiclass,own_target,all_original_classes,sham_turnover,0.03929633867276888,0.0,0.16201372997711672,0.05778893211307165,10
colour_logit,multiclass,own_target,all_original_classes,sham_label_churn,0.03995423340961099,0.0,0.16201372997711672,0.057549523572379364,10
colour_logit,multiclass,own_target,all_original_classes,sham_BA_delta,-0.002911899313501145,-0.11842105263157895,0.1120137299771167,0.055652913383675826,10
colour_logit,multiclass,own_target,all_original_classes,turnover_difference,0.2591018306636156,0.1263729977116705,0.40680778032036613,0.10090242868024943,10
colour_logit,multiclass,own_target,all_original_classes,churn_difference,0.2596453089244851,0.1263729977116705,0.40778032036613276,0.10218028782258184,10
colour_logit,multiclass,own_target,all_original_classes,zero_BA,0.4459382151029748,0.3062356979405034,0.5914187643020595,0.0808037824435518,10
colour_logit,multiclass,own_target,all_original_classes,sham_BA,0.4430263157894737,0.2746567505720824,0.5782608695652174,0.09482170079506501,10
colour_logit,multiclass,own_target,all_original_classes,exposure_BA,0.7443363844393592,0.6612128146453089,0.7918192219679634,0.03572770367988097,10
colour_logit,multiclass,own_target,all_original_classes,corrected_relative_to_sham,0.30131006864988563,0.16664759725400458,0.4699656750572082,0.09564560983326345,10
colour_logit,multiclass,own_target,all_original_classes,harmed_relative_to_sham,0.0,0.0,0.0,0.0,10
colour_logit,multiclass,own_target,all_original_classes,sham_error_headroom,0.5569736842105263,0.4217391304347826,0.7253432494279176,0.09482170079506502,10
colour_logit,multiclass,own_target,all_original_classes,p_true_difference,0.19175168068052428,0.14460444597884067,0.2550581209820802,0.0400079995089366,10
colour_logit,multiclass,own_target,all_original_classes,total_variation,0.19376742388857246,0.14582366151060872,0.2570340359655019,0.03985748508261621,10
colour_logit,multiclass,own_target,common_classes_n_ge_30,policy_BA_difference,0.23508009153318077,0.16849733028222733,0.3081617086193745,0.04835648051568482,10
colour_logit,multiclass,own_target,common_classes_n_ge_30,policy_label_disagreement,0.23668192219679632,0.16849733028222733,0.3081617086193745,0.04816648201125202,10
colour_logit,multiclass,own_target,common_classes_n_ge_30,exposure_gain,0.23119755911517922,0.1772692601067887,0.2908466819221968,0.035699805743880264,10
colour_logit,multiclass,own_target,common_classes_n_ge_30,exposure_loss,0.0,0.0,0.0,0.0,10
colour_logit,multiclass,own_target,common_classes_n_ge_30,exposure_wrong_to_wrong,0.0016018306636155608,0.0,0.008771929824561403,0.0033960453307020594,10
colour_logit,multiclass,own_target,common_classes_n_ge_30,exposure_turnover,0.23119755911517922,0.1772692601067887,0.2908466819221968,0.035699805743880264,10
colour_logit,multiclass,own_target,common_classes_n_ge_30,exposure_label_churn,0.23279938977879483,0.1772692601067887,0.2908466819221968,0.03547964998016853,10
colour_logit,multiclass,own_target,common_classes_n_ge_30,exposure_BA_delta,0.23119755911517922,0.1772692601067887,0.2908466819221968,0.035699805743880264,10
colour_logit,multiclass,own_target,common_classes_n_ge_30,sham_gain,0.007589626239511824,0.0,0.017543859649122806,0.007270758025238715,10
colour_logit,multiclass,own_target,common_classes_n_ge_30,sham_loss,0.011472158657513349,0.0,0.042105263157894736,0.015030254659445482,10
colour_logit,multiclass,own_target,common_classes_n_ge_30,sham_wrong_to_wrong,0.0008771929824561403,0.0,0.008771929824561403,0.002773927772077526,10
colour_logit,multiclass,own_target,common_classes_n_ge_30,sham_turnover,0.01906178489702517,0.0,0.049351639969488936,0.016061893084759284,10
colour_logit,multiclass,own_target,common_classes_n_ge_30,sham_label_churn,0.01993897787948131,0.0,0.049351639969488936,0.01654907457987332,10
colour_logit,multiclass,own_target,common_classes_n_ge_30,sham_BA_delta,-0.0038825324180015255,-0.042105263157894736,0.010297482837528604,0.017307817462420664,10
colour_logit,multiclass,own_target,common_classes_n_ge_30,turnover_difference,0.21213577421815408,0.16849733028222733,0.2669717772692601,0.0314758564705039,10
colour_logit,multiclass,own_target,common_classes_n_ge_30,churn_difference,0.2128604118993135,0.16849733028222733,0.2669717772692601,0.03189071180222912,10
colour_logit,multiclass,own_target,common_classes_n_ge_30,zero_BA,0.4445842868039664,0.4083142639206712,0.48840579710144927,0.025710088447302888,10
colour_logit,multiclass,own_target,common_classes_n_ge_30,sham_BA,0.4407017543859649,0.3662090007627765,0.4971777269260107,0.03866226443918261,10
colour_logit,multiclass,own_target,common_classes_n_ge_30,exposure_BA,0.6757818459191458,0.6247902364607171,0.7224256292906178,0.030695081340397112,10
colour_logit,multiclass,own_target,common_classes_n_ge_30,corrected_relative_to_sham,0.23508009153318077,0.16849733028222733,0.3081617086193745,0.04835648051568482,10
colour_logit,multiclass,own_target,common_classes_n_ge_30,harmed_relative_to_sham,0.0,0.0,0.0,0.0,10
colour_logit,multiclass,own_target,common_classes_n_ge_30,sham_error_headroom,0.5592982456140352,0.5028222730739893,0.6337909992372235,0.03866226443918261,10
colour_logit,multiclass,own_target,common_classes_n_ge_30,p_true_difference,0.1199116769060444,0.09991772732117249,0.15509133489671564,0.017423758784820133,10
colour_logit,multiclass,own_target,common_classes_n_ge_30,total_variation,0.12221227668845755,0.10562452424257252,0.15682370713866506,0.017011792359613517,10
colour_logit,multiclass,sentinel,all_original_classes,policy_BA_difference,-0.0032490829663453236,-0.008373283098303914,0.0073807398059370895,0.004478912689184666,10
colour_logit,multiclass,sentinel,all_original_classes,policy_label_disagreement,0.04499941613560316,0.029167993234504027,0.06672925317721724,0.011044627572515564,10
colour_logit,multiclass,sentinel,all_original_classes,exposure_gain,0.01236235331388864,0.004253432494279176,0.03992378998685651,0.010556564178815732,10
colour_logit,multiclass,sentinel,all_original_classes,exposure_loss,0.012252432986505662,0.003033476637569449,0.02712018704606507,0.0076285699902826284,10
colour_logit,multiclass,sentinel,all_original_classes,exposure_wrong_to_wrong,0.02174459205420775,0.000986842105263158,0.053455377574370716,0.0191464717875873,10
colour_logit,multiclass,sentinel,all_original_classes,exposure_turnover,0.02461478630039431,0.008731345139787086,0.05434962611732795,0.013856825539552971,10
colour_logit,multiclass,sentinel,all_original_classes,exposure_label_churn,0.04635937835460205,0.01689782111232713,0.07267759426922694,0.017117846785715176,10
colour_logit,multiclass,sentinel,all_original_classes,exposure_BA_delta,0.00010992032738297818,-0.015328057171582823,0.025497953856385067,0.012135099533278865,10
colour_logit,multiclass,sentinel,all_original_classes,sham_gain,0.013407659751059073,0.006312929061784897,0.04637850253182454,0.012080445715411682,10
colour_logit,multiclass,sentinel,all_original_classes,sham_loss,0.01004865645733077,0.002975515659609675,0.023678987165456175,0.006882779393359968,10
colour_logit,multiclass,sentinel,all_original_classes,sham_wrong_to_wrong,0.01810269140541135,0.001587528604118993,0.041750572082379867,0.013970966040915737,10
colour_logit,multiclass,sentinel,all_original_classes,sham_turnover,0.02345631620838984,0.011297546984065477,0.0632635336101671,0.016039603995542457,10
colour_logit,multiclass,sentinel,all_original_classes,sham_label_churn,0.04155900761380119,0.021582056511789873,0.07046120050898314,0.014998281106396972,10
colour_logit,multiclass,sentinel,all_original_classes,sham_BA_delta,0.0033590032937283023,-0.01550423105320759,0.02949347145348198,0.0113732469149103,10
colour_logit,multiclass,sentinel,all_original_classes,turnover_difference,0.0011584700920044613,-0.00891390749283915,0.007496661761856637,0.0048064830118223776,10
colour_logit,multiclass,sentinel,all_original_classes,churn_difference,0.0048003707408008625,-0.009882350014923888,0.03172573166325424,0.013809615173340187,10
colour_logit,multiclass,sentinel,all_original_classes,zero_BA,0.3610411899313501,0.2379862700228833,0.5488558352402746,0.1030866309752085,10
colour_logit,multiclass,sentinel,all_original_classes,sham_BA,0.3644001932250784,0.24376079363666356,0.5577754766480424,0.10441913153447312,10
colour_logit,multiclass,sentinel,all_original_classes,exposure_BA,0.36115111025873303,0.25057643518057904,0.5533983133388142,0.10310732132693615,10
colour_logit,multiclass,sentinel,all_original_classes,corrected_relative_to_sham,0.010571758374395845,0.005405026470264807,0.019188232121443796,0.00502738344660156,10
colour_logit,multiclass,sentinel,all_original_classes,harmed_relative_to_sham,0.013820841340741168,0.00529271112065309,0.02306343568851489,0.005688776510853524,10
colour_logit,multiclass,sentinel,all_original_classes,sham_error_headroom,0.6355998067749216,0.4422245233519576,0.7562392063633364,0.10441913153447308,10
colour_logit,multiclass,sentinel,all_original_classes,p_true_difference,0.0006924001225413858,-0.006705121542965981,0.009303819628180757,0.004074940305599851,10
colour_logit,multiclass,sentinel,all_original_classes,total_variation,0.020790787655076703,0.016816076261142468,0.027098516733868254,0.0035150186056334995,10
colour_logit,multiclass,sentinel,common_classes_n_ge_30,policy_BA_difference,-0.0015503656498058725,-0.00778162366085013,0.0034994510452830926,0.004078889582745865,10
colour_logit,multiclass,sentinel,common_classes_n_ge_30,policy_label_disagreement,0.03918279115691261,0.016926249228350617,0.06226708116093305,0.014264593468711671,10
colour_logit,multiclass,sentinel,common_classes_n_ge_30,exposure_gain,0.0102333013909762,0.004308959976633788,0.024853737168510772,0.005984949079714683,10
colour_logit,multiclass,sentinel,common_classes_n_ge_30,exposure_loss,0.015814648218064477,0.005392847355679019,0.042365712643296964,0.011295194131519838,10
colour_logit,multiclass,sentinel,common_classes_n_ge_30,exposure_wrong_to_wrong,0.014327024572341876,0.0017543859649122807,0.037935418255784385,0.012304139459857732,10
colour_logit,multiclass,sentinel,common_classes_n_ge_30,exposure_turnover,0.026047949609040676,0.012083403879978194,0.05557460460423769,0.012842442034065787,10
colour_logit,multiclass,sentinel,common_classes_n_ge_30,exposure_label_churn,0.04037497418138255,0.016514000818050167,0.06503303328463432,0.01536522390511825,10
colour_logit,multiclass,sentinel,common_classes_n_ge_30,exposure_BA_delta,-0.0055813468270882825,-0.029156820682356244,0.015830411102209143,0.012722960917673836,10
colour_logit,multiclass,sentinel,common_classes_n_ge_30,sham_gain,0.011455976857209515,0.003976608187134503,0.031109807816393702,0.008035086654145472,10
colour_logit,multiclass,sentinel,common_classes_n_ge_30,sham_loss,0.015486958034491927,0.005006746295646588,0.0420959771830332,0.012791759009368183,10
colour_logit,multiclass,sentinel,common_classes_n_ge_30,sham_wrong_to_wrong,0.014882791331461013,0.0028222730739893213,0.036633613018052374,0.011447197019301159,10
colour_logit,multiclass,sentinel,common_classes_n_ge_30,sham_turnover,0.026942934891701447,0.009405656880901553,0.0566288769381418,0.015597600197534058,10
colour_logit,multiclass,sentinel,common_classes_n_ge_30,sham_label_churn,0.041825726223162454,0.014822708281332454,0.06412951258523053,0.01618740371614554,10
colour_logit,multiclass,sentinel,common_classes_n_ge_30,sham_BA_delta,-0.0040309811772824096,-0.027563077427924604,0.023612034763059276,0.014597886842438639,10
colour_logit,multiclass,sentinel,common_classes_n_ge_30,turnover_difference,-0.000894985282660769,-0.012850264819013675,0.004419030197454967,0.005153399254866985,10
colour_logit,multiclass,sentinel,common_classes_n_ge_30,churn_difference,-0.0014507520417799042,-0.013918151928090714,0.006142043996669617,0.0072028291307555,10
colour_logit,multiclass,sentinel,common_classes_n_ge_30,zero_BA,0.41472158657513347,0.31731502669717776,0.5116704805491991,0.06104962724395755,10
colour_logit,multiclass,sentinel,common_classes_n_ge_30,sham_BA,0.41069060539785107,0.3227499285806132,0.4841074031212744,0.05343378187960778,10
colour_logit,multiclass,sentinel,common_classes_n_ge_30,exposure_BA,0.40914023974804514,0.3247601326800569,0.48251365986684286,0.053449645067287756,10
colour_logit,multiclass,sentinel,common_classes_n_ge_30,corrected_relative_to_sham,0.012745419413622108,0.005770628275327992,0.026357518177761257,0.006589832518060692,10
colour_logit,multiclass,sentinel,common_classes_n_ge_30,harmed_relative_to_sham,0.01429578506342798,0.005382607182899377,0.027951261432192887,0.007303581474897479,10
colour_logit,multiclass,sentinel,common_classes_n_ge_30,sham_error_headroom,0.5893093946021489,0.5158925968787256,0.6772500714193869,0.05343378187960777,10
colour_logit,multiclass,sentinel,common_classes_n_ge_30,p_true_difference,-0.00013654855946785676,-0.00184013710753418,0.0007197737343727071,0.0007341332051895294,10
colour_logit,multiclass,sentinel,common_classes_n_ge_30,total_variation,0.013989666970096007,0.012105058512160606,0.016163137414271684,0.0011745541952104875,10
dinov2_cosine_1nn,multiclass,all_unexposed_probe,all_original_classes,policy_BA_difference,-0.0005297152129245955,-0.017144067694696986,0.015752215316002502,0.007906075964593643,10
dinov2_cosine_1nn,multiclass,all_unexposed_probe,all_original_classes,policy_label_disagreement,0.01085383295194508,0.0020059175308031144,0.034964476776547716,0.010754635759576416,10
dinov2_cosine_1nn,multiclass,all_unexposed_probe,all_original_classes,exposure_gain,0.0030925111324138785,0.00033371472158657514,0.016743567079665476,0.004853970154777081,10
dinov2_cosine_1nn,multiclass,all_unexposed_probe,all_original_classes,exposure_loss,0.0033849517423602095,0.0,0.021062123336150797,0.006317981812798288,10
dinov2_cosine_1nn,multiclass,all_unexposed_probe,all_original_classes,exposure_wrong_to_wrong,0.0016068363844393592,0.0,0.0038901601830663617,0.0013016821344531788,10
dinov2_cosine_1nn,multiclass,all_unexposed_probe,all_original_classes,exposure_turnover,0.006477462874774087,0.002143676857635668,0.022441928484548623,0.007287142191460133,10
dinov2_cosine_1nn,multiclass,all_unexposed_probe,all_original_classes,exposure_label_churn,0.008084299259213447,0.003092745205159393,0.024429914754571506,0.007514653589184768,10
dinov2_cosine_1nn,multiclass,all_unexposed_probe,all_original_classes,exposure_BA_delta,-0.0002924406099463309,-0.01968231818775297,0.015759989108101235,0.008593800066447601,10
dinov2_cosine_1nn,multiclass,all_unexposed_probe,all_original_classes,sham_gain,0.00476734887060974,0.00037419427436589903,0.0181293206822383,0.0067852863643160155,10
dinov2_cosine_1nn,multiclass,all_unexposed_probe,all_original_classes,sham_loss,0.004530074267631476,0.0006592691089258595,0.01769398832470915,0.006577412605666994,10
dinov2_cosine_1nn,multiclass,all_unexposed_probe,all_original_classes,sham_wrong_to_wrong,0.0009444126620900075,0.0003289473684210526,0.0026840198321891684,0.0007787502161567374,10
dinov2_cosine_1nn,multiclass,all_unexposed_probe,all_original_classes,sham_turnover,0.009297423138241214,0.0012938639440355686,0.03305034153146281,0.010564867902082728,10
dinov2_cosine_1nn,multiclass,all_unexposed_probe,all_original_classes,sham_label_churn,0.010241835800331223,0.0021901263391537994,0.03367486479614626,0.010607551359513506,10
dinov2_cosine_1nn,multiclass,all_unexposed_probe,all_original_classes,sham_BA_delta,0.00023727460297826445,-0.01731979405034325,0.017085313288116494,0.008184650357435062,10
dinov2_cosine_1nn,multiclass,all_unexposed_probe,all_original_classes,turnover_difference,-0.002819960263467128,-0.03007890613725854,0.015380361769091747,0.012405854684571461,10
dinov2_cosine_1nn,multiclass,all_unexposed_probe,all_original_classes,churn_difference,-0.002157536541117777,-0.028546202094543057,0.016777196246589837,0.011859879883929407,10
dinov2_cosine_1nn,multiclass,all_unexposed_probe,all_original_classes,zero_BA,0.47195366132723116,0.3847826086956522,0.572633009153318,0.06309556938273192,10
dinov2_cosine_1nn,multiclass,all_unexposed_probe,all_original_classes,sham_BA,0.4721909359302094,0.3840870260993259,0.5741654984503954,0.06015484134664036,10
dinov2_cosine_1nn,multiclass,all_unexposed_probe,all_original_classes,exposure_BA,0.4716612207172847,0.38553965149359887,0.5728218564674514,0.05882921798632902,10
dinov2_cosine_1nn,multiclass,all_unexposed_probe,all_original_classes,corrected_relative_to_sham,0.004622036939685681,0.0003654970760233918,0.016853302100727732,0.006360756917879433,10
dinov2_cosine_1nn,multiclass,all_unexposed_probe,all_original_classes,harmed_relative_to_sham,0.005151752152610276,0.0005575226256004288,0.017509564770720378,0.006438591359555984,10
dinov2_cosine_1nn,multiclass,all_unexposed_probe,all_original_classes,sham_error_headroom,0.5278090640697906,0.4258345015496045,0.6159129739006741,0.060154841346640384,10
dinov2_cosine_1nn,multiclass,all_unexposed_probe,all_original_classes,p_true_difference,-0.0005297152129245955,-0.017144067694696986,0.015752215316002502,0.007906075964593643,10
dinov2_cosine_1nn,multiclass,all_unexposed_probe,all_original_classes,total_variation,0.01085383295194508,0.0020059175308031144,0.034964476776547716,0.010754635759576416,10
dinov2_cosine_1nn,multiclass,all_unexposed_probe,common_classes_n_ge_30,policy_BA_difference,9.01511732938125e-05,-0.0027005647905724178,0.0033678224372350987,0.001955659979743608,10
dinov2_cosine_1nn,multiclass,all_unexposed_probe,common_classes_n_ge_30,policy_label_disagreement,0.004798287990507671,0.00316193386368825,0.008163464761481542,0.0015963769189778901,10
dinov2_cosine_1nn,multiclass,all_unexposed_probe,common_classes_n_ge_30,exposure_gain,0.00186231998588978,0.0005932706161539113,0.00462312045073296,0.0012817238458952193,10
dinov2_cosine_1nn,multiclass,all_unexposed_probe,common_classes_n_ge_30,exposure_loss,0.0017461435501099879,0.0,0.0035110625499641516,0.0009253619720430619,10
dinov2_cosine_1nn,multiclass,all_unexposed_probe,common_classes_n_ge_30,exposure_wrong_to_wrong,0.0007653190948385456,0.0,0.001360284769895754,0.00045280604409360793,10
dinov2_cosine_1nn,multiclass,all_unexposed_probe,common_classes_n_ge_30,exposure_turnover,0.0036084635359997673,0.0010182188290502553,0.0059222838399039775,0.001524773876947076,10
dinov2_cosine_1nn,multiclass,all_unexposed_probe,common_classes_n_ge_30,exposure_label_churn,0.0043737826308383135,0.001501310616489869,0.006730338271146813,0.0016028490406690573,10
dinov2_cosine_1nn,multiclass,all_unexposed_probe,common_classes_n_ge_30,exposure_BA_delta,0.00011617643577979194,-0.002184984374152948,0.0033239570615619433,0.0016350187207061257,10
dinov2_cosine_1nn,multiclass,all_unexposed_probe,common_classes_n_ge_30,sham_gain,0.0019158326900508443,0.0006568353250275448,0.0034774667879168258,0.0009837365362431276,10
dinov2_cosine_1nn,multiclass,all_unexposed_probe,common_classes_n_ge_30,sham_loss,0.0018898074275648647,0.0004449529621154335,0.0033585836026720846,0.0008392739922144903,10
dinov2_cosine_1nn,multiclass,all_unexposed_probe,common_classes_n_ge_30,sham_wrong_to_wrong,0.0007259089753368929,0.00029239766081871346,0.0010678871090770404,0.0002620805827904797,10
dinov2_cosine_1nn,multiclass,all_unexposed_probe,common_classes_n_ge_30,sham_turnover,0.0038056401176157087,0.0017386188629514333,0.005732849554359851,0.0012545301182108187,10
dinov2_cosine_1nn,multiclass,all_unexposed_probe,common_classes_n_ge_30,sham_label_churn,0.0045315490929526015,0.0020437294655448733,0.006711746071013806,0.0014142247791120858,10
dinov2_cosine_1nn,multiclass,all_unexposed_probe,common_classes_n_ge_30,sham_BA_delta,2.602526248597948e-05,-0.0020383083312145093,0.002538274353682439,0.001330560406744654,10
dinov2_cosine_1nn,multiclass,all_unexposed_probe,common_classes_n_ge_30,turnover_difference,-0.0001971765816159409,-0.0024971577221767913,0.003622081272729632,0.0019176915089662737,10
dinov2_cosine_1nn,multiclass,all_unexposed_probe,common_classes_n_ge_30,churn_difference,-0.00015776646211428824,-0.0027023591096817638,0.0033805353790098257,0.002045955881294911,10
dinov2_cosine_1nn,multiclass,all_unexposed_probe,common_classes_n_ge_30,zero_BA,0.5876048817696417,0.5130434782608696,0.664378337147216,0.06179326973494502,10
dinov2_cosine_1nn,multiclass,all_unexposed_probe,common_classes_n_ge_30,sham_BA,0.5876309070321275,0.5124640277195578,0.6641848942764275,0.062016463915302154,10
dinov2_cosine_1nn,multiclass,all_unexposed_probe,common_classes_n_ge_30,exposure_BA,0.5877210582054213,0.51269018828134,0.6627443232706391,0.06110498484681975,10
dinov2_cosine_1nn,multiclass,all_unexposed_probe,common_classes_n_ge_30,corrected_relative_to_sham,0.0020532966223278963,0.000649772579597141,0.004521416916535147,0.001436114410471781,10
dinov2_cosine_1nn,multiclass,all_unexposed_probe,common_classes_n_ge_30,harmed_relative_to_sham,0.0019631454490340837,0.0007204000339011781,0.0033503373701695587,0.0009655302391231784,10
dinov2_cosine_1nn,multiclass,all_unexposed_probe,common_classes_n_ge_30,sham_error_headroom,0.4123690929678725,0.33581510572357254,0.48753597228044215,0.06201646391530213,10
dinov2_cosine_1nn,multiclass,all_unexposed_probe,common_classes_n_ge_30,p_true_difference,9.01511732938125e-05,-0.0027005647905724178,0.0033678224372350987,0.001955659979743608,10
dinov2_cosine_1nn,multiclass,all_unexposed_probe,common_classes_n_ge_30,total_variation,0.004798287990507671,0.00316193386368825,0.008163464761481542,0.0015963769189778901,10
dinov2_cosine_1nn,multiclass,own_target,all_original_classes,policy_BA_difference,0.441487414187643,0.34610983981693366,0.5278604118993135,0.06435350597143055,10
dinov2_cosine_1nn,multiclass,own_target,all_original_classes,policy_label_disagreement,0.441487414187643,0.34610983981693366,0.5278604118993135,0.06435350597143055,10
dinov2_cosine_1nn,multiclass,own_target,all_original_classes,exposure_gain,0.46910183066361555,0.3673340961098398,0.5464530892448513,0.056647836503822484,10
dinov2_cosine_1nn,multiclass,own_target,all_original_classes,exposure_loss,0.0,0.0,0.0,0.0,10
dinov2_cosine_1nn,multiclass,own_target,all_original_classes,exposure_wrong_to_wrong,0.0,0.0,0.0,0.0,10
dinov2_cosine_1nn,multiclass,own_target,all_original_classes,exposure_turnover,0.46910183066361555,0.3673340961098398,0.5464530892448513,0.056647836503822484,10
dinov2_cosine_1nn,multiclass,own_target,all_original_classes,exposure_label_churn,0.46910183066361555,0.3673340961098398,0.5464530892448513,0.056647836503822484,10
dinov2_cosine_1nn,multiclass,own_target,all_original_classes,exposure_BA_delta,0.46910183066361555,0.3673340961098398,0.5464530892448513,0.056647836503822484,10
dinov2_cosine_1nn,multiclass,own_target,all_original_classes,sham_gain,0.02815789473684211,0.0,0.125,0.05162860123394746,10
dinov2_cosine_1nn,multiclass,own_target,all_original_classes,sham_loss,0.0005434782608695652,0.0,0.005434782608695652,0.0017186291631349885,10
dinov2_cosine_1nn,multiclass,own_target,all_original_classes,sham_wrong_to_wrong,0.0,0.0,0.0,0.0,10
dinov2_cosine_1nn,multiclass,own_target,all_original_classes,sham_turnover,0.028701372997711673,0.0,0.125,0.05162026994352046,10
dinov2_cosine_1nn,multiclass,own_target,all_original_classes,sham_label_churn,0.028701372997711673,0.0,0.125,0.05162026994352046,10
dinov2_cosine_1nn,multiclass,own_target,all_original_classes,sham_BA_delta,0.027614416475972542,0.0,0.125,0.05169410057353505,10
dinov2_cosine_1nn,multiclass,own_target,all_original_classes,turnover_difference,0.44040045766590386,0.33689931350114416,0.5278604118993135,0.0661782573788131,10
dinov2_cosine_1nn,multiclass,own_target,all_original_classes,churn_difference,0.44040045766590386,0.33689931350114416,0.5278604118993135,0.0661782573788131,10
dinov2_cosine_1nn,multiclass,own_target,all_original_classes,zero_BA,0.4907036613272312,0.3847826086956522,0.619508009153318,0.0815074759693185,10
dinov2_cosine_1nn,multiclass,own_target,all_original_classes,sham_BA,0.5183180778032036,0.3847826086956522,0.6390732265446224,0.08478271935478973,10
dinov2_cosine_1nn,multiclass,own_target,all_original_classes,exposure_BA,0.9598054919908467,0.8498283752860412,1.0,0.046963872924113234,10
dinov2_cosine_1nn,multiclass,own_target,all_original_classes,corrected_relative_to_sham,0.441487414187643,0.34610983981693366,0.5278604118993135,0.06435350597143055,10
dinov2_cosine_1nn,multiclass,own_target,all_original_classes,harmed_relative_to_sham,0.0,0.0,0.0,0.0,10
dinov2_cosine_1nn,multiclass,own_target,all_original_classes,sham_error_headroom,0.4816819221967964,0.36092677345537755,0.6152173913043478,0.08478271935478975,10
dinov2_cosine_1nn,multiclass,own_target,all_original_classes,p_true_difference,0.441487414187643,0.34610983981693366,0.5278604118993135,0.06435350597143055,10
dinov2_cosine_1nn,multiclass,own_target,all_original_classes,total_variation,0.441487414187643,0.34610983981693366,0.5278604118993135,0.06435350597143055,10
dinov2_cosine_1nn,multiclass,own_target,common_classes_n_ge_30,policy_BA_difference,0.37198321891685737,0.2948131197559115,0.453394355453852,0.05161279069266741,10
dinov2_cosine_1nn,multiclass,own_target,common_classes_n_ge_30,policy_label_disagreement,0.37198321891685737,0.2948131197559115,0.453394355453852,0.05161279069266741,10
dinov2_cosine_1nn,multiclass,own_target,common_classes_n_ge_30,exposure_gain,0.3754691075514874,0.2948131197559115,0.453394355453852,0.04912130934173787,10
dinov2_cosine_1nn,multiclass,own_target,common_classes_n_ge_30,exposure_loss,0.0,0.0,0.0,0.0,10
dinov2_cosine_1nn,multiclass,own_target,common_classes_n_ge_30,exposure_wrong_to_wrong,0.0,0.0,0.0,0.0,10
dinov2_cosine_1nn,multiclass,own_target,common_classes_n_ge_30,exposure_turnover,0.3754691075514874,0.2948131197559115,0.453394355453852,0.04912130934173787,10
dinov2_cosine_1nn,multiclass,own_target,common_classes_n_ge_30,exposure_label_churn,0.3754691075514874,0.2948131197559115,0.453394355453852,0.04912130934173787,10
dinov2_cosine_1nn,multiclass,own_target,common_classes_n_ge_30,exposure_BA_delta,0.3754691075514874,0.2948131197559115,0.453394355453852,0.04912130934173787,10
dinov2_cosine_1nn,multiclass,own_target,common_classes_n_ge_30,sham_gain,0.004210526315789474,0.0,0.03333333333333333,0.010597549745098755,10
dinov2_cosine_1nn,multiclass,own_target,common_classes_n_ge_30,sham_loss,0.0007246376811594203,0.0,0.007246376811594203,0.0022915055508466523,10
dinov2_cosine_1nn,multiclass,own_target,common_classes_n_ge_30,sham_wrong_to_wrong,0.0,0.0,0.0,0.0,10
dinov2_cosine_1nn,multiclass,own_target,common_classes_n_ge_30,sham_turnover,0.004935163996948894,0.0,0.04057971014492754,0.012824027758363762,10
dinov2_cosine_1nn,multiclass,own_target,common_classes_n_ge_30,sham_label_churn,0.004935163996948894,0.0,0.04057971014492754,0.012824027758363762,10
dinov2_cosine_1nn,multiclass,own_target,common_classes_n_ge_30,sham_BA_delta,0.0034858886346300537,0.0,0.026086956521739132,0.008406094731296044,10
dinov2_cosine_1nn,multiclass,own_target,common_classes_n_ge_30,turnover_difference,0.3705339435545385,0.28253241800152556,0.453394355453852,0.0540952394779088,10
dinov2_cosine_1nn,multiclass,own_target,common_classes_n_ge_30,churn_difference,0.3705339435545385,0.28253241800152556,0.453394355453852,0.0540952394779088,10
dinov2_cosine_1nn,multiclass,own_target,common_classes_n_ge_30,zero_BA,0.5876048817696417,0.5130434782608696,0.664378337147216,0.061793269734945006,10
dinov2_cosine_1nn,multiclass,own_target,common_classes_n_ge_30,sham_BA,0.5910907704042716,0.5130434782608696,0.6854309687261632,0.0646078735347701,10
dinov2_cosine_1nn,multiclass,own_target,common_classes_n_ge_30,exposure_BA,0.963073989321129,0.894050343249428,1.0,0.035607376303617794,10
dinov2_cosine_1nn,multiclass,own_target,common_classes_n_ge_30,corrected_relative_to_sham,0.37198321891685737,0.2948131197559115,0.453394355453852,0.05161279069266741,10
dinov2_cosine_1nn,multiclass,own_target,common_classes_n_ge_30,harmed_relative_to_sham,0.0,0.0,0.0,0.0,10
dinov2_cosine_1nn,multiclass,own_target,common_classes_n_ge_30,sham_error_headroom,0.40890922959572845,0.31456903127383673,0.48695652173913045,0.06460787353477011,10
dinov2_cosine_1nn,multiclass,own_target,common_classes_n_ge_30,p_true_difference,0.37198321891685737,0.2948131197559115,0.453394355453852,0.05161279069266741,10
dinov2_cosine_1nn,multiclass,own_target,common_classes_n_ge_30,total_variation,0.37198321891685737,0.2948131197559115,0.453394355453852,0.05161279069266741,10
dinov2_cosine_1nn,multiclass,sentinel,all_original_classes,policy_BA_difference,0.003273302211353675,-0.0009288811273033843,0.032310342254502036,0.010237427257710291,10
dinov2_cosine_1nn,multiclass,sentinel,all_original_classes,policy_label_disagreement,0.012833166639611666,0.0004907537348993815,0.06665482355775021,0.022107688920138736,10
dinov2_cosine_1nn,multiclass,sentinel,all_original_classes,exposure_gain,0.007760825055375479,0.00024873146950552184,0.034675051971786,0.013543133444329827,10
dinov2_cosine_1nn,multiclass,sentinel,all_original_classes,exposure_loss,0.004482470976964848,0.00014563882096047003,0.031700825788478756,0.009672065591000183,10
dinov2_cosine_1nn,multiclass,sentinel,all_original_classes,exposure_wrong_to_wrong,0.0006879290617848971,0.0,0.001973684210526316,0.0006562153833514232,10
dinov2_cosine_1nn,multiclass,sentinel,all_original_classes,exposure_turnover,0.012243296032340327,0.0005728351198362037,0.035252370803638286,0.01472485557491503,10
dinov2_cosine_1nn,multiclass,sentinel,all_original_classes,exposure_label_churn,0.012931225094125226,0.0007481908058375967,0.03701152412171609,0.015229804423879794,10
dinov2_cosine_1nn,multiclass,sentinel,all_original_classes,exposure_BA_delta,0.003278354078410632,-0.030922918117600243,0.03409773313993371,0.01836053541901661,10
dinov2_cosine_1nn,multiclass,sentinel,all_original_classes,sham_gain,0.004576084338295745,0.00024873146950552184,0.0329870227628568,0.010080592005654402,10
dinov2_cosine_1nn,multiclass,sentinel,all_original_classes,sham_loss,0.004571032471238788,0.00011814744801512288,0.03202977315689981,0.009739522593902695,10
dinov2_cosine_1nn,multiclass,sentinel,all_original_classes,sham_wrong_to_wrong,0.0009768306636155607,0.0,0.003003432494279176,0.0010837117603372936,10
dinov2_cosine_1nn,multiclass,sentinel,all_original_classes,sham_turnover,0.009147116809534532,0.0007034191413266027,0.033688576418162114,0.012911066091513157,10
dinov2_cosine_1nn,multiclass,sentinel,all_original_classes,sham_label_churn,0.010123947473150093,0.0011091132592200828,0.03434647115500422,0.012741345468764518,10
dinov2_cosine_1nn,multiclass,sentinel,all_original_classes,sham_BA_delta,5.051867056956108e-06,-0.031251865486021296,0.032285469107551486,0.015041863031678896,10
dinov2_cosine_1nn,multiclass,sentinel,all_original_classes,turnover_difference,0.0030961792228057948,-0.0017219679633867276,0.03245336284946771,0.010349948305804348,10
dinov2_cosine_1nn,multiclass,sentinel,all_original_classes,churn_difference,0.002807277620975132,-0.0018468311610784997,0.031209083673266337,0.010035521049328854,10
dinov2_cosine_1nn,multiclass,sentinel,all_original_classes,zero_BA,0.45718535469107546,0.272883295194508,0.681807780320366,0.10976920827817804,10
dinov2_cosine_1nn,multiclass,sentinel,all_original_classes,sham_BA,0.4571904065581324,0.27467068607993966,0.6505559148343447,0.09968967747470751,10
dinov2_cosine_1nn,multiclass,sentinel,all_original_classes,exposure_BA,0.46046370876948617,0.3069810283344417,0.6508848622027659,0.09359562453906962,10
dinov2_cosine_1nn,multiclass,sentinel,all_original_classes,corrected_relative_to_sham,0.007572685226398002,0.0002322039179133786,0.03446052107933749,0.013604855057981223,10
dinov2_cosine_1nn,multiclass,sentinel,all_original_classes,harmed_relative_to_sham,0.004299383015044326,0.00014563882096047003,0.03272958569191858,0.010031909850421548,10
dinov2_cosine_1nn,multiclass,sentinel,all_original_classes,sham_error_headroom,0.5428095934418675,0.34944408516565517,0.7253293139200603,0.09968967747470753,10
dinov2_cosine_1nn,multiclass,sentinel,all_original_classes,p_true_difference,0.003273302211353675,-0.0009288811273033843,0.032310342254502036,0.010237427257710291,10
dinov2_cosine_1nn,multiclass,sentinel,all_original_classes,total_variation,0.012833166639611666,0.0004907537348993815,0.06665482355775021,0.022107688920138736,10
dinov2_cosine_1nn,multiclass,sentinel,common_classes_n_ge_30,policy_BA_difference,-2.874928507884645e-05,-0.001895479254631787,0.0035490227907845426,0.0017128817044905294,10
dinov2_cosine_1nn,multiclass,sentinel,common_classes_n_ge_30,policy_label_disagreement,0.00473671526675941,0.0008724510842655673,0.015031351801717672,0.004448957815520539,10
dinov2_cosine_1nn,multiclass,sentinel,common_classes_n_ge_30,exposure_gain,0.0018087182271002682,0.0004421892791209277,0.006088981283175105,0.001996939499624914,10
dinov2_cosine_1nn,multiclass,sentinel,common_classes_n_ge_30,exposure_loss,0.0024132817368263957,0.00025891345948528006,0.006916747977129506,0.0026301198966986227,10
dinov2_cosine_1nn,multiclass,sentinel,common_classes_n_ge_30,exposure_wrong_to_wrong,0.0006890414441901857,0.0,0.0011950165268243072,0.00036737249018742443,10
dinov2_cosine_1nn,multiclass,sentinel,common_classes_n_ge_30,exposure_turnover,0.004221999963926663,0.0010183735463754732,0.010984458792322896,0.0034349304596594057,10
dinov2_cosine_1nn,multiclass,sentinel,common_classes_n_ge_30,exposure_label_churn,0.004911041408116851,0.0013301169881557275,0.01123871762781743,0.003384715099930725,10
dinov2_cosine_1nn,multiclass,sentinel,common_classes_n_ge_30,exposure_BA_delta,-0.0006045635097261276,-0.006474558698008577,0.005062636693215478,0.0031641505668422876,10
dinov2_cosine_1nn,multiclass,sentinel,common_classes_n_ge_30,sham_gain,0.0017025125078474052,0.0004421892791209277,0.0040767989685353235,0.0011696999355643113,10
dinov2_cosine_1nn,multiclass,sentinel,common_classes_n_ge_30,sham_loss,0.0022783267324946862,0.00021003990758244068,0.007094729161975678,0.002483753035008,10
dinov2_cosine_1nn,multiclass,sentinel,common_classes_n_ge_30,sham_wrong_to_wrong,0.000668700737350623,0.0,0.001779811848461734,0.0006044317180969327,10
dinov2_cosine_1nn,multiclass,sentinel,common_classes_n_ge_30,sham_turnover,0.003980839240342092,0.0012505229179139606,0.009571210219692435,0.0026064235904565696,10
dinov2_cosine_1nn,multiclass,sentinel,common_classes_n_ge_30,sham_label_churn,0.004649539977692714,0.001971756905280147,0.009571210219692435,0.0025735519869868285,10
dinov2_cosine_1nn,multiclass,sentinel,common_classes_n_ge_30,sham_BA_delta,-0.0005758142246472813,-0.004823214471691449,0.003177583796322963,0.002877674447093121,10
dinov2_cosine_1nn,multiclass,sentinel,common_classes_n_ge_30,turnover_difference,0.00024116072358457242,-0.003061276379354183,0.0021393117323870482,0.0014892507805104207,10
dinov2_cosine_1nn,multiclass,sentinel,common_classes_n_ge_30,churn_difference,0.00026150143042413517,-0.0036460717009916092,0.002851236471771742,0.0018852181142775782,10
dinov2_cosine_1nn,multiclass,sentinel,common_classes_n_ge_30,zero_BA,0.5762471395881007,0.36384439359267734,0.7034324942791762,0.10172079817877369,10
dinov2_cosine_1nn,multiclass,sentinel,common_classes_n_ge_30,sham_BA,0.5756713253634536,0.3670219773890003,0.6986092798074847,0.0996013226102457,10
dinov2_cosine_1nn,multiclass,sentinel,common_classes_n_ge_30,exposure_BA,0.5756425760783744,0.36890703028589283,0.6969579355811676,0.09933910374527542,10
dinov2_cosine_1nn,multiclass,sentinel,common_classes_n_ge_30,corrected_relative_to_sham,0.002059042741666623,0.00025891345948528006,0.009163057878503841,0.0029662737467680664,10
dinov2_cosine_1nn,multiclass,sentinel,common_classes_n_ge_30,harmed_relative_to_sham,0.0020877920267454698,0.00025891345948528006,0.005614035087719298,0.001651996796109296,10
dinov2_cosine_1nn,multiclass,sentinel,common_classes_n_ge_30,sham_error_headroom,0.42432867463654655,0.3013907201925153,0.6329780226109997,0.0996013226102457,10
dinov2_cosine_1nn,multiclass,sentinel,common_classes_n_ge_30,p_true_difference,-2.874928507884645e-05,-0.001895479254631787,0.0035490227907845426,0.0017128817044905294,10
dinov2_cosine_1nn,multiclass,sentinel,common_classes_n_ge_30,total_variation,0.00473671526675941,0.0008724510842655673,0.015031351801717672,0.004448957815520539,10
dinov2_logit,multiclass,all_unexposed_probe,all_original_classes,policy_BA_difference,0.002355985132729984,-0.014936289264092469,0.01724272184083397,0.011731261696762632,10
dinov2_logit,multiclass,all_unexposed_probe,all_original_classes,policy_label_disagreement,0.024425323492829214,0.0035743981968238262,0.060316380453680235,0.01876219914231299,10
dinov2_logit,multiclass,all_unexposed_probe,all_original_classes,exposure_gain,0.007015404993093779,0.000775489448258327,0.021673976608187137,0.00770151919173582,10
dinov2_logit,multiclass,all_unexposed_probe,all_original_classes,exposure_loss,0.005865409889294329,8.02074958253448e-05,0.018962147215865754,0.007245477678769397,10
dinov2_logit,multiclass,all_unexposed_probe,all_original_classes,exposure_wrong_to_wrong,0.007095477199167132,0.0,0.02195127765064836,0.00883362768951286,10
dinov2_logit,multiclass,all_unexposed_probe,all_original_classes,exposure_turnover,0.012880814882388108,0.0011861904810989477,0.040270326104136174,0.012053641572006394,10
dinov2_logit,multiclass,all_unexposed_probe,all_original_classes,exposure_label_churn,0.01997629208155524,0.0013220600463163391,0.04094967393022313,0.01266413402401743,10
dinov2_logit,multiclass,all_unexposed_probe,all_original_classes,exposure_BA_delta,0.0011499951037994515,-0.015421764728114842,0.017261168491145607,0.008850447116504378,10
dinov2_logit,multiclass,all_unexposed_probe,all_original_classes,sham_gain,0.006500915245909525,0.0007198273788662804,0.01926884693618103,0.006380591384376481,10
dinov2_logit,multiclass,all_unexposed_probe,all_original_classes,sham_loss,0.007706905274840059,0.00017162471395881006,0.01975432240020341,0.007799278199071779,10
dinov2_logit,multiclass,all_unexposed_probe,all_original_classes,sham_wrong_to_wrong,0.0075173084984297795,0.0,0.03594584286803966,0.012020395117463625,10
dinov2_logit,multiclass,all_unexposed_probe,all_original_classes,sham_turnover,0.014207820520749582,0.0037475690793768593,0.03902316933638444,0.011879662275043223,10
dinov2_logit,multiclass,all_unexposed_probe,all_original_classes,sham_label_churn,0.021725129019179366,0.0037475690793768593,0.06317687825124896,0.01865919283190672,10
dinov2_logit,multiclass,all_unexposed_probe,all_original_classes,sham_BA_delta,-0.0012059900289305321,-0.013346033390369775,0.01503865850976835,0.00787114971987614,10
dinov2_logit,multiclass,all_unexposed_probe,all_original_classes,turnover_difference,-0.0013270056383614733,-0.01652063963276778,0.018664058795637747,0.012265000609906911,10
dinov2_logit,multiclass,all_unexposed_probe,all_original_classes,churn_difference,-0.001748836937624123,-0.029387554030002542,0.0193434066217247,0.015140404612988623,10
dinov2_logit,multiclass,all_unexposed_probe,all_original_classes,zero_BA,0.7134603832951945,0.6436856407322655,0.7894307780320367,0.04950328050004657,10
dinov2_logit,multiclass,all_unexposed_probe,all_original_classes,sham_BA,0.7122543932662639,0.6370978028944276,0.8044694365418049,0.05490050444003522,10
dinov2_logit,multiclass,all_unexposed_probe,all_original_classes,exposure_BA,0.714610378398994,0.6362937952254314,0.7904565535214848,0.0526162616182112,10
dinov2_logit,multiclass,all_unexposed_probe,all_original_classes,corrected_relative_to_sham,0.009823764697191472,0.001487650407844916,0.03535941547955278,0.011943368969032597,10
dinov2_logit,multiclass,all_unexposed_probe,all_original_classes,harmed_relative_to_sham,0.007467779564461487,0.00161273974203036,0.01893575497694491,0.007056580062218906,10
dinov2_logit,multiclass,all_unexposed_probe,all_original_classes,sham_error_headroom,0.287745606733736,0.19553056345819503,0.36290219710557237,0.05490050444003523,10
dinov2_logit,multiclass,all_unexposed_probe,all_original_classes,p_true_difference,0.001959710739972112,-0.0029219061310670185,0.008256958595244395,0.0032573514084965854,10
dinov2_logit,multiclass,all_unexposed_probe,all_original_classes,total_variation,0.01720346523306624,0.013455759976423596,0.021802054404852327,0.003065260447388438,10
dinov2_logit,multiclass,all_unexposed_probe,common_classes_n_ge_30,policy_BA_difference,0.00044191407273024355,-0.0012176173122015984,0.004343817501712238,0.0015644083135287977,10
dinov2_logit,multiclass,all_unexposed_probe,common_classes_n_ge_30,policy_label_disagreement,0.010153876225577218,0.001179096716854154,0.029847353073897697,0.008376230805258372,10
dinov2_logit,multiclass,all_unexposed_probe,common_classes_n_ge_30,exposure_gain,0.005337328174856779,0.0005042036697261716,0.012849806328067197,0.003945471528840284,10
dinov2_logit,multiclass,all_unexposed_probe,common_classes_n_ge_30,exposure_loss,0.0033399303193353534,0.0,0.0147004365158446,0.004247059222171393,10
dinov2_logit,multiclass,all_unexposed_probe,common_classes_n_ge_30,exposure_wrong_to_wrong,0.002679017690459338,0.0,0.01644348391106591,0.0050179110296482985,10
dinov2_logit,multiclass,all_unexposed_probe,common_classes_n_ge_30,exposure_turnover,0.008677258494192134,0.0006467947734156734,0.017721802656966653,0.0049740451919002854,10
dinov2_logit,multiclass,all_unexposed_probe,common_classes_n_ge_30,exposure_label_churn,0.01135627618465147,0.0008883406671354802,0.03416528656803256,0.009021632391076386,10
dinov2_logit,multiclass,all_unexposed_probe,common_classes_n_ge_30,exposure_BA_delta,0.0019973978555214247,-0.01167907037472255,0.011417481554781325,0.006516700827257177,10
dinov2_logit,multiclass,all_unexposed_probe,common_classes_n_ge_30,sham_gain,0.0050036611745231125,0.0005776562222023702,0.015299166443331201,0.004180604151425601,10
dinov2_logit,multiclass,all_unexposed_probe,common_classes_n_ge_30,sham_loss,0.0034481773917319296,0.000158052789631737,0.016209191647788137,0.004624748536713903,10
dinov2_logit,multiclass,all_unexposed_probe,common_classes_n_ge_30,sham_wrong_to_wrong,0.0024288552473144386,0.0,0.0143684493036133,0.004338547597709772,10
dinov2_logit,multiclass,all_unexposed_probe,common_classes_n_ge_30,sham_turnover,0.00845183856625504,0.0007357090118341071,0.020706671583864567,0.0062674357483880686,10
dinov2_logit,multiclass,all_unexposed_probe,common_classes_n_ge_30,sham_label_churn,0.010880693813569481,0.0007992737207077405,0.03507512088747786,0.00977344986187698,10
dinov2_logit,multiclass,all_unexposed_probe,common_classes_n_ge_30,sham_BA_delta,0.0015554837827911816,-0.011711711711711712,0.012635098866982922,0.006200866821448112,10
dinov2_logit,multiclass,all_unexposed_probe,common_classes_n_ge_30,turnover_difference,0.00022541992793709045,-0.003681102918326412,0.0024787945840577413,0.0020946211356874544,10
dinov2_logit,multiclass,all_unexposed_probe,common_classes_n_ge_30,churn_difference,0.0004755823710819898,-0.003681102918326412,0.0024787945840577413,0.0018667407666466118,10
dinov2_logit,multiclass,all_unexposed_probe,common_classes_n_ge_30,zero_BA,0.786697177726926,0.6845919145690313,0.8442410373760488,0.04694330414669718,10
dinov2_logit,multiclass,all_unexposed_probe,common_classes_n_ge_30,sham_BA,0.7882526615097172,0.6972270134360142,0.8446606408086194,0.04554401972179365,10
dinov2_logit,multiclass,all_unexposed_probe,common_classes_n_ge_30,exposure_BA,0.7886945755824475,0.6960093961238125,0.8446026499420854,0.04561323303423394,10
dinov2_logit,multiclass,all_unexposed_probe,common_classes_n_ge_30,corrected_relative_to_sham,0.00411969559185425,0.00040799762386337524,0.008224738850215586,0.0027679085278341196,10
dinov2_logit,multiclass,all_unexposed_probe,common_classes_n_ge_30,harmed_relative_to_sham,0.0036777815191240057,0.00046598849039733854,0.009088188111834183,0.0027715326305500806,10
dinov2_logit,multiclass,all_unexposed_probe,common_classes_n_ge_30,sham_error_headroom,0.21174733849028277,0.15533935919138053,0.3027729865639857,0.04554401972179365,10
dinov2_logit,multiclass,all_unexposed_probe,common_classes_n_ge_30,p_true_difference,9.39715753500207e-05,-0.0006732488743360733,0.0005079279668418594,0.00038314353930034913,10
dinov2_logit,multiclass,all_unexposed_probe,common_classes_n_ge_30,total_variation,0.01027975224008355,0.00790357382608411,0.013548000516110686,0.0018406161472998086,10
dinov2_logit,multiclass,own_target,all_original_classes,policy_BA_difference,0.18491990846681924,0.03832951945080091,0.3381578947368421,0.09505842734436135,10
dinov2_logit,multiclass,own_target,all_original_classes,policy_label_disagreement,0.18491990846681924,0.03832951945080091,0.3381578947368421,0.09505842734436135,10
dinov2_logit,multiclass,own_target,all_original_classes,exposure_gain,0.1987185354691076,0.03832951945080091,0.3381578947368421,0.10018502540731009,10
dinov2_logit,multiclass,own_target,all_original_classes,exposure_loss,0.0,0.0,0.0,0.0,10
dinov2_logit,multiclass,own_target,all_original_classes,exposure_wrong_to_wrong,0.0,0.0,0.0,0.0,10
dinov2_logit,multiclass,own_target,all_original_classes,exposure_turnover,0.1987185354691076,0.03832951945080091,0.3381578947368421,0.10018502540731009,10
dinov2_logit,multiclass,own_target,all_original_classes,exposure_label_churn,0.1987185354691076,0.03832951945080091,0.3381578947368421,0.10018502540731009,10
dinov2_logit,multiclass,own_target,all_original_classes,exposure_BA_delta,0.1987185354691076,0.03832951945080091,0.3381578947368421,0.10018502540731009,10
dinov2_logit,multiclass,own_target,all_original_classes,sham_gain,0.015657894736842103,0.0,0.15,0.047248263780653804,10
dinov2_logit,multiclass,own_target,all_original_classes,sham_loss,0.0018592677345537756,0.0,0.006578947368421052,0.0030098577646194883,10
dinov2_logit,multiclass,own_target,all_original_classes,sham_wrong_to_wrong,0.015,0.0,0.125,0.03944053188733077,10
dinov2_logit,multiclass,own_target,all_original_classes,sham_turnover,0.017517162471395877,0.0,0.15,0.04674087551410219,10
dinov2_logit,multiclass,own_target,all_original_classes,sham_label_churn,0.032517162471395876,0.0,0.15,0.056505834134799704,10
dinov2_logit,multiclass,own_target,all_original_classes,sham_BA_delta,0.01379862700228833,-0.006578947368421052,0.15,0.047939606843133024,10
dinov2_logit,multiclass,own_target,all_original_classes,turnover_difference,0.18120137299771166,0.03832951945080091,0.3381578947368421,0.09640541222408376,10
dinov2_logit,multiclass,own_target,all_original_classes,churn_difference,0.16620137299771165,0.03832951945080091,0.3381578947368421,0.0977750389824663,10
dinov2_logit,multiclass,own_target,all_original_classes,zero_BA,0.7275228832951944,0.5614988558352403,0.8831807780320367,0.10830681198917397,10
dinov2_logit,multiclass,own_target,all_original_classes,sham_BA,0.7413215102974828,0.5614988558352403,0.8831807780320367,0.10454684422693171,10
dinov2_logit,multiclass,own_target,all_original_classes,exposure_BA,0.9262414187643021,0.8963386727688787,0.9814073226544622,0.02369845533147161,10
dinov2_logit,multiclass,own_target,all_original_classes,corrected_relative_to_sham,0.18491990846681924,0.03832951945080091,0.3381578947368421,0.09505842734436135,10
dinov2_logit,multiclass,own_target,all_original_classes,harmed_relative_to_sham,0.0,0.0,0.0,0.0,10
dinov2_logit,multiclass,own_target,all_original_classes,sham_error_headroom,0.25867848970251717,0.11681922196796338,0.4385011441647597,0.10454684422693172,10
dinov2_logit,multiclass,own_target,all_original_classes,p_true_difference,0.15308562135074458,0.0924403002034468,0.25666448846411943,0.05310697833506118,10
dinov2_logit,multiclass,own_target,all_original_classes,total_variation,0.15400890265595052,0.09362164330724515,0.2583382573939975,0.05325463671485471,10
dinov2_logit,multiclass,own_target,common_classes_n_ge_30,policy_BA_difference,0.11322654462242562,0.051106025934401215,0.1901601830663616,0.04616672834862016,10
dinov2_logit,multiclass,own_target,common_classes_n_ge_30,policy_label_disagreement,0.11322654462242562,0.051106025934401215,0.1901601830663616,0.04616672834862016,10
dinov2_logit,multiclass,own_target,common_classes_n_ge_30,exposure_gain,0.11495804729214339,0.051106025934401215,0.22349351639969486,0.05322490091460526,10
dinov2_logit,multiclass,own_target,common_classes_n_ge_30,exposure_loss,0.0,0.0,0.0,0.0,10
dinov2_logit,multiclass,own_target,common_classes_n_ge_30,exposure_wrong_to_wrong,0.0,0.0,0.0,0.0,10
dinov2_logit,multiclass,own_target,common_classes_n_ge_30,exposure_turnover,0.11495804729214339,0.051106025934401215,0.22349351639969486,0.05322490091460526,10
dinov2_logit,multiclass,own_target,common_classes_n_ge_30,exposure_label_churn,0.11495804729214339,0.051106025934401215,0.22349351639969486,0.05322490091460526,10
dinov2_logit,multiclass,own_target,common_classes_n_ge_30,exposure_BA_delta,0.11495804729214339,0.051106025934401215,0.22349351639969486,0.05322490091460526,10
dinov2_logit,multiclass,own_target,common_classes_n_ge_30,sham_gain,0.004210526315789474,0.0,0.03333333333333333,0.010597549745098755,10
dinov2_logit,multiclass,own_target,common_classes_n_ge_30,sham_loss,0.002479023646071701,0.0,0.008771929824561403,0.004013143686159318,10
dinov2_logit,multiclass,own_target,common_classes_n_ge_30,sham_wrong_to_wrong,0.003333333333333333,0.0,0.03333333333333333,0.010540925533894598,10
dinov2_logit,multiclass,own_target,common_classes_n_ge_30,sham_turnover,0.006689549961861174,0.0,0.03333333333333333,0.010924437322772736,10
dinov2_logit,multiclass,own_target,common_classes_n_ge_30,sham_label_churn,0.010022883295194508,0.0,0.042105263157894736,0.015680544568040442,10
dinov2_logit,multiclass,own_target,common_classes_n_ge_30,sham_BA_delta,0.0017315026697177726,-0.008771929824561403,0.03333333333333333,0.01172533303885294,10
dinov2_logit,multiclass,own_target,common_classes_n_ge_30,turnover_difference,0.10826849733028224,0.051106025934401215,0.1901601830663616,0.04803481983981228,10
dinov2_logit,multiclass,own_target,common_classes_n_ge_30,churn_difference,0.10493516399694888,0.051106025934401215,0.1901601830663616,0.04987598050573891,10
dinov2_logit,multiclass,own_target,common_classes_n_ge_30,zero_BA,0.786697177726926,0.6845919145690313,0.8442410373760488,0.046943304146697167,10
dinov2_logit,multiclass,own_target,common_classes_n_ge_30,sham_BA,0.7884286803966438,0.7179252479023646,0.8442410373760488,0.040257148372530686,10
dinov2_logit,multiclass,own_target,common_classes_n_ge_30,exposure_BA,0.9016552250190693,0.8617848970251716,0.9752097635392829,0.031597940441962145,10
dinov2_logit,multiclass,own_target,common_classes_n_ge_30,corrected_relative_to_sham,0.11322654462242562,0.051106025934401215,0.1901601830663616,0.04616672834862016,10
dinov2_logit,multiclass,own_target,common_classes_n_ge_30,harmed_relative_to_sham,0.0,0.0,0.0,0.0,10
dinov2_logit,multiclass,own_target,common_classes_n_ge_30,sham_error_headroom,0.21157131960335623,0.15575896262395117,0.2820747520976354,0.04025714837253067,10
dinov2_logit,multiclass,own_target,common_classes_n_ge_30,p_true_difference,0.09046880865546743,0.07179163943864254,0.1257372648028503,0.019537736192665762,10
dinov2_logit,multiclass,own_target,common_classes_n_ge_30,total_variation,0.09162537281907682,0.07223554427525626,0.12691930859202805,0.01936024944456811,10
dinov2_logit,multiclass,sentinel,all_original_classes,policy_BA_difference,0.005079281192235388,-0.0019364726735752922,0.03707455136697579,0.011431508614140518,10
dinov2_logit,multiclass,sentinel,all_original_classes,policy_label_disagreement,0.011112075781933193,0.0013737504516439841,0.06000841759657327,0.01749830628369185,10
dinov2_logit,multiclass,sentinel,all_original_classes,exposure_gain,0.003583345988092309,7.151029748283753e-05,0.0076473799412470084,0.0021871072325741975,10
dinov2_logit,multiclass,sentinel,all_original_classes,exposure_loss,0.003120869093936712,5.907372400756144e-05,0.022370096717268247,0.006792853373043004,10
dinov2_logit,multiclass,sentinel,all_original_classes,exposure_wrong_to_wrong,0.0009385882001790866,0.0,0.007894736842105263,0.002464971830584392,10
dinov2_logit,multiclass,sentinel,all_original_classes,exposure_turnover,0.006704215082029022,0.0021057737119637215,0.026039671360273135,0.0070615640100149405,10
dinov2_logit,multiclass,sentinel,all_original_classes,exposure_label_churn,0.007642803282208108,0.0021057737119637215,0.026368618728694188,0.007365591532279204,10
dinov2_logit,multiclass,sentinel,all_original_classes,exposure_BA_delta,0.0004624768941555958,-0.018700522074263363,0.006710284129884956,0.007210194430203799,10
dinov2_logit,multiclass,sentinel,all_original_classes,sham_gain,0.002699942791762014,0.0,0.005192269425927768,0.002046114622838989,10
dinov2_logit,multiclass,sentinel,all_original_classes,sham_loss,0.007316747089841808,0.0,0.060603114903466,0.018752003314957428,10
dinov2_logit,multiclass,sentinel,all_original_classes,sham_wrong_to_wrong,0.00029605263157894733,0.0,0.001501716247139588,0.00046260769944974034,10
dinov2_logit,multiclass,sentinel,all_original_classes,sham_turnover,0.01001668988160382,0.0010030096507810168,0.06543115636569286,0.019620455175674113,10
dinov2_logit,multiclass,sentinel,all_original_classes,sham_label_churn,0.010312742513182769,0.0010030096507810168,0.06576010373411391,0.01965884647309419,10
dinov2_logit,multiclass,sentinel,all_original_classes,sham_BA_delta,-0.004616804298079793,-0.05577507344123915,0.0038328603071702736,0.01807446169177114,10
dinov2_logit,multiclass,sentinel,all_original_classes,turnover_difference,-0.0033124747995748006,-0.03939148500541973,0.0041962242562929054,0.012870873339133195,10
dinov2_logit,multiclass,sentinel,all_original_classes,churn_difference,-0.0026699392309746614,-0.03939148500541973,0.012090961098398169,0.013569219133959686,10
dinov2_logit,multiclass,sentinel,all_original_classes,zero_BA,0.7032151029748285,0.42757437070938215,0.8864988558352402,0.15921762790908767,10
dinov2_logit,multiclass,sentinel,all_original_classes,sham_BA,0.6985982986767485,0.43014428388900816,0.8837628096706794,0.16046652843040782,10
dinov2_logit,multiclass,sentinel,all_original_classes,exposure_BA,0.7036775798689839,0.4342846548392671,0.8846199514057255,0.1587620663795735,10
dinov2_logit,multiclass,sentinel,all_original_classes,corrected_relative_to_sham,0.007580617796605731,0.00021453089244851257,0.048541484481774526,0.01450490138150448,10
dinov2_logit,multiclass,sentinel,all_original_classes,harmed_relative_to_sham,0.0025013366043703427,0.0,0.011466933114798737,0.0033174721871280432,10
dinov2_logit,multiclass,sentinel,all_original_classes,sham_error_headroom,0.30140170132325145,0.11623719032932045,0.5698557161109918,0.16046652843040785,10
dinov2_logit,multiclass,sentinel,all_original_classes,p_true_difference,-0.0016789270632653571,-0.013475719930303104,0.008083183462809753,0.006108505580069621,10
dinov2_logit,multiclass,sentinel,all_original_classes,total_variation,0.01653494716731301,0.011301145755292348,0.02718692441095323,0.0057089304167091065,10
dinov2_logit,multiclass,sentinel,common_classes_n_ge_30,policy_BA_difference,0.0011935759206991709,-0.0010946511970238335,0.007360659467127009,0.002647479822297203,10
dinov2_logit,multiclass,sentinel,common_classes_n_ge_30,policy_label_disagreement,0.008379261090078029,0.0024422230251448605,0.029336093525359846,0.008516062147636724,10
dinov2_logit,multiclass,sentinel,common_classes_n_ge_30,exposure_gain,0.004132915115367765,0.00012712941774726673,0.01359534211777246,0.003728079497246509,10
dinov2_logit,multiclass,sentinel,common_classes_n_ge_30,exposure_loss,0.004144702950624331,0.00010501995379122034,0.025733973111400864,0.0076681738474460555,10
dinov2_logit,multiclass,sentinel,common_classes_n_ge_30,exposure_wrong_to_wrong,0.00026509247283299615,0.0,0.0018118705711980014,0.000576075602569499,10
dinov2_logit,multiclass,sentinel,common_classes_n_ge_30,exposure_turnover,0.008277618065992098,0.00305512063912642,0.029333684757444634,0.008292787061328825,10
dinov2_logit,multiclass,sentinel,common_classes_n_ge_30,exposure_label_churn,0.008542710538825092,0.00305512063912642,0.02991848007908206,0.008488059679619669,10
dinov2_logit,multiclass,sentinel,common_classes_n_ge_30,exposure_BA_delta,-1.1787835256565904e-05,-0.02213426146535709,0.011929394008684363,0.008753777272717651,10
dinov2_logit,multiclass,sentinel,common_classes_n_ge_30,sham_gain,0.003198067632850241,0.0,0.007970496665834652,0.0024858652363302304,10
dinov2_logit,multiclass,sentinel,common_classes_n_ge_30,sham_loss,0.004403431388805978,0.0,0.024621657616332143,0.0072611240977629105,10
dinov2_logit,multiclass,sentinel,common_classes_n_ge_30,sham_wrong_to_wrong,0.0005263157894736842,0.0,0.002669717772692601,0.0008224136879106495,10
dinov2_logit,multiclass,sentinel,common_classes_n_ge_30,sham_turnover,0.0076014990216562205,0.001783128268055141,0.02786540689268357,0.0077634164367297335,10
dinov2_logit,multiclass,sentinel,common_classes_n_ge_30,sham_label_churn,0.008127814811129905,0.001783128268055141,0.028450202214321,0.007960110283015513,10
dinov2_logit,multiclass,sentinel,common_classes_n_ge_30,sham_BA_delta,-0.0012053637559557365,-0.021377908339980715,0.004568734541557356,0.007585266211711455,10
dinov2_logit,multiclass,sentinel,common_classes_n_ge_30,turnover_difference,0.0006761190443358752,-0.0017243054573720807,0.003889031436748605,0.0015856851786842823,10
dinov2_logit,multiclass,sentinel,common_classes_n_ge_30,churn_difference,0.0004148957276951873,-0.0017243054573720807,0.0033042361151111783,0.0015354236728075887,10
dinov2_logit,multiclass,sentinel,common_classes_n_ge_30,zero_BA,0.7042868039664378,0.5700991609458429,0.8486651411136537,0.10073896010315966,10
dinov2_logit,multiclass,sentinel,common_classes_n_ge_30,sham_BA,0.7030814402104821,0.5601629002031161,0.8438010590433235,0.10326555671813178,10
dinov2_logit,multiclass,sentinel,common_classes_n_ge_30,exposure_BA,0.7042750161311813,0.5594065470777397,0.8451077283631259,0.10210117914904483,10
dinov2_logit,multiclass,sentinel,common_classes_n_ge_30,corrected_relative_to_sham,0.00457250944161385,0.00038138825324180017,0.014289870199991736,0.004682805638182873,10
dinov2_logit,multiclass,sentinel,common_classes_n_ge_30,harmed_relative_to_sham,0.003378933520914681,0.0,0.01504622332536811,0.004270692719896531,10
dinov2_logit,multiclass,sentinel,common_classes_n_ge_30,sham_error_headroom,0.296918559789518,0.1561989409566765,0.4398370997968839,0.1032655567181318,10
dinov2_logit,multiclass,sentinel,common_classes_n_ge_30,p_true_difference,-1.795413479319419e-05,-0.000796679185215843,0.001538682253224612,0.0006960794987561996,10
dinov2_logit,multiclass,sentinel,common_classes_n_ge_30,total_variation,0.009983023979998288,0.0074400245878721094,0.01195686187904982,0.0014954880351047495,10
resnet_cosine_1nn,multiclass,all_unexposed_probe,all_original_classes,policy_BA_difference,-0.0012902927240741886,-0.01513224465884649,0.002216776272840346,0.004992248895503869,10
resnet_cosine_1nn,multiclass,all_unexposed_probe,all_original_classes,policy_label_disagreement,0.0065215544491860275,0.0021450512297194217,0.018299356278475273,0.004692909054657361,10
resnet_cosine_1nn,multiclass,all_unexposed_probe,all_original_classes,exposure_gain,0.0019324294259934992,0.0006966992736443538,0.0034807476240542603,0.0007859430119834479,10
resnet_cosine_1nn,multiclass,all_unexposed_probe,all_original_classes,exposure_loss,0.002678389201558538,0.0004027983933590341,0.016325543220566105,0.00481691506975379,10
resnet_cosine_1nn,multiclass,all_unexposed_probe,all_original_classes,exposure_wrong_to_wrong,0.00211122234935164,0.00023598398169336385,0.006221395881006866,0.001768471006575725,10
resnet_cosine_1nn,multiclass,all_unexposed_probe,all_original_classes,exposure_turnover,0.004610818627552038,0.0020946933775881143,0.018015441070360978,0.0047801067612836985,10
resnet_cosine_1nn,multiclass,all_unexposed_probe,all_original_classes,exposure_label_churn,0.006722040976903677,0.002983804742958061,0.019619655410559298,0.004968959316623063,10
resnet_cosine_1nn,multiclass,all_unexposed_probe,all_original_classes,exposure_BA_delta,-0.0007459597755650388,-0.014635645370771229,0.0021954090818507295,0.0049790896522701215,10
resnet_cosine_1nn,multiclass,all_unexposed_probe,all_original_classes,sham_gain,0.0032677779323946375,0.0007856039678122058,0.016911261948447304,0.004858817306170147,10
resnet_cosine_1nn,multiclass,all_unexposed_probe,all_original_classes,sham_loss,0.0027234449838854876,0.0003725192583888236,0.017015263260972642,0.0050633739598154115,10
resnet_cosine_1nn,multiclass,all_unexposed_probe,all_original_classes,sham_wrong_to_wrong,0.0019398360030511061,3.5755148741418764e-05,0.005444317315026697,0.001662644290481601,10
resnet_cosine_1nn,multiclass,all_unexposed_probe,all_original_classes,sham_turnover,0.005991222916280124,0.0013161115921413405,0.02026483720562668,0.006845531067820367,10
resnet_cosine_1nn,multiclass,all_unexposed_probe,all_original_classes,sham_label_churn,0.00793105891933123,0.0020960033259804427,0.023237281904329957,0.0070689155319857795,10
resnet_cosine_1nn,multiclass,all_unexposed_probe,all_original_classes,sham_BA_delta,0.0005443329485091495,-0.013765689316318608,0.016538742690058478,0.007185431604493694,10
resnet_cosine_1nn,multiclass,all_unexposed_probe,all_original_classes,turnover_difference,-0.0013804042887280875,-0.014874807587908274,0.0009750096206045863,0.004825290123343254,10
resnet_cosine_1nn,multiclass,all_unexposed_probe,all_original_classes,churn_difference,-0.0012090179424275535,-0.014803297290425437,0.0035182636870279894,0.005168027480011005,10
resnet_cosine_1nn,multiclass,all_unexposed_probe,all_original_classes,zero_BA,0.40076873569794047,0.3110411899313501,0.4599327803203661,0.05402561335261291,10
resnet_cosine_1nn,multiclass,all_unexposed_probe,all_original_classes,sham_BA,0.4013130686464496,0.3112962862748332,0.45287471395881,0.05081069982961853,10
resnet_cosine_1nn,multiclass,all_unexposed_probe,all_original_classes,exposure_BA,0.40002277592237545,0.3101434672658929,0.4541063231423643,0.05261910097378427,10
resnet_cosine_1nn,multiclass,all_unexposed_probe,all_original_classes,corrected_relative_to_sham,0.0015819495124415029,0.0005481167666522358,0.003464190735357783,0.0009462920083102128,10
resnet_cosine_1nn,multiclass,all_unexposed_probe,all_original_classes,harmed_relative_to_sham,0.0028722422365156917,0.0005947809938084539,0.016096044557142954,0.004681812364358559,10
resnet_cosine_1nn,multiclass,all_unexposed_probe,all_original_classes,sham_error_headroom,0.5986869313535503,0.5471252860411899,0.6887037137251668,0.05081069982961853,10
resnet_cosine_1nn,multiclass,all_unexposed_probe,all_original_classes,p_true_difference,-0.0012902927240741886,-0.01513224465884649,0.002216776272840346,0.004992248895503869,10
resnet_cosine_1nn,multiclass,all_unexposed_probe,all_original_classes,total_variation,0.0065215544491860275,0.0021450512297194217,0.018299356278475273,0.004692909054657361,10
resnet_cosine_1nn,multiclass,all_unexposed_probe,common_classes_n_ge_30,policy_BA_difference,0.00042671580810406135,-0.002521247410644817,0.0026457807922338813,0.0015855695688888683,10
resnet_cosine_1nn,multiclass,all_unexposed_probe,common_classes_n_ge_30,policy_label_disagreement,0.005309867457083323,0.002605694939791049,0.0088136954651066,0.0022299099962576475,10
resnet_cosine_1nn,multiclass,all_unexposed_probe,common_classes_n_ge_30,exposure_gain,0.002496791222954457,0.001238576486478851,0.004378749458840992,0.0010574255565061787,10
resnet_cosine_1nn,multiclass,all_unexposed_probe,common_classes_n_ge_30,exposure_loss,0.0017168312477236964,0.0007160860326382829,0.0027795148313836337,0.0007302648576576567,10
resnet_cosine_1nn,multiclass,all_unexposed_probe,common_classes_n_ge_30,exposure_wrong_to_wrong,0.0009369438087973557,0.0003559623696923468,0.002097635392829901,0.0005303005391973838,10
resnet_cosine_1nn,multiclass,all_unexposed_probe,common_classes_n_ge_30,exposure_turnover,0.004213622470678153,0.0026111160741214136,0.006937830278791377,0.0014291417300275834,10
resnet_cosine_1nn,multiclass,all_unexposed_probe,common_classes_n_ge_30,exposure_label_churn,0.005150566279475509,0.0034361210943972195,0.008303536183017496,0.0016204329975096049,10
resnet_cosine_1nn,multiclass,all_unexposed_probe,common_classes_n_ge_30,exposure_BA_delta,0.0007799599752307608,-0.0008488656467298723,0.00229172727265786,0.0011226865347273404,10
resnet_cosine_1nn,multiclass,all_unexposed_probe,common_classes_n_ge_30,sham_gain,0.002092966345445369,0.0010789584397517273,0.004971867366985597,0.0011311322972727958,10
resnet_cosine_1nn,multiclass,all_unexposed_probe,common_classes_n_ge_30,sham_loss,0.0017397221783186697,0.0006622564593579085,0.0037216087177948352,0.0009314533562967385,10
resnet_cosine_1nn,multiclass,all_unexposed_probe,common_classes_n_ge_30,sham_wrong_to_wrong,0.0007055682684973303,6.356470887363335e-05,0.001436562420544114,0.00041182649975129206,10
resnet_cosine_1nn,multiclass,all_unexposed_probe,common_classes_n_ge_30,sham_turnover,0.0038326885237640385,0.001741214899109636,0.006468787628207917,0.0016531213835688807,10
resnet_cosine_1nn,multiclass,all_unexposed_probe,common_classes_n_ge_30,sham_label_churn,0.004538256792261369,0.0023895749296206966,0.007272298996173901,0.001696978676213987,10
resnet_cosine_1nn,multiclass,all_unexposed_probe,common_classes_n_ge_30,sham_BA_delta,0.0003532441671266995,-0.0010099725965477299,0.003474947105763276,0.0012495282905830873,10
resnet_cosine_1nn,multiclass,all_unexposed_probe,common_classes_n_ge_30,turnover_difference,0.0003809339469141148,-0.003024267593298867,0.0024026696414186878,0.0014149140564168005,10
resnet_cosine_1nn,multiclass,all_unexposed_probe,common_classes_n_ge_30,churn_difference,0.0006123094872141402,-0.0032149617199197667,0.002161123747698881,0.0014647733129460442,10
resnet_cosine_1nn,multiclass,all_unexposed_probe,common_classes_n_ge_30,zero_BA,0.511441647597254,0.41472158657513347,0.5842868039664378,0.061719079033890845,10
resnet_cosine_1nn,multiclass,all_unexposed_probe,common_classes_n_ge_30,sham_BA,0.5117948917643808,0.41517509118577006,0.5836275253132613,0.061203943399386514,10
resnet_cosine_1nn,multiclass,all_unexposed_probe,common_classes_n_ge_30,exposure_BA,0.5122216075724848,0.4145876234739698,0.5861064726053284,0.0614773452112367,10
resnet_cosine_1nn,multiclass,all_unexposed_probe,common_classes_n_ge_30,corrected_relative_to_sham,0.0024881746735293643,0.0009744298073817523,0.004823473358942467,0.0013518255183139205,10
resnet_cosine_1nn,multiclass,all_unexposed_probe,common_classes_n_ge_30,harmed_relative_to_sham,0.0020614588654253034,0.0008374125460319206,0.004987329052927832,0.001176132795999771,10
resnet_cosine_1nn,multiclass,all_unexposed_probe,common_classes_n_ge_30,sham_error_headroom,0.48820510823561925,0.4163724746867386,0.5848249088142299,0.06120394339938651,10
resnet_cosine_1nn,multiclass,all_unexposed_probe,common_classes_n_ge_30,p_true_difference,0.00042671580810406135,-0.002521247410644817,0.0026457807922338813,0.0015855695688888683,10
resnet_cosine_1nn,multiclass,all_unexposed_probe,common_classes_n_ge_30,total_variation,0.005309867457083323,0.002605694939791049,0.0088136954651066,0.0022299099962576475,10
resnet_cosine_1nn,multiclass,own_target,all_original_classes,policy_BA_difference,0.511149885583524,0.3668764302059496,0.6532036613272312,0.09111921091878739,10
resnet_cosine_1nn,multiclass,own_target,all_original_classes,policy_label_disagreement,0.511149885583524,0.3668764302059496,0.6532036613272312,0.09111921091878739,10
resnet_cosine_1nn,multiclass,own_target,all_original_classes,exposure_gain,0.516149885583524,0.3668764302059496,0.6532036613272312,0.0898703204273125,10
resnet_cosine_1nn,multiclass,own_target,all_original_classes,exposure_loss,0.0005434782608695652,0.0,0.005434782608695652,0.0017186291631349885,10
resnet_cosine_1nn,multiclass,own_target,all_original_classes,exposure_wrong_to_wrong,0.0,0.0,0.0,0.0,10
resnet_cosine_1nn,multiclass,own_target,all_original_classes,exposure_turnover,0.5166933638443936,0.3668764302059496,0.6532036613272312,0.09050596299326714,10
resnet_cosine_1nn,multiclass,own_target,all_original_classes,exposure_label_churn,0.5166933638443936,0.3668764302059496,0.6532036613272312,0.09050596299326714,10
resnet_cosine_1nn,multiclass,own_target,all_original_classes,exposure_BA_delta,0.5156064073226545,0.3668764302059496,0.6532036613272312,0.08926324564162881,10
resnet_cosine_1nn,multiclass,own_target,all_original_classes,sham_gain,0.005,0.0,0.05,0.015811388300841896,10
resnet_cosine_1nn,multiclass,own_target,all_original_classes,sham_loss,0.0005434782608695652,0.0,0.005434782608695652,0.0017186291631349885,10
resnet_cosine_1nn,multiclass,own_target,all_original_classes,sham_wrong_to_wrong,0.0,0.0,0.0,0.0,10
resnet_cosine_1nn,multiclass,own_target,all_original_classes,sham_turnover,0.005543478260869565,0.0,0.05,0.01571353043900011,10
resnet_cosine_1nn,multiclass,own_target,all_original_classes,sham_label_churn,0.005543478260869565,0.0,0.05,0.01571353043900011,10
resnet_cosine_1nn,multiclass,own_target,all_original_classes,sham_BA_delta,0.004456521739130435,-0.005434782608695652,0.05,0.01609323875245046,10
resnet_cosine_1nn,multiclass,own_target,all_original_classes,turnover_difference,0.511149885583524,0.3668764302059496,0.6532036613272312,0.09111921091878739,10
resnet_cosine_1nn,multiclass,own_target,all_original_classes,churn_difference,0.511149885583524,0.3668764302059496,0.6532036613272312,0.09111921091878739,10
resnet_cosine_1nn,multiclass,own_target,all_original_classes,zero_BA,0.3960812356979405,0.3110411899313501,0.5068077803203661,0.06046434903162562,10
resnet_cosine_1nn,multiclass,own_target,all_original_classes,sham_BA,0.40053775743707093,0.3110411899313501,0.5068077803203661,0.0596426615352232,10
resnet_cosine_1nn,multiclass,own_target,all_original_classes,exposure_BA,0.911687643020595,0.7889588100686499,0.9748283752860412,0.06905726050223589,10
resnet_cosine_1nn,multiclass,own_target,all_original_classes,corrected_relative_to_sham,0.511149885583524,0.3668764302059496,0.6532036613272312,0.09111921091878739,10
resnet_cosine_1nn,multiclass,own_target,all_original_classes,harmed_relative_to_sham,0.0,0.0,0.0,0.0,10
resnet_cosine_1nn,multiclass,own_target,all_original_classes,sham_error_headroom,0.5994622425629291,0.4931922196796339,0.6889588100686499,0.05964266153522319,10
resnet_cosine_1nn,multiclass,own_target,all_original_classes,p_true_difference,0.511149885583524,0.3668764302059496,0.6532036613272312,0.09111921091878739,10
resnet_cosine_1nn,multiclass,own_target,all_original_classes,total_variation,0.511149885583524,0.3668764302059496,0.6532036613272312,0.09111921091878739,10
resnet_cosine_1nn,multiclass,own_target,common_classes_n_ge_30,policy_BA_difference,0.3981998474446987,0.2910755148741419,0.5376048817696415,0.07677203292115165,10
resnet_cosine_1nn,multiclass,own_target,common_classes_n_ge_30,policy_label_disagreement,0.3981998474446987,0.2910755148741419,0.5376048817696415,0.07677203292115165,10
resnet_cosine_1nn,multiclass,own_target,common_classes_n_ge_30,exposure_gain,0.4048665141113653,0.32250190694126624,0.5376048817696415,0.06893012646221826,10
resnet_cosine_1nn,multiclass,own_target,common_classes_n_ge_30,exposure_loss,0.0007246376811594203,0.0,0.007246376811594203,0.002291505550846652,10
resnet_cosine_1nn,multiclass,own_target,common_classes_n_ge_30,exposure_wrong_to_wrong,0.0,0.0,0.0,0.0,10
resnet_cosine_1nn,multiclass,own_target,common_classes_n_ge_30,exposure_turnover,0.40559115179252475,0.32250190694126624,0.5376048817696415,0.06981889335496695,10
resnet_cosine_1nn,multiclass,own_target,common_classes_n_ge_30,exposure_label_churn,0.40559115179252475,0.32250190694126624,0.5376048817696415,0.06981889335496695,10
resnet_cosine_1nn,multiclass,own_target,common_classes_n_ge_30,exposure_BA_delta,0.40414187643020594,0.32250190694126624,0.5376048817696415,0.06810689241377613,10
resnet_cosine_1nn,multiclass,own_target,common_classes_n_ge_30,sham_gain,0.006666666666666666,0.0,0.06666666666666667,0.021081851067789193,10
resnet_cosine_1nn,multiclass,own_target,common_classes_n_ge_30,sham_loss,0.0007246376811594203,0.0,0.007246376811594203,0.002291505550846652,10
resnet_cosine_1nn,multiclass,own_target,common_classes_n_ge_30,sham_wrong_to_wrong,0.0,0.0,0.0,0.0,10
resnet_cosine_1nn,multiclass,own_target,common_classes_n_ge_30,sham_turnover,0.007391304347826087,0.0,0.06666666666666667,0.02095137391866681,10
resnet_cosine_1nn,multiclass,own_target,common_classes_n_ge_30,sham_label_churn,0.007391304347826087,0.0,0.06666666666666667,0.02095137391866681,10
resnet_cosine_1nn,multiclass,own_target,common_classes_n_ge_30,sham_BA_delta,0.005942028985507246,-0.007246376811594203,0.06666666666666667,0.021457651669933946,10
resnet_cosine_1nn,multiclass,own_target,common_classes_n_ge_30,turnover_difference,0.3981998474446987,0.2910755148741419,0.5376048817696415,0.07677203292115165,10
resnet_cosine_1nn,multiclass,own_target,common_classes_n_ge_30,churn_difference,0.3981998474446987,0.2910755148741419,0.5376048817696415,0.07677203292115165,10
resnet_cosine_1nn,multiclass,own_target,common_classes_n_ge_30,zero_BA,0.511441647597254,0.41472158657513347,0.5842868039664378,0.06171907903389086,10
resnet_cosine_1nn,multiclass,own_target,common_classes_n_ge_30,sham_BA,0.5173836765827612,0.41472158657513347,0.5842868039664378,0.06207954746275009,10
resnet_cosine_1nn,multiclass,own_target,common_classes_n_ge_30,exposure_BA,0.91558352402746,0.8359267734553776,0.9664378337147216,0.045734416043165804,10
resnet_cosine_1nn,multiclass,own_target,common_classes_n_ge_30,corrected_relative_to_sham,0.3981998474446987,0.2910755148741419,0.5376048817696415,0.07677203292115165,10
resnet_cosine_1nn,multiclass,own_target,common_classes_n_ge_30,harmed_relative_to_sham,0.0,0.0,0.0,0.0,10
resnet_cosine_1nn,multiclass,own_target,common_classes_n_ge_30,sham_error_headroom,0.48261632341723876,0.4157131960335622,0.5852784134248665,0.06207954746275009,10
resnet_cosine_1nn,multiclass,own_target,common_classes_n_ge_30,p_true_difference,0.3981998474446987,0.2910755148741419,0.5376048817696415,0.07677203292115165,10
resnet_cosine_1nn,multiclass,own_target,common_classes_n_ge_30,total_variation,0.3981998474446987,0.2910755148741419,0.5376048817696415,0.07677203292115165,10
resnet_cosine_1nn,multiclass,sentinel,all_original_classes,policy_BA_difference,0.0003699867517764664,-0.0018360244332849833,0.00302908456346318,0.0014515229655153272,10
resnet_cosine_1nn,multiclass,sentinel,all_original_classes,policy_label_disagreement,0.004012968727908718,0.0016119435615204562,0.008230786148537197,0.0019132641016463274,10
resnet_cosine_1nn,multiclass,sentinel,all_original_classes,exposure_gain,0.0012053507375542627,0.00043838921500348227,0.0021412114008032717,0.0007091520486145851,10
resnet_cosine_1nn,multiclass,sentinel,all_original_classes,exposure_loss,0.004091546271908005,0.0003037142153962161,0.03177086333383952,0.009768055873003959,10
resnet_cosine_1nn,multiclass,sentinel,all_original_classes,exposure_wrong_to_wrong,0.0012843249427917619,7.151029748283753e-05,0.003632723112128146,0.0012179780313036686,10
resnet_cosine_1nn,multiclass,sentinel,all_original_classes,exposure_turnover,0.005296897009462268,0.0007508090318323916,0.03254841099864376,0.009680682726521988,10
resnet_cosine_1nn,multiclass,sentinel,all_original_classes,exposure_label_churn,0.006581221952254029,0.001679690159135776,0.03269143159360943,0.009279176385016654,10
resnet_cosine_1nn,multiclass,sentinel,all_original_classes,exposure_BA_delta,-0.002886195534353744,-0.030993315669035293,0.0013350923448308364,0.009905554314665162,10
resnet_cosine_1nn,multiclass,sentinel,all_original_classes,sham_gain,0.0009711582769978373,0.00031615078887149223,0.0026832169095507646,0.0007572008725113408,10
resnet_cosine_1nn,multiclass,sentinel,all_original_classes,sham_loss,0.004227340563128046,0.00038766108635432975,0.031755808534369455,0.009697241548270567,10
resnet_cosine_1nn,multiclass,sentinel,all_original_classes,sham_wrong_to_wrong,0.0010426201372997711,0.0,0.0069794050343249415,0.002121000191760322,10
resnet_cosine_1nn,multiclass,sentinel,all_original_classes,sham_turnover,0.005198498840125885,0.0009205682597699103,0.03256084757211904,0.009673446341804101,10
resnet_cosine_1nn,multiclass,sentinel,all_original_classes,sham_label_churn,0.0062411189774256555,0.0012378317946891903,0.03311862789248517,0.009670673109516085,10
resnet_cosine_1nn,multiclass,sentinel,all_original_classes,sham_BA_delta,-0.0032561822861302096,-0.030950769496619873,0.0020784067047531275,0.009779781668621782,10
resnet_cosine_1nn,multiclass,sentinel,all_original_classes,turnover_difference,9.839816933638445e-05,-0.0008920885065115281,0.001389917997161843,0.0006706592099301824,10
resnet_cosine_1nn,multiclass,sentinel,all_original_classes,churn_difference,0.00034010297482837536,-0.006764514135802146,0.003391093580633506,0.0028573806141889537,10
resnet_cosine_1nn,multiclass,sentinel,all_original_classes,zero_BA,0.35503432494279175,0.20308924485125857,0.6732265446224256,0.12066768734617128,10
resnet_cosine_1nn,multiclass,sentinel,all_original_classes,sham_BA,0.3517781426566615,0.2032344909383198,0.6422757751258057,0.11166857064390824,10
resnet_cosine_1nn,multiclass,sentinel,all_original_classes,exposure_BA,0.352148129408438,0.20340762113222563,0.6422332289533903,0.11147510881543969,10
resnet_cosine_1nn,multiclass,sentinel,all_original_classes,corrected_relative_to_sham,0.001236815268446711,0.0005058085343694527,0.0035322748718378373,0.001065625009063635,10
resnet_cosine_1nn,multiclass,sentinel,all_original_classes,harmed_relative_to_sham,0.0008668285166702448,0.000276222842450869,0.002354269541129712,0.000695086274575006,10
resnet_cosine_1nn,multiclass,sentinel,all_original_classes,sham_error_headroom,0.6482218573433385,0.3577242248741943,0.7967655090616802,0.11166857064390823,10
resnet_cosine_1nn,multiclass,sentinel,all_original_classes,p_true_difference,0.0003699867517764664,-0.0018360244332849833,0.00302908456346318,0.0014515229655153272,10
resnet_cosine_1nn,multiclass,sentinel,all_original_classes,total_variation,0.004012968727908718,0.0016119435615204562,0.008230786148537197,0.0019132641016463274,10
resnet_cosine_1nn,multiclass,sentinel,common_classes_n_ge_30,policy_BA_difference,0.00041620833166057774,-0.003264043436951082,0.0031662963331454026,0.002169075846351439,10
resnet_cosine_1nn,multiclass,sentinel,common_classes_n_ge_30,policy_label_disagreement,0.004077975424748985,0.001617772750783868,0.006301709236112202,0.0016953941167319674,10
resnet_cosine_1nn,multiclass,sentinel,common_classes_n_ge_30,exposure_gain,0.0019012998619322159,0.0007793586044506352,0.003806598045872483,0.0011692484045625286,10
resnet_cosine_1nn,multiclass,sentinel,common_classes_n_ge_30,exposure_loss,0.0017183044833920104,0.0005399363829266065,0.0060721780905685085,0.0016425800279032691,10
resnet_cosine_1nn,multiclass,sentinel,common_classes_n_ge_30,exposure_wrong_to_wrong,0.0005797101449275362,0.0001271294177472667,0.001550978896516654,0.0004797046644273875,10
resnet_cosine_1nn,multiclass,sentinel,common_classes_n_ge_30,exposure_turnover,0.003619604345324227,0.0013347716121464741,0.0073005915445264235,0.0020390034467580856,10
resnet_cosine_1nn,multiclass,sentinel,common_classes_n_ge_30,exposure_label_churn,0.004199314490251763,0.0014619010298937407,0.00742772096227369,0.001953031367678376,10
resnet_cosine_1nn,multiclass,sentinel,common_classes_n_ge_30,exposure_BA_delta,0.0001829953785402053,-0.004843764636610595,0.002373497501921487,0.0019932102005022186,10
resnet_cosine_1nn,multiclass,sentinel,common_classes_n_ge_30,sham_gain,0.001484957709831904,0.0005620458468826528,0.004770163394756915,0.0012269133966365587,10
resnet_cosine_1nn,multiclass,sentinel,common_classes_n_ge_30,sham_loss,0.0017181706629522766,0.0006891752646299196,0.0038601262217660692,0.001152195987518712,10
resnet_cosine_1nn,multiclass,sentinel,common_classes_n_ge_30,sham_wrong_to_wrong,0.0007424357996440376,0.0,0.0022629036359013473,0.0007096813053384573,10
resnet_cosine_1nn,multiclass,sentinel,common_classes_n_ge_30,sham_turnover,0.0032031283727841807,0.0016365657951465072,0.005845381536619382,0.0016258218471022778,10
resnet_cosine_1nn,multiclass,sentinel,common_classes_n_ge_30,sham_label_churn,0.003945564172428218,0.0018766862102691476,0.006913268645696421,0.0016939998481973085,10
resnet_cosine_1nn,multiclass,sentinel,common_classes_n_ge_30,sham_BA_delta,-0.00023321295312037264,-0.0028906262272934357,0.0036949452528944483,0.0017385187587385686,10
resnet_cosine_1nn,multiclass,sentinel,common_classes_n_ge_30,turnover_difference,0.0004164759725400458,-0.001585935122687161,0.0029695802867364743,0.0014861093574860878,10
resnet_cosine_1nn,multiclass,sentinel,common_classes_n_ge_30,churn_difference,0.0002537503178235443,-0.0025266928140169347,0.0035798014919233546,0.0017577692273608603,10
resnet_cosine_1nn,multiclass,sentinel,common_classes_n_ge_30,zero_BA,0.44004576659038896,0.27078565980167807,0.5643020594965674,0.07463505559085828,10
resnet_cosine_1nn,multiclass,sentinel,common_classes_n_ge_30,sham_BA,0.4398125536372686,0.2710438750675647,0.5648340248359099,0.07440395914168733,10
resnet_cosine_1nn,multiclass,sentinel,common_classes_n_ge_30,exposure_BA,0.44022876196892924,0.27135166207895284,0.5647583871960603,0.07405161664718801,10
resnet_cosine_1nn,multiclass,sentinel,common_classes_n_ge_30,corrected_relative_to_sham,0.001957236805741013,0.0008992151722123602,0.004186008083918216,0.001407803011716076,10
resnet_cosine_1nn,multiclass,sentinel,common_classes_n_ge_30,harmed_relative_to_sham,0.0015410284740804351,0.0004910628310237671,0.004185368073119488,0.0012357089325777883,10
resnet_cosine_1nn,multiclass,sentinel,common_classes_n_ge_30,sham_error_headroom,0.5601874463627314,0.4351659751640901,0.7289561249324352,0.0744039591416873,10
resnet_cosine_1nn,multiclass,sentinel,common_classes_n_ge_30,p_true_difference,0.00041620833166057774,-0.003264043436951082,0.0031662963331454026,0.002169075846351439,10
resnet_cosine_1nn,multiclass,sentinel,common_classes_n_ge_30,total_variation,0.004077975424748985,0.001617772750783868,0.006301709236112202,0.0016953941167319674,10
resnet_logit,multiclass,all_unexposed_probe,all_original_classes,policy_BA_difference,-0.0035289386926972742,-0.019540929659636753,0.012067717030531677,0.009471688559868897,10
resnet_logit,multiclass,all_unexposed_probe,all_original_classes,policy_label_disagreement,0.02808391056960851,0.013893742140309646,0.06460848004755328,0.015829410228353227,10
resnet_logit,multiclass,all_unexposed_probe,all_original_classes,exposure_gain,0.013055143243930428,0.0041075686670652345,0.03125,0.009340422122701815,10
resnet_logit,multiclass,all_unexposed_probe,all_original_classes,exposure_loss,0.008282034895307207,0.0032870470585001474,0.029108577971564242,0.007721225972227657,10
resnet_logit,multiclass,all_unexposed_probe,all_original_classes,exposure_wrong_to_wrong,0.007025141560324627,0.0,0.023059687261632343,0.0067894328515755034,10
resnet_logit,multiclass,all_unexposed_probe,all_original_classes,exposure_turnover,0.02133717813923764,0.007394615725565382,0.0455639349303537,0.01244563906254935,10
resnet_logit,multiclass,all_unexposed_probe,all_original_classes,exposure_label_churn,0.02836231969956226,0.010653745851114272,0.05511698053889129,0.0167936008129085,10
resnet_logit,multiclass,all_unexposed_probe,all_original_classes,exposure_BA_delta,0.004773108348623224,-0.012653221012774789,0.02687906728238536,0.011782516718157738,10
resnet_logit,multiclass,all_unexposed_probe,all_original_classes,sham_gain,0.014079552951120455,0.003417676830148226,0.03331823671497585,0.009689237442654916,10
resnet_logit,multiclass,all_unexposed_probe,all_original_classes,sham_loss,0.00577750590979996,0.0014214228530590085,0.012472104541612551,0.003351833703316137,10
resnet_logit,multiclass,all_unexposed_probe,all_original_classes,sham_wrong_to_wrong,0.009736238670020134,0.0,0.04532084286803966,0.013415285713774244,10
resnet_logit,multiclass,all_unexposed_probe,all_original_classes,sham_turnover,0.01985705886092042,0.007612303378893768,0.040108601164093156,0.011326036874165857,10
resnet_logit,multiclass,all_unexposed_probe,all_original_classes,sham_label_churn,0.02959329753094055,0.00890354742614468,0.057261451955387885,0.017110463237677856,10
resnet_logit,multiclass,all_unexposed_probe,all_original_classes,sham_BA_delta,0.008302047041320497,-0.0034472043553851334,0.026527872265858538,0.009052795784435831,10
resnet_logit,multiclass,all_unexposed_probe,all_original_classes,turnover_difference,0.0014801192783172185,-0.01319850313700428,0.020116684189910732,0.009830424131355077,10
resnet_logit,multiclass,all_unexposed_probe,all_original_classes,churn_difference,-0.0012309778313782894,-0.012376134715951649,0.014419783055366578,0.00792123014337172,10
resnet_logit,multiclass,all_unexposed_probe,all_original_classes,zero_BA,0.5567012299771166,0.43844393592677344,0.6511012585812357,0.07296369131911157,10
resnet_logit,multiclass,all_unexposed_probe,all_original_classes,sham_BA,0.5650032770184372,0.464971808192632,0.6565254971791012,0.06817814861879315,10
resnet_logit,multiclass,all_unexposed_probe,all_original_classes,exposure_BA,0.5614743383257399,0.4653230032091588,0.6500982676039884,0.06667787856461539,10
resnet_logit,multiclass,all_unexposed_probe,all_original_classes,corrected_relative_to_sham,0.008258434349681487,0.0030468325877364777,0.021748901361315548,0.005287593589787737,10
resnet_logit,multiclass,all_unexposed_probe,all_original_classes,harmed_relative_to_sham,0.011787373042378762,0.003902765752022045,0.028086925598367247,0.008842200733807017,10
resnet_logit,multiclass,all_unexposed_probe,all_original_classes,sham_error_headroom,0.43499672298156283,0.3434745028208987,0.535028191807368,0.06817814861879319,10
resnet_logit,multiclass,all_unexposed_probe,all_original_classes,p_true_difference,-0.0012015400526252475,-0.006637880447091186,0.004042151132212292,0.0032556429350632265,10
resnet_logit,multiclass,all_unexposed_probe,all_original_classes,total_variation,0.020749842231705444,0.016814021558528097,0.028495148471524546,0.003549473948825503,10
resnet_logit,multiclass,all_unexposed_probe,common_classes_n_ge_30,policy_BA_difference,-0.0010770419542349364,-0.006574079800624422,0.001682727731545428,0.0027732723509889725,10
resnet_logit,multiclass,all_unexposed_probe,common_classes_n_ge_30,policy_label_disagreement,0.02376583677499009,0.017603453949754485,0.03722253909134154,0.006343912383501754,10
resnet_logit,multiclass,all_unexposed_probe,common_classes_n_ge_30,exposure_gain,0.011408143460012263,0.0,0.024449544891955263,0.007203521288929807,10
resnet_logit,multiclass,all_unexposed_probe,common_classes_n_ge_30,exposure_loss,0.008162892106446645,0.0018093226712601236,0.01742364026879664,0.004535401462696767,10
resnet_logit,multiclass,all_unexposed_probe,common_classes_n_ge_30,exposure_wrong_to_wrong,0.002482360316075037,0.0,0.008342133132369593,0.003049626697902624,10
resnet_logit,multiclass,all_unexposed_probe,common_classes_n_ge_30,exposure_turnover,0.019571035566458905,0.006308558749443569,0.037223417162395044,0.009115777257218273,10
resnet_logit,multiclass,all_unexposed_probe,common_classes_n_ge_30,exposure_label_churn,0.022053395882533945,0.014427012825182162,0.0383930078056699,0.00801155643590155,10
resnet_logit,multiclass,all_unexposed_probe,common_classes_n_ge_30,exposure_BA_delta,0.003245251353565618,-0.006308558749443569,0.01971678009054058,0.00786280966147445,10
resnet_logit,multiclass,all_unexposed_probe,common_classes_n_ge_30,sham_gain,0.01216524304624991,0.0024691358024691358,0.025692664441710967,0.007830716235722648,10
resnet_logit,multiclass,all_unexposed_probe,common_classes_n_ge_30,sham_loss,0.007842949738449357,0.0013192444923947593,0.019502912523507488,0.005318525436886862,10
resnet_logit,multiclass,all_unexposed_probe,common_classes_n_ge_30,sham_wrong_to_wrong,0.003000876543973416,0.0,0.00907139023081052,0.003197814266901426,10
resnet_logit,multiclass,all_unexposed_probe,common_classes_n_ge_30,sham_turnover,0.020008192784699272,0.010409188746335963,0.04212473342908126,0.009792523675726117,10
resnet_logit,multiclass,all_unexposed_probe,common_classes_n_ge_30,sham_label_churn,0.023009069328672686,0.011696822680804375,0.04587505125262562,0.00946807468158906,10
resnet_logit,multiclass,all_unexposed_probe,common_classes_n_ge_30,sham_BA_delta,0.004322293307800555,-0.005470917141397691,0.02200228451181922,0.009127986592605691,10
resnet_logit,multiclass,all_unexposed_probe,common_classes_n_ge_30,turnover_difference,-0.0004371572182403606,-0.0054015877051727555,0.006523228033525517,0.004125795426354447,10
resnet_logit,multiclass,all_unexposed_probe,common_classes_n_ge_30,churn_difference,-0.0009556734461387392,-0.007482043446955727,0.006523228033525517,0.0044221707568781726,10
resnet_logit,multiclass,all_unexposed_probe,common_classes_n_ge_30,zero_BA,0.6526849733028223,0.5845919145690313,0.7306636155606406,0.04650524148113999,10
resnet_logit,multiclass,all_unexposed_probe,common_classes_n_ge_30,sham_BA,0.6570072666106228,0.5791209974276336,0.7274572818432468,0.045766169164356565,10
resnet_logit,multiclass,all_unexposed_probe,common_classes_n_ge_30,exposure_BA,0.655930224656388,0.5782833558195876,0.7287209024432517,0.046235535700192336,10
resnet_logit,multiclass,all_unexposed_probe,common_classes_n_ge_30,corrected_relative_to_sham,0.009838030249929564,0.004208861798488038,0.01607232709444761,0.0037416734193762586,10
resnet_logit,multiclass,all_unexposed_probe,common_classes_n_ge_30,harmed_relative_to_sham,0.0109150722041645,0.00518909451022342,0.01681509885171212,0.004145677665931118,10
resnet_logit,multiclass,all_unexposed_probe,common_classes_n_ge_30,sham_error_headroom,0.34299273338937714,0.27254271815675324,0.4208790025723664,0.045766169164356565,10
resnet_logit,multiclass,all_unexposed_probe,common_classes_n_ge_30,p_true_difference,0.00038306216262428046,-0.0009634246524220677,0.0011663627997032255,0.0005731707230287407,10
resnet_logit,multiclass,all_unexposed_probe,common_classes_n_ge_30,total_variation,0.015417704129364763,0.012969416112043365,0.01725808454904872,0.0012025206929335054,10
resnet_logit,multiclass,own_target,all_original_classes,policy_BA_difference,0.25192791762013733,0.10892448512585812,0.3860411899313501,0.08206979873025261,10
resnet_logit,multiclass,own_target,all_original_classes,policy_label_disagreement,0.253129290617849,0.10892448512585812,0.3860411899313501,0.08270548730870847,10
resnet_logit,multiclass,own_target,all_original_classes,exposure_gain,0.2845594965675057,0.09805491990846682,0.4135011441647597,0.09230064355250545,10
resnet_logit,multiclass,own_target,all_original_classes,exposure_loss,0.0,0.0,0.0,0.0,10
resnet_logit,multiclass,own_target,all_original_classes,exposure_wrong_to_wrong,0.0012013729977116705,0.0,0.006578947368421052,0.0025470339980265444,10
resnet_logit,multiclass,own_target,all_original_classes,exposure_turnover,0.2845594965675057,0.09805491990846682,0.4135011441647597,0.09230064355250545,10
resnet_logit,multiclass,own_target,all_original_classes,exposure_label_churn,0.28576086956521746,0.09805491990846682,0.4135011441647597,0.09258575316762764,10
resnet_logit,multiclass,own_target,all_original_classes,exposure_BA_delta,0.2845594965675057,0.09805491990846682,0.4135011441647597,0.09230064355250545,10
resnet_logit,multiclass,own_target,all_original_classes,sham_gain,0.04687643020594966,0.0,0.15,0.0547121369104341,10
resnet_logit,multiclass,own_target,all_original_classes,sham_loss,0.014244851258581234,0.0,0.125,0.03909713277736836,10
resnet_logit,multiclass,own_target,all_original_classes,sham_wrong_to_wrong,0.0005434782608695652,0.0,0.005434782608695652,0.0017186291631349885,10
resnet_logit,multiclass,own_target,all_original_classes,sham_turnover,0.061121281464530886,0.0,0.15,0.05675269428378633,10
resnet_logit,multiclass,own_target,all_original_classes,sham_label_churn,0.061664759725400455,0.0,0.15,0.05652173559191343,10
resnet_logit,multiclass,own_target,all_original_classes,sham_BA_delta,0.03263157894736842,-0.11842105263157895,0.15,0.07630949564088076,10
resnet_logit,multiclass,own_target,all_original_classes,turnover_difference,0.22343821510297485,0.08718535469107552,0.3424485125858124,0.07607063847582855,10
resnet_logit,multiclass,own_target,all_original_classes,churn_difference,0.22409610983981695,0.08718535469107552,0.3490274599542334,0.07723381355309639,10
resnet_logit,multiclass,own_target,all_original_classes,zero_BA,0.5520137299771166,0.43844393592677344,0.7448512585812357,0.09000994192166574,10
resnet_logit,multiclass,own_target,all_original_classes,sham_BA,0.5846453089244853,0.4318649885583524,0.7339816933638443,0.09858970516927096,10
resnet_logit,multiclass,own_target,all_original_classes,exposure_BA,0.8365732265446224,0.7224828375286041,0.9103546910755149,0.06479569825673359,10
resnet_logit,multiclass,own_target,all_original_classes,corrected_relative_to_sham,0.25192791762013733,0.10892448512585812,0.3860411899313501,0.08206979873025261,10
resnet_logit,multiclass,own_target,all_original_classes,harmed_relative_to_sham,0.0,0.0,0.0,0.0,10
resnet_logit,multiclass,own_target,all_original_classes,sham_error_headroom,0.4153546910755149,0.2660183066361556,0.5681350114416477,0.09858970516927101,10
resnet_logit,multiclass,own_target,all_original_classes,p_true_difference,0.1697377329378596,0.11057160788064199,0.2401161278628106,0.054935662489992244,10
resnet_logit,multiclass,own_target,all_original_classes,total_variation,0.179516167882212,0.11279496386181959,0.2407839371107076,0.049959346710238835,10
resnet_logit,multiclass,own_target,common_classes_n_ge_30,policy_BA_difference,0.13590389016018306,0.09168573607932877,0.18466819221967964,0.03130470571111229,10
resnet_logit,multiclass,own_target,common_classes_n_ge_30,policy_label_disagreement,0.1375057208237986,0.09168573607932877,0.18466819221967964,0.03098333633740754,10
resnet_logit,multiclass,own_target,common_classes_n_ge_30,exposure_gain,0.16274599542334095,0.11647597254004577,0.21800152555301297,0.032227770277077725,10
resnet_logit,multiclass,own_target,common_classes_n_ge_30,exposure_loss,0.0,0.0,0.0,0.0,10
resnet_logit,multiclass,own_target,common_classes_n_ge_30,exposure_wrong_to_wrong,0.0016018306636155608,0.0,0.008771929824561403,0.0033960453307020594,10
resnet_logit,multiclass,own_target,common_classes_n_ge_30,exposure_turnover,0.16274599542334095,0.11647597254004577,0.21800152555301297,0.032227770277077725,10
resnet_logit,multiclass,own_target,common_classes_n_ge_30,exposure_label_churn,0.16434782608695653,0.11647597254004577,0.21800152555301297,0.03139165295863887,10
resnet_logit,multiclass,own_target,common_classes_n_ge_30,exposure_BA_delta,0.16274599542334095,0.11647597254004577,0.21800152555301297,0.032227770277077725,10
resnet_logit,multiclass,own_target,common_classes_n_ge_30,sham_gain,0.029168573607932874,0.0,0.09298245614035087,0.03226519977858094,10
resnet_logit,multiclass,own_target,common_classes_n_ge_30,sham_loss,0.002326468344774981,0.0,0.014492753623188406,0.00508660671477416,10
resnet_logit,multiclass,own_target,common_classes_n_ge_30,sham_wrong_to_wrong,0.0007246376811594203,0.0,0.007246376811594203,0.0022915055508466523,10
resnet_logit,multiclass,own_target,common_classes_n_ge_30,sham_turnover,0.03149504195270785,0.0,0.09298245614035087,0.03026742821799043,10
resnet_logit,multiclass,own_target,common_classes_n_ge_30,sham_label_churn,0.03221967963386728,0.0,0.09298245614035087,0.030824061945161543,10
resnet_logit,multiclass,own_target,common_classes_n_ge_30,sham_BA_delta,0.026842105263157896,-0.014492753623188406,0.09298245614035087,0.03489578997979336,10
resnet_logit,multiclass,own_target,common_classes_n_ge_30,turnover_difference,0.13125095347063312,0.09168573607932877,0.18466819221967964,0.03169020049447397,10
resnet_logit,multiclass,own_target,common_classes_n_ge_30,churn_difference,0.13212814645308926,0.09168573607932877,0.18466819221967964,0.031565736247429366,10
resnet_logit,multiclass,own_target,common_classes_n_ge_30,zero_BA,0.6526849733028223,0.5845919145690313,0.7306636155606406,0.04650524148113998,10
resnet_logit,multiclass,own_target,common_classes_n_ge_30,sham_BA,0.6795270785659803,0.5758199847444699,0.7630816170861937,0.05849477686305942,10
resnet_logit,multiclass,own_target,common_classes_n_ge_30,exposure_BA,0.8154309687261632,0.7166285278413426,0.8804729214340199,0.048581339559775935,10
resnet_logit,multiclass,own_target,common_classes_n_ge_30,corrected_relative_to_sham,0.13590389016018306,0.09168573607932877,0.18466819221967964,0.03130470571111229,10
resnet_logit,multiclass,own_target,common_classes_n_ge_30,harmed_relative_to_sham,0.0,0.0,0.0,0.0,10
resnet_logit,multiclass,own_target,common_classes_n_ge_30,sham_error_headroom,0.32047292143401984,0.23691838291380626,0.4241800152555301,0.05849477686305945,10
resnet_logit,multiclass,own_target,common_classes_n_ge_30,p_true_difference,0.10505983657432132,0.08599277431463437,0.11558602083699347,0.009323800352886399,10
resnet_logit,multiclass,own_target,common_classes_n_ge_30,total_variation,0.10695978069392025,0.0880780490460601,0.11819832985921382,0.009198312270643981,10
resnet_logit,multiclass,sentinel,all_original_classes,policy_BA_difference,-0.016906343437940192,-0.06359343008551127,0.0045841537108117026,0.02388501782711261,10
resnet_logit,multiclass,sentinel,all_original_classes,policy_label_disagreement,0.042056469243699234,0.005329759018479438,0.108830994821149,0.03577679550481426,10
resnet_logit,multiclass,sentinel,all_original_classes,exposure_gain,0.008311788169807665,7.151029748283753e-05,0.02081100204745273,0.006026933236667786,10
resnet_logit,multiclass,sentinel,all_original_classes,exposure_loss,0.01646512064785384,0.002901583503081652,0.0909896370615126,0.02790223827454372,10
resnet_logit,multiclass,sentinel,all_original_classes,exposure_wrong_to_wrong,0.007745323848373295,0.0,0.048092105263157894,0.014561052177446306,10
resnet_logit,multiclass,sentinel,all_original_classes,exposure_turnover,0.024776908817661505,0.004109207515355895,0.0981114735899544,0.029389534575309992,10
resnet_logit,multiclass,sentinel,all_original_classes,exposure_label_churn,0.0325222326660348,0.004109207515355895,0.09975621043205966,0.030628023325889746,10
resnet_logit,multiclass,sentinel,all_original_classes,exposure_BA_delta,-0.008153332478046175,-0.08386780053307082,0.008454775382391908,0.02767621555386476,10
resnet_logit,multiclass,sentinel,all_original_classes,sham_gain,0.018722286732401595,0.0003289473684210526,0.066419517042033,0.021660551190772606,10
resnet_logit,multiclass,sentinel,all_original_classes,sham_loss,0.00996927577250758,0.0023007006372762068,0.054164812089920356,0.015840817679339394,10
resnet_logit,multiclass,sentinel,all_original_classes,sham_wrong_to_wrong,0.0070299348323549895,0.0,0.030666475972540047,0.010132069750607754,10
resnet_logit,multiclass,sentinel,all_original_classes,sham_turnover,0.028691562504909174,0.003341772748456556,0.06998088040467301,0.025089416818440805,10
resnet_logit,multiclass,sentinel,all_original_classes,sham_label_churn,0.035721497337264166,0.003341772748456556,0.10064735637721307,0.031010879374871653,10
resnet_logit,multiclass,sentinel,all_original_classes,sham_BA_delta,0.008753010959894014,-0.04088933282365201,0.06285815367939299,0.028473551394001477,10
resnet_logit,multiclass,sentinel,all_original_classes,turnover_difference,-0.003914653687247668,-0.05760372756834879,0.030671182233765696,0.02552501018481803,10
resnet_logit,multiclass,sentinel,all_original_classes,churn_difference,-0.0031992646712293606,-0.04017809827773093,0.03231591907587096,0.02194787596655452,10
resnet_logit,multiclass,sentinel,all_original_classes,zero_BA,0.5106521739130435,0.36441647597254,0.7275743707093821,0.11044469712549951,10
resnet_logit,multiclass,sentinel,all_original_classes,sham_BA,0.5194051848729374,0.37163940875220586,0.7367561161759237,0.10180316323551923,10
resnet_logit,multiclass,sentinel,all_original_classes,exposure_BA,0.5024988414349972,0.37287125135493193,0.713662957076803,0.0953706320058419,10
resnet_logit,multiclass,sentinel,all_original_classes,corrected_relative_to_sham,0.008778394660913551,0.001964651330844273,0.02104341542344569,0.005933133546426555,10
resnet_logit,multiclass,sentinel,all_original_classes,harmed_relative_to_sham,0.025684738098853743,0.003365107687635166,0.07039985547392509,0.02650578658533343,10
resnet_logit,multiclass,sentinel,all_original_classes,sham_error_headroom,0.48059481512706254,0.26324388382407615,0.6283605912477941,0.10180316323551926,10
resnet_logit,multiclass,sentinel,all_original_classes,p_true_difference,-0.004040968982833478,-0.014720855620784333,0.0019737395372022926,0.005108166564546895,10
resnet_logit,multiclass,sentinel,all_original_classes,total_variation,0.02192726727319477,0.016240305089985387,0.030409548236029142,0.004871685742152466,10
resnet_logit,multiclass,sentinel,common_classes_n_ge_30,policy_BA_difference,-4.8093902384389524e-05,-0.0033067496120661815,0.004374811269542875,0.0023475097956514135,10
resnet_logit,multiclass,sentinel,common_classes_n_ge_30,policy_label_disagreement,0.020632807768101977,0.00705966820676538,0.03526002184182308,0.009806119975857956,10
resnet_logit,multiclass,sentinel,common_classes_n_ge_30,exposure_gain,0.008613278129492804,0.0001271294177472667,0.020038272645763914,0.008043871379440286,10
resnet_logit,multiclass,sentinel,common_classes_n_ge_30,exposure_loss,0.006878749954181046,0.003249206822980577,0.015301029079181553,0.004495597093091293,10
resnet_logit,multiclass,sentinel,common_classes_n_ge_30,exposure_wrong_to_wrong,0.005099238328966714,0.0,0.02701754385964912,0.008546110335611326,10
resnet_logit,multiclass,sentinel,common_classes_n_ge_30,exposure_turnover,0.015492028083673845,0.004889798867879079,0.023287479468744487,0.007404671861624738,10
resnet_logit,multiclass,sentinel,common_classes_n_ge_30,exposure_label_churn,0.020591266412640565,0.004889798867879079,0.037833982362466045,0.009247706249713215,10
resnet_logit,multiclass,sentinel,common_classes_n_ge_30,exposure_BA_delta,0.0017345281753117583,-0.015173899661434287,0.016789065822783337,0.010723775203091576,10
resnet_logit,multiclass,sentinel,common_classes_n_ge_30,sham_gain,0.00876588579530942,0.0005847953216374268,0.01990608132442671,0.007812317642114497,10
resnet_logit,multiclass,sentinel,common_classes_n_ge_30,sham_loss,0.006983263717613273,0.002727202378978322,0.015065505105249776,0.004021289213443632,10
resnet_logit,multiclass,sentinel,common_classes_n_ge_30,sham_wrong_to_wrong,0.004689373086149527,0.0,0.026448004068141368,0.008225786965248847,10
resnet_logit,multiclass,sentinel,common_classes_n_ge_30,sham_turnover,0.015749149512922687,0.005940929330589433,0.027479910933769936,0.00830269818999626,10
resnet_logit,multiclass,sentinel,common_classes_n_ge_30,sham_label_churn,0.020438522599072216,0.005940929330589433,0.033899393793408006,0.008894868142684666,10
resnet_logit,multiclass,sentinel,common_classes_n_ge_30,sham_BA_delta,0.0017826220776961475,-0.01448070978361235,0.013399126443442535,0.009245071688458444,10
resnet_logit,multiclass,sentinel,common_classes_n_ge_30,turnover_difference,-0.00025712142924884244,-0.004547916735758742,0.003365048777550284,0.0023727739290861044,10
resnet_logit,multiclass,sentinel,common_classes_n_ge_30,churn_difference,0.00015274381356834556,-0.005031008523198355,0.0039345885690580396,0.002492540909716987,10
resnet_logit,multiclass,sentinel,common_classes_n_ge_30,zero_BA,0.6142028985507247,0.48588863463005333,0.7525553012967201,0.07970580821628434,10
resnet_logit,multiclass,sentinel,common_classes_n_ge_30,sham_BA,0.6159855206284208,0.4982208863451369,0.7479940025169881,0.07706376676810228,10
resnet_logit,multiclass,sentinel,common_classes_n_ge_30,exposure_BA,0.6159374267260364,0.49850388748377433,0.7479197612643356,0.07741680530947882,10
resnet_logit,multiclass,sentinel,common_classes_n_ge_30,corrected_relative_to_sham,0.007856225646861824,0.003336609024966821,0.016560465602037795,0.004324637368165181,10
resnet_logit,multiclass,sentinel,common_classes_n_ge_30,harmed_relative_to_sham,0.007904319549246214,0.0035669547297088942,0.016277464463400403,0.004227770978530283,10
resnet_logit,multiclass,sentinel,common_classes_n_ge_30,sham_error_headroom,0.3840144793715792,0.25200599748301206,0.5017791136548632,0.07706376676810224,10
resnet_logit,multiclass,sentinel,common_classes_n_ge_30,p_true_difference,-0.0005932173936515494,-0.0035261596243536266,0.0016892701726198775,0.0015715838167547997,10
resnet_logit,multiclass,sentinel,common_classes_n_ge_30,total_variation,0.015178242707459544,0.012672299950003752,0.017351208573065647,0.0015768879437983658,10
