row_idx,component_id,selected,reason
152,onion_all_high_0000,True,selected_common_reference_view
533,onion_all_high_0000,True,selected_common_reference_view
825,onion_all_high_0000,True,selected_common_reference_view
296,onion_all_high_0001,True,selected_common_reference_view
698,onion_all_high_0001,True,selected_common_reference_view
1216,onion_all_high_0001,True,selected_common_reference_view
19,onion_all_high_0002,False,fewer_than_three_spatially_supported_views
944,onion_all_high_0002,False,fewer_than_three_spatially_supported_views
1249,onion_all_high_0002,False,fewer_than_three_spatially_supported_views
351,onion_all_high_0003,True,selected_common_reference_view
506,onion_all_high_0003,True,selected_common_reference_view
904,onion_all_high_0003,True,selected_common_reference_view
267,onion_all_high_0004,True,selected_common_reference_view
722,onion_all_high_0004,True,selected_common_reference_view
1095,onion_all_high_0004,True,selected_common_reference_view
11,onion_all_high_0005,True,selected_common_reference_view
468,onion_all_high_0005,True,selected_common_reference_view
644,onion_all_high_0005,True,selected_common_reference_view
357,onion_all_high_0006,True,selected_common_reference_view
706,onion_all_high_0006,True,selected_common_reference_view
743,onion_all_high_0006,True,selected_common_reference_view
220,onion_all_high_0007,False,fewer_than_three_spatially_supported_views
427,onion_all_high_0007,False,fewer_than_three_spatially_supported_views
661,onion_all_high_0007,False,fewer_than_three_spatially_supported_views
495,onion_all_high_0008,True,selected_common_reference_view
937,onion_all_high_0008,True,selected_common_reference_view
984,onion_all_high_0008,True,selected_common_reference_view
447,onion_all_high_0009,False,fewer_than_three_spatially_supported_views
646,onion_all_high_0009,False,fewer_than_three_spatially_supported_views
994,onion_all_high_0009,False,fewer_than_three_spatially_supported_views
206,onion_all_high_0010,False,fewer_than_three_spatially_supported_views
1069,onion_all_high_0010,False,fewer_than_three_spatially_supported_views
1076,onion_all_high_0010,False,fewer_than_three_spatially_supported_views
32,onion_all_high_0011,False,cross_label_blocking_component
63,onion_all_high_0011,False,cross_label_blocking_component
106,onion_all_high_0011,False,cross_label_blocking_component
120,onion_all_high_0011,False,cross_label_blocking_component
171,onion_all_high_0011,False,cross_label_blocking_component
208,onion_all_high_0011,False,cross_label_blocking_component
248,onion_all_high_0011,False,cross_label_blocking_component
285,onion_all_high_0011,False,cross_label_blocking_component
356,onion_all_high_0011,False,cross_label_blocking_component
363,onion_all_high_0011,False,cross_label_blocking_component
499,onion_all_high_0011,False,cross_label_blocking_component
540,onion_all_high_0011,False,cross_label_blocking_component
559,onion_all_high_0011,False,cross_label_blocking_component
613,onion_all_high_0011,False,cross_label_blocking_component
639,onion_all_high_0011,False,cross_label_blocking_component
640,onion_all_high_0011,False,cross_label_blocking_component
688,onion_all_high_0011,False,cross_label_blocking_component
703,onion_all_high_0011,False,cross_label_blocking_component
713,onion_all_high_0011,False,cross_label_blocking_component
717,onion_all_high_0011,False,cross_label_blocking_component
720,onion_all_high_0011,False,cross_label_blocking_component
738,onion_all_high_0011,False,cross_label_blocking_component
775,onion_all_high_0011,False,cross_label_blocking_component
783,onion_all_high_0011,False,cross_label_blocking_component
806,onion_all_high_0011,False,cross_label_blocking_component
816,onion_all_high_0011,False,cross_label_blocking_component
879,onion_all_high_0011,False,cross_label_blocking_component
946,onion_all_high_0011,False,cross_label_blocking_component
988,onion_all_high_0011,False,cross_label_blocking_component
1021,onion_all_high_0011,False,cross_label_blocking_component
1066,onion_all_high_0011,False,cross_label_blocking_component
1100,onion_all_high_0011,False,cross_label_blocking_component
1102,onion_all_high_0011,False,cross_label_blocking_component
1147,onion_all_high_0011,False,cross_label_blocking_component
1152,onion_all_high_0011,False,cross_label_blocking_component
1272,onion_all_high_0011,False,cross_label_blocking_component
3886,onion_all_high_0011,False,cross_label_blocking_component
3980,onion_all_high_0011,False,cross_label_blocking_component
4120,onion_all_high_0011,False,cross_label_blocking_component
4356,onion_all_high_0011,False,cross_label_blocking_component
4465,onion_all_high_0011,False,cross_label_blocking_component
82,onion_all_high_0012,True,selected_common_reference_view
400,onion_all_high_0012,True,selected_common_reference_view
1253,onion_all_high_0012,True,selected_common_reference_view
16,onion_all_high_0013,True,selected_common_reference_view
140,onion_all_high_0013,True,selected_common_reference_view
631,onion_all_high_0013,True,selected_common_reference_view
532,onion_all_high_0014,True,selected_common_reference_view
886,onion_all_high_0014,True,selected_common_reference_view
1007,onion_all_high_0014,True,selected_common_reference_view
375,onion_all_high_0015,True,selected_common_reference_view
429,onion_all_high_0015,True,selected_common_reference_view
1136,onion_all_high_0015,True,selected_common_reference_view
116,onion_all_high_0016,True,selected_common_reference_view
216,onion_all_high_0016,True,selected_common_reference_view
560,onion_all_high_0016,True,selected_common_reference_view
194,onion_all_high_0017,True,selected_common_reference_view
266,onion_all_high_0017,True,selected_common_reference_view
1219,onion_all_high_0017,True,selected_common_reference_view
70,onion_all_high_0018,False,fewer_than_three_spatially_supported_views
103,onion_all_high_0018,False,fewer_than_three_spatially_supported_views
810,onion_all_high_0018,False,fewer_than_three_spatially_supported_views
60,onion_all_high_0019,True,selected_common_reference_view
209,onion_all_high_0019,True,selected_common_reference_view
582,onion_all_high_0019,True,selected_common_reference_view
17,onion_all_high_0020,False,fewer_than_three_spatially_supported_views
526,onion_all_high_0020,False,fewer_than_three_spatially_supported_views
1148,onion_all_high_0020,False,fewer_than_three_spatially_supported_views
201,onion_all_high_0021,False,fewer_than_three_spatially_supported_views
538,onion_all_high_0021,False,fewer_than_three_spatially_supported_views
1134,onion_all_high_0021,False,fewer_than_three_spatially_supported_views
156,onion_all_high_0022,False,fewer_than_three_spatially_supported_views
476,onion_all_high_0022,False,fewer_than_three_spatially_supported_views
704,onion_all_high_0022,False,fewer_than_three_spatially_supported_views
181,onion_all_high_0023,False,fewer_than_three_spatially_supported_views
584,onion_all_high_0023,False,fewer_than_three_spatially_supported_views
1046,onion_all_high_0023,False,fewer_than_three_spatially_supported_views
6,onion_all_high_0024,True,selected_common_reference_view
55,onion_all_high_0024,True,selected_common_reference_view
457,onion_all_high_0024,True,selected_common_reference_view
591,onion_all_high_0024,True,selected_common_reference_view
801,onion_all_high_0024,True,selected_common_reference_view
1146,onion_all_high_0024,True,selected_common_reference_view
487,onion_all_high_0025,True,selected_common_reference_view
624,onion_all_high_0025,True,selected_common_reference_view
1070,onion_all_high_0025,True,selected_common_reference_view
9,onion_all_high_0026,False,cross_label_blocking_component
18,onion_all_high_0026,False,cross_label_blocking_component
28,onion_all_high_0026,False,cross_label_blocking_component
31,onion_all_high_0026,False,cross_label_blocking_component
57,onion_all_high_0026,False,cross_label_blocking_component
59,onion_all_high_0026,False,cross_label_blocking_component
73,onion_all_high_0026,False,cross_label_blocking_component
84,onion_all_high_0026,False,cross_label_blocking_component
89,onion_all_high_0026,False,cross_label_blocking_component
90,onion_all_high_0026,False,cross_label_blocking_component
92,onion_all_high_0026,False,cross_label_blocking_component
111,onion_all_high_0026,False,cross_label_blocking_component
112,onion_all_high_0026,False,cross_label_blocking_component
132,onion_all_high_0026,False,cross_label_blocking_component
149,onion_all_high_0026,False,cross_label_blocking_component
173,onion_all_high_0026,False,cross_label_blocking_component
176,onion_all_high_0026,False,cross_label_blocking_component
185,onion_all_high_0026,False,cross_label_blocking_component
186,onion_all_high_0026,False,cross_label_blocking_component
195,onion_all_high_0026,False,cross_label_blocking_component
203,onion_all_high_0026,False,cross_label_blocking_component
204,onion_all_high_0026,False,cross_label_blocking_component
207,onion_all_high_0026,False,cross_label_blocking_component
224,onion_all_high_0026,False,cross_label_blocking_component
231,onion_all_high_0026,False,cross_label_blocking_component
235,onion_all_high_0026,False,cross_label_blocking_component
236,onion_all_high_0026,False,cross_label_blocking_component
238,onion_all_high_0026,False,cross_label_blocking_component
241,onion_all_high_0026,False,cross_label_blocking_component
243,onion_all_high_0026,False,cross_label_blocking_component
251,onion_all_high_0026,False,cross_label_blocking_component
254,onion_all_high_0026,False,cross_label_blocking_component
255,onion_all_high_0026,False,cross_label_blocking_component
256,onion_all_high_0026,False,cross_label_blocking_component
262,onion_all_high_0026,False,cross_label_blocking_component
271,onion_all_high_0026,False,cross_label_blocking_component
279,onion_all_high_0026,False,cross_label_blocking_component
283,onion_all_high_0026,False,cross_label_blocking_component
287,onion_all_high_0026,False,cross_label_blocking_component
289,onion_all_high_0026,False,cross_label_blocking_component
292,onion_all_high_0026,False,cross_label_blocking_component
302,onion_all_high_0026,False,cross_label_blocking_component
304,onion_all_high_0026,False,cross_label_blocking_component
306,onion_all_high_0026,False,cross_label_blocking_component
315,onion_all_high_0026,False,cross_label_blocking_component
321,onion_all_high_0026,False,cross_label_blocking_component
327,onion_all_high_0026,False,cross_label_blocking_component
336,onion_all_high_0026,False,cross_label_blocking_component
339,onion_all_high_0026,False,cross_label_blocking_component
342,onion_all_high_0026,False,cross_label_blocking_component
344,onion_all_high_0026,False,cross_label_blocking_component
359,onion_all_high_0026,False,cross_label_blocking_component
360,onion_all_high_0026,False,cross_label_blocking_component
361,onion_all_high_0026,False,cross_label_blocking_component
372,onion_all_high_0026,False,cross_label_blocking_component
381,onion_all_high_0026,False,cross_label_blocking_component
382,onion_all_high_0026,False,cross_label_blocking_component
384,onion_all_high_0026,False,cross_label_blocking_component
387,onion_all_high_0026,False,cross_label_blocking_component
396,onion_all_high_0026,False,cross_label_blocking_component
403,onion_all_high_0026,False,cross_label_blocking_component
405,onion_all_high_0026,False,cross_label_blocking_component
410,onion_all_high_0026,False,cross_label_blocking_component
413,onion_all_high_0026,False,cross_label_blocking_component
420,onion_all_high_0026,False,cross_label_blocking_component
431,onion_all_high_0026,False,cross_label_blocking_component
433,onion_all_high_0026,False,cross_label_blocking_component
435,onion_all_high_0026,False,cross_label_blocking_component
438,onion_all_high_0026,False,cross_label_blocking_component
439,onion_all_high_0026,False,cross_label_blocking_component
443,onion_all_high_0026,False,cross_label_blocking_component
456,onion_all_high_0026,False,cross_label_blocking_component
459,onion_all_high_0026,False,cross_label_blocking_component
460,onion_all_high_0026,False,cross_label_blocking_component
462,onion_all_high_0026,False,cross_label_blocking_component
463,onion_all_high_0026,False,cross_label_blocking_component
465,onion_all_high_0026,False,cross_label_blocking_component
467,onion_all_high_0026,False,cross_label_blocking_component
491,onion_all_high_0026,False,cross_label_blocking_component
496,onion_all_high_0026,False,cross_label_blocking_component
502,onion_all_high_0026,False,cross_label_blocking_component
503,onion_all_high_0026,False,cross_label_blocking_component
505,onion_all_high_0026,False,cross_label_blocking_component
509,onion_all_high_0026,False,cross_label_blocking_component
514,onion_all_high_0026,False,cross_label_blocking_component
516,onion_all_high_0026,False,cross_label_blocking_component
517,onion_all_high_0026,False,cross_label_blocking_component
542,onion_all_high_0026,False,cross_label_blocking_component
545,onion_all_high_0026,False,cross_label_blocking_component
555,onion_all_high_0026,False,cross_label_blocking_component
556,onion_all_high_0026,False,cross_label_blocking_component
567,onion_all_high_0026,False,cross_label_blocking_component
574,onion_all_high_0026,False,cross_label_blocking_component
583,onion_all_high_0026,False,cross_label_blocking_component
601,onion_all_high_0026,False,cross_label_blocking_component
609,onion_all_high_0026,False,cross_label_blocking_component
627,onion_all_high_0026,False,cross_label_blocking_component
632,onion_all_high_0026,False,cross_label_blocking_component
634,onion_all_high_0026,False,cross_label_blocking_component
649,onion_all_high_0026,False,cross_label_blocking_component
655,onion_all_high_0026,False,cross_label_blocking_component
657,onion_all_high_0026,False,cross_label_blocking_component
663,onion_all_high_0026,False,cross_label_blocking_component
678,onion_all_high_0026,False,cross_label_blocking_component
682,onion_all_high_0026,False,cross_label_blocking_component
685,onion_all_high_0026,False,cross_label_blocking_component
692,onion_all_high_0026,False,cross_label_blocking_component
696,onion_all_high_0026,False,cross_label_blocking_component
700,onion_all_high_0026,False,cross_label_blocking_component
721,onion_all_high_0026,False,cross_label_blocking_component
732,onion_all_high_0026,False,cross_label_blocking_component
753,onion_all_high_0026,False,cross_label_blocking_component
754,onion_all_high_0026,False,cross_label_blocking_component
767,onion_all_high_0026,False,cross_label_blocking_component
780,onion_all_high_0026,False,cross_label_blocking_component
781,onion_all_high_0026,False,cross_label_blocking_component
787,onion_all_high_0026,False,cross_label_blocking_component
788,onion_all_high_0026,False,cross_label_blocking_component
792,onion_all_high_0026,False,cross_label_blocking_component
796,onion_all_high_0026,False,cross_label_blocking_component
797,onion_all_high_0026,False,cross_label_blocking_component
799,onion_all_high_0026,False,cross_label_blocking_component
805,onion_all_high_0026,False,cross_label_blocking_component
809,onion_all_high_0026,False,cross_label_blocking_component
817,onion_all_high_0026,False,cross_label_blocking_component
820,onion_all_high_0026,False,cross_label_blocking_component
823,onion_all_high_0026,False,cross_label_blocking_component
830,onion_all_high_0026,False,cross_label_blocking_component
835,onion_all_high_0026,False,cross_label_blocking_component
836,onion_all_high_0026,False,cross_label_blocking_component
838,onion_all_high_0026,False,cross_label_blocking_component
839,onion_all_high_0026,False,cross_label_blocking_component
845,onion_all_high_0026,False,cross_label_blocking_component
876,onion_all_high_0026,False,cross_label_blocking_component
887,onion_all_high_0026,False,cross_label_blocking_component
891,onion_all_high_0026,False,cross_label_blocking_component
894,onion_all_high_0026,False,cross_label_blocking_component
898,onion_all_high_0026,False,cross_label_blocking_component
911,onion_all_high_0026,False,cross_label_blocking_component
930,onion_all_high_0026,False,cross_label_blocking_component
935,onion_all_high_0026,False,cross_label_blocking_component
936,onion_all_high_0026,False,cross_label_blocking_component
955,onion_all_high_0026,False,cross_label_blocking_component
963,onion_all_high_0026,False,cross_label_blocking_component
967,onion_all_high_0026,False,cross_label_blocking_component
971,onion_all_high_0026,False,cross_label_blocking_component
978,onion_all_high_0026,False,cross_label_blocking_component
979,onion_all_high_0026,False,cross_label_blocking_component
991,onion_all_high_0026,False,cross_label_blocking_component
993,onion_all_high_0026,False,cross_label_blocking_component
996,onion_all_high_0026,False,cross_label_blocking_component
1001,onion_all_high_0026,False,cross_label_blocking_component
1010,onion_all_high_0026,False,cross_label_blocking_component
1014,onion_all_high_0026,False,cross_label_blocking_component
1015,onion_all_high_0026,False,cross_label_blocking_component
1032,onion_all_high_0026,False,cross_label_blocking_component
1035,onion_all_high_0026,False,cross_label_blocking_component
1038,onion_all_high_0026,False,cross_label_blocking_component
1041,onion_all_high_0026,False,cross_label_blocking_component
1048,onion_all_high_0026,False,cross_label_blocking_component
1058,onion_all_high_0026,False,cross_label_blocking_component
1059,onion_all_high_0026,False,cross_label_blocking_component
1061,onion_all_high_0026,False,cross_label_blocking_component
1063,onion_all_high_0026,False,cross_label_blocking_component
1067,onion_all_high_0026,False,cross_label_blocking_component
1073,onion_all_high_0026,False,cross_label_blocking_component
1075,onion_all_high_0026,False,cross_label_blocking_component
1079,onion_all_high_0026,False,cross_label_blocking_component
1084,onion_all_high_0026,False,cross_label_blocking_component
1096,onion_all_high_0026,False,cross_label_blocking_component
1107,onion_all_high_0026,False,cross_label_blocking_component
1110,onion_all_high_0026,False,cross_label_blocking_component
1117,onion_all_high_0026,False,cross_label_blocking_component
1120,onion_all_high_0026,False,cross_label_blocking_component
1122,onion_all_high_0026,False,cross_label_blocking_component
1123,onion_all_high_0026,False,cross_label_blocking_component
1125,onion_all_high_0026,False,cross_label_blocking_component
1145,onion_all_high_0026,False,cross_label_blocking_component
1150,onion_all_high_0026,False,cross_label_blocking_component
1153,onion_all_high_0026,False,cross_label_blocking_component
1154,onion_all_high_0026,False,cross_label_blocking_component
1157,onion_all_high_0026,False,cross_label_blocking_component
1163,onion_all_high_0026,False,cross_label_blocking_component
1174,onion_all_high_0026,False,cross_label_blocking_component
1182,onion_all_high_0026,False,cross_label_blocking_component
1183,onion_all_high_0026,False,cross_label_blocking_component
1185,onion_all_high_0026,False,cross_label_blocking_component
1188,onion_all_high_0026,False,cross_label_blocking_component
1189,onion_all_high_0026,False,cross_label_blocking_component
1190,onion_all_high_0026,False,cross_label_blocking_component
1211,onion_all_high_0026,False,cross_label_blocking_component
1218,onion_all_high_0026,False,cross_label_blocking_component
1222,onion_all_high_0026,False,cross_label_blocking_component
1224,onion_all_high_0026,False,cross_label_blocking_component
1225,onion_all_high_0026,False,cross_label_blocking_component
1229,onion_all_high_0026,False,cross_label_blocking_component
1233,onion_all_high_0026,False,cross_label_blocking_component
1235,onion_all_high_0026,False,cross_label_blocking_component
1236,onion_all_high_0026,False,cross_label_blocking_component
1241,onion_all_high_0026,False,cross_label_blocking_component
1242,onion_all_high_0026,False,cross_label_blocking_component
1248,onion_all_high_0026,False,cross_label_blocking_component
1255,onion_all_high_0026,False,cross_label_blocking_component
1260,onion_all_high_0026,False,cross_label_blocking_component
1266,onion_all_high_0026,False,cross_label_blocking_component
1269,onion_all_high_0026,False,cross_label_blocking_component
1273,onion_all_high_0026,False,cross_label_blocking_component
1281,onion_all_high_0026,False,cross_label_blocking_component
1285,onion_all_high_0026,False,cross_label_blocking_component
1287,onion_all_high_0026,False,cross_label_blocking_component
1288,onion_all_high_0026,False,cross_label_blocking_component
1294,onion_all_high_0026,False,cross_label_blocking_component
1299,onion_all_high_0026,False,cross_label_blocking_component
1300,onion_all_high_0026,False,cross_label_blocking_component
1301,onion_all_high_0026,False,cross_label_blocking_component
1302,onion_all_high_0026,False,cross_label_blocking_component
1303,onion_all_high_0026,False,cross_label_blocking_component
1305,onion_all_high_0026,False,cross_label_blocking_component
1308,onion_all_high_0026,False,cross_label_blocking_component
1317,onion_all_high_0026,False,cross_label_blocking_component
1321,onion_all_high_0026,False,cross_label_blocking_component
1322,onion_all_high_0026,False,cross_label_blocking_component
1324,onion_all_high_0026,False,cross_label_blocking_component
1325,onion_all_high_0026,False,cross_label_blocking_component
1326,onion_all_high_0026,False,cross_label_blocking_component
1328,onion_all_high_0026,False,cross_label_blocking_component
1329,onion_all_high_0026,False,cross_label_blocking_component
1331,onion_all_high_0026,False,cross_label_blocking_component
1332,onion_all_high_0026,False,cross_label_blocking_component
1334,onion_all_high_0026,False,cross_label_blocking_component
1336,onion_all_high_0026,False,cross_label_blocking_component
1338,onion_all_high_0026,False,cross_label_blocking_component
1340,onion_all_high_0026,False,cross_label_blocking_component
1342,onion_all_high_0026,False,cross_label_blocking_component
1344,onion_all_high_0026,False,cross_label_blocking_component
1346,onion_all_high_0026,False,cross_label_blocking_component
1348,onion_all_high_0026,False,cross_label_blocking_component
1349,onion_all_high_0026,False,cross_label_blocking_component
1350,onion_all_high_0026,False,cross_label_blocking_component
1353,onion_all_high_0026,False,cross_label_blocking_component
1354,onion_all_high_0026,False,cross_label_blocking_component
1357,onion_all_high_0026,False,cross_label_blocking_component
1360,onion_all_high_0026,False,cross_label_blocking_component
1361,onion_all_high_0026,False,cross_label_blocking_component
1362,onion_all_high_0026,False,cross_label_blocking_component
1363,onion_all_high_0026,False,cross_label_blocking_component
1364,onion_all_high_0026,False,cross_label_blocking_component
1366,onion_all_high_0026,False,cross_label_blocking_component
1367,onion_all_high_0026,False,cross_label_blocking_component
1369,onion_all_high_0026,False,cross_label_blocking_component
1371,onion_all_high_0026,False,cross_label_blocking_component
1373,onion_all_high_0026,False,cross_label_blocking_component
1374,onion_all_high_0026,False,cross_label_blocking_component
1376,onion_all_high_0026,False,cross_label_blocking_component
1382,onion_all_high_0026,False,cross_label_blocking_component
1384,onion_all_high_0026,False,cross_label_blocking_component
1387,onion_all_high_0026,False,cross_label_blocking_component
1389,onion_all_high_0026,False,cross_label_blocking_component
1391,onion_all_high_0026,False,cross_label_blocking_component
1392,onion_all_high_0026,False,cross_label_blocking_component
1393,onion_all_high_0026,False,cross_label_blocking_component
1395,onion_all_high_0026,False,cross_label_blocking_component
1397,onion_all_high_0026,False,cross_label_blocking_component
1400,onion_all_high_0026,False,cross_label_blocking_component
1403,onion_all_high_0026,False,cross_label_blocking_component
1404,onion_all_high_0026,False,cross_label_blocking_component
1408,onion_all_high_0026,False,cross_label_blocking_component
1410,onion_all_high_0026,False,cross_label_blocking_component
1411,onion_all_high_0026,False,cross_label_blocking_component
1412,onion_all_high_0026,False,cross_label_blocking_component
1413,onion_all_high_0026,False,cross_label_blocking_component
1417,onion_all_high_0026,False,cross_label_blocking_component
1422,onion_all_high_0026,False,cross_label_blocking_component
1423,onion_all_high_0026,False,cross_label_blocking_component
1424,onion_all_high_0026,False,cross_label_blocking_component
1425,onion_all_high_0026,False,cross_label_blocking_component
1434,onion_all_high_0026,False,cross_label_blocking_component
1435,onion_all_high_0026,False,cross_label_blocking_component
1436,onion_all_high_0026,False,cross_label_blocking_component
1437,onion_all_high_0026,False,cross_label_blocking_component
1442,onion_all_high_0026,False,cross_label_blocking_component
1445,onion_all_high_0026,False,cross_label_blocking_component
1447,onion_all_high_0026,False,cross_label_blocking_component
1449,onion_all_high_0026,False,cross_label_blocking_component
1452,onion_all_high_0026,False,cross_label_blocking_component
1455,onion_all_high_0026,False,cross_label_blocking_component
1456,onion_all_high_0026,False,cross_label_blocking_component
1457,onion_all_high_0026,False,cross_label_blocking_component
1458,onion_all_high_0026,False,cross_label_blocking_component
1459,onion_all_high_0026,False,cross_label_blocking_component
1466,onion_all_high_0026,False,cross_label_blocking_component
1467,onion_all_high_0026,False,cross_label_blocking_component
1468,onion_all_high_0026,False,cross_label_blocking_component
1472,onion_all_high_0026,False,cross_label_blocking_component
1476,onion_all_high_0026,False,cross_label_blocking_component
1478,onion_all_high_0026,False,cross_label_blocking_component
1480,onion_all_high_0026,False,cross_label_blocking_component
1482,onion_all_high_0026,False,cross_label_blocking_component
1487,onion_all_high_0026,False,cross_label_blocking_component
1488,onion_all_high_0026,False,cross_label_blocking_component
1495,onion_all_high_0026,False,cross_label_blocking_component
1496,onion_all_high_0026,False,cross_label_blocking_component
1500,onion_all_high_0026,False,cross_label_blocking_component
1511,onion_all_high_0026,False,cross_label_blocking_component
1513,onion_all_high_0026,False,cross_label_blocking_component
1520,onion_all_high_0026,False,cross_label_blocking_component
1522,onion_all_high_0026,False,cross_label_blocking_component
1525,onion_all_high_0026,False,cross_label_blocking_component
1526,onion_all_high_0026,False,cross_label_blocking_component
1528,onion_all_high_0026,False,cross_label_blocking_component
1529,onion_all_high_0026,False,cross_label_blocking_component
1530,onion_all_high_0026,False,cross_label_blocking_component
1531,onion_all_high_0026,False,cross_label_blocking_component
1533,onion_all_high_0026,False,cross_label_blocking_component
1535,onion_all_high_0026,False,cross_label_blocking_component
1540,onion_all_high_0026,False,cross_label_blocking_component
1541,onion_all_high_0026,False,cross_label_blocking_component
1549,onion_all_high_0026,False,cross_label_blocking_component
1551,onion_all_high_0026,False,cross_label_blocking_component
1552,onion_all_high_0026,False,cross_label_blocking_component
1558,onion_all_high_0026,False,cross_label_blocking_component
1561,onion_all_high_0026,False,cross_label_blocking_component
1563,onion_all_high_0026,False,cross_label_blocking_component
1567,onion_all_high_0026,False,cross_label_blocking_component
1571,onion_all_high_0026,False,cross_label_blocking_component
1574,onion_all_high_0026,False,cross_label_blocking_component
1575,onion_all_high_0026,False,cross_label_blocking_component
1576,onion_all_high_0026,False,cross_label_blocking_component
1577,onion_all_high_0026,False,cross_label_blocking_component
1584,onion_all_high_0026,False,cross_label_blocking_component
1591,onion_all_high_0026,False,cross_label_blocking_component
1592,onion_all_high_0026,False,cross_label_blocking_component
1593,onion_all_high_0026,False,cross_label_blocking_component
1595,onion_all_high_0026,False,cross_label_blocking_component
1596,onion_all_high_0026,False,cross_label_blocking_component
1599,onion_all_high_0026,False,cross_label_blocking_component
1603,onion_all_high_0026,False,cross_label_blocking_component
1604,onion_all_high_0026,False,cross_label_blocking_component
1606,onion_all_high_0026,False,cross_label_blocking_component
1607,onion_all_high_0026,False,cross_label_blocking_component
1609,onion_all_high_0026,False,cross_label_blocking_component
1615,onion_all_high_0026,False,cross_label_blocking_component
1616,onion_all_high_0026,False,cross_label_blocking_component
1617,onion_all_high_0026,False,cross_label_blocking_component
1618,onion_all_high_0026,False,cross_label_blocking_component
1621,onion_all_high_0026,False,cross_label_blocking_component
1626,onion_all_high_0026,False,cross_label_blocking_component
1630,onion_all_high_0026,False,cross_label_blocking_component
1631,onion_all_high_0026,False,cross_label_blocking_component
1638,onion_all_high_0026,False,cross_label_blocking_component
1641,onion_all_high_0026,False,cross_label_blocking_component
1643,onion_all_high_0026,False,cross_label_blocking_component
1654,onion_all_high_0026,False,cross_label_blocking_component
1657,onion_all_high_0026,False,cross_label_blocking_component
1662,onion_all_high_0026,False,cross_label_blocking_component
1663,onion_all_high_0026,False,cross_label_blocking_component
1666,onion_all_high_0026,False,cross_label_blocking_component
1669,onion_all_high_0026,False,cross_label_blocking_component
1671,onion_all_high_0026,False,cross_label_blocking_component
1673,onion_all_high_0026,False,cross_label_blocking_component
1676,onion_all_high_0026,False,cross_label_blocking_component
1688,onion_all_high_0026,False,cross_label_blocking_component
1692,onion_all_high_0026,False,cross_label_blocking_component
1693,onion_all_high_0026,False,cross_label_blocking_component
1697,onion_all_high_0026,False,cross_label_blocking_component
1699,onion_all_high_0026,False,cross_label_blocking_component
1707,onion_all_high_0026,False,cross_label_blocking_component
1708,onion_all_high_0026,False,cross_label_blocking_component
1710,onion_all_high_0026,False,cross_label_blocking_component
1711,onion_all_high_0026,False,cross_label_blocking_component
1712,onion_all_high_0026,False,cross_label_blocking_component
1717,onion_all_high_0026,False,cross_label_blocking_component
1719,onion_all_high_0026,False,cross_label_blocking_component
1725,onion_all_high_0026,False,cross_label_blocking_component
1730,onion_all_high_0026,False,cross_label_blocking_component
1734,onion_all_high_0026,False,cross_label_blocking_component
1735,onion_all_high_0026,False,cross_label_blocking_component
1737,onion_all_high_0026,False,cross_label_blocking_component
1747,onion_all_high_0026,False,cross_label_blocking_component
1748,onion_all_high_0026,False,cross_label_blocking_component
1750,onion_all_high_0026,False,cross_label_blocking_component
1751,onion_all_high_0026,False,cross_label_blocking_component
1752,onion_all_high_0026,False,cross_label_blocking_component
1756,onion_all_high_0026,False,cross_label_blocking_component
1758,onion_all_high_0026,False,cross_label_blocking_component
1763,onion_all_high_0026,False,cross_label_blocking_component
1764,onion_all_high_0026,False,cross_label_blocking_component
1765,onion_all_high_0026,False,cross_label_blocking_component
1766,onion_all_high_0026,False,cross_label_blocking_component
1767,onion_all_high_0026,False,cross_label_blocking_component
1768,onion_all_high_0026,False,cross_label_blocking_component
1771,onion_all_high_0026,False,cross_label_blocking_component
1775,onion_all_high_0026,False,cross_label_blocking_component
1780,onion_all_high_0026,False,cross_label_blocking_component
1782,onion_all_high_0026,False,cross_label_blocking_component
1783,onion_all_high_0026,False,cross_label_blocking_component
1789,onion_all_high_0026,False,cross_label_blocking_component
1790,onion_all_high_0026,False,cross_label_blocking_component
1796,onion_all_high_0026,False,cross_label_blocking_component
1797,onion_all_high_0026,False,cross_label_blocking_component
1800,onion_all_high_0026,False,cross_label_blocking_component
1801,onion_all_high_0026,False,cross_label_blocking_component
1804,onion_all_high_0026,False,cross_label_blocking_component
1806,onion_all_high_0026,False,cross_label_blocking_component
1807,onion_all_high_0026,False,cross_label_blocking_component
1808,onion_all_high_0026,False,cross_label_blocking_component
1814,onion_all_high_0026,False,cross_label_blocking_component
1816,onion_all_high_0026,False,cross_label_blocking_component
1818,onion_all_high_0026,False,cross_label_blocking_component
1821,onion_all_high_0026,False,cross_label_blocking_component
1822,onion_all_high_0026,False,cross_label_blocking_component
1823,onion_all_high_0026,False,cross_label_blocking_component
1826,onion_all_high_0026,False,cross_label_blocking_component
1828,onion_all_high_0026,False,cross_label_blocking_component
1831,onion_all_high_0026,False,cross_label_blocking_component
1832,onion_all_high_0026,False,cross_label_blocking_component
1838,onion_all_high_0026,False,cross_label_blocking_component
1839,onion_all_high_0026,False,cross_label_blocking_component
1841,onion_all_high_0026,False,cross_label_blocking_component
1844,onion_all_high_0026,False,cross_label_blocking_component
1847,onion_all_high_0026,False,cross_label_blocking_component
1848,onion_all_high_0026,False,cross_label_blocking_component
1851,onion_all_high_0026,False,cross_label_blocking_component
1856,onion_all_high_0026,False,cross_label_blocking_component
1858,onion_all_high_0026,False,cross_label_blocking_component
1859,onion_all_high_0026,False,cross_label_blocking_component
1860,onion_all_high_0026,False,cross_label_blocking_component
1862,onion_all_high_0026,False,cross_label_blocking_component
1863,onion_all_high_0026,False,cross_label_blocking_component
1870,onion_all_high_0026,False,cross_label_blocking_component
1879,onion_all_high_0026,False,cross_label_blocking_component
1880,onion_all_high_0026,False,cross_label_blocking_component
1881,onion_all_high_0026,False,cross_label_blocking_component
1882,onion_all_high_0026,False,cross_label_blocking_component
1888,onion_all_high_0026,False,cross_label_blocking_component
1889,onion_all_high_0026,False,cross_label_blocking_component
1891,onion_all_high_0026,False,cross_label_blocking_component
1895,onion_all_high_0026,False,cross_label_blocking_component
1903,onion_all_high_0026,False,cross_label_blocking_component
1906,onion_all_high_0026,False,cross_label_blocking_component
1909,onion_all_high_0026,False,cross_label_blocking_component
1911,onion_all_high_0026,False,cross_label_blocking_component
1912,onion_all_high_0026,False,cross_label_blocking_component
1914,onion_all_high_0026,False,cross_label_blocking_component
1915,onion_all_high_0026,False,cross_label_blocking_component
1918,onion_all_high_0026,False,cross_label_blocking_component
1920,onion_all_high_0026,False,cross_label_blocking_component
1924,onion_all_high_0026,False,cross_label_blocking_component
1925,onion_all_high_0026,False,cross_label_blocking_component
1929,onion_all_high_0026,False,cross_label_blocking_component
1932,onion_all_high_0026,False,cross_label_blocking_component
1934,onion_all_high_0026,False,cross_label_blocking_component
1938,onion_all_high_0026,False,cross_label_blocking_component
1939,onion_all_high_0026,False,cross_label_blocking_component
1940,onion_all_high_0026,False,cross_label_blocking_component
1941,onion_all_high_0026,False,cross_label_blocking_component
1943,onion_all_high_0026,False,cross_label_blocking_component
1945,onion_all_high_0026,False,cross_label_blocking_component
1946,onion_all_high_0026,False,cross_label_blocking_component
1953,onion_all_high_0026,False,cross_label_blocking_component
1961,onion_all_high_0026,False,cross_label_blocking_component
1964,onion_all_high_0026,False,cross_label_blocking_component
1965,onion_all_high_0026,False,cross_label_blocking_component
1970,onion_all_high_0026,False,cross_label_blocking_component
1971,onion_all_high_0026,False,cross_label_blocking_component
1976,onion_all_high_0026,False,cross_label_blocking_component
1978,onion_all_high_0026,False,cross_label_blocking_component
1981,onion_all_high_0026,False,cross_label_blocking_component
1982,onion_all_high_0026,False,cross_label_blocking_component
1984,onion_all_high_0026,False,cross_label_blocking_component
1985,onion_all_high_0026,False,cross_label_blocking_component
1986,onion_all_high_0026,False,cross_label_blocking_component
1989,onion_all_high_0026,False,cross_label_blocking_component
1992,onion_all_high_0026,False,cross_label_blocking_component
1993,onion_all_high_0026,False,cross_label_blocking_component
1996,onion_all_high_0026,False,cross_label_blocking_component
1999,onion_all_high_0026,False,cross_label_blocking_component
2001,onion_all_high_0026,False,cross_label_blocking_component
2002,onion_all_high_0026,False,cross_label_blocking_component
2010,onion_all_high_0026,False,cross_label_blocking_component
2011,onion_all_high_0026,False,cross_label_blocking_component
2012,onion_all_high_0026,False,cross_label_blocking_component
2013,onion_all_high_0026,False,cross_label_blocking_component
2015,onion_all_high_0026,False,cross_label_blocking_component
2017,onion_all_high_0026,False,cross_label_blocking_component
2018,onion_all_high_0026,False,cross_label_blocking_component
2021,onion_all_high_0026,False,cross_label_blocking_component
2025,onion_all_high_0026,False,cross_label_blocking_component
2027,onion_all_high_0026,False,cross_label_blocking_component
2030,onion_all_high_0026,False,cross_label_blocking_component
2031,onion_all_high_0026,False,cross_label_blocking_component
2033,onion_all_high_0026,False,cross_label_blocking_component
2034,onion_all_high_0026,False,cross_label_blocking_component
2039,onion_all_high_0026,False,cross_label_blocking_component
2041,onion_all_high_0026,False,cross_label_blocking_component
2042,onion_all_high_0026,False,cross_label_blocking_component
2043,onion_all_high_0026,False,cross_label_blocking_component
2047,onion_all_high_0026,False,cross_label_blocking_component
2048,onion_all_high_0026,False,cross_label_blocking_component
2049,onion_all_high_0026,False,cross_label_blocking_component
2052,onion_all_high_0026,False,cross_label_blocking_component
2055,onion_all_high_0026,False,cross_label_blocking_component
2058,onion_all_high_0026,False,cross_label_blocking_component
2061,onion_all_high_0026,False,cross_label_blocking_component
2062,onion_all_high_0026,False,cross_label_blocking_component
2063,onion_all_high_0026,False,cross_label_blocking_component
2065,onion_all_high_0026,False,cross_label_blocking_component
2067,onion_all_high_0026,False,cross_label_blocking_component
2071,onion_all_high_0026,False,cross_label_blocking_component
2072,onion_all_high_0026,False,cross_label_blocking_component
2073,onion_all_high_0026,False,cross_label_blocking_component
2074,onion_all_high_0026,False,cross_label_blocking_component
2076,onion_all_high_0026,False,cross_label_blocking_component
2077,onion_all_high_0026,False,cross_label_blocking_component
2080,onion_all_high_0026,False,cross_label_blocking_component
2085,onion_all_high_0026,False,cross_label_blocking_component
2089,onion_all_high_0026,False,cross_label_blocking_component
2091,onion_all_high_0026,False,cross_label_blocking_component
2092,onion_all_high_0026,False,cross_label_blocking_component
2093,onion_all_high_0026,False,cross_label_blocking_component
2094,onion_all_high_0026,False,cross_label_blocking_component
2096,onion_all_high_0026,False,cross_label_blocking_component
2097,onion_all_high_0026,False,cross_label_blocking_component
2105,onion_all_high_0026,False,cross_label_blocking_component
2106,onion_all_high_0026,False,cross_label_blocking_component
2108,onion_all_high_0026,False,cross_label_blocking_component
2110,onion_all_high_0026,False,cross_label_blocking_component
2111,onion_all_high_0026,False,cross_label_blocking_component
2113,onion_all_high_0026,False,cross_label_blocking_component
2114,onion_all_high_0026,False,cross_label_blocking_component
2116,onion_all_high_0026,False,cross_label_blocking_component
2117,onion_all_high_0026,False,cross_label_blocking_component
2118,onion_all_high_0026,False,cross_label_blocking_component
2119,onion_all_high_0026,False,cross_label_blocking_component
2122,onion_all_high_0026,False,cross_label_blocking_component
2123,onion_all_high_0026,False,cross_label_blocking_component
2124,onion_all_high_0026,False,cross_label_blocking_component
2125,onion_all_high_0026,False,cross_label_blocking_component
2127,onion_all_high_0026,False,cross_label_blocking_component
2129,onion_all_high_0026,False,cross_label_blocking_component
2130,onion_all_high_0026,False,cross_label_blocking_component
2131,onion_all_high_0026,False,cross_label_blocking_component
2132,onion_all_high_0026,False,cross_label_blocking_component
2141,onion_all_high_0026,False,cross_label_blocking_component
2150,onion_all_high_0026,False,cross_label_blocking_component
2152,onion_all_high_0026,False,cross_label_blocking_component
2164,onion_all_high_0026,False,cross_label_blocking_component
2170,onion_all_high_0026,False,cross_label_blocking_component
2173,onion_all_high_0026,False,cross_label_blocking_component
2175,onion_all_high_0026,False,cross_label_blocking_component
2176,onion_all_high_0026,False,cross_label_blocking_component
2178,onion_all_high_0026,False,cross_label_blocking_component
2180,onion_all_high_0026,False,cross_label_blocking_component
2181,onion_all_high_0026,False,cross_label_blocking_component
2184,onion_all_high_0026,False,cross_label_blocking_component
2188,onion_all_high_0026,False,cross_label_blocking_component
2189,onion_all_high_0026,False,cross_label_blocking_component
2190,onion_all_high_0026,False,cross_label_blocking_component
2194,onion_all_high_0026,False,cross_label_blocking_component
2199,onion_all_high_0026,False,cross_label_blocking_component
2201,onion_all_high_0026,False,cross_label_blocking_component
2203,onion_all_high_0026,False,cross_label_blocking_component
2215,onion_all_high_0026,False,cross_label_blocking_component
2216,onion_all_high_0026,False,cross_label_blocking_component
2218,onion_all_high_0026,False,cross_label_blocking_component
2222,onion_all_high_0026,False,cross_label_blocking_component
2226,onion_all_high_0026,False,cross_label_blocking_component
2227,onion_all_high_0026,False,cross_label_blocking_component
2230,onion_all_high_0026,False,cross_label_blocking_component
2233,onion_all_high_0026,False,cross_label_blocking_component
2238,onion_all_high_0026,False,cross_label_blocking_component
2239,onion_all_high_0026,False,cross_label_blocking_component
2240,onion_all_high_0026,False,cross_label_blocking_component
2241,onion_all_high_0026,False,cross_label_blocking_component
2250,onion_all_high_0026,False,cross_label_blocking_component
2253,onion_all_high_0026,False,cross_label_blocking_component
2254,onion_all_high_0026,False,cross_label_blocking_component
2255,onion_all_high_0026,False,cross_label_blocking_component
2257,onion_all_high_0026,False,cross_label_blocking_component
2258,onion_all_high_0026,False,cross_label_blocking_component
2261,onion_all_high_0026,False,cross_label_blocking_component
2262,onion_all_high_0026,False,cross_label_blocking_component
2269,onion_all_high_0026,False,cross_label_blocking_component
2275,onion_all_high_0026,False,cross_label_blocking_component
2279,onion_all_high_0026,False,cross_label_blocking_component
2283,onion_all_high_0026,False,cross_label_blocking_component
2285,onion_all_high_0026,False,cross_label_blocking_component
2289,onion_all_high_0026,False,cross_label_blocking_component
2297,onion_all_high_0026,False,cross_label_blocking_component
2298,onion_all_high_0026,False,cross_label_blocking_component
2300,onion_all_high_0026,False,cross_label_blocking_component
2304,onion_all_high_0026,False,cross_label_blocking_component
2306,onion_all_high_0026,False,cross_label_blocking_component
2307,onion_all_high_0026,False,cross_label_blocking_component
2308,onion_all_high_0026,False,cross_label_blocking_component
2311,onion_all_high_0026,False,cross_label_blocking_component
2315,onion_all_high_0026,False,cross_label_blocking_component
2316,onion_all_high_0026,False,cross_label_blocking_component
2317,onion_all_high_0026,False,cross_label_blocking_component
2319,onion_all_high_0026,False,cross_label_blocking_component
2321,onion_all_high_0026,False,cross_label_blocking_component
2322,onion_all_high_0026,False,cross_label_blocking_component
2327,onion_all_high_0026,False,cross_label_blocking_component
2329,onion_all_high_0026,False,cross_label_blocking_component
2334,onion_all_high_0026,False,cross_label_blocking_component
2335,onion_all_high_0026,False,cross_label_blocking_component
2337,onion_all_high_0026,False,cross_label_blocking_component
2338,onion_all_high_0026,False,cross_label_blocking_component
2342,onion_all_high_0026,False,cross_label_blocking_component
2345,onion_all_high_0026,False,cross_label_blocking_component
2346,onion_all_high_0026,False,cross_label_blocking_component
2349,onion_all_high_0026,False,cross_label_blocking_component
2352,onion_all_high_0026,False,cross_label_blocking_component
2353,onion_all_high_0026,False,cross_label_blocking_component
2355,onion_all_high_0026,False,cross_label_blocking_component
2356,onion_all_high_0026,False,cross_label_blocking_component
2357,onion_all_high_0026,False,cross_label_blocking_component
2362,onion_all_high_0026,False,cross_label_blocking_component
2364,onion_all_high_0026,False,cross_label_blocking_component
2367,onion_all_high_0026,False,cross_label_blocking_component
2373,onion_all_high_0026,False,cross_label_blocking_component
2375,onion_all_high_0026,False,cross_label_blocking_component
2376,onion_all_high_0026,False,cross_label_blocking_component
2377,onion_all_high_0026,False,cross_label_blocking_component
2378,onion_all_high_0026,False,cross_label_blocking_component
2379,onion_all_high_0026,False,cross_label_blocking_component
2380,onion_all_high_0026,False,cross_label_blocking_component
2383,onion_all_high_0026,False,cross_label_blocking_component
2389,onion_all_high_0026,False,cross_label_blocking_component
2394,onion_all_high_0026,False,cross_label_blocking_component
2400,onion_all_high_0026,False,cross_label_blocking_component
2401,onion_all_high_0026,False,cross_label_blocking_component
2402,onion_all_high_0026,False,cross_label_blocking_component
2404,onion_all_high_0026,False,cross_label_blocking_component
2405,onion_all_high_0026,False,cross_label_blocking_component
2407,onion_all_high_0026,False,cross_label_blocking_component
2408,onion_all_high_0026,False,cross_label_blocking_component
2409,onion_all_high_0026,False,cross_label_blocking_component
2410,onion_all_high_0026,False,cross_label_blocking_component
2414,onion_all_high_0026,False,cross_label_blocking_component
2415,onion_all_high_0026,False,cross_label_blocking_component
2421,onion_all_high_0026,False,cross_label_blocking_component
2422,onion_all_high_0026,False,cross_label_blocking_component
2423,onion_all_high_0026,False,cross_label_blocking_component
2424,onion_all_high_0026,False,cross_label_blocking_component
2428,onion_all_high_0026,False,cross_label_blocking_component
2429,onion_all_high_0026,False,cross_label_blocking_component
2431,onion_all_high_0026,False,cross_label_blocking_component
2432,onion_all_high_0026,False,cross_label_blocking_component
2434,onion_all_high_0026,False,cross_label_blocking_component
2443,onion_all_high_0026,False,cross_label_blocking_component
2444,onion_all_high_0026,False,cross_label_blocking_component
2447,onion_all_high_0026,False,cross_label_blocking_component
2449,onion_all_high_0026,False,cross_label_blocking_component
2456,onion_all_high_0026,False,cross_label_blocking_component
2457,onion_all_high_0026,False,cross_label_blocking_component
2459,onion_all_high_0026,False,cross_label_blocking_component
2460,onion_all_high_0026,False,cross_label_blocking_component
2469,onion_all_high_0026,False,cross_label_blocking_component
2478,onion_all_high_0026,False,cross_label_blocking_component
2481,onion_all_high_0026,False,cross_label_blocking_component
2482,onion_all_high_0026,False,cross_label_blocking_component
2489,onion_all_high_0026,False,cross_label_blocking_component
2491,onion_all_high_0026,False,cross_label_blocking_component
2494,onion_all_high_0026,False,cross_label_blocking_component
2521,onion_all_high_0026,False,cross_label_blocking_component
2562,onion_all_high_0026,False,cross_label_blocking_component
2569,onion_all_high_0026,False,cross_label_blocking_component
2583,onion_all_high_0026,False,cross_label_blocking_component
2598,onion_all_high_0026,False,cross_label_blocking_component
2608,onion_all_high_0026,False,cross_label_blocking_component
2622,onion_all_high_0026,False,cross_label_blocking_component
2640,onion_all_high_0026,False,cross_label_blocking_component
2647,onion_all_high_0026,False,cross_label_blocking_component
2661,onion_all_high_0026,False,cross_label_blocking_component
2663,onion_all_high_0026,False,cross_label_blocking_component
2675,onion_all_high_0026,False,cross_label_blocking_component
2693,onion_all_high_0026,False,cross_label_blocking_component
2718,onion_all_high_0026,False,cross_label_blocking_component
2747,onion_all_high_0026,False,cross_label_blocking_component
2790,onion_all_high_0026,False,cross_label_blocking_component
2844,onion_all_high_0026,False,cross_label_blocking_component
2847,onion_all_high_0026,False,cross_label_blocking_component
2865,onion_all_high_0026,False,cross_label_blocking_component
2878,onion_all_high_0026,False,cross_label_blocking_component
2896,onion_all_high_0026,False,cross_label_blocking_component
2908,onion_all_high_0026,False,cross_label_blocking_component
2946,onion_all_high_0026,False,cross_label_blocking_component
2950,onion_all_high_0026,False,cross_label_blocking_component
3003,onion_all_high_0026,False,cross_label_blocking_component
3034,onion_all_high_0026,False,cross_label_blocking_component
3036,onion_all_high_0026,False,cross_label_blocking_component
3043,onion_all_high_0026,False,cross_label_blocking_component
3051,onion_all_high_0026,False,cross_label_blocking_component
3062,onion_all_high_0026,False,cross_label_blocking_component
3073,onion_all_high_0026,False,cross_label_blocking_component
3086,onion_all_high_0026,False,cross_label_blocking_component
3092,onion_all_high_0026,False,cross_label_blocking_component
3095,onion_all_high_0026,False,cross_label_blocking_component
3096,onion_all_high_0026,False,cross_label_blocking_component
3098,onion_all_high_0026,False,cross_label_blocking_component
3105,onion_all_high_0026,False,cross_label_blocking_component
3122,onion_all_high_0026,False,cross_label_blocking_component
3149,onion_all_high_0026,False,cross_label_blocking_component
3185,onion_all_high_0026,False,cross_label_blocking_component
3225,onion_all_high_0026,False,cross_label_blocking_component
3257,onion_all_high_0026,False,cross_label_blocking_component
3269,onion_all_high_0026,False,cross_label_blocking_component
3287,onion_all_high_0026,False,cross_label_blocking_component
3295,onion_all_high_0026,False,cross_label_blocking_component
3297,onion_all_high_0026,False,cross_label_blocking_component
3316,onion_all_high_0026,False,cross_label_blocking_component
3322,onion_all_high_0026,False,cross_label_blocking_component
3331,onion_all_high_0026,False,cross_label_blocking_component
3333,onion_all_high_0026,False,cross_label_blocking_component
3352,onion_all_high_0026,False,cross_label_blocking_component
3364,onion_all_high_0026,False,cross_label_blocking_component
3376,onion_all_high_0026,False,cross_label_blocking_component
3377,onion_all_high_0026,False,cross_label_blocking_component
3388,onion_all_high_0026,False,cross_label_blocking_component
3397,onion_all_high_0026,False,cross_label_blocking_component
3414,onion_all_high_0026,False,cross_label_blocking_component
3425,onion_all_high_0026,False,cross_label_blocking_component
3427,onion_all_high_0026,False,cross_label_blocking_component
3428,onion_all_high_0026,False,cross_label_blocking_component
3437,onion_all_high_0026,False,cross_label_blocking_component
3444,onion_all_high_0026,False,cross_label_blocking_component
3446,onion_all_high_0026,False,cross_label_blocking_component
3447,onion_all_high_0026,False,cross_label_blocking_component
3454,onion_all_high_0026,False,cross_label_blocking_component
3475,onion_all_high_0026,False,cross_label_blocking_component
3483,onion_all_high_0026,False,cross_label_blocking_component
3513,onion_all_high_0026,False,cross_label_blocking_component
3519,onion_all_high_0026,False,cross_label_blocking_component
3522,onion_all_high_0026,False,cross_label_blocking_component
3536,onion_all_high_0026,False,cross_label_blocking_component
3543,onion_all_high_0026,False,cross_label_blocking_component
3545,onion_all_high_0026,False,cross_label_blocking_component
3547,onion_all_high_0026,False,cross_label_blocking_component
3548,onion_all_high_0026,False,cross_label_blocking_component
3585,onion_all_high_0026,False,cross_label_blocking_component
3595,onion_all_high_0026,False,cross_label_blocking_component
3599,onion_all_high_0026,False,cross_label_blocking_component
3618,onion_all_high_0026,False,cross_label_blocking_component
3646,onion_all_high_0026,False,cross_label_blocking_component
3650,onion_all_high_0026,False,cross_label_blocking_component
3667,onion_all_high_0026,False,cross_label_blocking_component
3675,onion_all_high_0026,False,cross_label_blocking_component
3700,onion_all_high_0026,False,cross_label_blocking_component
3721,onion_all_high_0026,False,cross_label_blocking_component
3724,onion_all_high_0026,False,cross_label_blocking_component
3725,onion_all_high_0026,False,cross_label_blocking_component
3729,onion_all_high_0026,False,cross_label_blocking_component
3735,onion_all_high_0026,False,cross_label_blocking_component
3737,onion_all_high_0026,False,cross_label_blocking_component
3740,onion_all_high_0026,False,cross_label_blocking_component
3755,onion_all_high_0026,False,cross_label_blocking_component
3758,onion_all_high_0026,False,cross_label_blocking_component
3789,onion_all_high_0026,False,cross_label_blocking_component
3790,onion_all_high_0026,False,cross_label_blocking_component
3797,onion_all_high_0026,False,cross_label_blocking_component
3805,onion_all_high_0026,False,cross_label_blocking_component
3836,onion_all_high_0026,False,cross_label_blocking_component
3848,onion_all_high_0026,False,cross_label_blocking_component
3853,onion_all_high_0026,False,cross_label_blocking_component
3858,onion_all_high_0026,False,cross_label_blocking_component
3869,onion_all_high_0026,False,cross_label_blocking_component
3870,onion_all_high_0026,False,cross_label_blocking_component
3891,onion_all_high_0026,False,cross_label_blocking_component
3894,onion_all_high_0026,False,cross_label_blocking_component
3908,onion_all_high_0026,False,cross_label_blocking_component
3910,onion_all_high_0026,False,cross_label_blocking_component
3920,onion_all_high_0026,False,cross_label_blocking_component
3930,onion_all_high_0026,False,cross_label_blocking_component
3938,onion_all_high_0026,False,cross_label_blocking_component
3942,onion_all_high_0026,False,cross_label_blocking_component
3953,onion_all_high_0026,False,cross_label_blocking_component
3957,onion_all_high_0026,False,cross_label_blocking_component
3960,onion_all_high_0026,False,cross_label_blocking_component
3964,onion_all_high_0026,False,cross_label_blocking_component
3965,onion_all_high_0026,False,cross_label_blocking_component
3969,onion_all_high_0026,False,cross_label_blocking_component
3977,onion_all_high_0026,False,cross_label_blocking_component
3989,onion_all_high_0026,False,cross_label_blocking_component
3998,onion_all_high_0026,False,cross_label_blocking_component
4030,onion_all_high_0026,False,cross_label_blocking_component
4064,onion_all_high_0026,False,cross_label_blocking_component
4075,onion_all_high_0026,False,cross_label_blocking_component
4088,onion_all_high_0026,False,cross_label_blocking_component
4101,onion_all_high_0026,False,cross_label_blocking_component
4110,onion_all_high_0026,False,cross_label_blocking_component
4121,onion_all_high_0026,False,cross_label_blocking_component
4141,onion_all_high_0026,False,cross_label_blocking_component
4148,onion_all_high_0026,False,cross_label_blocking_component
4152,onion_all_high_0026,False,cross_label_blocking_component
4167,onion_all_high_0026,False,cross_label_blocking_component
4172,onion_all_high_0026,False,cross_label_blocking_component
4175,onion_all_high_0026,False,cross_label_blocking_component
4180,onion_all_high_0026,False,cross_label_blocking_component
4184,onion_all_high_0026,False,cross_label_blocking_component
4188,onion_all_high_0026,False,cross_label_blocking_component
4190,onion_all_high_0026,False,cross_label_blocking_component
4207,onion_all_high_0026,False,cross_label_blocking_component
4224,onion_all_high_0026,False,cross_label_blocking_component
4225,onion_all_high_0026,False,cross_label_blocking_component
4228,onion_all_high_0026,False,cross_label_blocking_component
4229,onion_all_high_0026,False,cross_label_blocking_component
4248,onion_all_high_0026,False,cross_label_blocking_component
4265,onion_all_high_0026,False,cross_label_blocking_component
4278,onion_all_high_0026,False,cross_label_blocking_component
4292,onion_all_high_0026,False,cross_label_blocking_component
4297,onion_all_high_0026,False,cross_label_blocking_component
4298,onion_all_high_0026,False,cross_label_blocking_component
4314,onion_all_high_0026,False,cross_label_blocking_component
4320,onion_all_high_0026,False,cross_label_blocking_component
4333,onion_all_high_0026,False,cross_label_blocking_component
4337,onion_all_high_0026,False,cross_label_blocking_component
4340,onion_all_high_0026,False,cross_label_blocking_component
4342,onion_all_high_0026,False,cross_label_blocking_component
4346,onion_all_high_0026,False,cross_label_blocking_component
4353,onion_all_high_0026,False,cross_label_blocking_component
4357,onion_all_high_0026,False,cross_label_blocking_component
4375,onion_all_high_0026,False,cross_label_blocking_component
4383,onion_all_high_0026,False,cross_label_blocking_component
4391,onion_all_high_0026,False,cross_label_blocking_component
4394,onion_all_high_0026,False,cross_label_blocking_component
4405,onion_all_high_0026,False,cross_label_blocking_component
4406,onion_all_high_0026,False,cross_label_blocking_component
4453,onion_all_high_0026,False,cross_label_blocking_component
4491,onion_all_high_0026,False,cross_label_blocking_component
164,onion_all_high_0027,True,selected_common_reference_view
436,onion_all_high_0027,True,selected_common_reference_view
603,onion_all_high_0027,True,selected_common_reference_view
448,onion_all_high_0028,True,selected_common_reference_view
824,onion_all_high_0028,True,selected_common_reference_view
985,onion_all_high_0028,True,selected_common_reference_view
7,onion_all_high_0029,False,fewer_than_three_spatially_supported_views
981,onion_all_high_0029,False,fewer_than_three_spatially_supported_views
1262,onion_all_high_0029,False,fewer_than_three_spatially_supported_views
53,onion_all_high_0030,False,fewer_than_three_spatially_supported_views
430,onion_all_high_0030,False,fewer_than_three_spatially_supported_views
1043,onion_all_high_0030,False,fewer_than_three_spatially_supported_views
437,onion_all_high_0031,True,selected_common_reference_view
541,onion_all_high_0031,True,selected_common_reference_view
606,onion_all_high_0031,True,selected_common_reference_view
778,onion_all_high_0031,True,selected_common_reference_view
1065,onion_all_high_0031,True,selected_common_reference_view
1135,onion_all_high_0031,True,selected_common_reference_view
4,onion_all_high_0032,True,selected_common_reference_view
498,onion_all_high_0032,False,different_or_unresolved_reference_within_blocked_component
579,onion_all_high_0032,True,selected_common_reference_view
672,onion_all_high_0032,False,different_or_unresolved_reference_within_blocked_component
705,onion_all_high_0032,False,different_or_unresolved_reference_within_blocked_component
766,onion_all_high_0032,False,different_or_unresolved_reference_within_blocked_component
1141,onion_all_high_0032,False,different_or_unresolved_reference_within_blocked_component
1176,onion_all_high_0032,True,selected_common_reference_view
1207,onion_all_high_0032,False,different_or_unresolved_reference_within_blocked_component
51,onion_all_high_0033,False,different_or_unresolved_reference_within_blocked_component
114,onion_all_high_0033,True,selected_common_reference_view
280,onion_all_high_0033,True,selected_common_reference_view
318,onion_all_high_0033,False,different_or_unresolved_reference_within_blocked_component
728,onion_all_high_0033,True,selected_common_reference_view
736,onion_all_high_0033,False,different_or_unresolved_reference_within_blocked_component
790,onion_all_high_0033,False,different_or_unresolved_reference_within_blocked_component
841,onion_all_high_0033,False,different_or_unresolved_reference_within_blocked_component
943,onion_all_high_0033,False,different_or_unresolved_reference_within_blocked_component
1037,onion_all_high_0033,False,different_or_unresolved_reference_within_blocked_component
1054,onion_all_high_0033,False,different_or_unresolved_reference_within_blocked_component
1057,onion_all_high_0033,False,different_or_unresolved_reference_within_blocked_component
761,onion_all_high_0034,True,selected_common_reference_view
1047,onion_all_high_0034,True,selected_common_reference_view
1201,onion_all_high_0034,True,selected_common_reference_view
87,onion_all_high_0035,True,selected_common_reference_view
480,onion_all_high_0035,True,selected_common_reference_view
596,onion_all_high_0035,True,selected_common_reference_view
98,onion_all_high_0036,True,selected_common_reference_view
449,onion_all_high_0036,True,selected_common_reference_view
641,onion_all_high_0036,True,selected_common_reference_view
187,onion_all_high_0037,True,selected_common_reference_view
244,onion_all_high_0037,True,selected_common_reference_view
570,onion_all_high_0037,True,selected_common_reference_view
94,onion_all_high_0038,True,selected_common_reference_view
867,onion_all_high_0038,True,selected_common_reference_view
926,onion_all_high_0038,True,selected_common_reference_view
15,onion_all_high_0039,True,selected_common_reference_view
56,onion_all_high_0039,False,different_or_unresolved_reference_within_blocked_component
121,onion_all_high_0039,False,different_or_unresolved_reference_within_blocked_component
313,onion_all_high_0039,False,different_or_unresolved_reference_within_blocked_component
510,onion_all_high_0039,True,selected_common_reference_view
660,onion_all_high_0039,False,different_or_unresolved_reference_within_blocked_component
674,onion_all_high_0039,True,selected_common_reference_view
751,onion_all_high_0039,True,selected_common_reference_view
1044,onion_all_high_0039,True,selected_common_reference_view
50,onion_all_high_0040,True,selected_common_reference_view
933,onion_all_high_0040,True,selected_common_reference_view
1187,onion_all_high_0040,True,selected_common_reference_view
110,onion_all_high_0041,False,fewer_than_three_spatially_supported_views
217,onion_all_high_0041,False,fewer_than_three_spatially_supported_views
347,onion_all_high_0041,False,fewer_than_three_spatially_supported_views
23,onion_all_high_0042,True,selected_common_reference_view
118,onion_all_high_0042,True,selected_common_reference_view
875,onion_all_high_0042,True,selected_common_reference_view
96,onion_all_high_0043,False,different_or_unresolved_reference_within_blocked_component
104,onion_all_high_0043,False,different_or_unresolved_reference_within_blocked_component
230,onion_all_high_0043,False,different_or_unresolved_reference_within_blocked_component
237,onion_all_high_0043,True,selected_common_reference_view
263,onion_all_high_0043,False,different_or_unresolved_reference_within_blocked_component
300,onion_all_high_0043,False,different_or_unresolved_reference_within_blocked_component
301,onion_all_high_0043,False,different_or_unresolved_reference_within_blocked_component
329,onion_all_high_0043,False,different_or_unresolved_reference_within_blocked_component
330,onion_all_high_0043,False,different_or_unresolved_reference_within_blocked_component
531,onion_all_high_0043,False,different_or_unresolved_reference_within_blocked_component
586,onion_all_high_0043,True,selected_common_reference_view
597,onion_all_high_0043,False,different_or_unresolved_reference_within_blocked_component
642,onion_all_high_0043,False,different_or_unresolved_reference_within_blocked_component
666,onion_all_high_0043,False,different_or_unresolved_reference_within_blocked_component
744,onion_all_high_0043,True,selected_common_reference_view
745,onion_all_high_0043,True,selected_common_reference_view
811,onion_all_high_0043,False,different_or_unresolved_reference_within_blocked_component
819,onion_all_high_0043,False,different_or_unresolved_reference_within_blocked_component
821,onion_all_high_0043,False,different_or_unresolved_reference_within_blocked_component
863,onion_all_high_0043,False,different_or_unresolved_reference_within_blocked_component
895,onion_all_high_0043,False,different_or_unresolved_reference_within_blocked_component
921,onion_all_high_0043,False,different_or_unresolved_reference_within_blocked_component
922,onion_all_high_0043,False,different_or_unresolved_reference_within_blocked_component
948,onion_all_high_0043,True,selected_common_reference_view
976,onion_all_high_0043,False,different_or_unresolved_reference_within_blocked_component
1024,onion_all_high_0043,False,different_or_unresolved_reference_within_blocked_component
1082,onion_all_high_0043,False,different_or_unresolved_reference_within_blocked_component
1143,onion_all_high_0043,False,different_or_unresolved_reference_within_blocked_component
1155,onion_all_high_0043,False,different_or_unresolved_reference_within_blocked_component
1165,onion_all_high_0043,False,different_or_unresolved_reference_within_blocked_component
1173,onion_all_high_0043,False,different_or_unresolved_reference_within_blocked_component
1205,onion_all_high_0043,True,selected_common_reference_view
1212,onion_all_high_0043,False,different_or_unresolved_reference_within_blocked_component
1227,onion_all_high_0043,False,different_or_unresolved_reference_within_blocked_component
1232,onion_all_high_0043,False,different_or_unresolved_reference_within_blocked_component
1251,onion_all_high_0043,True,selected_common_reference_view
638,onion_all_high_0044,False,fewer_than_three_spatially_supported_views
938,onion_all_high_0044,False,fewer_than_three_spatially_supported_views
969,onion_all_high_0044,False,fewer_than_three_spatially_supported_views
739,onion_all_high_0045,True,selected_common_reference_view
1166,onion_all_high_0045,True,selected_common_reference_view
1264,onion_all_high_0045,True,selected_common_reference_view
466,onion_all_high_0046,True,selected_common_reference_view
1151,onion_all_high_0046,True,selected_common_reference_view
1206,onion_all_high_0046,True,selected_common_reference_view
572,onion_all_high_0047,True,selected_common_reference_view
962,onion_all_high_0047,True,selected_common_reference_view
1263,onion_all_high_0047,True,selected_common_reference_view
75,onion_all_high_0048,True,selected_common_reference_view
81,onion_all_high_0048,True,selected_common_reference_view
335,onion_all_high_0048,True,selected_common_reference_view
69,onion_all_high_0049,True,selected_common_reference_view
93,onion_all_high_0049,True,selected_common_reference_view
234,onion_all_high_0049,True,selected_common_reference_view
213,onion_all_high_0050,False,fewer_than_three_spatially_supported_views
789,onion_all_high_0050,False,fewer_than_three_spatially_supported_views
1089,onion_all_high_0050,False,fewer_than_three_spatially_supported_views
47,onion_all_high_0051,False,fewer_than_three_spatially_supported_views
122,onion_all_high_0051,False,fewer_than_three_spatially_supported_views
881,onion_all_high_0051,False,fewer_than_three_spatially_supported_views
80,onion_all_high_0052,True,selected_common_reference_view
1109,onion_all_high_0052,True,selected_common_reference_view
1118,onion_all_high_0052,True,selected_common_reference_view
712,onion_all_high_0053,False,fewer_than_three_spatially_supported_views
947,onion_all_high_0053,False,fewer_than_three_spatially_supported_views
1208,onion_all_high_0053,False,fewer_than_three_spatially_supported_views
831,onion_all_high_0054,False,fewer_than_three_spatially_supported_views
1230,onion_all_high_0054,False,fewer_than_three_spatially_supported_views
1270,onion_all_high_0054,False,fewer_than_three_spatially_supported_views
151,onion_all_high_0055,True,selected_common_reference_view
340,onion_all_high_0055,True,selected_common_reference_view
440,onion_all_high_0055,True,selected_common_reference_view
3,onion_all_high_0056,True,selected_common_reference_view
163,onion_all_high_0056,True,selected_common_reference_view
827,onion_all_high_0056,True,selected_common_reference_view
10,onion_all_high_0057,True,selected_common_reference_view
534,onion_all_high_0057,True,selected_common_reference_view
968,onion_all_high_0057,True,selected_common_reference_view
371,onion_all_high_0058,True,selected_common_reference_view
676,onion_all_high_0058,True,selected_common_reference_view
725,onion_all_high_0058,True,selected_common_reference_view
24,onion_all_high_0059,False,fewer_than_three_spatially_supported_views
307,onion_all_high_0059,False,fewer_than_three_spatially_supported_views
425,onion_all_high_0059,False,fewer_than_three_spatially_supported_views
277,onion_all_high_0060,True,selected_common_reference_view
537,onion_all_high_0060,True,selected_common_reference_view
1009,onion_all_high_0060,True,selected_common_reference_view
222,onion_all_high_0061,True,selected_common_reference_view
272,onion_all_high_0061,True,selected_common_reference_view
349,onion_all_high_0061,True,selected_common_reference_view
316,onion_all_high_0062,False,fewer_than_three_spatially_supported_views
716,onion_all_high_0062,False,fewer_than_three_spatially_supported_views
890,onion_all_high_0062,False,fewer_than_three_spatially_supported_views
406,onion_all_high_0063,True,selected_common_reference_view
1060,onion_all_high_0063,True,selected_common_reference_view
1097,onion_all_high_0063,True,selected_common_reference_view
107,onion_all_high_0064,True,selected_common_reference_view
918,onion_all_high_0064,True,selected_common_reference_view
1162,onion_all_high_0064,True,selected_common_reference_view
199,onion_all_high_0065,True,selected_common_reference_view
1090,onion_all_high_0065,True,selected_common_reference_view
1098,onion_all_high_0065,True,selected_common_reference_view
473,onion_all_high_0066,False,fewer_than_three_spatially_supported_views
737,onion_all_high_0066,False,fewer_than_three_spatially_supported_views
1131,onion_all_high_0066,False,fewer_than_three_spatially_supported_views
450,onion_all_high_0067,True,selected_common_reference_view
569,onion_all_high_0067,True,selected_common_reference_view
896,onion_all_high_0067,True,selected_common_reference_view
86,onion_all_high_0068,True,selected_common_reference_view
763,onion_all_high_0068,True,selected_common_reference_view
842,onion_all_high_0068,True,selected_common_reference_view
99,onion_all_high_0069,True,selected_common_reference_view
493,onion_all_high_0069,True,selected_common_reference_view
1000,onion_all_high_0069,True,selected_common_reference_view
311,onion_all_high_0070,False,fewer_than_three_spatially_supported_views
404,onion_all_high_0070,False,fewer_than_three_spatially_supported_views
511,onion_all_high_0070,False,fewer_than_three_spatially_supported_views
49,onion_all_high_0071,True,selected_common_reference_view
168,onion_all_high_0071,False,different_or_unresolved_reference_within_blocked_component
298,onion_all_high_0071,True,selected_common_reference_view
350,onion_all_high_0071,False,different_or_unresolved_reference_within_blocked_component
553,onion_all_high_0071,True,selected_common_reference_view
902,onion_all_high_0071,False,different_or_unresolved_reference_within_blocked_component
573,onion_all_high_0072,False,fewer_than_three_spatially_supported_views
793,onion_all_high_0072,False,fewer_than_three_spatially_supported_views
1045,onion_all_high_0072,False,fewer_than_three_spatially_supported_views
758,onion_all_high_0073,True,selected_common_reference_view
760,onion_all_high_0073,True,selected_common_reference_view
914,onion_all_high_0073,True,selected_common_reference_view
432,onion_all_high_0074,True,selected_common_reference_view
893,onion_all_high_0074,True,selected_common_reference_view
1140,onion_all_high_0074,True,selected_common_reference_view
125,onion_all_high_0075,True,selected_common_reference_view
453,onion_all_high_0075,True,selected_common_reference_view
607,onion_all_high_0075,True,selected_common_reference_view
27,onion_all_high_0076,False,fewer_than_three_spatially_supported_views
623,onion_all_high_0076,False,fewer_than_three_spatially_supported_views
719,onion_all_high_0076,False,fewer_than_three_spatially_supported_views
46,onion_all_high_0077,False,different_or_unresolved_reference_within_blocked_component
117,onion_all_high_0077,True,selected_common_reference_view
155,onion_all_high_0077,True,selected_common_reference_view
170,onion_all_high_0077,False,different_or_unresolved_reference_within_blocked_component
210,onion_all_high_0077,False,different_or_unresolved_reference_within_blocked_component
282,onion_all_high_0077,False,different_or_unresolved_reference_within_blocked_component
370,onion_all_high_0077,True,selected_common_reference_view
385,onion_all_high_0077,True,selected_common_reference_view
481,onion_all_high_0077,True,selected_common_reference_view
507,onion_all_high_0077,False,different_or_unresolved_reference_within_blocked_component
665,onion_all_high_0077,False,different_or_unresolved_reference_within_blocked_component
668,onion_all_high_0077,True,selected_common_reference_view
748,onion_all_high_0077,True,selected_common_reference_view
749,onion_all_high_0077,False,different_or_unresolved_reference_within_blocked_component
755,onion_all_high_0077,False,different_or_unresolved_reference_within_blocked_component
802,onion_all_high_0077,False,different_or_unresolved_reference_within_blocked_component
837,onion_all_high_0077,False,different_or_unresolved_reference_within_blocked_component
850,onion_all_high_0077,False,different_or_unresolved_reference_within_blocked_component
920,onion_all_high_0077,False,different_or_unresolved_reference_within_blocked_component
1039,onion_all_high_0077,False,different_or_unresolved_reference_within_blocked_component
1168,onion_all_high_0077,False,different_or_unresolved_reference_within_blocked_component
36,onion_all_high_0078,True,selected_common_reference_view
58,onion_all_high_0078,True,selected_common_reference_view
242,onion_all_high_0078,True,selected_common_reference_view
245,onion_all_high_0078,True,selected_common_reference_view
454,onion_all_high_0078,True,selected_common_reference_view
494,onion_all_high_0078,True,selected_common_reference_view
727,onion_all_high_0078,True,selected_common_reference_view
784,onion_all_high_0078,True,selected_common_reference_view
1036,onion_all_high_0078,True,selected_common_reference_view
65,onion_all_high_0079,True,selected_common_reference_view
145,onion_all_high_0079,True,selected_common_reference_view
707,onion_all_high_0079,True,selected_common_reference_view
853,onion_all_high_0079,True,selected_common_reference_view
1013,onion_all_high_0079,True,selected_common_reference_view
1142,onion_all_high_0079,True,selected_common_reference_view
659,onion_all_high_0080,True,selected_common_reference_view
1002,onion_all_high_0080,True,selected_common_reference_view
1006,onion_all_high_0080,True,selected_common_reference_view
669,onion_all_high_0081,False,fewer_than_three_spatially_supported_views
701,onion_all_high_0081,False,fewer_than_three_spatially_supported_views
709,onion_all_high_0081,False,fewer_than_three_spatially_supported_views
1114,onion_all_high_0082,False,fewer_than_three_spatially_supported_views
1178,onion_all_high_0082,False,fewer_than_three_spatially_supported_views
1194,onion_all_high_0082,False,fewer_than_three_spatially_supported_views
229,onion_all_high_0083,True,selected_common_reference_view
366,onion_all_high_0083,True,selected_common_reference_view
774,onion_all_high_0083,True,selected_common_reference_view
219,onion_all_high_0084,False,fewer_than_three_spatially_supported_views
1056,onion_all_high_0084,False,fewer_than_three_spatially_supported_views
1119,onion_all_high_0084,False,fewer_than_three_spatially_supported_views
227,onion_all_high_0085,False,fewer_than_three_spatially_supported_views
479,onion_all_high_0085,False,fewer_than_three_spatially_supported_views
795,onion_all_high_0085,False,fewer_than_three_spatially_supported_views
228,onion_all_high_0086,False,fewer_than_three_spatially_supported_views
485,onion_all_high_0086,False,fewer_than_three_spatially_supported_views
617,onion_all_high_0086,False,fewer_than_three_spatially_supported_views
483,onion_all_high_0087,True,selected_common_reference_view
693,onion_all_high_0087,True,selected_common_reference_view
888,onion_all_high_0087,True,selected_common_reference_view
637,onion_all_high_0088,True,selected_common_reference_view
647,onion_all_high_0088,True,selected_common_reference_view
869,onion_all_high_0088,True,selected_common_reference_view
458,onion_all_high_0089,False,fewer_than_three_spatially_supported_views
924,onion_all_high_0089,False,fewer_than_three_spatially_supported_views
1181,onion_all_high_0089,False,fewer_than_three_spatially_supported_views
652,onion_all_high_0090,True,selected_common_reference_view
862,onion_all_high_0090,True,selected_common_reference_view
941,onion_all_high_0090,True,selected_common_reference_view
67,onion_all_high_0091,False,fewer_than_three_spatially_supported_views
303,onion_all_high_0091,False,fewer_than_three_spatially_supported_views
800,onion_all_high_0091,False,fewer_than_three_spatially_supported_views
14,onion_all_high_0092,True,selected_common_reference_view
724,onion_all_high_0092,True,selected_common_reference_view
803,onion_all_high_0092,True,selected_common_reference_view
21,onion_all_high_0093,True,selected_common_reference_view
184,onion_all_high_0093,True,selected_common_reference_view
966,onion_all_high_0093,True,selected_common_reference_view
126,onion_all_high_0094,False,fewer_than_three_spatially_supported_views
619,onion_all_high_0094,False,fewer_than_three_spatially_supported_views
907,onion_all_high_0094,False,fewer_than_three_spatially_supported_views
175,onion_all_high_0095,False,fewer_than_three_spatially_supported_views
297,onion_all_high_0095,False,fewer_than_three_spatially_supported_views
551,onion_all_high_0095,False,fewer_than_three_spatially_supported_views
378,onion_all_high_0096,True,selected_common_reference_view
488,onion_all_high_0096,True,selected_common_reference_view
590,onion_all_high_0096,True,selected_common_reference_view
756,onion_all_high_0096,True,selected_common_reference_view
847,onion_all_high_0096,True,selected_common_reference_view
1234,onion_all_high_0096,True,selected_common_reference_view
562,onion_all_high_0097,True,selected_common_reference_view
871,onion_all_high_0097,True,selected_common_reference_view
1198,onion_all_high_0097,True,selected_common_reference_view
575,onion_all_high_0098,False,fewer_than_three_spatially_supported_views
965,onion_all_high_0098,False,fewer_than_three_spatially_supported_views
1144,onion_all_high_0098,False,fewer_than_three_spatially_supported_views
150,onion_all_high_0099,True,selected_common_reference_view
275,onion_all_high_0099,True,selected_common_reference_view
1093,onion_all_high_0099,True,selected_common_reference_view
332,onion_all_high_0100,False,fewer_than_three_spatially_supported_views
643,onion_all_high_0100,False,fewer_than_three_spatially_supported_views
779,onion_all_high_0100,False,fewer_than_three_spatially_supported_views
957,onion_all_high_0101,True,selected_common_reference_view
1111,onion_all_high_0101,True,selected_common_reference_view
1180,onion_all_high_0101,True,selected_common_reference_view
178,onion_all_high_0102,True,selected_common_reference_view
183,onion_all_high_0102,True,selected_common_reference_view
844,onion_all_high_0102,True,selected_common_reference_view
180,onion_all_high_0103,True,selected_common_reference_view
197,onion_all_high_0103,True,selected_common_reference_view
520,onion_all_high_0103,True,selected_common_reference_view
148,onion_all_high_0104,True,selected_common_reference_view
341,onion_all_high_0104,True,selected_common_reference_view
369,onion_all_high_0104,True,selected_common_reference_view
568,onion_all_high_0105,False,fewer_than_three_spatially_supported_views
1022,onion_all_high_0105,False,fewer_than_three_spatially_supported_views
1083,onion_all_high_0105,False,fewer_than_three_spatially_supported_views
388,onion_all_high_0106,True,selected_common_reference_view
807,onion_all_high_0106,True,selected_common_reference_view
1186,onion_all_high_0106,True,selected_common_reference_view
198,onion_all_high_0107,False,fewer_than_three_spatially_supported_views
423,onion_all_high_0107,False,fewer_than_three_spatially_supported_views
1127,onion_all_high_0107,False,fewer_than_three_spatially_supported_views
212,onion_all_high_0108,False,fewer_than_three_spatially_supported_views
854,onion_all_high_0108,False,fewer_than_three_spatially_supported_views
1158,onion_all_high_0108,False,fewer_than_three_spatially_supported_views
123,onion_all_high_0109,False,fewer_than_three_spatially_supported_views
167,onion_all_high_0109,False,fewer_than_three_spatially_supported_views
557,onion_all_high_0109,False,fewer_than_three_spatially_supported_views
101,onion_all_high_0110,False,fewer_than_three_spatially_supported_views
464,onion_all_high_0110,False,fewer_than_three_spatially_supported_views
1164,onion_all_high_0110,False,fewer_than_three_spatially_supported_views
319,onion_all_high_0111,True,selected_common_reference_view
345,onion_all_high_0111,True,selected_common_reference_view
650,onion_all_high_0111,True,selected_common_reference_view
37,onion_all_high_0112,False,fewer_than_three_spatially_supported_views
687,onion_all_high_0112,False,fewer_than_three_spatially_supported_views
818,onion_all_high_0112,False,fewer_than_three_spatially_supported_views
225,onion_all_high_0113,True,selected_common_reference_view
928,onion_all_high_0113,True,selected_common_reference_view
1004,onion_all_high_0113,True,selected_common_reference_view
269,onion_all_high_0114,True,selected_common_reference_view
1159,onion_all_high_0114,True,selected_common_reference_view
1171,onion_all_high_0114,True,selected_common_reference_view
143,onion_all_high_0115,True,selected_common_reference_view
364,onion_all_high_0115,True,selected_common_reference_view
1239,onion_all_high_0115,True,selected_common_reference_view
22,onion_all_high_0116,True,selected_common_reference_view
68,onion_all_high_0116,True,selected_common_reference_view
1068,onion_all_high_0116,True,selected_common_reference_view
593,onion_all_high_0117,True,selected_common_reference_view
899,onion_all_high_0117,True,selected_common_reference_view
1170,onion_all_high_0117,True,selected_common_reference_view
608,onion_all_high_0118,False,fewer_than_three_spatially_supported_views
750,onion_all_high_0118,False,fewer_than_three_spatially_supported_views
785,onion_all_high_0118,False,fewer_than_three_spatially_supported_views
629,onion_all_high_0119,True,selected_common_reference_view
1179,onion_all_high_0119,True,selected_common_reference_view
1250,onion_all_high_0119,True,selected_common_reference_view
71,onion_all_high_0120,True,selected_common_reference_view
414,onion_all_high_0120,True,selected_common_reference_view
1105,onion_all_high_0120,True,selected_common_reference_view
1126,onion_all_high_0120,True,selected_common_reference_view
1199,onion_all_high_0120,True,selected_common_reference_view
1223,onion_all_high_0120,True,selected_common_reference_view
654,onion_all_high_0121,True,selected_common_reference_view
1029,onion_all_high_0121,True,selected_common_reference_view
1094,onion_all_high_0121,True,selected_common_reference_view
12,onion_all_high_0122,False,fewer_than_three_spatially_supported_views
426,onion_all_high_0122,False,fewer_than_three_spatially_supported_views
1226,onion_all_high_0122,False,fewer_than_three_spatially_supported_views
247,onion_all_high_0123,False,fewer_than_three_spatially_supported_views
250,onion_all_high_0123,False,fewer_than_three_spatially_supported_views
295,onion_all_high_0123,False,fewer_than_three_spatially_supported_views
113,onion_all_high_0124,True,selected_common_reference_view
492,onion_all_high_0124,True,selected_common_reference_view
689,onion_all_high_0124,True,selected_common_reference_view
977,onion_all_high_0125,True,selected_common_reference_view
1087,onion_all_high_0125,True,selected_common_reference_view
1240,onion_all_high_0125,True,selected_common_reference_view
91,onion_all_high_0126,True,selected_common_reference_view
1137,onion_all_high_0126,True,selected_common_reference_view
1161,onion_all_high_0126,True,selected_common_reference_view
41,onion_all_high_0127,False,fewer_than_three_spatially_supported_views
1245,onion_all_high_0127,False,fewer_than_three_spatially_supported_views
1256,onion_all_high_0127,False,fewer_than_three_spatially_supported_views
29,onion_all_high_0128,True,selected_common_reference_view
291,onion_all_high_0128,True,selected_common_reference_view
782,onion_all_high_0128,True,selected_common_reference_view
270,onion_all_high_0129,False,fewer_than_three_spatially_supported_views
690,onion_all_high_0129,False,fewer_than_three_spatially_supported_views
901,onion_all_high_0129,False,fewer_than_three_spatially_supported_views
482,onion_all_high_0130,True,selected_common_reference_view
892,onion_all_high_0130,True,selected_common_reference_view
1184,onion_all_high_0130,True,selected_common_reference_view
124,onion_all_high_0131,False,fewer_than_three_spatially_supported_views
885,onion_all_high_0131,False,fewer_than_three_spatially_supported_views
1072,onion_all_high_0131,False,fewer_than_three_spatially_supported_views
40,onion_all_high_0132,False,different_or_unresolved_reference_within_blocked_component
76,onion_all_high_0132,True,selected_common_reference_view
100,onion_all_high_0132,True,selected_common_reference_view
278,onion_all_high_0132,True,selected_common_reference_view
408,onion_all_high_0132,False,different_or_unresolved_reference_within_blocked_component
442,onion_all_high_0132,True,selected_common_reference_view
558,onion_all_high_0132,False,different_or_unresolved_reference_within_blocked_component
635,onion_all_high_0132,False,different_or_unresolved_reference_within_blocked_component
658,onion_all_high_0132,True,selected_common_reference_view
734,onion_all_high_0132,False,different_or_unresolved_reference_within_blocked_component
764,onion_all_high_0132,True,selected_common_reference_view
791,onion_all_high_0132,True,selected_common_reference_view
832,onion_all_high_0132,True,selected_common_reference_view
1025,onion_all_high_0132,False,different_or_unresolved_reference_within_blocked_component
1113,onion_all_high_0132,True,selected_common_reference_view
588,onion_all_high_0133,True,selected_common_reference_view
798,onion_all_high_0133,True,selected_common_reference_view
951,onion_all_high_0133,True,selected_common_reference_view
128,onion_all_high_0134,True,selected_common_reference_view
794,onion_all_high_0134,True,selected_common_reference_view
900,onion_all_high_0134,True,selected_common_reference_view
365,onion_all_high_0135,False,fewer_than_three_spatially_supported_views
565,onion_all_high_0135,False,fewer_than_three_spatially_supported_views
765,onion_all_high_0135,False,fewer_than_three_spatially_supported_views
79,onion_all_high_0136,True,selected_common_reference_view
857,onion_all_high_0136,True,selected_common_reference_view
1128,onion_all_high_0136,True,selected_common_reference_view
20,onion_all_high_0137,True,selected_common_reference_view
129,onion_all_high_0137,True,selected_common_reference_view
1028,onion_all_high_0137,True,selected_common_reference_view
673,onion_all_high_0138,True,selected_common_reference_view
906,onion_all_high_0138,True,selected_common_reference_view
925,onion_all_high_0138,True,selected_common_reference_view
135,onion_all_high_0139,True,selected_common_reference_view
326,onion_all_high_0139,False,different_or_unresolved_reference_within_blocked_component
486,onion_all_high_0139,False,different_or_unresolved_reference_within_blocked_component
513,onion_all_high_0139,True,selected_common_reference_view
546,onion_all_high_0139,True,selected_common_reference_view
699,onion_all_high_0139,True,selected_common_reference_view
851,onion_all_high_0139,True,selected_common_reference_view
861,onion_all_high_0139,True,selected_common_reference_view
1191,onion_all_high_0139,True,selected_common_reference_view
1228,onion_all_high_0139,False,different_or_unresolved_reference_within_blocked_component
1254,onion_all_high_0139,True,selected_common_reference_view
1277,onion_all_high_0139,True,selected_common_reference_view
26,onion_all_high_0140,True,selected_common_reference_view
912,onion_all_high_0140,True,selected_common_reference_view
1101,onion_all_high_0140,True,selected_common_reference_view
108,onion_all_high_0141,True,selected_common_reference_view
1106,onion_all_high_0141,True,selected_common_reference_view
1139,onion_all_high_0141,True,selected_common_reference_view
355,onion_all_high_0142,True,selected_common_reference_view
1103,onion_all_high_0142,True,selected_common_reference_view
1237,onion_all_high_0142,True,selected_common_reference_view
407,onion_all_high_0143,True,selected_common_reference_view
683,onion_all_high_0143,True,selected_common_reference_view
1055,onion_all_high_0143,True,selected_common_reference_view
191,onion_all_high_0144,True,selected_common_reference_view
648,onion_all_high_0144,True,selected_common_reference_view
1221,onion_all_high_0144,True,selected_common_reference_view
697,onion_all_high_0145,True,selected_common_reference_view
1138,onion_all_high_0145,True,selected_common_reference_view
1177,onion_all_high_0145,True,selected_common_reference_view
205,onion_all_high_0146,True,selected_common_reference_view
595,onion_all_high_0146,True,selected_common_reference_view
677,onion_all_high_0146,True,selected_common_reference_view
812,onion_all_high_0146,False,different_or_unresolved_reference_within_blocked_component
872,onion_all_high_0146,False,different_or_unresolved_reference_within_blocked_component
923,onion_all_high_0146,False,different_or_unresolved_reference_within_blocked_component
202,onion_all_high_0147,True,selected_common_reference_view
469,onion_all_high_0147,True,selected_common_reference_view
959,onion_all_high_0147,True,selected_common_reference_view
43,onion_all_high_0148,True,selected_common_reference_view
338,onion_all_high_0148,True,selected_common_reference_view
395,onion_all_high_0148,True,selected_common_reference_view
362,onion_all_high_0149,False,different_or_unresolved_reference_within_blocked_component
521,onion_all_high_0149,False,different_or_unresolved_reference_within_blocked_component
578,onion_all_high_0149,True,selected_common_reference_view
667,onion_all_high_0149,True,selected_common_reference_view
949,onion_all_high_0149,True,selected_common_reference_view
1005,onion_all_high_0149,True,selected_common_reference_view
373,onion_all_high_0150,True,selected_common_reference_view
422,onion_all_high_0150,True,selected_common_reference_view
527,onion_all_high_0150,True,selected_common_reference_view
2,onion_all_high_0151,True,selected_common_reference_view
317,onion_all_high_0151,True,selected_common_reference_view
522,onion_all_high_0151,True,selected_common_reference_view
30,onion_all_high_0152,True,selected_common_reference_view
1169,onion_all_high_0152,True,selected_common_reference_view
1196,onion_all_high_0152,True,selected_common_reference_view
508,onion_all_high_0153,True,selected_common_reference_view
1104,onion_all_high_0153,True,selected_common_reference_view
1156,onion_all_high_0153,True,selected_common_reference_view
325,onion_all_high_0154,True,selected_common_reference_view
741,onion_all_high_0154,True,selected_common_reference_view
982,onion_all_high_0154,True,selected_common_reference_view
139,onion_all_high_0155,False,different_or_unresolved_reference_within_blocked_component
309,onion_all_high_0155,True,selected_common_reference_view
594,onion_all_high_0155,False,different_or_unresolved_reference_within_blocked_component
602,onion_all_high_0155,False,different_or_unresolved_reference_within_blocked_component
604,onion_all_high_0155,False,different_or_unresolved_reference_within_blocked_component
626,onion_all_high_0155,True,selected_common_reference_view
636,onion_all_high_0155,False,different_or_unresolved_reference_within_blocked_component
715,onion_all_high_0155,True,selected_common_reference_view
883,onion_all_high_0155,False,different_or_unresolved_reference_within_blocked_component
919,onion_all_high_0155,True,selected_common_reference_view
974,onion_all_high_0155,True,selected_common_reference_view
1019,onion_all_high_0155,True,selected_common_reference_view
1027,onion_all_high_0155,True,selected_common_reference_view
1051,onion_all_high_0155,False,different_or_unresolved_reference_within_blocked_component
1213,onion_all_high_0155,False,different_or_unresolved_reference_within_blocked_component
146,onion_all_high_0156,True,selected_common_reference_view
391,onion_all_high_0156,True,selected_common_reference_view
409,onion_all_high_0156,True,selected_common_reference_view
193,onion_all_high_0157,True,selected_common_reference_view
394,onion_all_high_0157,True,selected_common_reference_view
746,onion_all_high_0157,True,selected_common_reference_view
742,onion_all_high_0158,True,selected_common_reference_view
772,onion_all_high_0158,True,selected_common_reference_view
1085,onion_all_high_0158,True,selected_common_reference_view
264,onion_all_high_0159,True,selected_common_reference_view
276,onion_all_high_0159,True,selected_common_reference_view
524,onion_all_high_0159,True,selected_common_reference_view
44,onion_all_high_0160,True,selected_common_reference_view
141,onion_all_high_0160,True,selected_common_reference_view
377,onion_all_high_0160,False,different_or_unresolved_reference_within_blocked_component
389,onion_all_high_0160,False,different_or_unresolved_reference_within_blocked_component
740,onion_all_high_0160,True,selected_common_reference_view
776,onion_all_high_0160,False,different_or_unresolved_reference_within_blocked_component
281,onion_all_high_0161,True,selected_common_reference_view
547,onion_all_high_0161,True,selected_common_reference_view
670,onion_all_high_0161,True,selected_common_reference_view
653,onion_all_high_0162,True,selected_common_reference_view
909,onion_all_high_0162,True,selected_common_reference_view
1071,onion_all_high_0162,True,selected_common_reference_view
475,onion_all_high_0163,True,selected_common_reference_view
714,onion_all_high_0163,True,selected_common_reference_view
952,onion_all_high_0163,True,selected_common_reference_view
154,onion_all_high_0164,True,selected_common_reference_view
695,onion_all_high_0164,True,selected_common_reference_view
735,onion_all_high_0164,True,selected_common_reference_view
257,onion_all_high_0165,True,selected_common_reference_view
421,onion_all_high_0165,True,selected_common_reference_view
1026,onion_all_high_0165,True,selected_common_reference_view
964,onion_all_high_0166,True,selected_common_reference_view
972,onion_all_high_0166,True,selected_common_reference_view
1086,onion_all_high_0166,True,selected_common_reference_view
1,onion_all_high_0167,True,selected_common_reference_view
159,onion_all_high_0167,True,selected_common_reference_view
214,onion_all_high_0167,True,selected_common_reference_view
451,onion_all_high_0167,True,selected_common_reference_view
829,onion_all_high_0167,True,selected_common_reference_view
859,onion_all_high_0167,True,selected_common_reference_view
1080,onion_all_high_0167,True,selected_common_reference_view
1204,onion_all_high_0167,True,selected_common_reference_view
1215,onion_all_high_0167,True,selected_common_reference_view
85,onion_all_high_0168,True,selected_common_reference_view
358,onion_all_high_0168,True,selected_common_reference_view
997,onion_all_high_0168,True,selected_common_reference_view
504,onion_all_high_0169,True,selected_common_reference_view
846,onion_all_high_0169,True,selected_common_reference_view
858,onion_all_high_0169,True,selected_common_reference_view
200,onion_all_high_0170,True,selected_common_reference_view
934,onion_all_high_0170,True,selected_common_reference_view
1231,onion_all_high_0170,True,selected_common_reference_view
221,onion_all_high_0171,True,selected_common_reference_view
815,onion_all_high_0171,True,selected_common_reference_view
848,onion_all_high_0171,True,selected_common_reference_view
157,onion_all_high_0172,True,selected_common_reference_view
393,onion_all_high_0172,True,selected_common_reference_view
445,onion_all_high_0172,True,selected_common_reference_view
353,onion_all_high_0173,False,fewer_than_three_spatially_supported_views
544,onion_all_high_0173,False,fewer_than_three_spatially_supported_views
1200,onion_all_high_0173,False,fewer_than_three_spatially_supported_views
158,onion_all_high_0174,False,fewer_than_three_spatially_supported_views
664,onion_all_high_0174,False,fewer_than_three_spatially_supported_views
731,onion_all_high_0174,False,fewer_than_three_spatially_supported_views
88,onion_all_high_0175,False,fewer_than_three_spatially_supported_views
708,onion_all_high_0175,False,fewer_than_three_spatially_supported_views
773,onion_all_high_0175,False,fewer_than_three_spatially_supported_views
239,onion_all_high_0176,True,selected_common_reference_view
656,onion_all_high_0176,True,selected_common_reference_view
849,onion_all_high_0176,True,selected_common_reference_view
549,onion_all_high_0177,True,selected_common_reference_view
580,onion_all_high_0177,True,selected_common_reference_view
1052,onion_all_high_0177,True,selected_common_reference_view
211,onion_all_high_0178,True,selected_common_reference_view
308,onion_all_high_0178,True,selected_common_reference_view
471,onion_all_high_0178,True,selected_common_reference_view
550,onion_all_high_0178,True,selected_common_reference_view
897,onion_all_high_0178,True,selected_common_reference_view
908,onion_all_high_0178,True,selected_common_reference_view
160,onion_all_high_0179,True,selected_common_reference_view
477,onion_all_high_0179,True,selected_common_reference_view
576,onion_all_high_0179,True,selected_common_reference_view
983,onion_all_high_0179,True,selected_common_reference_view
987,onion_all_high_0179,True,selected_common_reference_view
1167,onion_all_high_0179,True,selected_common_reference_view
314,onion_all_high_0180,True,selected_common_reference_view
376,onion_all_high_0180,True,selected_common_reference_view
680,onion_all_high_0180,True,selected_common_reference_view
179,onion_all_high_0181,True,selected_common_reference_view
474,onion_all_high_0181,True,selected_common_reference_view
611,onion_all_high_0181,True,selected_common_reference_view
529,onion_all_high_0182,True,selected_common_reference_view
581,onion_all_high_0182,True,selected_common_reference_view
615,onion_all_high_0182,True,selected_common_reference_view
913,onion_all_high_0182,True,selected_common_reference_view
1081,onion_all_high_0182,True,selected_common_reference_view
1130,onion_all_high_0182,True,selected_common_reference_view
78,onion_all_high_0183,True,selected_common_reference_view
777,onion_all_high_0183,True,selected_common_reference_view
1209,onion_all_high_0183,True,selected_common_reference_view
444,onion_all_high_0184,True,selected_common_reference_view
1099,onion_all_high_0184,True,selected_common_reference_view
1274,onion_all_high_0184,True,selected_common_reference_view
105,onion_all_high_0185,True,selected_common_reference_view
694,onion_all_high_0185,True,selected_common_reference_view
726,onion_all_high_0185,True,selected_common_reference_view
472,onion_all_high_0186,True,selected_common_reference_view
958,onion_all_high_0186,True,selected_common_reference_view
1160,onion_all_high_0186,True,selected_common_reference_view
630,onion_all_high_0187,True,selected_common_reference_view
730,onion_all_high_0187,True,selected_common_reference_view
929,onion_all_high_0187,True,selected_common_reference_view
25,onion_all_high_0188,True,selected_common_reference_view
804,onion_all_high_0188,True,selected_common_reference_view
1261,onion_all_high_0188,True,selected_common_reference_view
153,onion_all_high_0189,True,selected_common_reference_view
852,onion_all_high_0189,True,selected_common_reference_view
998,onion_all_high_0189,True,selected_common_reference_view
166,onion_all_high_0190,True,selected_common_reference_view
196,onion_all_high_0190,True,selected_common_reference_view
710,onion_all_high_0190,True,selected_common_reference_view
8,onion_all_high_0191,True,selected_common_reference_view
137,onion_all_high_0191,True,selected_common_reference_view
334,onion_all_high_0191,True,selected_common_reference_view
379,onion_all_high_0192,True,selected_common_reference_view
563,onion_all_high_0192,True,selected_common_reference_view
610,onion_all_high_0192,True,selected_common_reference_view
428,onion_all_high_0193,True,selected_common_reference_view
600,onion_all_high_0193,True,selected_common_reference_view
828,onion_all_high_0193,True,selected_common_reference_view
548,onion_all_high_0194,True,selected_common_reference_view
1034,onion_all_high_0194,True,selected_common_reference_view
1276,onion_all_high_0194,True,selected_common_reference_view
273,onion_all_high_0195,False,fewer_than_three_spatially_supported_views
323,onion_all_high_0195,False,fewer_than_three_spatially_supported_views
543,onion_all_high_0195,False,fewer_than_three_spatially_supported_views
768,onion_all_high_0196,False,fewer_than_three_spatially_supported_views
1012,onion_all_high_0196,False,fewer_than_three_spatially_supported_views
1268,onion_all_high_0196,False,fewer_than_three_spatially_supported_views
35,onion_all_high_0197,True,selected_common_reference_view
455,onion_all_high_0197,True,selected_common_reference_view
1030,onion_all_high_0197,True,selected_common_reference_view
265,onion_all_high_0198,True,selected_common_reference_view
880,onion_all_high_0198,True,selected_common_reference_view
1092,onion_all_high_0198,True,selected_common_reference_view
33,onion_all_high_0199,True,selected_common_reference_view
42,onion_all_high_0199,True,selected_common_reference_view
1133,onion_all_high_0199,True,selected_common_reference_view
386,onion_all_high_0200,True,selected_common_reference_view
478,onion_all_high_0200,True,selected_common_reference_view
484,onion_all_high_0200,True,selected_common_reference_view
771,onion_all_high_0201,True,selected_common_reference_view
953,onion_all_high_0201,True,selected_common_reference_view
1088,onion_all_high_0201,True,selected_common_reference_view
691,onion_all_high_0202,True,selected_common_reference_view
950,onion_all_high_0202,True,selected_common_reference_view
986,onion_all_high_0202,True,selected_common_reference_view
616,onion_all_high_0203,True,selected_common_reference_view
1116,onion_all_high_0203,True,selected_common_reference_view
1247,onion_all_high_0203,True,selected_common_reference_view
398,onion_all_high_0204,True,selected_common_reference_view
571,onion_all_high_0204,True,selected_common_reference_view
940,onion_all_high_0204,True,selected_common_reference_view
346,onion_all_high_0205,True,selected_common_reference_view
397,onion_all_high_0205,True,selected_common_reference_view
461,onion_all_high_0205,True,selected_common_reference_view
249,onion_all_high_0206,True,selected_common_reference_view
343,onion_all_high_0206,True,selected_common_reference_view
1265,onion_all_high_0206,True,selected_common_reference_view
392,onion_all_high_0207,True,selected_common_reference_view
554,onion_all_high_0207,True,selected_common_reference_view
999,onion_all_high_0207,True,selected_common_reference_view
134,onion_all_high_0208,True,selected_common_reference_view
147,onion_all_high_0208,True,selected_common_reference_view
172,onion_all_high_0208,True,selected_common_reference_view
525,onion_all_high_0208,True,selected_common_reference_view
916,onion_all_high_0208,True,selected_common_reference_view
1040,onion_all_high_0208,True,selected_common_reference_view
0,onion_all_high_0209,True,selected_common_reference_view
1042,onion_all_high_0209,True,selected_common_reference_view
1220,onion_all_high_0209,True,selected_common_reference_view
348,onion_all_high_0210,False,fewer_than_three_spatially_supported_views
1016,onion_all_high_0210,False,fewer_than_three_spatially_supported_views
1172,onion_all_high_0210,False,fewer_than_three_spatially_supported_views
48,onion_all_high_0211,True,selected_common_reference_view
402,onion_all_high_0211,True,selected_common_reference_view
927,onion_all_high_0211,True,selected_common_reference_view
786,onion_all_high_0212,True,selected_common_reference_view
1175,onion_all_high_0212,True,selected_common_reference_view
1271,onion_all_high_0212,True,selected_common_reference_view
354,onion_all_high_0213,False,fewer_than_three_spatially_supported_views
729,onion_all_high_0213,False,fewer_than_three_spatially_supported_views
1031,onion_all_high_0213,False,fewer_than_three_spatially_supported_views
182,onion_all_high_0214,True,selected_common_reference_view
528,onion_all_high_0214,True,selected_common_reference_view
1217,onion_all_high_0214,True,selected_common_reference_view
539,onion_all_high_0215,True,selected_common_reference_view
1023,onion_all_high_0215,True,selected_common_reference_view
1091,onion_all_high_0215,True,selected_common_reference_view
192,onion_all_high_0216,False,fewer_than_three_spatially_supported_views
259,onion_all_high_0216,False,fewer_than_three_spatially_supported_views
284,onion_all_high_0216,False,fewer_than_three_spatially_supported_views
621,onion_all_high_0217,True,selected_common_reference_view
681,onion_all_high_0217,True,selected_common_reference_view
1017,onion_all_high_0217,True,selected_common_reference_view
138,onion_all_high_0218,True,selected_common_reference_view
441,onion_all_high_0218,True,selected_common_reference_view
718,onion_all_high_0218,True,selected_common_reference_view
5,onion_all_high_0219,True,selected_common_reference_view
535,onion_all_high_0219,True,selected_common_reference_view
598,onion_all_high_0219,True,selected_common_reference_view
54,onion_all_high_0220,True,selected_common_reference_view
866,onion_all_high_0220,True,selected_common_reference_view
874,onion_all_high_0220,True,selected_common_reference_view
865,onion_all_high_0221,True,selected_common_reference_view
1003,onion_all_high_0221,True,selected_common_reference_view
1275,onion_all_high_0221,True,selected_common_reference_view
333,onion_all_high_0222,True,selected_common_reference_view
419,onion_all_high_0222,True,selected_common_reference_view
1049,onion_all_high_0222,True,selected_common_reference_view
470,onion_all_high_0223,True,selected_common_reference_view
942,onion_all_high_0223,True,selected_common_reference_view
980,onion_all_high_0223,True,selected_common_reference_view
38,onion_all_high_0224,True,selected_common_reference_view
651,onion_all_high_0224,True,selected_common_reference_view
975,onion_all_high_0224,True,selected_common_reference_view
169,onion_all_high_0225,True,selected_common_reference_view
702,onion_all_high_0225,True,selected_common_reference_view
878,onion_all_high_0225,True,selected_common_reference_view
328,onion_all_high_0226,False,fewer_than_three_spatially_supported_views
961,onion_all_high_0226,False,fewer_than_three_spatially_supported_views
1195,onion_all_high_0226,False,fewer_than_three_spatially_supported_views
62,onion_all_high_0227,True,selected_common_reference_view
620,onion_all_high_0227,True,selected_common_reference_view
808,onion_all_high_0227,True,selected_common_reference_view
274,onion_all_high_0228,False,cross_label_blocking_component
834,onion_all_high_0228,False,cross_label_blocking_component
873,onion_all_high_0228,False,cross_label_blocking_component
3289,onion_all_high_0228,False,cross_label_blocking_component
3300,onion_all_high_0228,False,cross_label_blocking_component
3359,onion_all_high_0228,False,cross_label_blocking_component
3445,onion_all_high_0228,False,cross_label_blocking_component
3569,onion_all_high_0228,False,cross_label_blocking_component
3582,onion_all_high_0228,False,cross_label_blocking_component
3754,onion_all_high_0228,False,cross_label_blocking_component
3757,onion_all_high_0228,False,cross_label_blocking_component
3799,onion_all_high_0228,False,cross_label_blocking_component
3813,onion_all_high_0228,False,cross_label_blocking_component
3895,onion_all_high_0228,False,cross_label_blocking_component
3926,onion_all_high_0228,False,cross_label_blocking_component
3941,onion_all_high_0228,False,cross_label_blocking_component
4038,onion_all_high_0228,False,cross_label_blocking_component
4067,onion_all_high_0228,False,cross_label_blocking_component
4072,onion_all_high_0228,False,cross_label_blocking_component
4114,onion_all_high_0228,False,cross_label_blocking_component
4261,onion_all_high_0228,False,cross_label_blocking_component
4471,onion_all_high_0228,False,cross_label_blocking_component
518,onion_all_high_0229,True,selected_common_reference_view
856,onion_all_high_0229,True,selected_common_reference_view
889,onion_all_high_0229,True,selected_common_reference_view
252,onion_all_high_0230,True,selected_common_reference_view
599,onion_all_high_0230,True,selected_common_reference_view
1020,onion_all_high_0230,True,selected_common_reference_view
64,onion_all_high_0231,True,selected_common_reference_view
814,onion_all_high_0231,True,selected_common_reference_view
1062,onion_all_high_0231,True,selected_common_reference_view
215,onion_all_high_0232,True,selected_common_reference_view
612,onion_all_high_0232,True,selected_common_reference_view
903,onion_all_high_0232,True,selected_common_reference_view
501,onion_all_high_0233,True,selected_common_reference_view
561,onion_all_high_0233,True,selected_common_reference_view
711,onion_all_high_0233,True,selected_common_reference_view
233,onion_all_high_0234,True,selected_common_reference_view
1008,onion_all_high_0234,True,selected_common_reference_view
1124,onion_all_high_0234,True,selected_common_reference_view
320,onion_all_high_0235,True,selected_common_reference_view
843,onion_all_high_0235,True,selected_common_reference_view
860,onion_all_high_0235,True,selected_common_reference_view
618,onion_all_high_0236,False,fewer_than_three_spatially_supported_views
822,onion_all_high_0236,False,fewer_than_three_spatially_supported_views
1033,onion_all_high_0236,False,fewer_than_three_spatially_supported_views
130,onion_all_high_0237,False,fewer_than_three_spatially_supported_views
752,onion_all_high_0237,False,fewer_than_three_spatially_supported_views
1077,onion_all_high_0237,False,fewer_than_three_spatially_supported_views
136,onion_all_high_0238,True,selected_common_reference_view
240,onion_all_high_0238,True,selected_common_reference_view
770,onion_all_high_0238,True,selected_common_reference_view
232,onion_all_high_0239,True,selected_common_reference_view
352,onion_all_high_0239,True,selected_common_reference_view
956,onion_all_high_0239,True,selected_common_reference_view
115,onion_all_high_0240,True,selected_common_reference_view
142,onion_all_high_0240,False,different_or_unresolved_reference_within_blocked_component
268,onion_all_high_0240,True,selected_common_reference_view
411,onion_all_high_0240,True,selected_common_reference_view
415,onion_all_high_0240,False,different_or_unresolved_reference_within_blocked_component
684,onion_all_high_0240,True,selected_common_reference_view
45,onion_all_high_0241,True,selected_common_reference_view
390,onion_all_high_0241,True,selected_common_reference_view
877,onion_all_high_0241,True,selected_common_reference_view
399,onion_all_high_0242,True,selected_common_reference_view
401,onion_all_high_0242,True,selected_common_reference_view
489,onion_all_high_0242,True,selected_common_reference_view
564,onion_all_high_0243,True,selected_common_reference_view
592,onion_all_high_0243,True,selected_common_reference_view
1115,onion_all_high_0243,True,selected_common_reference_view
131,onion_all_high_0244,True,selected_common_reference_view
762,onion_all_high_0244,True,selected_common_reference_view
1132,onion_all_high_0244,True,selected_common_reference_view
261,onion_all_high_0245,True,selected_common_reference_view
577,onion_all_high_0245,True,selected_common_reference_view
868,onion_all_high_0245,True,selected_common_reference_view
310,onion_all_high_0246,True,selected_common_reference_view
671,onion_all_high_0246,True,selected_common_reference_view
1193,onion_all_high_0246,True,selected_common_reference_view
165,onion_all_high_0247,True,selected_common_reference_view
383,onion_all_high_0247,True,selected_common_reference_view
882,onion_all_high_0247,True,selected_common_reference_view
119,onion_all_high_0248,True,selected_common_reference_view
566,onion_all_high_0248,True,selected_common_reference_view
1202,onion_all_high_0248,True,selected_common_reference_view
312,onion_all_high_0249,True,selected_common_reference_view
915,onion_all_high_0249,True,selected_common_reference_view
1257,onion_all_high_0249,True,selected_common_reference_view
337,onion_all_high_0250,True,selected_common_reference_view
992,onion_all_high_0250,True,selected_common_reference_view
1192,onion_all_high_0250,True,selected_common_reference_view
127,onion_all_high_0251,True,selected_common_reference_view
253,onion_all_high_0251,True,selected_common_reference_view
294,onion_all_high_0251,True,selected_common_reference_view
884,onion_all_high_0251,True,selected_common_reference_view
931,onion_all_high_0251,True,selected_common_reference_view
1121,onion_all_high_0251,True,selected_common_reference_view
759,onion_all_high_0252,True,selected_common_reference_view
1210,onion_all_high_0252,True,selected_common_reference_view
1258,onion_all_high_0252,True,selected_common_reference_view
223,onion_all_high_0253,True,selected_common_reference_view
258,onion_all_high_0253,True,selected_common_reference_view
367,onion_all_high_0253,True,selected_common_reference_view
66,onion_all_high_0254,False,fewer_than_three_spatially_supported_views
1018,onion_all_high_0254,False,fewer_than_three_spatially_supported_views
1243,onion_all_high_0254,False,fewer_than_three_spatially_supported_views
133,onion_all_high_0255,True,selected_common_reference_view
246,onion_all_high_0255,True,selected_common_reference_view
331,onion_all_high_0255,True,selected_common_reference_view
412,onion_all_high_0256,True,selected_common_reference_view
605,onion_all_high_0256,True,selected_common_reference_view
1244,onion_all_high_0256,True,selected_common_reference_view
226,onion_all_high_0257,True,selected_common_reference_view
424,onion_all_high_0257,True,selected_common_reference_view
723,onion_all_high_0257,True,selected_common_reference_view
932,onion_all_high_0258,True,selected_common_reference_view
1011,onion_all_high_0258,True,selected_common_reference_view
1129,onion_all_high_0258,True,selected_common_reference_view
452,onion_all_high_0259,False,fewer_than_three_spatially_supported_views
500,onion_all_high_0259,False,fewer_than_three_spatially_supported_views
733,onion_all_high_0259,False,fewer_than_three_spatially_supported_views
625,onion_all_high_0260,True,selected_common_reference_view
970,onion_all_high_0260,True,selected_common_reference_view
1238,onion_all_high_0260,True,selected_common_reference_view
288,onion_all_high_0261,True,selected_common_reference_view
645,onion_all_high_0261,True,selected_common_reference_view
826,onion_all_high_0261,True,selected_common_reference_view
512,onion_all_high_0262,True,selected_common_reference_view
990,onion_all_high_0262,True,selected_common_reference_view
1267,onion_all_high_0262,True,selected_common_reference_view
109,onion_all_high_0263,True,selected_common_reference_view
218,onion_all_high_0263,True,selected_common_reference_view
519,onion_all_high_0263,True,selected_common_reference_view
177,onion_all_high_0264,True,selected_common_reference_view
293,onion_all_high_0264,True,selected_common_reference_view
686,onion_all_high_0264,True,selected_common_reference_view
144,onion_all_high_0265,True,selected_common_reference_view
747,onion_all_high_0265,True,selected_common_reference_view
973,onion_all_high_0265,True,selected_common_reference_view
161,onion_all_high_0266,True,selected_common_reference_view
190,onion_all_high_0266,True,selected_common_reference_view
1074,onion_all_high_0266,True,selected_common_reference_view
497,onion_all_high_0267,True,selected_common_reference_view
662,onion_all_high_0267,True,selected_common_reference_view
917,onion_all_high_0267,True,selected_common_reference_view
587,onion_all_high_0268,True,selected_common_reference_view
1149,onion_all_high_0268,True,selected_common_reference_view
1197,onion_all_high_0268,True,selected_common_reference_view
162,onion_all_high_0269,True,selected_common_reference_view
446,onion_all_high_0269,True,selected_common_reference_view
960,onion_all_high_0269,True,selected_common_reference_view
39,onion_all_high_0270,True,selected_common_reference_view
72,onion_all_high_0270,True,selected_common_reference_view
633,onion_all_high_0270,True,selected_common_reference_view
417,onion_all_high_0271,True,selected_common_reference_view
515,onion_all_high_0271,True,selected_common_reference_view
1246,onion_all_high_0271,True,selected_common_reference_view
13,onion_all_high_0272,True,selected_common_reference_view
675,onion_all_high_0272,True,selected_common_reference_view
905,onion_all_high_0272,True,selected_common_reference_view
628,onion_all_high_0273,True,selected_common_reference_view
833,onion_all_high_0273,True,selected_common_reference_view
855,onion_all_high_0273,True,selected_common_reference_view
52,onion_all_high_0274,True,selected_common_reference_view
679,onion_all_high_0274,True,selected_common_reference_view
945,onion_all_high_0274,True,selected_common_reference_view
77,onion_all_high_0275,False,fewer_than_three_spatially_supported_views
188,onion_all_high_0275,False,fewer_than_three_spatially_supported_views
1112,onion_all_high_0275,False,fewer_than_three_spatially_supported_views
757,onion_all_high_0276,True,selected_common_reference_view
989,onion_all_high_0276,True,selected_common_reference_view
1053,onion_all_high_0276,True,selected_common_reference_view
189,onion_all_high_0277,True,selected_common_reference_view
585,onion_all_high_0277,True,selected_common_reference_view
864,onion_all_high_0277,True,selected_common_reference_view
102,onion_all_high_0278,True,selected_common_reference_view
380,onion_all_high_0278,True,selected_common_reference_view
536,onion_all_high_0278,True,selected_common_reference_view
813,onion_all_high_0278,True,selected_common_reference_view
1050,onion_all_high_0278,True,selected_common_reference_view
1252,onion_all_high_0278,True,selected_common_reference_view
530,onion_all_high_0279,True,selected_common_reference_view
840,onion_all_high_0279,True,selected_common_reference_view
910,onion_all_high_0279,True,selected_common_reference_view
61,onion_all_high_0280,True,selected_common_reference_view
589,onion_all_high_0280,True,selected_common_reference_view
954,onion_all_high_0280,True,selected_common_reference_view
286,onion_all_high_0281,True,selected_common_reference_view
622,onion_all_high_0281,True,selected_common_reference_view
1214,onion_all_high_0281,True,selected_common_reference_view
83,onion_all_high_0282,True,selected_common_reference_view
416,onion_all_high_0282,True,selected_common_reference_view
1203,onion_all_high_0282,True,selected_common_reference_view
34,onion_all_high_0283,True,selected_common_reference_view
322,onion_all_high_0283,True,selected_common_reference_view
552,onion_all_high_0283,True,selected_common_reference_view
324,onion_all_high_0284,True,selected_common_reference_view
368,onion_all_high_0284,True,selected_common_reference_view
995,onion_all_high_0284,True,selected_common_reference_view
97,onion_all_high_0285,True,selected_common_reference_view
290,onion_all_high_0285,True,selected_common_reference_view
939,onion_all_high_0285,True,selected_common_reference_view
74,onion_all_high_0286,True,selected_common_reference_view
305,onion_all_high_0286,True,selected_common_reference_view
1108,onion_all_high_0286,True,selected_common_reference_view
374,onion_all_high_0287,True,selected_common_reference_view
490,onion_all_high_0287,True,selected_common_reference_view
870,onion_all_high_0287,True,selected_common_reference_view
260,onion_all_high_0288,True,selected_common_reference_view
418,onion_all_high_0288,True,selected_common_reference_view
769,onion_all_high_0288,True,selected_common_reference_view
614,onion_all_high_0289,True,selected_common_reference_view
1078,onion_all_high_0289,True,selected_common_reference_view
1259,onion_all_high_0289,True,selected_common_reference_view
95,onion_all_high_0290,True,selected_common_reference_view
174,onion_all_high_0290,True,selected_common_reference_view
434,onion_all_high_0290,True,selected_common_reference_view
299,onion_all_high_0291,True,selected_common_reference_view
523,onion_all_high_0291,True,selected_common_reference_view
1064,onion_all_high_0291,True,selected_common_reference_view
3313,onion_all_high_0292,False,fewer_than_three_spatially_supported_views
3624,onion_all_high_0292,False,fewer_than_three_spatially_supported_views
3691,onion_all_high_0292,False,fewer_than_three_spatially_supported_views
4033,onion_all_high_0292,False,fewer_than_three_spatially_supported_views
4129,onion_all_high_0292,False,fewer_than_three_spatially_supported_views
3467,onion_all_high_0293,True,selected_common_reference_view
3497,onion_all_high_0293,True,selected_common_reference_view
3622,onion_all_high_0293,True,selected_common_reference_view
3651,onion_all_high_0293,True,selected_common_reference_view
3937,onion_all_high_0293,True,selected_common_reference_view
4011,onion_all_high_0293,True,selected_common_reference_view
4052,onion_all_high_0293,True,selected_common_reference_view
4103,onion_all_high_0293,True,selected_common_reference_view
4198,onion_all_high_0293,True,selected_common_reference_view
4233,onion_all_high_0293,True,selected_common_reference_view
4325,onion_all_high_0293,True,selected_common_reference_view
4382,onion_all_high_0293,True,selected_common_reference_view
4432,onion_all_high_0293,True,selected_common_reference_view
4462,onion_all_high_0293,True,selected_common_reference_view
3653,onion_all_high_0294,True,selected_common_reference_view
3877,onion_all_high_0294,True,selected_common_reference_view
4404,onion_all_high_0294,True,selected_common_reference_view
4495,onion_all_high_0294,True,selected_common_reference_view
3384,onion_all_high_0295,True,selected_common_reference_view
3674,onion_all_high_0295,True,selected_common_reference_view
3707,onion_all_high_0295,True,selected_common_reference_view
4069,onion_all_high_0295,True,selected_common_reference_view
4420,onion_all_high_0295,True,selected_common_reference_view
3504,onion_all_high_0296,True,selected_common_reference_view
3861,onion_all_high_0296,True,selected_common_reference_view
4133,onion_all_high_0296,True,selected_common_reference_view
4232,onion_all_high_0296,True,selected_common_reference_view
3508,onion_all_high_0297,True,selected_common_reference_view
3738,onion_all_high_0297,True,selected_common_reference_view
3801,onion_all_high_0297,True,selected_common_reference_view
3856,onion_all_high_0297,True,selected_common_reference_view
4247,onion_all_high_0297,True,selected_common_reference_view
3379,onion_all_high_0298,True,selected_common_reference_view
3463,onion_all_high_0298,False,different_or_unresolved_reference_within_blocked_component
3530,onion_all_high_0298,True,selected_common_reference_view
3587,onion_all_high_0298,False,different_or_unresolved_reference_within_blocked_component
3728,onion_all_high_0298,True,selected_common_reference_view
4230,onion_all_high_0298,False,different_or_unresolved_reference_within_blocked_component
4235,onion_all_high_0298,True,selected_common_reference_view
4328,onion_all_high_0298,False,different_or_unresolved_reference_within_blocked_component
3277,onion_all_high_0299,True,selected_common_reference_view
3681,onion_all_high_0299,True,selected_common_reference_view
4186,onion_all_high_0299,True,selected_common_reference_view
4234,onion_all_high_0299,True,selected_common_reference_view
4300,onion_all_high_0299,True,selected_common_reference_view
3318,onion_all_high_0300,True,selected_common_reference_view
4113,onion_all_high_0300,True,selected_common_reference_view
4317,onion_all_high_0300,True,selected_common_reference_view
4331,onion_all_high_0300,True,selected_common_reference_view
3478,onion_all_high_0301,True,selected_common_reference_view
3556,onion_all_high_0301,True,selected_common_reference_view
3714,onion_all_high_0301,True,selected_common_reference_view
3991,onion_all_high_0301,True,selected_common_reference_view
4010,onion_all_high_0301,True,selected_common_reference_view
4217,onion_all_high_0301,True,selected_common_reference_view
4237,onion_all_high_0301,True,selected_common_reference_view
4313,onion_all_high_0301,True,selected_common_reference_view
4468,onion_all_high_0301,True,selected_common_reference_view
3241,onion_all_high_0302,True,selected_common_reference_view
3474,onion_all_high_0302,True,selected_common_reference_view
3723,onion_all_high_0302,True,selected_common_reference_view
3778,onion_all_high_0302,True,selected_common_reference_view
4037,onion_all_high_0302,True,selected_common_reference_view
4255,onion_all_high_0302,True,selected_common_reference_view
4379,onion_all_high_0302,True,selected_common_reference_view
4403,onion_all_high_0302,True,selected_common_reference_view
4445,onion_all_high_0302,True,selected_common_reference_view
3785,onion_all_high_0303,True,selected_common_reference_view
3972,onion_all_high_0303,True,selected_common_reference_view
4143,onion_all_high_0303,True,selected_common_reference_view
4185,onion_all_high_0303,True,selected_common_reference_view
3985,onion_all_high_0304,True,selected_common_reference_view
4089,onion_all_high_0304,True,selected_common_reference_view
4281,onion_all_high_0304,True,selected_common_reference_view
4439,onion_all_high_0304,True,selected_common_reference_view
3410,onion_all_high_0305,True,selected_common_reference_view
3663,onion_all_high_0305,True,selected_common_reference_view
3955,onion_all_high_0305,True,selected_common_reference_view
4271,onion_all_high_0305,True,selected_common_reference_view
3254,onion_all_high_0306,True,selected_common_reference_view
3666,onion_all_high_0306,True,selected_common_reference_view
3918,onion_all_high_0306,True,selected_common_reference_view
4197,onion_all_high_0306,True,selected_common_reference_view
3251,onion_all_high_0307,True,selected_common_reference_view
3274,onion_all_high_0307,False,different_or_unresolved_reference_within_blocked_component
3321,onion_all_high_0307,False,different_or_unresolved_reference_within_blocked_component
3371,onion_all_high_0307,False,different_or_unresolved_reference_within_blocked_component
3381,onion_all_high_0307,True,selected_common_reference_view
3534,onion_all_high_0307,True,selected_common_reference_view
3570,onion_all_high_0307,False,different_or_unresolved_reference_within_blocked_component
3598,onion_all_high_0307,True,selected_common_reference_view
3644,onion_all_high_0307,False,different_or_unresolved_reference_within_blocked_component
3695,onion_all_high_0307,False,different_or_unresolved_reference_within_blocked_component
3776,onion_all_high_0307,False,different_or_unresolved_reference_within_blocked_component
3954,onion_all_high_0307,False,different_or_unresolved_reference_within_blocked_component
4015,onion_all_high_0307,True,selected_common_reference_view
4027,onion_all_high_0307,True,selected_common_reference_view
4036,onion_all_high_0307,False,different_or_unresolved_reference_within_blocked_component
4047,onion_all_high_0307,False,different_or_unresolved_reference_within_blocked_component
4060,onion_all_high_0307,False,different_or_unresolved_reference_within_blocked_component
4126,onion_all_high_0307,True,selected_common_reference_view
4151,onion_all_high_0307,False,different_or_unresolved_reference_within_blocked_component
4171,onion_all_high_0307,True,selected_common_reference_view
4177,onion_all_high_0307,True,selected_common_reference_view
4179,onion_all_high_0307,False,different_or_unresolved_reference_within_blocked_component
4323,onion_all_high_0307,True,selected_common_reference_view
4374,onion_all_high_0307,False,different_or_unresolved_reference_within_blocked_component
3349,onion_all_high_0308,True,selected_common_reference_view
3357,onion_all_high_0308,False,different_or_unresolved_reference_within_blocked_component
3372,onion_all_high_0308,True,selected_common_reference_view
3517,onion_all_high_0308,True,selected_common_reference_view
3696,onion_all_high_0308,True,selected_common_reference_view
3753,onion_all_high_0308,False,different_or_unresolved_reference_within_blocked_component
4181,onion_all_high_0308,False,different_or_unresolved_reference_within_blocked_component
4196,onion_all_high_0308,True,selected_common_reference_view
4239,onion_all_high_0308,True,selected_common_reference_view
4295,onion_all_high_0308,False,different_or_unresolved_reference_within_blocked_component
3339,onion_all_high_0309,True,selected_common_reference_view
3383,onion_all_high_0309,True,selected_common_reference_view
3803,onion_all_high_0309,True,selected_common_reference_view
3994,onion_all_high_0309,True,selected_common_reference_view
4082,onion_all_high_0309,True,selected_common_reference_view
4194,onion_all_high_0309,True,selected_common_reference_view
4252,onion_all_high_0309,True,selected_common_reference_view
4418,onion_all_high_0309,True,selected_common_reference_view
3890,onion_all_high_0310,True,selected_common_reference_view
3939,onion_all_high_0310,True,selected_common_reference_view
4122,onion_all_high_0310,True,selected_common_reference_view
4321,onion_all_high_0310,True,selected_common_reference_view
3788,onion_all_high_0311,True,selected_common_reference_view
3821,onion_all_high_0311,True,selected_common_reference_view
4022,onion_all_high_0311,True,selected_common_reference_view
4057,onion_all_high_0311,True,selected_common_reference_view
3380,onion_all_high_0312,True,selected_common_reference_view
3682,onion_all_high_0312,True,selected_common_reference_view
3982,onion_all_high_0312,True,selected_common_reference_view
4245,onion_all_high_0312,True,selected_common_reference_view
3421,onion_all_high_0313,True,selected_common_reference_view
3620,onion_all_high_0313,True,selected_common_reference_view
3726,onion_all_high_0313,True,selected_common_reference_view
3879,onion_all_high_0313,True,selected_common_reference_view
4260,onion_all_high_0313,True,selected_common_reference_view
3449,onion_all_high_0314,True,selected_common_reference_view
3652,onion_all_high_0314,True,selected_common_reference_view
3748,onion_all_high_0314,True,selected_common_reference_view
4389,onion_all_high_0314,True,selected_common_reference_view
3518,onion_all_high_0315,False,different_or_unresolved_reference_within_blocked_component
3662,onion_all_high_0315,False,different_or_unresolved_reference_within_blocked_component
3720,onion_all_high_0315,True,selected_common_reference_view
3809,onion_all_high_0315,False,different_or_unresolved_reference_within_blocked_component
3905,onion_all_high_0315,True,selected_common_reference_view
3917,onion_all_high_0315,True,selected_common_reference_view
4077,onion_all_high_0315,False,different_or_unresolved_reference_within_blocked_component
4402,onion_all_high_0315,True,selected_common_reference_view
3572,onion_all_high_0316,True,selected_common_reference_view
3660,onion_all_high_0316,True,selected_common_reference_view
3702,onion_all_high_0316,True,selected_common_reference_view
3929,onion_all_high_0316,True,selected_common_reference_view
3945,onion_all_high_0316,True,selected_common_reference_view
3375,onion_all_high_0317,True,selected_common_reference_view
3525,onion_all_high_0317,True,selected_common_reference_view
3947,onion_all_high_0317,True,selected_common_reference_view
4076,onion_all_high_0317,True,selected_common_reference_view
4158,onion_all_high_0317,True,selected_common_reference_view
3283,onion_all_high_0318,False,different_or_unresolved_reference_within_blocked_component
3697,onion_all_high_0318,False,different_or_unresolved_reference_within_blocked_component
3722,onion_all_high_0318,True,selected_common_reference_view
3831,onion_all_high_0318,False,different_or_unresolved_reference_within_blocked_component
3880,onion_all_high_0318,True,selected_common_reference_view
3911,onion_all_high_0318,False,different_or_unresolved_reference_within_blocked_component
3962,onion_all_high_0318,False,different_or_unresolved_reference_within_blocked_component
4013,onion_all_high_0318,True,selected_common_reference_view
4244,onion_all_high_0318,True,selected_common_reference_view
4412,onion_all_high_0318,True,selected_common_reference_view
3406,onion_all_high_0319,True,selected_common_reference_view
3416,onion_all_high_0319,True,selected_common_reference_view
3850,onion_all_high_0319,True,selected_common_reference_view
3940,onion_all_high_0319,True,selected_common_reference_view
3407,onion_all_high_0320,True,selected_common_reference_view
3633,onion_all_high_0320,True,selected_common_reference_view
4061,onion_all_high_0320,True,selected_common_reference_view
4093,onion_all_high_0320,True,selected_common_reference_view
4153,onion_all_high_0320,True,selected_common_reference_view
3385,onion_all_high_0321,True,selected_common_reference_view
3398,onion_all_high_0321,True,selected_common_reference_view
3772,onion_all_high_0321,True,selected_common_reference_view
4051,onion_all_high_0321,True,selected_common_reference_view
4437,onion_all_high_0321,True,selected_common_reference_view
3655,onion_all_high_0322,True,selected_common_reference_view
3845,onion_all_high_0322,True,selected_common_reference_view
4377,onion_all_high_0322,True,selected_common_reference_view
4426,onion_all_high_0322,True,selected_common_reference_view
3673,onion_all_high_0323,True,selected_common_reference_view
4259,onion_all_high_0323,True,selected_common_reference_view
4275,onion_all_high_0323,True,selected_common_reference_view
4440,onion_all_high_0323,True,selected_common_reference_view
3505,onion_all_high_0324,True,selected_common_reference_view
3623,onion_all_high_0324,True,selected_common_reference_view
4216,onion_all_high_0324,True,selected_common_reference_view
4494,onion_all_high_0324,True,selected_common_reference_view
3431,onion_all_high_0325,True,selected_common_reference_view
3541,onion_all_high_0325,True,selected_common_reference_view
4139,onion_all_high_0325,True,selected_common_reference_view
4401,onion_all_high_0325,True,selected_common_reference_view
3263,onion_all_high_0326,True,selected_common_reference_view
4043,onion_all_high_0326,True,selected_common_reference_view
4213,onion_all_high_0326,True,selected_common_reference_view
4329,onion_all_high_0326,True,selected_common_reference_view
4330,onion_all_high_0326,True,selected_common_reference_view
3284,onion_all_high_0327,True,selected_common_reference_view
3600,onion_all_high_0327,True,selected_common_reference_view
4182,onion_all_high_0327,True,selected_common_reference_view
4332,onion_all_high_0327,True,selected_common_reference_view
3353,onion_all_high_0328,True,selected_common_reference_view
3678,onion_all_high_0328,True,selected_common_reference_view
4068,onion_all_high_0328,True,selected_common_reference_view
4318,onion_all_high_0328,True,selected_common_reference_view
3317,onion_all_high_0329,False,different_or_unresolved_reference_within_blocked_component
3401,onion_all_high_0329,True,selected_common_reference_view
3442,onion_all_high_0329,True,selected_common_reference_view
3524,onion_all_high_0329,False,different_or_unresolved_reference_within_blocked_component
3635,onion_all_high_0329,False,different_or_unresolved_reference_within_blocked_component
3824,onion_all_high_0329,True,selected_common_reference_view
4025,onion_all_high_0329,True,selected_common_reference_view
4096,onion_all_high_0329,False,different_or_unresolved_reference_within_blocked_component
4283,onion_all_high_0329,True,selected_common_reference_view
3244,onion_all_high_0330,False,different_or_unresolved_reference_within_blocked_component
3253,onion_all_high_0330,False,different_or_unresolved_reference_within_blocked_component
3256,onion_all_high_0330,False,different_or_unresolved_reference_within_blocked_component
3341,onion_all_high_0330,True,selected_common_reference_view
3351,onion_all_high_0330,False,different_or_unresolved_reference_within_blocked_component
3363,onion_all_high_0330,False,different_or_unresolved_reference_within_blocked_component
3393,onion_all_high_0330,False,different_or_unresolved_reference_within_blocked_component
3396,onion_all_high_0330,False,different_or_unresolved_reference_within_blocked_component
3405,onion_all_high_0330,False,different_or_unresolved_reference_within_blocked_component
3417,onion_all_high_0330,True,selected_common_reference_view
3458,onion_all_high_0330,False,different_or_unresolved_reference_within_blocked_component
3464,onion_all_high_0330,False,different_or_unresolved_reference_within_blocked_component
3472,onion_all_high_0330,False,different_or_unresolved_reference_within_blocked_component
3496,onion_all_high_0330,False,different_or_unresolved_reference_within_blocked_component
3512,onion_all_high_0330,False,different_or_unresolved_reference_within_blocked_component
3533,onion_all_high_0330,True,selected_common_reference_view
3552,onion_all_high_0330,False,different_or_unresolved_reference_within_blocked_component
3553,onion_all_high_0330,False,different_or_unresolved_reference_within_blocked_component
3576,onion_all_high_0330,False,different_or_unresolved_reference_within_blocked_component
3593,onion_all_high_0330,False,different_or_unresolved_reference_within_blocked_component
3597,onion_all_high_0330,False,different_or_unresolved_reference_within_blocked_component
3612,onion_all_high_0330,True,selected_common_reference_view
3640,onion_all_high_0330,True,selected_common_reference_view
3642,onion_all_high_0330,True,selected_common_reference_view
3657,onion_all_high_0330,False,different_or_unresolved_reference_within_blocked_component
3659,onion_all_high_0330,True,selected_common_reference_view
3664,onion_all_high_0330,False,different_or_unresolved_reference_within_blocked_component
3760,onion_all_high_0330,False,different_or_unresolved_reference_within_blocked_component
3769,onion_all_high_0330,False,different_or_unresolved_reference_within_blocked_component
3841,onion_all_high_0330,False,different_or_unresolved_reference_within_blocked_component
3846,onion_all_high_0330,False,different_or_unresolved_reference_within_blocked_component
3928,onion_all_high_0330,False,different_or_unresolved_reference_within_blocked_component
3934,onion_all_high_0330,False,different_or_unresolved_reference_within_blocked_component
3950,onion_all_high_0330,False,different_or_unresolved_reference_within_blocked_component
3963,onion_all_high_0330,False,different_or_unresolved_reference_within_blocked_component
4028,onion_all_high_0330,False,different_or_unresolved_reference_within_blocked_component
4054,onion_all_high_0330,False,different_or_unresolved_reference_within_blocked_component
4056,onion_all_high_0330,True,selected_common_reference_view
4123,onion_all_high_0330,False,different_or_unresolved_reference_within_blocked_component
4130,onion_all_high_0330,False,different_or_unresolved_reference_within_blocked_component
4163,onion_all_high_0330,False,different_or_unresolved_reference_within_blocked_component
4165,onion_all_high_0330,False,different_or_unresolved_reference_within_blocked_component
4221,onion_all_high_0330,False,different_or_unresolved_reference_within_blocked_component
4238,onion_all_high_0330,False,different_or_unresolved_reference_within_blocked_component
4250,onion_all_high_0330,False,different_or_unresolved_reference_within_blocked_component
4254,onion_all_high_0330,True,selected_common_reference_view
4256,onion_all_high_0330,False,different_or_unresolved_reference_within_blocked_component
4277,onion_all_high_0330,False,different_or_unresolved_reference_within_blocked_component
4289,onion_all_high_0330,True,selected_common_reference_view
4305,onion_all_high_0330,True,selected_common_reference_view
4341,onion_all_high_0330,False,different_or_unresolved_reference_within_blocked_component
4398,onion_all_high_0330,False,different_or_unresolved_reference_within_blocked_component
4400,onion_all_high_0330,False,different_or_unresolved_reference_within_blocked_component
4410,onion_all_high_0330,False,different_or_unresolved_reference_within_blocked_component
4431,onion_all_high_0330,False,different_or_unresolved_reference_within_blocked_component
4434,onion_all_high_0330,False,different_or_unresolved_reference_within_blocked_component
4442,onion_all_high_0330,True,selected_common_reference_view
4449,onion_all_high_0330,False,different_or_unresolved_reference_within_blocked_component
4452,onion_all_high_0330,True,selected_common_reference_view
4463,onion_all_high_0330,False,different_or_unresolved_reference_within_blocked_component
4472,onion_all_high_0330,False,different_or_unresolved_reference_within_blocked_component
4486,onion_all_high_0330,False,different_or_unresolved_reference_within_blocked_component
3455,onion_all_high_0331,True,selected_common_reference_view
3627,onion_all_high_0331,True,selected_common_reference_view
3712,onion_all_high_0331,True,selected_common_reference_view
4106,onion_all_high_0331,True,selected_common_reference_view
4303,onion_all_high_0331,True,selected_common_reference_view
3739,onion_all_high_0332,True,selected_common_reference_view
4099,onion_all_high_0332,True,selected_common_reference_view
4227,onion_all_high_0332,True,selected_common_reference_view
4315,onion_all_high_0332,True,selected_common_reference_view
3645,onion_all_high_0333,True,selected_common_reference_view
3863,onion_all_high_0333,True,selected_common_reference_view
3892,onion_all_high_0333,True,selected_common_reference_view
4142,onion_all_high_0333,True,selected_common_reference_view
4257,onion_all_high_0333,True,selected_common_reference_view
3342,onion_all_high_0334,False,different_or_unresolved_reference_within_blocked_component
3532,onion_all_high_0334,True,selected_common_reference_view
3608,onion_all_high_0334,True,selected_common_reference_view
4014,onion_all_high_0334,True,selected_common_reference_view
4219,onion_all_high_0334,False,different_or_unresolved_reference_within_blocked_component
4267,onion_all_high_0334,False,different_or_unresolved_reference_within_blocked_component
4299,onion_all_high_0334,True,selected_common_reference_view
4475,onion_all_high_0334,False,different_or_unresolved_reference_within_blocked_component
4487,onion_all_high_0334,True,selected_common_reference_view
3303,onion_all_high_0335,True,selected_common_reference_view
3605,onion_all_high_0335,True,selected_common_reference_view
4365,onion_all_high_0335,True,selected_common_reference_view
4381,onion_all_high_0335,True,selected_common_reference_view
3520,onion_all_high_0336,True,selected_common_reference_view
3540,onion_all_high_0336,True,selected_common_reference_view
3995,onion_all_high_0336,True,selected_common_reference_view
4095,onion_all_high_0336,True,selected_common_reference_view
4363,onion_all_high_0336,True,selected_common_reference_view
3288,onion_all_high_0337,True,selected_common_reference_view
3302,onion_all_high_0337,True,selected_common_reference_view
3542,onion_all_high_0337,True,selected_common_reference_view
3949,onion_all_high_0337,True,selected_common_reference_view
3293,onion_all_high_0338,True,selected_common_reference_view
3516,onion_all_high_0338,False,different_or_unresolved_reference_within_blocked_component
3613,onion_all_high_0338,True,selected_common_reference_view
3731,onion_all_high_0338,True,selected_common_reference_view
3752,onion_all_high_0338,True,selected_common_reference_view
3996,onion_all_high_0338,True,selected_common_reference_view
4017,onion_all_high_0338,False,different_or_unresolved_reference_within_blocked_component
4026,onion_all_high_0338,True,selected_common_reference_view
4073,onion_all_high_0338,True,selected_common_reference_view
3535,onion_all_high_0339,True,selected_common_reference_view
3896,onion_all_high_0339,True,selected_common_reference_view
4349,onion_all_high_0339,True,selected_common_reference_view
4422,onion_all_high_0339,True,selected_common_reference_view
3506,onion_all_high_0340,True,selected_common_reference_view
3602,onion_all_high_0340,True,selected_common_reference_view
3687,onion_all_high_0340,True,selected_common_reference_view
4187,onion_all_high_0340,True,selected_common_reference_view
3231,onion_all_high_0341,True,selected_common_reference_view
3730,onion_all_high_0341,True,selected_common_reference_view
4312,onion_all_high_0341,True,selected_common_reference_view
4334,onion_all_high_0341,True,selected_common_reference_view
3335,onion_all_high_0342,True,selected_common_reference_view
3378,onion_all_high_0342,True,selected_common_reference_view
3521,onion_all_high_0342,True,selected_common_reference_view
4062,onion_all_high_0342,True,selected_common_reference_view
4464,onion_all_high_0342,True,selected_common_reference_view
3232,onion_all_high_0343,True,selected_common_reference_view
3560,onion_all_high_0343,True,selected_common_reference_view
3564,onion_all_high_0343,True,selected_common_reference_view
3719,onion_all_high_0343,True,selected_common_reference_view
4242,onion_all_high_0343,True,selected_common_reference_view
3434,onion_all_high_0344,False,different_or_unresolved_reference_within_blocked_component
3676,onion_all_high_0344,True,selected_common_reference_view
3677,onion_all_high_0344,True,selected_common_reference_view
3747,onion_all_high_0344,True,selected_common_reference_view
3783,onion_all_high_0344,True,selected_common_reference_view
3784,onion_all_high_0344,True,selected_common_reference_view
3961,onion_all_high_0344,True,selected_common_reference_view
4019,onion_all_high_0344,False,different_or_unresolved_reference_within_blocked_component
4109,onion_all_high_0344,False,different_or_unresolved_reference_within_blocked_component
4150,onion_all_high_0344,False,different_or_unresolved_reference_within_blocked_component
4195,onion_all_high_0344,True,selected_common_reference_view
4308,onion_all_high_0344,False,different_or_unresolved_reference_within_blocked_component
4351,onion_all_high_0344,False,different_or_unresolved_reference_within_blocked_component
4419,onion_all_high_0344,False,different_or_unresolved_reference_within_blocked_component
4448,onion_all_high_0344,False,different_or_unresolved_reference_within_blocked_component
3426,onion_all_high_0345,True,selected_common_reference_view
3741,onion_all_high_0345,True,selected_common_reference_view
4081,onion_all_high_0345,True,selected_common_reference_view
4372,onion_all_high_0345,True,selected_common_reference_view
4496,onion_all_high_0345,True,selected_common_reference_view
3278,onion_all_high_0346,True,selected_common_reference_view
3370,onion_all_high_0346,True,selected_common_reference_view
3966,onion_all_high_0346,True,selected_common_reference_view
4055,onion_all_high_0346,True,selected_common_reference_view
4236,onion_all_high_0346,True,selected_common_reference_view
3291,onion_all_high_0347,True,selected_common_reference_view
3607,onion_all_high_0347,True,selected_common_reference_view
4203,onion_all_high_0347,True,selected_common_reference_view
4322,onion_all_high_0347,True,selected_common_reference_view
3851,onion_all_high_0348,True,selected_common_reference_view
3956,onion_all_high_0348,True,selected_common_reference_view
4368,onion_all_high_0348,True,selected_common_reference_view
4469,onion_all_high_0348,True,selected_common_reference_view
3319,onion_all_high_0349,True,selected_common_reference_view
3403,onion_all_high_0349,True,selected_common_reference_view
3568,onion_all_high_0349,True,selected_common_reference_view
3592,onion_all_high_0349,True,selected_common_reference_view
4499,onion_all_high_0349,True,selected_common_reference_view
3320,onion_all_high_0350,True,selected_common_reference_view
3336,onion_all_high_0350,True,selected_common_reference_view
3438,onion_all_high_0350,True,selected_common_reference_view
3649,onion_all_high_0350,True,selected_common_reference_view
3715,onion_all_high_0350,True,selected_common_reference_view
3488,onion_all_high_0351,True,selected_common_reference_view
3959,onion_all_high_0351,True,selected_common_reference_view
4071,onion_all_high_0351,True,selected_common_reference_view
4157,onion_all_high_0351,True,selected_common_reference_view
4290,onion_all_high_0351,True,selected_common_reference_view
3259,onion_all_high_0352,True,selected_common_reference_view
3311,onion_all_high_0352,True,selected_common_reference_view
3571,onion_all_high_0352,True,selected_common_reference_view
3658,onion_all_high_0352,True,selected_common_reference_view
3668,onion_all_high_0352,True,selected_common_reference_view
3771,onion_all_high_0352,True,selected_common_reference_view
3793,onion_all_high_0352,True,selected_common_reference_view
3916,onion_all_high_0352,True,selected_common_reference_view
4005,onion_all_high_0352,True,selected_common_reference_view
4128,onion_all_high_0352,True,selected_common_reference_view
4258,onion_all_high_0352,True,selected_common_reference_view
4478,onion_all_high_0352,True,selected_common_reference_view
4481,onion_all_high_0352,True,selected_common_reference_view
3234,onion_all_high_0353,True,selected_common_reference_view
3413,onion_all_high_0353,True,selected_common_reference_view
4090,onion_all_high_0353,True,selected_common_reference_view
4246,onion_all_high_0353,True,selected_common_reference_view
4456,onion_all_high_0353,True,selected_common_reference_view
3275,onion_all_high_0354,True,selected_common_reference_view
3304,onion_all_high_0354,True,selected_common_reference_view
3462,onion_all_high_0354,True,selected_common_reference_view
3922,onion_all_high_0354,True,selected_common_reference_view
3255,onion_all_high_0355,True,selected_common_reference_view
3350,onion_all_high_0355,True,selected_common_reference_view
3486,onion_all_high_0355,True,selected_common_reference_view
3786,onion_all_high_0355,True,selected_common_reference_view
3838,onion_all_high_0355,True,selected_common_reference_view
4046,onion_all_high_0355,True,selected_common_reference_view
4104,onion_all_high_0355,True,selected_common_reference_view
4160,onion_all_high_0355,True,selected_common_reference_view
4309,onion_all_high_0355,True,selected_common_reference_view
3368,onion_all_high_0356,True,selected_common_reference_view
3924,onion_all_high_0356,True,selected_common_reference_view
4173,onion_all_high_0356,True,selected_common_reference_view
4371,onion_all_high_0356,True,selected_common_reference_view
4425,onion_all_high_0356,True,selected_common_reference_view
3249,onion_all_high_0357,True,selected_common_reference_view
3279,onion_all_high_0357,True,selected_common_reference_view
3441,onion_all_high_0357,True,selected_common_reference_view
4285,onion_all_high_0357,True,selected_common_reference_view
4324,onion_all_high_0357,True,selected_common_reference_view
3705,onion_all_high_0358,True,selected_common_reference_view
3806,onion_all_high_0358,True,selected_common_reference_view
4004,onion_all_high_0358,True,selected_common_reference_view
4134,onion_all_high_0358,True,selected_common_reference_view
4460,onion_all_high_0358,True,selected_common_reference_view
3374,onion_all_high_0359,True,selected_common_reference_view
3820,onion_all_high_0359,True,selected_common_reference_view
3871,onion_all_high_0359,False,different_or_unresolved_reference_within_blocked_component
3968,onion_all_high_0359,False,different_or_unresolved_reference_within_blocked_component
4044,onion_all_high_0359,True,selected_common_reference_view
4078,onion_all_high_0359,True,selected_common_reference_view
4243,onion_all_high_0359,False,different_or_unresolved_reference_within_blocked_component
4307,onion_all_high_0359,False,different_or_unresolved_reference_within_blocked_component
4359,onion_all_high_0359,True,selected_common_reference_view
3361,onion_all_high_0360,True,selected_common_reference_view
3479,onion_all_high_0360,True,selected_common_reference_view
3586,onion_all_high_0360,True,selected_common_reference_view
3630,onion_all_high_0360,True,selected_common_reference_view
4369,onion_all_high_0360,True,selected_common_reference_view
3419,onion_all_high_0361,True,selected_common_reference_view
3868,onion_all_high_0361,True,selected_common_reference_view
3881,onion_all_high_0361,True,selected_common_reference_view
4480,onion_all_high_0361,True,selected_common_reference_view
3391,onion_all_high_0362,True,selected_common_reference_view
3810,onion_all_high_0362,True,selected_common_reference_view
4002,onion_all_high_0362,True,selected_common_reference_view
4276,onion_all_high_0362,True,selected_common_reference_view
4385,onion_all_high_0362,True,selected_common_reference_view
4042,onion_all_high_0363,True,selected_common_reference_view
4087,onion_all_high_0363,True,selected_common_reference_view
4304,onion_all_high_0363,True,selected_common_reference_view
4354,onion_all_high_0363,True,selected_common_reference_view
4461,onion_all_high_0363,True,selected_common_reference_view
3415,onion_all_high_0364,True,selected_common_reference_view
3470,onion_all_high_0364,True,selected_common_reference_view
3867,onion_all_high_0364,True,selected_common_reference_view
4360,onion_all_high_0364,True,selected_common_reference_view
3309,onion_all_high_0365,True,selected_common_reference_view
3325,onion_all_high_0365,True,selected_common_reference_view
3590,onion_all_high_0365,True,selected_common_reference_view
3742,onion_all_high_0365,False,different_or_unresolved_reference_within_blocked_component
3807,onion_all_high_0365,True,selected_common_reference_view
3884,onion_all_high_0365,True,selected_common_reference_view
3990,onion_all_high_0365,False,different_or_unresolved_reference_within_blocked_component
4208,onion_all_high_0365,True,selected_common_reference_view
4212,onion_all_high_0365,False,different_or_unresolved_reference_within_blocked_component
3265,onion_all_high_0366,True,selected_common_reference_view
3538,onion_all_high_0366,True,selected_common_reference_view
3764,onion_all_high_0366,True,selected_common_reference_view
3875,onion_all_high_0366,True,selected_common_reference_view
4407,onion_all_high_0366,True,selected_common_reference_view
3477,onion_all_high_0367,True,selected_common_reference_view
3500,onion_all_high_0367,True,selected_common_reference_view
3923,onion_all_high_0367,True,selected_common_reference_view
4085,onion_all_high_0367,True,selected_common_reference_view
4451,onion_all_high_0367,True,selected_common_reference_view
3298,onion_all_high_0368,True,selected_common_reference_view
3451,onion_all_high_0368,True,selected_common_reference_view
3711,onion_all_high_0368,True,selected_common_reference_view
4280,onion_all_high_0368,True,selected_common_reference_view
4479,onion_all_high_0368,True,selected_common_reference_view
3423,onion_all_high_0369,True,selected_common_reference_view
3589,onion_all_high_0369,True,selected_common_reference_view
3686,onion_all_high_0369,True,selected_common_reference_view
4249,onion_all_high_0369,True,selected_common_reference_view
3539,onion_all_high_0370,True,selected_common_reference_view
4094,onion_all_high_0370,True,selected_common_reference_view
4302,onion_all_high_0370,True,selected_common_reference_view
4338,onion_all_high_0370,True,selected_common_reference_view
3285,onion_all_high_0371,True,selected_common_reference_view
3476,onion_all_high_0371,True,selected_common_reference_view
3616,onion_all_high_0371,True,selected_common_reference_view
3796,onion_all_high_0371,True,selected_common_reference_view
3825,onion_all_high_0371,True,selected_common_reference_view
3857,onion_all_high_0371,True,selected_common_reference_view
3893,onion_all_high_0371,True,selected_common_reference_view
3919,onion_all_high_0371,True,selected_common_reference_view
4127,onion_all_high_0371,True,selected_common_reference_view
4209,onion_all_high_0371,True,selected_common_reference_view
4270,onion_all_high_0371,True,selected_common_reference_view
4336,onion_all_high_0371,True,selected_common_reference_view
4376,onion_all_high_0371,True,selected_common_reference_view
3248,onion_all_high_0372,False,different_or_unresolved_reference_within_blocked_component
3581,onion_all_high_0372,True,selected_common_reference_view
3679,onion_all_high_0372,True,selected_common_reference_view
3849,onion_all_high_0372,True,selected_common_reference_view
4086,onion_all_high_0372,True,selected_common_reference_view
3282,onion_all_high_0373,True,selected_common_reference_view
3286,onion_all_high_0373,True,selected_common_reference_view
3296,onion_all_high_0373,True,selected_common_reference_view
3314,onion_all_high_0373,True,selected_common_reference_view
3344,onion_all_high_0373,True,selected_common_reference_view
3495,onion_all_high_0373,True,selected_common_reference_view
3549,onion_all_high_0373,True,selected_common_reference_view
3889,onion_all_high_0373,True,selected_common_reference_view
4154,onion_all_high_0373,True,selected_common_reference_view
4211,onion_all_high_0373,True,selected_common_reference_view
4395,onion_all_high_0373,True,selected_common_reference_view
4446,onion_all_high_0373,True,selected_common_reference_view
3418,onion_all_high_0374,True,selected_common_reference_view
3424,onion_all_high_0374,True,selected_common_reference_view
3606,onion_all_high_0374,True,selected_common_reference_view
3716,onion_all_high_0374,True,selected_common_reference_view
3839,onion_all_high_0374,True,selected_common_reference_view
3860,onion_all_high_0374,True,selected_common_reference_view
3935,onion_all_high_0374,True,selected_common_reference_view
4131,onion_all_high_0374,False,different_or_unresolved_reference_within_blocked_component
4166,onion_all_high_0374,True,selected_common_reference_view
4215,onion_all_high_0374,True,selected_common_reference_view
4361,onion_all_high_0374,True,selected_common_reference_view
4484,onion_all_high_0374,True,selected_common_reference_view
3537,onion_all_high_0375,True,selected_common_reference_view
3554,onion_all_high_0375,True,selected_common_reference_view
3629,onion_all_high_0375,True,selected_common_reference_view
3654,onion_all_high_0375,True,selected_common_reference_view
3812,onion_all_high_0375,True,selected_common_reference_view
3878,onion_all_high_0375,True,selected_common_reference_view
3885,onion_all_high_0375,True,selected_common_reference_view
4000,onion_all_high_0375,False,different_or_unresolved_reference_within_blocked_component
3409,onion_all_high_0376,True,selected_common_reference_view
3611,onion_all_high_0376,True,selected_common_reference_view
3736,onion_all_high_0376,True,selected_common_reference_view
3759,onion_all_high_0376,True,selected_common_reference_view
4001,onion_all_high_0376,True,selected_common_reference_view
4079,onion_all_high_0376,True,selected_common_reference_view
4102,onion_all_high_0376,True,selected_common_reference_view
4386,onion_all_high_0376,True,selected_common_reference_view
4416,onion_all_high_0376,True,selected_common_reference_view
3307,onion_all_high_0377,False,fewer_than_three_spatially_supported_views
3573,onion_all_high_0377,False,fewer_than_three_spatially_supported_views
4144,onion_all_high_0377,False,fewer_than_three_spatially_supported_views
4411,onion_all_high_0377,False,fewer_than_three_spatially_supported_views
3408,onion_all_high_0378,True,selected_common_reference_view
3750,onion_all_high_0378,True,selected_common_reference_view
4162,onion_all_high_0378,True,selected_common_reference_view
4264,onion_all_high_0378,True,selected_common_reference_view
3387,onion_all_high_0379,True,selected_common_reference_view
3584,onion_all_high_0379,True,selected_common_reference_view
3641,onion_all_high_0379,True,selected_common_reference_view
3762,onion_all_high_0379,True,selected_common_reference_view
4012,onion_all_high_0379,True,selected_common_reference_view
4097,onion_all_high_0379,True,selected_common_reference_view
4205,onion_all_high_0379,True,selected_common_reference_view
4355,onion_all_high_0379,True,selected_common_reference_view
4414,onion_all_high_0379,True,selected_common_reference_view
4417,onion_all_high_0379,True,selected_common_reference_view
3328,onion_all_high_0380,True,selected_common_reference_view
3456,onion_all_high_0380,True,selected_common_reference_view
3872,onion_all_high_0380,True,selected_common_reference_view
4266,onion_all_high_0380,True,selected_common_reference_view
3242,onion_all_high_0381,True,selected_common_reference_view
3340,onion_all_high_0381,True,selected_common_reference_view
3348,onion_all_high_0381,True,selected_common_reference_view
3356,onion_all_high_0381,True,selected_common_reference_view
3498,onion_all_high_0381,True,selected_common_reference_view
3744,onion_all_high_0381,True,selected_common_reference_view
3999,onion_all_high_0381,True,selected_common_reference_view
4066,onion_all_high_0381,True,selected_common_reference_view
4364,onion_all_high_0381,True,selected_common_reference_view
3271,onion_all_high_0382,True,selected_common_reference_view
3280,onion_all_high_0382,True,selected_common_reference_view
3324,onion_all_high_0382,True,selected_common_reference_view
3432,onion_all_high_0382,True,selected_common_reference_view
3866,onion_all_high_0382,True,selected_common_reference_view
3558,onion_all_high_0383,True,selected_common_reference_view
3567,onion_all_high_0383,True,selected_common_reference_view
3829,onion_all_high_0383,True,selected_common_reference_view
3932,onion_all_high_0383,True,selected_common_reference_view
4347,onion_all_high_0383,True,selected_common_reference_view
3261,onion_all_high_0384,True,selected_common_reference_view
3337,onion_all_high_0384,False,different_or_unresolved_reference_within_blocked_component
3527,onion_all_high_0384,False,different_or_unresolved_reference_within_blocked_component
3634,onion_all_high_0384,False,different_or_unresolved_reference_within_blocked_component
3684,onion_all_high_0384,True,selected_common_reference_view
3765,onion_all_high_0384,True,selected_common_reference_view
3925,onion_all_high_0384,True,selected_common_reference_view
4214,onion_all_high_0384,True,selected_common_reference_view
4291,onion_all_high_0384,True,selected_common_reference_view
3601,onion_all_high_0385,True,selected_common_reference_view
3749,onion_all_high_0385,True,selected_common_reference_view
3904,onion_all_high_0385,True,selected_common_reference_view
4050,onion_all_high_0385,True,selected_common_reference_view
4253,onion_all_high_0385,True,selected_common_reference_view
3362,onion_all_high_0386,True,selected_common_reference_view
3392,onion_all_high_0386,True,selected_common_reference_view
3709,onion_all_high_0386,True,selected_common_reference_view
3798,onion_all_high_0386,True,selected_common_reference_view
3887,onion_all_high_0386,True,selected_common_reference_view
3843,onion_all_high_0387,True,selected_common_reference_view
3897,onion_all_high_0387,True,selected_common_reference_view
4282,onion_all_high_0387,True,selected_common_reference_view
4415,onion_all_high_0387,True,selected_common_reference_view
3411,onion_all_high_0388,True,selected_common_reference_view
3775,onion_all_high_0388,True,selected_common_reference_view
3882,onion_all_high_0388,True,selected_common_reference_view
3951,onion_all_high_0388,True,selected_common_reference_view
4016,onion_all_high_0388,True,selected_common_reference_view
3236,onion_all_high_0389,True,selected_common_reference_view
3243,onion_all_high_0389,True,selected_common_reference_view
3617,onion_all_high_0389,True,selected_common_reference_view
4489,onion_all_high_0389,True,selected_common_reference_view
3360,onion_all_high_0390,True,selected_common_reference_view
3493,onion_all_high_0390,True,selected_common_reference_view
3528,onion_all_high_0390,True,selected_common_reference_view
3692,onion_all_high_0390,True,selected_common_reference_view
3898,onion_all_high_0390,True,selected_common_reference_view
3404,onion_all_high_0391,True,selected_common_reference_view
4155,onion_all_high_0391,True,selected_common_reference_view
4370,onion_all_high_0391,True,selected_common_reference_view
4455,onion_all_high_0391,True,selected_common_reference_view
3746,onion_all_high_0392,True,selected_common_reference_view
3909,onion_all_high_0392,True,selected_common_reference_view
4156,onion_all_high_0392,True,selected_common_reference_view
4223,onion_all_high_0392,True,selected_common_reference_view
3334,onion_all_high_0393,True,selected_common_reference_view
3614,onion_all_high_0393,True,selected_common_reference_view
4199,onion_all_high_0393,True,selected_common_reference_view
4428,onion_all_high_0393,True,selected_common_reference_view
3485,onion_all_high_0394,True,selected_common_reference_view
4149,onion_all_high_0394,True,selected_common_reference_view
4226,onion_all_high_0394,True,selected_common_reference_view
4352,onion_all_high_0394,True,selected_common_reference_view
3473,onion_all_high_0395,True,selected_common_reference_view
4146,onion_all_high_0395,True,selected_common_reference_view
4443,onion_all_high_0395,True,selected_common_reference_view
4498,onion_all_high_0395,True,selected_common_reference_view
3369,onion_all_high_0396,True,selected_common_reference_view
3756,onion_all_high_0396,True,selected_common_reference_view
4137,onion_all_high_0396,True,selected_common_reference_view
4466,onion_all_high_0396,True,selected_common_reference_view
4306,onion_all_high_0397,True,selected_common_reference_view
4343,onion_all_high_0397,True,selected_common_reference_view
4413,onion_all_high_0397,True,selected_common_reference_view
4492,onion_all_high_0397,True,selected_common_reference_view
3268,onion_all_high_0398,True,selected_common_reference_view
3338,onion_all_high_0398,False,different_or_unresolved_reference_within_blocked_component
3482,onion_all_high_0398,True,selected_common_reference_view
3492,onion_all_high_0398,True,selected_common_reference_view
3499,onion_all_high_0398,False,different_or_unresolved_reference_within_blocked_component
3501,onion_all_high_0398,False,different_or_unresolved_reference_within_blocked_component
3503,onion_all_high_0398,True,selected_common_reference_view
3562,onion_all_high_0398,False,different_or_unresolved_reference_within_blocked_component
3578,onion_all_high_0398,False,different_or_unresolved_reference_within_blocked_component
3680,onion_all_high_0398,False,different_or_unresolved_reference_within_blocked_component
3835,onion_all_high_0398,False,different_or_unresolved_reference_within_blocked_component
3888,onion_all_high_0398,False,different_or_unresolved_reference_within_blocked_component
3901,onion_all_high_0398,False,different_or_unresolved_reference_within_blocked_component
3933,onion_all_high_0398,False,different_or_unresolved_reference_within_blocked_component
3971,onion_all_high_0398,True,selected_common_reference_view
4020,onion_all_high_0398,False,different_or_unresolved_reference_within_blocked_component
4138,onion_all_high_0398,True,selected_common_reference_view
4161,onion_all_high_0398,False,different_or_unresolved_reference_within_blocked_component
4293,onion_all_high_0398,True,selected_common_reference_view
4444,onion_all_high_0398,False,different_or_unresolved_reference_within_blocked_component
3292,onion_all_high_0399,True,selected_common_reference_view
3770,onion_all_high_0399,True,selected_common_reference_view
4310,onion_all_high_0399,True,selected_common_reference_view
4409,onion_all_high_0399,True,selected_common_reference_view
4474,onion_all_high_0399,True,selected_common_reference_view
3557,onion_all_high_0400,True,selected_common_reference_view
3690,onion_all_high_0400,True,selected_common_reference_view
3795,onion_all_high_0400,True,selected_common_reference_view
3900,onion_all_high_0400,True,selected_common_reference_view
3429,onion_all_high_0401,True,selected_common_reference_view
3619,onion_all_high_0401,True,selected_common_reference_view
3768,onion_all_high_0401,True,selected_common_reference_view
3834,onion_all_high_0401,True,selected_common_reference_view
3230,onion_all_high_0402,True,selected_common_reference_view
3245,onion_all_high_0402,True,selected_common_reference_view
3270,onion_all_high_0402,True,selected_common_reference_view
3859,onion_all_high_0402,True,selected_common_reference_view
4473,onion_all_high_0402,True,selected_common_reference_view
3448,onion_all_high_0403,True,selected_common_reference_view
3531,onion_all_high_0403,True,selected_common_reference_view
4059,onion_all_high_0403,True,selected_common_reference_view
4098,onion_all_high_0403,True,selected_common_reference_view
4117,onion_all_high_0403,True,selected_common_reference_view
3267,onion_all_high_0404,True,selected_common_reference_view
3529,onion_all_high_0404,True,selected_common_reference_view
3874,onion_all_high_0404,True,selected_common_reference_view
4220,onion_all_high_0404,True,selected_common_reference_view
4273,onion_all_high_0404,True,selected_common_reference_view
3247,onion_all_high_0405,True,selected_common_reference_view
3912,onion_all_high_0405,True,selected_common_reference_view
3973,onion_all_high_0405,True,selected_common_reference_view
4070,onion_all_high_0405,True,selected_common_reference_view
4145,onion_all_high_0405,True,selected_common_reference_view
3235,onion_all_high_0406,True,selected_common_reference_view
3745,onion_all_high_0406,True,selected_common_reference_view
3883,onion_all_high_0406,True,selected_common_reference_view
4240,onion_all_high_0406,True,selected_common_reference_view
3323,onion_all_high_0407,True,selected_common_reference_view
3743,onion_all_high_0407,True,selected_common_reference_view
3767,onion_all_high_0407,True,selected_common_reference_view
3927,onion_all_high_0407,True,selected_common_reference_view
4366,onion_all_high_0407,True,selected_common_reference_view
3358,onion_all_high_0408,True,selected_common_reference_view
3436,onion_all_high_0408,True,selected_common_reference_view
3643,onion_all_high_0408,True,selected_common_reference_view
3903,onion_all_high_0408,True,selected_common_reference_view
4430,onion_all_high_0408,True,selected_common_reference_view
3233,onion_all_high_0409,True,selected_common_reference_view
3460,onion_all_high_0409,True,selected_common_reference_view
3626,onion_all_high_0409,True,selected_common_reference_view
3852,onion_all_high_0409,True,selected_common_reference_view
3984,onion_all_high_0409,True,selected_common_reference_view
3240,onion_all_high_0410,True,selected_common_reference_view
3290,onion_all_high_0410,True,selected_common_reference_view
3367,onion_all_high_0410,False,different_or_unresolved_reference_within_blocked_component
3594,onion_all_high_0410,False,different_or_unresolved_reference_within_blocked_component
3773,onion_all_high_0410,False,different_or_unresolved_reference_within_blocked_component
3792,onion_all_high_0410,True,selected_common_reference_view
3862,onion_all_high_0410,True,selected_common_reference_view
4045,onion_all_high_0410,False,different_or_unresolved_reference_within_blocked_component
4286,onion_all_high_0410,True,selected_common_reference_view
4423,onion_all_high_0410,True,selected_common_reference_view
3523,onion_all_high_0411,True,selected_common_reference_view
3781,onion_all_high_0411,True,selected_common_reference_view
3992,onion_all_high_0411,True,selected_common_reference_view
4065,onion_all_high_0411,True,selected_common_reference_view
4083,onion_all_high_0411,True,selected_common_reference_view
3469,onion_all_high_0412,True,selected_common_reference_view
3491,onion_all_high_0412,True,selected_common_reference_view
3588,onion_all_high_0412,True,selected_common_reference_view
3708,onion_all_high_0412,True,selected_common_reference_view
4032,onion_all_high_0412,True,selected_common_reference_view
3603,onion_all_high_0413,True,selected_common_reference_view
4218,onion_all_high_0413,True,selected_common_reference_view
4380,onion_all_high_0413,True,selected_common_reference_view
4450,onion_all_high_0413,True,selected_common_reference_view
3636,onion_all_high_0414,True,selected_common_reference_view
3694,onion_all_high_0414,True,selected_common_reference_view
3970,onion_all_high_0414,True,selected_common_reference_view
3993,onion_all_high_0414,True,selected_common_reference_view
4500,onion_all_high_0414,True,selected_common_reference_view
4116,onion_all_high_0415,True,selected_common_reference_view
4159,onion_all_high_0415,True,selected_common_reference_view
4183,onion_all_high_0415,True,selected_common_reference_view
4269,onion_all_high_0415,True,selected_common_reference_view
3260,onion_all_high_0416,True,selected_common_reference_view
3273,onion_all_high_0416,True,selected_common_reference_view
3468,onion_all_high_0416,True,selected_common_reference_view
3559,onion_all_high_0416,True,selected_common_reference_view
3777,onion_all_high_0416,True,selected_common_reference_view
3566,onion_all_high_0417,True,selected_common_reference_view
3604,onion_all_high_0417,True,selected_common_reference_view
3710,onion_all_high_0417,True,selected_common_reference_view
3733,onion_all_high_0417,True,selected_common_reference_view
3766,onion_all_high_0417,True,selected_common_reference_view
3544,onion_all_high_0418,True,selected_common_reference_view
3609,onion_all_high_0418,True,selected_common_reference_view
4200,onion_all_high_0418,True,selected_common_reference_view
4201,onion_all_high_0418,True,selected_common_reference_view
3574,onion_all_high_0419,True,selected_common_reference_view
3847,onion_all_high_0419,True,selected_common_reference_view
3986,onion_all_high_0419,True,selected_common_reference_view
4191,onion_all_high_0419,True,selected_common_reference_view
3440,onion_all_high_0420,True,selected_common_reference_view
3631,onion_all_high_0420,True,selected_common_reference_view
3688,onion_all_high_0420,True,selected_common_reference_view
4021,onion_all_high_0420,True,selected_common_reference_view
3703,onion_all_high_0421,True,selected_common_reference_view
4274,onion_all_high_0421,True,selected_common_reference_view
4288,onion_all_high_0421,True,selected_common_reference_view
4296,onion_all_high_0421,True,selected_common_reference_view
4388,onion_all_high_0421,True,selected_common_reference_view
3430,onion_all_high_0422,True,selected_common_reference_view
3944,onion_all_high_0422,True,selected_common_reference_view
4018,onion_all_high_0422,True,selected_common_reference_view
4074,onion_all_high_0422,True,selected_common_reference_view
4192,onion_all_high_0422,True,selected_common_reference_view
3732,onion_all_high_0423,True,selected_common_reference_view
3946,onion_all_high_0423,True,selected_common_reference_view
4421,onion_all_high_0423,True,selected_common_reference_view
4459,onion_all_high_0423,True,selected_common_reference_view
4493,onion_all_high_0423,True,selected_common_reference_view
3459,onion_all_high_0424,True,selected_common_reference_view
3671,onion_all_high_0424,True,selected_common_reference_view
3718,onion_all_high_0424,True,selected_common_reference_view
3830,onion_all_high_0424,True,selected_common_reference_view
4458,onion_all_high_0424,True,selected_common_reference_view
3294,onion_all_high_0425,True,selected_common_reference_view
3345,onion_all_high_0425,True,selected_common_reference_view
3701,onion_all_high_0425,True,selected_common_reference_view
3713,onion_all_high_0425,True,selected_common_reference_view
4294,onion_all_high_0425,True,selected_common_reference_view
3343,onion_all_high_0426,True,selected_common_reference_view
3355,onion_all_high_0426,True,selected_common_reference_view
3511,onion_all_high_0426,True,selected_common_reference_view
3561,onion_all_high_0426,True,selected_common_reference_view
3481,onion_all_high_0427,True,selected_common_reference_view
3510,onion_all_high_0427,True,selected_common_reference_view
3832,onion_all_high_0427,True,selected_common_reference_view
4119,onion_all_high_0427,True,selected_common_reference_view
3487,onion_all_high_0428,True,selected_common_reference_view
3818,onion_all_high_0428,True,selected_common_reference_view
4035,onion_all_high_0428,True,selected_common_reference_view
4482,onion_all_high_0428,True,selected_common_reference_view
3433,onion_all_high_0429,True,selected_common_reference_view
3443,onion_all_high_0429,True,selected_common_reference_view
3453,onion_all_high_0429,True,selected_common_reference_view
3698,onion_all_high_0429,True,selected_common_reference_view
4436,onion_all_high_0429,True,selected_common_reference_view
3258,onion_all_high_0430,True,selected_common_reference_view
3299,onion_all_high_0430,True,selected_common_reference_view
3615,onion_all_high_0430,True,selected_common_reference_view
3637,onion_all_high_0430,True,selected_common_reference_view
3704,onion_all_high_0430,True,selected_common_reference_view
3670,onion_all_high_0431,True,selected_common_reference_view
4003,onion_all_high_0431,True,selected_common_reference_view
4241,onion_all_high_0431,True,selected_common_reference_view
4373,onion_all_high_0431,True,selected_common_reference_view
4435,onion_all_high_0431,True,selected_common_reference_view
3400,onion_all_high_0432,True,selected_common_reference_view
4105,onion_all_high_0432,True,selected_common_reference_view
4279,onion_all_high_0432,True,selected_common_reference_view
4326,onion_all_high_0432,True,selected_common_reference_view
4390,onion_all_high_0432,True,selected_common_reference_view
3354,onion_all_high_0433,True,selected_common_reference_view
3948,onion_all_high_0433,True,selected_common_reference_view
4170,onion_all_high_0433,True,selected_common_reference_view
4429,onion_all_high_0433,True,selected_common_reference_view
3327,onion_all_high_0434,True,selected_common_reference_view
3936,onion_all_high_0434,True,selected_common_reference_view
4108,onion_all_high_0434,True,selected_common_reference_view
4268,onion_all_high_0434,True,selected_common_reference_view
4393,onion_all_high_0434,True,selected_common_reference_view
3395,onion_all_high_0435,True,selected_common_reference_view
3422,onion_all_high_0435,True,selected_common_reference_view
3782,onion_all_high_0435,True,selected_common_reference_view
3800,onion_all_high_0435,True,selected_common_reference_view
3931,onion_all_high_0435,True,selected_common_reference_view
3394,onion_all_high_0436,True,selected_common_reference_view
3717,onion_all_high_0436,True,selected_common_reference_view
3837,onion_all_high_0436,True,selected_common_reference_view
3987,onion_all_high_0436,True,selected_common_reference_view
4222,onion_all_high_0436,True,selected_common_reference_view
3329,onion_all_high_0437,True,selected_common_reference_view
3439,onion_all_high_0437,True,selected_common_reference_view
3452,onion_all_high_0437,True,selected_common_reference_view
4447,onion_all_high_0437,True,selected_common_reference_view
4485,onion_all_high_0437,True,selected_common_reference_view
3494,onion_all_high_0438,True,selected_common_reference_view
3844,onion_all_high_0438,True,selected_common_reference_view
4080,onion_all_high_0438,True,selected_common_reference_view
4408,onion_all_high_0438,True,selected_common_reference_view
3811,onion_all_high_0439,True,selected_common_reference_view
3943,onion_all_high_0439,True,selected_common_reference_view
4284,onion_all_high_0439,True,selected_common_reference_view
4384,onion_all_high_0439,True,selected_common_reference_view
3332,onion_all_high_0440,True,selected_common_reference_view
3389,onion_all_high_0440,True,selected_common_reference_view
3402,onion_all_high_0440,True,selected_common_reference_view
4169,onion_all_high_0440,True,selected_common_reference_view
3515,onion_all_high_0441,True,selected_common_reference_view
3638,onion_all_high_0441,True,selected_common_reference_view
4053,onion_all_high_0441,True,selected_common_reference_view
4319,onion_all_high_0441,True,selected_common_reference_view
3262,onion_all_high_0442,True,selected_common_reference_view
3665,onion_all_high_0442,True,selected_common_reference_view
3802,onion_all_high_0442,True,selected_common_reference_view
4063,onion_all_high_0442,True,selected_common_reference_view
3264,onion_all_high_0443,True,selected_common_reference_view
3621,onion_all_high_0443,True,selected_common_reference_view
3906,onion_all_high_0443,True,selected_common_reference_view
3983,onion_all_high_0443,True,selected_common_reference_view
4397,onion_all_high_0443,True,selected_common_reference_view
3471,onion_all_high_0444,True,selected_common_reference_view
3780,onion_all_high_0444,True,selected_common_reference_view
4124,onion_all_high_0444,True,selected_common_reference_view
4387,onion_all_high_0444,True,selected_common_reference_view
3450,onion_all_high_0445,True,selected_common_reference_view
3632,onion_all_high_0445,True,selected_common_reference_view
3656,onion_all_high_0445,True,selected_common_reference_view
3734,onion_all_high_0445,True,selected_common_reference_view
3489,onion_all_high_0446,True,selected_common_reference_view
3551,onion_all_high_0446,True,selected_common_reference_view
3763,onion_all_high_0446,True,selected_common_reference_view
4272,onion_all_high_0446,True,selected_common_reference_view
3250,onion_all_high_0447,True,selected_common_reference_view
3661,onion_all_high_0447,True,selected_common_reference_view
3817,onion_all_high_0447,True,selected_common_reference_view
4132,onion_all_high_0447,True,selected_common_reference_view
3252,onion_all_high_0448,True,selected_common_reference_view
3465,onion_all_high_0448,True,selected_common_reference_view
3596,onion_all_high_0448,True,selected_common_reference_view
3914,onion_all_high_0448,True,selected_common_reference_view
4378,onion_all_high_0448,True,selected_common_reference_view
3308,onion_all_high_0449,True,selected_common_reference_view
3921,onion_all_high_0449,True,selected_common_reference_view
4091,onion_all_high_0449,True,selected_common_reference_view
4396,onion_all_high_0449,True,selected_common_reference_view
3373,onion_all_high_0450,True,selected_common_reference_view
3555,onion_all_high_0450,True,selected_common_reference_view
4084,onion_all_high_0450,True,selected_common_reference_view
4147,onion_all_high_0450,True,selected_common_reference_view
4483,onion_all_high_0450,True,selected_common_reference_view
3281,onion_all_high_0451,True,selected_common_reference_view
3310,onion_all_high_0451,True,selected_common_reference_view
3827,onion_all_high_0451,True,selected_common_reference_view
4034,onion_all_high_0451,True,selected_common_reference_view
4041,onion_all_high_0451,True,selected_common_reference_view
3420,onion_all_high_0452,True,selected_common_reference_view
3625,onion_all_high_0452,True,selected_common_reference_view
3779,onion_all_high_0452,True,selected_common_reference_view
4107,onion_all_high_0452,True,selected_common_reference_view
4140,onion_all_high_0452,True,selected_common_reference_view
3822,onion_all_high_0453,True,selected_common_reference_view
3826,onion_all_high_0453,True,selected_common_reference_view
3967,onion_all_high_0453,True,selected_common_reference_view
4344,onion_all_high_0453,True,selected_common_reference_view
4348,onion_all_high_0453,True,selected_common_reference_view
1381,onion_all_high_0454,False,cross_label_blocking_component
1396,onion_all_high_0454,False,cross_label_blocking_component
1572,onion_all_high_0454,False,cross_label_blocking_component
1585,onion_all_high_0454,False,cross_label_blocking_component
1686,onion_all_high_0454,False,cross_label_blocking_component
1720,onion_all_high_0454,False,cross_label_blocking_component
1741,onion_all_high_0454,False,cross_label_blocking_component
1811,onion_all_high_0454,False,cross_label_blocking_component
1855,onion_all_high_0454,False,cross_label_blocking_component
1921,onion_all_high_0454,False,cross_label_blocking_component
2024,onion_all_high_0454,False,cross_label_blocking_component
2234,onion_all_high_0454,False,cross_label_blocking_component
2462,onion_all_high_0454,False,cross_label_blocking_component
2466,onion_all_high_0454,False,cross_label_blocking_component
3347,onion_all_high_0454,False,cross_label_blocking_component
3484,onion_all_high_0454,False,cross_label_blocking_component
3913,onion_all_high_0454,False,cross_label_blocking_component
4454,onion_all_high_0454,False,cross_label_blocking_component
3246,onion_all_high_0455,True,selected_common_reference_view
3330,onion_all_high_0455,True,selected_common_reference_view
3840,onion_all_high_0455,True,selected_common_reference_view
3902,onion_all_high_0455,True,selected_common_reference_view
4125,onion_all_high_0455,True,selected_common_reference_view
3435,onion_all_high_0456,True,selected_common_reference_view
3591,onion_all_high_0456,True,selected_common_reference_view
3978,onion_all_high_0456,True,selected_common_reference_view
3997,onion_all_high_0456,True,selected_common_reference_view
3842,onion_all_high_0457,True,selected_common_reference_view
3864,onion_all_high_0457,True,selected_common_reference_view
3915,onion_all_high_0457,True,selected_common_reference_view
3981,onion_all_high_0457,True,selected_common_reference_view
4115,onion_all_high_0457,True,selected_common_reference_view
3312,onion_all_high_0458,True,selected_common_reference_view
3326,onion_all_high_0458,True,selected_common_reference_view
3366,onion_all_high_0458,True,selected_common_reference_view
3466,onion_all_high_0458,True,selected_common_reference_view
3669,onion_all_high_0458,True,selected_common_reference_view
3787,onion_all_high_0458,True,selected_common_reference_view
3804,onion_all_high_0458,True,selected_common_reference_view
3979,onion_all_high_0458,True,selected_common_reference_view
4058,onion_all_high_0458,True,selected_common_reference_view
4350,onion_all_high_0458,True,selected_common_reference_view
4335,onion_all_high_0459,True,selected_common_reference_view
4433,onion_all_high_0459,True,selected_common_reference_view
4438,onion_all_high_0459,True,selected_common_reference_view
4477,onion_all_high_0459,True,selected_common_reference_view
3563,onion_all_high_0460,True,selected_common_reference_view
3727,onion_all_high_0460,True,selected_common_reference_view
4174,onion_all_high_0460,True,selected_common_reference_view
4392,onion_all_high_0460,True,selected_common_reference_view
3461,onion_all_high_0461,True,selected_common_reference_view
3808,onion_all_high_0461,True,selected_common_reference_view
3823,onion_all_high_0461,True,selected_common_reference_view
3975,onion_all_high_0461,True,selected_common_reference_view
4039,onion_all_high_0461,True,selected_common_reference_view
3815,onion_all_high_0462,True,selected_common_reference_view
3865,onion_all_high_0462,True,selected_common_reference_view
3952,onion_all_high_0462,True,selected_common_reference_view
4111,onion_all_high_0462,True,selected_common_reference_view
4427,onion_all_high_0462,True,selected_common_reference_view
3565,onion_all_high_0463,True,selected_common_reference_view
3685,onion_all_high_0463,True,selected_common_reference_view
4024,onion_all_high_0463,True,selected_common_reference_view
4164,onion_all_high_0463,True,selected_common_reference_view
4358,onion_all_high_0463,True,selected_common_reference_view
3237,onion_all_high_0464,True,selected_common_reference_view
3899,onion_all_high_0464,True,selected_common_reference_view
4311,onion_all_high_0464,True,selected_common_reference_view
4345,onion_all_high_0464,True,selected_common_reference_view
3239,onion_all_high_0465,True,selected_common_reference_view
3583,onion_all_high_0465,True,selected_common_reference_view
4399,onion_all_high_0465,True,selected_common_reference_view
4470,onion_all_high_0465,True,selected_common_reference_view
3301,onion_all_high_0466,True,selected_common_reference_view
3706,onion_all_high_0466,True,selected_common_reference_view
4100,onion_all_high_0466,True,selected_common_reference_view
4176,onion_all_high_0466,True,selected_common_reference_view
3266,onion_all_high_0467,True,selected_common_reference_view
3365,onion_all_high_0467,False,different_or_unresolved_reference_within_blocked_component
3490,onion_all_high_0467,False,different_or_unresolved_reference_within_blocked_component
3509,onion_all_high_0467,True,selected_common_reference_view
3514,onion_all_high_0467,True,selected_common_reference_view
3526,onion_all_high_0467,True,selected_common_reference_view
3579,onion_all_high_0467,True,selected_common_reference_view
3761,onion_all_high_0467,False,different_or_unresolved_reference_within_blocked_component
3958,onion_all_high_0467,True,selected_common_reference_view
4189,onion_all_high_0467,False,different_or_unresolved_reference_within_blocked_component
4204,onion_all_high_0467,False,different_or_unresolved_reference_within_blocked_component
4467,onion_all_high_0467,True,selected_common_reference_view
4476,onion_all_high_0467,False,different_or_unresolved_reference_within_blocked_component
4501,onion_all_high_0467,False,different_or_unresolved_reference_within_blocked_component
3457,onion_all_high_0468,True,selected_common_reference_view
3876,onion_all_high_0468,True,selected_common_reference_view
4092,onion_all_high_0468,True,selected_common_reference_view
4362,onion_all_high_0468,True,selected_common_reference_view
3346,onion_all_high_0469,True,selected_common_reference_view
3507,onion_all_high_0469,True,selected_common_reference_view
3610,onion_all_high_0469,True,selected_common_reference_view
4112,onion_all_high_0469,True,selected_common_reference_view
3639,onion_all_high_0470,True,selected_common_reference_view
3751,onion_all_high_0470,True,selected_common_reference_view
3907,onion_all_high_0470,True,selected_common_reference_view
4023,onion_all_high_0470,True,selected_common_reference_view
4210,onion_all_high_0470,True,selected_common_reference_view
3699,onion_all_high_0471,True,selected_common_reference_view
3833,onion_all_high_0471,True,selected_common_reference_view
4193,onion_all_high_0471,True,selected_common_reference_view
4327,onion_all_high_0471,True,selected_common_reference_view
3315,onion_all_high_0472,True,selected_common_reference_view
3693,onion_all_high_0472,True,selected_common_reference_view
4006,onion_all_high_0472,True,selected_common_reference_view
4457,onion_all_high_0472,True,selected_common_reference_view
4490,onion_all_high_0472,True,selected_common_reference_view
3390,onion_all_high_0473,True,selected_common_reference_view
3791,onion_all_high_0473,True,selected_common_reference_view
3828,onion_all_high_0473,True,selected_common_reference_view
3976,onion_all_high_0473,True,selected_common_reference_view
4007,onion_all_high_0473,True,selected_common_reference_view
4008,onion_all_high_0473,True,selected_common_reference_view
4040,onion_all_high_0473,True,selected_common_reference_view
4178,onion_all_high_0473,True,selected_common_reference_view
4497,onion_all_high_0473,True,selected_common_reference_view
3580,onion_all_high_0474,True,selected_common_reference_view
3648,onion_all_high_0474,True,selected_common_reference_view
3855,onion_all_high_0474,True,selected_common_reference_view
4287,onion_all_high_0474,True,selected_common_reference_view
4316,onion_all_high_0474,True,selected_common_reference_view
3577,onion_all_high_0475,True,selected_common_reference_view
4009,onion_all_high_0475,True,selected_common_reference_view
4118,onion_all_high_0475,True,selected_common_reference_view
4263,onion_all_high_0475,True,selected_common_reference_view
4441,onion_all_high_0475,True,selected_common_reference_view
3238,onion_all_high_0476,True,selected_common_reference_view
3794,onion_all_high_0476,True,selected_common_reference_view
3988,onion_all_high_0476,True,selected_common_reference_view
4048,onion_all_high_0476,True,selected_common_reference_view
4029,onion_all_high_0477,True,selected_common_reference_view
4339,onion_all_high_0477,True,selected_common_reference_view
4367,onion_all_high_0477,True,selected_common_reference_view
4488,onion_all_high_0477,True,selected_common_reference_view
3412,onion_all_high_0478,True,selected_common_reference_view
3502,onion_all_high_0478,True,selected_common_reference_view
3550,onion_all_high_0478,True,selected_common_reference_view
3647,onion_all_high_0478,True,selected_common_reference_view
3683,onion_all_high_0478,True,selected_common_reference_view
3814,onion_all_high_0478,True,selected_common_reference_view
3854,onion_all_high_0478,True,selected_common_reference_view
4031,onion_all_high_0478,True,selected_common_reference_view
4135,onion_all_high_0478,True,selected_common_reference_view
4301,onion_all_high_0478,True,selected_common_reference_view
3276,onion_all_high_0479,True,selected_common_reference_view
3873,onion_all_high_0479,True,selected_common_reference_view
3974,onion_all_high_0479,True,selected_common_reference_view
4136,onion_all_high_0479,True,selected_common_reference_view
3386,onion_all_high_0480,True,selected_common_reference_view
3575,onion_all_high_0480,True,selected_common_reference_view
3628,onion_all_high_0480,True,selected_common_reference_view
3672,onion_all_high_0480,True,selected_common_reference_view
4206,onion_all_high_0480,True,selected_common_reference_view
3306,onion_all_high_0481,True,selected_common_reference_view
3689,onion_all_high_0481,True,selected_common_reference_view
3774,onion_all_high_0481,True,selected_common_reference_view
4049,onion_all_high_0481,True,selected_common_reference_view
4168,onion_all_high_0481,True,selected_common_reference_view
3272,onion_all_high_0482,True,selected_common_reference_view
3305,onion_all_high_0482,True,selected_common_reference_view
3480,onion_all_high_0482,True,selected_common_reference_view
3546,onion_all_high_0482,True,selected_common_reference_view
4424,onion_all_high_0482,True,selected_common_reference_view
3382,onion_all_high_0483,True,selected_common_reference_view
3399,onion_all_high_0483,True,selected_common_reference_view
3816,onion_all_high_0483,True,selected_common_reference_view
4202,onion_all_high_0483,True,selected_common_reference_view
3819,onion_all_high_0484,True,selected_common_reference_view
4231,onion_all_high_0484,True,selected_common_reference_view
4251,onion_all_high_0484,True,selected_common_reference_view
4262,onion_all_high_0484,True,selected_common_reference_view
2510,onion_all_high_0485,True,selected_common_reference_view
2529,onion_all_high_0485,True,selected_common_reference_view
2533,onion_all_high_0485,True,selected_common_reference_view
2612,onion_all_high_0485,True,selected_common_reference_view
2644,onion_all_high_0485,True,selected_common_reference_view
2658,onion_all_high_0485,True,selected_common_reference_view
2665,onion_all_high_0485,True,selected_common_reference_view
2701,onion_all_high_0485,True,selected_common_reference_view
2704,onion_all_high_0485,True,selected_common_reference_view
2705,onion_all_high_0485,True,selected_common_reference_view
2721,onion_all_high_0485,True,selected_common_reference_view
2723,onion_all_high_0485,True,selected_common_reference_view
2729,onion_all_high_0485,True,selected_common_reference_view
2734,onion_all_high_0485,True,selected_common_reference_view
2740,onion_all_high_0485,True,selected_common_reference_view
2744,onion_all_high_0485,True,selected_common_reference_view
2753,onion_all_high_0485,True,selected_common_reference_view
2762,onion_all_high_0485,True,selected_common_reference_view
2776,onion_all_high_0485,True,selected_common_reference_view
2782,onion_all_high_0485,True,selected_common_reference_view
2804,onion_all_high_0485,True,selected_common_reference_view
2853,onion_all_high_0485,True,selected_common_reference_view
2900,onion_all_high_0485,True,selected_common_reference_view
2920,onion_all_high_0485,True,selected_common_reference_view
2924,onion_all_high_0485,True,selected_common_reference_view
2931,onion_all_high_0485,True,selected_common_reference_view
2937,onion_all_high_0485,True,selected_common_reference_view
2940,onion_all_high_0485,True,selected_common_reference_view
2969,onion_all_high_0485,True,selected_common_reference_view
2991,onion_all_high_0485,True,selected_common_reference_view
2994,onion_all_high_0485,True,selected_common_reference_view
2995,onion_all_high_0485,True,selected_common_reference_view
3028,onion_all_high_0485,True,selected_common_reference_view
3049,onion_all_high_0485,True,selected_common_reference_view
3083,onion_all_high_0485,True,selected_common_reference_view
3123,onion_all_high_0485,True,selected_common_reference_view
3140,onion_all_high_0485,True,selected_common_reference_view
3164,onion_all_high_0485,True,selected_common_reference_view
3193,onion_all_high_0485,True,selected_common_reference_view
3200,onion_all_high_0485,True,selected_common_reference_view
3211,onion_all_high_0485,True,selected_common_reference_view
2522,onion_all_high_0486,True,selected_common_reference_view
2545,onion_all_high_0486,True,selected_common_reference_view
2566,onion_all_high_0486,True,selected_common_reference_view
2571,onion_all_high_0486,True,selected_common_reference_view
2572,onion_all_high_0486,True,selected_common_reference_view
2573,onion_all_high_0486,True,selected_common_reference_view
2576,onion_all_high_0486,True,selected_common_reference_view
2582,onion_all_high_0486,True,selected_common_reference_view
2593,onion_all_high_0486,True,selected_common_reference_view
2601,onion_all_high_0486,True,selected_common_reference_view
2609,onion_all_high_0486,True,selected_common_reference_view
2617,onion_all_high_0486,True,selected_common_reference_view
2625,onion_all_high_0486,True,selected_common_reference_view
2629,onion_all_high_0486,True,selected_common_reference_view
2634,onion_all_high_0486,True,selected_common_reference_view
2657,onion_all_high_0486,True,selected_common_reference_view
2673,onion_all_high_0486,True,selected_common_reference_view
2685,onion_all_high_0486,True,selected_common_reference_view
2690,onion_all_high_0486,True,selected_common_reference_view
2719,onion_all_high_0486,True,selected_common_reference_view
2726,onion_all_high_0486,True,selected_common_reference_view
2728,onion_all_high_0486,True,selected_common_reference_view
2737,onion_all_high_0486,True,selected_common_reference_view
2743,onion_all_high_0486,True,selected_common_reference_view
2745,onion_all_high_0486,True,selected_common_reference_view
2758,onion_all_high_0486,True,selected_common_reference_view
2773,onion_all_high_0486,True,selected_common_reference_view
2788,onion_all_high_0486,True,selected_common_reference_view
2793,onion_all_high_0486,True,selected_common_reference_view
2801,onion_all_high_0486,True,selected_common_reference_view
2811,onion_all_high_0486,True,selected_common_reference_view
2815,onion_all_high_0486,True,selected_common_reference_view
2820,onion_all_high_0486,True,selected_common_reference_view
2840,onion_all_high_0486,True,selected_common_reference_view
2841,onion_all_high_0486,True,selected_common_reference_view
2845,onion_all_high_0486,True,selected_common_reference_view
2859,onion_all_high_0486,True,selected_common_reference_view
2870,onion_all_high_0486,True,selected_common_reference_view
2874,onion_all_high_0486,True,selected_common_reference_view
2875,onion_all_high_0486,True,selected_common_reference_view
2894,onion_all_high_0486,True,selected_common_reference_view
2918,onion_all_high_0486,True,selected_common_reference_view
2923,onion_all_high_0486,True,selected_common_reference_view
2926,onion_all_high_0486,True,selected_common_reference_view
2927,onion_all_high_0486,True,selected_common_reference_view
2929,onion_all_high_0486,True,selected_common_reference_view
2934,onion_all_high_0486,True,selected_common_reference_view
2939,onion_all_high_0486,True,selected_common_reference_view
2955,onion_all_high_0486,True,selected_common_reference_view
2961,onion_all_high_0486,True,selected_common_reference_view
2965,onion_all_high_0486,True,selected_common_reference_view
2971,onion_all_high_0486,True,selected_common_reference_view
2975,onion_all_high_0486,True,selected_common_reference_view
2978,onion_all_high_0486,True,selected_common_reference_view
2982,onion_all_high_0486,True,selected_common_reference_view
2986,onion_all_high_0486,True,selected_common_reference_view
2992,onion_all_high_0486,True,selected_common_reference_view
3004,onion_all_high_0486,True,selected_common_reference_view
3026,onion_all_high_0486,True,selected_common_reference_view
3052,onion_all_high_0486,True,selected_common_reference_view
3057,onion_all_high_0486,True,selected_common_reference_view
3061,onion_all_high_0486,True,selected_common_reference_view
3066,onion_all_high_0486,True,selected_common_reference_view
3068,onion_all_high_0486,True,selected_common_reference_view
3070,onion_all_high_0486,True,selected_common_reference_view
3087,onion_all_high_0486,True,selected_common_reference_view
3121,onion_all_high_0486,True,selected_common_reference_view
3126,onion_all_high_0486,True,selected_common_reference_view
3129,onion_all_high_0486,True,selected_common_reference_view
3131,onion_all_high_0486,True,selected_common_reference_view
3137,onion_all_high_0486,True,selected_common_reference_view
3158,onion_all_high_0486,True,selected_common_reference_view
3159,onion_all_high_0486,True,selected_common_reference_view
3165,onion_all_high_0486,True,selected_common_reference_view
3166,onion_all_high_0486,True,selected_common_reference_view
3174,onion_all_high_0486,True,selected_common_reference_view
3184,onion_all_high_0486,True,selected_common_reference_view
3186,onion_all_high_0486,True,selected_common_reference_view
3188,onion_all_high_0486,True,selected_common_reference_view
3204,onion_all_high_0486,True,selected_common_reference_view
3206,onion_all_high_0486,True,selected_common_reference_view
3218,onion_all_high_0486,True,selected_common_reference_view
2498,onion_all_high_0487,True,selected_common_reference_view
2499,onion_all_high_0487,True,selected_common_reference_view
2512,onion_all_high_0487,True,selected_common_reference_view
2526,onion_all_high_0487,True,selected_common_reference_view
2536,onion_all_high_0487,True,selected_common_reference_view
2538,onion_all_high_0487,True,selected_common_reference_view
2563,onion_all_high_0487,True,selected_common_reference_view
2574,onion_all_high_0487,True,selected_common_reference_view
2605,onion_all_high_0487,True,selected_common_reference_view
2619,onion_all_high_0487,True,selected_common_reference_view
2620,onion_all_high_0487,True,selected_common_reference_view
2669,onion_all_high_0487,True,selected_common_reference_view
2674,onion_all_high_0487,True,selected_common_reference_view
2679,onion_all_high_0487,True,selected_common_reference_view
2680,onion_all_high_0487,True,selected_common_reference_view
2738,onion_all_high_0487,True,selected_common_reference_view
2763,onion_all_high_0487,True,selected_common_reference_view
2794,onion_all_high_0487,True,selected_common_reference_view
2818,onion_all_high_0487,True,selected_common_reference_view
2850,onion_all_high_0487,True,selected_common_reference_view
2856,onion_all_high_0487,True,selected_common_reference_view
2866,onion_all_high_0487,True,selected_common_reference_view
2892,onion_all_high_0487,True,selected_common_reference_view
2895,onion_all_high_0487,True,selected_common_reference_view
2897,onion_all_high_0487,True,selected_common_reference_view
2898,onion_all_high_0487,True,selected_common_reference_view
2902,onion_all_high_0487,True,selected_common_reference_view
2903,onion_all_high_0487,True,selected_common_reference_view
2916,onion_all_high_0487,True,selected_common_reference_view
2919,onion_all_high_0487,True,selected_common_reference_view
2925,onion_all_high_0487,True,selected_common_reference_view
2959,onion_all_high_0487,True,selected_common_reference_view
2964,onion_all_high_0487,True,selected_common_reference_view
2983,onion_all_high_0487,True,selected_common_reference_view
3021,onion_all_high_0487,True,selected_common_reference_view
3027,onion_all_high_0487,True,selected_common_reference_view
3056,onion_all_high_0487,True,selected_common_reference_view
3071,onion_all_high_0487,True,selected_common_reference_view
3072,onion_all_high_0487,True,selected_common_reference_view
3104,onion_all_high_0487,True,selected_common_reference_view
3157,onion_all_high_0487,True,selected_common_reference_view
2516,onion_all_high_0488,True,selected_common_reference_view
2520,onion_all_high_0488,True,selected_common_reference_view
2534,onion_all_high_0488,True,selected_common_reference_view
2540,onion_all_high_0488,True,selected_common_reference_view
2551,onion_all_high_0488,True,selected_common_reference_view
2558,onion_all_high_0488,True,selected_common_reference_view
2564,onion_all_high_0488,True,selected_common_reference_view
2589,onion_all_high_0488,True,selected_common_reference_view
2606,onion_all_high_0488,True,selected_common_reference_view
2636,onion_all_high_0488,True,selected_common_reference_view
2646,onion_all_high_0488,True,selected_common_reference_view
2676,onion_all_high_0488,True,selected_common_reference_view
2702,onion_all_high_0488,True,selected_common_reference_view
2724,onion_all_high_0488,True,selected_common_reference_view
2769,onion_all_high_0488,True,selected_common_reference_view
2772,onion_all_high_0488,True,selected_common_reference_view
2808,onion_all_high_0488,True,selected_common_reference_view
2809,onion_all_high_0488,True,selected_common_reference_view
2812,onion_all_high_0488,True,selected_common_reference_view
2821,onion_all_high_0488,True,selected_common_reference_view
2830,onion_all_high_0488,True,selected_common_reference_view
2833,onion_all_high_0488,True,selected_common_reference_view
2863,onion_all_high_0488,True,selected_common_reference_view
2869,onion_all_high_0488,True,selected_common_reference_view
2974,onion_all_high_0488,True,selected_common_reference_view
2980,onion_all_high_0488,True,selected_common_reference_view
2989,onion_all_high_0488,True,selected_common_reference_view
2990,onion_all_high_0488,True,selected_common_reference_view
2999,onion_all_high_0488,True,selected_common_reference_view
3069,onion_all_high_0488,True,selected_common_reference_view
3078,onion_all_high_0488,True,selected_common_reference_view
3089,onion_all_high_0488,True,selected_common_reference_view
3111,onion_all_high_0488,True,selected_common_reference_view
3152,onion_all_high_0488,True,selected_common_reference_view
3160,onion_all_high_0488,True,selected_common_reference_view
3182,onion_all_high_0488,True,selected_common_reference_view
3183,onion_all_high_0488,True,selected_common_reference_view
3197,onion_all_high_0488,True,selected_common_reference_view
3198,onion_all_high_0488,True,selected_common_reference_view
3221,onion_all_high_0488,True,selected_common_reference_view
3227,onion_all_high_0488,True,selected_common_reference_view
2519,onion_all_high_0489,True,selected_common_reference_view
2535,onion_all_high_0489,True,selected_common_reference_view
2614,onion_all_high_0489,True,selected_common_reference_view
2639,onion_all_high_0489,True,selected_common_reference_view
2645,onion_all_high_0489,True,selected_common_reference_view
2664,onion_all_high_0489,True,selected_common_reference_view
2713,onion_all_high_0489,True,selected_common_reference_view
2725,onion_all_high_0489,True,selected_common_reference_view
2727,onion_all_high_0489,True,selected_common_reference_view
2733,onion_all_high_0489,True,selected_common_reference_view
2757,onion_all_high_0489,True,selected_common_reference_view
2759,onion_all_high_0489,True,selected_common_reference_view
2760,onion_all_high_0489,True,selected_common_reference_view
2777,onion_all_high_0489,True,selected_common_reference_view
2778,onion_all_high_0489,True,selected_common_reference_view
2795,onion_all_high_0489,True,selected_common_reference_view
2805,onion_all_high_0489,True,selected_common_reference_view
2849,onion_all_high_0489,True,selected_common_reference_view
2871,onion_all_high_0489,True,selected_common_reference_view
2881,onion_all_high_0489,True,selected_common_reference_view
2882,onion_all_high_0489,True,selected_common_reference_view
2914,onion_all_high_0489,True,selected_common_reference_view
2948,onion_all_high_0489,True,selected_common_reference_view
2954,onion_all_high_0489,True,selected_common_reference_view
2976,onion_all_high_0489,True,selected_common_reference_view
3008,onion_all_high_0489,True,selected_common_reference_view
3030,onion_all_high_0489,True,selected_common_reference_view
3044,onion_all_high_0489,True,selected_common_reference_view
3064,onion_all_high_0489,True,selected_common_reference_view
3077,onion_all_high_0489,True,selected_common_reference_view
3106,onion_all_high_0489,True,selected_common_reference_view
3130,onion_all_high_0489,True,selected_common_reference_view
3135,onion_all_high_0489,True,selected_common_reference_view
3147,onion_all_high_0489,True,selected_common_reference_view
3148,onion_all_high_0489,True,selected_common_reference_view
3154,onion_all_high_0489,True,selected_common_reference_view
3163,onion_all_high_0489,True,selected_common_reference_view
3169,onion_all_high_0489,True,selected_common_reference_view
3187,onion_all_high_0489,True,selected_common_reference_view
3192,onion_all_high_0489,True,selected_common_reference_view
3219,onion_all_high_0489,True,selected_common_reference_view
2496,onion_all_high_0490,True,selected_common_reference_view
2525,onion_all_high_0490,True,selected_common_reference_view
2547,onion_all_high_0490,True,selected_common_reference_view
2579,onion_all_high_0490,True,selected_common_reference_view
2581,onion_all_high_0490,True,selected_common_reference_view
2596,onion_all_high_0490,True,selected_common_reference_view
2599,onion_all_high_0490,True,selected_common_reference_view
2603,onion_all_high_0490,True,selected_common_reference_view
2626,onion_all_high_0490,True,selected_common_reference_view
2648,onion_all_high_0490,True,selected_common_reference_view
2671,onion_all_high_0490,True,selected_common_reference_view
2682,onion_all_high_0490,True,selected_common_reference_view
2696,onion_all_high_0490,True,selected_common_reference_view
2739,onion_all_high_0490,True,selected_common_reference_view
2742,onion_all_high_0490,True,selected_common_reference_view
2764,onion_all_high_0490,True,selected_common_reference_view
2770,onion_all_high_0490,True,selected_common_reference_view
2785,onion_all_high_0490,True,selected_common_reference_view
2792,onion_all_high_0490,True,selected_common_reference_view
2880,onion_all_high_0490,True,selected_common_reference_view
2913,onion_all_high_0490,True,selected_common_reference_view
2922,onion_all_high_0490,True,selected_common_reference_view
2930,onion_all_high_0490,True,selected_common_reference_view
2943,onion_all_high_0490,True,selected_common_reference_view
2956,onion_all_high_0490,True,selected_common_reference_view
2979,onion_all_high_0490,True,selected_common_reference_view
3015,onion_all_high_0490,True,selected_common_reference_view
3050,onion_all_high_0490,True,selected_common_reference_view
3060,onion_all_high_0490,True,selected_common_reference_view
3067,onion_all_high_0490,True,selected_common_reference_view
3075,onion_all_high_0490,True,selected_common_reference_view
3100,onion_all_high_0490,True,selected_common_reference_view
3107,onion_all_high_0490,True,selected_common_reference_view
3117,onion_all_high_0490,True,selected_common_reference_view
3132,onion_all_high_0490,True,selected_common_reference_view
3141,onion_all_high_0490,True,selected_common_reference_view
3142,onion_all_high_0490,True,selected_common_reference_view
3155,onion_all_high_0490,True,selected_common_reference_view
3167,onion_all_high_0490,True,selected_common_reference_view
3191,onion_all_high_0490,True,selected_common_reference_view
3209,onion_all_high_0490,True,selected_common_reference_view
2527,onion_all_high_0491,True,selected_common_reference_view
2537,onion_all_high_0491,True,selected_common_reference_view
2555,onion_all_high_0491,True,selected_common_reference_view
2559,onion_all_high_0491,True,selected_common_reference_view
2560,onion_all_high_0491,True,selected_common_reference_view
2570,onion_all_high_0491,True,selected_common_reference_view
2575,onion_all_high_0491,True,selected_common_reference_view
2633,onion_all_high_0491,True,selected_common_reference_view
2649,onion_all_high_0491,True,selected_common_reference_view
2666,onion_all_high_0491,True,selected_common_reference_view
2672,onion_all_high_0491,True,selected_common_reference_view
2689,onion_all_high_0491,True,selected_common_reference_view
2775,onion_all_high_0491,True,selected_common_reference_view
2806,onion_all_high_0491,True,selected_common_reference_view
2807,onion_all_high_0491,True,selected_common_reference_view
2829,onion_all_high_0491,True,selected_common_reference_view
2831,onion_all_high_0491,True,selected_common_reference_view
2854,onion_all_high_0491,True,selected_common_reference_view
2855,onion_all_high_0491,True,selected_common_reference_view
2877,onion_all_high_0491,True,selected_common_reference_view
2883,onion_all_high_0491,True,selected_common_reference_view
2891,onion_all_high_0491,True,selected_common_reference_view
2907,onion_all_high_0491,True,selected_common_reference_view
2912,onion_all_high_0491,True,selected_common_reference_view
2944,onion_all_high_0491,True,selected_common_reference_view
2949,onion_all_high_0491,True,selected_common_reference_view
2951,onion_all_high_0491,True,selected_common_reference_view
2958,onion_all_high_0491,True,selected_common_reference_view
2963,onion_all_high_0491,True,selected_common_reference_view
2984,onion_all_high_0491,True,selected_common_reference_view
3025,onion_all_high_0491,True,selected_common_reference_view
3040,onion_all_high_0491,True,selected_common_reference_view
3055,onion_all_high_0491,True,selected_common_reference_view
3074,onion_all_high_0491,True,selected_common_reference_view
3082,onion_all_high_0491,True,selected_common_reference_view
3102,onion_all_high_0491,True,selected_common_reference_view
3127,onion_all_high_0491,True,selected_common_reference_view
3136,onion_all_high_0491,True,selected_common_reference_view
3172,onion_all_high_0491,True,selected_common_reference_view
3173,onion_all_high_0491,True,selected_common_reference_view
3216,onion_all_high_0491,True,selected_common_reference_view
2501,onion_all_high_0492,True,selected_common_reference_view
2530,onion_all_high_0492,True,selected_common_reference_view
2541,onion_all_high_0492,True,selected_common_reference_view
2548,onion_all_high_0492,True,selected_common_reference_view
2588,onion_all_high_0492,True,selected_common_reference_view
2590,onion_all_high_0492,True,selected_common_reference_view
2597,onion_all_high_0492,True,selected_common_reference_view
2610,onion_all_high_0492,True,selected_common_reference_view
2627,onion_all_high_0492,True,selected_common_reference_view
2631,onion_all_high_0492,True,selected_common_reference_view
2637,onion_all_high_0492,True,selected_common_reference_view
2650,onion_all_high_0492,True,selected_common_reference_view
2660,onion_all_high_0492,True,selected_common_reference_view
2670,onion_all_high_0492,True,selected_common_reference_view
2697,onion_all_high_0492,True,selected_common_reference_view
2774,onion_all_high_0492,True,selected_common_reference_view
2814,onion_all_high_0492,True,selected_common_reference_view
2843,onion_all_high_0492,True,selected_common_reference_view
2857,onion_all_high_0492,True,selected_common_reference_view
2858,onion_all_high_0492,True,selected_common_reference_view
2862,onion_all_high_0492,True,selected_common_reference_view
2890,onion_all_high_0492,True,selected_common_reference_view
2905,onion_all_high_0492,True,selected_common_reference_view
2945,onion_all_high_0492,True,selected_common_reference_view
2952,onion_all_high_0492,True,selected_common_reference_view
2981,onion_all_high_0492,True,selected_common_reference_view
3009,onion_all_high_0492,True,selected_common_reference_view
3011,onion_all_high_0492,True,selected_common_reference_view
3024,onion_all_high_0492,True,selected_common_reference_view
3041,onion_all_high_0492,True,selected_common_reference_view
3097,onion_all_high_0492,True,selected_common_reference_view
3118,onion_all_high_0492,True,selected_common_reference_view
3128,onion_all_high_0492,True,selected_common_reference_view
3162,onion_all_high_0492,True,selected_common_reference_view
3179,onion_all_high_0492,True,selected_common_reference_view
3181,onion_all_high_0492,True,selected_common_reference_view
3199,onion_all_high_0492,True,selected_common_reference_view
3201,onion_all_high_0492,True,selected_common_reference_view
3207,onion_all_high_0492,True,selected_common_reference_view
3208,onion_all_high_0492,True,selected_common_reference_view
3226,onion_all_high_0492,True,selected_common_reference_view
2517,onion_all_high_0493,True,selected_common_reference_view
2542,onion_all_high_0493,True,selected_common_reference_view
2544,onion_all_high_0493,True,selected_common_reference_view
2549,onion_all_high_0493,True,selected_common_reference_view
2550,onion_all_high_0493,True,selected_common_reference_view
2554,onion_all_high_0493,True,selected_common_reference_view
2557,onion_all_high_0493,True,selected_common_reference_view
2565,onion_all_high_0493,True,selected_common_reference_view
2567,onion_all_high_0493,True,selected_common_reference_view
2568,onion_all_high_0493,True,selected_common_reference_view
2580,onion_all_high_0493,True,selected_common_reference_view
2591,onion_all_high_0493,True,selected_common_reference_view
2602,onion_all_high_0493,True,selected_common_reference_view
2651,onion_all_high_0493,True,selected_common_reference_view
2656,onion_all_high_0493,True,selected_common_reference_view
2681,onion_all_high_0493,True,selected_common_reference_view
2686,onion_all_high_0493,True,selected_common_reference_view
2703,onion_all_high_0493,True,selected_common_reference_view
2741,onion_all_high_0493,True,selected_common_reference_view
2786,onion_all_high_0493,True,selected_common_reference_view
2803,onion_all_high_0493,True,selected_common_reference_view
2819,onion_all_high_0493,True,selected_common_reference_view
2826,onion_all_high_0493,True,selected_common_reference_view
2839,onion_all_high_0493,True,selected_common_reference_view
2873,onion_all_high_0493,True,selected_common_reference_view
2886,onion_all_high_0493,True,selected_common_reference_view
2899,onion_all_high_0493,True,selected_common_reference_view
2933,onion_all_high_0493,True,selected_common_reference_view
2962,onion_all_high_0493,True,selected_common_reference_view
3012,onion_all_high_0493,True,selected_common_reference_view
3022,onion_all_high_0493,True,selected_common_reference_view
3031,onion_all_high_0493,True,selected_common_reference_view
3042,onion_all_high_0493,True,selected_common_reference_view
3065,onion_all_high_0493,True,selected_common_reference_view
3084,onion_all_high_0493,True,selected_common_reference_view
3090,onion_all_high_0493,True,selected_common_reference_view
3110,onion_all_high_0493,True,selected_common_reference_view
3120,onion_all_high_0493,True,selected_common_reference_view
3144,onion_all_high_0493,True,selected_common_reference_view
3178,onion_all_high_0493,True,selected_common_reference_view
3213,onion_all_high_0493,True,selected_common_reference_view
2500,onion_all_high_0494,True,selected_common_reference_view
2502,onion_all_high_0494,True,selected_common_reference_view
2506,onion_all_high_0494,True,selected_common_reference_view
2509,onion_all_high_0494,False,different_or_unresolved_reference_within_blocked_component
2513,onion_all_high_0494,True,selected_common_reference_view
2518,onion_all_high_0494,True,selected_common_reference_view
2523,onion_all_high_0494,True,selected_common_reference_view
2528,onion_all_high_0494,True,selected_common_reference_view
2543,onion_all_high_0494,True,selected_common_reference_view
2546,onion_all_high_0494,True,selected_common_reference_view
2552,onion_all_high_0494,True,selected_common_reference_view
2556,onion_all_high_0494,True,selected_common_reference_view
2584,onion_all_high_0494,False,different_or_unresolved_reference_within_blocked_component
2586,onion_all_high_0494,True,selected_common_reference_view
2587,onion_all_high_0494,True,selected_common_reference_view
2594,onion_all_high_0494,True,selected_common_reference_view
2600,onion_all_high_0494,False,different_or_unresolved_reference_within_blocked_component
2607,onion_all_high_0494,True,selected_common_reference_view
2628,onion_all_high_0494,True,selected_common_reference_view
2638,onion_all_high_0494,True,selected_common_reference_view
2653,onion_all_high_0494,True,selected_common_reference_view
2683,onion_all_high_0494,False,different_or_unresolved_reference_within_blocked_component
2692,onion_all_high_0494,True,selected_common_reference_view
2694,onion_all_high_0494,False,different_or_unresolved_reference_within_blocked_component
2707,onion_all_high_0494,True,selected_common_reference_view
2714,onion_all_high_0494,True,selected_common_reference_view
2715,onion_all_high_0494,True,selected_common_reference_view
2720,onion_all_high_0494,False,different_or_unresolved_reference_within_blocked_component
2736,onion_all_high_0494,True,selected_common_reference_view
2746,onion_all_high_0494,True,selected_common_reference_view
2750,onion_all_high_0494,True,selected_common_reference_view
2754,onion_all_high_0494,False,different_or_unresolved_reference_within_blocked_component
2765,onion_all_high_0494,True,selected_common_reference_view
2767,onion_all_high_0494,True,selected_common_reference_view
2779,onion_all_high_0494,False,different_or_unresolved_reference_within_blocked_component
2781,onion_all_high_0494,True,selected_common_reference_view
2787,onion_all_high_0494,True,selected_common_reference_view
2797,onion_all_high_0494,True,selected_common_reference_view
2822,onion_all_high_0494,True,selected_common_reference_view
2823,onion_all_high_0494,False,different_or_unresolved_reference_within_blocked_component
2824,onion_all_high_0494,True,selected_common_reference_view
2835,onion_all_high_0494,True,selected_common_reference_view
2836,onion_all_high_0494,True,selected_common_reference_view
2842,onion_all_high_0494,True,selected_common_reference_view
2846,onion_all_high_0494,True,selected_common_reference_view
2852,onion_all_high_0494,True,selected_common_reference_view
2860,onion_all_high_0494,True,selected_common_reference_view
2867,onion_all_high_0494,True,selected_common_reference_view
2885,onion_all_high_0494,True,selected_common_reference_view
2887,onion_all_high_0494,False,different_or_unresolved_reference_within_blocked_component
2888,onion_all_high_0494,True,selected_common_reference_view
2889,onion_all_high_0494,True,selected_common_reference_view
2893,onion_all_high_0494,True,selected_common_reference_view
2909,onion_all_high_0494,True,selected_common_reference_view
2915,onion_all_high_0494,True,selected_common_reference_view
2928,onion_all_high_0494,True,selected_common_reference_view
2941,onion_all_high_0494,True,selected_common_reference_view
2953,onion_all_high_0494,True,selected_common_reference_view
2957,onion_all_high_0494,False,different_or_unresolved_reference_within_blocked_component
2968,onion_all_high_0494,True,selected_common_reference_view
2972,onion_all_high_0494,True,selected_common_reference_view
2985,onion_all_high_0494,True,selected_common_reference_view
2988,onion_all_high_0494,True,selected_common_reference_view
2997,onion_all_high_0494,True,selected_common_reference_view
2998,onion_all_high_0494,True,selected_common_reference_view
3000,onion_all_high_0494,False,different_or_unresolved_reference_within_blocked_component
3016,onion_all_high_0494,False,different_or_unresolved_reference_within_blocked_component
3020,onion_all_high_0494,True,selected_common_reference_view
3029,onion_all_high_0494,True,selected_common_reference_view
3038,onion_all_high_0494,True,selected_common_reference_view
3059,onion_all_high_0494,True,selected_common_reference_view
3063,onion_all_high_0494,False,different_or_unresolved_reference_within_blocked_component
3112,onion_all_high_0494,True,selected_common_reference_view
3146,onion_all_high_0494,True,selected_common_reference_view
3176,onion_all_high_0494,True,selected_common_reference_view
3177,onion_all_high_0494,True,selected_common_reference_view
3190,onion_all_high_0494,True,selected_common_reference_view
3205,onion_all_high_0494,True,selected_common_reference_view
3215,onion_all_high_0494,False,different_or_unresolved_reference_within_blocked_component
3224,onion_all_high_0494,True,selected_common_reference_view
3228,onion_all_high_0494,True,selected_common_reference_view
2495,onion_all_high_0495,True,selected_common_reference_view
2514,onion_all_high_0495,True,selected_common_reference_view
2524,onion_all_high_0495,True,selected_common_reference_view
2532,onion_all_high_0495,True,selected_common_reference_view
2553,onion_all_high_0495,True,selected_common_reference_view
2592,onion_all_high_0495,True,selected_common_reference_view
2613,onion_all_high_0495,True,selected_common_reference_view
2624,onion_all_high_0495,True,selected_common_reference_view
2635,onion_all_high_0495,True,selected_common_reference_view
2642,onion_all_high_0495,True,selected_common_reference_view
2655,onion_all_high_0495,True,selected_common_reference_view
2691,onion_all_high_0495,True,selected_common_reference_view
2708,onion_all_high_0495,True,selected_common_reference_view
2722,onion_all_high_0495,True,selected_common_reference_view
2730,onion_all_high_0495,True,selected_common_reference_view
2731,onion_all_high_0495,True,selected_common_reference_view
2751,onion_all_high_0495,True,selected_common_reference_view
2771,onion_all_high_0495,True,selected_common_reference_view
2868,onion_all_high_0495,True,selected_common_reference_view
2879,onion_all_high_0495,True,selected_common_reference_view
2884,onion_all_high_0495,True,selected_common_reference_view
3005,onion_all_high_0495,True,selected_common_reference_view
3014,onion_all_high_0495,True,selected_common_reference_view
3018,onion_all_high_0495,True,selected_common_reference_view
3039,onion_all_high_0495,True,selected_common_reference_view
3047,onion_all_high_0495,True,selected_common_reference_view
3048,onion_all_high_0495,True,selected_common_reference_view
3054,onion_all_high_0495,True,selected_common_reference_view
3091,onion_all_high_0495,True,selected_common_reference_view
3094,onion_all_high_0495,True,selected_common_reference_view
3109,onion_all_high_0495,True,selected_common_reference_view
3116,onion_all_high_0495,True,selected_common_reference_view
3125,onion_all_high_0495,True,selected_common_reference_view
3139,onion_all_high_0495,True,selected_common_reference_view
3150,onion_all_high_0495,True,selected_common_reference_view
3156,onion_all_high_0495,True,selected_common_reference_view
3170,onion_all_high_0495,True,selected_common_reference_view
3189,onion_all_high_0495,True,selected_common_reference_view
3194,onion_all_high_0495,True,selected_common_reference_view
3210,onion_all_high_0495,True,selected_common_reference_view
3217,onion_all_high_0495,True,selected_common_reference_view
2497,onion_all_high_0496,True,selected_common_reference_view
2503,onion_all_high_0496,True,selected_common_reference_view
2504,onion_all_high_0496,True,selected_common_reference_view
2505,onion_all_high_0496,True,selected_common_reference_view
2508,onion_all_high_0496,False,different_or_unresolved_reference_within_blocked_component
2511,onion_all_high_0496,False,different_or_unresolved_reference_within_blocked_component
2515,onion_all_high_0496,True,selected_common_reference_view
2531,onion_all_high_0496,False,different_or_unresolved_reference_within_blocked_component
2561,onion_all_high_0496,False,different_or_unresolved_reference_within_blocked_component
2577,onion_all_high_0496,False,different_or_unresolved_reference_within_blocked_component
2578,onion_all_high_0496,True,selected_common_reference_view
2585,onion_all_high_0496,True,selected_common_reference_view
2604,onion_all_high_0496,True,selected_common_reference_view
2611,onion_all_high_0496,True,selected_common_reference_view
2615,onion_all_high_0496,True,selected_common_reference_view
2616,onion_all_high_0496,False,different_or_unresolved_reference_within_blocked_component
2618,onion_all_high_0496,True,selected_common_reference_view
2621,onion_all_high_0496,True,selected_common_reference_view
2623,onion_all_high_0496,False,different_or_unresolved_reference_within_blocked_component
2630,onion_all_high_0496,True,selected_common_reference_view
2643,onion_all_high_0496,True,selected_common_reference_view
2652,onion_all_high_0496,False,different_or_unresolved_reference_within_blocked_component
2654,onion_all_high_0496,True,selected_common_reference_view
2659,onion_all_high_0496,False,different_or_unresolved_reference_within_blocked_component
2662,onion_all_high_0496,False,different_or_unresolved_reference_within_blocked_component
2695,onion_all_high_0496,False,different_or_unresolved_reference_within_blocked_component
2698,onion_all_high_0496,True,selected_common_reference_view
2699,onion_all_high_0496,False,different_or_unresolved_reference_within_blocked_component
2700,onion_all_high_0496,True,selected_common_reference_view
2706,onion_all_high_0496,True,selected_common_reference_view
2710,onion_all_high_0496,False,different_or_unresolved_reference_within_blocked_component
2711,onion_all_high_0496,True,selected_common_reference_view
2712,onion_all_high_0496,True,selected_common_reference_view
2716,onion_all_high_0496,True,selected_common_reference_view
2717,onion_all_high_0496,True,selected_common_reference_view
2732,onion_all_high_0496,True,selected_common_reference_view
2735,onion_all_high_0496,False,different_or_unresolved_reference_within_blocked_component
2748,onion_all_high_0496,True,selected_common_reference_view
2749,onion_all_high_0496,True,selected_common_reference_view
2752,onion_all_high_0496,False,different_or_unresolved_reference_within_blocked_component
2755,onion_all_high_0496,True,selected_common_reference_view
2756,onion_all_high_0496,False,different_or_unresolved_reference_within_blocked_component
2761,onion_all_high_0496,True,selected_common_reference_view
2768,onion_all_high_0496,True,selected_common_reference_view
2780,onion_all_high_0496,True,selected_common_reference_view
2783,onion_all_high_0496,True,selected_common_reference_view
2784,onion_all_high_0496,True,selected_common_reference_view
2789,onion_all_high_0496,True,selected_common_reference_view
2791,onion_all_high_0496,True,selected_common_reference_view
2798,onion_all_high_0496,True,selected_common_reference_view
2799,onion_all_high_0496,True,selected_common_reference_view
2800,onion_all_high_0496,True,selected_common_reference_view
2810,onion_all_high_0496,False,different_or_unresolved_reference_within_blocked_component
2813,onion_all_high_0496,False,different_or_unresolved_reference_within_blocked_component
2816,onion_all_high_0496,True,selected_common_reference_view
2825,onion_all_high_0496,True,selected_common_reference_view
2827,onion_all_high_0496,True,selected_common_reference_view
2832,onion_all_high_0496,True,selected_common_reference_view
2834,onion_all_high_0496,True,selected_common_reference_view
2837,onion_all_high_0496,True,selected_common_reference_view
2838,onion_all_high_0496,False,different_or_unresolved_reference_within_blocked_component
2848,onion_all_high_0496,True,selected_common_reference_view
2851,onion_all_high_0496,True,selected_common_reference_view
2864,onion_all_high_0496,True,selected_common_reference_view
2872,onion_all_high_0496,True,selected_common_reference_view
2876,onion_all_high_0496,True,selected_common_reference_view
2901,onion_all_high_0496,True,selected_common_reference_view
2904,onion_all_high_0496,True,selected_common_reference_view
2906,onion_all_high_0496,True,selected_common_reference_view
2917,onion_all_high_0496,True,selected_common_reference_view
2921,onion_all_high_0496,True,selected_common_reference_view
2936,onion_all_high_0496,False,different_or_unresolved_reference_within_blocked_component
2938,onion_all_high_0496,True,selected_common_reference_view
2947,onion_all_high_0496,True,selected_common_reference_view
2960,onion_all_high_0496,False,different_or_unresolved_reference_within_blocked_component
2966,onion_all_high_0496,True,selected_common_reference_view
2967,onion_all_high_0496,True,selected_common_reference_view
2970,onion_all_high_0496,True,selected_common_reference_view
2973,onion_all_high_0496,True,selected_common_reference_view
2993,onion_all_high_0496,True,selected_common_reference_view
2996,onion_all_high_0496,True,selected_common_reference_view
3001,onion_all_high_0496,True,selected_common_reference_view
3002,onion_all_high_0496,False,different_or_unresolved_reference_within_blocked_component
3006,onion_all_high_0496,False,different_or_unresolved_reference_within_blocked_component
3007,onion_all_high_0496,False,different_or_unresolved_reference_within_blocked_component
3010,onion_all_high_0496,True,selected_common_reference_view
3013,onion_all_high_0496,False,different_or_unresolved_reference_within_blocked_component
3019,onion_all_high_0496,True,selected_common_reference_view
3035,onion_all_high_0496,True,selected_common_reference_view
3037,onion_all_high_0496,True,selected_common_reference_view
3046,onion_all_high_0496,True,selected_common_reference_view
3053,onion_all_high_0496,True,selected_common_reference_view
3058,onion_all_high_0496,True,selected_common_reference_view
3076,onion_all_high_0496,True,selected_common_reference_view
3079,onion_all_high_0496,True,selected_common_reference_view
3080,onion_all_high_0496,False,different_or_unresolved_reference_within_blocked_component
3081,onion_all_high_0496,True,selected_common_reference_view
3085,onion_all_high_0496,True,selected_common_reference_view
3093,onion_all_high_0496,True,selected_common_reference_view
3099,onion_all_high_0496,True,selected_common_reference_view
3103,onion_all_high_0496,False,different_or_unresolved_reference_within_blocked_component
3108,onion_all_high_0496,True,selected_common_reference_view
3113,onion_all_high_0496,True,selected_common_reference_view
3114,onion_all_high_0496,True,selected_common_reference_view
3115,onion_all_high_0496,True,selected_common_reference_view
3119,onion_all_high_0496,True,selected_common_reference_view
3134,onion_all_high_0496,False,different_or_unresolved_reference_within_blocked_component
3138,onion_all_high_0496,True,selected_common_reference_view
3143,onion_all_high_0496,False,different_or_unresolved_reference_within_blocked_component
3145,onion_all_high_0496,True,selected_common_reference_view
3151,onion_all_high_0496,True,selected_common_reference_view
3153,onion_all_high_0496,True,selected_common_reference_view
3161,onion_all_high_0496,False,different_or_unresolved_reference_within_blocked_component
3168,onion_all_high_0496,True,selected_common_reference_view
3171,onion_all_high_0496,True,selected_common_reference_view
3175,onion_all_high_0496,True,selected_common_reference_view
3195,onion_all_high_0496,True,selected_common_reference_view
3196,onion_all_high_0496,True,selected_common_reference_view
3203,onion_all_high_0496,True,selected_common_reference_view
3214,onion_all_high_0496,True,selected_common_reference_view
3223,onion_all_high_0496,True,selected_common_reference_view
2507,onion_all_high_0497,True,selected_common_reference_view
2539,onion_all_high_0497,True,selected_common_reference_view
2595,onion_all_high_0497,True,selected_common_reference_view
2632,onion_all_high_0497,True,selected_common_reference_view
2641,onion_all_high_0497,True,selected_common_reference_view
2667,onion_all_high_0497,True,selected_common_reference_view
2668,onion_all_high_0497,True,selected_common_reference_view
2677,onion_all_high_0497,True,selected_common_reference_view
2678,onion_all_high_0497,True,selected_common_reference_view
2684,onion_all_high_0497,True,selected_common_reference_view
2687,onion_all_high_0497,True,selected_common_reference_view
2688,onion_all_high_0497,True,selected_common_reference_view
2709,onion_all_high_0497,True,selected_common_reference_view
2766,onion_all_high_0497,True,selected_common_reference_view
2796,onion_all_high_0497,True,selected_common_reference_view
2802,onion_all_high_0497,True,selected_common_reference_view
2817,onion_all_high_0497,True,selected_common_reference_view
2828,onion_all_high_0497,True,selected_common_reference_view
2861,onion_all_high_0497,True,selected_common_reference_view
2910,onion_all_high_0497,True,selected_common_reference_view
2911,onion_all_high_0497,True,selected_common_reference_view
2932,onion_all_high_0497,True,selected_common_reference_view
2935,onion_all_high_0497,True,selected_common_reference_view
2942,onion_all_high_0497,True,selected_common_reference_view
2977,onion_all_high_0497,True,selected_common_reference_view
2987,onion_all_high_0497,True,selected_common_reference_view
3017,onion_all_high_0497,True,selected_common_reference_view
3023,onion_all_high_0497,True,selected_common_reference_view
3032,onion_all_high_0497,True,selected_common_reference_view
3033,onion_all_high_0497,True,selected_common_reference_view
3045,onion_all_high_0497,True,selected_common_reference_view
3088,onion_all_high_0497,True,selected_common_reference_view
3101,onion_all_high_0497,True,selected_common_reference_view
3124,onion_all_high_0497,True,selected_common_reference_view
3133,onion_all_high_0497,True,selected_common_reference_view
3180,onion_all_high_0497,True,selected_common_reference_view
3202,onion_all_high_0497,True,selected_common_reference_view
3212,onion_all_high_0497,True,selected_common_reference_view
3220,onion_all_high_0497,True,selected_common_reference_view
3222,onion_all_high_0497,True,selected_common_reference_view
3229,onion_all_high_0497,True,selected_common_reference_view
1295,onion_all_high_0498,True,selected_common_reference_view
1323,onion_all_high_0498,True,selected_common_reference_view
1461,onion_all_high_0498,True,selected_common_reference_view
1619,onion_all_high_0498,True,selected_common_reference_view
1653,onion_all_high_0498,True,selected_common_reference_view
1661,onion_all_high_0498,True,selected_common_reference_view
1674,onion_all_high_0498,True,selected_common_reference_view
1745,onion_all_high_0498,True,selected_common_reference_view
1815,onion_all_high_0498,True,selected_common_reference_view
1907,onion_all_high_0498,True,selected_common_reference_view
2162,onion_all_high_0498,True,selected_common_reference_view
2433,onion_all_high_0498,True,selected_common_reference_view
2486,onion_all_high_0498,True,selected_common_reference_view
1492,onion_all_high_0499,True,selected_common_reference_view
1579,onion_all_high_0499,True,selected_common_reference_view
1628,onion_all_high_0499,True,selected_common_reference_view
1700,onion_all_high_0499,True,selected_common_reference_view
1736,onion_all_high_0499,True,selected_common_reference_view
1738,onion_all_high_0499,True,selected_common_reference_view
1812,onion_all_high_0499,True,selected_common_reference_view
1842,onion_all_high_0499,True,selected_common_reference_view
1874,onion_all_high_0499,True,selected_common_reference_view
1983,onion_all_high_0499,True,selected_common_reference_view
2109,onion_all_high_0499,True,selected_common_reference_view
2140,onion_all_high_0499,True,selected_common_reference_view
2301,onion_all_high_0499,True,selected_common_reference_view
2324,onion_all_high_0499,True,selected_common_reference_view
1320,onion_all_high_0500,True,selected_common_reference_view
1352,onion_all_high_0500,True,selected_common_reference_view
1499,onion_all_high_0500,True,selected_common_reference_view
1543,onion_all_high_0500,True,selected_common_reference_view
1793,onion_all_high_0500,True,selected_common_reference_view
1820,onion_all_high_0500,True,selected_common_reference_view
1846,onion_all_high_0500,True,selected_common_reference_view
1854,onion_all_high_0500,True,selected_common_reference_view
1865,onion_all_high_0500,True,selected_common_reference_view
2155,onion_all_high_0500,True,selected_common_reference_view
2200,onion_all_high_0500,True,selected_common_reference_view
2302,onion_all_high_0500,True,selected_common_reference_view
2312,onion_all_high_0500,True,selected_common_reference_view
1440,onion_all_high_0501,True,selected_common_reference_view
1501,onion_all_high_0501,True,selected_common_reference_view
1515,onion_all_high_0501,True,selected_common_reference_view
1536,onion_all_high_0501,True,selected_common_reference_view
1705,onion_all_high_0501,True,selected_common_reference_view
1724,onion_all_high_0501,True,selected_common_reference_view
1772,onion_all_high_0501,True,selected_common_reference_view
1878,onion_all_high_0501,True,selected_common_reference_view
1974,onion_all_high_0501,True,selected_common_reference_view
2037,onion_all_high_0501,True,selected_common_reference_view
2107,onion_all_high_0501,True,selected_common_reference_view
2115,onion_all_high_0501,True,selected_common_reference_view
2256,onion_all_high_0501,True,selected_common_reference_view
2388,onion_all_high_0501,True,selected_common_reference_view
1398,onion_all_high_0502,True,selected_common_reference_view
1399,onion_all_high_0502,True,selected_common_reference_view
1509,onion_all_high_0502,True,selected_common_reference_view
1532,onion_all_high_0502,True,selected_common_reference_view
1537,onion_all_high_0502,True,selected_common_reference_view
1559,onion_all_high_0502,True,selected_common_reference_view
1588,onion_all_high_0502,True,selected_common_reference_view
1640,onion_all_high_0502,True,selected_common_reference_view
1733,onion_all_high_0502,True,selected_common_reference_view
1871,onion_all_high_0502,True,selected_common_reference_view
1944,onion_all_high_0502,True,selected_common_reference_view
2028,onion_all_high_0502,True,selected_common_reference_view
2082,onion_all_high_0502,True,selected_common_reference_view
2442,onion_all_high_0502,True,selected_common_reference_view
1298,onion_all_high_0503,True,selected_common_reference_view
1319,onion_all_high_0503,True,selected_common_reference_view
1429,onion_all_high_0503,True,selected_common_reference_view
1483,onion_all_high_0503,True,selected_common_reference_view
1620,onion_all_high_0503,True,selected_common_reference_view
1650,onion_all_high_0503,True,selected_common_reference_view
1664,onion_all_high_0503,True,selected_common_reference_view
1897,onion_all_high_0503,True,selected_common_reference_view
2003,onion_all_high_0503,True,selected_common_reference_view
2022,onion_all_high_0503,True,selected_common_reference_view
2202,onion_all_high_0503,True,selected_common_reference_view
2370,onion_all_high_0503,True,selected_common_reference_view
2371,onion_all_high_0503,True,selected_common_reference_view
2440,onion_all_high_0503,True,selected_common_reference_view
1383,onion_all_high_0504,True,selected_common_reference_view
1450,onion_all_high_0504,True,selected_common_reference_view
1462,onion_all_high_0504,True,selected_common_reference_view
1469,onion_all_high_0504,True,selected_common_reference_view
1562,onion_all_high_0504,True,selected_common_reference_view
1582,onion_all_high_0504,True,selected_common_reference_view
1611,onion_all_high_0504,True,selected_common_reference_view
1845,onion_all_high_0504,True,selected_common_reference_view
1947,onion_all_high_0504,True,selected_common_reference_view
1962,onion_all_high_0504,True,selected_common_reference_view
2007,onion_all_high_0504,True,selected_common_reference_view
2068,onion_all_high_0504,True,selected_common_reference_view
2328,onion_all_high_0504,True,selected_common_reference_view
2385,onion_all_high_0504,True,selected_common_reference_view
1327,onion_all_high_0505,True,selected_common_reference_view
1433,onion_all_high_0505,True,selected_common_reference_view
1473,onion_all_high_0505,True,selected_common_reference_view
1670,onion_all_high_0505,True,selected_common_reference_view
1706,onion_all_high_0505,True,selected_common_reference_view
1788,onion_all_high_0505,True,selected_common_reference_view
1794,onion_all_high_0505,True,selected_common_reference_view
2066,onion_all_high_0505,True,selected_common_reference_view
2148,onion_all_high_0505,True,selected_common_reference_view
2251,onion_all_high_0505,True,selected_common_reference_view
2260,onion_all_high_0505,True,selected_common_reference_view
2347,onion_all_high_0505,True,selected_common_reference_view
2441,onion_all_high_0505,True,selected_common_reference_view
2450,onion_all_high_0505,True,selected_common_reference_view
1380,onion_all_high_0506,True,selected_common_reference_view
1519,onion_all_high_0506,True,selected_common_reference_view
1634,onion_all_high_0506,True,selected_common_reference_view
1709,onion_all_high_0506,True,selected_common_reference_view
1723,onion_all_high_0506,True,selected_common_reference_view
1746,onion_all_high_0506,True,selected_common_reference_view
1784,onion_all_high_0506,True,selected_common_reference_view
1787,onion_all_high_0506,True,selected_common_reference_view
1830,onion_all_high_0506,True,selected_common_reference_view
1979,onion_all_high_0506,True,selected_common_reference_view
2249,onion_all_high_0506,True,selected_common_reference_view
2277,onion_all_high_0506,True,selected_common_reference_view
2330,onion_all_high_0506,True,selected_common_reference_view
2340,onion_all_high_0506,True,selected_common_reference_view
1307,onion_all_high_0507,True,selected_common_reference_view
1644,onion_all_high_0507,True,selected_common_reference_view
1701,onion_all_high_0507,True,selected_common_reference_view
1760,onion_all_high_0507,True,selected_common_reference_view
1887,onion_all_high_0507,True,selected_common_reference_view
1900,onion_all_high_0507,True,selected_common_reference_view
1995,onion_all_high_0507,True,selected_common_reference_view
2016,onion_all_high_0507,True,selected_common_reference_view
2050,onion_all_high_0507,True,selected_common_reference_view
2102,onion_all_high_0507,True,selected_common_reference_view
2331,onion_all_high_0507,True,selected_common_reference_view
2386,onion_all_high_0507,True,selected_common_reference_view
2485,onion_all_high_0507,True,selected_common_reference_view
1314,onion_all_high_0508,True,selected_common_reference_view
1415,onion_all_high_0508,True,selected_common_reference_view
1463,onion_all_high_0508,True,selected_common_reference_view
1564,onion_all_high_0508,True,selected_common_reference_view
1565,onion_all_high_0508,True,selected_common_reference_view
1769,onion_all_high_0508,True,selected_common_reference_view
1781,onion_all_high_0508,True,selected_common_reference_view
1799,onion_all_high_0508,True,selected_common_reference_view
1901,onion_all_high_0508,True,selected_common_reference_view
2057,onion_all_high_0508,True,selected_common_reference_view
2228,onion_all_high_0508,True,selected_common_reference_view
2323,onion_all_high_0508,True,selected_common_reference_view
2341,onion_all_high_0508,True,selected_common_reference_view
1306,onion_all_high_0509,True,selected_common_reference_view
1385,onion_all_high_0509,False,different_or_unresolved_reference_within_blocked_component
1402,onion_all_high_0509,False,different_or_unresolved_reference_within_blocked_component
1405,onion_all_high_0509,False,different_or_unresolved_reference_within_blocked_component
1474,onion_all_high_0509,False,different_or_unresolved_reference_within_blocked_component
1568,onion_all_high_0509,False,different_or_unresolved_reference_within_blocked_component
1655,onion_all_high_0509,True,selected_common_reference_view
1672,onion_all_high_0509,True,selected_common_reference_view
1687,onion_all_high_0509,True,selected_common_reference_view
1836,onion_all_high_0509,False,different_or_unresolved_reference_within_blocked_component
1886,onion_all_high_0509,False,different_or_unresolved_reference_within_blocked_component
2214,onion_all_high_0509,True,selected_common_reference_view
2247,onion_all_high_0509,True,selected_common_reference_view
2473,onion_all_high_0509,True,selected_common_reference_view
1292,onion_all_high_0510,True,selected_common_reference_view
1494,onion_all_high_0510,True,selected_common_reference_view
1581,onion_all_high_0510,True,selected_common_reference_view
1623,onion_all_high_0510,True,selected_common_reference_view
1635,onion_all_high_0510,True,selected_common_reference_view
1660,onion_all_high_0510,True,selected_common_reference_view
1731,onion_all_high_0510,True,selected_common_reference_view
1824,onion_all_high_0510,True,selected_common_reference_view
1833,onion_all_high_0510,True,selected_common_reference_view
1933,onion_all_high_0510,True,selected_common_reference_view
2032,onion_all_high_0510,True,selected_common_reference_view
2273,onion_all_high_0510,True,selected_common_reference_view
2403,onion_all_high_0510,True,selected_common_reference_view
1290,onion_all_high_0511,True,selected_common_reference_view
1330,onion_all_high_0511,True,selected_common_reference_view
1333,onion_all_high_0511,True,selected_common_reference_view
1372,onion_all_high_0511,True,selected_common_reference_view
1378,onion_all_high_0511,True,selected_common_reference_view
1427,onion_all_high_0511,True,selected_common_reference_view
1432,onion_all_high_0511,True,selected_common_reference_view
1481,onion_all_high_0511,True,selected_common_reference_view
1534,onion_all_high_0511,True,selected_common_reference_view
1665,onion_all_high_0511,True,selected_common_reference_view
1675,onion_all_high_0511,True,selected_common_reference_view
1679,onion_all_high_0511,True,selected_common_reference_view
1698,onion_all_high_0511,True,selected_common_reference_view
1703,onion_all_high_0511,True,selected_common_reference_view
1857,onion_all_high_0511,True,selected_common_reference_view
1861,onion_all_high_0511,True,selected_common_reference_view
1884,onion_all_high_0511,True,selected_common_reference_view
1905,onion_all_high_0511,True,selected_common_reference_view
1927,onion_all_high_0511,True,selected_common_reference_view
2064,onion_all_high_0511,True,selected_common_reference_view
2138,onion_all_high_0511,True,selected_common_reference_view
2143,onion_all_high_0511,True,selected_common_reference_view
2168,onion_all_high_0511,True,selected_common_reference_view
2191,onion_all_high_0511,True,selected_common_reference_view
2272,onion_all_high_0511,True,selected_common_reference_view
2374,onion_all_high_0511,True,selected_common_reference_view
1465,onion_all_high_0512,True,selected_common_reference_view
1566,onion_all_high_0512,True,selected_common_reference_view
1587,onion_all_high_0512,True,selected_common_reference_view
1689,onion_all_high_0512,True,selected_common_reference_view
1817,onion_all_high_0512,True,selected_common_reference_view
1951,onion_all_high_0512,True,selected_common_reference_view
2000,onion_all_high_0512,True,selected_common_reference_view
2075,onion_all_high_0512,True,selected_common_reference_view
2157,onion_all_high_0512,True,selected_common_reference_view
2221,onion_all_high_0512,True,selected_common_reference_view
2246,onion_all_high_0512,True,selected_common_reference_view
2248,onion_all_high_0512,True,selected_common_reference_view
2325,onion_all_high_0512,True,selected_common_reference_view
2391,onion_all_high_0512,True,selected_common_reference_view
1296,onion_all_high_0513,True,selected_common_reference_view
1388,onion_all_high_0513,True,selected_common_reference_view
1502,onion_all_high_0513,True,selected_common_reference_view
1556,onion_all_high_0513,True,selected_common_reference_view
1681,onion_all_high_0513,True,selected_common_reference_view
1683,onion_all_high_0513,True,selected_common_reference_view
1910,onion_all_high_0513,True,selected_common_reference_view
1935,onion_all_high_0513,True,selected_common_reference_view
1968,onion_all_high_0513,True,selected_common_reference_view
2035,onion_all_high_0513,True,selected_common_reference_view
2286,onion_all_high_0513,True,selected_common_reference_view
2464,onion_all_high_0513,True,selected_common_reference_view
2479,onion_all_high_0513,True,selected_common_reference_view
1291,onion_all_high_0514,False,different_or_unresolved_reference_within_blocked_component
1315,onion_all_high_0514,False,different_or_unresolved_reference_within_blocked_component
1420,onion_all_high_0514,True,selected_common_reference_view
1548,onion_all_high_0514,True,selected_common_reference_view
1590,onion_all_high_0514,False,different_or_unresolved_reference_within_blocked_component
1627,onion_all_high_0514,False,different_or_unresolved_reference_within_blocked_component
1658,onion_all_high_0514,False,different_or_unresolved_reference_within_blocked_component
1757,onion_all_high_0514,True,selected_common_reference_view
1792,onion_all_high_0514,True,selected_common_reference_view
1825,onion_all_high_0514,False,different_or_unresolved_reference_within_blocked_component
1916,onion_all_high_0514,True,selected_common_reference_view
1919,onion_all_high_0514,True,selected_common_reference_view
1937,onion_all_high_0514,False,different_or_unresolved_reference_within_blocked_component
2005,onion_all_high_0514,False,different_or_unresolved_reference_within_blocked_component
2019,onion_all_high_0514,True,selected_common_reference_view
2036,onion_all_high_0514,True,selected_common_reference_view
2038,onion_all_high_0514,True,selected_common_reference_view
2090,onion_all_high_0514,False,different_or_unresolved_reference_within_blocked_component
2146,onion_all_high_0514,True,selected_common_reference_view
2154,onion_all_high_0514,False,different_or_unresolved_reference_within_blocked_component
2166,onion_all_high_0514,True,selected_common_reference_view
2172,onion_all_high_0514,True,selected_common_reference_view
2185,onion_all_high_0514,False,different_or_unresolved_reference_within_blocked_component
2219,onion_all_high_0514,True,selected_common_reference_view
2282,onion_all_high_0514,True,selected_common_reference_view
2313,onion_all_high_0514,False,different_or_unresolved_reference_within_blocked_component
2472,onion_all_high_0514,False,different_or_unresolved_reference_within_blocked_component
1451,onion_all_high_0515,True,selected_common_reference_view
1475,onion_all_high_0515,True,selected_common_reference_view
1497,onion_all_high_0515,True,selected_common_reference_view
1521,onion_all_high_0515,True,selected_common_reference_view
1553,onion_all_high_0515,True,selected_common_reference_view
1677,onion_all_high_0515,True,selected_common_reference_view
1786,onion_all_high_0515,True,selected_common_reference_view
1972,onion_all_high_0515,True,selected_common_reference_view
2101,onion_all_high_0515,True,selected_common_reference_view
2137,onion_all_high_0515,True,selected_common_reference_view
2145,onion_all_high_0515,True,selected_common_reference_view
2159,onion_all_high_0515,True,selected_common_reference_view
2276,onion_all_high_0515,True,selected_common_reference_view
2426,onion_all_high_0515,True,selected_common_reference_view
1283,onion_all_high_0516,True,selected_common_reference_view
1439,onion_all_high_0516,True,selected_common_reference_view
1484,onion_all_high_0516,True,selected_common_reference_view
1612,onion_all_high_0516,True,selected_common_reference_view
1749,onion_all_high_0516,True,selected_common_reference_view
1759,onion_all_high_0516,True,selected_common_reference_view
1843,onion_all_high_0516,True,selected_common_reference_view
1948,onion_all_high_0516,True,selected_common_reference_view
1959,onion_all_high_0516,True,selected_common_reference_view
2135,onion_all_high_0516,True,selected_common_reference_view
2231,onion_all_high_0516,True,selected_common_reference_view
2259,onion_all_high_0516,True,selected_common_reference_view
2411,onion_all_high_0516,True,selected_common_reference_view
2467,onion_all_high_0516,True,selected_common_reference_view
1486,onion_all_high_0517,True,selected_common_reference_view
1580,onion_all_high_0517,True,selected_common_reference_view
1583,onion_all_high_0517,True,selected_common_reference_view
1684,onion_all_high_0517,True,selected_common_reference_view
1890,onion_all_high_0517,True,selected_common_reference_view
1896,onion_all_high_0517,True,selected_common_reference_view
1942,onion_all_high_0517,True,selected_common_reference_view
2139,onion_all_high_0517,True,selected_common_reference_view
2174,onion_all_high_0517,True,selected_common_reference_view
2206,onion_all_high_0517,True,selected_common_reference_view
2290,onion_all_high_0517,True,selected_common_reference_view
2439,onion_all_high_0517,True,selected_common_reference_view
2490,onion_all_high_0517,True,selected_common_reference_view
1359,onion_all_high_0518,True,selected_common_reference_view
1470,onion_all_high_0518,True,selected_common_reference_view
1542,onion_all_high_0518,True,selected_common_reference_view
1613,onion_all_high_0518,True,selected_common_reference_view
1680,onion_all_high_0518,True,selected_common_reference_view
1743,onion_all_high_0518,True,selected_common_reference_view
1791,onion_all_high_0518,True,selected_common_reference_view
1930,onion_all_high_0518,True,selected_common_reference_view
1966,onion_all_high_0518,True,selected_common_reference_view
1988,onion_all_high_0518,True,selected_common_reference_view
2160,onion_all_high_0518,True,selected_common_reference_view
2207,onion_all_high_0518,True,selected_common_reference_view
2397,onion_all_high_0518,True,selected_common_reference_view
2488,onion_all_high_0518,True,selected_common_reference_view
1407,onion_all_high_0519,True,selected_common_reference_view
1578,onion_all_high_0519,True,selected_common_reference_view
1639,onion_all_high_0519,True,selected_common_reference_view
1649,onion_all_high_0519,True,selected_common_reference_view
1754,onion_all_high_0519,True,selected_common_reference_view
1779,onion_all_high_0519,True,selected_common_reference_view
1798,onion_all_high_0519,True,selected_common_reference_view
1893,onion_all_high_0519,True,selected_common_reference_view
1997,onion_all_high_0519,True,selected_common_reference_view
2069,onion_all_high_0519,True,selected_common_reference_view
2318,onion_all_high_0519,True,selected_common_reference_view
2343,onion_all_high_0519,True,selected_common_reference_view
2480,onion_all_high_0519,True,selected_common_reference_view
1282,onion_all_high_0520,True,selected_common_reference_view
1358,onion_all_high_0520,True,selected_common_reference_view
1547,onion_all_high_0520,True,selected_common_reference_view
1594,onion_all_high_0520,True,selected_common_reference_view
1633,onion_all_high_0520,True,selected_common_reference_view
1636,onion_all_high_0520,True,selected_common_reference_view
1885,onion_all_high_0520,True,selected_common_reference_view
1892,onion_all_high_0520,True,selected_common_reference_view
1898,onion_all_high_0520,True,selected_common_reference_view
2126,onion_all_high_0520,True,selected_common_reference_view
2153,onion_all_high_0520,True,selected_common_reference_view
2390,onion_all_high_0520,True,selected_common_reference_view
2458,onion_all_high_0520,True,selected_common_reference_view
1312,onion_all_high_0521,False,different_or_unresolved_reference_within_blocked_component
1406,onion_all_high_0521,True,selected_common_reference_view
1430,onion_all_high_0521,True,selected_common_reference_view
1523,onion_all_high_0521,True,selected_common_reference_view
1550,onion_all_high_0521,False,different_or_unresolved_reference_within_blocked_component
1570,onion_all_high_0521,False,different_or_unresolved_reference_within_blocked_component
1624,onion_all_high_0521,False,different_or_unresolved_reference_within_blocked_component
1667,onion_all_high_0521,False,different_or_unresolved_reference_within_blocked_component
1718,onion_all_high_0521,True,selected_common_reference_view
1742,onion_all_high_0521,False,different_or_unresolved_reference_within_blocked_component
1894,onion_all_high_0521,False,different_or_unresolved_reference_within_blocked_component
1973,onion_all_high_0521,False,different_or_unresolved_reference_within_blocked_component
1987,onion_all_high_0521,True,selected_common_reference_view
2120,onion_all_high_0521,True,selected_common_reference_view
2128,onion_all_high_0521,True,selected_common_reference_view
2136,onion_all_high_0521,False,different_or_unresolved_reference_within_blocked_component
2193,onion_all_high_0521,True,selected_common_reference_view
2196,onion_all_high_0521,True,selected_common_reference_view
2243,onion_all_high_0521,False,different_or_unresolved_reference_within_blocked_component
2252,onion_all_high_0521,True,selected_common_reference_view
2264,onion_all_high_0521,False,different_or_unresolved_reference_within_blocked_component
2293,onion_all_high_0521,False,different_or_unresolved_reference_within_blocked_component
2384,onion_all_high_0521,True,selected_common_reference_view
2406,onion_all_high_0521,True,selected_common_reference_view
2471,onion_all_high_0521,True,selected_common_reference_view
2492,onion_all_high_0521,False,different_or_unresolved_reference_within_blocked_component
1351,onion_all_high_0522,True,selected_common_reference_view
1356,onion_all_high_0522,True,selected_common_reference_view
1777,onion_all_high_0522,True,selected_common_reference_view
1923,onion_all_high_0522,True,selected_common_reference_view
2014,onion_all_high_0522,True,selected_common_reference_view
2051,onion_all_high_0522,True,selected_common_reference_view
2078,onion_all_high_0522,True,selected_common_reference_view
2133,onion_all_high_0522,True,selected_common_reference_view
2265,onion_all_high_0522,True,selected_common_reference_view
2314,onion_all_high_0522,True,selected_common_reference_view
2348,onion_all_high_0522,True,selected_common_reference_view
2392,onion_all_high_0522,True,selected_common_reference_view
2395,onion_all_high_0522,True,selected_common_reference_view
2419,onion_all_high_0522,True,selected_common_reference_view
1293,onion_all_high_0523,True,selected_common_reference_view
1471,onion_all_high_0523,True,selected_common_reference_view
1489,onion_all_high_0523,True,selected_common_reference_view
1539,onion_all_high_0523,True,selected_common_reference_view
1774,onion_all_high_0523,True,selected_common_reference_view
1850,onion_all_high_0523,True,selected_common_reference_view
1876,onion_all_high_0523,True,selected_common_reference_view
2165,onion_all_high_0523,True,selected_common_reference_view
2296,onion_all_high_0523,True,selected_common_reference_view
2344,onion_all_high_0523,True,selected_common_reference_view
2363,onion_all_high_0523,True,selected_common_reference_view
2393,onion_all_high_0523,True,selected_common_reference_view
2452,onion_all_high_0523,True,selected_common_reference_view
2483,onion_all_high_0523,True,selected_common_reference_view
1365,onion_all_high_0524,True,selected_common_reference_view
1386,onion_all_high_0524,True,selected_common_reference_view
1414,onion_all_high_0524,True,selected_common_reference_view
1569,onion_all_high_0524,True,selected_common_reference_view
1685,onion_all_high_0524,True,selected_common_reference_view
1722,onion_all_high_0524,True,selected_common_reference_view
1877,onion_all_high_0524,True,selected_common_reference_view
2046,onion_all_high_0524,True,selected_common_reference_view
2171,onion_all_high_0524,True,selected_common_reference_view
2225,onion_all_high_0524,True,selected_common_reference_view
2295,onion_all_high_0524,True,selected_common_reference_view
2299,onion_all_high_0524,True,selected_common_reference_view
2361,onion_all_high_0524,True,selected_common_reference_view
2430,onion_all_high_0524,True,selected_common_reference_view
1310,onion_all_high_0525,True,selected_common_reference_view
1431,onion_all_high_0525,True,selected_common_reference_view
1544,onion_all_high_0525,True,selected_common_reference_view
1668,onion_all_high_0525,True,selected_common_reference_view
1726,onion_all_high_0525,True,selected_common_reference_view
1926,onion_all_high_0525,True,selected_common_reference_view
1954,onion_all_high_0525,True,selected_common_reference_view
1957,onion_all_high_0525,True,selected_common_reference_view
2182,onion_all_high_0525,True,selected_common_reference_view
2236,onion_all_high_0525,True,selected_common_reference_view
2372,onion_all_high_0525,True,selected_common_reference_view
2381,onion_all_high_0525,True,selected_common_reference_view
2484,onion_all_high_0525,True,selected_common_reference_view
1286,onion_all_high_0526,True,selected_common_reference_view
1355,onion_all_high_0526,True,selected_common_reference_view
1477,onion_all_high_0526,True,selected_common_reference_view
1490,onion_all_high_0526,True,selected_common_reference_view
1702,onion_all_high_0526,True,selected_common_reference_view
1770,onion_all_high_0526,True,selected_common_reference_view
1837,onion_all_high_0526,True,selected_common_reference_view
1869,onion_all_high_0526,True,selected_common_reference_view
1928,onion_all_high_0526,True,selected_common_reference_view
2020,onion_all_high_0526,True,selected_common_reference_view
2186,onion_all_high_0526,True,selected_common_reference_view
2287,onion_all_high_0526,True,selected_common_reference_view
2476,onion_all_high_0526,True,selected_common_reference_view
1335,onion_all_high_0527,True,selected_common_reference_view
1506,onion_all_high_0527,True,selected_common_reference_view
1610,onion_all_high_0527,True,selected_common_reference_view
1632,onion_all_high_0527,True,selected_common_reference_view
1646,onion_all_high_0527,True,selected_common_reference_view
1829,onion_all_high_0527,True,selected_common_reference_view
1955,onion_all_high_0527,True,selected_common_reference_view
1990,onion_all_high_0527,True,selected_common_reference_view
2088,onion_all_high_0527,True,selected_common_reference_view
2195,onion_all_high_0527,True,selected_common_reference_view
2232,onion_all_high_0527,True,selected_common_reference_view
2320,onion_all_high_0527,True,selected_common_reference_view
2475,onion_all_high_0527,True,selected_common_reference_view
1454,onion_all_high_0528,True,selected_common_reference_view
1505,onion_all_high_0528,True,selected_common_reference_view
1508,onion_all_high_0528,True,selected_common_reference_view
1732,onion_all_high_0528,True,selected_common_reference_view
1802,onion_all_high_0528,True,selected_common_reference_view
1813,onion_all_high_0528,True,selected_common_reference_view
1827,onion_all_high_0528,True,selected_common_reference_view
2217,onion_all_high_0528,True,selected_common_reference_view
2244,onion_all_high_0528,True,selected_common_reference_view
2270,onion_all_high_0528,True,selected_common_reference_view
2366,onion_all_high_0528,True,selected_common_reference_view
2427,onion_all_high_0528,True,selected_common_reference_view
2465,onion_all_high_0528,True,selected_common_reference_view
2487,onion_all_high_0528,True,selected_common_reference_view
1313,onion_all_high_0529,True,selected_common_reference_view
1375,onion_all_high_0529,False,different_or_unresolved_reference_within_blocked_component
1418,onion_all_high_0529,False,different_or_unresolved_reference_within_blocked_component
1443,onion_all_high_0529,True,selected_common_reference_view
1491,onion_all_high_0529,True,selected_common_reference_view
1518,onion_all_high_0529,False,different_or_unresolved_reference_within_blocked_component
1608,onion_all_high_0529,True,selected_common_reference_view
1728,onion_all_high_0529,False,different_or_unresolved_reference_within_blocked_component
1744,onion_all_high_0529,False,different_or_unresolved_reference_within_blocked_component
1773,onion_all_high_0529,True,selected_common_reference_view
1795,onion_all_high_0529,True,selected_common_reference_view
1908,onion_all_high_0529,True,selected_common_reference_view
1967,onion_all_high_0529,True,selected_common_reference_view
1994,onion_all_high_0529,True,selected_common_reference_view
2059,onion_all_high_0529,False,different_or_unresolved_reference_within_blocked_component
2060,onion_all_high_0529,True,selected_common_reference_view
2134,onion_all_high_0529,False,different_or_unresolved_reference_within_blocked_component
2156,onion_all_high_0529,True,selected_common_reference_view
2158,onion_all_high_0529,True,selected_common_reference_view
2163,onion_all_high_0529,False,different_or_unresolved_reference_within_blocked_component
2212,onion_all_high_0529,False,different_or_unresolved_reference_within_blocked_component
2220,onion_all_high_0529,False,different_or_unresolved_reference_within_blocked_component
2268,onion_all_high_0529,True,selected_common_reference_view
2305,onion_all_high_0529,False,different_or_unresolved_reference_within_blocked_component
2354,onion_all_high_0529,False,different_or_unresolved_reference_within_blocked_component
2399,onion_all_high_0529,True,selected_common_reference_view
2474,onion_all_high_0529,False,different_or_unresolved_reference_within_blocked_component
1311,onion_all_high_0530,True,selected_common_reference_view
1441,onion_all_high_0530,True,selected_common_reference_view
1538,onion_all_high_0530,True,selected_common_reference_view
1625,onion_all_high_0530,True,selected_common_reference_view
1642,onion_all_high_0530,True,selected_common_reference_view
1691,onion_all_high_0530,True,selected_common_reference_view
1872,onion_all_high_0530,True,selected_common_reference_view
1950,onion_all_high_0530,True,selected_common_reference_view
2179,onion_all_high_0530,True,selected_common_reference_view
2281,onion_all_high_0530,True,selected_common_reference_view
2288,onion_all_high_0530,True,selected_common_reference_view
2309,onion_all_high_0530,True,selected_common_reference_view
2369,onion_all_high_0530,True,selected_common_reference_view
2382,onion_all_high_0530,True,selected_common_reference_view
1309,onion_all_high_0531,True,selected_common_reference_view
1390,onion_all_high_0531,True,selected_common_reference_view
1409,onion_all_high_0531,True,selected_common_reference_view
1498,onion_all_high_0531,True,selected_common_reference_view
1629,onion_all_high_0531,True,selected_common_reference_view
1696,onion_all_high_0531,True,selected_common_reference_view
2079,onion_all_high_0531,True,selected_common_reference_view
2210,onion_all_high_0531,True,selected_common_reference_view
2224,onion_all_high_0531,True,selected_common_reference_view
2245,onion_all_high_0531,True,selected_common_reference_view
2263,onion_all_high_0531,True,selected_common_reference_view
2292,onion_all_high_0531,True,selected_common_reference_view
2455,onion_all_high_0531,True,selected_common_reference_view
1379,onion_all_high_0532,True,selected_common_reference_view
1524,onion_all_high_0532,True,selected_common_reference_view
1761,onion_all_high_0532,True,selected_common_reference_view
1785,onion_all_high_0532,True,selected_common_reference_view
1875,onion_all_high_0532,True,selected_common_reference_view
1922,onion_all_high_0532,True,selected_common_reference_view
1975,onion_all_high_0532,True,selected_common_reference_view
2086,onion_all_high_0532,True,selected_common_reference_view
2183,onion_all_high_0532,True,selected_common_reference_view
2271,onion_all_high_0532,True,selected_common_reference_view
2437,onion_all_high_0532,True,selected_common_reference_view
2446,onion_all_high_0532,True,selected_common_reference_view
2477,onion_all_high_0532,True,selected_common_reference_view
1316,onion_all_high_0533,True,selected_common_reference_view
1460,onion_all_high_0533,True,selected_common_reference_view
1514,onion_all_high_0533,True,selected_common_reference_view
1601,onion_all_high_0533,True,selected_common_reference_view
1716,onion_all_high_0533,True,selected_common_reference_view
1840,onion_all_high_0533,True,selected_common_reference_view
1902,onion_all_high_0533,True,selected_common_reference_view
2006,onion_all_high_0533,True,selected_common_reference_view
2083,onion_all_high_0533,True,selected_common_reference_view
2149,onion_all_high_0533,True,selected_common_reference_view
2167,onion_all_high_0533,True,selected_common_reference_view
2192,onion_all_high_0533,True,selected_common_reference_view
2303,onion_all_high_0533,True,selected_common_reference_view
2351,onion_all_high_0533,True,selected_common_reference_view
1339,onion_all_high_0534,True,selected_common_reference_view
1479,onion_all_high_0534,True,selected_common_reference_view
1527,onion_all_high_0534,True,selected_common_reference_view
1545,onion_all_high_0534,True,selected_common_reference_view
1605,onion_all_high_0534,True,selected_common_reference_view
1648,onion_all_high_0534,True,selected_common_reference_view
1753,onion_all_high_0534,True,selected_common_reference_view
1809,onion_all_high_0534,True,selected_common_reference_view
1810,onion_all_high_0534,True,selected_common_reference_view
1949,onion_all_high_0534,True,selected_common_reference_view
2054,onion_all_high_0534,True,selected_common_reference_view
2211,onion_all_high_0534,True,selected_common_reference_view
2274,onion_all_high_0534,True,selected_common_reference_view
2448,onion_all_high_0534,True,selected_common_reference_view
1343,onion_all_high_0535,True,selected_common_reference_view
1401,onion_all_high_0535,True,selected_common_reference_view
1421,onion_all_high_0535,True,selected_common_reference_view
1464,onion_all_high_0535,True,selected_common_reference_view
1485,onion_all_high_0535,True,selected_common_reference_view
1493,onion_all_high_0535,True,selected_common_reference_view
1659,onion_all_high_0535,True,selected_common_reference_view
1682,onion_all_high_0535,True,selected_common_reference_view
1727,onion_all_high_0535,True,selected_common_reference_view
1739,onion_all_high_0535,True,selected_common_reference_view
1849,onion_all_high_0535,True,selected_common_reference_view
1899,onion_all_high_0535,True,selected_common_reference_view
2267,onion_all_high_0535,True,selected_common_reference_view
2412,onion_all_high_0535,True,selected_common_reference_view
1341,onion_all_high_0536,True,selected_common_reference_view
1377,onion_all_high_0536,True,selected_common_reference_view
1428,onion_all_high_0536,True,selected_common_reference_view
1446,onion_all_high_0536,True,selected_common_reference_view
1453,onion_all_high_0536,True,selected_common_reference_view
1645,onion_all_high_0536,True,selected_common_reference_view
1803,onion_all_high_0536,True,selected_common_reference_view
1917,onion_all_high_0536,True,selected_common_reference_view
2169,onion_all_high_0536,True,selected_common_reference_view
2237,onion_all_high_0536,True,selected_common_reference_view
2336,onion_all_high_0536,True,selected_common_reference_view
2358,onion_all_high_0536,True,selected_common_reference_view
2365,onion_all_high_0536,True,selected_common_reference_view
2470,onion_all_high_0536,True,selected_common_reference_view
1279,onion_all_high_0537,True,selected_common_reference_view
1416,onion_all_high_0537,True,selected_common_reference_view
1512,onion_all_high_0537,True,selected_common_reference_view
1651,onion_all_high_0537,True,selected_common_reference_view
1868,onion_all_high_0537,True,selected_common_reference_view
1904,onion_all_high_0537,True,selected_common_reference_view
1931,onion_all_high_0537,True,selected_common_reference_view
2023,onion_all_high_0537,True,selected_common_reference_view
2029,onion_all_high_0537,True,selected_common_reference_view
2104,onion_all_high_0537,True,selected_common_reference_view
2223,onion_all_high_0537,True,selected_common_reference_view
2291,onion_all_high_0537,True,selected_common_reference_view
2425,onion_all_high_0537,True,selected_common_reference_view
2468,onion_all_high_0537,True,selected_common_reference_view
1280,onion_all_high_0538,True,selected_common_reference_view
1289,onion_all_high_0538,True,selected_common_reference_view
1370,onion_all_high_0538,True,selected_common_reference_view
1438,onion_all_high_0538,True,selected_common_reference_view
1517,onion_all_high_0538,True,selected_common_reference_view
1647,onion_all_high_0538,True,selected_common_reference_view
1694,onion_all_high_0538,True,selected_common_reference_view
1776,onion_all_high_0538,True,selected_common_reference_view
1956,onion_all_high_0538,True,selected_common_reference_view
2229,onion_all_high_0538,True,selected_common_reference_view
2350,onion_all_high_0538,True,selected_common_reference_view
2398,onion_all_high_0538,True,selected_common_reference_view
2461,onion_all_high_0538,True,selected_common_reference_view
1368,onion_all_high_0539,True,selected_common_reference_view
1507,onion_all_high_0539,True,selected_common_reference_view
1516,onion_all_high_0539,True,selected_common_reference_view
1555,onion_all_high_0539,True,selected_common_reference_view
1557,onion_all_high_0539,True,selected_common_reference_view
1597,onion_all_high_0539,True,selected_common_reference_view
1637,onion_all_high_0539,True,selected_common_reference_view
1656,onion_all_high_0539,True,selected_common_reference_view
1740,onion_all_high_0539,True,selected_common_reference_view
1980,onion_all_high_0539,True,selected_common_reference_view
2009,onion_all_high_0539,True,selected_common_reference_view
2053,onion_all_high_0539,True,selected_common_reference_view
2242,onion_all_high_0539,True,selected_common_reference_view
2420,onion_all_high_0539,True,selected_common_reference_view
1394,onion_all_high_0540,True,selected_common_reference_view
1652,onion_all_high_0540,True,selected_common_reference_view
1805,onion_all_high_0540,True,selected_common_reference_view
1835,onion_all_high_0540,True,selected_common_reference_view
1852,onion_all_high_0540,True,selected_common_reference_view
1866,onion_all_high_0540,True,selected_common_reference_view
2026,onion_all_high_0540,True,selected_common_reference_view
2103,onion_all_high_0540,True,selected_common_reference_view
2187,onion_all_high_0540,True,selected_common_reference_view
2197,onion_all_high_0540,True,selected_common_reference_view
2332,onion_all_high_0540,True,selected_common_reference_view
2387,onion_all_high_0540,True,selected_common_reference_view
2435,onion_all_high_0540,True,selected_common_reference_view
2454,onion_all_high_0540,True,selected_common_reference_view
1419,onion_all_high_0541,True,selected_common_reference_view
1444,onion_all_high_0541,True,selected_common_reference_view
1690,onion_all_high_0541,True,selected_common_reference_view
1755,onion_all_high_0541,True,selected_common_reference_view
1867,onion_all_high_0541,True,selected_common_reference_view
1873,onion_all_high_0541,True,selected_common_reference_view
1913,onion_all_high_0541,True,selected_common_reference_view
2121,onion_all_high_0541,True,selected_common_reference_view
2144,onion_all_high_0541,True,selected_common_reference_view
2326,onion_all_high_0541,True,selected_common_reference_view
2359,onion_all_high_0541,True,selected_common_reference_view
2360,onion_all_high_0541,True,selected_common_reference_view
2368,onion_all_high_0541,True,selected_common_reference_view
2417,onion_all_high_0541,True,selected_common_reference_view
1284,onion_all_high_0542,True,selected_common_reference_view
1345,onion_all_high_0542,True,selected_common_reference_view
1448,onion_all_high_0542,True,selected_common_reference_view
1602,onion_all_high_0542,True,selected_common_reference_view
1958,onion_all_high_0542,True,selected_common_reference_view
1991,onion_all_high_0542,True,selected_common_reference_view
1998,onion_all_high_0542,True,selected_common_reference_view
2095,onion_all_high_0542,True,selected_common_reference_view
2112,onion_all_high_0542,True,selected_common_reference_view
2147,onion_all_high_0542,True,selected_common_reference_view
2278,onion_all_high_0542,True,selected_common_reference_view
2310,onion_all_high_0542,True,selected_common_reference_view
2418,onion_all_high_0542,True,selected_common_reference_view
1304,onion_all_high_0543,True,selected_common_reference_view
1337,onion_all_high_0543,True,selected_common_reference_view
1883,onion_all_high_0543,True,selected_common_reference_view
1960,onion_all_high_0543,True,selected_common_reference_view
1963,onion_all_high_0543,True,selected_common_reference_view
2008,onion_all_high_0543,True,selected_common_reference_view
2040,onion_all_high_0543,True,selected_common_reference_view
2045,onion_all_high_0543,True,selected_common_reference_view
2056,onion_all_high_0543,True,selected_common_reference_view
2070,onion_all_high_0543,True,selected_common_reference_view
2100,onion_all_high_0543,True,selected_common_reference_view
2213,onion_all_high_0543,True,selected_common_reference_view
2235,onion_all_high_0543,True,selected_common_reference_view
2451,onion_all_high_0543,True,selected_common_reference_view
1554,onion_all_high_0544,True,selected_common_reference_view
1598,onion_all_high_0544,True,selected_common_reference_view
1600,onion_all_high_0544,True,selected_common_reference_view
1622,onion_all_high_0544,True,selected_common_reference_view
1819,onion_all_high_0544,True,selected_common_reference_view
1834,onion_all_high_0544,True,selected_common_reference_view
1936,onion_all_high_0544,True,selected_common_reference_view
1952,onion_all_high_0544,True,selected_common_reference_view
1969,onion_all_high_0544,True,selected_common_reference_view
2161,onion_all_high_0544,True,selected_common_reference_view
2198,onion_all_high_0544,True,selected_common_reference_view
2209,onion_all_high_0544,True,selected_common_reference_view
2284,onion_all_high_0544,True,selected_common_reference_view
2416,onion_all_high_0544,True,selected_common_reference_view
1347,onion_all_high_0545,True,selected_common_reference_view
1589,onion_all_high_0545,True,selected_common_reference_view
1704,onion_all_high_0545,True,selected_common_reference_view
1715,onion_all_high_0545,True,selected_common_reference_view
1853,onion_all_high_0545,True,selected_common_reference_view
2044,onion_all_high_0545,True,selected_common_reference_view
2084,onion_all_high_0545,True,selected_common_reference_view
2087,onion_all_high_0545,True,selected_common_reference_view
2098,onion_all_high_0545,True,selected_common_reference_view
2099,onion_all_high_0545,True,selected_common_reference_view
2333,onion_all_high_0545,True,selected_common_reference_view
2339,onion_all_high_0545,True,selected_common_reference_view
2453,onion_all_high_0545,True,selected_common_reference_view
1278,onion_all_high_0546,True,selected_common_reference_view
1504,onion_all_high_0546,True,selected_common_reference_view
1560,onion_all_high_0546,True,selected_common_reference_view
1573,onion_all_high_0546,True,selected_common_reference_view
1586,onion_all_high_0546,True,selected_common_reference_view
1678,onion_all_high_0546,True,selected_common_reference_view
1695,onion_all_high_0546,True,selected_common_reference_view
1713,onion_all_high_0546,True,selected_common_reference_view
1714,onion_all_high_0546,False,different_or_unresolved_reference_within_blocked_component
1721,onion_all_high_0546,True,selected_common_reference_view
1762,onion_all_high_0546,True,selected_common_reference_view
1778,onion_all_high_0546,True,selected_common_reference_view
1864,onion_all_high_0546,True,selected_common_reference_view
1977,onion_all_high_0546,True,selected_common_reference_view
2004,onion_all_high_0546,True,selected_common_reference_view
2081,onion_all_high_0546,True,selected_common_reference_view
2142,onion_all_high_0546,True,selected_common_reference_view
2151,onion_all_high_0546,False,different_or_unresolved_reference_within_blocked_component
2204,onion_all_high_0546,False,different_or_unresolved_reference_within_blocked_component
2208,onion_all_high_0546,True,selected_common_reference_view
2266,onion_all_high_0546,True,selected_common_reference_view
2280,onion_all_high_0546,True,selected_common_reference_view
2413,onion_all_high_0546,True,selected_common_reference_view
2436,onion_all_high_0546,True,selected_common_reference_view
2463,onion_all_high_0546,False,different_or_unresolved_reference_within_blocked_component
2493,onion_all_high_0546,False,different_or_unresolved_reference_within_blocked_component
1297,onion_all_high_0547,True,selected_common_reference_view
1318,onion_all_high_0547,True,selected_common_reference_view
1426,onion_all_high_0547,True,selected_common_reference_view
1503,onion_all_high_0547,True,selected_common_reference_view
1510,onion_all_high_0547,True,selected_common_reference_view
1546,onion_all_high_0547,True,selected_common_reference_view
1614,onion_all_high_0547,True,selected_common_reference_view
1729,onion_all_high_0547,True,selected_common_reference_view
2177,onion_all_high_0547,True,selected_common_reference_view
2205,onion_all_high_0547,True,selected_common_reference_view
2294,onion_all_high_0547,True,selected_common_reference_view
2396,onion_all_high_0547,True,selected_common_reference_view
2438,onion_all_high_0547,True,selected_common_reference_view
2445,onion_all_high_0547,True,selected_common_reference_view
