repetition,seed,target_component,target_label,donor_component,alternate_component,anchor_position,own_view1_position,own_view2_position,common_class
0,20261003,pv_author_leaf::Potato___Early_blight:::1.0,Potato___Early_blight,pv_author_leaf::Potato___Early_blight:::91.0,pv_author_leaf::Potato___Early_blight:::166.0,3,1,0,1
0,20261003,pv_author_leaf::Potato___Early_blight:::10.0,Potato___Early_blight,pv_author_leaf::Potato___Early_blight:::208.0,pv_author_leaf::Potato___Early_blight:::224.0,4,6,7,1
0,20261003,pv_author_leaf::Potato___Early_blight:::100.0,Potato___Early_blight,pv_author_leaf::Potato___Early_blight:::32.0,pv_author_leaf::Potato___Early_blight:::178.0,10,11,8,1
0,20261003,pv_author_leaf::Potato___Early_blight:::103.0,Potato___Early_blight,pv_author_leaf::Potato___Early_blight:::56.0,pv_author_leaf::Potato___Early_blight:::139.0,22,23,21,1
0,20261003,pv_author_leaf::Potato___Early_blight:::109.0,Potato___Early_blight,pv_author_leaf::Potato___Early_blight:::234.0,pv_author_leaf::Potato___Early_blight:::228.0,45,44,47,1
0,20261003,pv_author_leaf::Potato___Early_blight:::110.0,Potato___Early_blight,pv_author_leaf::Potato___Early_blight:::153.0,pv_author_leaf::Potato___Early_blight:::196.0,55,54,52,1
0,20261003,pv_author_leaf::Potato___Early_blight:::117.0,Potato___Early_blight,pv_author_leaf::Potato___Early_blight:::14.0,pv_author_leaf::Potato___Early_blight:::54.0,82,80,81,1
0,20261003,pv_author_leaf::Potato___Early_blight:::122.0,Potato___Early_blight,pv_author_leaf::Potato___Early_blight:::55.0,pv_author_leaf::Potato___Early_blight:::138.0,107,104,105,1
0,20261003,pv_author_leaf::Potato___Early_blight:::125.0,Potato___Early_blight,pv_author_leaf::Potato___Early_blight:::8.0,pv_author_leaf::Potato___Early_blight:::39.0,117,118,119,1
0,20261003,pv_author_leaf::Potato___Early_blight:::130.0,Potato___Early_blight,pv_author_leaf::Potato___Early_blight:::209.0,pv_author_leaf::Potato___Early_blight:::78.0,143,142,141,1
0,20261003,pv_author_leaf::Potato___Early_blight:::133.0,Potato___Early_blight,pv_author_leaf::Potato___Early_blight:::105.0,pv_author_leaf::Potato___Early_blight:::43.0,153,152,155,1
0,20261003,pv_author_leaf::Potato___Early_blight:::140.0,Potato___Early_blight,pv_author_leaf::Potato___Early_blight:::13.0,pv_author_leaf::Potato___Early_blight:::129.0,187,185,184,1
0,20261003,pv_author_leaf::Potato___Early_blight:::16.0,Potato___Early_blight,pv_author_leaf::Potato___Early_blight:::25.0,pv_author_leaf::Potato___Early_blight:::158.0,268,269,271,1
0,20261003,pv_author_leaf::Potato___Early_blight:::17.0,Potato___Early_blight,pv_author_leaf::Potato___Early_blight:::44.0,pv_author_leaf::Potato___Early_blight:::157.0,315,314,312,1
0,20261003,pv_author_leaf::Potato___Early_blight:::170.0,Potato___Early_blight,pv_author_leaf::Potato___Early_blight:::126.0,pv_author_leaf::Potato___Early_blight:::179.0,317,316,319,1
0,20261003,pv_author_leaf::Potato___Early_blight:::184.0,Potato___Early_blight,pv_author_leaf::Potato___Early_blight:::246.0,pv_author_leaf::Potato___Early_blight:::132.0,379,377,376,1
0,20261003,pv_author_leaf::Potato___Early_blight:::188.0,Potato___Early_blight,pv_author_leaf::Potato___Early_blight:::99.0,pv_author_leaf::Potato___Early_blight:::108.0,394,395,393,1
0,20261003,pv_author_leaf::Potato___Early_blight:::192.0,Potato___Early_blight,pv_author_leaf::Potato___Early_blight:::206.0,pv_author_leaf::Potato___Early_blight:::11.0,412,415,413,1
0,20261003,pv_author_leaf::Potato___Early_blight:::197.0,Potato___Early_blight,pv_author_leaf::Potato___Early_blight:::51.0,pv_author_leaf::Potato___Early_blight:::101.0,434,432,433,1
0,20261003,pv_author_leaf::Potato___Early_blight:::21.0,Potato___Early_blight,pv_author_leaf::Potato___Early_blight:::194.0,pv_author_leaf::Potato___Early_blight:::88.0,492,493,495,1
0,20261003,pv_author_leaf::Potato___Early_blight:::22.0,Potato___Early_blight,pv_author_leaf::Potato___Early_blight:::94.0,pv_author_leaf::Potato___Early_blight:::137.0,537,539,538,1
0,20261003,pv_author_leaf::Potato___Early_blight:::220.0,Potato___Early_blight,pv_author_leaf::Potato___Early_blight:::231.0,pv_author_leaf::Potato___Early_blight:::189.0,540,542,541,1
0,20261003,pv_author_leaf::Potato___Early_blight:::221.0,Potato___Early_blight,pv_author_leaf::Potato___Early_blight:::225.0,pv_author_leaf::Potato___Early_blight:::227.0,545,547,544,1
0,20261003,pv_author_leaf::Potato___Early_blight:::226.0,Potato___Early_blight,pv_author_leaf::Potato___Early_blight:::121.0,pv_author_leaf::Potato___Early_blight:::185.0,565,564,567,1
0,20261003,pv_author_leaf::Potato___Early_blight:::236.0,Potato___Early_blight,pv_author_leaf::Potato___Early_blight:::128.0,pv_author_leaf::Potato___Early_blight:::173.0,609,608,610,1
0,20261003,pv_author_leaf::Potato___Early_blight:::237.0,Potato___Early_blight,pv_author_leaf::Potato___Early_blight:::58.0,pv_author_leaf::Potato___Early_blight:::168.0,614,615,612,1
0,20261003,pv_author_leaf::Potato___Early_blight:::238.0,Potato___Early_blight,pv_author_leaf::Potato___Early_blight:::198.0,pv_author_leaf::Potato___Early_blight:::212.0,617,619,616,1
0,20261003,pv_author_leaf::Potato___Early_blight:::240.0,Potato___Early_blight,pv_author_leaf::Potato___Early_blight:::26.0,pv_author_leaf::Potato___Early_blight:::72.0,628,630,629,1
0,20261003,pv_author_leaf::Potato___Early_blight:::248.0,Potato___Early_blight,pv_author_leaf::Potato___Early_blight:::146.0,pv_author_leaf::Potato___Early_blight:::186.0,663,662,661,1
0,20261003,pv_author_leaf::Potato___Early_blight:::27.0,Potato___Early_blight,pv_author_leaf::Potato___Early_blight:::163.0,pv_author_leaf::Potato___Early_blight:::75.0,683,682,681,1
0,20261003,pv_author_leaf::Potato___Early_blight:::28.0,Potato___Early_blight,pv_author_leaf::Potato___Early_blight:::230.0,pv_author_leaf::Potato___Early_blight:::242.0,687,686,684,1
0,20261003,pv_author_leaf::Potato___Early_blight:::29.0,Potato___Early_blight,pv_author_leaf::Potato___Early_blight:::124.0,pv_author_leaf::Potato___Early_blight:::52.0,691,688,690,1
0,20261003,pv_author_leaf::Potato___Early_blight:::30.0,Potato___Early_blight,pv_author_leaf::Potato___Early_blight:::4.0,pv_author_leaf::Potato___Early_blight:::104.0,697,699,698,1
0,20261003,pv_author_leaf::Potato___Early_blight:::38.0,Potato___Early_blight,pv_author_leaf::Potato___Early_blight:::247.0,pv_author_leaf::Potato___Early_blight:::119.0,731,730,728,1
0,20261003,pv_author_leaf::Potato___Early_blight:::40.0,Potato___Early_blight,pv_author_leaf::Potato___Early_blight:::115.0,pv_author_leaf::Potato___Early_blight:::111.0,743,740,742,1
0,20261003,pv_author_leaf::Potato___Early_blight:::6.0,Potato___Early_blight,pv_author_leaf::Potato___Early_blight:::53.0,pv_author_leaf::Potato___Early_blight:::20.0,827,825,824,1
0,20261003,pv_author_leaf::Potato___Early_blight:::61.0,Potato___Early_blight,pv_author_leaf::Potato___Early_blight:::37.0,pv_author_leaf::Potato___Early_blight:::190.0,832,833,835,1
0,20261003,pv_author_leaf::Potato___Early_blight:::64.0,Potato___Early_blight,pv_author_leaf::Potato___Early_blight:::175.0,pv_author_leaf::Potato___Early_blight:::86.0,844,846,847,1
0,20261003,pv_author_leaf::Potato___Early_blight:::68.0,Potato___Early_blight,pv_author_leaf::Potato___Early_blight:::191.0,pv_author_leaf::Potato___Early_blight:::244.0,862,861,860,1
0,20261003,pv_author_leaf::Potato___Early_blight:::7.0,Potato___Early_blight,pv_author_leaf::Potato___Early_blight:::219.0,pv_author_leaf::Potato___Early_blight:::5.0,868,869,870,1
0,20261003,pv_author_leaf::Potato___Early_blight:::70.0,Potato___Early_blight,pv_author_leaf::Potato___Early_blight:::182.0,pv_author_leaf::Potato___Early_blight:::159.0,874,875,872,1
0,20261003,pv_author_leaf::Potato___Early_blight:::73.0,Potato___Early_blight,pv_author_leaf::Potato___Early_blight:::95.0,pv_author_leaf::Potato___Early_blight:::84.0,886,884,885,1
0,20261003,pv_author_leaf::Potato___Early_blight:::76.0,Potato___Early_blight,pv_author_leaf::Potato___Early_blight:::164.0,pv_author_leaf::Potato___Early_blight:::24.0,896,898,897,1
0,20261003,pv_author_leaf::Potato___Early_blight:::80.0,Potato___Early_blight,pv_author_leaf::Potato___Early_blight:::213.0,pv_author_leaf::Potato___Early_blight:::123.0,918,917,919,1
0,20261003,pv_author_leaf::Potato___Early_blight:::83.0,Potato___Early_blight,pv_author_leaf::Potato___Early_blight:::144.0,pv_author_leaf::Potato___Early_blight:::215.0,930,929,928,1
0,20261003,pv_author_leaf::Potato___Early_blight:::87.0,Potato___Early_blight,pv_author_leaf::Potato___Early_blight:::69.0,pv_author_leaf::Potato___Early_blight:::180.0,946,947,945,1
0,20261003,pv_author_leaf::Potato___Early_blight:::92.0,Potato___Early_blight,pv_author_leaf::Potato___Early_blight:::149.0,pv_author_leaf::Potato___Early_blight:::142.0,970,968,971,1
0,20261003,pv_author_leaf::Potato___Early_blight:::93.0,Potato___Early_blight,pv_author_leaf::Potato___Early_blight:::45.0,pv_author_leaf::Potato___Early_blight:::136.0,973,975,974,1
0,20261003,pv_author_leaf::Potato___Early_blight:::97.0,Potato___Early_blight,pv_author_leaf::Potato___Early_blight:::41.0,pv_author_leaf::Potato___Early_blight:::214.0,988,990,991,1
0,20261003,pv_author_leaf::Potato___Early_blight:::98.0,Potato___Early_blight,pv_author_leaf::Potato___Early_blight:::147.0,pv_author_leaf::Potato___Early_blight:::216.0,995,992,993,1
0,20261003,pv_author_leaf::Potato___Late_blight:::103.0,Potato___Late_blight,pv_author_leaf::Potato___Late_blight:::233.0,pv_author_leaf::Potato___Late_blight:::118.0,1021,1023,1022,1
0,20261003,pv_author_leaf::Potato___Late_blight:::105.0,Potato___Late_blight,pv_author_leaf::Potato___Late_blight:::2.0,pv_author_leaf::Potato___Late_blight:::82.0,1030,1029,1028,1
0,20261003,pv_author_leaf::Potato___Late_blight:::127.0,Potato___Late_blight,pv_author_leaf::Potato___Late_blight:::157.0,pv_author_leaf::Potato___Late_blight:::5.0,1126,1125,1127,1
0,20261003,pv_author_leaf::Potato___Late_blight:::128.0,Potato___Late_blight,pv_author_leaf::Potato___Late_blight:::159.0,pv_author_leaf::Potato___Late_blight:::143.0,1129,1130,1128,1
0,20261003,pv_author_leaf::Potato___Late_blight:::129.0,Potato___Late_blight,pv_author_leaf::Potato___Late_blight:::131.0,pv_author_leaf::Potato___Late_blight:::42.0,1134,1133,1132,1
0,20261003,pv_author_leaf::Potato___Late_blight:::130.0,Potato___Late_blight,pv_author_leaf::Potato___Late_blight:::235.0,pv_author_leaf::Potato___Late_blight:::186.0,1142,1143,1141,1
0,20261003,pv_author_leaf::Potato___Late_blight:::135.0,Potato___Late_blight,pv_author_leaf::Potato___Late_blight:::109.0,pv_author_leaf::Potato___Late_blight:::250.0,1163,1160,1161,1
0,20261003,pv_author_leaf::Potato___Late_blight:::139.0,Potato___Late_blight,pv_author_leaf::Potato___Late_blight:::136.0,pv_author_leaf::Potato___Late_blight:::116.0,1176,1178,1179,1
0,20261003,pv_author_leaf::Potato___Late_blight:::142.0,Potato___Late_blight,pv_author_leaf::Potato___Late_blight:::164.0,pv_author_leaf::Potato___Late_blight:::91.0,1193,1192,1195,1
0,20261003,pv_author_leaf::Potato___Late_blight:::147.0,Potato___Late_blight,pv_author_leaf::Potato___Late_blight:::36.0,pv_author_leaf::Potato___Late_blight:::231.0,1212,1213,1215,1
0,20261003,pv_author_leaf::Potato___Late_blight:::150.0,Potato___Late_blight,pv_author_leaf::Potato___Late_blight:::124.0,pv_author_leaf::Potato___Late_blight:::230.0,1231,1228,1230,1
0,20261003,pv_author_leaf::Potato___Late_blight:::154.0,Potato___Late_blight,pv_author_leaf::Potato___Late_blight:::248.0,pv_author_leaf::Potato___Late_blight:::176.0,1245,1244,1247,1
0,20261003,pv_author_leaf::Potato___Late_blight:::167.0,Potato___Late_blight,pv_author_leaf::Potato___Late_blight:::238.0,pv_author_leaf::Potato___Late_blight:::161.0,1300,1303,1301,1
0,20261003,pv_author_leaf::Potato___Late_blight:::171.0,Potato___Late_blight,pv_author_leaf::Potato___Late_blight:::225.0,pv_author_leaf::Potato___Late_blight:::74.0,1320,1323,1321,1
0,20261003,pv_author_leaf::Potato___Late_blight:::173.0,Potato___Late_blight,pv_author_leaf::Potato___Late_blight:::152.0,pv_author_leaf::Potato___Late_blight:::115.0,1331,1330,1328,1
0,20261003,pv_author_leaf::Potato___Late_blight:::177.0,Potato___Late_blight,pv_author_leaf::Potato___Late_blight:::17.0,pv_author_leaf::Potato___Late_blight:::240.0,1347,1344,1346,1
0,20261003,pv_author_leaf::Potato___Late_blight:::178.0,Potato___Late_blight,pv_author_leaf::Potato___Late_blight:::160.0,pv_author_leaf::Potato___Late_blight:::184.0,1351,1349,1348,1
0,20261003,pv_author_leaf::Potato___Late_blight:::179.0,Potato___Late_blight,pv_author_leaf::Potato___Late_blight:::15.0,pv_author_leaf::Potato___Late_blight:::137.0,1353,1352,1355,1
0,20261003,pv_author_leaf::Potato___Late_blight:::181.0,Potato___Late_blight,pv_author_leaf::Potato___Late_blight:::64.0,pv_author_leaf::Potato___Late_blight:::6.0,1367,1365,1366,1
0,20261003,pv_author_leaf::Potato___Late_blight:::183.0,Potato___Late_blight,pv_author_leaf::Potato___Late_blight:::220.0,pv_author_leaf::Potato___Late_blight:::10.0,1372,1374,1373,1
0,20261003,pv_author_leaf::Potato___Late_blight:::194.0,Potato___Late_blight,pv_author_leaf::Potato___Late_blight:::108.0,pv_author_leaf::Potato___Late_blight:::185.0,1420,1422,1423,1
0,20261003,pv_author_leaf::Potato___Late_blight:::197.0,Potato___Late_blight,pv_author_leaf::Potato___Late_blight:::12.0,pv_author_leaf::Potato___Late_blight:::138.0,1434,1432,1435,1
0,20261003,pv_author_leaf::Potato___Late_blight:::200.0,Potato___Late_blight,pv_author_leaf::Potato___Late_blight:::66.0,pv_author_leaf::Potato___Late_blight:::70.0,1454,1455,1452,1
0,20261003,pv_author_leaf::Potato___Late_blight:::21.0,Potato___Late_blight,pv_author_leaf::Potato___Late_blight:::165.0,pv_author_leaf::Potato___Late_blight:::69.0,1493,1494,1495,1
0,20261003,pv_author_leaf::Potato___Late_blight:::210.0,Potato___Late_blight,pv_author_leaf::Potato___Late_blight:::222.0,pv_author_leaf::Potato___Late_blight:::20.0,1499,1497,1496,1
0,20261003,pv_author_leaf::Potato___Late_blight:::218.0,Potato___Late_blight,pv_author_leaf::Potato___Late_blight:::153.0,pv_author_leaf::Potato___Late_blight:::234.0,1531,1528,1530,1
0,20261003,pv_author_leaf::Potato___Late_blight:::223.0,Potato___Late_blight,pv_author_leaf::Potato___Late_blight:::61.0,pv_author_leaf::Potato___Late_blight:::26.0,1552,1553,1554,1
0,20261003,pv_author_leaf::Potato___Late_blight:::224.0,Potato___Late_blight,pv_author_leaf::Potato___Late_blight:::8.0,pv_author_leaf::Potato___Late_blight:::188.0,1559,1558,1556,1
0,20261003,pv_author_leaf::Potato___Late_blight:::227.0,Potato___Late_blight,pv_author_leaf::Potato___Late_blight:::217.0,pv_author_leaf::Potato___Late_blight:::189.0,1570,1569,1568,1
0,20261003,pv_author_leaf::Potato___Late_blight:::228.0,Potato___Late_blight,pv_author_leaf::Potato___Late_blight:::241.0,pv_author_leaf::Potato___Late_blight:::243.0,1572,1573,1574,1
0,20261003,pv_author_leaf::Potato___Late_blight:::236.0,Potato___Late_blight,pv_author_leaf::Potato___Late_blight:::86.0,pv_author_leaf::Potato___Late_blight:::162.0,1609,1608,1611,1
0,20261003,pv_author_leaf::Potato___Late_blight:::237.0,Potato___Late_blight,pv_author_leaf::Potato___Late_blight:::155.0,pv_author_leaf::Potato___Late_blight:::39.0,1613,1614,1615,1
0,20261003,pv_author_leaf::Potato___Late_blight:::245.0,Potato___Late_blight,pv_author_leaf::Potato___Late_blight:::60.0,pv_author_leaf::Potato___Late_blight:::11.0,1651,1649,1650,1
0,20261003,pv_author_leaf::Potato___Late_blight:::246.0,Potato___Late_blight,pv_author_leaf::Potato___Late_blight:::68.0,pv_author_leaf::Potato___Late_blight:::41.0,1654,1652,1653,1
0,20261003,pv_author_leaf::Potato___Late_blight:::247.0,Potato___Late_blight,pv_author_leaf::Potato___Late_blight:::156.0,pv_author_leaf::Potato___Late_blight:::207.0,1656,1658,1659,1
0,20261003,pv_author_leaf::Potato___Late_blight:::249.0,Potato___Late_blight,pv_author_leaf::Potato___Late_blight:::107.0,pv_author_leaf::Potato___Late_blight:::16.0,1667,1665,1666,1
0,20261003,pv_author_leaf::Potato___Late_blight:::28.0,Potato___Late_blight,pv_author_leaf::Potato___Late_blight:::205.0,pv_author_leaf::Potato___Late_blight:::219.0,1684,1686,1687,1
0,20261003,pv_author_leaf::Potato___Late_blight:::30.0,Potato___Late_blight,pv_author_leaf::Potato___Late_blight:::204.0,pv_author_leaf::Potato___Late_blight:::174.0,1696,1698,1699,1
0,20261003,pv_author_leaf::Potato___Late_blight:::31.0,Potato___Late_blight,pv_author_leaf::Potato___Late_blight:::106.0,pv_author_leaf::Potato___Late_blight:::45.0,1700,1701,1702,1
0,20261003,pv_author_leaf::Potato___Late_blight:::34.0,Potato___Late_blight,pv_author_leaf::Potato___Late_blight:::203.0,pv_author_leaf::Potato___Late_blight:::44.0,1714,1715,1713,1
0,20261003,pv_author_leaf::Potato___Late_blight:::37.0,Potato___Late_blight,pv_author_leaf::Potato___Late_blight:::40.0,pv_author_leaf::Potato___Late_blight:::195.0,1727,1725,1726,1
0,20261003,pv_author_leaf::Potato___Late_blight:::52.0,Potato___Late_blight,pv_author_leaf::Potato___Late_blight:::100.0,pv_author_leaf::Potato___Late_blight:::151.0,1792,1794,1793,1
0,20261003,pv_author_leaf::Potato___Late_blight:::53.0,Potato___Late_blight,pv_author_leaf::Potato___Late_blight:::23.0,pv_author_leaf::Potato___Late_blight:::196.0,1798,1796,1799,1
0,20261003,pv_author_leaf::Potato___Late_blight:::55.0,Potato___Late_blight,pv_author_leaf::Potato___Late_blight:::58.0,pv_author_leaf::Potato___Late_blight:::97.0,1807,1804,1805,1
0,20261003,pv_author_leaf::Potato___Late_blight:::7.0,Potato___Late_blight,pv_author_leaf::Potato___Late_blight:::211.0,pv_author_leaf::Potato___Late_blight:::43.0,1871,1870,1868,1
0,20261003,pv_author_leaf::Potato___Late_blight:::73.0,Potato___Late_blight,pv_author_leaf::Potato___Late_blight:::35.0,pv_author_leaf::Potato___Late_blight:::90.0,1885,1884,1887,1
0,20261003,pv_author_leaf::Potato___Late_blight:::75.0,Potato___Late_blight,pv_author_leaf::Potato___Late_blight:::148.0,pv_author_leaf::Potato___Late_blight:::192.0,1895,1894,1893,1
0,20261003,pv_author_leaf::Potato___Late_blight:::80.0,Potato___Late_blight,pv_author_leaf::Potato___Late_blight:::145.0,pv_author_leaf::Potato___Late_blight:::133.0,1919,1917,1918,1
0,20261003,pv_author_leaf::Potato___Late_blight:::87.0,Potato___Late_blight,pv_author_leaf::Potato___Late_blight:::244.0,pv_author_leaf::Potato___Late_blight:::27.0,1946,1945,1944,1
0,20261003,pv_author_leaf::Potato___Late_blight:::98.0,Potato___Late_blight,pv_author_leaf::Potato___Late_blight:::114.0,pv_author_leaf::Potato___Late_blight:::169.0,1993,1995,1992,1
0,20261003,pv_author_leaf::Potato___healthy:::26.0,healthy,pv_author_leaf::Potato___healthy:::5.0,pv_author_leaf::Potato___healthy:::28.0,2075,2072,2074,1
0,20261003,pv_author_leaf::Potato___healthy:::27.0,healthy,pv_author_leaf::Potato___healthy:::11.0,pv_author_leaf::Potato___healthy:::4.0,2079,2078,2076,1
0,20261003,pv_author_leaf::Potato___healthy:::30.0,healthy,pv_author_leaf::Potato___healthy:::12.0,pv_author_leaf::Potato___healthy:::19.0,2092,2093,2095,1
0,20261003,pv_author_leaf::Potato___healthy:::31.0,healthy,pv_author_leaf::Potato___healthy:::9.0,pv_author_leaf::Potato___healthy:::25.0,2098,2099,2096,1
0,20261003,pv_author_leaf::Potato___healthy:::32.0,healthy,pv_author_leaf::Potato___healthy:::37.0,pv_author_leaf::Potato___healthy:::14.0,2102,2101,2100,1
0,20261003,pv_author_leaf::Potato___healthy:::35.0,healthy,pv_author_leaf::Potato___healthy:::21.0,pv_author_leaf::Potato___healthy:::38.0,2112,2115,2113,1
0,20261003,pv_author_leaf::Potato___healthy:::36.0,healthy,pv_author_leaf::Potato___healthy:::2.0,pv_author_leaf::Potato___healthy:::20.0,2118,2117,2116,1
0,20261003,pv_author_leaf::Potato___healthy:::8.0,healthy,pv_author_leaf::Potato___healthy:::6.0,pv_author_leaf::Potato___healthy:::3.0,2145,2147,2146,1
1,20261004,pv_author_leaf::Potato___Early_blight:::10.0,Potato___Early_blight,pv_author_leaf::Potato___Early_blight:::206.0,pv_author_leaf::Potato___Early_blight:::15.0,4,7,5,1
1,20261004,pv_author_leaf::Potato___Early_blight:::105.0,Potato___Early_blight,pv_author_leaf::Potato___Early_blight:::87.0,pv_author_leaf::Potato___Early_blight:::82.0,30,29,31,1
1,20261004,pv_author_leaf::Potato___Early_blight:::107.0,Potato___Early_blight,pv_author_leaf::Potato___Early_blight:::56.0,pv_author_leaf::Potato___Early_blight:::44.0,36,39,37,1
1,20261004,pv_author_leaf::Potato___Early_blight:::108.0,Potato___Early_blight,pv_author_leaf::Potato___Early_blight:::245.0,pv_author_leaf::Potato___Early_blight:::100.0,41,40,42,1
1,20261004,pv_author_leaf::Potato___Early_blight:::11.0,Potato___Early_blight,pv_author_leaf::Potato___Early_blight:::29.0,pv_author_leaf::Potato___Early_blight:::65.0,49,50,48,1
1,20261004,pv_author_leaf::Potato___Early_blight:::118.0,Potato___Early_blight,pv_author_leaf::Potato___Early_blight:::150.0,pv_author_leaf::Potato___Early_blight:::198.0,85,87,86,1
1,20261004,pv_author_leaf::Potato___Early_blight:::127.0,Potato___Early_blight,pv_author_leaf::Potato___Early_blight:::240.0,pv_author_leaf::Potato___Early_blight:::247.0,125,126,124,1
1,20261004,pv_author_leaf::Potato___Early_blight:::128.0,Potato___Early_blight,pv_author_leaf::Potato___Early_blight:::234.0,pv_author_leaf::Potato___Early_blight:::28.0,131,129,130,1
1,20261004,pv_author_leaf::Potato___Early_blight:::13.0,Potato___Early_blight,pv_author_leaf::Potato___Early_blight:::126.0,pv_author_leaf::Potato___Early_blight:::94.0,136,137,139,1
1,20261004,pv_author_leaf::Potato___Early_blight:::140.0,Potato___Early_blight,pv_author_leaf::Potato___Early_blight:::147.0,pv_author_leaf::Potato___Early_blight:::156.0,185,186,184,1
1,20261004,pv_author_leaf::Potato___Early_blight:::148.0,Potato___Early_blight,pv_author_leaf::Potato___Early_blight:::132.0,pv_author_leaf::Potato___Early_blight:::208.0,219,218,216,1
1,20261004,pv_author_leaf::Potato___Early_blight:::152.0,Potato___Early_blight,pv_author_leaf::Potato___Early_blight:::241.0,pv_author_leaf::Potato___Early_blight:::183.0,238,239,237,1
1,20261004,pv_author_leaf::Potato___Early_blight:::158.0,Potato___Early_blight,pv_author_leaf::Potato___Early_blight:::188.0,pv_author_leaf::Potato___Early_blight:::189.0,263,262,261,1
1,20261004,pv_author_leaf::Potato___Early_blight:::163.0,Potato___Early_blight,pv_author_leaf::Potato___Early_blight:::74.0,pv_author_leaf::Potato___Early_blight:::227.0,285,287,284,1
1,20261004,pv_author_leaf::Potato___Early_blight:::167.0,Potato___Early_blight,pv_author_leaf::Potato___Early_blight:::136.0,pv_author_leaf::Potato___Early_blight:::211.0,301,303,300,1
1,20261004,pv_author_leaf::Potato___Early_blight:::170.0,Potato___Early_blight,pv_author_leaf::Potato___Early_blight:::103.0,pv_author_leaf::Potato___Early_blight:::195.0,318,316,319,1
1,20261004,pv_author_leaf::Potato___Early_blight:::179.0,Potato___Early_blight,pv_author_leaf::Potato___Early_blight:::162.0,pv_author_leaf::Potato___Early_blight:::139.0,355,352,354,1
1,20261004,pv_author_leaf::Potato___Early_blight:::18.0,Potato___Early_blight,pv_author_leaf::Potato___Early_blight:::61.0,pv_author_leaf::Potato___Early_blight:::216.0,356,359,357,1
1,20261004,pv_author_leaf::Potato___Early_blight:::181.0,Potato___Early_blight,pv_author_leaf::Potato___Early_blight:::17.0,pv_author_leaf::Potato___Early_blight:::39.0,366,365,364,1
1,20261004,pv_author_leaf::Potato___Early_blight:::19.0,Potato___Early_blight,pv_author_leaf::Potato___Early_blight:::182.0,pv_author_leaf::Potato___Early_blight:::149.0,401,402,403,1
1,20261004,pv_author_leaf::Potato___Early_blight:::190.0,Potato___Early_blight,pv_author_leaf::Potato___Early_blight:::225.0,pv_author_leaf::Potato___Early_blight:::4.0,407,406,404,1
1,20261004,pv_author_leaf::Potato___Early_blight:::194.0,Potato___Early_blight,pv_author_leaf::Potato___Early_blight:::250.0,pv_author_leaf::Potato___Early_blight:::36.0,423,420,421,1
1,20261004,pv_author_leaf::Potato___Early_blight:::196.0,Potato___Early_blight,pv_author_leaf::Potato___Early_blight:::197.0,pv_author_leaf::Potato___Early_blight:::184.0,429,431,428,1
1,20261004,pv_author_leaf::Potato___Early_blight:::2.0,Potato___Early_blight,pv_author_leaf::Potato___Early_blight:::165.0,pv_author_leaf::Potato___Early_blight:::219.0,445,444,446,1
1,20261004,pv_author_leaf::Potato___Early_blight:::202.0,Potato___Early_blight,pv_author_leaf::Potato___Early_blight:::16.0,pv_author_leaf::Potato___Early_blight:::32.0,460,463,462,1
1,20261004,pv_author_leaf::Potato___Early_blight:::207.0,Potato___Early_blight,pv_author_leaf::Potato___Early_blight:::185.0,pv_author_leaf::Potato___Early_blight:::232.0,483,480,482,1
1,20261004,pv_author_leaf::Potato___Early_blight:::212.0,Potato___Early_blight,pv_author_leaf::Potato___Early_blight:::67.0,pv_author_leaf::Potato___Early_blight:::193.0,506,507,505,1
1,20261004,pv_author_leaf::Potato___Early_blight:::215.0,Potato___Early_blight,pv_author_leaf::Potato___Early_blight:::50.0,pv_author_leaf::Potato___Early_blight:::178.0,519,516,517,1
1,20261004,pv_author_leaf::Potato___Early_blight:::218.0,Potato___Early_blight,pv_author_leaf::Potato___Early_blight:::97.0,pv_author_leaf::Potato___Early_blight:::145.0,531,528,529,1
1,20261004,pv_author_leaf::Potato___Early_blight:::220.0,Potato___Early_blight,pv_author_leaf::Potato___Early_blight:::159.0,pv_author_leaf::Potato___Early_blight:::203.0,541,543,540,1
1,20261004,pv_author_leaf::Potato___Early_blight:::221.0,Potato___Early_blight,pv_author_leaf::Potato___Early_blight:::30.0,pv_author_leaf::Potato___Early_blight:::236.0,545,547,544,1
1,20261004,pv_author_leaf::Potato___Early_blight:::223.0,Potato___Early_blight,pv_author_leaf::Potato___Early_blight:::5.0,pv_author_leaf::Potato___Early_blight:::89.0,553,554,555,1
1,20261004,pv_author_leaf::Potato___Early_blight:::233.0,Potato___Early_blight,pv_author_leaf::Potato___Early_blight:::26.0,pv_author_leaf::Potato___Early_blight:::246.0,597,598,596,1
1,20261004,pv_author_leaf::Potato___Early_blight:::237.0,Potato___Early_blight,pv_author_leaf::Potato___Early_blight:::77.0,pv_author_leaf::Potato___Early_blight:::231.0,614,613,612,1
1,20261004,pv_author_leaf::Potato___Early_blight:::239.0,Potato___Early_blight,pv_author_leaf::Potato___Early_blight:::1.0,pv_author_leaf::Potato___Early_blight:::166.0,623,620,622,1
1,20261004,pv_author_leaf::Potato___Early_blight:::249.0,Potato___Early_blight,pv_author_leaf::Potato___Early_blight:::110.0,pv_author_leaf::Potato___Early_blight:::46.0,665,666,667,1
1,20261004,pv_author_leaf::Potato___Early_blight:::27.0,Potato___Early_blight,pv_author_leaf::Potato___Early_blight:::98.0,pv_author_leaf::Potato___Early_blight:::116.0,683,682,680,1
1,20261004,pv_author_leaf::Potato___Early_blight:::37.0,Potato___Early_blight,pv_author_leaf::Potato___Early_blight:::192.0,pv_author_leaf::Potato___Early_blight:::137.0,725,727,726,1
1,20261004,pv_author_leaf::Potato___Early_blight:::38.0,Potato___Early_blight,pv_author_leaf::Potato___Early_blight:::12.0,pv_author_leaf::Potato___Early_blight:::169.0,728,729,731,1
1,20261004,pv_author_leaf::Potato___Early_blight:::41.0,Potato___Early_blight,pv_author_leaf::Potato___Early_blight:::177.0,pv_author_leaf::Potato___Early_blight:::109.0,746,744,745,1
1,20261004,pv_author_leaf::Potato___Early_blight:::51.0,Potato___Early_blight,pv_author_leaf::Potato___Early_blight:::229.0,pv_author_leaf::Potato___Early_blight:::47.0,789,791,790,1
1,20261004,pv_author_leaf::Potato___Early_blight:::52.0,Potato___Early_blight,pv_author_leaf::Potato___Early_blight:::124.0,pv_author_leaf::Potato___Early_blight:::120.0,792,795,793,1
1,20261004,pv_author_leaf::Potato___Early_blight:::63.0,Potato___Early_blight,pv_author_leaf::Potato___Early_blight:::205.0,pv_author_leaf::Potato___Early_blight:::176.0,840,842,843,1
1,20261004,pv_author_leaf::Potato___Early_blight:::69.0,Potato___Early_blight,pv_author_leaf::Potato___Early_blight:::91.0,pv_author_leaf::Potato___Early_blight:::244.0,865,866,867,1
1,20261004,pv_author_leaf::Potato___Early_blight:::70.0,Potato___Early_blight,pv_author_leaf::Potato___Early_blight:::31.0,pv_author_leaf::Potato___Early_blight:::238.0,875,873,872,1
1,20261004,pv_author_leaf::Potato___Early_blight:::79.0,Potato___Early_blight,pv_author_leaf::Potato___Early_blight:::8.0,pv_author_leaf::Potato___Early_blight:::42.0,910,909,911,1
1,20261004,pv_author_leaf::Potato___Early_blight:::84.0,Potato___Early_blight,pv_author_leaf::Potato___Early_blight:::23.0,pv_author_leaf::Potato___Early_blight:::154.0,933,932,935,1
1,20261004,pv_author_leaf::Potato___Early_blight:::88.0,Potato___Early_blight,pv_author_leaf::Potato___Early_blight:::24.0,pv_author_leaf::Potato___Early_blight:::106.0,949,948,950,1
1,20261004,pv_author_leaf::Potato___Early_blight:::9.0,Potato___Early_blight,pv_author_leaf::Potato___Early_blight:::204.0,pv_author_leaf::Potato___Early_blight:::92.0,957,959,956,1
1,20261004,pv_author_leaf::Potato___Early_blight:::90.0,Potato___Early_blight,pv_author_leaf::Potato___Early_blight:::7.0,pv_author_leaf::Potato___Early_blight:::57.0,961,963,960,1
1,20261004,pv_author_leaf::Potato___Late_blight:::116.0,Potato___Late_blight,pv_author_leaf::Potato___Late_blight:::74.0,pv_author_leaf::Potato___Late_blight:::71.0,1077,1076,1079,1
1,20261004,pv_author_leaf::Potato___Late_blight:::119.0,Potato___Late_blight,pv_author_leaf::Potato___Late_blight:::160.0,pv_author_leaf::Potato___Late_blight:::168.0,1088,1091,1090,1
1,20261004,pv_author_leaf::Potato___Late_blight:::126.0,Potato___Late_blight,pv_author_leaf::Potato___Late_blight:::6.0,pv_author_leaf::Potato___Late_blight:::84.0,1123,1122,1121,1
1,20261004,pv_author_leaf::Potato___Late_blight:::137.0,Potato___Late_blight,pv_author_leaf::Potato___Late_blight:::54.0,pv_author_leaf::Potato___Late_blight:::161.0,1171,1169,1170,1
1,20261004,pv_author_leaf::Potato___Late_blight:::139.0,Potato___Late_blight,pv_author_leaf::Potato___Late_blight:::195.0,pv_author_leaf::Potato___Late_blight:::229.0,1176,1179,1178,1
1,20261004,pv_author_leaf::Potato___Late_blight:::14.0,Potato___Late_blight,pv_author_leaf::Potato___Late_blight:::167.0,pv_author_leaf::Potato___Late_blight:::24.0,1181,1183,1182,1
1,20261004,pv_author_leaf::Potato___Late_blight:::141.0,Potato___Late_blight,pv_author_leaf::Potato___Late_blight:::87.0,pv_author_leaf::Potato___Late_blight:::125.0,1190,1189,1188,1
1,20261004,pv_author_leaf::Potato___Late_blight:::142.0,Potato___Late_blight,pv_author_leaf::Potato___Late_blight:::47.0,pv_author_leaf::Potato___Late_blight:::50.0,1193,1194,1195,1
1,20261004,pv_author_leaf::Potato___Late_blight:::146.0,Potato___Late_blight,pv_author_leaf::Potato___Late_blight:::202.0,pv_author_leaf::Potato___Late_blight:::184.0,1209,1210,1208,1
1,20261004,pv_author_leaf::Potato___Late_blight:::149.0,Potato___Late_blight,pv_author_leaf::Potato___Late_blight:::123.0,pv_author_leaf::Potato___Late_blight:::159.0,1223,1220,1222,1
1,20261004,pv_author_leaf::Potato___Late_blight:::150.0,Potato___Late_blight,pv_author_leaf::Potato___Late_blight:::7.0,pv_author_leaf::Potato___Late_blight:::58.0,1230,1228,1229,1
1,20261004,pv_author_leaf::Potato___Late_blight:::158.0,Potato___Late_blight,pv_author_leaf::Potato___Late_blight:::112.0,pv_author_leaf::Potato___Late_blight:::238.0,1262,1263,1261,1
1,20261004,pv_author_leaf::Potato___Late_blight:::16.0,Potato___Late_blight,pv_author_leaf::Potato___Late_blight:::97.0,pv_author_leaf::Potato___Late_blight:::99.0,1269,1268,1271,1
1,20261004,pv_author_leaf::Potato___Late_blight:::162.0,Potato___Late_blight,pv_author_leaf::Potato___Late_blight:::43.0,pv_author_leaf::Potato___Late_blight:::56.0,1282,1283,1281,1
1,20261004,pv_author_leaf::Potato___Late_blight:::169.0,Potato___Late_blight,pv_author_leaf::Potato___Late_blight:::203.0,pv_author_leaf::Potato___Late_blight:::55.0,1311,1310,1309,1
1,20261004,pv_author_leaf::Potato___Late_blight:::176.0,Potato___Late_blight,pv_author_leaf::Potato___Late_blight:::103.0,pv_author_leaf::Potato___Late_blight:::136.0,1341,1342,1340,1
1,20261004,pv_author_leaf::Potato___Late_blight:::179.0,Potato___Late_blight,pv_author_leaf::Potato___Late_blight:::88.0,pv_author_leaf::Potato___Late_blight:::188.0,1355,1352,1353,1
1,20261004,pv_author_leaf::Potato___Late_blight:::19.0,Potato___Late_blight,pv_author_leaf::Potato___Late_blight:::93.0,pv_author_leaf::Potato___Late_blight:::182.0,1400,1401,1403,1
1,20261004,pv_author_leaf::Potato___Late_blight:::193.0,Potato___Late_blight,pv_author_leaf::Potato___Late_blight:::66.0,pv_author_leaf::Potato___Late_blight:::28.0,1417,1418,1416,1
1,20261004,pv_author_leaf::Potato___Late_blight:::197.0,Potato___Late_blight,pv_author_leaf::Potato___Late_blight:::220.0,pv_author_leaf::Potato___Late_blight:::37.0,1434,1435,1433,1
1,20261004,pv_author_leaf::Potato___Late_blight:::199.0,Potato___Late_blight,pv_author_leaf::Potato___Late_blight:::127.0,pv_author_leaf::Potato___Late_blight:::198.0,1442,1441,1440,1
1,20261004,pv_author_leaf::Potato___Late_blight:::204.0,Potato___Late_blight,pv_author_leaf::Potato___Late_blight:::113.0,pv_author_leaf::Potato___Late_blight:::64.0,1470,1471,1469,1
1,20261004,pv_author_leaf::Potato___Late_blight:::207.0,Potato___Late_blight,pv_author_leaf::Potato___Late_blight:::39.0,pv_author_leaf::Potato___Late_blight:::134.0,1483,1480,1482,1
1,20261004,pv_author_leaf::Potato___Late_blight:::21.0,Potato___Late_blight,pv_author_leaf::Potato___Late_blight:::175.0,pv_author_leaf::Potato___Late_blight:::230.0,1495,1492,1493,1
1,20261004,pv_author_leaf::Potato___Late_blight:::219.0,Potato___Late_blight,pv_author_leaf::Potato___Late_blight:::82.0,pv_author_leaf::Potato___Late_blight:::29.0,1533,1532,1534,1
1,20261004,pv_author_leaf::Potato___Late_blight:::22.0,Potato___Late_blight,pv_author_leaf::Potato___Late_blight:::177.0,pv_author_leaf::Potato___Late_blight:::11.0,1537,1539,1538,1
1,20261004,pv_author_leaf::Potato___Late_blight:::221.0,Potato___Late_blight,pv_author_leaf::Potato___Late_blight:::107.0,pv_author_leaf::Potato___Late_blight:::148.0,1546,1547,1544,1
1,20261004,pv_author_leaf::Potato___Late_blight:::226.0,Potato___Late_blight,pv_author_leaf::Potato___Late_blight:::132.0,pv_author_leaf::Potato___Late_blight:::100.0,1565,1564,1566,1
1,20261004,pv_author_leaf::Potato___Late_blight:::23.0,Potato___Late_blight,pv_author_leaf::Potato___Late_blight:::183.0,pv_author_leaf::Potato___Late_blight:::46.0,1581,1583,1580,1
1,20261004,pv_author_leaf::Potato___Late_blight:::241.0,Potato___Late_blight,pv_author_leaf::Potato___Late_blight:::249.0,pv_author_leaf::Potato___Late_blight:::18.0,1635,1633,1634,1
1,20261004,pv_author_leaf::Potato___Late_blight:::243.0,Potato___Late_blight,pv_author_leaf::Potato___Late_blight:::94.0,pv_author_leaf::Potato___Late_blight:::1.0,1642,1640,1641,1
1,20261004,pv_author_leaf::Potato___Late_blight:::244.0,Potato___Late_blight,pv_author_leaf::Potato___Late_blight:::106.0,pv_author_leaf::Potato___Late_blight:::231.0,1645,1646,1644,1
1,20261004,pv_author_leaf::Potato___Late_blight:::247.0,Potato___Late_blight,pv_author_leaf::Potato___Late_blight:::151.0,pv_author_leaf::Potato___Late_blight:::31.0,1656,1659,1658,1
1,20261004,pv_author_leaf::Potato___Late_blight:::248.0,Potato___Late_blight,pv_author_leaf::Potato___Late_blight:::12.0,pv_author_leaf::Potato___Late_blight:::153.0,1663,1660,1661,1
1,20261004,pv_author_leaf::Potato___Late_blight:::25.0,Potato___Late_blight,pv_author_leaf::Potato___Late_blight:::211.0,pv_author_leaf::Potato___Late_blight:::138.0,1669,1670,1668,1
1,20261004,pv_author_leaf::Potato___Late_blight:::26.0,Potato___Late_blight,pv_author_leaf::Potato___Late_blight:::117.0,pv_author_leaf::Potato___Late_blight:::78.0,1679,1676,1678,1
1,20261004,pv_author_leaf::Potato___Late_blight:::34.0,Potato___Late_blight,pv_author_leaf::Potato___Late_blight:::143.0,pv_author_leaf::Potato___Late_blight:::130.0,1714,1713,1712,1
1,20261004,pv_author_leaf::Potato___Late_blight:::35.0,Potato___Late_blight,pv_author_leaf::Potato___Late_blight:::190.0,pv_author_leaf::Potato___Late_blight:::171.0,1718,1717,1719,1
1,20261004,pv_author_leaf::Potato___Late_blight:::38.0,Potato___Late_blight,pv_author_leaf::Potato___Late_blight:::62.0,pv_author_leaf::Potato___Late_blight:::154.0,1730,1728,1729,1
1,20261004,pv_author_leaf::Potato___Late_blight:::40.0,Potato___Late_blight,pv_author_leaf::Potato___Late_blight:::4.0,pv_author_leaf::Potato___Late_blight:::69.0,1741,1740,1743,1
1,20261004,pv_author_leaf::Potato___Late_blight:::41.0,Potato___Late_blight,pv_author_leaf::Potato___Late_blight:::206.0,pv_author_leaf::Potato___Late_blight:::91.0,1746,1744,1747,1
1,20261004,pv_author_leaf::Potato___Late_blight:::48.0,Potato___Late_blight,pv_author_leaf::Potato___Late_blight:::90.0,pv_author_leaf::Potato___Late_blight:::122.0,1774,1773,1775,1
1,20261004,pv_author_leaf::Potato___Late_blight:::49.0,Potato___Late_blight,pv_author_leaf::Potato___Late_blight:::224.0,pv_author_leaf::Potato___Late_blight:::205.0,1776,1777,1779,1
1,20261004,pv_author_leaf::Potato___Late_blight:::51.0,Potato___Late_blight,pv_author_leaf::Potato___Late_blight:::44.0,pv_author_leaf::Potato___Late_blight:::89.0,1791,1789,1788,1
1,20261004,pv_author_leaf::Potato___Late_blight:::52.0,Potato___Late_blight,pv_author_leaf::Potato___Late_blight:::174.0,pv_author_leaf::Potato___Late_blight:::80.0,1795,1792,1794,1
1,20261004,pv_author_leaf::Potato___Late_blight:::53.0,Potato___Late_blight,pv_author_leaf::Potato___Late_blight:::86.0,pv_author_leaf::Potato___Late_blight:::213.0,1799,1797,1796,1
1,20261004,pv_author_leaf::Potato___Late_blight:::73.0,Potato___Late_blight,pv_author_leaf::Potato___Late_blight:::67.0,pv_author_leaf::Potato___Late_blight:::228.0,1887,1884,1886,1
1,20261004,pv_author_leaf::Potato___Late_blight:::75.0,Potato___Late_blight,pv_author_leaf::Potato___Late_blight:::222.0,pv_author_leaf::Potato___Late_blight:::8.0,1893,1895,1894,1
1,20261004,pv_author_leaf::Potato___Late_blight:::85.0,Potato___Late_blight,pv_author_leaf::Potato___Late_blight:::181.0,pv_author_leaf::Potato___Late_blight:::81.0,1936,1939,1938,1
1,20261004,pv_author_leaf::Potato___Late_blight:::92.0,Potato___Late_blight,pv_author_leaf::Potato___Late_blight:::140.0,pv_author_leaf::Potato___Late_blight:::60.0,1969,1970,1971,1
1,20261004,pv_author_leaf::Potato___healthy:::16.0,healthy,pv_author_leaf::Potato___healthy:::20.0,pv_author_leaf::Potato___healthy:::34.0,2030,2028,2031,1
1,20261004,pv_author_leaf::Potato___healthy:::28.0,healthy,pv_author_leaf::Potato___healthy:::13.0,pv_author_leaf::Potato___healthy:::38.0,2082,2080,2081,1
1,20261004,pv_author_leaf::Potato___healthy:::3.0,healthy,pv_author_leaf::Potato___healthy:::7.0,pv_author_leaf::Potato___healthy:::10.0,2089,2090,2088,1
1,20261004,pv_author_leaf::Potato___healthy:::30.0,healthy,pv_author_leaf::Potato___healthy:::12.0,pv_author_leaf::Potato___healthy:::37.0,2095,2094,2093,1
1,20261004,pv_author_leaf::Potato___healthy:::32.0,healthy,pv_author_leaf::Potato___healthy:::1.0,pv_author_leaf::Potato___healthy:::25.0,2101,2102,2100,1
1,20261004,pv_author_leaf::Potato___healthy:::36.0,healthy,pv_author_leaf::Potato___healthy:::11.0,pv_author_leaf::Potato___healthy:::15.0,2117,2118,2119,1
1,20261004,pv_author_leaf::Potato___healthy:::6.0,healthy,pv_author_leaf::Potato___healthy:::2.0,pv_author_leaf::Potato___healthy:::19.0,2136,2138,2139,1
1,20261004,pv_author_leaf::Potato___healthy:::9.0,healthy,pv_author_leaf::Potato___healthy:::23.0,pv_author_leaf::Potato___healthy:::26.0,2149,2151,2148,1
2,20261005,pv_author_leaf::Potato___Early_blight:::100.0,Potato___Early_blight,pv_author_leaf::Potato___Early_blight:::16.0,pv_author_leaf::Potato___Early_blight:::185.0,11,9,8,1
2,20261005,pv_author_leaf::Potato___Early_blight:::103.0,Potato___Early_blight,pv_author_leaf::Potato___Early_blight:::246.0,pv_author_leaf::Potato___Early_blight:::227.0,21,20,22,1
2,20261005,pv_author_leaf::Potato___Early_blight:::109.0,Potato___Early_blight,pv_author_leaf::Potato___Early_blight:::226.0,pv_author_leaf::Potato___Early_blight:::181.0,45,47,46,1
2,20261005,pv_author_leaf::Potato___Early_blight:::112.0,Potato___Early_blight,pv_author_leaf::Potato___Early_blight:::113.0,pv_author_leaf::Potato___Early_blight:::141.0,60,63,62,1
2,20261005,pv_author_leaf::Potato___Early_blight:::118.0,Potato___Early_blight,pv_author_leaf::Potato___Early_blight:::76.0,pv_author_leaf::Potato___Early_blight:::61.0,84,87,86,1
2,20261005,pv_author_leaf::Potato___Early_blight:::123.0,Potato___Early_blight,pv_author_leaf::Potato___Early_blight:::122.0,pv_author_leaf::Potato___Early_blight:::145.0,110,109,111,1
2,20261005,pv_author_leaf::Potato___Early_blight:::125.0,Potato___Early_blight,pv_author_leaf::Potato___Early_blight:::191.0,pv_author_leaf::Potato___Early_blight:::249.0,116,117,119,1
2,20261005,pv_author_leaf::Potato___Early_blight:::127.0,Potato___Early_blight,pv_author_leaf::Potato___Early_blight:::24.0,pv_author_leaf::Potato___Early_blight:::133.0,124,126,127,1
2,20261005,pv_author_leaf::Potato___Early_blight:::142.0,Potato___Early_blight,pv_author_leaf::Potato___Early_blight:::220.0,pv_author_leaf::Potato___Early_blight:::63.0,195,192,194,1
2,20261005,pv_author_leaf::Potato___Early_blight:::151.0,Potato___Early_blight,pv_author_leaf::Potato___Early_blight:::2.0,pv_author_leaf::Potato___Early_blight:::137.0,234,233,235,1
2,20261005,pv_author_leaf::Potato___Early_blight:::159.0,Potato___Early_blight,pv_author_leaf::Potato___Early_blight:::228.0,pv_author_leaf::Potato___Early_blight:::39.0,265,267,266,1
2,20261005,pv_author_leaf::Potato___Early_blight:::167.0,Potato___Early_blight,pv_author_leaf::Potato___Early_blight:::38.0,pv_author_leaf::Potato___Early_blight:::107.0,302,303,300,1
2,20261005,pv_author_leaf::Potato___Early_blight:::170.0,Potato___Early_blight,pv_author_leaf::Potato___Early_blight:::166.0,pv_author_leaf::Potato___Early_blight:::195.0,319,317,316,1
2,20261005,pv_author_leaf::Potato___Early_blight:::175.0,Potato___Early_blight,pv_author_leaf::Potato___Early_blight:::26.0,pv_author_leaf::Potato___Early_blight:::183.0,338,337,339,1
2,20261005,pv_author_leaf::Potato___Early_blight:::178.0,Potato___Early_blight,pv_author_leaf::Potato___Early_blight:::190.0,pv_author_leaf::Potato___Early_blight:::105.0,348,350,349,1
2,20261005,pv_author_leaf::Potato___Early_blight:::18.0,Potato___Early_blight,pv_author_leaf::Potato___Early_blight:::74.0,pv_author_leaf::Potato___Early_blight:::49.0,357,358,359,1
2,20261005,pv_author_leaf::Potato___Early_blight:::180.0,Potato___Early_blight,pv_author_leaf::Potato___Early_blight:::69.0,pv_author_leaf::Potato___Early_blight:::3.0,363,360,361,1
2,20261005,pv_author_leaf::Potato___Early_blight:::184.0,Potato___Early_blight,pv_author_leaf::Potato___Early_blight:::135.0,pv_author_leaf::Potato___Early_blight:::36.0,376,379,377,1
2,20261005,pv_author_leaf::Potato___Early_blight:::187.0,Potato___Early_blight,pv_author_leaf::Potato___Early_blight:::13.0,pv_author_leaf::Potato___Early_blight:::92.0,388,391,390,1
2,20261005,pv_author_leaf::Potato___Early_blight:::193.0,Potato___Early_blight,pv_author_leaf::Potato___Early_blight:::147.0,pv_author_leaf::Potato___Early_blight:::208.0,416,418,417,1
2,20261005,pv_author_leaf::Potato___Early_blight:::194.0,Potato___Early_blight,pv_author_leaf::Potato___Early_blight:::29.0,pv_author_leaf::Potato___Early_blight:::84.0,423,422,420,1
2,20261005,pv_author_leaf::Potato___Early_blight:::196.0,Potato___Early_blight,pv_author_leaf::Potato___Early_blight:::247.0,pv_author_leaf::Potato___Early_blight:::192.0,429,431,428,1
2,20261005,pv_author_leaf::Potato___Early_blight:::197.0,Potato___Early_blight,pv_author_leaf::Potato___Early_blight:::6.0,pv_author_leaf::Potato___Early_blight:::44.0,432,433,434,1
2,20261005,pv_author_leaf::Potato___Early_blight:::198.0,Potato___Early_blight,pv_author_leaf::Potato___Early_blight:::73.0,pv_author_leaf::Potato___Early_blight:::211.0,436,438,437,1
2,20261005,pv_author_leaf::Potato___Early_blight:::199.0,Potato___Early_blight,pv_author_leaf::Potato___Early_blight:::4.0,pv_author_leaf::Potato___Early_blight:::128.0,441,440,443,1
2,20261005,pv_author_leaf::Potato___Early_blight:::20.0,Potato___Early_blight,pv_author_leaf::Potato___Early_blight:::70.0,pv_author_leaf::Potato___Early_blight:::206.0,451,448,450,1
2,20261005,pv_author_leaf::Potato___Early_blight:::202.0,Potato___Early_blight,pv_author_leaf::Potato___Early_blight:::14.0,pv_author_leaf::Potato___Early_blight:::58.0,462,460,463,1
2,20261005,pv_author_leaf::Potato___Early_blight:::207.0,Potato___Early_blight,pv_author_leaf::Potato___Early_blight:::132.0,pv_author_leaf::Potato___Early_blight:::43.0,482,480,481,1
2,20261005,pv_author_leaf::Potato___Early_blight:::215.0,Potato___Early_blight,pv_author_leaf::Potato___Early_blight:::231.0,pv_author_leaf::Potato___Early_blight:::176.0,516,518,517,1
2,20261005,pv_author_leaf::Potato___Early_blight:::22.0,Potato___Early_blight,pv_author_leaf::Potato___Early_blight:::223.0,pv_author_leaf::Potato___Early_blight:::222.0,536,539,538,1
2,20261005,pv_author_leaf::Potato___Early_blight:::23.0,Potato___Early_blight,pv_author_leaf::Potato___Early_blight:::50.0,pv_author_leaf::Potato___Early_blight:::169.0,583,581,580,1
2,20261005,pv_author_leaf::Potato___Early_blight:::236.0,Potato___Early_blight,pv_author_leaf::Potato___Early_blight:::91.0,pv_author_leaf::Potato___Early_blight:::182.0,608,611,609,1
2,20261005,pv_author_leaf::Potato___Early_blight:::238.0,Potato___Early_blight,pv_author_leaf::Potato___Early_blight:::35.0,pv_author_leaf::Potato___Early_blight:::155.0,616,617,619,1
2,20261005,pv_author_leaf::Potato___Early_blight:::239.0,Potato___Early_blight,pv_author_leaf::Potato___Early_blight:::98.0,pv_author_leaf::Potato___Early_blight:::71.0,623,621,622,1
2,20261005,pv_author_leaf::Potato___Early_blight:::243.0,Potato___Early_blight,pv_author_leaf::Potato___Early_blight:::219.0,pv_author_leaf::Potato___Early_blight:::203.0,643,642,640,1
2,20261005,pv_author_leaf::Potato___Early_blight:::244.0,Potato___Early_blight,pv_author_leaf::Potato___Early_blight:::233.0,pv_author_leaf::Potato___Early_blight:::32.0,645,644,646,1
2,20261005,pv_author_leaf::Potato___Early_blight:::245.0,Potato___Early_blight,pv_author_leaf::Potato___Early_blight:::230.0,pv_author_leaf::Potato___Early_blight:::214.0,649,650,648,1
2,20261005,pv_author_leaf::Potato___Early_blight:::250.0,Potato___Early_blight,pv_author_leaf::Potato___Early_blight:::54.0,pv_author_leaf::Potato___Early_blight:::204.0,672,673,674,1
2,20261005,pv_author_leaf::Potato___Early_blight:::28.0,Potato___Early_blight,pv_author_leaf::Potato___Early_blight:::25.0,pv_author_leaf::Potato___Early_blight:::240.0,687,686,685,1
2,20261005,pv_author_leaf::Potato___Early_blight:::37.0,Potato___Early_blight,pv_author_leaf::Potato___Early_blight:::136.0,pv_author_leaf::Potato___Early_blight:::60.0,724,727,725,1
2,20261005,pv_author_leaf::Potato___Early_blight:::40.0,Potato___Early_blight,pv_author_leaf::Potato___Early_blight:::51.0,pv_author_leaf::Potato___Early_blight:::154.0,741,742,740,1
2,20261005,pv_author_leaf::Potato___Early_blight:::41.0,Potato___Early_blight,pv_author_leaf::Potato___Early_blight:::163.0,pv_author_leaf::Potato___Early_blight:::117.0,745,746,747,1
2,20261005,pv_author_leaf::Potato___Early_blight:::55.0,Potato___Early_blight,pv_author_leaf::Potato___Early_blight:::189.0,pv_author_leaf::Potato___Early_blight:::140.0,807,806,804,1
2,20261005,pv_author_leaf::Potato___Early_blight:::56.0,Potato___Early_blight,pv_author_leaf::Potato___Early_blight:::179.0,pv_author_leaf::Potato___Early_blight:::129.0,810,809,811,1
2,20261005,pv_author_leaf::Potato___Early_blight:::66.0,Potato___Early_blight,pv_author_leaf::Potato___Early_blight:::157.0,pv_author_leaf::Potato___Early_blight:::75.0,855,854,852,1
2,20261005,pv_author_leaf::Potato___Early_blight:::77.0,Potato___Early_blight,pv_author_leaf::Potato___Early_blight:::174.0,pv_author_leaf::Potato___Early_blight:::89.0,902,903,900,1
2,20261005,pv_author_leaf::Potato___Early_blight:::79.0,Potato___Early_blight,pv_author_leaf::Potato___Early_blight:::131.0,pv_author_leaf::Potato___Early_blight:::46.0,908,909,910,1
2,20261005,pv_author_leaf::Potato___Early_blight:::80.0,Potato___Early_blight,pv_author_leaf::Potato___Early_blight:::11.0,pv_author_leaf::Potato___Early_blight:::144.0,918,916,919,1
2,20261005,pv_author_leaf::Potato___Early_blight:::93.0,Potato___Early_blight,pv_author_leaf::Potato___Early_blight:::68.0,pv_author_leaf::Potato___Early_blight:::165.0,975,973,972,1
2,20261005,pv_author_leaf::Potato___Early_blight:::99.0,Potato___Early_blight,pv_author_leaf::Potato___Early_blight:::164.0,pv_author_leaf::Potato___Early_blight:::9.0,996,998,997,1
2,20261005,pv_author_leaf::Potato___Late_blight:::103.0,Potato___Late_blight,pv_author_leaf::Potato___Late_blight:::2.0,pv_author_leaf::Potato___Late_blight:::208.0,1023,1020,1021,1
2,20261005,pv_author_leaf::Potato___Late_blight:::111.0,Potato___Late_blight,pv_author_leaf::Potato___Late_blight:::100.0,pv_author_leaf::Potato___Late_blight:::186.0,1057,1056,1058,1
2,20261005,pv_author_leaf::Potato___Late_blight:::115.0,Potato___Late_blight,pv_author_leaf::Potato___Late_blight:::80.0,pv_author_leaf::Potato___Late_blight:::151.0,1072,1075,1074,1
2,20261005,pv_author_leaf::Potato___Late_blight:::122.0,Potato___Late_blight,pv_author_leaf::Potato___Late_blight:::26.0,pv_author_leaf::Potato___Late_blight:::8.0,1106,1104,1105,1
2,20261005,pv_author_leaf::Potato___Late_blight:::123.0,Potato___Late_blight,pv_author_leaf::Potato___Late_blight:::169.0,pv_author_leaf::Potato___Late_blight:::93.0,1111,1108,1109,1
2,20261005,pv_author_leaf::Potato___Late_blight:::13.0,Potato___Late_blight,pv_author_leaf::Potato___Late_blight:::141.0,pv_author_leaf::Potato___Late_blight:::7.0,1139,1138,1136,1
2,20261005,pv_author_leaf::Potato___Late_blight:::138.0,Potato___Late_blight,pv_author_leaf::Potato___Late_blight:::50.0,pv_author_leaf::Potato___Late_blight:::84.0,1173,1175,1172,1
2,20261005,pv_author_leaf::Potato___Late_blight:::142.0,Potato___Late_blight,pv_author_leaf::Potato___Late_blight:::107.0,pv_author_leaf::Potato___Late_blight:::109.0,1193,1194,1195,1
2,20261005,pv_author_leaf::Potato___Late_blight:::147.0,Potato___Late_blight,pv_author_leaf::Potato___Late_blight:::52.0,pv_author_leaf::Potato___Late_blight:::216.0,1214,1213,1212,1
2,20261005,pv_author_leaf::Potato___Late_blight:::16.0,Potato___Late_blight,pv_author_leaf::Potato___Late_blight:::152.0,pv_author_leaf::Potato___Late_blight:::125.0,1269,1271,1270,1
2,20261005,pv_author_leaf::Potato___Late_blight:::165.0,Potato___Late_blight,pv_author_leaf::Potato___Late_blight:::194.0,pv_author_leaf::Potato___Late_blight:::81.0,1292,1293,1294,1
2,20261005,pv_author_leaf::Potato___Late_blight:::166.0,Potato___Late_blight,pv_author_leaf::Potato___Late_blight:::161.0,pv_author_leaf::Potato___Late_blight:::175.0,1299,1298,1296,1
2,20261005,pv_author_leaf::Potato___Late_blight:::17.0,Potato___Late_blight,pv_author_leaf::Potato___Late_blight:::222.0,pv_author_leaf::Potato___Late_blight:::153.0,1312,1315,1314,1
2,20261005,pv_author_leaf::Potato___Late_blight:::173.0,Potato___Late_blight,pv_author_leaf::Potato___Late_blight:::121.0,pv_author_leaf::Potato___Late_blight:::112.0,1328,1331,1330,1
2,20261005,pv_author_leaf::Potato___Late_blight:::178.0,Potato___Late_blight,pv_author_leaf::Potato___Late_blight:::57.0,pv_author_leaf::Potato___Late_blight:::15.0,1348,1350,1351,1
2,20261005,pv_author_leaf::Potato___Late_blight:::182.0,Potato___Late_blight,pv_author_leaf::Potato___Late_blight:::105.0,pv_author_leaf::Potato___Late_blight:::135.0,1371,1369,1370,1
2,20261005,pv_author_leaf::Potato___Late_blight:::183.0,Potato___Late_blight,pv_author_leaf::Potato___Late_blight:::177.0,pv_author_leaf::Potato___Late_blight:::139.0,1373,1375,1372,1
2,20261005,pv_author_leaf::Potato___Late_blight:::188.0,Potato___Late_blight,pv_author_leaf::Potato___Late_blight:::95.0,pv_author_leaf::Potato___Late_blight:::217.0,1394,1392,1395,1
2,20261005,pv_author_leaf::Potato___Late_blight:::193.0,Potato___Late_blight,pv_author_leaf::Potato___Late_blight:::41.0,pv_author_leaf::Potato___Late_blight:::91.0,1418,1416,1419,1
2,20261005,pv_author_leaf::Potato___Late_blight:::197.0,Potato___Late_blight,pv_author_leaf::Potato___Late_blight:::85.0,pv_author_leaf::Potato___Late_blight:::150.0,1433,1435,1432,1
2,20261005,pv_author_leaf::Potato___Late_blight:::198.0,Potato___Late_blight,pv_author_leaf::Potato___Late_blight:::35.0,pv_author_leaf::Potato___Late_blight:::106.0,1436,1437,1439,1
2,20261005,pv_author_leaf::Potato___Late_blight:::202.0,Potato___Late_blight,pv_author_leaf::Potato___Late_blight:::79.0,pv_author_leaf::Potato___Late_blight:::24.0,1462,1463,1461,1
2,20261005,pv_author_leaf::Potato___Late_blight:::203.0,Potato___Late_blight,pv_author_leaf::Potato___Late_blight:::98.0,pv_author_leaf::Potato___Late_blight:::14.0,1466,1464,1467,1
2,20261005,pv_author_leaf::Potato___Late_blight:::229.0,Potato___Late_blight,pv_author_leaf::Potato___Late_blight:::31.0,pv_author_leaf::Potato___Late_blight:::117.0,1579,1578,1577,1
2,20261005,pv_author_leaf::Potato___Late_blight:::234.0,Potato___Late_blight,pv_author_leaf::Potato___Late_blight:::132.0,pv_author_leaf::Potato___Late_blight:::200.0,1600,1601,1602,1
2,20261005,pv_author_leaf::Potato___Late_blight:::235.0,Potato___Late_blight,pv_author_leaf::Potato___Late_blight:::21.0,pv_author_leaf::Potato___Late_blight:::66.0,1607,1604,1605,1
2,20261005,pv_author_leaf::Potato___Late_blight:::236.0,Potato___Late_blight,pv_author_leaf::Potato___Late_blight:::18.0,pv_author_leaf::Potato___Late_blight:::65.0,1610,1608,1611,1
2,20261005,pv_author_leaf::Potato___Late_blight:::238.0,Potato___Late_blight,pv_author_leaf::Potato___Late_blight:::113.0,pv_author_leaf::Potato___Late_blight:::213.0,1616,1617,1618,1
2,20261005,pv_author_leaf::Potato___Late_blight:::241.0,Potato___Late_blight,pv_author_leaf::Potato___Late_blight:::140.0,pv_author_leaf::Potato___Late_blight:::232.0,1635,1633,1634,1
2,20261005,pv_author_leaf::Potato___Late_blight:::244.0,Potato___Late_blight,pv_author_leaf::Potato___Late_blight:::77.0,pv_author_leaf::Potato___Late_blight:::118.0,1645,1646,1647,1
2,20261005,pv_author_leaf::Potato___Late_blight:::249.0,Potato___Late_blight,pv_author_leaf::Potato___Late_blight:::54.0,pv_author_leaf::Potato___Late_blight:::53.0,1667,1666,1665,1
2,20261005,pv_author_leaf::Potato___Late_blight:::250.0,Potato___Late_blight,pv_author_leaf::Potato___Late_blight:::145.0,pv_author_leaf::Potato___Late_blight:::48.0,1673,1674,1672,1
2,20261005,pv_author_leaf::Potato___Late_blight:::27.0,Potato___Late_blight,pv_author_leaf::Potato___Late_blight:::130.0,pv_author_leaf::Potato___Late_blight:::126.0,1681,1683,1682,1
2,20261005,pv_author_leaf::Potato___Late_blight:::28.0,Potato___Late_blight,pv_author_leaf::Potato___Late_blight:::196.0,pv_author_leaf::Potato___Late_blight:::199.0,1687,1684,1685,1
2,20261005,pv_author_leaf::Potato___Late_blight:::30.0,Potato___Late_blight,pv_author_leaf::Potato___Late_blight:::108.0,pv_author_leaf::Potato___Late_blight:::75.0,1697,1696,1699,1
2,20261005,pv_author_leaf::Potato___Late_blight:::37.0,Potato___Late_blight,pv_author_leaf::Potato___Late_blight:::72.0,pv_author_leaf::Potato___Late_blight:::74.0,1727,1724,1725,1
2,20261005,pv_author_leaf::Potato___Late_blight:::43.0,Potato___Late_blight,pv_author_leaf::Potato___Late_blight:::129.0,pv_author_leaf::Potato___Late_blight:::137.0,1755,1752,1753,1
2,20261005,pv_author_leaf::Potato___Late_blight:::46.0,Potato___Late_blight,pv_author_leaf::Potato___Late_blight:::171.0,pv_author_leaf::Potato___Late_blight:::156.0,1767,1765,1766,1
2,20261005,pv_author_leaf::Potato___Late_blight:::47.0,Potato___Late_blight,pv_author_leaf::Potato___Late_blight:::207.0,pv_author_leaf::Potato___Late_blight:::212.0,1768,1770,1771,1
2,20261005,pv_author_leaf::Potato___Late_blight:::49.0,Potato___Late_blight,pv_author_leaf::Potato___Late_blight:::34.0,pv_author_leaf::Potato___Late_blight:::23.0,1779,1777,1776,1
2,20261005,pv_author_leaf::Potato___Late_blight:::5.0,Potato___Late_blight,pv_author_leaf::Potato___Late_blight:::36.0,pv_author_leaf::Potato___Late_blight:::163.0,1780,1781,1782,1
2,20261005,pv_author_leaf::Potato___Late_blight:::55.0,Potato___Late_blight,pv_author_leaf::Potato___Late_blight:::228.0,pv_author_leaf::Potato___Late_blight:::155.0,1805,1804,1807,1
2,20261005,pv_author_leaf::Potato___Late_blight:::6.0,Potato___Late_blight,pv_author_leaf::Potato___Late_blight:::215.0,pv_author_leaf::Potato___Late_blight:::134.0,1827,1826,1825,1
2,20261005,pv_author_leaf::Potato___Late_blight:::62.0,Potato___Late_blight,pv_author_leaf::Potato___Late_blight:::63.0,pv_author_leaf::Potato___Late_blight:::116.0,1839,1838,1837,1
2,20261005,pv_author_leaf::Potato___Late_blight:::64.0,Potato___Late_blight,pv_author_leaf::Potato___Late_blight:::192.0,pv_author_leaf::Potato___Late_blight:::110.0,1844,1845,1846,1
2,20261005,pv_author_leaf::Potato___Late_blight:::73.0,Potato___Late_blight,pv_author_leaf::Potato___Late_blight:::211.0,pv_author_leaf::Potato___Late_blight:::154.0,1884,1885,1887,1
2,20261005,pv_author_leaf::Potato___Late_blight:::83.0,Potato___Late_blight,pv_author_leaf::Potato___Late_blight:::119.0,pv_author_leaf::Potato___Late_blight:::248.0,1930,1928,1929,1
2,20261005,pv_author_leaf::Potato___Late_blight:::86.0,Potato___Late_blight,pv_author_leaf::Potato___Late_blight:::45.0,pv_author_leaf::Potato___Late_blight:::230.0,1940,1942,1943,1
2,20261005,pv_author_leaf::Potato___Late_blight:::96.0,Potato___Late_blight,pv_author_leaf::Potato___Late_blight:::148.0,pv_author_leaf::Potato___Late_blight:::204.0,1986,1985,1984,1
2,20261005,pv_author_leaf::Potato___Late_blight:::97.0,Potato___Late_blight,pv_author_leaf::Potato___Late_blight:::143.0,pv_author_leaf::Potato___Late_blight:::206.0,1989,1990,1988,1
2,20261005,pv_author_leaf::Potato___healthy:::10.0,healthy,pv_author_leaf::Potato___healthy:::12.0,pv_author_leaf::Potato___healthy:::3.0,2004,2007,2005,1
2,20261005,pv_author_leaf::Potato___healthy:::22.0,healthy,pv_author_leaf::Potato___healthy:::36.0,pv_author_leaf::Potato___healthy:::8.0,2059,2057,2056,1
2,20261005,pv_author_leaf::Potato___healthy:::24.0,healthy,pv_author_leaf::Potato___healthy:::29.0,pv_author_leaf::Potato___healthy:::16.0,2066,2064,2065,1
2,20261005,pv_author_leaf::Potato___healthy:::25.0,healthy,pv_author_leaf::Potato___healthy:::20.0,pv_author_leaf::Potato___healthy:::11.0,2068,2070,2069,1
2,20261005,pv_author_leaf::Potato___healthy:::26.0,healthy,pv_author_leaf::Potato___healthy:::31.0,pv_author_leaf::Potato___healthy:::28.0,2075,2074,2072,1
2,20261005,pv_author_leaf::Potato___healthy:::33.0,healthy,pv_author_leaf::Potato___healthy:::7.0,pv_author_leaf::Potato___healthy:::19.0,2107,2105,2104,1
2,20261005,pv_author_leaf::Potato___healthy:::38.0,healthy,pv_author_leaf::Potato___healthy:::15.0,pv_author_leaf::Potato___healthy:::23.0,2127,2124,2125,1
2,20261005,pv_author_leaf::Potato___healthy:::6.0,healthy,pv_author_leaf::Potato___healthy:::18.0,pv_author_leaf::Potato___healthy:::9.0,2138,2136,2137,1
3,20261006,pv_author_leaf::Potato___Early_blight:::100.0,Potato___Early_blight,pv_author_leaf::Potato___Early_blight:::190.0,pv_author_leaf::Potato___Early_blight:::80.0,10,11,8,1
3,20261006,pv_author_leaf::Potato___Early_blight:::104.0,Potato___Early_blight,pv_author_leaf::Potato___Early_blight:::234.0,pv_author_leaf::Potato___Early_blight:::211.0,26,27,25,1
3,20261006,pv_author_leaf::Potato___Early_blight:::11.0,Potato___Early_blight,pv_author_leaf::Potato___Early_blight:::201.0,pv_author_leaf::Potato___Early_blight:::130.0,51,49,48,1
3,20261006,pv_author_leaf::Potato___Early_blight:::118.0,Potato___Early_blight,pv_author_leaf::Potato___Early_blight:::96.0,pv_author_leaf::Potato___Early_blight:::92.0,87,85,84,1
3,20261006,pv_author_leaf::Potato___Early_blight:::120.0,Potato___Early_blight,pv_author_leaf::Potato___Early_blight:::167.0,pv_author_leaf::Potato___Early_blight:::60.0,99,96,97,1
3,20261006,pv_author_leaf::Potato___Early_blight:::126.0,Potato___Early_blight,pv_author_leaf::Potato___Early_blight:::87.0,pv_author_leaf::Potato___Early_blight:::138.0,121,123,120,1
3,20261006,pv_author_leaf::Potato___Early_blight:::141.0,Potato___Early_blight,pv_author_leaf::Potato___Early_blight:::178.0,pv_author_leaf::Potato___Early_blight:::148.0,189,190,188,1
3,20261006,pv_author_leaf::Potato___Early_blight:::144.0,Potato___Early_blight,pv_author_leaf::Potato___Early_blight:::124.0,pv_author_leaf::Potato___Early_blight:::90.0,202,203,200,1
3,20261006,pv_author_leaf::Potato___Early_blight:::149.0,Potato___Early_blight,pv_author_leaf::Potato___Early_blight:::139.0,pv_author_leaf::Potato___Early_blight:::176.0,222,223,220,1
3,20261006,pv_author_leaf::Potato___Early_blight:::151.0,Potato___Early_blight,pv_author_leaf::Potato___Early_blight:::145.0,pv_author_leaf::Potato___Early_blight:::85.0,235,232,234,1
3,20261006,pv_author_leaf::Potato___Early_blight:::158.0,Potato___Early_blight,pv_author_leaf::Potato___Early_blight:::153.0,pv_author_leaf::Potato___Early_blight:::93.0,262,261,263,1
3,20261006,pv_author_leaf::Potato___Early_blight:::162.0,Potato___Early_blight,pv_author_leaf::Potato___Early_blight:::77.0,pv_author_leaf::Potato___Early_blight:::31.0,280,283,282,1
3,20261006,pv_author_leaf::Potato___Early_blight:::169.0,Potato___Early_blight,pv_author_leaf::Potato___Early_blight:::136.0,pv_author_leaf::Potato___Early_blight:::235.0,311,309,308,1
3,20261006,pv_author_leaf::Potato___Early_blight:::17.0,Potato___Early_blight,pv_author_leaf::Potato___Early_blight:::119.0,pv_author_leaf::Potato___Early_blight:::35.0,315,314,313,1
3,20261006,pv_author_leaf::Potato___Early_blight:::170.0,Potato___Early_blight,pv_author_leaf::Potato___Early_blight:::107.0,pv_author_leaf::Potato___Early_blight:::106.0,317,316,319,1
3,20261006,pv_author_leaf::Potato___Early_blight:::172.0,Potato___Early_blight,pv_author_leaf::Potato___Early_blight:::216.0,pv_author_leaf::Potato___Early_blight:::76.0,326,325,324,1
3,20261006,pv_author_leaf::Potato___Early_blight:::179.0,Potato___Early_blight,pv_author_leaf::Potato___Early_blight:::204.0,pv_author_leaf::Potato___Early_blight:::121.0,354,355,352,1
3,20261006,pv_author_leaf::Potato___Early_blight:::18.0,Potato___Early_blight,pv_author_leaf::Potato___Early_blight:::239.0,pv_author_leaf::Potato___Early_blight:::2.0,359,356,358,1
3,20261006,pv_author_leaf::Potato___Early_blight:::181.0,Potato___Early_blight,pv_author_leaf::Potato___Early_blight:::189.0,pv_author_leaf::Potato___Early_blight:::228.0,365,367,366,1
3,20261006,pv_author_leaf::Potato___Early_blight:::182.0,Potato___Early_blight,pv_author_leaf::Potato___Early_blight:::250.0,pv_author_leaf::Potato___Early_blight:::180.0,370,371,368,1
3,20261006,pv_author_leaf::Potato___Early_blight:::185.0,Potato___Early_blight,pv_author_leaf::Potato___Early_blight:::86.0,pv_author_leaf::Potato___Early_blight:::160.0,381,382,383,1
3,20261006,pv_author_leaf::Potato___Early_blight:::186.0,Potato___Early_blight,pv_author_leaf::Potato___Early_blight:::1.0,pv_author_leaf::Potato___Early_blight:::183.0,387,386,384,1
3,20261006,pv_author_leaf::Potato___Early_blight:::199.0,Potato___Early_blight,pv_author_leaf::Potato___Early_blight:::192.0,pv_author_leaf::Potato___Early_blight:::227.0,440,441,442,1
3,20261006,pv_author_leaf::Potato___Early_blight:::205.0,Potato___Early_blight,pv_author_leaf::Potato___Early_blight:::155.0,pv_author_leaf::Potato___Early_blight:::147.0,473,475,474,1
3,20261006,pv_author_leaf::Potato___Early_blight:::212.0,Potato___Early_blight,pv_author_leaf::Potato___Early_blight:::140.0,pv_author_leaf::Potato___Early_blight:::137.0,504,505,506,1
3,20261006,pv_author_leaf::Potato___Early_blight:::214.0,Potato___Early_blight,pv_author_leaf::Potato___Early_blight:::203.0,pv_author_leaf::Potato___Early_blight:::132.0,512,515,514,1
3,20261006,pv_author_leaf::Potato___Early_blight:::221.0,Potato___Early_blight,pv_author_leaf::Potato___Early_blight:::218.0,pv_author_leaf::Potato___Early_blight:::12.0,545,547,544,1
3,20261006,pv_author_leaf::Potato___Early_blight:::23.0,Potato___Early_blight,pv_author_leaf::Potato___Early_blight:::68.0,pv_author_leaf::Potato___Early_blight:::8.0,583,581,580,1
3,20261006,pv_author_leaf::Potato___Early_blight:::231.0,Potato___Early_blight,pv_author_leaf::Potato___Early_blight:::53.0,pv_author_leaf::Potato___Early_blight:::38.0,589,591,588,1
3,20261006,pv_author_leaf::Potato___Early_blight:::236.0,Potato___Early_blight,pv_author_leaf::Potato___Early_blight:::16.0,pv_author_leaf::Potato___Early_blight:::49.0,611,608,610,1
3,20261006,pv_author_leaf::Potato___Early_blight:::238.0,Potato___Early_blight,pv_author_leaf::Potato___Early_blight:::99.0,pv_author_leaf::Potato___Early_blight:::225.0,616,617,618,1
3,20261006,pv_author_leaf::Potato___Early_blight:::24.0,Potato___Early_blight,pv_author_leaf::Potato___Early_blight:::223.0,pv_author_leaf::Potato___Early_blight:::115.0,627,625,626,1
3,20261006,pv_author_leaf::Potato___Early_blight:::241.0,Potato___Early_blight,pv_author_leaf::Potato___Early_blight:::32.0,pv_author_leaf::Potato___Early_blight:::84.0,634,635,632,1
3,20261006,pv_author_leaf::Potato___Early_blight:::243.0,Potato___Early_blight,pv_author_leaf::Potato___Early_blight:::82.0,pv_author_leaf::Potato___Early_blight:::133.0,641,640,643,1
3,20261006,pv_author_leaf::Potato___Early_blight:::244.0,Potato___Early_blight,pv_author_leaf::Potato___Early_blight:::39.0,pv_author_leaf::Potato___Early_blight:::40.0,647,646,644,1
3,20261006,pv_author_leaf::Potato___Early_blight:::25.0,Potato___Early_blight,pv_author_leaf::Potato___Early_blight:::230.0,pv_author_leaf::Potato___Early_blight:::72.0,668,669,670,1
3,20261006,pv_author_leaf::Potato___Early_blight:::30.0,Potato___Early_blight,pv_author_leaf::Potato___Early_blight:::4.0,pv_author_leaf::Potato___Early_blight:::33.0,696,699,697,1
3,20261006,pv_author_leaf::Potato___Early_blight:::36.0,Potato___Early_blight,pv_author_leaf::Potato___Early_blight:::142.0,pv_author_leaf::Potato___Early_blight:::249.0,722,721,720,1
3,20261006,pv_author_leaf::Potato___Early_blight:::52.0,Potato___Early_blight,pv_author_leaf::Potato___Early_blight:::215.0,pv_author_leaf::Potato___Early_blight:::7.0,793,795,794,1
3,20261006,pv_author_leaf::Potato___Early_blight:::54.0,Potato___Early_blight,pv_author_leaf::Potato___Early_blight:::46.0,pv_author_leaf::Potato___Early_blight:::73.0,803,802,801,1
3,20261006,pv_author_leaf::Potato___Early_blight:::56.0,Potato___Early_blight,pv_author_leaf::Potato___Early_blight:::171.0,pv_author_leaf::Potato___Early_blight:::37.0,808,809,811,1
3,20261006,pv_author_leaf::Potato___Early_blight:::57.0,Potato___Early_blight,pv_author_leaf::Potato___Early_blight:::95.0,pv_author_leaf::Potato___Early_blight:::195.0,813,814,815,1
3,20261006,pv_author_leaf::Potato___Early_blight:::58.0,Potato___Early_blight,pv_author_leaf::Potato___Early_blight:::210.0,pv_author_leaf::Potato___Early_blight:::174.0,819,817,818,1
3,20261006,pv_author_leaf::Potato___Early_blight:::6.0,Potato___Early_blight,pv_author_leaf::Potato___Early_blight:::220.0,pv_author_leaf::Potato___Early_blight:::198.0,825,827,826,1
3,20261006,pv_author_leaf::Potato___Early_blight:::62.0,Potato___Early_blight,pv_author_leaf::Potato___Early_blight:::75.0,pv_author_leaf::Potato___Early_blight:::44.0,837,836,839,1
3,20261006,pv_author_leaf::Potato___Early_blight:::65.0,Potato___Early_blight,pv_author_leaf::Potato___Early_blight:::246.0,pv_author_leaf::Potato___Early_blight:::55.0,850,851,848,1
3,20261006,pv_author_leaf::Potato___Early_blight:::66.0,Potato___Early_blight,pv_author_leaf::Potato___Early_blight:::26.0,pv_author_leaf::Potato___Early_blight:::164.0,854,853,852,1
3,20261006,pv_author_leaf::Potato___Early_blight:::69.0,Potato___Early_blight,pv_author_leaf::Potato___Early_blight:::150.0,pv_author_leaf::Potato___Early_blight:::61.0,865,867,864,1
3,20261006,pv_author_leaf::Potato___Early_blight:::83.0,Potato___Early_blight,pv_author_leaf::Potato___Early_blight:::29.0,pv_author_leaf::Potato___Early_blight:::166.0,929,928,931,1
3,20261006,pv_author_leaf::Potato___Early_blight:::98.0,Potato___Early_blight,pv_author_leaf::Potato___Early_blight:::112.0,pv_author_leaf::Potato___Early_blight:::5.0,995,993,994,1
3,20261006,pv_author_leaf::Potato___Late_blight:::101.0,Potato___Late_blight,pv_author_leaf::Potato___Late_blight:::6.0,pv_author_leaf::Potato___Late_blight:::161.0,1014,1012,1013,1
3,20261006,pv_author_leaf::Potato___Late_blight:::104.0,Potato___Late_blight,pv_author_leaf::Potato___Late_blight:::119.0,pv_author_leaf::Potato___Late_blight:::72.0,1025,1024,1026,1
3,20261006,pv_author_leaf::Potato___Late_blight:::117.0,Potato___Late_blight,pv_author_leaf::Potato___Late_blight:::19.0,pv_author_leaf::Potato___Late_blight:::87.0,1082,1080,1083,1
3,20261006,pv_author_leaf::Potato___Late_blight:::120.0,Potato___Late_blight,pv_author_leaf::Potato___Late_blight:::48.0,pv_author_leaf::Potato___Late_blight:::202.0,1098,1097,1096,1
3,20261006,pv_author_leaf::Potato___Late_blight:::140.0,Potato___Late_blight,pv_author_leaf::Potato___Late_blight:::191.0,pv_author_leaf::Potato___Late_blight:::77.0,1187,1184,1186,1
3,20261006,pv_author_leaf::Potato___Late_blight:::148.0,Potato___Late_blight,pv_author_leaf::Potato___Late_blight:::112.0,pv_author_leaf::Potato___Late_blight:::7.0,1216,1217,1218,1
3,20261006,pv_author_leaf::Potato___Late_blight:::15.0,Potato___Late_blight,pv_author_leaf::Potato___Late_blight:::108.0,pv_author_leaf::Potato___Late_blight:::132.0,1226,1225,1224,1
3,20261006,pv_author_leaf::Potato___Late_blight:::150.0,Potato___Late_blight,pv_author_leaf::Potato___Late_blight:::185.0,pv_author_leaf::Potato___Late_blight:::60.0,1230,1231,1228,1
3,20261006,pv_author_leaf::Potato___Late_blight:::153.0,Potato___Late_blight,pv_author_leaf::Potato___Late_blight:::175.0,pv_author_leaf::Potato___Late_blight:::90.0,1243,1242,1241,1
3,20261006,pv_author_leaf::Potato___Late_blight:::156.0,Potato___Late_blight,pv_author_leaf::Potato___Late_blight:::147.0,pv_author_leaf::Potato___Late_blight:::193.0,1255,1253,1254,1
3,20261006,pv_author_leaf::Potato___Late_blight:::16.0,Potato___Late_blight,pv_author_leaf::Potato___Late_blight:::146.0,pv_author_leaf::Potato___Late_blight:::139.0,1268,1269,1271,1
3,20261006,pv_author_leaf::Potato___Late_blight:::160.0,Potato___Late_blight,pv_author_leaf::Potato___Late_blight:::230.0,pv_author_leaf::Potato___Late_blight:::115.0,1274,1272,1275,1
3,20261006,pv_author_leaf::Potato___Late_blight:::17.0,Potato___Late_blight,pv_author_leaf::Potato___Late_blight:::169.0,pv_author_leaf::Potato___Late_blight:::218.0,1315,1313,1314,1
3,20261006,pv_author_leaf::Potato___Late_blight:::170.0,Potato___Late_blight,pv_author_leaf::Potato___Late_blight:::34.0,pv_author_leaf::Potato___Late_blight:::18.0,1319,1317,1316,1
3,20261006,pv_author_leaf::Potato___Late_blight:::171.0,Potato___Late_blight,pv_author_leaf::Potato___Late_blight:::88.0,pv_author_leaf::Potato___Late_blight:::83.0,1321,1320,1322,1
3,20261006,pv_author_leaf::Potato___Late_blight:::174.0,Potato___Late_blight,pv_author_leaf::Potato___Late_blight:::116.0,pv_author_leaf::Potato___Late_blight:::81.0,1335,1332,1334,1
3,20261006,pv_author_leaf::Potato___Late_blight:::176.0,Potato___Late_blight,pv_author_leaf::Potato___Late_blight:::204.0,pv_author_leaf::Potato___Late_blight:::226.0,1342,1341,1340,1
3,20261006,pv_author_leaf::Potato___Late_blight:::178.0,Potato___Late_blight,pv_author_leaf::Potato___Late_blight:::126.0,pv_author_leaf::Potato___Late_blight:::96.0,1351,1348,1349,1
3,20261006,pv_author_leaf::Potato___Late_blight:::179.0,Potato___Late_blight,pv_author_leaf::Potato___Late_blight:::243.0,pv_author_leaf::Potato___Late_blight:::23.0,1352,1354,1353,1
3,20261006,pv_author_leaf::Potato___Late_blight:::186.0,Potato___Late_blight,pv_author_leaf::Potato___Late_blight:::12.0,pv_author_leaf::Potato___Late_blight:::244.0,1384,1385,1387,1
3,20261006,pv_author_leaf::Potato___Late_blight:::188.0,Potato___Late_blight,pv_author_leaf::Potato___Late_blight:::22.0,pv_author_leaf::Potato___Late_blight:::154.0,1394,1392,1395,1
3,20261006,pv_author_leaf::Potato___Late_blight:::189.0,Potato___Late_blight,pv_author_leaf::Potato___Late_blight:::167.0,pv_author_leaf::Potato___Late_blight:::4.0,1396,1397,1399,1
3,20261006,pv_author_leaf::Potato___Late_blight:::197.0,Potato___Late_blight,pv_author_leaf::Potato___Late_blight:::53.0,pv_author_leaf::Potato___Late_blight:::50.0,1432,1435,1433,1
3,20261006,pv_author_leaf::Potato___Late_blight:::206.0,Potato___Late_blight,pv_author_leaf::Potato___Late_blight:::11.0,pv_author_leaf::Potato___Late_blight:::73.0,1479,1477,1476,1
3,20261006,pv_author_leaf::Potato___Late_blight:::211.0,Potato___Late_blight,pv_author_leaf::Potato___Late_blight:::207.0,pv_author_leaf::Potato___Late_blight:::92.0,1500,1502,1503,1
3,20261006,pv_author_leaf::Potato___Late_blight:::214.0,Potato___Late_blight,pv_author_leaf::Potato___Late_blight:::210.0,pv_author_leaf::Potato___Late_blight:::145.0,1515,1513,1512,1
3,20261006,pv_author_leaf::Potato___Late_blight:::227.0,Potato___Late_blight,pv_author_leaf::Potato___Late_blight:::110.0,pv_author_leaf::Potato___Late_blight:::111.0,1571,1569,1570,1
3,20261006,pv_author_leaf::Potato___Late_blight:::228.0,Potato___Late_blight,pv_author_leaf::Potato___Late_blight:::215.0,pv_author_leaf::Potato___Late_blight:::51.0,1574,1575,1572,1
3,20261006,pv_author_leaf::Potato___Late_blight:::234.0,Potato___Late_blight,pv_author_leaf::Potato___Late_blight:::102.0,pv_author_leaf::Potato___Late_blight:::173.0,1601,1603,1600,1
3,20261006,pv_author_leaf::Potato___Late_blight:::237.0,Potato___Late_blight,pv_author_leaf::Potato___Late_blight:::127.0,pv_author_leaf::Potato___Late_blight:::76.0,1615,1614,1612,1
3,20261006,pv_author_leaf::Potato___Late_blight:::238.0,Potato___Late_blight,pv_author_leaf::Potato___Late_blight:::129.0,pv_author_leaf::Potato___Late_blight:::61.0,1618,1617,1616,1
3,20261006,pv_author_leaf::Potato___Late_blight:::242.0,Potato___Late_blight,pv_author_leaf::Potato___Late_blight:::149.0,pv_author_leaf::Potato___Late_blight:::219.0,1637,1636,1639,1
3,20261006,pv_author_leaf::Potato___Late_blight:::245.0,Potato___Late_blight,pv_author_leaf::Potato___Late_blight:::80.0,pv_author_leaf::Potato___Late_blight:::201.0,1648,1650,1651,1
3,20261006,pv_author_leaf::Potato___Late_blight:::248.0,Potato___Late_blight,pv_author_leaf::Potato___Late_blight:::236.0,pv_author_leaf::Potato___Late_blight:::13.0,1663,1662,1661,1
3,20261006,pv_author_leaf::Potato___Late_blight:::25.0,Potato___Late_blight,pv_author_leaf::Potato___Late_blight:::131.0,pv_author_leaf::Potato___Late_blight:::45.0,1670,1669,1671,1
3,20261006,pv_author_leaf::Potato___Late_blight:::28.0,Potato___Late_blight,pv_author_leaf::Potato___Late_blight:::98.0,pv_author_leaf::Potato___Late_blight:::123.0,1687,1684,1686,1
3,20261006,pv_author_leaf::Potato___Late_blight:::29.0,Potato___Late_blight,pv_author_leaf::Potato___Late_blight:::8.0,pv_author_leaf::Potato___Late_blight:::56.0,1691,1688,1689,1
3,20261006,pv_author_leaf::Potato___Late_blight:::43.0,Potato___Late_blight,pv_author_leaf::Potato___Late_blight:::106.0,pv_author_leaf::Potato___Late_blight:::225.0,1755,1754,1753,1
3,20261006,pv_author_leaf::Potato___Late_blight:::44.0,Potato___Late_blight,pv_author_leaf::Potato___Late_blight:::78.0,pv_author_leaf::Potato___Late_blight:::89.0,1759,1756,1758,1
3,20261006,pv_author_leaf::Potato___Late_blight:::47.0,Potato___Late_blight,pv_author_leaf::Potato___Late_blight:::247.0,pv_author_leaf::Potato___Late_blight:::194.0,1770,1769,1771,1
3,20261006,pv_author_leaf::Potato___Late_blight:::49.0,Potato___Late_blight,pv_author_leaf::Potato___Late_blight:::181.0,pv_author_leaf::Potato___Late_blight:::113.0,1779,1778,1777,1
3,20261006,pv_author_leaf::Potato___Late_blight:::52.0,Potato___Late_blight,pv_author_leaf::Potato___Late_blight:::37.0,pv_author_leaf::Potato___Late_blight:::151.0,1792,1794,1795,1
3,20261006,pv_author_leaf::Potato___Late_blight:::57.0,Potato___Late_blight,pv_author_leaf::Potato___Late_blight:::165.0,pv_author_leaf::Potato___Late_blight:::128.0,1815,1812,1814,1
3,20261006,pv_author_leaf::Potato___Late_blight:::65.0,Potato___Late_blight,pv_author_leaf::Potato___Late_blight:::121.0,pv_author_leaf::Potato___Late_blight:::134.0,1849,1848,1851,1
3,20261006,pv_author_leaf::Potato___Late_blight:::66.0,Potato___Late_blight,pv_author_leaf::Potato___Late_blight:::40.0,pv_author_leaf::Potato___Late_blight:::222.0,1853,1852,1854,1
3,20261006,pv_author_leaf::Potato___Late_blight:::74.0,Potato___Late_blight,pv_author_leaf::Potato___Late_blight:::141.0,pv_author_leaf::Potato___Late_blight:::31.0,1890,1888,1891,1
3,20261006,pv_author_leaf::Potato___Late_blight:::84.0,Potato___Late_blight,pv_author_leaf::Potato___Late_blight:::46.0,pv_author_leaf::Potato___Late_blight:::163.0,1932,1934,1933,1
3,20261006,pv_author_leaf::Potato___Late_blight:::91.0,Potato___Late_blight,pv_author_leaf::Potato___Late_blight:::232.0,pv_author_leaf::Potato___Late_blight:::63.0,1965,1967,1964,1
3,20261006,pv_author_leaf::Potato___Late_blight:::95.0,Potato___Late_blight,pv_author_leaf::Potato___Late_blight:::233.0,pv_author_leaf::Potato___Late_blight:::221.0,1982,1980,1981,1
3,20261006,pv_author_leaf::Potato___Late_blight:::99.0,Potato___Late_blight,pv_author_leaf::Potato___Late_blight:::246.0,pv_author_leaf::Potato___Late_blight:::187.0,1999,1996,1997,1
3,20261006,pv_author_leaf::Potato___healthy:::17.0,healthy,pv_author_leaf::Potato___healthy:::22.0,pv_author_leaf::Potato___healthy:::1.0,2033,2032,2035,1
3,20261006,pv_author_leaf::Potato___healthy:::2.0,healthy,pv_author_leaf::Potato___healthy:::9.0,pv_author_leaf::Potato___healthy:::18.0,2046,2047,2045,1
3,20261006,pv_author_leaf::Potato___healthy:::24.0,healthy,pv_author_leaf::Potato___healthy:::16.0,pv_author_leaf::Potato___healthy:::8.0,2065,2064,2066,1
3,20261006,pv_author_leaf::Potato___healthy:::25.0,healthy,pv_author_leaf::Potato___healthy:::15.0,pv_author_leaf::Potato___healthy:::28.0,2070,2069,2068,1
3,20261006,pv_author_leaf::Potato___healthy:::27.0,healthy,pv_author_leaf::Potato___healthy:::12.0,pv_author_leaf::Potato___healthy:::7.0,2079,2076,2078,1
3,20261006,pv_author_leaf::Potato___healthy:::34.0,healthy,pv_author_leaf::Potato___healthy:::5.0,pv_author_leaf::Potato___healthy:::23.0,2108,2110,2111,1
3,20261006,pv_author_leaf::Potato___healthy:::38.0,healthy,pv_author_leaf::Potato___healthy:::33.0,pv_author_leaf::Potato___healthy:::21.0,2124,2126,2127,1
3,20261006,pv_author_leaf::Potato___healthy:::6.0,healthy,pv_author_leaf::Potato___healthy:::11.0,pv_author_leaf::Potato___healthy:::26.0,2136,2138,2137,1
4,20261007,pv_author_leaf::Potato___Early_blight:::103.0,Potato___Early_blight,pv_author_leaf::Potato___Early_blight:::169.0,pv_author_leaf::Potato___Early_blight:::41.0,20,21,22,1
4,20261007,pv_author_leaf::Potato___Early_blight:::105.0,Potato___Early_blight,pv_author_leaf::Potato___Early_blight:::16.0,pv_author_leaf::Potato___Early_blight:::135.0,29,28,31,1
4,20261007,pv_author_leaf::Potato___Early_blight:::109.0,Potato___Early_blight,pv_author_leaf::Potato___Early_blight:::69.0,pv_author_leaf::Potato___Early_blight:::114.0,46,44,47,1
4,20261007,pv_author_leaf::Potato___Early_blight:::11.0,Potato___Early_blight,pv_author_leaf::Potato___Early_blight:::100.0,pv_author_leaf::Potato___Early_blight:::153.0,51,50,48,1
4,20261007,pv_author_leaf::Potato___Early_blight:::128.0,Potato___Early_blight,pv_author_leaf::Potato___Early_blight:::93.0,pv_author_leaf::Potato___Early_blight:::111.0,129,131,128,1
4,20261007,pv_author_leaf::Potato___Early_blight:::130.0,Potato___Early_blight,pv_author_leaf::Potato___Early_blight:::112.0,pv_author_leaf::Potato___Early_blight:::156.0,141,140,142,1
4,20261007,pv_author_leaf::Potato___Early_blight:::136.0,Potato___Early_blight,pv_author_leaf::Potato___Early_blight:::79.0,pv_author_leaf::Potato___Early_blight:::147.0,164,166,165,1
4,20261007,pv_author_leaf::Potato___Early_blight:::151.0,Potato___Early_blight,pv_author_leaf::Potato___Early_blight:::22.0,pv_author_leaf::Potato___Early_blight:::72.0,235,234,233,1
4,20261007,pv_author_leaf::Potato___Early_blight:::155.0,Potato___Early_blight,pv_author_leaf::Potato___Early_blight:::177.0,pv_author_leaf::Potato___Early_blight:::160.0,249,251,250,1
4,20261007,pv_author_leaf::Potato___Early_blight:::158.0,Potato___Early_blight,pv_author_leaf::Potato___Early_blight:::239.0,pv_author_leaf::Potato___Early_blight:::162.0,261,262,260,1
4,20261007,pv_author_leaf::Potato___Early_blight:::164.0,Potato___Early_blight,pv_author_leaf::Potato___Early_blight:::172.0,pv_author_leaf::Potato___Early_blight:::138.0,291,289,288,1
4,20261007,pv_author_leaf::Potato___Early_blight:::167.0,Potato___Early_blight,pv_author_leaf::Potato___Early_blight:::175.0,pv_author_leaf::Potato___Early_blight:::196.0,302,300,301,1
4,20261007,pv_author_leaf::Potato___Early_blight:::178.0,Potato___Early_blight,pv_author_leaf::Potato___Early_blight:::198.0,pv_author_leaf::Potato___Early_blight:::124.0,349,350,348,1
4,20261007,pv_author_leaf::Potato___Early_blight:::179.0,Potato___Early_blight,pv_author_leaf::Potato___Early_blight:::215.0,pv_author_leaf::Potato___Early_blight:::194.0,352,354,353,1
4,20261007,pv_author_leaf::Potato___Early_blight:::18.0,Potato___Early_blight,pv_author_leaf::Potato___Early_blight:::107.0,pv_author_leaf::Potato___Early_blight:::38.0,357,359,356,1
4,20261007,pv_author_leaf::Potato___Early_blight:::186.0,Potato___Early_blight,pv_author_leaf::Potato___Early_blight:::150.0,pv_author_leaf::Potato___Early_blight:::237.0,387,384,385,1
4,20261007,pv_author_leaf::Potato___Early_blight:::190.0,Potato___Early_blight,pv_author_leaf::Potato___Early_blight:::125.0,pv_author_leaf::Potato___Early_blight:::193.0,405,404,407,1
4,20261007,pv_author_leaf::Potato___Early_blight:::200.0,Potato___Early_blight,pv_author_leaf::Potato___Early_blight:::159.0,pv_author_leaf::Potato___Early_blight:::78.0,454,453,452,1
4,20261007,pv_author_leaf::Potato___Early_blight:::210.0,Potato___Early_blight,pv_author_leaf::Potato___Early_blight:::21.0,pv_author_leaf::Potato___Early_blight:::184.0,496,498,497,1
4,20261007,pv_author_leaf::Potato___Early_blight:::211.0,Potato___Early_blight,pv_author_leaf::Potato___Early_blight:::235.0,pv_author_leaf::Potato___Early_blight:::84.0,502,501,503,1
4,20261007,pv_author_leaf::Potato___Early_blight:::216.0,Potato___Early_blight,pv_author_leaf::Potato___Early_blight:::86.0,pv_author_leaf::Potato___Early_blight:::54.0,523,520,521,1
4,20261007,pv_author_leaf::Potato___Early_blight:::218.0,Potato___Early_blight,pv_author_leaf::Potato___Early_blight:::148.0,pv_author_leaf::Potato___Early_blight:::110.0,530,529,531,1
4,20261007,pv_author_leaf::Potato___Early_blight:::220.0,Potato___Early_blight,pv_author_leaf::Potato___Early_blight:::1.0,pv_author_leaf::Potato___Early_blight:::40.0,541,540,542,1
4,20261007,pv_author_leaf::Potato___Early_blight:::221.0,Potato___Early_blight,pv_author_leaf::Potato___Early_blight:::59.0,pv_author_leaf::Potato___Early_blight:::101.0,544,546,547,1
4,20261007,pv_author_leaf::Potato___Early_blight:::226.0,Potato___Early_blight,pv_author_leaf::Potato___Early_blight:::166.0,pv_author_leaf::Potato___Early_blight:::87.0,566,567,565,1
4,20261007,pv_author_leaf::Potato___Early_blight:::240.0,Potato___Early_blight,pv_author_leaf::Potato___Early_blight:::64.0,pv_author_leaf::Potato___Early_blight:::97.0,629,630,631,1
4,20261007,pv_author_leaf::Potato___Early_blight:::246.0,Potato___Early_blight,pv_author_leaf::Potato___Early_blight:::113.0,pv_author_leaf::Potato___Early_blight:::204.0,653,652,654,1
4,20261007,pv_author_leaf::Potato___Early_blight:::248.0,Potato___Early_blight,pv_author_leaf::Potato___Early_blight:::17.0,pv_author_leaf::Potato___Early_blight:::51.0,662,660,661,1
4,20261007,pv_author_leaf::Potato___Early_blight:::26.0,Potato___Early_blight,pv_author_leaf::Potato___Early_blight:::165.0,pv_author_leaf::Potato___Early_blight:::131.0,679,677,676,1
4,20261007,pv_author_leaf::Potato___Early_blight:::27.0,Potato___Early_blight,pv_author_leaf::Potato___Early_blight:::73.0,pv_author_leaf::Potato___Early_blight:::249.0,680,682,681,1
4,20261007,pv_author_leaf::Potato___Early_blight:::29.0,Potato___Early_blight,pv_author_leaf::Potato___Early_blight:::195.0,pv_author_leaf::Potato___Early_blight:::14.0,688,689,691,1
4,20261007,pv_author_leaf::Potato___Early_blight:::3.0,Potato___Early_blight,pv_author_leaf::Potato___Early_blight:::152.0,pv_author_leaf::Potato___Early_blight:::203.0,692,694,695,1
4,20261007,pv_author_leaf::Potato___Early_blight:::35.0,Potato___Early_blight,pv_author_leaf::Potato___Early_blight:::117.0,pv_author_leaf::Potato___Early_blight:::245.0,719,718,716,1
4,20261007,pv_author_leaf::Potato___Early_blight:::37.0,Potato___Early_blight,pv_author_leaf::Potato___Early_blight:::31.0,pv_author_leaf::Potato___Early_blight:::9.0,724,726,727,1
4,20261007,pv_author_leaf::Potato___Early_blight:::39.0,Potato___Early_blight,pv_author_leaf::Potato___Early_blight:::199.0,pv_author_leaf::Potato___Early_blight:::229.0,734,733,735,1
4,20261007,pv_author_leaf::Potato___Early_blight:::5.0,Potato___Early_blight,pv_author_leaf::Potato___Early_blight:::185.0,pv_author_leaf::Potato___Early_blight:::8.0,780,782,781,1
4,20261007,pv_author_leaf::Potato___Early_blight:::52.0,Potato___Early_blight,pv_author_leaf::Potato___Early_blight:::233.0,pv_author_leaf::Potato___Early_blight:::115.0,794,793,795,1
4,20261007,pv_author_leaf::Potato___Early_blight:::55.0,Potato___Early_blight,pv_author_leaf::Potato___Early_blight:::140.0,pv_author_leaf::Potato___Early_blight:::183.0,807,804,805,1
4,20261007,pv_author_leaf::Potato___Early_blight:::58.0,Potato___Early_blight,pv_author_leaf::Potato___Early_blight:::66.0,pv_author_leaf::Potato___Early_blight:::83.0,817,816,818,1
4,20261007,pv_author_leaf::Potato___Early_blight:::61.0,Potato___Early_blight,pv_author_leaf::Potato___Early_blight:::174.0,pv_author_leaf::Potato___Early_blight:::76.0,834,833,832,1
4,20261007,pv_author_leaf::Potato___Early_blight:::62.0,Potato___Early_blight,pv_author_leaf::Potato___Early_blight:::189.0,pv_author_leaf::Potato___Early_blight:::67.0,838,837,839,1
4,20261007,pv_author_leaf::Potato___Early_blight:::63.0,Potato___Early_blight,pv_author_leaf::Potato___Early_blight:::133.0,pv_author_leaf::Potato___Early_blight:::137.0,842,840,841,1
4,20261007,pv_author_leaf::Potato___Early_blight:::65.0,Potato___Early_blight,pv_author_leaf::Potato___Early_blight:::47.0,pv_author_leaf::Potato___Early_blight:::75.0,849,851,848,1
4,20261007,pv_author_leaf::Potato___Early_blight:::74.0,Potato___Early_blight,pv_author_leaf::Potato___Early_blight:::6.0,pv_author_leaf::Potato___Early_blight:::4.0,891,890,888,1
4,20261007,pv_author_leaf::Potato___Early_blight:::77.0,Potato___Early_blight,pv_author_leaf::Potato___Early_blight:::25.0,pv_author_leaf::Potato___Early_blight:::157.0,902,900,903,1
4,20261007,pv_author_leaf::Potato___Early_blight:::88.0,Potato___Early_blight,pv_author_leaf::Potato___Early_blight:::154.0,pv_author_leaf::Potato___Early_blight:::123.0,951,950,949,1
4,20261007,pv_author_leaf::Potato___Early_blight:::91.0,Potato___Early_blight,pv_author_leaf::Potato___Early_blight:::209.0,pv_author_leaf::Potato___Early_blight:::187.0,965,964,966,1
4,20261007,pv_author_leaf::Potato___Early_blight:::95.0,Potato___Early_blight,pv_author_leaf::Potato___Early_blight:::119.0,pv_author_leaf::Potato___Early_blight:::34.0,980,981,982,1
4,20261007,pv_author_leaf::Potato___Early_blight:::96.0,Potato___Early_blight,pv_author_leaf::Potato___Early_blight:::106.0,pv_author_leaf::Potato___Early_blight:::225.0,986,984,987,1
4,20261007,pv_author_leaf::Potato___Early_blight:::99.0,Potato___Early_blight,pv_author_leaf::Potato___Early_blight:::104.0,pv_author_leaf::Potato___Early_blight:::127.0,996,997,999,1
4,20261007,pv_author_leaf::Potato___Late_blight:::1.0,Potato___Late_blight,pv_author_leaf::Potato___Late_blight:::66.0,pv_author_leaf::Potato___Late_blight:::46.0,1001,1000,1003,1
4,20261007,pv_author_leaf::Potato___Late_blight:::106.0,Potato___Late_blight,pv_author_leaf::Potato___Late_blight:::190.0,pv_author_leaf::Potato___Late_blight:::37.0,1034,1033,1035,1
4,20261007,pv_author_leaf::Potato___Late_blight:::108.0,Potato___Late_blight,pv_author_leaf::Potato___Late_blight:::199.0,pv_author_leaf::Potato___Late_blight:::239.0,1040,1041,1043,1
4,20261007,pv_author_leaf::Potato___Late_blight:::115.0,Potato___Late_blight,pv_author_leaf::Potato___Late_blight:::68.0,pv_author_leaf::Potato___Late_blight:::227.0,1073,1072,1074,1
4,20261007,pv_author_leaf::Potato___Late_blight:::118.0,Potato___Late_blight,pv_author_leaf::Potato___Late_blight:::206.0,pv_author_leaf::Potato___Late_blight:::211.0,1086,1085,1087,1
4,20261007,pv_author_leaf::Potato___Late_blight:::120.0,Potato___Late_blight,pv_author_leaf::Potato___Late_blight:::12.0,pv_author_leaf::Potato___Late_blight:::41.0,1099,1098,1097,1
4,20261007,pv_author_leaf::Potato___Late_blight:::121.0,Potato___Late_blight,pv_author_leaf::Potato___Late_blight:::223.0,pv_author_leaf::Potato___Late_blight:::218.0,1103,1102,1101,1
4,20261007,pv_author_leaf::Potato___Late_blight:::122.0,Potato___Late_blight,pv_author_leaf::Potato___Late_blight:::166.0,pv_author_leaf::Potato___Late_blight:::61.0,1105,1106,1104,1
4,20261007,pv_author_leaf::Potato___Late_blight:::123.0,Potato___Late_blight,pv_author_leaf::Potato___Late_blight:::161.0,pv_author_leaf::Potato___Late_blight:::100.0,1111,1110,1109,1
4,20261007,pv_author_leaf::Potato___Late_blight:::130.0,Potato___Late_blight,pv_author_leaf::Potato___Late_blight:::28.0,pv_author_leaf::Potato___Late_blight:::97.0,1140,1142,1141,1
4,20261007,pv_author_leaf::Potato___Late_blight:::132.0,Potato___Late_blight,pv_author_leaf::Potato___Late_blight:::208.0,pv_author_leaf::Potato___Late_blight:::102.0,1150,1149,1151,1
4,20261007,pv_author_leaf::Potato___Late_blight:::142.0,Potato___Late_blight,pv_author_leaf::Potato___Late_blight:::117.0,pv_author_leaf::Potato___Late_blight:::186.0,1193,1192,1194,1
4,20261007,pv_author_leaf::Potato___Late_blight:::144.0,Potato___Late_blight,pv_author_leaf::Potato___Late_blight:::31.0,pv_author_leaf::Potato___Late_blight:::235.0,1201,1203,1202,1
4,20261007,pv_author_leaf::Potato___Late_blight:::15.0,Potato___Late_blight,pv_author_leaf::Potato___Late_blight:::71.0,pv_author_leaf::Potato___Late_blight:::96.0,1227,1226,1225,1
4,20261007,pv_author_leaf::Potato___Late_blight:::153.0,Potato___Late_blight,pv_author_leaf::Potato___Late_blight:::187.0,pv_author_leaf::Potato___Late_blight:::231.0,1242,1243,1241,1
4,20261007,pv_author_leaf::Potato___Late_blight:::155.0,Potato___Late_blight,pv_author_leaf::Potato___Late_blight:::49.0,pv_author_leaf::Potato___Late_blight:::135.0,1251,1248,1250,1
4,20261007,pv_author_leaf::Potato___Late_blight:::157.0,Potato___Late_blight,pv_author_leaf::Potato___Late_blight:::171.0,pv_author_leaf::Potato___Late_blight:::203.0,1258,1256,1257,1
4,20261007,pv_author_leaf::Potato___Late_blight:::169.0,Potato___Late_blight,pv_author_leaf::Potato___Late_blight:::237.0,pv_author_leaf::Potato___Late_blight:::116.0,1308,1310,1311,1
4,20261007,pv_author_leaf::Potato___Late_blight:::174.0,Potato___Late_blight,pv_author_leaf::Potato___Late_blight:::87.0,pv_author_leaf::Potato___Late_blight:::74.0,1335,1332,1333,1
4,20261007,pv_author_leaf::Potato___Late_blight:::179.0,Potato___Late_blight,pv_author_leaf::Potato___Late_blight:::124.0,pv_author_leaf::Potato___Late_blight:::76.0,1352,1355,1354,1
4,20261007,pv_author_leaf::Potato___Late_blight:::189.0,Potato___Late_blight,pv_author_leaf::Potato___Late_blight:::191.0,pv_author_leaf::Potato___Late_blight:::38.0,1396,1398,1399,1
4,20261007,pv_author_leaf::Potato___Late_blight:::193.0,Potato___Late_blight,pv_author_leaf::Potato___Late_blight:::58.0,pv_author_leaf::Potato___Late_blight:::209.0,1419,1418,1416,1
4,20261007,pv_author_leaf::Potato___Late_blight:::200.0,Potato___Late_blight,pv_author_leaf::Potato___Late_blight:::35.0,pv_author_leaf::Potato___Late_blight:::81.0,1455,1453,1452,1
4,20261007,pv_author_leaf::Potato___Late_blight:::202.0,Potato___Late_blight,pv_author_leaf::Potato___Late_blight:::133.0,pv_author_leaf::Potato___Late_blight:::184.0,1460,1463,1462,1
4,20261007,pv_author_leaf::Potato___Late_blight:::213.0,Potato___Late_blight,pv_author_leaf::Potato___Late_blight:::216.0,pv_author_leaf::Potato___Late_blight:::131.0,1508,1509,1510,1
4,20261007,pv_author_leaf::Potato___Late_blight:::214.0,Potato___Late_blight,pv_author_leaf::Potato___Late_blight:::165.0,pv_author_leaf::Potato___Late_blight:::229.0,1512,1513,1515,1
4,20261007,pv_author_leaf::Potato___Late_blight:::215.0,Potato___Late_blight,pv_author_leaf::Potato___Late_blight:::183.0,pv_author_leaf::Potato___Late_blight:::128.0,1517,1518,1516,1
4,20261007,pv_author_leaf::Potato___Late_blight:::220.0,Potato___Late_blight,pv_author_leaf::Potato___Late_blight:::73.0,pv_author_leaf::Potato___Late_blight:::20.0,1543,1542,1541,1
4,20261007,pv_author_leaf::Potato___Late_blight:::224.0,Potato___Late_blight,pv_author_leaf::Potato___Late_blight:::181.0,pv_author_leaf::Potato___Late_blight:::92.0,1559,1557,1558,1
4,20261007,pv_author_leaf::Potato___Late_blight:::23.0,Potato___Late_blight,pv_author_leaf::Potato___Late_blight:::110.0,pv_author_leaf::Potato___Late_blight:::197.0,1581,1582,1583,1
4,20261007,pv_author_leaf::Potato___Late_blight:::230.0,Potato___Late_blight,pv_author_leaf::Potato___Late_blight:::62.0,pv_author_leaf::Potato___Late_blight:::146.0,1585,1584,1586,1
4,20261007,pv_author_leaf::Potato___Late_blight:::241.0,Potato___Late_blight,pv_author_leaf::Potato___Late_blight:::156.0,pv_author_leaf::Potato___Late_blight:::145.0,1632,1634,1633,1
4,20261007,pv_author_leaf::Potato___Late_blight:::246.0,Potato___Late_blight,pv_author_leaf::Potato___Late_blight:::198.0,pv_author_leaf::Potato___Late_blight:::32.0,1654,1653,1655,1
4,20261007,pv_author_leaf::Potato___Late_blight:::247.0,Potato___Late_blight,pv_author_leaf::Potato___Late_blight:::228.0,pv_author_leaf::Potato___Late_blight:::11.0,1658,1657,1656,1
4,20261007,pv_author_leaf::Potato___Late_blight:::249.0,Potato___Late_blight,pv_author_leaf::Potato___Late_blight:::89.0,pv_author_leaf::Potato___Late_blight:::185.0,1664,1667,1665,1
4,20261007,pv_author_leaf::Potato___Late_blight:::26.0,Potato___Late_blight,pv_author_leaf::Potato___Late_blight:::234.0,pv_author_leaf::Potato___Late_blight:::99.0,1676,1678,1677,1
4,20261007,pv_author_leaf::Potato___Late_blight:::3.0,Potato___Late_blight,pv_author_leaf::Potato___Late_blight:::39.0,pv_author_leaf::Potato___Late_blight:::7.0,1694,1693,1695,1
4,20261007,pv_author_leaf::Potato___Late_blight:::40.0,Potato___Late_blight,pv_author_leaf::Potato___Late_blight:::80.0,pv_author_leaf::Potato___Late_blight:::111.0,1741,1743,1740,1
4,20261007,pv_author_leaf::Potato___Late_blight:::43.0,Potato___Late_blight,pv_author_leaf::Potato___Late_blight:::10.0,pv_author_leaf::Potato___Late_blight:::222.0,1754,1752,1755,1
4,20261007,pv_author_leaf::Potato___Late_blight:::54.0,Potato___Late_blight,pv_author_leaf::Potato___Late_blight:::188.0,pv_author_leaf::Potato___Late_blight:::91.0,1800,1802,1803,1
4,20261007,pv_author_leaf::Potato___Late_blight:::6.0,Potato___Late_blight,pv_author_leaf::Potato___Late_blight:::242.0,pv_author_leaf::Potato___Late_blight:::2.0,1825,1827,1826,1
4,20261007,pv_author_leaf::Potato___Late_blight:::63.0,Potato___Late_blight,pv_author_leaf::Potato___Late_blight:::170.0,pv_author_leaf::Potato___Late_blight:::53.0,1840,1843,1841,1
4,20261007,pv_author_leaf::Potato___Late_blight:::64.0,Potato___Late_blight,pv_author_leaf::Potato___Late_blight:::69.0,pv_author_leaf::Potato___Late_blight:::225.0,1845,1846,1844,1
4,20261007,pv_author_leaf::Potato___Late_blight:::67.0,Potato___Late_blight,pv_author_leaf::Potato___Late_blight:::159.0,pv_author_leaf::Potato___Late_blight:::84.0,1859,1857,1858,1
4,20261007,pv_author_leaf::Potato___Late_blight:::79.0,Potato___Late_blight,pv_author_leaf::Potato___Late_blight:::94.0,pv_author_leaf::Potato___Late_blight:::236.0,1908,1909,1910,1
4,20261007,pv_author_leaf::Potato___Late_blight:::83.0,Potato___Late_blight,pv_author_leaf::Potato___Late_blight:::221.0,pv_author_leaf::Potato___Late_blight:::104.0,1930,1931,1929,1
4,20261007,pv_author_leaf::Potato___Late_blight:::88.0,Potato___Late_blight,pv_author_leaf::Potato___Late_blight:::126.0,pv_author_leaf::Potato___Late_blight:::160.0,1951,1948,1950,1
4,20261007,pv_author_leaf::Potato___Late_blight:::90.0,Potato___Late_blight,pv_author_leaf::Potato___Late_blight:::140.0,pv_author_leaf::Potato___Late_blight:::240.0,1960,1962,1961,1
4,20261007,pv_author_leaf::Potato___Late_blight:::95.0,Potato___Late_blight,pv_author_leaf::Potato___Late_blight:::78.0,pv_author_leaf::Potato___Late_blight:::85.0,1983,1980,1982,1
4,20261007,pv_author_leaf::Potato___Late_blight:::98.0,Potato___Late_blight,pv_author_leaf::Potato___Late_blight:::8.0,pv_author_leaf::Potato___Late_blight:::152.0,1994,1995,1993,1
4,20261007,pv_author_leaf::Potato___healthy:::16.0,healthy,pv_author_leaf::Potato___healthy:::4.0,pv_author_leaf::Potato___healthy:::21.0,2028,2030,2031,1
4,20261007,pv_author_leaf::Potato___healthy:::23.0,healthy,pv_author_leaf::Potato___healthy:::27.0,pv_author_leaf::Potato___healthy:::20.0,2062,2063,2061,1
4,20261007,pv_author_leaf::Potato___healthy:::24.0,healthy,pv_author_leaf::Potato___healthy:::31.0,pv_author_leaf::Potato___healthy:::19.0,2065,2066,2067,1
4,20261007,pv_author_leaf::Potato___healthy:::32.0,healthy,pv_author_leaf::Potato___healthy:::38.0,pv_author_leaf::Potato___healthy:::17.0,2100,2103,2102,1
4,20261007,pv_author_leaf::Potato___healthy:::34.0,healthy,pv_author_leaf::Potato___healthy:::7.0,pv_author_leaf::Potato___healthy:::10.0,2109,2110,2111,1
4,20261007,pv_author_leaf::Potato___healthy:::36.0,healthy,pv_author_leaf::Potato___healthy:::22.0,pv_author_leaf::Potato___healthy:::15.0,2116,2118,2117,1
4,20261007,pv_author_leaf::Potato___healthy:::37.0,healthy,pv_author_leaf::Potato___healthy:::8.0,pv_author_leaf::Potato___healthy:::29.0,2123,2122,2121,1
4,20261007,pv_author_leaf::Potato___healthy:::9.0,healthy,pv_author_leaf::Potato___healthy:::18.0,pv_author_leaf::Potato___healthy:::14.0,2149,2148,2150,1
5,20261008,pv_author_leaf::Potato___Early_blight:::104.0,Potato___Early_blight,pv_author_leaf::Potato___Early_blight:::179.0,pv_author_leaf::Potato___Early_blight:::20.0,24,27,26,1
5,20261008,pv_author_leaf::Potato___Early_blight:::107.0,Potato___Early_blight,pv_author_leaf::Potato___Early_blight:::222.0,pv_author_leaf::Potato___Early_blight:::67.0,36,38,39,1
5,20261008,pv_author_leaf::Potato___Early_blight:::114.0,Potato___Early_blight,pv_author_leaf::Potato___Early_blight:::154.0,pv_author_leaf::Potato___Early_blight:::213.0,68,70,69,1
5,20261008,pv_author_leaf::Potato___Early_blight:::134.0,Potato___Early_blight,pv_author_leaf::Potato___Early_blight:::191.0,pv_author_leaf::Potato___Early_blight:::103.0,159,156,157,1
5,20261008,pv_author_leaf::Potato___Early_blight:::138.0,Potato___Early_blight,pv_author_leaf::Potato___Early_blight:::244.0,pv_author_leaf::Potato___Early_blight:::188.0,173,172,174,1
5,20261008,pv_author_leaf::Potato___Early_blight:::14.0,Potato___Early_blight,pv_author_leaf::Potato___Early_blight:::3.0,pv_author_leaf::Potato___Early_blight:::57.0,180,181,182,1
5,20261008,pv_author_leaf::Potato___Early_blight:::140.0,Potato___Early_blight,pv_author_leaf::Potato___Early_blight:::163.0,pv_author_leaf::Potato___Early_blight:::82.0,184,187,186,1
5,20261008,pv_author_leaf::Potato___Early_blight:::144.0,Potato___Early_blight,pv_author_leaf::Potato___Early_blight:::59.0,pv_author_leaf::Potato___Early_blight:::187.0,201,202,203,1
5,20261008,pv_author_leaf::Potato___Early_blight:::151.0,Potato___Early_blight,pv_author_leaf::Potato___Early_blight:::101.0,pv_author_leaf::Potato___Early_blight:::240.0,235,232,234,1
5,20261008,pv_author_leaf::Potato___Early_blight:::157.0,Potato___Early_blight,pv_author_leaf::Potato___Early_blight:::117.0,pv_author_leaf::Potato___Early_blight:::147.0,257,256,259,1
5,20261008,pv_author_leaf::Potato___Early_blight:::159.0,Potato___Early_blight,pv_author_leaf::Potato___Early_blight:::247.0,pv_author_leaf::Potato___Early_blight:::237.0,266,267,264,1
5,20261008,pv_author_leaf::Potato___Early_blight:::161.0,Potato___Early_blight,pv_author_leaf::Potato___Early_blight:::182.0,pv_author_leaf::Potato___Early_blight:::165.0,277,276,279,1
5,20261008,pv_author_leaf::Potato___Early_blight:::162.0,Potato___Early_blight,pv_author_leaf::Potato___Early_blight:::83.0,pv_author_leaf::Potato___Early_blight:::150.0,283,282,280,1
5,20261008,pv_author_leaf::Potato___Early_blight:::170.0,Potato___Early_blight,pv_author_leaf::Potato___Early_blight:::209.0,pv_author_leaf::Potato___Early_blight:::193.0,318,316,317,1
5,20261008,pv_author_leaf::Potato___Early_blight:::175.0,Potato___Early_blight,pv_author_leaf::Potato___Early_blight:::156.0,pv_author_leaf::Potato___Early_blight:::48.0,337,338,339,1
5,20261008,pv_author_leaf::Potato___Early_blight:::176.0,Potato___Early_blight,pv_author_leaf::Potato___Early_blight:::102.0,pv_author_leaf::Potato___Early_blight:::65.0,340,342,343,1
5,20261008,pv_author_leaf::Potato___Early_blight:::178.0,Potato___Early_blight,pv_author_leaf::Potato___Early_blight:::127.0,pv_author_leaf::Potato___Early_blight:::10.0,351,349,350,1
5,20261008,pv_author_leaf::Potato___Early_blight:::184.0,Potato___Early_blight,pv_author_leaf::Potato___Early_blight:::16.0,pv_author_leaf::Potato___Early_blight:::38.0,377,376,379,1
5,20261008,pv_author_leaf::Potato___Early_blight:::186.0,Potato___Early_blight,pv_author_leaf::Potato___Early_blight:::43.0,pv_author_leaf::Potato___Early_blight:::214.0,386,387,385,1
5,20261008,pv_author_leaf::Potato___Early_blight:::198.0,Potato___Early_blight,pv_author_leaf::Potato___Early_blight:::11.0,pv_author_leaf::Potato___Early_blight:::22.0,438,437,439,1
5,20261008,pv_author_leaf::Potato___Early_blight:::203.0,Potato___Early_blight,pv_author_leaf::Potato___Early_blight:::56.0,pv_author_leaf::Potato___Early_blight:::129.0,466,465,464,1
5,20261008,pv_author_leaf::Potato___Early_blight:::204.0,Potato___Early_blight,pv_author_leaf::Potato___Early_blight:::180.0,pv_author_leaf::Potato___Early_blight:::15.0,468,470,471,1
5,20261008,pv_author_leaf::Potato___Early_blight:::211.0,Potato___Early_blight,pv_author_leaf::Potato___Early_blight:::160.0,pv_author_leaf::Potato___Early_blight:::194.0,503,500,502,1
5,20261008,pv_author_leaf::Potato___Early_blight:::218.0,Potato___Early_blight,pv_author_leaf::Potato___Early_blight:::142.0,pv_author_leaf::Potato___Early_blight:::245.0,528,531,530,1
5,20261008,pv_author_leaf::Potato___Early_blight:::223.0,Potato___Early_blight,pv_author_leaf::Potato___Early_blight:::233.0,pv_author_leaf::Potato___Early_blight:::232.0,555,553,552,1
5,20261008,pv_author_leaf::Potato___Early_blight:::224.0,Potato___Early_blight,pv_author_leaf::Potato___Early_blight:::116.0,pv_author_leaf::Potato___Early_blight:::131.0,558,557,556,1
5,20261008,pv_author_leaf::Potato___Early_blight:::225.0,Potato___Early_blight,pv_author_leaf::Potato___Early_blight:::135.0,pv_author_leaf::Potato___Early_blight:::205.0,561,562,560,1
5,20261008,pv_author_leaf::Potato___Early_blight:::228.0,Potato___Early_blight,pv_author_leaf::Potato___Early_blight:::32.0,pv_author_leaf::Potato___Early_blight:::28.0,574,572,573,1
5,20261008,pv_author_leaf::Potato___Early_blight:::229.0,Potato___Early_blight,pv_author_leaf::Potato___Early_blight:::106.0,pv_author_leaf::Potato___Early_blight:::221.0,576,578,579,1
5,20261008,pv_author_leaf::Potato___Early_blight:::238.0,Potato___Early_blight,pv_author_leaf::Potato___Early_blight:::149.0,pv_author_leaf::Potato___Early_blight:::86.0,619,617,618,1
5,20261008,pv_author_leaf::Potato___Early_blight:::24.0,Potato___Early_blight,pv_author_leaf::Potato___Early_blight:::239.0,pv_author_leaf::Potato___Early_blight:::95.0,624,626,627,1
5,20261008,pv_author_leaf::Potato___Early_blight:::242.0,Potato___Early_blight,pv_author_leaf::Potato___Early_blight:::173.0,pv_author_leaf::Potato___Early_blight:::12.0,637,638,636,1
5,20261008,pv_author_leaf::Potato___Early_blight:::248.0,Potato___Early_blight,pv_author_leaf::Potato___Early_blight:::50.0,pv_author_leaf::Potato___Early_blight:::126.0,663,660,661,1
5,20261008,pv_author_leaf::Potato___Early_blight:::26.0,Potato___Early_blight,pv_author_leaf::Potato___Early_blight:::207.0,pv_author_leaf::Potato___Early_blight:::136.0,676,677,678,1
5,20261008,pv_author_leaf::Potato___Early_blight:::27.0,Potato___Early_blight,pv_author_leaf::Potato___Early_blight:::73.0,pv_author_leaf::Potato___Early_blight:::168.0,682,680,681,1
5,20261008,pv_author_leaf::Potato___Early_blight:::37.0,Potato___Early_blight,pv_author_leaf::Potato___Early_blight:::121.0,pv_author_leaf::Potato___Early_blight:::133.0,726,727,724,1
5,20261008,pv_author_leaf::Potato___Early_blight:::40.0,Potato___Early_blight,pv_author_leaf::Potato___Early_blight:::137.0,pv_author_leaf::Potato___Early_blight:::112.0,742,743,741,1
5,20261008,pv_author_leaf::Potato___Early_blight:::49.0,Potato___Early_blight,pv_author_leaf::Potato___Early_blight:::139.0,pv_author_leaf::Potato___Early_blight:::210.0,777,779,776,1
5,20261008,pv_author_leaf::Potato___Early_blight:::5.0,Potato___Early_blight,pv_author_leaf::Potato___Early_blight:::166.0,pv_author_leaf::Potato___Early_blight:::197.0,781,780,782,1
5,20261008,pv_author_leaf::Potato___Early_blight:::53.0,Potato___Early_blight,pv_author_leaf::Potato___Early_blight:::183.0,pv_author_leaf::Potato___Early_blight:::30.0,797,796,799,1
5,20261008,pv_author_leaf::Potato___Early_blight:::60.0,Potato___Early_blight,pv_author_leaf::Potato___Early_blight:::89.0,pv_author_leaf::Potato___Early_blight:::123.0,828,830,831,1
5,20261008,pv_author_leaf::Potato___Early_blight:::66.0,Potato___Early_blight,pv_author_leaf::Potato___Early_blight:::7.0,pv_author_leaf::Potato___Early_blight:::78.0,853,852,855,1
5,20261008,pv_author_leaf::Potato___Early_blight:::70.0,Potato___Early_blight,pv_author_leaf::Potato___Early_blight:::216.0,pv_author_leaf::Potato___Early_blight:::55.0,873,872,875,1
5,20261008,pv_author_leaf::Potato___Early_blight:::74.0,Potato___Early_blight,pv_author_leaf::Potato___Early_blight:::105.0,pv_author_leaf::Potato___Early_blight:::185.0,889,888,891,1
5,20261008,pv_author_leaf::Potato___Early_blight:::75.0,Potato___Early_blight,pv_author_leaf::Potato___Early_blight:::98.0,pv_author_leaf::Potato___Early_blight:::231.0,893,895,892,1
5,20261008,pv_author_leaf::Potato___Early_blight:::77.0,Potato___Early_blight,pv_author_leaf::Potato___Early_blight:::13.0,pv_author_leaf::Potato___Early_blight:::58.0,900,901,903,1
5,20261008,pv_author_leaf::Potato___Early_blight:::8.0,Potato___Early_blight,pv_author_leaf::Potato___Early_blight:::220.0,pv_author_leaf::Potato___Early_blight:::241.0,912,913,914,1
5,20261008,pv_author_leaf::Potato___Early_blight:::80.0,Potato___Early_blight,pv_author_leaf::Potato___Early_blight:::99.0,pv_author_leaf::Potato___Early_blight:::246.0,917,916,919,1
5,20261008,pv_author_leaf::Potato___Early_blight:::84.0,Potato___Early_blight,pv_author_leaf::Potato___Early_blight:::35.0,pv_author_leaf::Potato___Early_blight:::19.0,935,933,932,1
5,20261008,pv_author_leaf::Potato___Early_blight:::91.0,Potato___Early_blight,pv_author_leaf::Potato___Early_blight:::69.0,pv_author_leaf::Potato___Early_blight:::4.0,964,965,966,1
5,20261008,pv_author_leaf::Potato___Late_blight:::102.0,Potato___Late_blight,pv_author_leaf::Potato___Late_blight:::94.0,pv_author_leaf::Potato___Late_blight:::119.0,1016,1018,1019,1
5,20261008,pv_author_leaf::Potato___Late_blight:::107.0,Potato___Late_blight,pv_author_leaf::Potato___Late_blight:::67.0,pv_author_leaf::Potato___Late_blight:::191.0,1039,1037,1036,1
5,20261008,pv_author_leaf::Potato___Late_blight:::113.0,Potato___Late_blight,pv_author_leaf::Potato___Late_blight:::14.0,pv_author_leaf::Potato___Late_blight:::195.0,1066,1064,1065,1
5,20261008,pv_author_leaf::Potato___Late_blight:::114.0,Potato___Late_blight,pv_author_leaf::Potato___Late_blight:::43.0,pv_author_leaf::Potato___Late_blight:::54.0,1071,1068,1070,1
5,20261008,pv_author_leaf::Potato___Late_blight:::12.0,Potato___Late_blight,pv_author_leaf::Potato___Late_blight:::204.0,pv_author_leaf::Potato___Late_blight:::2.0,1093,1092,1095,1
5,20261008,pv_author_leaf::Potato___Late_blight:::121.0,Potato___Late_blight,pv_author_leaf::Potato___Late_blight:::178.0,pv_author_leaf::Potato___Late_blight:::103.0,1101,1103,1100,1
5,20261008,pv_author_leaf::Potato___Late_blight:::127.0,Potato___Late_blight,pv_author_leaf::Potato___Late_blight:::143.0,pv_author_leaf::Potato___Late_blight:::154.0,1127,1124,1125,1
5,20261008,pv_author_leaf::Potato___Late_blight:::133.0,Potato___Late_blight,pv_author_leaf::Potato___Late_blight:::38.0,pv_author_leaf::Potato___Late_blight:::189.0,1152,1153,1154,1
5,20261008,pv_author_leaf::Potato___Late_blight:::134.0,Potato___Late_blight,pv_author_leaf::Potato___Late_blight:::17.0,pv_author_leaf::Potato___Late_blight:::5.0,1159,1158,1156,1
5,20261008,pv_author_leaf::Potato___Late_blight:::138.0,Potato___Late_blight,pv_author_leaf::Potato___Late_blight:::40.0,pv_author_leaf::Potato___Late_blight:::218.0,1174,1175,1172,1
5,20261008,pv_author_leaf::Potato___Late_blight:::142.0,Potato___Late_blight,pv_author_leaf::Potato___Late_blight:::188.0,pv_author_leaf::Potato___Late_blight:::222.0,1195,1194,1193,1
5,20261008,pv_author_leaf::Potato___Late_blight:::16.0,Potato___Late_blight,pv_author_leaf::Potato___Late_blight:::124.0,pv_author_leaf::Potato___Late_blight:::200.0,1271,1270,1269,1
5,20261008,pv_author_leaf::Potato___Late_blight:::175.0,Potato___Late_blight,pv_author_leaf::Potato___Late_blight:::97.0,pv_author_leaf::Potato___Late_blight:::116.0,1337,1339,1336,1
5,20261008,pv_author_leaf::Potato___Late_blight:::180.0,Potato___Late_blight,pv_author_leaf::Potato___Late_blight:::128.0,pv_author_leaf::Potato___Late_blight:::145.0,1361,1360,1363,1
5,20261008,pv_author_leaf::Potato___Late_blight:::181.0,Potato___Late_blight,pv_author_leaf::Potato___Late_blight:::126.0,pv_author_leaf::Potato___Late_blight:::7.0,1364,1367,1365,1
5,20261008,pv_author_leaf::Potato___Late_blight:::193.0,Potato___Late_blight,pv_author_leaf::Potato___Late_blight:::241.0,pv_author_leaf::Potato___Late_blight:::160.0,1418,1416,1419,1
5,20261008,pv_author_leaf::Potato___Late_blight:::196.0,Potato___Late_blight,pv_author_leaf::Potato___Late_blight:::112.0,pv_author_leaf::Potato___Late_blight:::141.0,1431,1429,1428,1
5,20261008,pv_author_leaf::Potato___Late_blight:::208.0,Potato___Late_blight,pv_author_leaf::Potato___Late_blight:::35.0,pv_author_leaf::Potato___Late_blight:::205.0,1487,1485,1484,1
5,20261008,pv_author_leaf::Potato___Late_blight:::209.0,Potato___Late_blight,pv_author_leaf::Potato___Late_blight:::226.0,pv_author_leaf::Potato___Late_blight:::245.0,1491,1489,1490,1
5,20261008,pv_author_leaf::Potato___Late_blight:::21.0,Potato___Late_blight,pv_author_leaf::Potato___Late_blight:::184.0,pv_author_leaf::Potato___Late_blight:::242.0,1492,1493,1495,1
5,20261008,pv_author_leaf::Potato___Late_blight:::213.0,Potato___Late_blight,pv_author_leaf::Potato___Late_blight:::96.0,pv_author_leaf::Potato___Late_blight:::137.0,1508,1510,1511,1
5,20261008,pv_author_leaf::Potato___Late_blight:::215.0,Potato___Late_blight,pv_author_leaf::Potato___Late_blight:::201.0,pv_author_leaf::Potato___Late_blight:::1.0,1519,1517,1516,1
5,20261008,pv_author_leaf::Potato___Late_blight:::223.0,Potato___Late_blight,pv_author_leaf::Potato___Late_blight:::81.0,pv_author_leaf::Potato___Late_blight:::199.0,1555,1553,1554,1
5,20261008,pv_author_leaf::Potato___Late_blight:::227.0,Potato___Late_blight,pv_author_leaf::Potato___Late_blight:::203.0,pv_author_leaf::Potato___Late_blight:::139.0,1571,1569,1568,1
5,20261008,pv_author_leaf::Potato___Late_blight:::230.0,Potato___Late_blight,pv_author_leaf::Potato___Late_blight:::243.0,pv_author_leaf::Potato___Late_blight:::66.0,1586,1584,1585,1
5,20261008,pv_author_leaf::Potato___Late_blight:::232.0,Potato___Late_blight,pv_author_leaf::Potato___Late_blight:::56.0,pv_author_leaf::Potato___Late_blight:::214.0,1592,1595,1594,1
5,20261008,pv_author_leaf::Potato___Late_blight:::233.0,Potato___Late_blight,pv_author_leaf::Potato___Late_blight:::166.0,pv_author_leaf::Potato___Late_blight:::20.0,1599,1597,1598,1
5,20261008,pv_author_leaf::Potato___Late_blight:::238.0,Potato___Late_blight,pv_author_leaf::Potato___Late_blight:::240.0,pv_author_leaf::Potato___Late_blight:::190.0,1618,1616,1617,1
5,20261008,pv_author_leaf::Potato___Late_blight:::246.0,Potato___Late_blight,pv_author_leaf::Potato___Late_blight:::63.0,pv_author_leaf::Potato___Late_blight:::149.0,1655,1652,1654,1
5,20261008,pv_author_leaf::Potato___Late_blight:::25.0,Potato___Late_blight,pv_author_leaf::Potato___Late_blight:::39.0,pv_author_leaf::Potato___Late_blight:::129.0,1669,1671,1668,1
5,20261008,pv_author_leaf::Potato___Late_blight:::250.0,Potato___Late_blight,pv_author_leaf::Potato___Late_blight:::18.0,pv_author_leaf::Potato___Late_blight:::117.0,1675,1673,1672,1
5,20261008,pv_author_leaf::Potato___Late_blight:::28.0,Potato___Late_blight,pv_author_leaf::Potato___Late_blight:::236.0,pv_author_leaf::Potato___Late_blight:::135.0,1685,1686,1687,1
5,20261008,pv_author_leaf::Potato___Late_blight:::3.0,Potato___Late_blight,pv_author_leaf::Potato___Late_blight:::194.0,pv_author_leaf::Potato___Late_blight:::231.0,1695,1692,1693,1
5,20261008,pv_author_leaf::Potato___Late_blight:::44.0,Potato___Late_blight,pv_author_leaf::Potato___Late_blight:::173.0,pv_author_leaf::Potato___Late_blight:::198.0,1758,1759,1757,1
5,20261008,pv_author_leaf::Potato___Late_blight:::48.0,Potato___Late_blight,pv_author_leaf::Potato___Late_blight:::109.0,pv_author_leaf::Potato___Late_blight:::136.0,1775,1773,1772,1
5,20261008,pv_author_leaf::Potato___Late_blight:::51.0,Potato___Late_blight,pv_author_leaf::Potato___Late_blight:::53.0,pv_author_leaf::Potato___Late_blight:::89.0,1789,1791,1790,1
5,20261008,pv_author_leaf::Potato___Late_blight:::52.0,Potato___Late_blight,pv_author_leaf::Potato___Late_blight:::210.0,pv_author_leaf::Potato___Late_blight:::244.0,1794,1795,1792,1
5,20261008,pv_author_leaf::Potato___Late_blight:::57.0,Potato___Late_blight,pv_author_leaf::Potato___Late_blight:::58.0,pv_author_leaf::Potato___Late_blight:::11.0,1815,1813,1812,1
5,20261008,pv_author_leaf::Potato___Late_blight:::6.0,Potato___Late_blight,pv_author_leaf::Potato___Late_blight:::192.0,pv_author_leaf::Potato___Late_blight:::239.0,1827,1826,1824,1
5,20261008,pv_author_leaf::Potato___Late_blight:::70.0,Potato___Late_blight,pv_author_leaf::Potato___Late_blight:::174.0,pv_author_leaf::Potato___Late_blight:::220.0,1874,1872,1875,1
5,20261008,pv_author_leaf::Potato___Late_blight:::71.0,Potato___Late_blight,pv_author_leaf::Potato___Late_blight:::10.0,pv_author_leaf::Potato___Late_blight:::202.0,1879,1877,1876,1
5,20261008,pv_author_leaf::Potato___Late_blight:::75.0,Potato___Late_blight,pv_author_leaf::Potato___Late_blight:::120.0,pv_author_leaf::Potato___Late_blight:::212.0,1892,1893,1894,1
5,20261008,pv_author_leaf::Potato___Late_blight:::77.0,Potato___Late_blight,pv_author_leaf::Potato___Late_blight:::125.0,pv_author_leaf::Potato___Late_blight:::31.0,1903,1901,1900,1
5,20261008,pv_author_leaf::Potato___Late_blight:::79.0,Potato___Late_blight,pv_author_leaf::Potato___Late_blight:::104.0,pv_author_leaf::Potato___Late_blight:::123.0,1910,1911,1908,1
5,20261008,pv_author_leaf::Potato___Late_blight:::80.0,Potato___Late_blight,pv_author_leaf::Potato___Late_blight:::146.0,pv_author_leaf::Potato___Late_blight:::49.0,1919,1917,1916,1
5,20261008,pv_author_leaf::Potato___Late_blight:::83.0,Potato___Late_blight,pv_author_leaf::Potato___Late_blight:::234.0,pv_author_leaf::Potato___Late_blight:::32.0,1931,1928,1930,1
5,20261008,pv_author_leaf::Potato___Late_blight:::85.0,Potato___Late_blight,pv_author_leaf::Potato___Late_blight:::46.0,pv_author_leaf::Potato___Late_blight:::118.0,1938,1939,1936,1
5,20261008,pv_author_leaf::Potato___Late_blight:::86.0,Potato___Late_blight,pv_author_leaf::Potato___Late_blight:::108.0,pv_author_leaf::Potato___Late_blight:::164.0,1941,1940,1943,1
5,20261008,pv_author_leaf::Potato___Late_blight:::90.0,Potato___Late_blight,pv_author_leaf::Potato___Late_blight:::144.0,pv_author_leaf::Potato___Late_blight:::131.0,1963,1960,1961,1
5,20261008,pv_author_leaf::Potato___Late_blight:::93.0,Potato___Late_blight,pv_author_leaf::Potato___Late_blight:::45.0,pv_author_leaf::Potato___Late_blight:::157.0,1975,1972,1974,1
5,20261008,pv_author_leaf::Potato___healthy:::13.0,healthy,pv_author_leaf::Potato___healthy:::24.0,pv_author_leaf::Potato___healthy:::6.0,2019,2018,2017,1
5,20261008,pv_author_leaf::Potato___healthy:::14.0,healthy,pv_author_leaf::Potato___healthy:::28.0,pv_author_leaf::Potato___healthy:::20.0,2021,2022,2023,1
5,20261008,pv_author_leaf::Potato___healthy:::19.0,healthy,pv_author_leaf::Potato___healthy:::22.0,pv_author_leaf::Potato___healthy:::29.0,2043,2041,2042,1
5,20261008,pv_author_leaf::Potato___healthy:::23.0,healthy,pv_author_leaf::Potato___healthy:::26.0,pv_author_leaf::Potato___healthy:::11.0,2063,2061,2060,1
5,20261008,pv_author_leaf::Potato___healthy:::33.0,healthy,pv_author_leaf::Potato___healthy:::10.0,pv_author_leaf::Potato___healthy:::18.0,2106,2104,2105,1
5,20261008,pv_author_leaf::Potato___healthy:::36.0,healthy,pv_author_leaf::Potato___healthy:::37.0,pv_author_leaf::Potato___healthy:::30.0,2117,2118,2116,1
5,20261008,pv_author_leaf::Potato___healthy:::38.0,healthy,pv_author_leaf::Potato___healthy:::3.0,pv_author_leaf::Potato___healthy:::17.0,2126,2124,2125,1
5,20261008,pv_author_leaf::Potato___healthy:::5.0,healthy,pv_author_leaf::Potato___healthy:::32.0,pv_author_leaf::Potato___healthy:::8.0,2133,2132,2134,1
6,20261009,pv_author_leaf::Potato___Early_blight:::10.0,Potato___Early_blight,pv_author_leaf::Potato___Early_blight:::108.0,pv_author_leaf::Potato___Early_blight:::196.0,7,6,4,1
6,20261009,pv_author_leaf::Potato___Early_blight:::110.0,Potato___Early_blight,pv_author_leaf::Potato___Early_blight:::33.0,pv_author_leaf::Potato___Early_blight:::198.0,55,52,53,1
6,20261009,pv_author_leaf::Potato___Early_blight:::113.0,Potato___Early_blight,pv_author_leaf::Potato___Early_blight:::91.0,pv_author_leaf::Potato___Early_blight:::83.0,67,64,65,1
6,20261009,pv_author_leaf::Potato___Early_blight:::12.0,Potato___Early_blight,pv_author_leaf::Potato___Early_blight:::134.0,pv_author_leaf::Potato___Early_blight:::73.0,92,95,94,1
6,20261009,pv_author_leaf::Potato___Early_blight:::125.0,Potato___Early_blight,pv_author_leaf::Potato___Early_blight:::62.0,pv_author_leaf::Potato___Early_blight:::95.0,118,119,116,1
6,20261009,pv_author_leaf::Potato___Early_blight:::129.0,Potato___Early_blight,pv_author_leaf::Potato___Early_blight:::214.0,pv_author_leaf::Potato___Early_blight:::169.0,132,133,135,1
6,20261009,pv_author_leaf::Potato___Early_blight:::130.0,Potato___Early_blight,pv_author_leaf::Potato___Early_blight:::211.0,pv_author_leaf::Potato___Early_blight:::145.0,140,142,141,1
6,20261009,pv_author_leaf::Potato___Early_blight:::132.0,Potato___Early_blight,pv_author_leaf::Potato___Early_blight:::153.0,pv_author_leaf::Potato___Early_blight:::75.0,149,148,151,1
6,20261009,pv_author_leaf::Potato___Early_blight:::14.0,Potato___Early_blight,pv_author_leaf::Potato___Early_blight:::240.0,pv_author_leaf::Potato___Early_blight:::79.0,183,180,182,1
6,20261009,pv_author_leaf::Potato___Early_blight:::141.0,Potato___Early_blight,pv_author_leaf::Potato___Early_blight:::29.0,pv_author_leaf::Potato___Early_blight:::209.0,189,190,191,1
6,20261009,pv_author_leaf::Potato___Early_blight:::144.0,Potato___Early_blight,pv_author_leaf::Potato___Early_blight:::170.0,pv_author_leaf::Potato___Early_blight:::99.0,202,201,200,1
6,20261009,pv_author_leaf::Potato___Early_blight:::152.0,Potato___Early_blight,pv_author_leaf::Potato___Early_blight:::184.0,pv_author_leaf::Potato___Early_blight:::44.0,237,238,236,1
6,20261009,pv_author_leaf::Potato___Early_blight:::157.0,Potato___Early_blight,pv_author_leaf::Potato___Early_blight:::47.0,pv_author_leaf::Potato___Early_blight:::187.0,257,259,256,1
6,20261009,pv_author_leaf::Potato___Early_blight:::174.0,Potato___Early_blight,pv_author_leaf::Potato___Early_blight:::247.0,pv_author_leaf::Potato___Early_blight:::122.0,333,335,334,1
6,20261009,pv_author_leaf::Potato___Early_blight:::175.0,Potato___Early_blight,pv_author_leaf::Potato___Early_blight:::119.0,pv_author_leaf::Potato___Early_blight:::114.0,336,337,339,1
6,20261009,pv_author_leaf::Potato___Early_blight:::185.0,Potato___Early_blight,pv_author_leaf::Potato___Early_blight:::186.0,pv_author_leaf::Potato___Early_blight:::48.0,380,382,383,1
6,20261009,pv_author_leaf::Potato___Early_blight:::191.0,Potato___Early_blight,pv_author_leaf::Potato___Early_blight:::158.0,pv_author_leaf::Potato___Early_blight:::135.0,410,409,411,1
6,20261009,pv_author_leaf::Potato___Early_blight:::201.0,Potato___Early_blight,pv_author_leaf::Potato___Early_blight:::104.0,pv_author_leaf::Potato___Early_blight:::111.0,459,456,457,1
6,20261009,pv_author_leaf::Potato___Early_blight:::202.0,Potato___Early_blight,pv_author_leaf::Potato___Early_blight:::199.0,pv_author_leaf::Potato___Early_blight:::67.0,461,462,460,1
6,20261009,pv_author_leaf::Potato___Early_blight:::206.0,Potato___Early_blight,pv_author_leaf::Potato___Early_blight:::181.0,pv_author_leaf::Potato___Early_blight:::176.0,476,477,479,1
6,20261009,pv_author_leaf::Potato___Early_blight:::210.0,Potato___Early_blight,pv_author_leaf::Potato___Early_blight:::183.0,pv_author_leaf::Potato___Early_blight:::121.0,497,499,496,1
6,20261009,pv_author_leaf::Potato___Early_blight:::215.0,Potato___Early_blight,pv_author_leaf::Potato___Early_blight:::216.0,pv_author_leaf::Potato___Early_blight:::82.0,517,519,518,1
6,20261009,pv_author_leaf::Potato___Early_blight:::219.0,Potato___Early_blight,pv_author_leaf::Potato___Early_blight:::154.0,pv_author_leaf::Potato___Early_blight:::51.0,532,534,535,1
6,20261009,pv_author_leaf::Potato___Early_blight:::22.0,Potato___Early_blight,pv_author_leaf::Potato___Early_blight:::50.0,pv_author_leaf::Potato___Early_blight:::197.0,539,538,537,1
6,20261009,pv_author_leaf::Potato___Early_blight:::220.0,Potato___Early_blight,pv_author_leaf::Potato___Early_blight:::37.0,pv_author_leaf::Potato___Early_blight:::207.0,542,541,540,1
6,20261009,pv_author_leaf::Potato___Early_blight:::222.0,Potato___Early_blight,pv_author_leaf::Potato___Early_blight:::59.0,pv_author_leaf::Potato___Early_blight:::142.0,548,550,549,1
6,20261009,pv_author_leaf::Potato___Early_blight:::224.0,Potato___Early_blight,pv_author_leaf::Potato___Early_blight:::26.0,pv_author_leaf::Potato___Early_blight:::52.0,557,558,559,1
6,20261009,pv_author_leaf::Potato___Early_blight:::226.0,Potato___Early_blight,pv_author_leaf::Potato___Early_blight:::56.0,pv_author_leaf::Potato___Early_blight:::24.0,564,566,567,1
6,20261009,pv_author_leaf::Potato___Early_blight:::231.0,Potato___Early_blight,pv_author_leaf::Potato___Early_blight:::217.0,pv_author_leaf::Potato___Early_blight:::120.0,590,591,589,1
6,20261009,pv_author_leaf::Potato___Early_blight:::237.0,Potato___Early_blight,pv_author_leaf::Potato___Early_blight:::123.0,pv_author_leaf::Potato___Early_blight:::223.0,615,613,612,1
6,20261009,pv_author_leaf::Potato___Early_blight:::243.0,Potato___Early_blight,pv_author_leaf::Potato___Early_blight:::213.0,pv_author_leaf::Potato___Early_blight:::236.0,640,642,643,1
6,20261009,pv_author_leaf::Potato___Early_blight:::244.0,Potato___Early_blight,pv_author_leaf::Potato___Early_blight:::173.0,pv_author_leaf::Potato___Early_blight:::3.0,647,645,646,1
6,20261009,pv_author_leaf::Potato___Early_blight:::36.0,Potato___Early_blight,pv_author_leaf::Potato___Early_blight:::23.0,pv_author_leaf::Potato___Early_blight:::38.0,722,720,723,1
6,20261009,pv_author_leaf::Potato___Early_blight:::41.0,Potato___Early_blight,pv_author_leaf::Potato___Early_blight:::230.0,pv_author_leaf::Potato___Early_blight:::107.0,744,745,747,1
6,20261009,pv_author_leaf::Potato___Early_blight:::53.0,Potato___Early_blight,pv_author_leaf::Potato___Early_blight:::126.0,pv_author_leaf::Potato___Early_blight:::4.0,799,798,796,1
6,20261009,pv_author_leaf::Potato___Early_blight:::54.0,Potato___Early_blight,pv_author_leaf::Potato___Early_blight:::246.0,pv_author_leaf::Potato___Early_blight:::233.0,803,800,801,1
6,20261009,pv_author_leaf::Potato___Early_blight:::55.0,Potato___Early_blight,pv_author_leaf::Potato___Early_blight:::195.0,pv_author_leaf::Potato___Early_blight:::234.0,804,805,806,1
6,20261009,pv_author_leaf::Potato___Early_blight:::64.0,Potato___Early_blight,pv_author_leaf::Potato___Early_blight:::92.0,pv_author_leaf::Potato___Early_blight:::164.0,847,845,846,1
6,20261009,pv_author_leaf::Potato___Early_blight:::70.0,Potato___Early_blight,pv_author_leaf::Potato___Early_blight:::171.0,pv_author_leaf::Potato___Early_blight:::163.0,873,874,875,1
6,20261009,pv_author_leaf::Potato___Early_blight:::72.0,Potato___Early_blight,pv_author_leaf::Potato___Early_blight:::156.0,pv_author_leaf::Potato___Early_blight:::25.0,881,883,880,1
6,20261009,pv_author_leaf::Potato___Early_blight:::74.0,Potato___Early_blight,pv_author_leaf::Potato___Early_blight:::150.0,pv_author_leaf::Potato___Early_blight:::179.0,891,888,890,1
6,20261009,pv_author_leaf::Potato___Early_blight:::76.0,Potato___Early_blight,pv_author_leaf::Potato___Early_blight:::227.0,pv_author_leaf::Potato___Early_blight:::168.0,898,896,899,1
6,20261009,pv_author_leaf::Potato___Early_blight:::78.0,Potato___Early_blight,pv_author_leaf::Potato___Early_blight:::11.0,pv_author_leaf::Potato___Early_blight:::115.0,904,906,905,1
6,20261009,pv_author_leaf::Potato___Early_blight:::84.0,Potato___Early_blight,pv_author_leaf::Potato___Early_blight:::19.0,pv_author_leaf::Potato___Early_blight:::42.0,932,933,935,1
6,20261009,pv_author_leaf::Potato___Early_blight:::86.0,Potato___Early_blight,pv_author_leaf::Potato___Early_blight:::90.0,pv_author_leaf::Potato___Early_blight:::85.0,943,941,942,1
6,20261009,pv_author_leaf::Potato___Early_blight:::87.0,Potato___Early_blight,pv_author_leaf::Potato___Early_blight:::45.0,pv_author_leaf::Potato___Early_blight:::160.0,947,944,946,1
6,20261009,pv_author_leaf::Potato___Early_blight:::88.0,Potato___Early_blight,pv_author_leaf::Potato___Early_blight:::235.0,pv_author_leaf::Potato___Early_blight:::242.0,948,951,950,1
6,20261009,pv_author_leaf::Potato___Early_blight:::9.0,Potato___Early_blight,pv_author_leaf::Potato___Early_blight:::34.0,pv_author_leaf::Potato___Early_blight:::161.0,957,958,959,1
6,20261009,pv_author_leaf::Potato___Early_blight:::93.0,Potato___Early_blight,pv_author_leaf::Potato___Early_blight:::105.0,pv_author_leaf::Potato___Early_blight:::177.0,973,975,974,1
6,20261009,pv_author_leaf::Potato___Early_blight:::96.0,Potato___Early_blight,pv_author_leaf::Potato___Early_blight:::221.0,pv_author_leaf::Potato___Early_blight:::166.0,987,985,986,1
6,20261009,pv_author_leaf::Potato___Late_blight:::103.0,Potato___Late_blight,pv_author_leaf::Potato___Late_blight:::241.0,pv_author_leaf::Potato___Late_blight:::204.0,1023,1020,1021,1
6,20261009,pv_author_leaf::Potato___Late_blight:::104.0,Potato___Late_blight,pv_author_leaf::Potato___Late_blight:::112.0,pv_author_leaf::Potato___Late_blight:::168.0,1025,1024,1027,1
6,20261009,pv_author_leaf::Potato___Late_blight:::115.0,Potato___Late_blight,pv_author_leaf::Potato___Late_blight:::140.0,pv_author_leaf::Potato___Late_blight:::215.0,1074,1073,1072,1
6,20261009,pv_author_leaf::Potato___Late_blight:::119.0,Potato___Late_blight,pv_author_leaf::Potato___Late_blight:::26.0,pv_author_leaf::Potato___Late_blight:::161.0,1089,1091,1088,1
6,20261009,pv_author_leaf::Potato___Late_blight:::124.0,Potato___Late_blight,pv_author_leaf::Potato___Late_blight:::156.0,pv_author_leaf::Potato___Late_blight:::79.0,1115,1112,1113,1
6,20261009,pv_author_leaf::Potato___Late_blight:::125.0,Potato___Late_blight,pv_author_leaf::Potato___Late_blight:::141.0,pv_author_leaf::Potato___Late_blight:::230.0,1116,1119,1118,1
6,20261009,pv_author_leaf::Potato___Late_blight:::126.0,Potato___Late_blight,pv_author_leaf::Potato___Late_blight:::35.0,pv_author_leaf::Potato___Late_blight:::109.0,1122,1121,1120,1
6,20261009,pv_author_leaf::Potato___Late_blight:::127.0,Potato___Late_blight,pv_author_leaf::Potato___Late_blight:::51.0,pv_author_leaf::Potato___Late_blight:::138.0,1125,1124,1127,1
6,20261009,pv_author_leaf::Potato___Late_blight:::129.0,Potato___Late_blight,pv_author_leaf::Potato___Late_blight:::172.0,pv_author_leaf::Potato___Late_blight:::194.0,1134,1135,1132,1
6,20261009,pv_author_leaf::Potato___Late_blight:::134.0,Potato___Late_blight,pv_author_leaf::Potato___Late_blight:::198.0,pv_author_leaf::Potato___Late_blight:::201.0,1158,1156,1159,1
6,20261009,pv_author_leaf::Potato___Late_blight:::153.0,Potato___Late_blight,pv_author_leaf::Potato___Late_blight:::69.0,pv_author_leaf::Potato___Late_blight:::12.0,1242,1240,1243,1
6,20261009,pv_author_leaf::Potato___Late_blight:::154.0,Potato___Late_blight,pv_author_leaf::Potato___Late_blight:::228.0,pv_author_leaf::Potato___Late_blight:::117.0,1247,1245,1246,1
6,20261009,pv_author_leaf::Potato___Late_blight:::169.0,Potato___Late_blight,pv_author_leaf::Potato___Late_blight:::83.0,pv_author_leaf::Potato___Late_blight:::213.0,1311,1309,1308,1
6,20261009,pv_author_leaf::Potato___Late_blight:::177.0,Potato___Late_blight,pv_author_leaf::Potato___Late_blight:::139.0,pv_author_leaf::Potato___Late_blight:::113.0,1346,1345,1347,1
6,20261009,pv_author_leaf::Potato___Late_blight:::179.0,Potato___Late_blight,pv_author_leaf::Potato___Late_blight:::37.0,pv_author_leaf::Potato___Late_blight:::174.0,1354,1355,1353,1
6,20261009,pv_author_leaf::Potato___Late_blight:::183.0,Potato___Late_blight,pv_author_leaf::Potato___Late_blight:::128.0,pv_author_leaf::Potato___Late_blight:::181.0,1374,1373,1375,1
6,20261009,pv_author_leaf::Potato___Late_blight:::185.0,Potato___Late_blight,pv_author_leaf::Potato___Late_blight:::237.0,pv_author_leaf::Potato___Late_blight:::94.0,1383,1381,1380,1
6,20261009,pv_author_leaf::Potato___Late_blight:::186.0,Potato___Late_blight,pv_author_leaf::Potato___Late_blight:::118.0,pv_author_leaf::Potato___Late_blight:::187.0,1385,1386,1387,1
6,20261009,pv_author_leaf::Potato___Late_blight:::191.0,Potato___Late_blight,pv_author_leaf::Potato___Late_blight:::210.0,pv_author_leaf::Potato___Late_blight:::11.0,1411,1410,1409,1
6,20261009,pv_author_leaf::Potato___Late_blight:::192.0,Potato___Late_blight,pv_author_leaf::Potato___Late_blight:::240.0,pv_author_leaf::Potato___Late_blight:::116.0,1412,1415,1413,1
6,20261009,pv_author_leaf::Potato___Late_blight:::203.0,Potato___Late_blight,pv_author_leaf::Potato___Late_blight:::120.0,pv_author_leaf::Potato___Late_blight:::19.0,1467,1465,1466,1
6,20261009,pv_author_leaf::Potato___Late_blight:::207.0,Potato___Late_blight,pv_author_leaf::Potato___Late_blight:::27.0,pv_author_leaf::Potato___Late_blight:::95.0,1483,1482,1480,1
6,20261009,pv_author_leaf::Potato___Late_blight:::212.0,Potato___Late_blight,pv_author_leaf::Potato___Late_blight:::170.0,pv_author_leaf::Potato___Late_blight:::147.0,1505,1506,1507,1
6,20261009,pv_author_leaf::Potato___Late_blight:::214.0,Potato___Late_blight,pv_author_leaf::Potato___Late_blight:::10.0,pv_author_leaf::Potato___Late_blight:::176.0,1514,1512,1513,1
6,20261009,pv_author_leaf::Potato___Late_blight:::229.0,Potato___Late_blight,pv_author_leaf::Potato___Late_blight:::18.0,pv_author_leaf::Potato___Late_blight:::130.0,1576,1578,1579,1
6,20261009,pv_author_leaf::Potato___Late_blight:::238.0,Potato___Late_blight,pv_author_leaf::Potato___Late_blight:::106.0,pv_author_leaf::Potato___Late_blight:::66.0,1617,1619,1618,1
6,20261009,pv_author_leaf::Potato___Late_blight:::239.0,Potato___Late_blight,pv_author_leaf::Potato___Late_blight:::223.0,pv_author_leaf::Potato___Late_blight:::200.0,1620,1621,1623,1
6,20261009,pv_author_leaf::Potato___Late_blight:::242.0,Potato___Late_blight,pv_author_leaf::Potato___Late_blight:::33.0,pv_author_leaf::Potato___Late_blight:::68.0,1637,1639,1636,1
6,20261009,pv_author_leaf::Potato___Late_blight:::249.0,Potato___Late_blight,pv_author_leaf::Potato___Late_blight:::13.0,pv_author_leaf::Potato___Late_blight:::85.0,1664,1665,1666,1
6,20261009,pv_author_leaf::Potato___Late_blight:::25.0,Potato___Late_blight,pv_author_leaf::Potato___Late_blight:::248.0,pv_author_leaf::Potato___Late_blight:::235.0,1671,1668,1670,1
6,20261009,pv_author_leaf::Potato___Late_blight:::250.0,Potato___Late_blight,pv_author_leaf::Potato___Late_blight:::15.0,pv_author_leaf::Potato___Late_blight:::158.0,1673,1672,1675,1
6,20261009,pv_author_leaf::Potato___Late_blight:::28.0,Potato___Late_blight,pv_author_leaf::Potato___Late_blight:::199.0,pv_author_leaf::Potato___Late_blight:::231.0,1687,1684,1685,1
6,20261009,pv_author_leaf::Potato___Late_blight:::29.0,Potato___Late_blight,pv_author_leaf::Potato___Late_blight:::247.0,pv_author_leaf::Potato___Late_blight:::123.0,1689,1688,1691,1
6,20261009,pv_author_leaf::Potato___Late_blight:::36.0,Potato___Late_blight,pv_author_leaf::Potato___Late_blight:::77.0,pv_author_leaf::Potato___Late_blight:::53.0,1720,1722,1723,1
6,20261009,pv_author_leaf::Potato___Late_blight:::38.0,Potato___Late_blight,pv_author_leaf::Potato___Late_blight:::64.0,pv_author_leaf::Potato___Late_blight:::208.0,1730,1731,1729,1
6,20261009,pv_author_leaf::Potato___Late_blight:::39.0,Potato___Late_blight,pv_author_leaf::Potato___Late_blight:::23.0,pv_author_leaf::Potato___Late_blight:::225.0,1733,1732,1734,1
6,20261009,pv_author_leaf::Potato___Late_blight:::41.0,Potato___Late_blight,pv_author_leaf::Potato___Late_blight:::70.0,pv_author_leaf::Potato___Late_blight:::173.0,1747,1745,1746,1
6,20261009,pv_author_leaf::Potato___Late_blight:::54.0,Potato___Late_blight,pv_author_leaf::Potato___Late_blight:::160.0,pv_author_leaf::Potato___Late_blight:::236.0,1800,1803,1801,1
6,20261009,pv_author_leaf::Potato___Late_blight:::57.0,Potato___Late_blight,pv_author_leaf::Potato___Late_blight:::216.0,pv_author_leaf::Potato___Late_blight:::167.0,1814,1813,1815,1
6,20261009,pv_author_leaf::Potato___Late_blight:::58.0,Potato___Late_blight,pv_author_leaf::Potato___Late_blight:::122.0,pv_author_leaf::Potato___Late_blight:::45.0,1818,1816,1819,1
6,20261009,pv_author_leaf::Potato___Late_blight:::59.0,Potato___Late_blight,pv_author_leaf::Potato___Late_blight:::234.0,pv_author_leaf::Potato___Late_blight:::197.0,1822,1823,1821,1
6,20261009,pv_author_leaf::Potato___Late_blight:::62.0,Potato___Late_blight,pv_author_leaf::Potato___Late_blight:::227.0,pv_author_leaf::Potato___Late_blight:::97.0,1836,1839,1838,1
6,20261009,pv_author_leaf::Potato___Late_blight:::63.0,Potato___Late_blight,pv_author_leaf::Potato___Late_blight:::166.0,pv_author_leaf::Potato___Late_blight:::219.0,1843,1841,1840,1
6,20261009,pv_author_leaf::Potato___Late_blight:::65.0,Potato___Late_blight,pv_author_leaf::Potato___Late_blight:::243.0,pv_author_leaf::Potato___Late_blight:::190.0,1851,1848,1849,1
6,20261009,pv_author_leaf::Potato___Late_blight:::74.0,Potato___Late_blight,pv_author_leaf::Potato___Late_blight:::165.0,pv_author_leaf::Potato___Late_blight:::220.0,1891,1889,1890,1
6,20261009,pv_author_leaf::Potato___Late_blight:::81.0,Potato___Late_blight,pv_author_leaf::Potato___Late_blight:::24.0,pv_author_leaf::Potato___Late_blight:::131.0,1922,1920,1921,1
6,20261009,pv_author_leaf::Potato___Late_blight:::82.0,Potato___Late_blight,pv_author_leaf::Potato___Late_blight:::7.0,pv_author_leaf::Potato___Late_blight:::110.0,1927,1924,1925,1
6,20261009,pv_author_leaf::Potato___Late_blight:::88.0,Potato___Late_blight,pv_author_leaf::Potato___Late_blight:::55.0,pv_author_leaf::Potato___Late_blight:::164.0,1948,1951,1949,1
6,20261009,pv_author_leaf::Potato___Late_blight:::89.0,Potato___Late_blight,pv_author_leaf::Potato___Late_blight:::78.0,pv_author_leaf::Potato___Late_blight:::30.0,1954,1952,1955,1
6,20261009,pv_author_leaf::Potato___Late_blight:::91.0,Potato___Late_blight,pv_author_leaf::Potato___Late_blight:::100.0,pv_author_leaf::Potato___Late_blight:::144.0,1966,1965,1967,1
6,20261009,pv_author_leaf::Potato___healthy:::25.0,healthy,pv_author_leaf::Potato___healthy:::1.0,pv_author_leaf::Potato___healthy:::22.0,2071,2070,2069,1
6,20261009,pv_author_leaf::Potato___healthy:::26.0,healthy,pv_author_leaf::Potato___healthy:::6.0,pv_author_leaf::Potato___healthy:::24.0,2072,2074,2075,1
6,20261009,pv_author_leaf::Potato___healthy:::28.0,healthy,pv_author_leaf::Potato___healthy:::21.0,pv_author_leaf::Potato___healthy:::17.0,2081,2080,2083,1
6,20261009,pv_author_leaf::Potato___healthy:::29.0,healthy,pv_author_leaf::Potato___healthy:::19.0,pv_author_leaf::Potato___healthy:::12.0,2085,2084,2086,1
6,20261009,pv_author_leaf::Potato___healthy:::33.0,healthy,pv_author_leaf::Potato___healthy:::11.0,pv_author_leaf::Potato___healthy:::8.0,2105,2106,2107,1
6,20261009,pv_author_leaf::Potato___healthy:::34.0,healthy,pv_author_leaf::Potato___healthy:::10.0,pv_author_leaf::Potato___healthy:::36.0,2110,2108,2109,1
6,20261009,pv_author_leaf::Potato___healthy:::37.0,healthy,pv_author_leaf::Potato___healthy:::35.0,pv_author_leaf::Potato___healthy:::18.0,2120,2122,2123,1
6,20261009,pv_author_leaf::Potato___healthy:::38.0,healthy,pv_author_leaf::Potato___healthy:::4.0,pv_author_leaf::Potato___healthy:::23.0,2126,2124,2127,1
7,20261010,pv_author_leaf::Potato___Early_blight:::115.0,Potato___Early_blight,pv_author_leaf::Potato___Early_blight:::92.0,pv_author_leaf::Potato___Early_blight:::6.0,75,72,74,1
7,20261010,pv_author_leaf::Potato___Early_blight:::118.0,Potato___Early_blight,pv_author_leaf::Potato___Early_blight:::17.0,pv_author_leaf::Potato___Early_blight:::97.0,84,86,85,1
7,20261010,pv_author_leaf::Potato___Early_blight:::12.0,Potato___Early_blight,pv_author_leaf::Potato___Early_blight:::83.0,pv_author_leaf::Potato___Early_blight:::136.0,95,92,93,1
7,20261010,pv_author_leaf::Potato___Early_blight:::120.0,Potato___Early_blight,pv_author_leaf::Potato___Early_blight:::148.0,pv_author_leaf::Potato___Early_blight:::239.0,97,96,99,1
7,20261010,pv_author_leaf::Potato___Early_blight:::124.0,Potato___Early_blight,pv_author_leaf::Potato___Early_blight:::181.0,pv_author_leaf::Potato___Early_blight:::241.0,115,114,113,1
7,20261010,pv_author_leaf::Potato___Early_blight:::13.0,Potato___Early_blight,pv_author_leaf::Potato___Early_blight:::106.0,pv_author_leaf::Potato___Early_blight:::87.0,137,139,138,1
7,20261010,pv_author_leaf::Potato___Early_blight:::131.0,Potato___Early_blight,pv_author_leaf::Potato___Early_blight:::5.0,pv_author_leaf::Potato___Early_blight:::22.0,145,147,144,1
7,20261010,pv_author_leaf::Potato___Early_blight:::133.0,Potato___Early_blight,pv_author_leaf::Potato___Early_blight:::213.0,pv_author_leaf::Potato___Early_blight:::209.0,153,155,154,1
7,20261010,pv_author_leaf::Potato___Early_blight:::137.0,Potato___Early_blight,pv_author_leaf::Potato___Early_blight:::26.0,pv_author_leaf::Potato___Early_blight:::202.0,171,169,168,1
7,20261010,pv_author_leaf::Potato___Early_blight:::138.0,Potato___Early_blight,pv_author_leaf::Potato___Early_blight:::192.0,pv_author_leaf::Potato___Early_blight:::11.0,174,175,173,1
7,20261010,pv_author_leaf::Potato___Early_blight:::139.0,Potato___Early_blight,pv_author_leaf::Potato___Early_blight:::205.0,pv_author_leaf::Potato___Early_blight:::76.0,179,176,177,1
7,20261010,pv_author_leaf::Potato___Early_blight:::140.0,Potato___Early_blight,pv_author_leaf::Potato___Early_blight:::166.0,pv_author_leaf::Potato___Early_blight:::163.0,187,185,184,1
7,20261010,pv_author_leaf::Potato___Early_blight:::146.0,Potato___Early_blight,pv_author_leaf::Potato___Early_blight:::96.0,pv_author_leaf::Potato___Early_blight:::203.0,208,210,211,1
7,20261010,pv_author_leaf::Potato___Early_blight:::151.0,Potato___Early_blight,pv_author_leaf::Potato___Early_blight:::121.0,pv_author_leaf::Potato___Early_blight:::34.0,234,232,233,1
7,20261010,pv_author_leaf::Potato___Early_blight:::153.0,Potato___Early_blight,pv_author_leaf::Potato___Early_blight:::84.0,pv_author_leaf::Potato___Early_blight:::162.0,240,241,243,1
7,20261010,pv_author_leaf::Potato___Early_blight:::159.0,Potato___Early_blight,pv_author_leaf::Potato___Early_blight:::172.0,pv_author_leaf::Potato___Early_blight:::119.0,264,267,266,1
7,20261010,pv_author_leaf::Potato___Early_blight:::165.0,Potato___Early_blight,pv_author_leaf::Potato___Early_blight:::100.0,pv_author_leaf::Potato___Early_blight:::3.0,293,295,294,1
7,20261010,pv_author_leaf::Potato___Early_blight:::167.0,Potato___Early_blight,pv_author_leaf::Potato___Early_blight:::200.0,pv_author_leaf::Potato___Early_blight:::15.0,300,301,302,1
7,20261010,pv_author_leaf::Potato___Early_blight:::170.0,Potato___Early_blight,pv_author_leaf::Potato___Early_blight:::211.0,pv_author_leaf::Potato___Early_blight:::157.0,316,317,318,1
7,20261010,pv_author_leaf::Potato___Early_blight:::183.0,Potato___Early_blight,pv_author_leaf::Potato___Early_blight:::14.0,pv_author_leaf::Potato___Early_blight:::168.0,372,373,375,1
7,20261010,pv_author_leaf::Potato___Early_blight:::193.0,Potato___Early_blight,pv_author_leaf::Potato___Early_blight:::107.0,pv_author_leaf::Potato___Early_blight:::179.0,418,419,417,1
7,20261010,pv_author_leaf::Potato___Early_blight:::204.0,Potato___Early_blight,pv_author_leaf::Potato___Early_blight:::225.0,pv_author_leaf::Potato___Early_blight:::135.0,469,470,468,1
7,20261010,pv_author_leaf::Potato___Early_blight:::212.0,Potato___Early_blight,pv_author_leaf::Potato___Early_blight:::8.0,pv_author_leaf::Potato___Early_blight:::60.0,506,505,507,1
7,20261010,pv_author_leaf::Potato___Early_blight:::216.0,Potato___Early_blight,pv_author_leaf::Potato___Early_blight:::19.0,pv_author_leaf::Potato___Early_blight:::79.0,523,521,520,1
7,20261010,pv_author_leaf::Potato___Early_blight:::220.0,Potato___Early_blight,pv_author_leaf::Potato___Early_blight:::18.0,pv_author_leaf::Potato___Early_blight:::189.0,542,543,541,1
7,20261010,pv_author_leaf::Potato___Early_blight:::226.0,Potato___Early_blight,pv_author_leaf::Potato___Early_blight:::195.0,pv_author_leaf::Potato___Early_blight:::234.0,564,566,565,1
7,20261010,pv_author_leaf::Potato___Early_blight:::227.0,Potato___Early_blight,pv_author_leaf::Potato___Early_blight:::128.0,pv_author_leaf::Potato___Early_blight:::53.0,568,571,569,1
7,20261010,pv_author_leaf::Potato___Early_blight:::230.0,Potato___Early_blight,pv_author_leaf::Potato___Early_blight:::114.0,pv_author_leaf::Potato___Early_blight:::77.0,586,584,587,1
7,20261010,pv_author_leaf::Potato___Early_blight:::232.0,Potato___Early_blight,pv_author_leaf::Potato___Early_blight:::188.0,pv_author_leaf::Potato___Early_blight:::245.0,593,594,595,1
7,20261010,pv_author_leaf::Potato___Early_blight:::243.0,Potato___Early_blight,pv_author_leaf::Potato___Early_blight:::186.0,pv_author_leaf::Potato___Early_blight:::144.0,642,640,641,1
7,20261010,pv_author_leaf::Potato___Early_blight:::250.0,Potato___Early_blight,pv_author_leaf::Potato___Early_blight:::32.0,pv_author_leaf::Potato___Early_blight:::52.0,674,673,675,1
7,20261010,pv_author_leaf::Potato___Early_blight:::27.0,Potato___Early_blight,pv_author_leaf::Potato___Early_blight:::64.0,pv_author_leaf::Potato___Early_blight:::214.0,681,683,682,1
7,20261010,pv_author_leaf::Potato___Early_blight:::40.0,Potato___Early_blight,pv_author_leaf::Potato___Early_blight:::199.0,pv_author_leaf::Potato___Early_blight:::69.0,742,741,743,1
7,20261010,pv_author_leaf::Potato___Early_blight:::45.0,Potato___Early_blight,pv_author_leaf::Potato___Early_blight:::198.0,pv_author_leaf::Potato___Early_blight:::117.0,762,760,761,1
7,20261010,pv_author_leaf::Potato___Early_blight:::49.0,Potato___Early_blight,pv_author_leaf::Potato___Early_blight:::247.0,pv_author_leaf::Potato___Early_blight:::75.0,778,779,776,1
7,20261010,pv_author_leaf::Potato___Early_blight:::59.0,Potato___Early_blight,pv_author_leaf::Potato___Early_blight:::191.0,pv_author_leaf::Potato___Early_blight:::207.0,822,821,820,1
7,20261010,pv_author_leaf::Potato___Early_blight:::61.0,Potato___Early_blight,pv_author_leaf::Potato___Early_blight:::246.0,pv_author_leaf::Potato___Early_blight:::20.0,834,833,835,1
7,20261010,pv_author_leaf::Potato___Early_blight:::62.0,Potato___Early_blight,pv_author_leaf::Potato___Early_blight:::38.0,pv_author_leaf::Potato___Early_blight:::129.0,838,836,839,1
7,20261010,pv_author_leaf::Potato___Early_blight:::66.0,Potato___Early_blight,pv_author_leaf::Potato___Early_blight:::236.0,pv_author_leaf::Potato___Early_blight:::185.0,855,853,852,1
7,20261010,pv_author_leaf::Potato___Early_blight:::67.0,Potato___Early_blight,pv_author_leaf::Potato___Early_blight:::156.0,pv_author_leaf::Potato___Early_blight:::29.0,858,857,856,1
7,20261010,pv_author_leaf::Potato___Early_blight:::7.0,Potato___Early_blight,pv_author_leaf::Potato___Early_blight:::42.0,pv_author_leaf::Potato___Early_blight:::93.0,868,870,871,1
7,20261010,pv_author_leaf::Potato___Early_blight:::70.0,Potato___Early_blight,pv_author_leaf::Potato___Early_blight:::143.0,pv_author_leaf::Potato___Early_blight:::123.0,873,874,875,1
7,20261010,pv_author_leaf::Potato___Early_blight:::71.0,Potato___Early_blight,pv_author_leaf::Potato___Early_blight:::240.0,pv_author_leaf::Potato___Early_blight:::231.0,876,879,877,1
7,20261010,pv_author_leaf::Potato___Early_blight:::72.0,Potato___Early_blight,pv_author_leaf::Potato___Early_blight:::28.0,pv_author_leaf::Potato___Early_blight:::175.0,882,881,880,1
7,20261010,pv_author_leaf::Potato___Early_blight:::78.0,Potato___Early_blight,pv_author_leaf::Potato___Early_blight:::208.0,pv_author_leaf::Potato___Early_blight:::150.0,905,907,906,1
7,20261010,pv_author_leaf::Potato___Early_blight:::81.0,Potato___Early_blight,pv_author_leaf::Potato___Early_blight:::24.0,pv_author_leaf::Potato___Early_blight:::111.0,922,920,921,1
7,20261010,pv_author_leaf::Potato___Early_blight:::85.0,Potato___Early_blight,pv_author_leaf::Potato___Early_blight:::105.0,pv_author_leaf::Potato___Early_blight:::180.0,937,938,939,1
7,20261010,pv_author_leaf::Potato___Early_blight:::88.0,Potato___Early_blight,pv_author_leaf::Potato___Early_blight:::248.0,pv_author_leaf::Potato___Early_blight:::194.0,951,949,948,1
7,20261010,pv_author_leaf::Potato___Early_blight:::94.0,Potato___Early_blight,pv_author_leaf::Potato___Early_blight:::237.0,pv_author_leaf::Potato___Early_blight:::171.0,979,978,977,1
7,20261010,pv_author_leaf::Potato___Early_blight:::98.0,Potato___Early_blight,pv_author_leaf::Potato___Early_blight:::31.0,pv_author_leaf::Potato___Early_blight:::112.0,994,993,992,1
7,20261010,pv_author_leaf::Potato___Late_blight:::106.0,Potato___Late_blight,pv_author_leaf::Potato___Late_blight:::115.0,pv_author_leaf::Potato___Late_blight:::44.0,1034,1032,1035,1
7,20261010,pv_author_leaf::Potato___Late_blight:::108.0,Potato___Late_blight,pv_author_leaf::Potato___Late_blight:::25.0,pv_author_leaf::Potato___Late_blight:::20.0,1042,1043,1040,1
7,20261010,pv_author_leaf::Potato___Late_blight:::12.0,Potato___Late_blight,pv_author_leaf::Potato___Late_blight:::164.0,pv_author_leaf::Potato___Late_blight:::173.0,1093,1092,1094,1
7,20261010,pv_author_leaf::Potato___Late_blight:::123.0,Potato___Late_blight,pv_author_leaf::Potato___Late_blight:::104.0,pv_author_leaf::Potato___Late_blight:::237.0,1111,1108,1110,1
7,20261010,pv_author_leaf::Potato___Late_blight:::124.0,Potato___Late_blight,pv_author_leaf::Potato___Late_blight:::46.0,pv_author_leaf::Potato___Late_blight:::203.0,1115,1112,1113,1
7,20261010,pv_author_leaf::Potato___Late_blight:::128.0,Potato___Late_blight,pv_author_leaf::Potato___Late_blight:::211.0,pv_author_leaf::Potato___Late_blight:::140.0,1131,1129,1130,1
7,20261010,pv_author_leaf::Potato___Late_blight:::13.0,Potato___Late_blight,pv_author_leaf::Potato___Late_blight:::186.0,pv_author_leaf::Potato___Late_blight:::113.0,1139,1136,1137,1
7,20261010,pv_author_leaf::Potato___Late_blight:::131.0,Potato___Late_blight,pv_author_leaf::Potato___Late_blight:::194.0,pv_author_leaf::Potato___Late_blight:::122.0,1146,1145,1144,1
7,20261010,pv_author_leaf::Potato___Late_blight:::138.0,Potato___Late_blight,pv_author_leaf::Potato___Late_blight:::229.0,pv_author_leaf::Potato___Late_blight:::1.0,1174,1175,1173,1
7,20261010,pv_author_leaf::Potato___Late_blight:::14.0,Potato___Late_blight,pv_author_leaf::Potato___Late_blight:::74.0,pv_author_leaf::Potato___Late_blight:::49.0,1181,1180,1182,1
7,20261010,pv_author_leaf::Potato___Late_blight:::148.0,Potato___Late_blight,pv_author_leaf::Potato___Late_blight:::88.0,pv_author_leaf::Potato___Late_blight:::24.0,1217,1216,1218,1
7,20261010,pv_author_leaf::Potato___Late_blight:::15.0,Potato___Late_blight,pv_author_leaf::Potato___Late_blight:::195.0,pv_author_leaf::Potato___Late_blight:::39.0,1225,1224,1226,1
7,20261010,pv_author_leaf::Potato___Late_blight:::155.0,Potato___Late_blight,pv_author_leaf::Potato___Late_blight:::230.0,pv_author_leaf::Potato___Late_blight:::120.0,1249,1251,1250,1
7,20261010,pv_author_leaf::Potato___Late_blight:::156.0,Potato___Late_blight,pv_author_leaf::Potato___Late_blight:::93.0,pv_author_leaf::Potato___Late_blight:::160.0,1252,1253,1255,1
7,20261010,pv_author_leaf::Potato___Late_blight:::16.0,Potato___Late_blight,pv_author_leaf::Potato___Late_blight:::143.0,pv_author_leaf::Potato___Late_blight:::116.0,1269,1268,1270,1
7,20261010,pv_author_leaf::Potato___Late_blight:::168.0,Potato___Late_blight,pv_author_leaf::Potato___Late_blight:::145.0,pv_author_leaf::Potato___Late_blight:::76.0,1305,1304,1307,1
7,20261010,pv_author_leaf::Potato___Late_blight:::172.0,Potato___Late_blight,pv_author_leaf::Potato___Late_blight:::18.0,pv_author_leaf::Potato___Late_blight:::40.0,1326,1327,1324,1
7,20261010,pv_author_leaf::Potato___Late_blight:::179.0,Potato___Late_blight,pv_author_leaf::Potato___Late_blight:::227.0,pv_author_leaf::Potato___Late_blight:::136.0,1353,1354,1355,1
7,20261010,pv_author_leaf::Potato___Late_blight:::19.0,Potato___Late_blight,pv_author_leaf::Potato___Late_blight:::81.0,pv_author_leaf::Potato___Late_blight:::129.0,1403,1401,1402,1
7,20261010,pv_author_leaf::Potato___Late_blight:::2.0,Potato___Late_blight,pv_author_leaf::Potato___Late_blight:::167.0,pv_author_leaf::Potato___Late_blight:::169.0,1446,1444,1445,1
7,20261010,pv_author_leaf::Potato___Late_blight:::214.0,Potato___Late_blight,pv_author_leaf::Potato___Late_blight:::112.0,pv_author_leaf::Potato___Late_blight:::135.0,1514,1512,1515,1
7,20261010,pv_author_leaf::Potato___Late_blight:::217.0,Potato___Late_blight,pv_author_leaf::Potato___Late_blight:::3.0,pv_author_leaf::Potato___Late_blight:::73.0,1527,1526,1524,1
7,20261010,pv_author_leaf::Potato___Late_blight:::22.0,Potato___Late_blight,pv_author_leaf::Potato___Late_blight:::207.0,pv_author_leaf::Potato___Late_blight:::48.0,1539,1536,1538,1
7,20261010,pv_author_leaf::Potato___Late_blight:::220.0,Potato___Late_blight,pv_author_leaf::Potato___Late_blight:::185.0,pv_author_leaf::Potato___Late_blight:::225.0,1543,1540,1541,1
7,20261010,pv_author_leaf::Potato___Late_blight:::224.0,Potato___Late_blight,pv_author_leaf::Potato___Late_blight:::233.0,pv_author_leaf::Potato___Late_blight:::70.0,1559,1557,1558,1
7,20261010,pv_author_leaf::Potato___Late_blight:::226.0,Potato___Late_blight,pv_author_leaf::Potato___Late_blight:::175.0,pv_author_leaf::Potato___Late_blight:::121.0,1567,1564,1565,1
7,20261010,pv_author_leaf::Potato___Late_blight:::228.0,Potato___Late_blight,pv_author_leaf::Potato___Late_blight:::142.0,pv_author_leaf::Potato___Late_blight:::127.0,1573,1575,1574,1
7,20261010,pv_author_leaf::Potato___Late_blight:::238.0,Potato___Late_blight,pv_author_leaf::Potato___Late_blight:::215.0,pv_author_leaf::Potato___Late_blight:::59.0,1618,1616,1617,1
7,20261010,pv_author_leaf::Potato___Late_blight:::240.0,Potato___Late_blight,pv_author_leaf::Potato___Late_blight:::239.0,pv_author_leaf::Potato___Late_blight:::234.0,1631,1630,1629,1
7,20261010,pv_author_leaf::Potato___Late_blight:::246.0,Potato___Late_blight,pv_author_leaf::Potato___Late_blight:::21.0,pv_author_leaf::Potato___Late_blight:::92.0,1654,1652,1653,1
7,20261010,pv_author_leaf::Potato___Late_blight:::249.0,Potato___Late_blight,pv_author_leaf::Potato___Late_blight:::158.0,pv_author_leaf::Potato___Late_blight:::52.0,1666,1664,1665,1
7,20261010,pv_author_leaf::Potato___Late_blight:::250.0,Potato___Late_blight,pv_author_leaf::Potato___Late_blight:::161.0,pv_author_leaf::Potato___Late_blight:::17.0,1674,1672,1673,1
7,20261010,pv_author_leaf::Potato___Late_blight:::27.0,Potato___Late_blight,pv_author_leaf::Potato___Late_blight:::109.0,pv_author_leaf::Potato___Late_blight:::213.0,1682,1683,1680,1
7,20261010,pv_author_leaf::Potato___Late_blight:::29.0,Potato___Late_blight,pv_author_leaf::Potato___Late_blight:::26.0,pv_author_leaf::Potato___Late_blight:::174.0,1690,1689,1691,1
7,20261010,pv_author_leaf::Potato___Late_blight:::31.0,Potato___Late_blight,pv_author_leaf::Potato___Late_blight:::94.0,pv_author_leaf::Potato___Late_blight:::166.0,1703,1702,1700,1
7,20261010,pv_author_leaf::Potato___Late_blight:::37.0,Potato___Late_blight,pv_author_leaf::Potato___Late_blight:::216.0,pv_author_leaf::Potato___Late_blight:::231.0,1725,1726,1724,1
7,20261010,pv_author_leaf::Potato___Late_blight:::47.0,Potato___Late_blight,pv_author_leaf::Potato___Late_blight:::34.0,pv_author_leaf::Potato___Late_blight:::196.0,1771,1770,1768,1
7,20261010,pv_author_leaf::Potato___Late_blight:::5.0,Potato___Late_blight,pv_author_leaf::Potato___Late_blight:::247.0,pv_author_leaf::Potato___Late_blight:::222.0,1780,1781,1783,1
7,20261010,pv_author_leaf::Potato___Late_blight:::51.0,Potato___Late_blight,pv_author_leaf::Potato___Late_blight:::149.0,pv_author_leaf::Potato___Late_blight:::201.0,1788,1789,1791,1
7,20261010,pv_author_leaf::Potato___Late_blight:::62.0,Potato___Late_blight,pv_author_leaf::Potato___Late_blight:::99.0,pv_author_leaf::Potato___Late_blight:::171.0,1836,1838,1839,1
7,20261010,pv_author_leaf::Potato___Late_blight:::63.0,Potato___Late_blight,pv_author_leaf::Potato___Late_blight:::125.0,pv_author_leaf::Potato___Late_blight:::84.0,1841,1842,1840,1
7,20261010,pv_author_leaf::Potato___Late_blight:::66.0,Potato___Late_blight,pv_author_leaf::Potato___Late_blight:::221.0,pv_author_leaf::Potato___Late_blight:::205.0,1855,1852,1853,1
7,20261010,pv_author_leaf::Potato___Late_blight:::71.0,Potato___Late_blight,pv_author_leaf::Potato___Late_blight:::6.0,pv_author_leaf::Potato___Late_blight:::119.0,1877,1876,1878,1
7,20261010,pv_author_leaf::Potato___Late_blight:::78.0,Potato___Late_blight,pv_author_leaf::Potato___Late_blight:::86.0,pv_author_leaf::Potato___Late_blight:::41.0,1907,1904,1906,1
7,20261010,pv_author_leaf::Potato___Late_blight:::8.0,Potato___Late_blight,pv_author_leaf::Potato___Late_blight:::114.0,pv_author_leaf::Potato___Late_blight:::56.0,1914,1912,1913,1
7,20261010,pv_author_leaf::Potato___Late_blight:::82.0,Potato___Late_blight,pv_author_leaf::Potato___Late_blight:::126.0,pv_author_leaf::Potato___Late_blight:::152.0,1925,1927,1924,1
7,20261010,pv_author_leaf::Potato___Late_blight:::87.0,Potato___Late_blight,pv_author_leaf::Potato___Late_blight:::69.0,pv_author_leaf::Potato___Late_blight:::200.0,1944,1946,1945,1
7,20261010,pv_author_leaf::Potato___Late_blight:::90.0,Potato___Late_blight,pv_author_leaf::Potato___Late_blight:::187.0,pv_author_leaf::Potato___Late_blight:::32.0,1961,1960,1963,1
7,20261010,pv_author_leaf::Potato___Late_blight:::91.0,Potato___Late_blight,pv_author_leaf::Potato___Late_blight:::105.0,pv_author_leaf::Potato___Late_blight:::248.0,1964,1966,1965,1
7,20261010,pv_author_leaf::Potato___Late_blight:::95.0,Potato___Late_blight,pv_author_leaf::Potato___Late_blight:::64.0,pv_author_leaf::Potato___Late_blight:::28.0,1980,1982,1983,1
7,20261010,pv_author_leaf::Potato___healthy:::12.0,healthy,pv_author_leaf::Potato___healthy:::18.0,pv_author_leaf::Potato___healthy:::28.0,2015,2014,2012,1
7,20261010,pv_author_leaf::Potato___healthy:::13.0,healthy,pv_author_leaf::Potato___healthy:::16.0,pv_author_leaf::Potato___healthy:::24.0,2018,2019,2016,1
7,20261010,pv_author_leaf::Potato___healthy:::25.0,healthy,pv_author_leaf::Potato___healthy:::2.0,pv_author_leaf::Potato___healthy:::11.0,2068,2069,2070,1
7,20261010,pv_author_leaf::Potato___healthy:::26.0,healthy,pv_author_leaf::Potato___healthy:::15.0,pv_author_leaf::Potato___healthy:::23.0,2072,2075,2073,1
7,20261010,pv_author_leaf::Potato___healthy:::29.0,healthy,pv_author_leaf::Potato___healthy:::8.0,pv_author_leaf::Potato___healthy:::21.0,2086,2087,2084,1
7,20261010,pv_author_leaf::Potato___healthy:::32.0,healthy,pv_author_leaf::Potato___healthy:::34.0,pv_author_leaf::Potato___healthy:::7.0,2103,2102,2101,1
7,20261010,pv_author_leaf::Potato___healthy:::35.0,healthy,pv_author_leaf::Potato___healthy:::27.0,pv_author_leaf::Potato___healthy:::6.0,2112,2114,2115,1
7,20261010,pv_author_leaf::Potato___healthy:::38.0,healthy,pv_author_leaf::Potato___healthy:::4.0,pv_author_leaf::Potato___healthy:::30.0,2125,2127,2126,1
8,20261011,pv_author_leaf::Potato___Early_blight:::105.0,Potato___Early_blight,pv_author_leaf::Potato___Early_blight:::196.0,pv_author_leaf::Potato___Early_blight:::65.0,31,29,30,1
8,20261011,pv_author_leaf::Potato___Early_blight:::114.0,Potato___Early_blight,pv_author_leaf::Potato___Early_blight:::210.0,pv_author_leaf::Potato___Early_blight:::2.0,68,71,69,1
8,20261011,pv_author_leaf::Potato___Early_blight:::122.0,Potato___Early_blight,pv_author_leaf::Potato___Early_blight:::35.0,pv_author_leaf::Potato___Early_blight:::45.0,105,106,107,1
8,20261011,pv_author_leaf::Potato___Early_blight:::128.0,Potato___Early_blight,pv_author_leaf::Potato___Early_blight:::224.0,pv_author_leaf::Potato___Early_blight:::208.0,130,131,129,1
8,20261011,pv_author_leaf::Potato___Early_blight:::129.0,Potato___Early_blight,pv_author_leaf::Potato___Early_blight:::75.0,pv_author_leaf::Potato___Early_blight:::95.0,134,135,132,1
8,20261011,pv_author_leaf::Potato___Early_blight:::130.0,Potato___Early_blight,pv_author_leaf::Potato___Early_blight:::82.0,pv_author_leaf::Potato___Early_blight:::111.0,143,140,141,1
8,20261011,pv_author_leaf::Potato___Early_blight:::135.0,Potato___Early_blight,pv_author_leaf::Potato___Early_blight:::93.0,pv_author_leaf::Potato___Early_blight:::170.0,163,161,160,1
8,20261011,pv_author_leaf::Potato___Early_blight:::138.0,Potato___Early_blight,pv_author_leaf::Potato___Early_blight:::6.0,pv_author_leaf::Potato___Early_blight:::99.0,174,173,175,1
8,20261011,pv_author_leaf::Potato___Early_blight:::143.0,Potato___Early_blight,pv_author_leaf::Potato___Early_blight:::118.0,pv_author_leaf::Potato___Early_blight:::158.0,196,198,199,1
8,20261011,pv_author_leaf::Potato___Early_blight:::149.0,Potato___Early_blight,pv_author_leaf::Potato___Early_blight:::154.0,pv_author_leaf::Potato___Early_blight:::168.0,220,223,221,1
8,20261011,pv_author_leaf::Potato___Early_blight:::162.0,Potato___Early_blight,pv_author_leaf::Potato___Early_blight:::123.0,pv_author_leaf::Potato___Early_blight:::109.0,280,282,283,1
8,20261011,pv_author_leaf::Potato___Early_blight:::163.0,Potato___Early_blight,pv_author_leaf::Potato___Early_blight:::68.0,pv_author_leaf::Potato___Early_blight:::157.0,285,286,287,1
8,20261011,pv_author_leaf::Potato___Early_blight:::174.0,Potato___Early_blight,pv_author_leaf::Potato___Early_blight:::211.0,pv_author_leaf::Potato___Early_blight:::52.0,332,333,335,1
8,20261011,pv_author_leaf::Potato___Early_blight:::175.0,Potato___Early_blight,pv_author_leaf::Potato___Early_blight:::156.0,pv_author_leaf::Potato___Early_blight:::11.0,338,336,337,1
8,20261011,pv_author_leaf::Potato___Early_blight:::176.0,Potato___Early_blight,pv_author_leaf::Potato___Early_blight:::89.0,pv_author_leaf::Potato___Early_blight:::100.0,340,342,343,1
8,20261011,pv_author_leaf::Potato___Early_blight:::177.0,Potato___Early_blight,pv_author_leaf::Potato___Early_blight:::140.0,pv_author_leaf::Potato___Early_blight:::246.0,345,344,346,1
8,20261011,pv_author_leaf::Potato___Early_blight:::18.0,Potato___Early_blight,pv_author_leaf::Potato___Early_blight:::146.0,pv_author_leaf::Potato___Early_blight:::10.0,359,358,357,1
8,20261011,pv_author_leaf::Potato___Early_blight:::180.0,Potato___Early_blight,pv_author_leaf::Potato___Early_blight:::225.0,pv_author_leaf::Potato___Early_blight:::36.0,362,360,361,1
8,20261011,pv_author_leaf::Potato___Early_blight:::181.0,Potato___Early_blight,pv_author_leaf::Potato___Early_blight:::28.0,pv_author_leaf::Potato___Early_blight:::206.0,366,364,365,1
8,20261011,pv_author_leaf::Potato___Early_blight:::182.0,Potato___Early_blight,pv_author_leaf::Potato___Early_blight:::173.0,pv_author_leaf::Potato___Early_blight:::194.0,370,371,369,1
8,20261011,pv_author_leaf::Potato___Early_blight:::184.0,Potato___Early_blight,pv_author_leaf::Potato___Early_blight:::193.0,pv_author_leaf::Potato___Early_blight:::120.0,376,379,377,1
8,20261011,pv_author_leaf::Potato___Early_blight:::190.0,Potato___Early_blight,pv_author_leaf::Potato___Early_blight:::44.0,pv_author_leaf::Potato___Early_blight:::142.0,406,404,407,1
8,20261011,pv_author_leaf::Potato___Early_blight:::207.0,Potato___Early_blight,pv_author_leaf::Potato___Early_blight:::112.0,pv_author_leaf::Potato___Early_blight:::134.0,481,482,480,1
8,20261011,pv_author_leaf::Potato___Early_blight:::209.0,Potato___Early_blight,pv_author_leaf::Potato___Early_blight:::178.0,pv_author_leaf::Potato___Early_blight:::189.0,490,489,488,1
8,20261011,pv_author_leaf::Potato___Early_blight:::21.0,Potato___Early_blight,pv_author_leaf::Potato___Early_blight:::235.0,pv_author_leaf::Potato___Early_blight:::8.0,494,495,492,1
8,20261011,pv_author_leaf::Potato___Early_blight:::212.0,Potato___Early_blight,pv_author_leaf::Potato___Early_blight:::160.0,pv_author_leaf::Potato___Early_blight:::166.0,506,504,505,1
8,20261011,pv_author_leaf::Potato___Early_blight:::213.0,Potato___Early_blight,pv_author_leaf::Potato___Early_blight:::230.0,pv_author_leaf::Potato___Early_blight:::126.0,511,509,508,1
8,20261011,pv_author_leaf::Potato___Early_blight:::217.0,Potato___Early_blight,pv_author_leaf::Potato___Early_blight:::191.0,pv_author_leaf::Potato___Early_blight:::165.0,525,527,524,1
8,20261011,pv_author_leaf::Potato___Early_blight:::223.0,Potato___Early_blight,pv_author_leaf::Potato___Early_blight:::159.0,pv_author_leaf::Potato___Early_blight:::69.0,553,555,554,1
8,20261011,pv_author_leaf::Potato___Early_blight:::233.0,Potato___Early_blight,pv_author_leaf::Potato___Early_blight:::61.0,pv_author_leaf::Potato___Early_blight:::169.0,598,596,597,1
8,20261011,pv_author_leaf::Potato___Early_blight:::234.0,Potato___Early_blight,pv_author_leaf::Potato___Early_blight:::94.0,pv_author_leaf::Potato___Early_blight:::205.0,600,601,602,1
8,20261011,pv_author_leaf::Potato___Early_blight:::240.0,Potato___Early_blight,pv_author_leaf::Potato___Early_blight:::29.0,pv_author_leaf::Potato___Early_blight:::229.0,631,628,630,1
8,20261011,pv_author_leaf::Potato___Early_blight:::242.0,Potato___Early_blight,pv_author_leaf::Potato___Early_blight:::245.0,pv_author_leaf::Potato___Early_blight:::125.0,637,636,638,1
8,20261011,pv_author_leaf::Potato___Early_blight:::25.0,Potato___Early_blight,pv_author_leaf::Potato___Early_blight:::179.0,pv_author_leaf::Potato___Early_blight:::237.0,671,669,670,1
8,20261011,pv_author_leaf::Potato___Early_blight:::30.0,Potato___Early_blight,pv_author_leaf::Potato___Early_blight:::183.0,pv_author_leaf::Potato___Early_blight:::13.0,697,696,698,1
8,20261011,pv_author_leaf::Potato___Early_blight:::34.0,Potato___Early_blight,pv_author_leaf::Potato___Early_blight:::51.0,pv_author_leaf::Potato___Early_blight:::31.0,713,714,715,1
8,20261011,pv_author_leaf::Potato___Early_blight:::42.0,Potato___Early_blight,pv_author_leaf::Potato___Early_blight:::47.0,pv_author_leaf::Potato___Early_blight:::77.0,749,750,751,1
8,20261011,pv_author_leaf::Potato___Early_blight:::48.0,Potato___Early_blight,pv_author_leaf::Potato___Early_blight:::19.0,pv_author_leaf::Potato___Early_blight:::57.0,774,772,773,1
8,20261011,pv_author_leaf::Potato___Early_blight:::49.0,Potato___Early_blight,pv_author_leaf::Potato___Early_blight:::63.0,pv_author_leaf::Potato___Early_blight:::121.0,779,778,776,1
8,20261011,pv_author_leaf::Potato___Early_blight:::50.0,Potato___Early_blight,pv_author_leaf::Potato___Early_blight:::198.0,pv_author_leaf::Potato___Early_blight:::192.0,785,786,787,1
8,20261011,pv_author_leaf::Potato___Early_blight:::53.0,Potato___Early_blight,pv_author_leaf::Potato___Early_blight:::79.0,pv_author_leaf::Potato___Early_blight:::231.0,799,797,798,1
8,20261011,pv_author_leaf::Potato___Early_blight:::55.0,Potato___Early_blight,pv_author_leaf::Potato___Early_blight:::214.0,pv_author_leaf::Potato___Early_blight:::102.0,804,805,807,1
8,20261011,pv_author_leaf::Potato___Early_blight:::56.0,Potato___Early_blight,pv_author_leaf::Potato___Early_blight:::37.0,pv_author_leaf::Potato___Early_blight:::147.0,808,809,811,1
8,20261011,pv_author_leaf::Potato___Early_blight:::59.0,Potato___Early_blight,pv_author_leaf::Potato___Early_blight:::72.0,pv_author_leaf::Potato___Early_blight:::239.0,823,822,821,1
8,20261011,pv_author_leaf::Potato___Early_blight:::60.0,Potato___Early_blight,pv_author_leaf::Potato___Early_blight:::98.0,pv_author_leaf::Potato___Early_blight:::136.0,828,829,831,1
8,20261011,pv_author_leaf::Potato___Early_blight:::62.0,Potato___Early_blight,pv_author_leaf::Potato___Early_blight:::215.0,pv_author_leaf::Potato___Early_blight:::74.0,837,836,839,1
8,20261011,pv_author_leaf::Potato___Early_blight:::81.0,Potato___Early_blight,pv_author_leaf::Potato___Early_blight:::104.0,pv_author_leaf::Potato___Early_blight:::87.0,923,922,921,1
8,20261011,pv_author_leaf::Potato___Early_blight:::90.0,Potato___Early_blight,pv_author_leaf::Potato___Early_blight:::46.0,pv_author_leaf::Potato___Early_blight:::226.0,963,962,961,1
8,20261011,pv_author_leaf::Potato___Early_blight:::91.0,Potato___Early_blight,pv_author_leaf::Potato___Early_blight:::70.0,pv_author_leaf::Potato___Early_blight:::164.0,967,964,966,1
8,20261011,pv_author_leaf::Potato___Early_blight:::92.0,Potato___Early_blight,pv_author_leaf::Potato___Early_blight:::115.0,pv_author_leaf::Potato___Early_blight:::71.0,971,968,969,1
8,20261011,pv_author_leaf::Potato___Late_blight:::10.0,Potato___Late_blight,pv_author_leaf::Potato___Late_blight:::34.0,pv_author_leaf::Potato___Late_blight:::158.0,1004,1007,1006,1
8,20261011,pv_author_leaf::Potato___Late_blight:::100.0,Potato___Late_blight,pv_author_leaf::Potato___Late_blight:::88.0,pv_author_leaf::Potato___Late_blight:::234.0,1011,1010,1009,1
8,20261011,pv_author_leaf::Potato___Late_blight:::101.0,Potato___Late_blight,pv_author_leaf::Potato___Late_blight:::196.0,pv_author_leaf::Potato___Late_blight:::16.0,1014,1012,1013,1
8,20261011,pv_author_leaf::Potato___Late_blight:::102.0,Potato___Late_blight,pv_author_leaf::Potato___Late_blight:::93.0,pv_author_leaf::Potato___Late_blight:::23.0,1019,1018,1016,1
8,20261011,pv_author_leaf::Potato___Late_blight:::106.0,Potato___Late_blight,pv_author_leaf::Potato___Late_blight:::77.0,pv_author_leaf::Potato___Late_blight:::47.0,1034,1035,1032,1
8,20261011,pv_author_leaf::Potato___Late_blight:::108.0,Potato___Late_blight,pv_author_leaf::Potato___Late_blight:::124.0,pv_author_leaf::Potato___Late_blight:::59.0,1040,1041,1043,1
8,20261011,pv_author_leaf::Potato___Late_blight:::110.0,Potato___Late_blight,pv_author_leaf::Potato___Late_blight:::107.0,pv_author_leaf::Potato___Late_blight:::140.0,1055,1052,1054,1
8,20261011,pv_author_leaf::Potato___Late_blight:::114.0,Potato___Late_blight,pv_author_leaf::Potato___Late_blight:::136.0,pv_author_leaf::Potato___Late_blight:::240.0,1068,1070,1069,1
8,20261011,pv_author_leaf::Potato___Late_blight:::115.0,Potato___Late_blight,pv_author_leaf::Potato___Late_blight:::221.0,pv_author_leaf::Potato___Late_blight:::237.0,1072,1075,1074,1
8,20261011,pv_author_leaf::Potato___Late_blight:::119.0,Potato___Late_blight,pv_author_leaf::Potato___Late_blight:::39.0,pv_author_leaf::Potato___Late_blight:::171.0,1091,1088,1089,1
8,20261011,pv_author_leaf::Potato___Late_blight:::129.0,Potato___Late_blight,pv_author_leaf::Potato___Late_blight:::127.0,pv_author_leaf::Potato___Late_blight:::3.0,1135,1133,1132,1
8,20261011,pv_author_leaf::Potato___Late_blight:::132.0,Potato___Late_blight,pv_author_leaf::Potato___Late_blight:::173.0,pv_author_leaf::Potato___Late_blight:::80.0,1150,1149,1148,1
8,20261011,pv_author_leaf::Potato___Late_blight:::137.0,Potato___Late_blight,pv_author_leaf::Potato___Late_blight:::166.0,pv_author_leaf::Potato___Late_blight:::244.0,1169,1170,1168,1
8,20261011,pv_author_leaf::Potato___Late_blight:::14.0,Potato___Late_blight,pv_author_leaf::Potato___Late_blight:::43.0,pv_author_leaf::Potato___Late_blight:::85.0,1180,1181,1182,1
8,20261011,pv_author_leaf::Potato___Late_blight:::146.0,Potato___Late_blight,pv_author_leaf::Potato___Late_blight:::89.0,pv_author_leaf::Potato___Late_blight:::145.0,1209,1211,1208,1
8,20261011,pv_author_leaf::Potato___Late_blight:::149.0,Potato___Late_blight,pv_author_leaf::Potato___Late_blight:::5.0,pv_author_leaf::Potato___Late_blight:::206.0,1221,1223,1222,1
8,20261011,pv_author_leaf::Potato___Late_blight:::15.0,Potato___Late_blight,pv_author_leaf::Potato___Late_blight:::176.0,pv_author_leaf::Potato___Late_blight:::27.0,1226,1227,1224,1
8,20261011,pv_author_leaf::Potato___Late_blight:::152.0,Potato___Late_blight,pv_author_leaf::Potato___Late_blight:::219.0,pv_author_leaf::Potato___Late_blight:::41.0,1239,1237,1238,1
8,20261011,pv_author_leaf::Potato___Late_blight:::154.0,Potato___Late_blight,pv_author_leaf::Potato___Late_blight:::7.0,pv_author_leaf::Potato___Late_blight:::205.0,1246,1245,1247,1
8,20261011,pv_author_leaf::Potato___Late_blight:::156.0,Potato___Late_blight,pv_author_leaf::Potato___Late_blight:::92.0,pv_author_leaf::Potato___Late_blight:::33.0,1254,1253,1252,1
8,20261011,pv_author_leaf::Potato___Late_blight:::169.0,Potato___Late_blight,pv_author_leaf::Potato___Late_blight:::75.0,pv_author_leaf::Potato___Late_blight:::211.0,1310,1311,1309,1
8,20261011,pv_author_leaf::Potato___Late_blight:::172.0,Potato___Late_blight,pv_author_leaf::Potato___Late_blight:::192.0,pv_author_leaf::Potato___Late_blight:::71.0,1324,1327,1325,1
8,20261011,pv_author_leaf::Potato___Late_blight:::184.0,Potato___Late_blight,pv_author_leaf::Potato___Late_blight:::48.0,pv_author_leaf::Potato___Late_blight:::236.0,1377,1378,1376,1
8,20261011,pv_author_leaf::Potato___Late_blight:::185.0,Potato___Late_blight,pv_author_leaf::Potato___Late_blight:::35.0,pv_author_leaf::Potato___Late_blight:::1.0,1383,1381,1382,1
8,20261011,pv_author_leaf::Potato___Late_blight:::188.0,Potato___Late_blight,pv_author_leaf::Potato___Late_blight:::49.0,pv_author_leaf::Potato___Late_blight:::118.0,1392,1393,1395,1
8,20261011,pv_author_leaf::Potato___Late_blight:::190.0,Potato___Late_blight,pv_author_leaf::Potato___Late_blight:::222.0,pv_author_leaf::Potato___Late_blight:::182.0,1407,1406,1404,1
8,20261011,pv_author_leaf::Potato___Late_blight:::209.0,Potato___Late_blight,pv_author_leaf::Potato___Late_blight:::150.0,pv_author_leaf::Potato___Late_blight:::218.0,1489,1491,1490,1
8,20261011,pv_author_leaf::Potato___Late_blight:::210.0,Potato___Late_blight,pv_author_leaf::Potato___Late_blight:::133.0,pv_author_leaf::Potato___Late_blight:::215.0,1499,1496,1497,1
8,20261011,pv_author_leaf::Potato___Late_blight:::220.0,Potato___Late_blight,pv_author_leaf::Potato___Late_blight:::141.0,pv_author_leaf::Potato___Late_blight:::126.0,1543,1540,1542,1
8,20261011,pv_author_leaf::Potato___Late_blight:::223.0,Potato___Late_blight,pv_author_leaf::Potato___Late_blight:::187.0,pv_author_leaf::Potato___Late_blight:::21.0,1554,1552,1555,1
8,20261011,pv_author_leaf::Potato___Late_blight:::226.0,Potato___Late_blight,pv_author_leaf::Potato___Late_blight:::239.0,pv_author_leaf::Potato___Late_blight:::235.0,1564,1566,1565,1
8,20261011,pv_author_leaf::Potato___Late_blight:::229.0,Potato___Late_blight,pv_author_leaf::Potato___Late_blight:::54.0,pv_author_leaf::Potato___Late_blight:::231.0,1579,1578,1576,1
8,20261011,pv_author_leaf::Potato___Late_blight:::233.0,Potato___Late_blight,pv_author_leaf::Potato___Late_blight:::198.0,pv_author_leaf::Potato___Late_blight:::193.0,1599,1598,1597,1
8,20261011,pv_author_leaf::Potato___Late_blight:::24.0,Potato___Late_blight,pv_author_leaf::Potato___Late_blight:::230.0,pv_author_leaf::Potato___Late_blight:::58.0,1627,1624,1626,1
8,20261011,pv_author_leaf::Potato___Late_blight:::242.0,Potato___Late_blight,pv_author_leaf::Potato___Late_blight:::147.0,pv_author_leaf::Potato___Late_blight:::79.0,1638,1636,1637,1
8,20261011,pv_author_leaf::Potato___Late_blight:::246.0,Potato___Late_blight,pv_author_leaf::Potato___Late_blight:::157.0,pv_author_leaf::Potato___Late_blight:::153.0,1653,1655,1652,1
8,20261011,pv_author_leaf::Potato___Late_blight:::250.0,Potato___Late_blight,pv_author_leaf::Potato___Late_blight:::159.0,pv_author_leaf::Potato___Late_blight:::55.0,1672,1675,1673,1
8,20261011,pv_author_leaf::Potato___Late_blight:::28.0,Potato___Late_blight,pv_author_leaf::Potato___Late_blight:::201.0,pv_author_leaf::Potato___Late_blight:::214.0,1686,1685,1687,1
8,20261011,pv_author_leaf::Potato___Late_blight:::29.0,Potato___Late_blight,pv_author_leaf::Potato___Late_blight:::189.0,pv_author_leaf::Potato___Late_blight:::162.0,1690,1689,1688,1
8,20261011,pv_author_leaf::Potato___Late_blight:::30.0,Potato___Late_blight,pv_author_leaf::Potato___Late_blight:::51.0,pv_author_leaf::Potato___Late_blight:::22.0,1697,1699,1696,1
8,20261011,pv_author_leaf::Potato___Late_blight:::38.0,Potato___Late_blight,pv_author_leaf::Potato___Late_blight:::138.0,pv_author_leaf::Potato___Late_blight:::202.0,1729,1731,1728,1
8,20261011,pv_author_leaf::Potato___Late_blight:::46.0,Potato___Late_blight,pv_author_leaf::Potato___Late_blight:::155.0,pv_author_leaf::Potato___Late_blight:::109.0,1764,1766,1765,1
8,20261011,pv_author_leaf::Potato___Late_blight:::62.0,Potato___Late_blight,pv_author_leaf::Potato___Late_blight:::103.0,pv_author_leaf::Potato___Late_blight:::160.0,1839,1837,1836,1
8,20261011,pv_author_leaf::Potato___Late_blight:::64.0,Potato___Late_blight,pv_author_leaf::Potato___Late_blight:::191.0,pv_author_leaf::Potato___Late_blight:::204.0,1845,1844,1846,1
8,20261011,pv_author_leaf::Potato___Late_blight:::69.0,Potato___Late_blight,pv_author_leaf::Potato___Late_blight:::144.0,pv_author_leaf::Potato___Late_blight:::31.0,1867,1865,1866,1
8,20261011,pv_author_leaf::Potato___Late_blight:::70.0,Potato___Late_blight,pv_author_leaf::Potato___Late_blight:::228.0,pv_author_leaf::Potato___Late_blight:::249.0,1874,1873,1875,1
8,20261011,pv_author_leaf::Potato___Late_blight:::84.0,Potato___Late_blight,pv_author_leaf::Potato___Late_blight:::87.0,pv_author_leaf::Potato___Late_blight:::20.0,1935,1934,1933,1
8,20261011,pv_author_leaf::Potato___Late_blight:::94.0,Potato___Late_blight,pv_author_leaf::Potato___Late_blight:::91.0,pv_author_leaf::Potato___Late_blight:::105.0,1976,1978,1979,1
8,20261011,pv_author_leaf::Potato___Late_blight:::97.0,Potato___Late_blight,pv_author_leaf::Potato___Late_blight:::74.0,pv_author_leaf::Potato___Late_blight:::4.0,1989,1990,1988,1
8,20261011,pv_author_leaf::Potato___Late_blight:::99.0,Potato___Late_blight,pv_author_leaf::Potato___Late_blight:::90.0,pv_author_leaf::Potato___Late_blight:::120.0,1997,1999,1996,1
8,20261011,pv_author_leaf::Potato___healthy:::12.0,healthy,pv_author_leaf::Potato___healthy:::22.0,pv_author_leaf::Potato___healthy:::27.0,2012,2014,2013,1
8,20261011,pv_author_leaf::Potato___healthy:::14.0,healthy,pv_author_leaf::Potato___healthy:::20.0,pv_author_leaf::Potato___healthy:::33.0,2020,2023,2022,1
8,20261011,pv_author_leaf::Potato___healthy:::23.0,healthy,pv_author_leaf::Potato___healthy:::29.0,pv_author_leaf::Potato___healthy:::17.0,2063,2061,2062,1
8,20261011,pv_author_leaf::Potato___healthy:::28.0,healthy,pv_author_leaf::Potato___healthy:::18.0,pv_author_leaf::Potato___healthy:::25.0,2082,2080,2083,1
8,20261011,pv_author_leaf::Potato___healthy:::35.0,healthy,pv_author_leaf::Potato___healthy:::9.0,pv_author_leaf::Potato___healthy:::24.0,2115,2113,2112,1
8,20261011,pv_author_leaf::Potato___healthy:::38.0,healthy,pv_author_leaf::Potato___healthy:::32.0,pv_author_leaf::Potato___healthy:::37.0,2124,2127,2125,1
8,20261011,pv_author_leaf::Potato___healthy:::4.0,healthy,pv_author_leaf::Potato___healthy:::36.0,pv_author_leaf::Potato___healthy:::16.0,2130,2129,2128,1
8,20261011,pv_author_leaf::Potato___healthy:::8.0,healthy,pv_author_leaf::Potato___healthy:::15.0,pv_author_leaf::Potato___healthy:::6.0,2144,2146,2145,1
9,20261012,pv_author_leaf::Potato___Early_blight:::101.0,Potato___Early_blight,pv_author_leaf::Potato___Early_blight:::136.0,pv_author_leaf::Potato___Early_blight:::232.0,13,14,12,1
9,20261012,pv_author_leaf::Potato___Early_blight:::106.0,Potato___Early_blight,pv_author_leaf::Potato___Early_blight:::72.0,pv_author_leaf::Potato___Early_blight:::168.0,32,34,35,1
9,20261012,pv_author_leaf::Potato___Early_blight:::116.0,Potato___Early_blight,pv_author_leaf::Potato___Early_blight:::186.0,pv_author_leaf::Potato___Early_blight:::75.0,76,77,78,1
9,20261012,pv_author_leaf::Potato___Early_blight:::117.0,Potato___Early_blight,pv_author_leaf::Potato___Early_blight:::47.0,pv_author_leaf::Potato___Early_blight:::238.0,83,80,81,1
9,20261012,pv_author_leaf::Potato___Early_blight:::119.0,Potato___Early_blight,pv_author_leaf::Potato___Early_blight:::236.0,pv_author_leaf::Potato___Early_blight:::89.0,90,88,89,1
9,20261012,pv_author_leaf::Potato___Early_blight:::12.0,Potato___Early_blight,pv_author_leaf::Potato___Early_blight:::148.0,pv_author_leaf::Potato___Early_blight:::145.0,92,95,93,1
9,20261012,pv_author_leaf::Potato___Early_blight:::120.0,Potato___Early_blight,pv_author_leaf::Potato___Early_blight:::204.0,pv_author_leaf::Potato___Early_blight:::42.0,96,98,97,1
9,20261012,pv_author_leaf::Potato___Early_blight:::123.0,Potato___Early_blight,pv_author_leaf::Potato___Early_blight:::191.0,pv_author_leaf::Potato___Early_blight:::109.0,110,109,108,1
9,20261012,pv_author_leaf::Potato___Early_blight:::124.0,Potato___Early_blight,pv_author_leaf::Potato___Early_blight:::4.0,pv_author_leaf::Potato___Early_blight:::93.0,112,114,115,1
9,20261012,pv_author_leaf::Potato___Early_blight:::129.0,Potato___Early_blight,pv_author_leaf::Potato___Early_blight:::41.0,pv_author_leaf::Potato___Early_blight:::27.0,134,133,135,1
9,20261012,pv_author_leaf::Potato___Early_blight:::131.0,Potato___Early_blight,pv_author_leaf::Potato___Early_blight:::162.0,pv_author_leaf::Potato___Early_blight:::152.0,145,144,146,1
9,20261012,pv_author_leaf::Potato___Early_blight:::137.0,Potato___Early_blight,pv_author_leaf::Potato___Early_blight:::215.0,pv_author_leaf::Potato___Early_blight:::220.0,171,168,169,1
9,20261012,pv_author_leaf::Potato___Early_blight:::138.0,Potato___Early_blight,pv_author_leaf::Potato___Early_blight:::198.0,pv_author_leaf::Potato___Early_blight:::62.0,174,175,172,1
9,20261012,pv_author_leaf::Potato___Early_blight:::14.0,Potato___Early_blight,pv_author_leaf::Potato___Early_blight:::243.0,pv_author_leaf::Potato___Early_blight:::32.0,182,180,181,1
9,20261012,pv_author_leaf::Potato___Early_blight:::140.0,Potato___Early_blight,pv_author_leaf::Potato___Early_blight:::19.0,pv_author_leaf::Potato___Early_blight:::146.0,184,187,185,1
9,20261012,pv_author_leaf::Potato___Early_blight:::158.0,Potato___Early_blight,pv_author_leaf::Potato___Early_blight:::130.0,pv_author_leaf::Potato___Early_blight:::125.0,261,263,260,1
9,20261012,pv_author_leaf::Potato___Early_blight:::16.0,Potato___Early_blight,pv_author_leaf::Potato___Early_blight:::11.0,pv_author_leaf::Potato___Early_blight:::133.0,269,270,271,1
9,20261012,pv_author_leaf::Potato___Early_blight:::163.0,Potato___Early_blight,pv_author_leaf::Potato___Early_blight:::175.0,pv_author_leaf::Potato___Early_blight:::100.0,285,287,286,1
9,20261012,pv_author_leaf::Potato___Early_blight:::169.0,Potato___Early_blight,pv_author_leaf::Potato___Early_blight:::242.0,pv_author_leaf::Potato___Early_blight:::9.0,308,311,309,1
9,20261012,pv_author_leaf::Potato___Early_blight:::177.0,Potato___Early_blight,pv_author_leaf::Potato___Early_blight:::6.0,pv_author_leaf::Potato___Early_blight:::95.0,345,347,344,1
9,20261012,pv_author_leaf::Potato___Early_blight:::187.0,Potato___Early_blight,pv_author_leaf::Potato___Early_blight:::94.0,pv_author_leaf::Potato___Early_blight:::218.0,388,391,389,1
9,20261012,pv_author_leaf::Potato___Early_blight:::194.0,Potato___Early_blight,pv_author_leaf::Potato___Early_blight:::166.0,pv_author_leaf::Potato___Early_blight:::159.0,422,423,420,1
9,20261012,pv_author_leaf::Potato___Early_blight:::195.0,Potato___Early_blight,pv_author_leaf::Potato___Early_blight:::71.0,pv_author_leaf::Potato___Early_blight:::85.0,427,426,425,1
9,20261012,pv_author_leaf::Potato___Early_blight:::197.0,Potato___Early_blight,pv_author_leaf::Potato___Early_blight:::108.0,pv_author_leaf::Potato___Early_blight:::206.0,432,434,435,1
9,20261012,pv_author_leaf::Potato___Early_blight:::202.0,Potato___Early_blight,pv_author_leaf::Potato___Early_blight:::167.0,pv_author_leaf::Potato___Early_blight:::246.0,463,462,460,1
9,20261012,pv_author_leaf::Potato___Early_blight:::213.0,Potato___Early_blight,pv_author_leaf::Potato___Early_blight:::161.0,pv_author_leaf::Potato___Early_blight:::205.0,510,511,508,1
9,20261012,pv_author_leaf::Potato___Early_blight:::22.0,Potato___Early_blight,pv_author_leaf::Potato___Early_blight:::221.0,pv_author_leaf::Potato___Early_blight:::189.0,538,539,537,1
9,20261012,pv_author_leaf::Potato___Early_blight:::222.0,Potato___Early_blight,pv_author_leaf::Potato___Early_blight:::227.0,pv_author_leaf::Potato___Early_blight:::149.0,549,548,551,1
9,20261012,pv_author_leaf::Potato___Early_blight:::224.0,Potato___Early_blight,pv_author_leaf::Potato___Early_blight:::150.0,pv_author_leaf::Potato___Early_blight:::139.0,556,558,557,1
9,20261012,pv_author_leaf::Potato___Early_blight:::225.0,Potato___Early_blight,pv_author_leaf::Potato___Early_blight:::247.0,pv_author_leaf::Potato___Early_blight:::52.0,560,563,562,1
9,20261012,pv_author_leaf::Potato___Early_blight:::229.0,Potato___Early_blight,pv_author_leaf::Potato___Early_blight:::68.0,pv_author_leaf::Potato___Early_blight:::201.0,577,578,579,1
9,20261012,pv_author_leaf::Potato___Early_blight:::23.0,Potato___Early_blight,pv_author_leaf::Potato___Early_blight:::170.0,pv_author_leaf::Potato___Early_blight:::24.0,582,581,580,1
9,20261012,pv_author_leaf::Potato___Early_blight:::249.0,Potato___Early_blight,pv_author_leaf::Potato___Early_blight:::99.0,pv_author_leaf::Potato___Early_blight:::178.0,664,666,665,1
9,20261012,pv_author_leaf::Potato___Early_blight:::250.0,Potato___Early_blight,pv_author_leaf::Potato___Early_blight:::174.0,pv_author_leaf::Potato___Early_blight:::193.0,672,675,673,1
9,20261012,pv_author_leaf::Potato___Early_blight:::35.0,Potato___Early_blight,pv_author_leaf::Potato___Early_blight:::5.0,pv_author_leaf::Potato___Early_blight:::126.0,716,718,717,1
9,20261012,pv_author_leaf::Potato___Early_blight:::37.0,Potato___Early_blight,pv_author_leaf::Potato___Early_blight:::114.0,pv_author_leaf::Potato___Early_blight:::59.0,725,724,727,1
9,20261012,pv_author_leaf::Potato___Early_blight:::38.0,Potato___Early_blight,pv_author_leaf::Potato___Early_blight:::17.0,pv_author_leaf::Potato___Early_blight:::28.0,728,729,730,1
9,20261012,pv_author_leaf::Potato___Early_blight:::40.0,Potato___Early_blight,pv_author_leaf::Potato___Early_blight:::223.0,pv_author_leaf::Potato___Early_blight:::44.0,743,741,742,1
9,20261012,pv_author_leaf::Potato___Early_blight:::45.0,Potato___Early_blight,pv_author_leaf::Potato___Early_blight:::91.0,pv_author_leaf::Potato___Early_blight:::74.0,762,763,760,1
9,20261012,pv_author_leaf::Potato___Early_blight:::48.0,Potato___Early_blight,pv_author_leaf::Potato___Early_blight:::20.0,pv_author_leaf::Potato___Early_blight:::199.0,775,772,773,1
9,20261012,pv_author_leaf::Potato___Early_blight:::51.0,Potato___Early_blight,pv_author_leaf::Potato___Early_blight:::113.0,pv_author_leaf::Potato___Early_blight:::26.0,790,789,791,1
9,20261012,pv_author_leaf::Potato___Early_blight:::54.0,Potato___Early_blight,pv_author_leaf::Potato___Early_blight:::98.0,pv_author_leaf::Potato___Early_blight:::217.0,801,800,803,1
9,20261012,pv_author_leaf::Potato___Early_blight:::57.0,Potato___Early_blight,pv_author_leaf::Potato___Early_blight:::8.0,pv_author_leaf::Potato___Early_blight:::70.0,815,813,812,1
9,20261012,pv_author_leaf::Potato___Early_blight:::63.0,Potato___Early_blight,pv_author_leaf::Potato___Early_blight:::239.0,pv_author_leaf::Potato___Early_blight:::231.0,841,843,842,1
9,20261012,pv_author_leaf::Potato___Early_blight:::64.0,Potato___Early_blight,pv_author_leaf::Potato___Early_blight:::141.0,pv_author_leaf::Potato___Early_blight:::135.0,844,845,847,1
9,20261012,pv_author_leaf::Potato___Early_blight:::77.0,Potato___Early_blight,pv_author_leaf::Potato___Early_blight:::121.0,pv_author_leaf::Potato___Early_blight:::30.0,901,902,900,1
9,20261012,pv_author_leaf::Potato___Early_blight:::80.0,Potato___Early_blight,pv_author_leaf::Potato___Early_blight:::154.0,pv_author_leaf::Potato___Early_blight:::122.0,916,918,917,1
9,20261012,pv_author_leaf::Potato___Early_blight:::81.0,Potato___Early_blight,pv_author_leaf::Potato___Early_blight:::156.0,pv_author_leaf::Potato___Early_blight:::180.0,922,923,921,1
9,20261012,pv_author_leaf::Potato___Early_blight:::90.0,Potato___Early_blight,pv_author_leaf::Potato___Early_blight:::50.0,pv_author_leaf::Potato___Early_blight:::203.0,961,963,960,1
9,20261012,pv_author_leaf::Potato___Early_blight:::92.0,Potato___Early_blight,pv_author_leaf::Potato___Early_blight:::56.0,pv_author_leaf::Potato___Early_blight:::147.0,971,969,968,1
9,20261012,pv_author_leaf::Potato___Late_blight:::109.0,Potato___Late_blight,pv_author_leaf::Potato___Late_blight:::231.0,pv_author_leaf::Potato___Late_blight:::115.0,1046,1044,1047,1
9,20261012,pv_author_leaf::Potato___Late_blight:::113.0,Potato___Late_blight,pv_author_leaf::Potato___Late_blight:::5.0,pv_author_leaf::Potato___Late_blight:::178.0,1064,1066,1067,1
9,20261012,pv_author_leaf::Potato___Late_blight:::118.0,Potato___Late_blight,pv_author_leaf::Potato___Late_blight:::229.0,pv_author_leaf::Potato___Late_blight:::26.0,1086,1087,1085,1
9,20261012,pv_author_leaf::Potato___Late_blight:::121.0,Potato___Late_blight,pv_author_leaf::Potato___Late_blight:::138.0,pv_author_leaf::Potato___Late_blight:::11.0,1103,1100,1101,1
9,20261012,pv_author_leaf::Potato___Late_blight:::126.0,Potato___Late_blight,pv_author_leaf::Potato___Late_blight:::39.0,pv_author_leaf::Potato___Late_blight:::106.0,1122,1121,1123,1
9,20261012,pv_author_leaf::Potato___Late_blight:::128.0,Potato___Late_blight,pv_author_leaf::Potato___Late_blight:::61.0,pv_author_leaf::Potato___Late_blight:::56.0,1128,1131,1129,1
9,20261012,pv_author_leaf::Potato___Late_blight:::130.0,Potato___Late_blight,pv_author_leaf::Potato___Late_blight:::79.0,pv_author_leaf::Potato___Late_blight:::10.0,1140,1143,1141,1
9,20261012,pv_author_leaf::Potato___Late_blight:::131.0,Potato___Late_blight,pv_author_leaf::Potato___Late_blight:::19.0,pv_author_leaf::Potato___Late_blight:::111.0,1147,1146,1145,1
9,20261012,pv_author_leaf::Potato___Late_blight:::136.0,Potato___Late_blight,pv_author_leaf::Potato___Late_blight:::207.0,pv_author_leaf::Potato___Late_blight:::234.0,1165,1167,1166,1
9,20261012,pv_author_leaf::Potato___Late_blight:::142.0,Potato___Late_blight,pv_author_leaf::Potato___Late_blight:::216.0,pv_author_leaf::Potato___Late_blight:::125.0,1194,1192,1195,1
9,20261012,pv_author_leaf::Potato___Late_blight:::144.0,Potato___Late_blight,pv_author_leaf::Potato___Late_blight:::236.0,pv_author_leaf::Potato___Late_blight:::147.0,1202,1201,1203,1
9,20261012,pv_author_leaf::Potato___Late_blight:::149.0,Potato___Late_blight,pv_author_leaf::Potato___Late_blight:::31.0,pv_author_leaf::Potato___Late_blight:::88.0,1222,1221,1220,1
9,20261012,pv_author_leaf::Potato___Late_blight:::15.0,Potato___Late_blight,pv_author_leaf::Potato___Late_blight:::244.0,pv_author_leaf::Potato___Late_blight:::127.0,1224,1227,1226,1
9,20261012,pv_author_leaf::Potato___Late_blight:::151.0,Potato___Late_blight,pv_author_leaf::Potato___Late_blight:::169.0,pv_author_leaf::Potato___Late_blight:::75.0,1234,1235,1232,1
9,20261012,pv_author_leaf::Potato___Late_blight:::154.0,Potato___Late_blight,pv_author_leaf::Potato___Late_blight:::92.0,pv_author_leaf::Potato___Late_blight:::81.0,1244,1245,1246,1
9,20261012,pv_author_leaf::Potato___Late_blight:::170.0,Potato___Late_blight,pv_author_leaf::Potato___Late_blight:::166.0,pv_author_leaf::Potato___Late_blight:::119.0,1319,1317,1316,1
9,20261012,pv_author_leaf::Potato___Late_blight:::174.0,Potato___Late_blight,pv_author_leaf::Potato___Late_blight:::100.0,pv_author_leaf::Potato___Late_blight:::62.0,1332,1335,1334,1
9,20261012,pv_author_leaf::Potato___Late_blight:::179.0,Potato___Late_blight,pv_author_leaf::Potato___Late_blight:::83.0,pv_author_leaf::Potato___Late_blight:::102.0,1355,1352,1353,1
9,20261012,pv_author_leaf::Potato___Late_blight:::180.0,Potato___Late_blight,pv_author_leaf::Potato___Late_blight:::72.0,pv_author_leaf::Potato___Late_blight:::157.0,1363,1360,1361,1
9,20261012,pv_author_leaf::Potato___Late_blight:::182.0,Potato___Late_blight,pv_author_leaf::Potato___Late_blight:::191.0,pv_author_leaf::Potato___Late_blight:::8.0,1371,1369,1368,1
9,20261012,pv_author_leaf::Potato___Late_blight:::185.0,Potato___Late_blight,pv_author_leaf::Potato___Late_blight:::208.0,pv_author_leaf::Potato___Late_blight:::218.0,1383,1381,1382,1
9,20261012,pv_author_leaf::Potato___Late_blight:::186.0,Potato___Late_blight,pv_author_leaf::Potato___Late_blight:::71.0,pv_author_leaf::Potato___Late_blight:::226.0,1384,1387,1385,1
9,20261012,pv_author_leaf::Potato___Late_blight:::195.0,Potato___Late_blight,pv_author_leaf::Potato___Late_blight:::95.0,pv_author_leaf::Potato___Late_blight:::107.0,1425,1426,1424,1
9,20261012,pv_author_leaf::Potato___Late_blight:::20.0,Potato___Late_blight,pv_author_leaf::Potato___Late_blight:::129.0,pv_author_leaf::Potato___Late_blight:::212.0,1448,1450,1449,1
9,20261012,pv_author_leaf::Potato___Late_blight:::201.0,Potato___Late_blight,pv_author_leaf::Potato___Late_blight:::124.0,pv_author_leaf::Potato___Late_blight:::152.0,1458,1457,1456,1
9,20261012,pv_author_leaf::Potato___Late_blight:::202.0,Potato___Late_blight,pv_author_leaf::Potato___Late_blight:::34.0,pv_author_leaf::Potato___Late_blight:::16.0,1463,1462,1460,1
9,20261012,pv_author_leaf::Potato___Late_blight:::210.0,Potato___Late_blight,pv_author_leaf::Potato___Late_blight:::141.0,pv_author_leaf::Potato___Late_blight:::41.0,1496,1499,1497,1
9,20261012,pv_author_leaf::Potato___Late_blight:::22.0,Potato___Late_blight,pv_author_leaf::Potato___Late_blight:::93.0,pv_author_leaf::Potato___Late_blight:::123.0,1537,1539,1538,1
9,20261012,pv_author_leaf::Potato___Late_blight:::225.0,Potato___Late_blight,pv_author_leaf::Potato___Late_blight:::45.0,pv_author_leaf::Potato___Late_blight:::35.0,1560,1563,1561,1
9,20261012,pv_author_leaf::Potato___Late_blight:::228.0,Potato___Late_blight,pv_author_leaf::Potato___Late_blight:::112.0,pv_author_leaf::Potato___Late_blight:::23.0,1573,1574,1575,1
9,20261012,pv_author_leaf::Potato___Late_blight:::241.0,Potato___Late_blight,pv_author_leaf::Potato___Late_blight:::89.0,pv_author_leaf::Potato___Late_blight:::114.0,1635,1633,1634,1
9,20261012,pv_author_leaf::Potato___Late_blight:::245.0,Potato___Late_blight,pv_author_leaf::Potato___Late_blight:::168.0,pv_author_leaf::Potato___Late_blight:::247.0,1650,1648,1649,1
9,20261012,pv_author_leaf::Potato___Late_blight:::249.0,Potato___Late_blight,pv_author_leaf::Potato___Late_blight:::17.0,pv_author_leaf::Potato___Late_blight:::160.0,1667,1664,1666,1
9,20261012,pv_author_leaf::Potato___Late_blight:::250.0,Potato___Late_blight,pv_author_leaf::Potato___Late_blight:::90.0,pv_author_leaf::Potato___Late_blight:::99.0,1672,1673,1675,1
9,20261012,pv_author_leaf::Potato___Late_blight:::27.0,Potato___Late_blight,pv_author_leaf::Potato___Late_blight:::44.0,pv_author_leaf::Potato___Late_blight:::76.0,1680,1682,1683,1
9,20261012,pv_author_leaf::Potato___Late_blight:::29.0,Potato___Late_blight,pv_author_leaf::Potato___Late_blight:::159.0,pv_author_leaf::Potato___Late_blight:::65.0,1691,1689,1688,1
9,20261012,pv_author_leaf::Potato___Late_blight:::3.0,Potato___Late_blight,pv_author_leaf::Potato___Late_blight:::220.0,pv_author_leaf::Potato___Late_blight:::183.0,1692,1693,1695,1
9,20261012,pv_author_leaf::Potato___Late_blight:::30.0,Potato___Late_blight,pv_author_leaf::Potato___Late_blight:::77.0,pv_author_leaf::Potato___Late_blight:::196.0,1699,1696,1697,1
9,20261012,pv_author_leaf::Potato___Late_blight:::36.0,Potato___Late_blight,pv_author_leaf::Potato___Late_blight:::143.0,pv_author_leaf::Potato___Late_blight:::232.0,1721,1722,1723,1
9,20261012,pv_author_leaf::Potato___Late_blight:::37.0,Potato___Late_blight,pv_author_leaf::Potato___Late_blight:::238.0,pv_author_leaf::Potato___Late_blight:::163.0,1725,1724,1727,1
9,20261012,pv_author_leaf::Potato___Late_blight:::40.0,Potato___Late_blight,pv_author_leaf::Potato___Late_blight:::162.0,pv_author_leaf::Potato___Late_blight:::205.0,1743,1741,1742,1
9,20261012,pv_author_leaf::Potato___Late_blight:::47.0,Potato___Late_blight,pv_author_leaf::Potato___Late_blight:::177.0,pv_author_leaf::Potato___Late_blight:::98.0,1770,1771,1768,1
9,20261012,pv_author_leaf::Potato___Late_blight:::55.0,Potato___Late_blight,pv_author_leaf::Potato___Late_blight:::203.0,pv_author_leaf::Potato___Late_blight:::219.0,1804,1805,1806,1
9,20261012,pv_author_leaf::Potato___Late_blight:::58.0,Potato___Late_blight,pv_author_leaf::Potato___Late_blight:::187.0,pv_author_leaf::Potato___Late_blight:::188.0,1819,1818,1817,1
9,20261012,pv_author_leaf::Potato___Late_blight:::6.0,Potato___Late_blight,pv_author_leaf::Potato___Late_blight:::171.0,pv_author_leaf::Potato___Late_blight:::96.0,1824,1827,1826,1
9,20261012,pv_author_leaf::Potato___Late_blight:::68.0,Potato___Late_blight,pv_author_leaf::Potato___Late_blight:::139.0,pv_author_leaf::Potato___Late_blight:::33.0,1861,1863,1862,1
9,20261012,pv_author_leaf::Potato___Late_blight:::70.0,Potato___Late_blight,pv_author_leaf::Potato___Late_blight:::91.0,pv_author_leaf::Potato___Late_blight:::165.0,1873,1875,1872,1
9,20261012,pv_author_leaf::Potato___Late_blight:::85.0,Potato___Late_blight,pv_author_leaf::Potato___Late_blight:::246.0,pv_author_leaf::Potato___Late_blight:::150.0,1939,1936,1938,1
9,20261012,pv_author_leaf::Potato___Late_blight:::86.0,Potato___Late_blight,pv_author_leaf::Potato___Late_blight:::21.0,pv_author_leaf::Potato___Late_blight:::132.0,1943,1941,1940,1
9,20261012,pv_author_leaf::Potato___Late_blight:::97.0,Potato___Late_blight,pv_author_leaf::Potato___Late_blight:::156.0,pv_author_leaf::Potato___Late_blight:::148.0,1991,1990,1988,1
9,20261012,pv_author_leaf::Potato___healthy:::1.0,healthy,pv_author_leaf::Potato___healthy:::24.0,pv_author_leaf::Potato___healthy:::12.0,2000,2003,2001,1
9,20261012,pv_author_leaf::Potato___healthy:::14.0,healthy,pv_author_leaf::Potato___healthy:::8.0,pv_author_leaf::Potato___healthy:::36.0,2023,2020,2022,1
9,20261012,pv_author_leaf::Potato___healthy:::15.0,healthy,pv_author_leaf::Potato___healthy:::22.0,pv_author_leaf::Potato___healthy:::37.0,2027,2025,2024,1
9,20261012,pv_author_leaf::Potato___healthy:::17.0,healthy,pv_author_leaf::Potato___healthy:::31.0,pv_author_leaf::Potato___healthy:::35.0,2033,2034,2032,1
9,20261012,pv_author_leaf::Potato___healthy:::21.0,healthy,pv_author_leaf::Potato___healthy:::38.0,pv_author_leaf::Potato___healthy:::25.0,2054,2053,2052,1
9,20261012,pv_author_leaf::Potato___healthy:::34.0,healthy,pv_author_leaf::Potato___healthy:::26.0,pv_author_leaf::Potato___healthy:::30.0,2111,2108,2110,1
9,20261012,pv_author_leaf::Potato___healthy:::4.0,healthy,pv_author_leaf::Potato___healthy:::16.0,pv_author_leaf::Potato___healthy:::23.0,2128,2129,2130,1
9,20261012,pv_author_leaf::Potato___healthy:::6.0,healthy,pv_author_leaf::Potato___healthy:::9.0,pv_author_leaf::Potato___healthy:::28.0,2137,2136,2138,1
