repetition,seed,model,endpoint,condition,panel,n,balanced_accuracy,accuracy,macro_f1,log_loss,brier,auroc
0,20261003,dinov2_logit,multiclass,zero,all_probe,108,0.91,0.9722222222222222,0.9393052111498713,0.11287364549313221,0.050440883874665006,0.9986637931034482
0,20261003,dinov2_logit,multiclass,zero,sentinel,54,1.0,1.0,1.0,0.06479892376611764,0.01585212628018812,1.0
0,20261003,dinov2_logit,multiclass,exposure_0_A,all_probe,108,0.9516666666666667,0.9814814814814815,0.9678748266983561,0.08770657934907776,0.03259678499589703,1.0
0,20261003,dinov2_logit,multiclass,exposure_0_A,sentinel,54,1.0,1.0,1.0,0.07172568649990681,0.019631195608123358,1.0
0,20261003,dinov2_logit,multiclass,sham_0_A,all_probe,108,0.91,0.9722222222222222,0.9393052111498713,0.10788074981981707,0.04762243389188653,0.9995402298850574
0,20261003,dinov2_logit,multiclass,sham_0_A,sentinel,54,1.0,1.0,1.0,0.06876878283778451,0.0196015401804017,1.0
0,20261003,dinov2_logit,multiclass,exposure_0_B,all_probe,108,0.9933333333333333,0.9907407407407407,0.9933326665999934,0.07726799214643784,0.02277312380387758,1.0
0,20261003,dinov2_logit,multiclass,exposure_0_B,sentinel,54,1.0,1.0,1.0,0.06639301210364917,0.014593231002714356,1.0
0,20261003,dinov2_logit,multiclass,sham_0_B,all_probe,108,0.91,0.9722222222222222,0.9393052111498713,0.11121926787798901,0.04801810314235729,0.9990086206896551
0,20261003,dinov2_logit,multiclass,sham_0_B,sentinel,54,1.0,1.0,1.0,0.06652684900065711,0.01576487793951474,1.0
0,20261003,dinov2_logit,multiclass,exposure_1_A,all_probe,108,0.9933333333333333,0.9907407407407407,0.9933326665999934,0.08149092239838635,0.027576892649677914,1.0
0,20261003,dinov2_logit,multiclass,exposure_1_A,sentinel,54,1.0,1.0,1.0,0.07069375224008116,0.018037865459592652,1.0
0,20261003,dinov2_logit,multiclass,sham_1_A,all_probe,108,0.91,0.9722222222222222,0.9393052111498713,0.10789615070992371,0.04751178840748064,0.9997701149425288
0,20261003,dinov2_logit,multiclass,sham_1_A,sentinel,54,1.0,1.0,1.0,0.06852950458195582,0.01782948579134341,1.0
0,20261003,dinov2_logit,multiclass,exposure_1_B,all_probe,108,0.9583333333333334,0.9907407407407407,0.9744774477447745,0.08848169899475294,0.032430308169612995,1.0
0,20261003,dinov2_logit,multiclass,exposure_1_B,sentinel,54,1.0,1.0,1.0,0.06667024145290269,0.01533251849206099,1.0
0,20261003,dinov2_logit,multiclass,sham_1_B,all_probe,108,0.91,0.9722222222222222,0.9393052111498713,0.10947681678659454,0.04744165170871676,0.9994252873563219
0,20261003,dinov2_logit,multiclass,sham_1_B,sentinel,54,1.0,1.0,1.0,0.06597095765168606,0.016707815558040556,1.0
0,20261003,dinov2_logit,multiclass,exposure_2_A,all_probe,108,0.9933333333333333,0.9907407407407407,0.9933326665999934,0.07697089794113658,0.02381438206143447,1.0
0,20261003,dinov2_logit,multiclass,exposure_2_A,sentinel,54,1.0,1.0,1.0,0.07135960937681622,0.017541562541791008,1.0
0,20261003,dinov2_logit,multiclass,sham_2_A,all_probe,108,0.91,0.9722222222222222,0.9393052111498713,0.11085275080279534,0.049676075286798224,0.9994252873563219
0,20261003,dinov2_logit,multiclass,sham_2_A,sentinel,54,1.0,1.0,1.0,0.07455357424853747,0.022607339259255694,1.0
0,20261003,dinov2_logit,multiclass,exposure_2_B,all_probe,108,0.9516666666666667,0.9814814814814815,0.9678748266983561,0.09349810107318628,0.03632314187598264,0.9998850574712644
0,20261003,dinov2_logit,multiclass,exposure_2_B,sentinel,54,1.0,1.0,1.0,0.066585988851834,0.01624734368795871,1.0
0,20261003,dinov2_logit,multiclass,sham_2_B,all_probe,108,0.91,0.9722222222222222,0.9393052111498713,0.10761482748027375,0.0458604949818933,0.9994252873563219
0,20261003,dinov2_logit,multiclass,sham_2_B,sentinel,54,1.0,1.0,1.0,0.06215071226546728,0.014134158069372649,1.0
0,20261003,dinov2_logit,multiclass,exposure_3_A,all_probe,108,0.9933333333333333,0.9907407407407407,0.9933326665999934,0.08758436493807277,0.0314811562806281,1.0
0,20261003,dinov2_logit,multiclass,exposure_3_A,sentinel,54,1.0,1.0,1.0,0.07417866057438142,0.02101440359251743,1.0
0,20261003,dinov2_logit,multiclass,sham_3_A,all_probe,108,0.91,0.9722222222222222,0.9393052111498713,0.10800549812771461,0.04671818304112159,0.9997701149425288
0,20261003,dinov2_logit,multiclass,sham_3_A,sentinel,54,1.0,1.0,1.0,0.06815991517339638,0.01760876543449402,1.0
0,20261003,dinov2_logit,multiclass,exposure_3_B,all_probe,108,0.9933333333333333,0.9907407407407407,0.9933326665999934,0.0803445391417143,0.025269048994171504,1.0
0,20261003,dinov2_logit,multiclass,exposure_3_B,sentinel,54,1.0,1.0,1.0,0.0678993448133519,0.015917223747445416,1.0
0,20261003,dinov2_logit,multiclass,sham_3_B,all_probe,108,0.91,0.9722222222222222,0.9393052111498713,0.10803129516847025,0.04689804736966943,0.9993103448275863
0,20261003,dinov2_logit,multiclass,sham_3_B,sentinel,54,1.0,1.0,1.0,0.06798621915137674,0.018363068482191026,1.0
0,20261003,dinov2_logit,multiclass,exposure_4_A,all_probe,108,0.9933333333333333,0.9907407407407407,0.9933326665999934,0.08366175165216047,0.029984932970459052,0.9998850574712644
0,20261003,dinov2_logit,multiclass,exposure_4_A,sentinel,54,1.0,1.0,1.0,0.06761698073838958,0.017314368243557112,1.0
0,20261003,dinov2_logit,multiclass,sham_4_A,all_probe,108,0.91,0.9722222222222222,0.9393052111498713,0.11655742904893256,0.05457389852003049,0.9990804597701151
0,20261003,dinov2_logit,multiclass,sham_4_A,sentinel,54,1.0,1.0,1.0,0.06861406719924992,0.019234140607129385,1.0
0,20261003,dinov2_logit,multiclass,exposure_4_B,all_probe,108,0.9933333333333333,0.9907407407407407,0.9933326665999934,0.08293209386461634,0.026199796231068922,1.0
0,20261003,dinov2_logit,multiclass,exposure_4_B,sentinel,54,1.0,1.0,1.0,0.07141715387204697,0.016776180193224566,1.0
0,20261003,dinov2_logit,multiclass,sham_4_B,all_probe,108,0.91,0.9722222222222222,0.9393052111498713,0.10300516995728988,0.04231151874235573,0.9997701149425288
0,20261003,dinov2_logit,multiclass,sham_4_B,sentinel,54,1.0,1.0,1.0,0.06695008168480034,0.015994067990724843,1.0
0,20261003,dinov2_cosine_1nn,multiclass,zero,all_probe,108,0.8416666666666667,0.9259259259259259,0.8802290266367936,2.669900251045715,0.14814814814814814,0.8978448275862068
0,20261003,dinov2_cosine_1nn,multiclass,zero,sentinel,54,0.96,0.9444444444444444,0.9599839935974389,2.0024251882842865,0.1111111111111111,0.9627586206896552
0,20261003,dinov2_cosine_1nn,multiclass,exposure_0_A,all_probe,108,0.9033333333333333,0.9629629629629629,0.9166996699669966,1.3349501255228575,0.07407407407407407,0.9413793103448276
0,20261003,dinov2_cosine_1nn,multiclass,exposure_0_A,sentinel,54,0.9733333333333333,0.9629629629629629,0.9732905982905984,1.3349501255228575,0.07407407407407407,0.9751724137931035
0,20261003,dinov2_cosine_1nn,multiclass,sham_0_A,all_probe,108,0.8483333333333333,0.9351851851851852,0.8869027174210634,2.3361627196650003,0.12962962962962962,0.904051724137931
0,20261003,dinov2_cosine_1nn,multiclass,sham_0_A,sentinel,54,0.9466666666666667,0.9259259259259259,0.9465811965811967,2.669900251045715,0.14814814814814814,0.9503448275862069
0,20261003,dinov2_cosine_1nn,multiclass,exposure_0_B,all_probe,108,0.945,0.9722222222222222,0.9612101210121011,1.0012125941421433,0.05555555555555555,0.9638793103448275
0,20261003,dinov2_cosine_1nn,multiclass,exposure_0_B,sentinel,54,0.9199999999999999,0.8888888888888888,0.8886165577342048,4.004850376568573,0.2222222222222222,0.9279310344827586
0,20261003,dinov2_cosine_1nn,multiclass,sham_0_B,all_probe,108,0.8283333333333333,0.9074074074074074,0.8671328671328672,3.3373753138071436,0.18518518518518517,0.8854310344827585
0,20261003,dinov2_cosine_1nn,multiclass,sham_0_B,sentinel,54,0.9466666666666667,0.9259259259259259,0.9465811965811967,2.669900251045715,0.14814814814814814,0.9503448275862069
0,20261003,dinov2_cosine_1nn,multiclass,exposure_1_A,all_probe,108,0.9316666666666666,0.9537037037037037,0.9314424648850631,1.6686876569035718,0.09259259259259259,0.9526724137931035
0,20261003,dinov2_cosine_1nn,multiclass,exposure_1_A,sentinel,54,0.9466666666666667,0.9259259259259259,0.9155773420479303,2.669900251045715,0.14814814814814814,0.9527586206896551
0,20261003,dinov2_cosine_1nn,multiclass,sham_1_A,all_probe,108,0.835,0.9166666666666666,0.8737661096426385,3.0036377824264293,0.16666666666666666,0.8916379310344827
0,20261003,dinov2_cosine_1nn,multiclass,sham_1_A,sentinel,54,0.9466666666666667,0.9259259259259259,0.9466666666666667,2.669900251045715,0.14814814814814814,0.9503448275862069
0,20261003,dinov2_cosine_1nn,multiclass,exposure_1_B,all_probe,108,0.91,0.9722222222222222,0.9393052111498713,1.0012125941421433,0.05555555555555555,0.9463793103448276
0,20261003,dinov2_cosine_1nn,multiclass,exposure_1_B,sentinel,54,0.96,0.9444444444444444,0.9598554797270173,2.0024251882842865,0.1111111111111111,0.9627586206896552
0,20261003,dinov2_cosine_1nn,multiclass,sham_1_B,all_probe,108,0.835,0.9166666666666666,0.8736438165009593,3.0036377824264293,0.16666666666666666,0.8916379310344827
0,20261003,dinov2_cosine_1nn,multiclass,sham_1_B,sentinel,54,0.9733333333333333,0.9629629629629629,0.9732905982905984,1.3349501255228575,0.07407407407407407,0.9751724137931035
0,20261003,dinov2_cosine_1nn,multiclass,exposure_2_A,all_probe,108,0.945,0.9722222222222222,0.9450653398673201,1.0012125941421433,0.05555555555555555,0.9650862068965518
0,20261003,dinov2_cosine_1nn,multiclass,exposure_2_A,sentinel,54,0.96,0.9444444444444444,0.9288658543977694,2.0024251882842865,0.1111111111111111,0.9651724137931034
0,20261003,dinov2_cosine_1nn,multiclass,sham_2_A,all_probe,108,0.8416666666666667,0.9259259259259259,0.8802771302771303,2.669900251045715,0.14814814814814814,0.8978448275862069
0,20261003,dinov2_cosine_1nn,multiclass,sham_2_A,sentinel,54,0.9733333333333333,0.9629629629629629,0.9733333333333333,1.3349501255228575,0.07407407407407407,0.9751724137931035
0,20261003,dinov2_cosine_1nn,multiclass,exposure_2_B,all_probe,108,0.9033333333333333,0.9629629629629629,0.9326423902894492,1.3349501255228575,0.07407407407407407,0.9401724137931035
0,20261003,dinov2_cosine_1nn,multiclass,exposure_2_B,sentinel,54,0.9466666666666667,0.9259259259259259,0.9465811965811967,2.669900251045715,0.14814814814814814,0.9503448275862069
0,20261003,dinov2_cosine_1nn,multiclass,sham_2_B,all_probe,108,0.8416666666666667,0.9259259259259259,0.8802290266367936,2.669900251045715,0.14814814814814814,0.8978448275862068
0,20261003,dinov2_cosine_1nn,multiclass,sham_2_B,sentinel,54,0.9333333333333332,0.9074074074074074,0.9330924662116954,3.3373753138071436,0.18518518518518517,0.9379310344827586
0,20261003,dinov2_cosine_1nn,multiclass,exposure_3_A,all_probe,108,0.9033333333333333,0.9629629629629629,0.9326423902894492,1.3349501255228575,0.07407407407407407,0.9401724137931035
0,20261003,dinov2_cosine_1nn,multiclass,exposure_3_A,sentinel,54,0.9466666666666667,0.9259259259259259,0.9466666666666667,2.669900251045715,0.14814814814814814,0.9503448275862069
0,20261003,dinov2_cosine_1nn,multiclass,sham_3_A,all_probe,108,0.835,0.9166666666666666,0.8735431235431236,3.0036377824264293,0.16666666666666666,0.8916379310344826
0,20261003,dinov2_cosine_1nn,multiclass,sham_3_A,sentinel,54,0.9333333333333332,0.9074074074074074,0.9333066559957316,3.3373753138071436,0.18518518518518517,0.9379310344827586
0,20261003,dinov2_cosine_1nn,multiclass,exposure_3_B,all_probe,108,0.9516666666666667,0.9814814814814815,0.9678107810781077,0.6674750627614289,0.037037037037037035,0.9700862068965517
0,20261003,dinov2_cosine_1nn,multiclass,exposure_3_B,sentinel,54,0.9466666666666667,0.9259259259259259,0.9151095311882842,2.669900251045715,0.14814814814814814,0.9527586206896551
0,20261003,dinov2_cosine_1nn,multiclass,sham_3_B,all_probe,108,0.835,0.9166666666666666,0.8737565347274084,3.0036377824264293,0.16666666666666666,0.8916379310344826
0,20261003,dinov2_cosine_1nn,multiclass,sham_3_B,sentinel,54,0.9733333333333333,0.9629629629629629,0.9732905982905984,1.3349501255228575,0.07407407407407407,0.9751724137931035
0,20261003,dinov2_cosine_1nn,multiclass,exposure_4_A,all_probe,108,0.855,0.9444444444444444,0.8784873949579831,2.002425188284286,0.1111111111111111,0.9114655172413793
0,20261003,dinov2_cosine_1nn,multiclass,exposure_4_A,sentinel,54,0.9333333333333332,0.9074074074074074,0.9330924662116954,3.3373753138071436,0.18518518518518517,0.9379310344827586
0,20261003,dinov2_cosine_1nn,multiclass,sham_4_A,all_probe,108,0.835,0.9166666666666666,0.8737661096426385,3.0036377824264293,0.16666666666666666,0.8916379310344827
0,20261003,dinov2_cosine_1nn,multiclass,sham_4_A,sentinel,54,0.9466666666666667,0.9259259259259259,0.9465811965811967,2.669900251045715,0.14814814814814814,0.9503448275862069
0,20261003,dinov2_cosine_1nn,multiclass,exposure_4_B,all_probe,108,0.945,0.9722222222222222,0.9612101210121011,1.0012125941421433,0.05555555555555555,0.9638793103448275
0,20261003,dinov2_cosine_1nn,multiclass,exposure_4_B,sentinel,54,0.9466666666666667,0.9259259259259259,0.9155773420479303,2.669900251045715,0.14814814814814814,0.9527586206896551
0,20261003,dinov2_cosine_1nn,multiclass,sham_4_B,all_probe,108,0.8833333333333333,0.9351851851851852,0.912742019884877,2.3361627196650008,0.12962962962962962,0.921551724137931
0,20261003,dinov2_cosine_1nn,multiclass,sham_4_B,sentinel,54,0.96,0.9444444444444444,0.9599839935974389,2.0024251882842865,0.1111111111111111,0.9627586206896552
1,20261004,dinov2_logit,multiclass,zero,all_probe,108,0.8683333333333333,0.9629629629629629,0.906889406889407,0.12086099479228442,0.06048464114990194,0.9973706896551725
1,20261004,dinov2_logit,multiclass,zero,sentinel,54,0.9866666666666667,0.9814814814814815,0.9866613311991465,0.09092025110987755,0.0367284068095839,1.0
1,20261004,dinov2_logit,multiclass,exposure_0_A,all_probe,108,0.945,0.9722222222222222,0.9612101210121011,0.09450244451786508,0.039330693253983515,0.9996551724137932
1,20261004,dinov2_logit,multiclass,exposure_0_A,sentinel,54,0.9733333333333333,0.9629629629629629,0.9733333333333333,0.08281508878488958,0.030795466373872635,0.999080459770115
1,20261004,dinov2_logit,multiclass,sham_0_A,all_probe,108,0.945,0.9722222222222222,0.9612101210121011,0.11230466291261114,0.05121614868337061,0.999425287356322
1,20261004,dinov2_logit,multiclass,sham_0_A,sentinel,54,0.9866666666666667,0.9814814814814815,0.9866613311991465,0.08926190945379558,0.03515090713215532,0.9995402298850574
1,20261004,dinov2_logit,multiclass,exposure_0_B,all_probe,108,0.9516666666666667,0.9814814814814815,0.9678748266983561,0.1123693529359561,0.0512527033004497,0.9983620689655174
1,20261004,dinov2_logit,multiclass,exposure_0_B,sentinel,54,0.9866666666666667,0.9814814814814815,0.9866613311991465,0.09495411011903138,0.038537153358178984,1.0
1,20261004,dinov2_logit,multiclass,sham_0_B,all_probe,108,0.91,0.9722222222222222,0.9393052111498713,0.1141162389150908,0.05492458954455521,0.9979022988505747
1,20261004,dinov2_logit,multiclass,sham_0_B,sentinel,54,0.9866666666666667,0.9814814814814815,0.9866613311991465,0.0887608018732088,0.03573912553509334,1.0
1,20261004,dinov2_logit,multiclass,exposure_1_A,all_probe,108,0.9516666666666667,0.9814814814814815,0.9678748266983561,0.10578617164825081,0.04712492753344177,0.9994252873563219
1,20261004,dinov2_logit,multiclass,exposure_1_A,sentinel,54,0.9033333333333333,0.9629629629629629,0.9325116713352006,0.09555998692967475,0.04143458220274826,0.999080459770115
1,20261004,dinov2_logit,multiclass,sham_1_A,all_probe,108,0.9033333333333333,0.9629629629629629,0.9326423902894492,0.1204840470933182,0.05866015754090782,0.9982040229885057
1,20261004,dinov2_logit,multiclass,sham_1_A,sentinel,54,0.9866666666666667,0.9814814814814815,0.9866613311991465,0.0917063870032019,0.0383435488470452,0.9995402298850574
1,20261004,dinov2_logit,multiclass,exposure_1_B,all_probe,108,0.9933333333333333,0.9907407407407407,0.9933326665999934,0.09345797932328355,0.03671343583035438,0.9997701149425288
1,20261004,dinov2_logit,multiclass,exposure_1_B,sentinel,54,1.0,1.0,1.0,0.0805781569666981,0.02666473600962352,1.0
1,20261004,dinov2_logit,multiclass,sham_1_B,all_probe,108,0.9516666666666667,0.9814814814814815,0.9678748266983561,0.1057625866602204,0.04702476411093592,0.9990086206896551
1,20261004,dinov2_logit,multiclass,sham_1_B,sentinel,54,0.9866666666666667,0.9814814814814815,0.9866613311991465,0.08737881110678396,0.033297416882574225,1.0
1,20261004,dinov2_logit,multiclass,exposure_2_A,all_probe,108,0.9933333333333333,0.9907407407407407,0.9933326665999934,0.09118147095029865,0.03567243126031104,0.9996551724137932
1,20261004,dinov2_logit,multiclass,exposure_2_A,sentinel,54,0.9866666666666667,0.9814814814814815,0.9866613311991465,0.07888244684371763,0.027508423105304006,1.0
1,20261004,dinov2_logit,multiclass,sham_2_A,all_probe,108,0.9516666666666667,0.9814814814814815,0.9678748266983561,0.1162304700769275,0.05383481103356222,0.9990086206896551
1,20261004,dinov2_logit,multiclass,sham_2_A,sentinel,54,0.9866666666666667,0.9814814814814815,0.9866613311991465,0.09147516202201304,0.03689432044490824,0.9995402298850574
1,20261004,dinov2_logit,multiclass,exposure_2_B,all_probe,108,0.9516666666666667,0.9814814814814815,0.9678748266983561,0.10970490392233893,0.04894029883301453,0.9990086206896551
1,20261004,dinov2_logit,multiclass,exposure_2_B,sentinel,54,0.9166666666666666,0.9814814814814815,0.9458450046685342,0.09937025572052544,0.04214769014216375,0.9995402298850574
1,20261004,dinov2_logit,multiclass,sham_2_B,all_probe,108,0.9033333333333333,0.9629629629629629,0.9326423902894492,0.11044171263393356,0.05269806935589348,0.9979022988505747
1,20261004,dinov2_logit,multiclass,sham_2_B,sentinel,54,0.9866666666666667,0.9814814814814815,0.9866613311991465,0.0856653935612167,0.03314348969902434,1.0
1,20261004,dinov2_logit,multiclass,exposure_3_A,all_probe,108,0.9933333333333333,0.9907407407407407,0.9933326665999934,0.09392845243998389,0.03734927589765951,0.9993103448275863
1,20261004,dinov2_logit,multiclass,exposure_3_A,sentinel,54,1.0,1.0,1.0,0.08444686874327267,0.029208086522460746,1.0
1,20261004,dinov2_logit,multiclass,sham_3_A,all_probe,108,0.9516666666666667,0.9814814814814815,0.9678748266983561,0.11500579092915031,0.05289036153912921,0.9985488505747128
1,20261004,dinov2_logit,multiclass,sham_3_A,sentinel,54,0.9866666666666667,0.9814814814814815,0.9866613311991465,0.09057301324966789,0.035171637766407235,1.0
1,20261004,dinov2_logit,multiclass,exposure_3_B,all_probe,108,0.8616666666666667,0.9537037037037037,0.9002290266367936,0.1152600456493388,0.05611719472948128,0.9979022988505747
1,20261004,dinov2_logit,multiclass,exposure_3_B,sentinel,54,0.9033333333333333,0.9629629629629629,0.9325116713352006,0.09316993616439945,0.04080159918126938,0.9986206896551724
1,20261004,dinov2_logit,multiclass,sham_3_B,all_probe,108,0.9033333333333333,0.9629629629629629,0.9326423902894492,0.11385056620056744,0.05459342668141489,0.9985488505747128
1,20261004,dinov2_logit,multiclass,sham_3_B,sentinel,54,0.9866666666666667,0.9814814814814815,0.9866613311991465,0.08823563131642301,0.036030139356334125,0.999080459770115
1,20261004,dinov2_logit,multiclass,exposure_4_A,all_probe,108,0.9866666666666667,0.9814814814814815,0.9866666666666667,0.10429138345051357,0.04643437729863153,0.999425287356322
1,20261004,dinov2_logit,multiclass,exposure_4_A,sentinel,54,0.9033333333333333,0.9629629629629629,0.9325116713352006,0.08965422151674224,0.036142687379717875,0.9995402298850574
1,20261004,dinov2_logit,multiclass,sham_4_A,all_probe,108,0.9033333333333333,0.9629629629629629,0.9326423902894492,0.1118991284185614,0.052353480691757326,0.9991954022988506
1,20261004,dinov2_logit,multiclass,sham_4_A,sentinel,54,0.9866666666666667,0.9814814814814815,0.9866613311991465,0.0845932001469032,0.03181908371461699,1.0
1,20261004,dinov2_logit,multiclass,exposure_4_B,all_probe,108,0.9933333333333333,0.9907407407407407,0.9933326665999934,0.09816961052272351,0.040187724410128536,0.9997701149425288
1,20261004,dinov2_logit,multiclass,exposure_4_B,sentinel,54,0.9866666666666667,0.9814814814814815,0.9866613311991465,0.0887299541399179,0.033014789677406016,0.9995402298850574
1,20261004,dinov2_logit,multiclass,sham_4_B,all_probe,108,0.9516666666666667,0.9814814814814815,0.9678748266983561,0.11657902252454576,0.054444528349810964,0.9990086206896551
1,20261004,dinov2_logit,multiclass,sham_4_B,sentinel,54,0.9733333333333333,0.9629629629629629,0.9733333333333333,0.09628326922278524,0.04134452896361993,0.9986206896551724
1,20261004,dinov2_cosine_1nn,multiclass,zero,all_probe,108,0.89,0.9444444444444444,0.9194397759103641,2.002425188284286,0.1111111111111111,0.9277586206896552
1,20261004,dinov2_cosine_1nn,multiclass,zero,sentinel,54,0.9466666666666667,0.9259259259259259,0.9151095311882842,2.669900251045715,0.14814814814814814,0.9527586206896551
1,20261004,dinov2_cosine_1nn,multiclass,exposure_0_A,all_probe,108,0.9383333333333334,0.9629629629629629,0.9545434543454346,1.3349501255228575,0.07407407407407407,0.9576724137931034
1,20261004,dinov2_cosine_1nn,multiclass,exposure_0_A,sentinel,54,0.9466666666666667,0.9259259259259259,0.9151095311882842,2.669900251045715,0.14814814814814814,0.9527586206896551
1,20261004,dinov2_cosine_1nn,multiclass,sham_0_A,all_probe,108,0.89,0.9444444444444444,0.9194397759103641,2.002425188284286,0.1111111111111111,0.9277586206896552
1,20261004,dinov2_cosine_1nn,multiclass,sham_0_A,sentinel,54,0.96,0.9444444444444444,0.9288658543977694,2.0024251882842865,0.1111111111111111,0.9651724137931034
1,20261004,dinov2_cosine_1nn,multiclass,exposure_0_B,all_probe,108,0.9183333333333333,0.9351851851851852,0.9346009110714993,2.3361627196650008,0.12962962962962962,0.939051724137931
1,20261004,dinov2_cosine_1nn,multiclass,exposure_0_B,sentinel,54,0.9466666666666667,0.9259259259259259,0.9151095311882842,2.669900251045715,0.14814814814814814,0.9527586206896551
1,20261004,dinov2_cosine_1nn,multiclass,sham_0_B,all_probe,108,0.8766666666666666,0.9259259259259259,0.9061064425770308,2.669900251045715,0.14814814814814814,0.9153448275862068
1,20261004,dinov2_cosine_1nn,multiclass,sham_0_B,sentinel,54,0.9466666666666667,0.9259259259259259,0.9151095311882842,2.669900251045715,0.14814814814814814,0.9527586206896551
1,20261004,dinov2_cosine_1nn,multiclass,exposure_1_A,all_probe,108,0.8766666666666666,0.9259259259259259,0.9061064425770308,2.669900251045715,0.14814814814814814,0.9153448275862068
1,20261004,dinov2_cosine_1nn,multiclass,exposure_1_A,sentinel,54,0.9466666666666667,0.9259259259259259,0.9151095311882842,2.669900251045715,0.14814814814814814,0.9527586206896551
1,20261004,dinov2_cosine_1nn,multiclass,sham_1_A,all_probe,108,0.8833333333333333,0.9351851851851852,0.9127769919849128,2.3361627196650008,0.12962962962962962,0.921551724137931
1,20261004,dinov2_cosine_1nn,multiclass,sham_1_A,sentinel,54,0.96,0.9444444444444444,0.9288658543977694,2.0024251882842865,0.1111111111111111,0.9651724137931034
1,20261004,dinov2_cosine_1nn,multiclass,exposure_1_B,all_probe,108,0.98,0.9722222222222222,0.97999799979998,1.0012125941421433,0.05555555555555555,0.9813793103448276
1,20261004,dinov2_cosine_1nn,multiclass,exposure_1_B,sentinel,54,0.9466666666666667,0.9259259259259259,0.9151095311882842,2.669900251045715,0.14814814814814814,0.9527586206896551
1,20261004,dinov2_cosine_1nn,multiclass,sham_1_B,all_probe,108,0.8833333333333333,0.9351851851851852,0.9127769919849128,2.3361627196650008,0.12962962962962962,0.921551724137931
1,20261004,dinov2_cosine_1nn,multiclass,sham_1_B,sentinel,54,0.9733333333333333,0.9629629629629629,0.9425381263616558,1.3349501255228575,0.07407407407407407,0.9775862068965516
1,20261004,dinov2_cosine_1nn,multiclass,exposure_2_A,all_probe,108,0.96,0.9444444444444444,0.9599358974358975,2.0024251882842865,0.1111111111111111,0.9627586206896551
1,20261004,dinov2_cosine_1nn,multiclass,exposure_2_A,sentinel,54,0.9466666666666667,0.9259259259259259,0.9151095311882842,2.669900251045715,0.14814814814814814,0.9527586206896551
1,20261004,dinov2_cosine_1nn,multiclass,sham_2_A,all_probe,108,0.89,0.9444444444444444,0.9194397759103641,2.0024251882842865,0.1111111111111111,0.9277586206896552
1,20261004,dinov2_cosine_1nn,multiclass,sham_2_A,sentinel,54,0.9466666666666667,0.9259259259259259,0.9151095311882842,2.669900251045715,0.14814814814814814,0.9527586206896551
1,20261004,dinov2_cosine_1nn,multiclass,exposure_2_B,all_probe,108,0.89,0.9444444444444444,0.9194397759103641,2.002425188284286,0.1111111111111111,0.9277586206896552
1,20261004,dinov2_cosine_1nn,multiclass,exposure_2_B,sentinel,54,0.9466666666666667,0.9259259259259259,0.9151095311882842,2.669900251045715,0.14814814814814814,0.9527586206896551
1,20261004,dinov2_cosine_1nn,multiclass,sham_2_B,all_probe,108,0.8833333333333333,0.9351851851851852,0.9128922138630876,2.3361627196650008,0.12962962962962962,0.921551724137931
1,20261004,dinov2_cosine_1nn,multiclass,sham_2_B,sentinel,54,0.9733333333333333,0.9629629629629629,0.9425381263616558,1.3349501255228575,0.07407407407407407,0.9775862068965516
1,20261004,dinov2_cosine_1nn,multiclass,exposure_3_A,all_probe,108,0.98,0.9722222222222222,0.97999799979998,1.0012125941421433,0.05555555555555555,0.9813793103448276
1,20261004,dinov2_cosine_1nn,multiclass,exposure_3_A,sentinel,54,0.9466666666666667,0.9259259259259259,0.9151095311882842,2.669900251045715,0.14814814814814814,0.9527586206896551
1,20261004,dinov2_cosine_1nn,multiclass,sham_3_A,all_probe,108,0.89,0.9444444444444444,0.9194397759103641,2.002425188284286,0.1111111111111111,0.9277586206896552
1,20261004,dinov2_cosine_1nn,multiclass,sham_3_A,sentinel,54,0.96,0.9444444444444444,0.9288658543977694,2.0024251882842865,0.1111111111111111,0.9651724137931034
1,20261004,dinov2_cosine_1nn,multiclass,exposure_3_B,all_probe,108,0.8833333333333333,0.9351851851851852,0.9127769919849128,2.3361627196650008,0.12962962962962962,0.921551724137931
1,20261004,dinov2_cosine_1nn,multiclass,exposure_3_B,sentinel,54,0.9466666666666667,0.9259259259259259,0.9151095311882842,2.669900251045715,0.14814814814814814,0.9527586206896551
1,20261004,dinov2_cosine_1nn,multiclass,sham_3_B,all_probe,108,0.8833333333333333,0.9351851851851852,0.9127769919849128,2.3361627196650008,0.12962962962962962,0.921551724137931
1,20261004,dinov2_cosine_1nn,multiclass,sham_3_B,sentinel,54,0.96,0.9444444444444444,0.9288658543977694,2.0024251882842865,0.1111111111111111,0.9651724137931034
1,20261004,dinov2_cosine_1nn,multiclass,exposure_4_A,all_probe,108,0.89,0.9444444444444444,0.9194397759103641,2.002425188284286,0.1111111111111111,0.9277586206896552
1,20261004,dinov2_cosine_1nn,multiclass,exposure_4_A,sentinel,54,0.9466666666666667,0.9259259259259259,0.9151095311882842,2.669900251045715,0.14814814814814814,0.9527586206896551
1,20261004,dinov2_cosine_1nn,multiclass,sham_4_A,all_probe,108,0.8833333333333333,0.9351851851851852,0.9127769919849128,2.3361627196650008,0.12962962962962962,0.921551724137931
1,20261004,dinov2_cosine_1nn,multiclass,sham_4_A,sentinel,54,0.9466666666666667,0.9259259259259259,0.9151095311882842,2.669900251045715,0.14814814814814814,0.9527586206896551
1,20261004,dinov2_cosine_1nn,multiclass,exposure_4_B,all_probe,108,0.98,0.9722222222222222,0.97999799979998,1.0012125941421433,0.05555555555555555,0.9813793103448276
1,20261004,dinov2_cosine_1nn,multiclass,exposure_4_B,sentinel,54,0.96,0.9444444444444444,0.9288658543977694,2.0024251882842865,0.1111111111111111,0.9651724137931034
1,20261004,dinov2_cosine_1nn,multiclass,sham_4_B,all_probe,108,0.89,0.9444444444444444,0.9194397759103641,2.002425188284286,0.1111111111111111,0.9277586206896552
1,20261004,dinov2_cosine_1nn,multiclass,sham_4_B,sentinel,54,0.96,0.9444444444444444,0.9288658543977694,2.0024251882842865,0.1111111111111111,0.9651724137931034
2,20261005,dinov2_logit,multiclass,zero,all_probe,108,0.98,0.9722222222222222,0.9494949494949495,0.10695866504689654,0.04817248913318397,0.9993103448275863
2,20261005,dinov2_logit,multiclass,zero,sentinel,54,0.9733333333333333,0.9629629629629629,0.9425381263616558,0.10719204107239044,0.04860798231153541,1.0
2,20261005,dinov2_logit,multiclass,exposure_0_A,all_probe,108,0.9933333333333333,0.9907407407407407,0.9770251534957417,0.08918817176225952,0.034394234468233593,1.0
2,20261005,dinov2_logit,multiclass,exposure_0_A,sentinel,54,0.9733333333333333,0.9629629629629629,0.9425381263616558,0.10492036405272749,0.04928187218385552,1.0
2,20261005,dinov2_logit,multiclass,sham_0_A,all_probe,108,0.9866666666666667,0.9814814814814815,0.970358486829075,0.1038049917981865,0.04527836324796216,0.9994252873563219
2,20261005,dinov2_logit,multiclass,sham_0_A,sentinel,54,0.9733333333333333,0.9629629629629629,0.9425381263616558,0.10897272393488872,0.049731617859761115,0.9974137931034482
2,20261005,dinov2_logit,multiclass,exposure_0_B,all_probe,108,0.9866666666666667,0.9814814814814815,0.9561602418745275,0.09532320787350779,0.038664089115648136,1.0
2,20261005,dinov2_logit,multiclass,exposure_0_B,sentinel,54,0.9733333333333333,0.9629629629629629,0.9425381263616558,0.11027137640400385,0.0499824399754235,0.9995402298850574
2,20261005,dinov2_logit,multiclass,sham_0_B,all_probe,108,0.9733333333333333,0.9629629629629629,0.9303959755087575,0.11054027830031521,0.05056968968543391,0.9991954022988505
2,20261005,dinov2_logit,multiclass,sham_0_B,sentinel,54,0.9733333333333333,0.9629629629629629,0.9425381263616558,0.11198129334172738,0.05224575114515026,1.0
2,20261005,dinov2_logit,multiclass,exposure_1_A,all_probe,108,0.9933333333333333,0.9907407407407407,0.9770251534957417,0.09317402748762767,0.03808543142828161,0.9996551724137931
2,20261005,dinov2_logit,multiclass,exposure_1_A,sentinel,54,0.9733333333333333,0.9629629629629629,0.9425381263616558,0.10675742564639433,0.04704264803287696,1.0
2,20261005,dinov2_logit,multiclass,sham_1_A,all_probe,108,0.98,0.9722222222222222,0.9494949494949495,0.1135877553181161,0.053379129541492105,0.9989655172413793
2,20261005,dinov2_logit,multiclass,sham_1_A,sentinel,54,0.9733333333333333,0.9629629629629629,0.9425381263616558,0.10575758406459276,0.04671356227125574,1.0
2,20261005,dinov2_logit,multiclass,exposure_1_B,all_probe,108,1.0,1.0,1.0,0.09139866577753694,0.03542736083403978,1.0
2,20261005,dinov2_logit,multiclass,exposure_1_B,sentinel,54,0.9733333333333333,0.9629629629629629,0.9425381263616558,0.1077114839595211,0.05141812932550905,0.9978735632183908
2,20261005,dinov2_logit,multiclass,sham_1_B,all_probe,108,0.9933333333333333,0.9907407407407407,0.9933326665999934,0.10157024954502712,0.04250828736281991,0.9996551724137931
2,20261005,dinov2_logit,multiclass,sham_1_B,sentinel,54,0.9733333333333333,0.9629629629629629,0.9425381263616558,0.11456079150836632,0.055128443548695394,0.9974137931034482
2,20261005,dinov2_logit,multiclass,exposure_2_A,all_probe,108,0.98,0.9722222222222222,0.9494949494949495,0.10163499254684619,0.045196351469495064,0.9994252873563219
2,20261005,dinov2_logit,multiclass,exposure_2_A,sentinel,54,0.9733333333333333,0.9629629629629629,0.9425381263616558,0.11466351833008487,0.05295916886772747,1.0
2,20261005,dinov2_logit,multiclass,sham_2_A,all_probe,108,0.9866666666666667,0.9814814814814815,0.970358486829075,0.11093901764466371,0.050708089182638305,0.9991954022988505
2,20261005,dinov2_logit,multiclass,sham_2_A,sentinel,54,0.9733333333333333,0.9629629629629629,0.9425381263616558,0.11388341580837417,0.051877086381535556,1.0
2,20261005,dinov2_logit,multiclass,exposure_2_B,all_probe,108,1.0,1.0,1.0,0.08670152072611287,0.03216295430714425,1.0
2,20261005,dinov2_logit,multiclass,exposure_2_B,sentinel,54,0.9733333333333333,0.9629629629629629,0.9425381263616558,0.10135857782978412,0.046563863359504964,0.9995402298850574
2,20261005,dinov2_logit,multiclass,sham_2_B,all_probe,108,0.9933333333333333,0.9907407407407407,0.9933326665999934,0.10261629025564352,0.0442257383708151,0.9996551724137931
2,20261005,dinov2_logit,multiclass,sham_2_B,sentinel,54,0.9733333333333333,0.9629629629629629,0.9425381263616558,0.10620296548879092,0.04974034917712012,0.9974137931034482
2,20261005,dinov2_logit,multiclass,exposure_3_A,all_probe,108,0.9733333333333333,0.9629629629629629,0.9303959755087575,0.1026596431311544,0.046662518917866116,0.9994252873563219
2,20261005,dinov2_logit,multiclass,exposure_3_A,sentinel,54,0.9733333333333333,0.9629629629629629,0.9425381263616558,0.10527033045397581,0.04577240891994532,1.0
2,20261005,dinov2_logit,multiclass,sham_3_A,all_probe,108,0.9666666666666667,0.9537037037037037,0.9237306831291794,0.11950113398562728,0.05880645588565565,0.9981609195402298
2,20261005,dinov2_logit,multiclass,sham_3_A,sentinel,54,0.9733333333333333,0.9629629629629629,0.9425381263616558,0.11173033654790014,0.04998952531419182,0.9995402298850574
2,20261005,dinov2_logit,multiclass,exposure_3_B,all_probe,108,0.9933333333333333,0.9907407407407407,0.9770251534957417,0.08689887783427244,0.032112258911010924,1.0
2,20261005,dinov2_logit,multiclass,exposure_3_B,sentinel,54,0.9733333333333333,0.9629629629629629,0.9425381263616558,0.10794221328672991,0.0516323336230948,0.9974137931034482
2,20261005,dinov2_logit,multiclass,sham_3_B,all_probe,108,0.9933333333333333,0.9907407407407407,0.9770251534957417,0.09599321105072033,0.037699934883026726,0.9998850574712644
2,20261005,dinov2_logit,multiclass,sham_3_B,sentinel,54,0.9733333333333333,0.9629629629629629,0.9425381263616558,0.10825880438724352,0.05071153647064716,0.9974137931034482
2,20261005,dinov2_logit,multiclass,exposure_4_A,all_probe,108,0.98,0.9722222222222222,0.9494949494949495,0.10553073696221285,0.04895978636121353,0.9988505747126437
2,20261005,dinov2_logit,multiclass,exposure_4_A,sentinel,54,0.9733333333333333,0.9629629629629629,0.9425381263616558,0.1239356413021563,0.06159806269866172,0.9969540229885058
2,20261005,dinov2_logit,multiclass,sham_4_A,all_probe,108,0.98,0.9722222222222222,0.9494949494949495,0.11418733416909245,0.05408624064018586,0.9988505747126437
2,20261005,dinov2_logit,multiclass,sham_4_A,sentinel,54,0.9733333333333333,0.9629629629629629,0.9425381263616558,0.11679822137215944,0.0554908112509267,0.9974137931034482
2,20261005,dinov2_logit,multiclass,exposure_4_B,all_probe,108,1.0,1.0,1.0,0.08703573756415971,0.03201760430768514,1.0
2,20261005,dinov2_logit,multiclass,exposure_4_B,sentinel,54,0.9733333333333333,0.9629629629629629,0.9425381263616558,0.09398991099860059,0.03843417496760364,1.0
2,20261005,dinov2_logit,multiclass,sham_4_B,all_probe,108,1.0,1.0,1.0,0.09794394194317758,0.039271108041494,1.0
2,20261005,dinov2_logit,multiclass,sham_4_B,sentinel,54,0.9733333333333333,0.9629629629629629,0.9425381263616558,0.10347285369618785,0.04556293470365982,1.0
2,20261005,dinov2_cosine_1nn,multiclass,zero,all_probe,108,0.87,0.9166666666666666,0.8837989564757942,3.0036377824264293,0.16666666666666666,0.9103448275862069
2,20261005,dinov2_cosine_1nn,multiclass,zero,sentinel,54,0.89,0.9444444444444444,0.8897225556889423,2.0024251882842865,0.1111111111111111,0.9301724137931034
2,20261005,dinov2_cosine_1nn,multiclass,exposure_0_A,all_probe,108,0.9316666666666666,0.9537037037037037,0.9480158730158731,1.6686876569035718,0.09259259259259259,0.9514655172413793
2,20261005,dinov2_cosine_1nn,multiclass,exposure_0_A,sentinel,54,0.9033333333333333,0.9629629629629629,0.9325116713352006,1.3349501255228575,0.07407407407407407,0.9401724137931035
2,20261005,dinov2_cosine_1nn,multiclass,sham_0_A,all_probe,108,0.8966666666666666,0.9537037037037037,0.926198658157421,1.6686876569035718,0.09259259259259259,0.9339655172413792
2,20261005,dinov2_cosine_1nn,multiclass,sham_0_A,sentinel,54,0.9033333333333333,0.9629629629629629,0.9325116713352006,1.3349501255228575,0.07407407407407407,0.9401724137931035
2,20261005,dinov2_cosine_1nn,multiclass,exposure_0_B,all_probe,108,0.9183333333333333,0.9351851851851852,0.9184974810662929,2.3361627196650008,0.12962962962962962,0.9402586206896552
2,20261005,dinov2_cosine_1nn,multiclass,exposure_0_B,sentinel,54,0.89,0.9444444444444444,0.9191522762951334,2.0024251882842865,0.1111111111111111,0.9277586206896551
2,20261005,dinov2_cosine_1nn,multiclass,sham_0_B,all_probe,108,0.8566666666666666,0.8981481481481481,0.8703630363036304,3.671112845187858,0.2037037037037037,0.8979310344827586
2,20261005,dinov2_cosine_1nn,multiclass,sham_0_B,sentinel,54,0.9033333333333333,0.9629629629629629,0.9325116713352006,1.3349501255228575,0.07407407407407407,0.9401724137931035
2,20261005,dinov2_cosine_1nn,multiclass,exposure_1_A,all_probe,108,0.9316666666666666,0.9537037037037037,0.9318428252093551,1.6686876569035718,0.09259259259259259,0.9526724137931034
2,20261005,dinov2_cosine_1nn,multiclass,exposure_1_A,sentinel,54,0.9033333333333333,0.9629629629629629,0.9325116713352006,1.3349501255228575,0.07407407407407407,0.9401724137931035
2,20261005,dinov2_cosine_1nn,multiclass,sham_1_A,all_probe,108,0.9249999999999999,0.9444444444444444,0.9251200480192076,2.002425188284286,0.1111111111111111,0.9464655172413793
2,20261005,dinov2_cosine_1nn,multiclass,sham_1_A,sentinel,54,0.9033333333333333,0.9629629629629629,0.9325116713352006,1.3349501255228575,0.07407407407407407,0.9401724137931035
2,20261005,dinov2_cosine_1nn,multiclass,exposure_1_B,all_probe,108,0.9249999999999999,0.9444444444444444,0.941364877962816,2.002425188284286,0.1111111111111111,0.9452586206896552
2,20261005,dinov2_cosine_1nn,multiclass,exposure_1_B,sentinel,54,0.89,0.9444444444444444,0.9191522762951334,2.0024251882842865,0.1111111111111111,0.9277586206896551
2,20261005,dinov2_cosine_1nn,multiclass,sham_1_B,all_probe,108,0.8283333333333333,0.9074074074074074,0.8674566174566175,3.3373753138071436,0.18518518518518517,0.8854310344827585
2,20261005,dinov2_cosine_1nn,multiclass,sham_1_B,sentinel,54,0.9033333333333333,0.9629629629629629,0.9325116713352006,1.3349501255228575,0.07407407407407407,0.9401724137931035
2,20261005,dinov2_cosine_1nn,multiclass,exposure_2_A,all_probe,108,0.9249999999999999,0.9444444444444444,0.9251200480192076,2.002425188284286,0.1111111111111111,0.9464655172413793
2,20261005,dinov2_cosine_1nn,multiclass,exposure_2_A,sentinel,54,0.89,0.9444444444444444,0.9191522762951334,2.0024251882842865,0.1111111111111111,0.9277586206896551
2,20261005,dinov2_cosine_1nn,multiclass,sham_2_A,all_probe,108,0.9116666666666666,0.9259259259259259,0.9116666666666666,2.669900251045715,0.14814814814814814,0.934051724137931
2,20261005,dinov2_cosine_1nn,multiclass,sham_2_A,sentinel,54,0.89,0.9444444444444444,0.9191522762951334,2.0024251882842865,0.1111111111111111,0.9277586206896551
2,20261005,dinov2_cosine_1nn,multiclass,exposure_2_B,all_probe,108,0.9316666666666666,0.9537037037037037,0.9480158730158731,1.6686876569035718,0.09259259259259259,0.9514655172413793
2,20261005,dinov2_cosine_1nn,multiclass,exposure_2_B,sentinel,54,0.9033333333333333,0.9629629629629629,0.9325116713352006,1.3349501255228575,0.07407407407407407,0.9401724137931035
2,20261005,dinov2_cosine_1nn,multiclass,sham_2_B,all_probe,108,0.8416666666666667,0.9259259259259259,0.8807375597883281,2.669900251045715,0.14814814814814814,0.8978448275862069
2,20261005,dinov2_cosine_1nn,multiclass,sham_2_B,sentinel,54,0.9033333333333333,0.9629629629629629,0.9325116713352006,1.3349501255228575,0.07407407407407407,0.9401724137931035
2,20261005,dinov2_cosine_1nn,multiclass,exposure_3_A,all_probe,108,0.9249999999999999,0.9444444444444444,0.9251200480192076,2.002425188284286,0.1111111111111111,0.9464655172413793
2,20261005,dinov2_cosine_1nn,multiclass,exposure_3_A,sentinel,54,0.89,0.9444444444444444,0.9191522762951334,2.0024251882842865,0.1111111111111111,0.9277586206896551
2,20261005,dinov2_cosine_1nn,multiclass,sham_3_A,all_probe,108,0.8766666666666666,0.9259259259259259,0.8905101771081153,2.669900251045715,0.14814814814814814,0.9165517241379311
2,20261005,dinov2_cosine_1nn,multiclass,sham_3_A,sentinel,54,0.89,0.9444444444444444,0.9191522762951334,2.0024251882842865,0.1111111111111111,0.9277586206896551
2,20261005,dinov2_cosine_1nn,multiclass,exposure_3_B,all_probe,108,0.9249999999999999,0.9444444444444444,0.941364877962816,2.002425188284286,0.1111111111111111,0.9452586206896552
2,20261005,dinov2_cosine_1nn,multiclass,exposure_3_B,sentinel,54,0.9033333333333333,0.9629629629629629,0.9325116713352006,1.3349501255228575,0.07407407407407407,0.9401724137931035
2,20261005,dinov2_cosine_1nn,multiclass,sham_3_B,all_probe,108,0.87,0.9166666666666666,0.8996857152196958,3.0036377824264293,0.16666666666666666,0.9091379310344827
2,20261005,dinov2_cosine_1nn,multiclass,sham_3_B,sentinel,54,0.9033333333333333,0.9629629629629629,0.9325116713352006,1.3349501255228575,0.07407407407407407,0.9401724137931035
2,20261005,dinov2_cosine_1nn,multiclass,exposure_4_A,all_probe,108,0.8833333333333333,0.9351851851851852,0.8970741694736146,2.3361627196650003,0.12962962962962962,0.9227586206896551
2,20261005,dinov2_cosine_1nn,multiclass,exposure_4_A,sentinel,54,0.89,0.9444444444444444,0.8897225556889423,2.0024251882842865,0.1111111111111111,0.9301724137931034
2,20261005,dinov2_cosine_1nn,multiclass,sham_4_A,all_probe,108,0.835,0.9166666666666666,0.8588006743346549,3.0036377824264293,0.16666666666666666,0.8928448275862069
2,20261005,dinov2_cosine_1nn,multiclass,sham_4_A,sentinel,54,0.89,0.9444444444444444,0.8897225556889423,2.0024251882842865,0.1111111111111111,0.9301724137931034
2,20261005,dinov2_cosine_1nn,multiclass,exposure_4_B,all_probe,108,0.9249999999999999,0.9444444444444444,0.941365993600353,2.002425188284286,0.1111111111111111,0.9452586206896552
2,20261005,dinov2_cosine_1nn,multiclass,exposure_4_B,sentinel,54,0.89,0.9444444444444444,0.9191522762951334,2.0024251882842865,0.1111111111111111,0.9277586206896551
2,20261005,dinov2_cosine_1nn,multiclass,sham_4_B,all_probe,108,0.9116666666666666,0.9259259259259259,0.9280817693188826,2.669900251045715,0.14814814814814814,0.9328448275862069
2,20261005,dinov2_cosine_1nn,multiclass,sham_4_B,sentinel,54,0.9033333333333333,0.9629629629629629,0.9325116713352006,1.3349501255228575,0.07407407407407407,0.9401724137931035
3,20261006,dinov2_logit,multiclass,zero,all_probe,108,0.9933333333333333,0.9907407407407407,0.9770251534957417,0.07949668466532785,0.025737185634160067,1.0
3,20261006,dinov2_logit,multiclass,zero,sentinel,54,1.0,1.0,1.0,0.09906571178524963,0.037783261608835786,1.0
3,20261006,dinov2_logit,multiclass,exposure_0_A,all_probe,108,0.9933333333333333,0.9907407407407407,0.9770251534957417,0.07305807634845288,0.02172925266023817,1.0
3,20261006,dinov2_logit,multiclass,exposure_0_A,sentinel,54,0.9166666666666666,0.9814814814814815,0.9458450046685342,0.09730618739619218,0.03579180234501224,1.0
3,20261006,dinov2_logit,multiclass,sham_0_A,all_probe,108,0.9866666666666667,0.9814814814814815,0.9702891057413064,0.08549981834898504,0.028725588545923282,1.0
3,20261006,dinov2_logit,multiclass,sham_0_A,sentinel,54,0.9166666666666666,0.9814814814814815,0.9458450046685342,0.09667050639600898,0.03599432501984579,1.0
3,20261006,dinov2_logit,multiclass,exposure_0_B,all_probe,108,0.9933333333333333,0.9907407407407407,0.9770251534957417,0.07275647583043032,0.023238356903573128,1.0
3,20261006,dinov2_logit,multiclass,exposure_0_B,sentinel,54,1.0,1.0,1.0,0.0960407304089295,0.03709305729431561,1.0
3,20261006,dinov2_logit,multiclass,sham_0_B,all_probe,108,0.9933333333333333,0.9907407407407407,0.9770251534957417,0.08086396992965919,0.027920826202679012,0.9997701149425288
3,20261006,dinov2_logit,multiclass,sham_0_B,sentinel,54,0.9866666666666667,0.9814814814814815,0.9561602418745275,0.1015493294724601,0.04060664746550779,1.0
3,20261006,dinov2_logit,multiclass,exposure_1_A,all_probe,108,0.9933333333333333,0.9907407407407407,0.9770251534957417,0.0706771533313161,0.02089686913027184,1.0
3,20261006,dinov2_logit,multiclass,exposure_1_A,sentinel,54,1.0,1.0,1.0,0.09287477620182501,0.03382886999184637,1.0
3,20261006,dinov2_logit,multiclass,sham_1_A,all_probe,108,0.9933333333333333,0.9907407407407407,0.9770251534957417,0.07807994420026361,0.025003971655928266,1.0
3,20261006,dinov2_logit,multiclass,sham_1_A,sentinel,54,1.0,1.0,1.0,0.10006874851863579,0.03949685783523868,1.0
3,20261006,dinov2_logit,multiclass,exposure_1_B,all_probe,108,0.9933333333333333,0.9907407407407407,0.9770251534957417,0.07385549240460297,0.022721938352996296,1.0
3,20261006,dinov2_logit,multiclass,exposure_1_B,sentinel,54,0.9166666666666666,0.9814814814814815,0.9458450046685342,0.10003550430527668,0.03940985470497188,1.0
3,20261006,dinov2_logit,multiclass,sham_1_B,all_probe,108,0.9933333333333333,0.9907407407407407,0.9770251534957417,0.08902673003080205,0.031977947163227716,0.9997701149425288
3,20261006,dinov2_logit,multiclass,sham_1_B,sentinel,54,1.0,1.0,1.0,0.09641906809633637,0.03531932508502447,1.0
3,20261006,dinov2_logit,multiclass,exposure_2_A,all_probe,108,0.9933333333333333,0.9907407407407407,0.9770251534957417,0.07636305863351119,0.02513144282837105,1.0
3,20261006,dinov2_logit,multiclass,exposure_2_A,sentinel,54,1.0,1.0,1.0,0.1029285237394118,0.041014772046415744,1.0
3,20261006,dinov2_logit,multiclass,sham_2_A,all_probe,108,0.9933333333333333,0.9907407407407407,0.9770251534957417,0.08061254044127279,0.025968413907302774,0.9998850574712644
3,20261006,dinov2_logit,multiclass,sham_2_A,sentinel,54,0.9866666666666667,0.9814814814814815,0.9561602418745275,0.09728221632183764,0.0375030261205567,1.0
3,20261006,dinov2_logit,multiclass,exposure_2_B,all_probe,108,0.9933333333333333,0.9907407407407407,0.9770251534957417,0.0710718471360433,0.020335064886572975,1.0
3,20261006,dinov2_logit,multiclass,exposure_2_B,sentinel,54,1.0,1.0,1.0,0.09025259242219391,0.03177451210345227,1.0
3,20261006,dinov2_logit,multiclass,sham_2_B,all_probe,108,0.9866666666666667,0.9814814814814815,0.9702891057413064,0.08449621005326566,0.029569688387020194,0.9997701149425288
3,20261006,dinov2_logit,multiclass,sham_2_B,sentinel,54,1.0,1.0,1.0,0.09921726096392369,0.037578473101804115,1.0
3,20261006,dinov2_logit,multiclass,exposure_3_A,all_probe,108,0.9933333333333333,0.9907407407407407,0.9770251534957417,0.07003086486997981,0.018615960476884602,1.0
3,20261006,dinov2_logit,multiclass,exposure_3_A,sentinel,54,1.0,1.0,1.0,0.09322585268484043,0.033561171512109925,1.0
3,20261006,dinov2_logit,multiclass,sham_3_A,all_probe,108,0.9933333333333333,0.9907407407407407,0.9770251534957417,0.08602510187462166,0.028821384546886614,1.0
3,20261006,dinov2_logit,multiclass,sham_3_A,sentinel,54,1.0,1.0,1.0,0.09069358122543815,0.031081745011042654,1.0
3,20261006,dinov2_logit,multiclass,exposure_3_B,all_probe,108,0.9933333333333333,0.9907407407407407,0.9770251534957417,0.07670678551709303,0.026310270589595012,0.9998850574712644
3,20261006,dinov2_logit,multiclass,exposure_3_B,sentinel,54,1.0,1.0,1.0,0.10240551324197798,0.041752859927623065,1.0
3,20261006,dinov2_logit,multiclass,sham_3_B,all_probe,108,0.9933333333333333,0.9907407407407407,0.9770251534957417,0.08199728420751029,0.028617855035845418,0.9997701149425288
3,20261006,dinov2_logit,multiclass,sham_3_B,sentinel,54,0.9866666666666667,0.9814814814814815,0.9561602418745275,0.10832825993886473,0.0462224366466297,1.0
3,20261006,dinov2_logit,multiclass,exposure_4_A,all_probe,108,0.9933333333333333,0.9907407407407407,0.9770251534957417,0.07268483879503325,0.022594768988683504,1.0
3,20261006,dinov2_logit,multiclass,exposure_4_A,sentinel,54,1.0,1.0,1.0,0.09643982521785699,0.03606250537612137,1.0
3,20261006,dinov2_logit,multiclass,sham_4_A,all_probe,108,0.9866666666666667,0.9814814814814815,0.9702891057413064,0.08507011037016034,0.03042666354218684,0.9997701149425288
3,20261006,dinov2_logit,multiclass,sham_4_A,sentinel,54,0.9866666666666667,0.9814814814814815,0.9561602418745275,0.10113591917102405,0.04103978548165047,1.0
3,20261006,dinov2_logit,multiclass,exposure_4_B,all_probe,108,0.9933333333333333,0.9907407407407407,0.9770251534957417,0.07400811115090823,0.021878319627776244,1.0
3,20261006,dinov2_logit,multiclass,exposure_4_B,sentinel,54,1.0,1.0,1.0,0.09744800507258525,0.03744164606609467,1.0
3,20261006,dinov2_logit,multiclass,sham_4_B,all_probe,108,0.9933333333333333,0.9907407407407407,0.9770251534957417,0.08107306662644562,0.025982716361136995,1.0
3,20261006,dinov2_logit,multiclass,sham_4_B,sentinel,54,1.0,1.0,1.0,0.09446050606669455,0.033665212101183034,1.0
3,20261006,dinov2_cosine_1nn,multiclass,zero,all_probe,108,0.87,0.9166666666666666,0.8828864614366104,3.0036377824264293,0.16666666666666666,0.9103448275862068
3,20261006,dinov2_cosine_1nn,multiclass,zero,sentinel,54,0.9166666666666666,0.9814814814814815,0.9458450046685342,0.667475062761429,0.037037037037037035,0.9525862068965517
3,20261006,dinov2_cosine_1nn,multiclass,exposure_0_A,all_probe,108,0.9666666666666667,0.9537037037037037,0.9500277843931094,1.6686876569035718,0.09259259259259259,0.9701724137931033
3,20261006,dinov2_cosine_1nn,multiclass,exposure_0_A,sentinel,54,0.9166666666666666,0.9814814814814815,0.9458450046685342,0.667475062761429,0.037037037037037035,0.9525862068965517
3,20261006,dinov2_cosine_1nn,multiclass,sham_0_A,all_probe,108,0.8633333333333333,0.9074074074074074,0.8925014974543277,3.3373753138071436,0.18518518518518517,0.9029310344827586
3,20261006,dinov2_cosine_1nn,multiclass,sham_0_A,sentinel,54,0.8333333333333334,0.9629629629629629,0.8760683760683761,1.3349501255228577,0.07407407407407407,0.9051724137931035
3,20261006,dinov2_cosine_1nn,multiclass,exposure_0_B,all_probe,108,0.8966666666666666,0.9537037037037037,0.9099623687858981,1.6686876569035718,0.09259259259259259,0.9351724137931035
3,20261006,dinov2_cosine_1nn,multiclass,exposure_0_B,sentinel,54,1.0,1.0,1.0,2.2204460492503136e-16,0.0,1.0
3,20261006,dinov2_cosine_1nn,multiclass,sham_0_B,all_probe,108,0.9249999999999999,0.9444444444444444,0.9246794871794872,2.002425188284286,0.1111111111111111,0.9464655172413793
3,20261006,dinov2_cosine_1nn,multiclass,sham_0_B,sentinel,54,0.9166666666666666,0.9814814814814815,0.9458450046685342,0.667475062761429,0.037037037037037035,0.9525862068965517
3,20261006,dinov2_cosine_1nn,multiclass,exposure_1_A,all_probe,108,0.96,0.9444444444444444,0.9432425452450484,2.0024251882842865,0.1111111111111111,0.9639655172413794
3,20261006,dinov2_cosine_1nn,multiclass,exposure_1_A,sentinel,54,0.9866666666666667,0.9814814814814815,0.9866613311991465,0.6674750627614289,0.037037037037037035,0.9875862068965517
3,20261006,dinov2_cosine_1nn,multiclass,sham_1_A,all_probe,108,0.8766666666666666,0.9259259259259259,0.8896825396825396,2.669900251045715,0.14814814814814814,0.9165517241379311
3,20261006,dinov2_cosine_1nn,multiclass,sham_1_A,sentinel,54,0.9166666666666666,0.9814814814814815,0.9458450046685342,0.667475062761429,0.037037037037037035,0.9525862068965517
3,20261006,dinov2_cosine_1nn,multiclass,exposure_1_B,all_probe,108,0.8766666666666666,0.9259259259259259,0.8896825396825396,2.669900251045715,0.14814814814814814,0.9165517241379311
3,20261006,dinov2_cosine_1nn,multiclass,exposure_1_B,sentinel,54,0.9166666666666666,0.9814814814814815,0.9458450046685342,0.667475062761429,0.037037037037037035,0.9525862068965517
3,20261006,dinov2_cosine_1nn,multiclass,sham_1_B,all_probe,108,0.9183333333333333,0.9351851851851852,0.9343484497407039,2.3361627196650008,0.12962962962962962,0.939051724137931
3,20261006,dinov2_cosine_1nn,multiclass,sham_1_B,sentinel,54,0.9033333333333333,0.9629629629629629,0.9325116713352006,1.3349501255228575,0.07407407407407407,0.9401724137931035
3,20261006,dinov2_cosine_1nn,multiclass,exposure_2_A,all_probe,108,0.9666666666666667,0.9537037037037037,0.9500277843931094,1.6686876569035718,0.09259259259259259,0.9701724137931033
3,20261006,dinov2_cosine_1nn,multiclass,exposure_2_A,sentinel,54,0.9033333333333333,0.9629629629629629,0.9325116713352006,1.3349501255228575,0.07407407407407407,0.9401724137931035
3,20261006,dinov2_cosine_1nn,multiclass,sham_2_A,all_probe,108,0.8833333333333333,0.9351851851851852,0.9124529536900671,2.3361627196650003,0.12962962962962962,0.921551724137931
3,20261006,dinov2_cosine_1nn,multiclass,sham_2_A,sentinel,54,0.9166666666666666,0.9814814814814815,0.9458450046685342,0.667475062761429,0.037037037037037035,0.9525862068965517
3,20261006,dinov2_cosine_1nn,multiclass,exposure_2_B,all_probe,108,0.8766666666666666,0.9259259259259259,0.8899412192061291,2.669900251045715,0.14814814814814814,0.9165517241379311
3,20261006,dinov2_cosine_1nn,multiclass,exposure_2_B,sentinel,54,1.0,1.0,1.0,2.2204460492503136e-16,0.0,1.0
3,20261006,dinov2_cosine_1nn,multiclass,sham_2_B,all_probe,108,0.9183333333333333,0.9351851851851852,0.9178989139515455,2.3361627196650008,0.12962962962962962,0.9402586206896553
3,20261006,dinov2_cosine_1nn,multiclass,sham_2_B,sentinel,54,0.9166666666666666,0.9814814814814815,0.9458450046685342,0.667475062761429,0.037037037037037035,0.9525862068965517
3,20261006,dinov2_cosine_1nn,multiclass,exposure_3_A,all_probe,108,0.9733333333333333,0.9629629629629629,0.9567945301097786,1.3349501255228575,0.07407407407407407,0.9763793103448276
3,20261006,dinov2_cosine_1nn,multiclass,exposure_3_A,sentinel,54,0.9166666666666666,0.9814814814814815,0.9458450046685342,0.667475062761429,0.037037037037037035,0.9525862068965517
3,20261006,dinov2_cosine_1nn,multiclass,sham_3_A,all_probe,108,0.8766666666666666,0.9259259259259259,0.8896825396825396,2.669900251045715,0.14814814814814814,0.9165517241379311
3,20261006,dinov2_cosine_1nn,multiclass,sham_3_A,sentinel,54,0.8333333333333334,0.9629629629629629,0.8760683760683761,1.3349501255228577,0.07407407407407407,0.9051724137931035
3,20261006,dinov2_cosine_1nn,multiclass,exposure_3_B,all_probe,108,0.87,0.9166666666666666,0.8828864614366104,3.0036377824264293,0.16666666666666666,0.9103448275862068
3,20261006,dinov2_cosine_1nn,multiclass,exposure_3_B,sentinel,54,1.0,1.0,1.0,2.2204460492503136e-16,0.0,1.0
3,20261006,dinov2_cosine_1nn,multiclass,sham_3_B,all_probe,108,0.9183333333333333,0.9351851851851852,0.9343484497407039,2.3361627196650008,0.12962962962962962,0.939051724137931
3,20261006,dinov2_cosine_1nn,multiclass,sham_3_B,sentinel,54,0.9166666666666666,0.9814814814814815,0.9458450046685342,0.667475062761429,0.037037037037037035,0.9525862068965517
3,20261006,dinov2_cosine_1nn,multiclass,exposure_4_A,all_probe,108,0.94,0.9166666666666666,0.9229768596422135,3.0036377824264293,0.16666666666666666,0.9453448275862067
3,20261006,dinov2_cosine_1nn,multiclass,exposure_4_A,sentinel,54,1.0,1.0,1.0,2.2204460492503136e-16,0.0,1.0
3,20261006,dinov2_cosine_1nn,multiclass,sham_4_A,all_probe,108,0.87,0.9166666666666666,0.8992308951071837,3.0036377824264293,0.16666666666666666,0.9091379310344827
3,20261006,dinov2_cosine_1nn,multiclass,sham_4_A,sentinel,54,0.9166666666666666,0.9814814814814815,0.9458450046685342,0.667475062761429,0.037037037037037035,0.9525862068965517
3,20261006,dinov2_cosine_1nn,multiclass,exposure_4_B,all_probe,108,0.9383333333333334,0.9629629629629629,0.9381919434440443,1.3349501255228575,0.07407407407407407,0.9588793103448277
3,20261006,dinov2_cosine_1nn,multiclass,exposure_4_B,sentinel,54,0.89,0.9444444444444444,0.9191522762951334,2.0024251882842865,0.1111111111111111,0.9277586206896551
3,20261006,dinov2_cosine_1nn,multiclass,sham_4_B,all_probe,108,0.9183333333333333,0.9351851851851852,0.9178989139515455,2.3361627196650008,0.12962962962962962,0.9402586206896553
3,20261006,dinov2_cosine_1nn,multiclass,sham_4_B,sentinel,54,0.9033333333333333,0.9629629629629629,0.9325116713352006,1.3349501255228575,0.07407407407407407,0.9401724137931035
4,20261007,dinov2_logit,multiclass,zero,all_probe,108,0.9516666666666667,0.9814814814814815,0.9678107810781077,0.09649029121628239,0.035215711192362456,0.9998850574712644
4,20261007,dinov2_logit,multiclass,zero,sentinel,54,1.0,1.0,1.0,0.05393502964017313,0.01570117218282267,1.0
4,20261007,dinov2_logit,multiclass,exposure_0_A,all_probe,108,0.9933333333333333,0.9907407407407407,0.9933326665999934,0.09521425610841064,0.034315446667295635,1.0
4,20261007,dinov2_logit,multiclass,exposure_0_A,sentinel,54,1.0,1.0,1.0,0.048612444564551494,0.010129565251304222,1.0
4,20261007,dinov2_logit,multiclass,sham_0_A,all_probe,108,0.9583333333333334,0.9907407407407407,0.9744774477447745,0.09704247920077369,0.03583451256304277,0.9998850574712644
4,20261007,dinov2_logit,multiclass,sham_0_A,sentinel,54,1.0,1.0,1.0,0.051460755316840585,0.013260531858691606,1.0
4,20261007,dinov2_logit,multiclass,exposure_0_B,all_probe,108,0.9933333333333333,0.9907407407407407,0.9933326665999934,0.0838511242883709,0.026235732825933913,1.0
4,20261007,dinov2_logit,multiclass,exposure_0_B,sentinel,54,1.0,1.0,1.0,0.04833011845371411,0.009233537215178821,1.0
4,20261007,dinov2_logit,multiclass,sham_0_B,all_probe,108,0.9933333333333333,0.9907407407407407,0.9933326665999934,0.09486009942068882,0.03456992531442203,1.0
4,20261007,dinov2_logit,multiclass,sham_0_B,sentinel,54,1.0,1.0,1.0,0.053016454733617484,0.013145385657654954,1.0
4,20261007,dinov2_logit,multiclass,exposure_1_A,all_probe,108,1.0,1.0,1.0,0.08658305718203747,0.02773112764490926,1.0
4,20261007,dinov2_logit,multiclass,exposure_1_A,sentinel,54,1.0,1.0,1.0,0.04842854467529279,0.010211232547248495,1.0
4,20261007,dinov2_logit,multiclass,sham_1_A,all_probe,108,0.9933333333333333,0.9907407407407407,0.9933326665999934,0.09740395260149552,0.0353657483636008,1.0
4,20261007,dinov2_logit,multiclass,sham_1_A,sentinel,54,1.0,1.0,1.0,0.05142234244113223,0.012479272105950286,1.0
4,20261007,dinov2_logit,multiclass,exposure_1_B,all_probe,108,0.9933333333333333,0.9907407407407407,0.9933326665999934,0.08600301830744066,0.028111350255515942,1.0
4,20261007,dinov2_logit,multiclass,exposure_1_B,sentinel,54,1.0,1.0,1.0,0.04661464248731438,0.008188043966229838,1.0
4,20261007,dinov2_logit,multiclass,sham_1_B,all_probe,108,0.875,0.9722222222222222,0.9133681852128454,0.09654568568573557,0.03704071236907069,0.9998850574712644
4,20261007,dinov2_logit,multiclass,sham_1_B,sentinel,54,1.0,1.0,1.0,0.0542222488122559,0.015183309892116904,1.0
4,20261007,dinov2_logit,multiclass,exposure_2_A,all_probe,108,1.0,1.0,1.0,0.08223073849900121,0.025087243216223028,1.0
4,20261007,dinov2_logit,multiclass,exposure_2_A,sentinel,54,1.0,1.0,1.0,0.04881324370259249,0.010513509065409743,1.0
4,20261007,dinov2_logit,multiclass,sham_2_A,all_probe,108,0.9516666666666667,0.9814814814814815,0.9678107810781077,0.0944242145604264,0.03479370464762418,1.0
4,20261007,dinov2_logit,multiclass,sham_2_A,sentinel,54,1.0,1.0,1.0,0.050299094613734247,0.012591028650102235,1.0
4,20261007,dinov2_logit,multiclass,exposure_2_B,all_probe,108,0.9933333333333333,0.9907407407407407,0.9933326665999934,0.096389170142725,0.03677951501328227,1.0
4,20261007,dinov2_logit,multiclass,exposure_2_B,sentinel,54,1.0,1.0,1.0,0.046952118576992476,0.008503948408746832,1.0
4,20261007,dinov2_logit,multiclass,sham_2_B,all_probe,108,0.9516666666666667,0.9814814814814815,0.9678107810781077,0.09783645590812542,0.036770988276213244,0.9998850574712644
4,20261007,dinov2_logit,multiclass,sham_2_B,sentinel,54,1.0,1.0,1.0,0.05509448448872777,0.014907327220167042,1.0
4,20261007,dinov2_logit,multiclass,exposure_3_A,all_probe,108,0.9933333333333333,0.9907407407407407,0.9933326665999934,0.08559062825006324,0.026611420929509147,1.0
4,20261007,dinov2_logit,multiclass,exposure_3_A,sentinel,54,1.0,1.0,1.0,0.050087657578396096,0.01095634136560134,1.0
4,20261007,dinov2_logit,multiclass,sham_3_A,all_probe,108,0.91,0.9722222222222222,0.9391796322489392,0.10349801520446478,0.041051611675105106,0.9996551724137931
4,20261007,dinov2_logit,multiclass,sham_3_A,sentinel,54,0.9866666666666667,0.9814814814814815,0.9866613311991465,0.06638647980973637,0.026376419818270123,1.0
4,20261007,dinov2_logit,multiclass,exposure_3_B,all_probe,108,0.9933333333333333,0.9907407407407407,0.9933326665999934,0.08924822016220751,0.03140934387843501,1.0
4,20261007,dinov2_logit,multiclass,exposure_3_B,sentinel,54,1.0,1.0,1.0,0.04575641366825528,0.008358909858056025,1.0
4,20261007,dinov2_logit,multiclass,sham_3_B,all_probe,108,1.0,1.0,1.0,0.08959065702063873,0.030689888790587358,1.0
4,20261007,dinov2_logit,multiclass,sham_3_B,sentinel,54,1.0,1.0,1.0,0.044766167177131735,0.007909561387001158,1.0
4,20261007,dinov2_logit,multiclass,exposure_4_A,all_probe,108,0.9933333333333333,0.9907407407407407,0.9933326665999934,0.08800985478577517,0.029492119705397158,1.0
4,20261007,dinov2_logit,multiclass,exposure_4_A,sentinel,54,1.0,1.0,1.0,0.04434223144916528,0.007011034931270243,1.0
4,20261007,dinov2_logit,multiclass,sham_4_A,all_probe,108,0.9583333333333334,0.9907407407407407,0.9744774477447745,0.09750432264645338,0.03703963023853007,0.9998850574712644
4,20261007,dinov2_logit,multiclass,sham_4_A,sentinel,54,1.0,1.0,1.0,0.045162975795165324,0.008051720005524175,1.0
4,20261007,dinov2_logit,multiclass,exposure_4_B,all_probe,108,1.0,1.0,1.0,0.08216070769880988,0.024470277005959346,1.0
4,20261007,dinov2_logit,multiclass,exposure_4_B,sentinel,54,1.0,1.0,1.0,0.053483295714411544,0.015091218696165224,1.0
4,20261007,dinov2_logit,multiclass,sham_4_B,all_probe,108,0.9933333333333333,0.9907407407407407,0.9933326665999934,0.0941607654284384,0.03364673337027645,1.0
4,20261007,dinov2_logit,multiclass,sham_4_B,sentinel,54,0.9866666666666667,0.9814814814814815,0.9866613311991465,0.06702588625768742,0.027084906632677194,1.0
4,20261007,dinov2_cosine_1nn,multiclass,zero,all_probe,108,0.8483333333333333,0.9351851851851852,0.8866873866873867,2.3361627196650003,0.12962962962962962,0.904051724137931
4,20261007,dinov2_cosine_1nn,multiclass,zero,sentinel,54,0.9333333333333332,0.9074074074074074,0.9326599326599326,3.3373753138071436,0.18518518518518517,0.9379310344827586
4,20261007,dinov2_cosine_1nn,multiclass,exposure_0_A,all_probe,108,0.89,0.9444444444444444,0.9191522762951334,2.002425188284286,0.1111111111111111,0.9277586206896551
4,20261007,dinov2_cosine_1nn,multiclass,exposure_0_A,sentinel,54,0.9466666666666667,0.9259259259259259,0.9463231347289319,2.669900251045715,0.14814814814814814,0.9503448275862069
4,20261007,dinov2_cosine_1nn,multiclass,sham_0_A,all_probe,108,0.8833333333333333,0.9351851851851852,0.9124529536900671,2.3361627196650008,0.12962962962962962,0.921551724137931
4,20261007,dinov2_cosine_1nn,multiclass,sham_0_A,sentinel,54,0.9199999999999999,0.8888888888888888,0.9188311688311689,4.004850376568572,0.2222222222222222,0.9255172413793104
4,20261007,dinov2_cosine_1nn,multiclass,exposure_0_B,all_probe,108,0.91,0.9722222222222222,0.9391796322489392,1.0012125941421433,0.05555555555555555,0.9463793103448275
4,20261007,dinov2_cosine_1nn,multiclass,exposure_0_B,sentinel,54,0.96,0.9444444444444444,0.9598554797270173,2.0024251882842865,0.1111111111111111,0.9627586206896552
4,20261007,dinov2_cosine_1nn,multiclass,sham_0_B,all_probe,108,0.8066666666666666,0.9259259259259259,0.8494017094017093,2.669900251045715,0.14814814814814814,0.8803448275862068
4,20261007,dinov2_cosine_1nn,multiclass,sham_0_B,sentinel,54,0.9466666666666667,0.9259259259259259,0.9463231347289319,2.669900251045715,0.14814814814814814,0.9503448275862069
4,20261007,dinov2_cosine_1nn,multiclass,exposure_1_A,all_probe,108,0.9249999999999999,0.9444444444444444,0.9246794871794872,2.002425188284286,0.1111111111111111,0.9464655172413793
4,20261007,dinov2_cosine_1nn,multiclass,exposure_1_A,sentinel,54,0.9733333333333333,0.9629629629629629,0.9732905982905984,1.3349501255228575,0.07407407407407407,0.9751724137931035
4,20261007,dinov2_cosine_1nn,multiclass,sham_1_A,all_probe,108,0.8833333333333333,0.9351851851851852,0.9124529536900671,2.3361627196650003,0.12962962962962962,0.921551724137931
4,20261007,dinov2_cosine_1nn,multiclass,sham_1_A,sentinel,54,0.96,0.9444444444444444,0.9598554797270173,2.0024251882842865,0.1111111111111111,0.9627586206896552
4,20261007,dinov2_cosine_1nn,multiclass,exposure_1_B,all_probe,108,0.91,0.9722222222222222,0.9391796322489392,1.0012125941421433,0.05555555555555555,0.9463793103448275
4,20261007,dinov2_cosine_1nn,multiclass,exposure_1_B,sentinel,54,0.9066666666666666,0.8703703703703703,0.9048007615939073,4.6723254393300016,0.25925925925925924,0.9131034482758621
4,20261007,dinov2_cosine_1nn,multiclass,sham_1_B,all_probe,108,0.855,0.9444444444444444,0.8933681852128453,2.002425188284286,0.1111111111111111,0.9102586206896551
4,20261007,dinov2_cosine_1nn,multiclass,sham_1_B,sentinel,54,0.9199999999999999,0.8888888888888888,0.9188311688311689,4.004850376568572,0.2222222222222222,0.9255172413793104
4,20261007,dinov2_cosine_1nn,multiclass,exposure_2_A,all_probe,108,0.8833333333333333,0.9351851851851852,0.8964578376949511,2.3361627196650008,0.12962962962962962,0.9227586206896551
4,20261007,dinov2_cosine_1nn,multiclass,exposure_2_A,sentinel,54,0.9333333333333332,0.9074074074074074,0.9326599326599326,3.3373753138071436,0.18518518518518517,0.9379310344827586
4,20261007,dinov2_cosine_1nn,multiclass,sham_2_A,all_probe,108,0.8483333333333333,0.9351851851851852,0.8866873866873867,2.3361627196650008,0.12962962962962962,0.904051724137931
4,20261007,dinov2_cosine_1nn,multiclass,sham_2_A,sentinel,54,0.9333333333333332,0.9074074074074074,0.9326599326599326,3.3373753138071436,0.18518518518518517,0.9379310344827586
4,20261007,dinov2_cosine_1nn,multiclass,exposure_2_B,all_probe,108,0.945,0.9722222222222222,0.9612101210121011,1.0012125941421433,0.05555555555555555,0.9638793103448275
4,20261007,dinov2_cosine_1nn,multiclass,exposure_2_B,sentinel,54,0.96,0.9444444444444444,0.9598554797270173,2.0024251882842865,0.1111111111111111,0.9627586206896552
4,20261007,dinov2_cosine_1nn,multiclass,sham_2_B,all_probe,108,0.8833333333333333,0.9351851851851852,0.8964578376949511,2.3361627196650003,0.12962962962962962,0.9227586206896551
4,20261007,dinov2_cosine_1nn,multiclass,sham_2_B,sentinel,54,0.9466666666666667,0.9259259259259259,0.9463231347289319,2.669900251045715,0.14814814814814814,0.9503448275862069
4,20261007,dinov2_cosine_1nn,multiclass,exposure_3_A,all_probe,108,0.8833333333333333,0.9351851851851852,0.8964578376949511,2.3361627196650008,0.12962962962962962,0.9227586206896551
4,20261007,dinov2_cosine_1nn,multiclass,exposure_3_A,sentinel,54,0.9466666666666667,0.9259259259259259,0.9463231347289319,2.669900251045715,0.14814814814814814,0.9503448275862069
4,20261007,dinov2_cosine_1nn,multiclass,sham_3_A,all_probe,108,0.855,0.9444444444444444,0.8933681852128453,2.002425188284286,0.1111111111111111,0.9102586206896551
4,20261007,dinov2_cosine_1nn,multiclass,sham_3_A,sentinel,54,0.9199999999999999,0.8888888888888888,0.9188311688311689,4.004850376568572,0.2222222222222222,0.9255172413793104
4,20261007,dinov2_cosine_1nn,multiclass,exposure_3_B,all_probe,108,0.9516666666666667,0.9814814814814815,0.9678107810781077,0.667475062761429,0.037037037037037035,0.9700862068965517
4,20261007,dinov2_cosine_1nn,multiclass,exposure_3_B,sentinel,54,0.96,0.9444444444444444,0.9598554797270173,2.0024251882842865,0.1111111111111111,0.9627586206896552
4,20261007,dinov2_cosine_1nn,multiclass,sham_3_B,all_probe,108,0.8766666666666666,0.9259259259259259,0.8896825396825396,2.669900251045715,0.14814814814814814,0.9165517241379311
4,20261007,dinov2_cosine_1nn,multiclass,sham_3_B,sentinel,54,0.96,0.9444444444444444,0.9598554797270173,2.0024251882842865,0.1111111111111111,0.9627586206896552
4,20261007,dinov2_cosine_1nn,multiclass,exposure_4_A,all_probe,108,0.9316666666666666,0.9537037037037037,0.9477751343730724,1.6686876569035718,0.09259259259259259,0.9514655172413793
4,20261007,dinov2_cosine_1nn,multiclass,exposure_4_A,sentinel,54,0.9466666666666667,0.9259259259259259,0.9463231347289319,2.669900251045715,0.14814814814814814,0.9503448275862069
4,20261007,dinov2_cosine_1nn,multiclass,sham_4_A,all_probe,108,0.8483333333333333,0.9351851851851852,0.8866873866873867,2.3361627196650008,0.12962962962962962,0.904051724137931
4,20261007,dinov2_cosine_1nn,multiclass,sham_4_A,sentinel,54,0.9333333333333332,0.9074074074074074,0.9326599326599326,3.3373753138071436,0.18518518518518517,0.9379310344827586
4,20261007,dinov2_cosine_1nn,multiclass,exposure_4_B,all_probe,108,0.9033333333333333,0.9629629629629629,0.9325116713352006,1.3349501255228575,0.07407407407407407,0.9401724137931035
4,20261007,dinov2_cosine_1nn,multiclass,exposure_4_B,sentinel,54,0.96,0.9444444444444444,0.9598554797270173,2.0024251882842865,0.1111111111111111,0.9627586206896552
4,20261007,dinov2_cosine_1nn,multiclass,sham_4_B,all_probe,108,0.8966666666666666,0.9537037037037037,0.9258371976818579,1.6686876569035718,0.09259259259259259,0.9339655172413792
4,20261007,dinov2_cosine_1nn,multiclass,sham_4_B,sentinel,54,0.9466666666666667,0.9259259259259259,0.9463231347289319,2.669900251045715,0.14814814814814814,0.9503448275862069
5,20261008,dinov2_logit,multiclass,zero,all_probe,108,0.9933333333333333,0.9907407407407407,0.9770251534957417,0.0905750548864182,0.03666573304440083,0.9997701149425288
5,20261008,dinov2_logit,multiclass,zero,sentinel,54,0.9866666666666667,0.9814814814814815,0.9561602418745275,0.0733761047617562,0.025090947097085512,1.0
5,20261008,dinov2_logit,multiclass,exposure_0_A,all_probe,108,0.9933333333333333,0.9907407407407407,0.9770251534957417,0.07689844908321589,0.027665880275880968,1.0
5,20261008,dinov2_logit,multiclass,exposure_0_A,sentinel,54,1.0,1.0,1.0,0.06944231014418406,0.022130545093136084,1.0
5,20261008,dinov2_logit,multiclass,sham_0_A,all_probe,108,0.9516666666666667,0.9814814814814815,0.9516666666666667,0.09159755358781062,0.0402857409548488,0.9989367816091955
5,20261008,dinov2_logit,multiclass,sham_0_A,sentinel,54,1.0,1.0,1.0,0.06622520231992785,0.01952830616532628,1.0
5,20261008,dinov2_logit,multiclass,exposure_0_B,all_probe,108,0.9866666666666667,0.9814814814814815,0.970358486829075,0.08675431411948754,0.034076185024364096,0.9996551724137931
5,20261008,dinov2_logit,multiclass,exposure_0_B,sentinel,54,0.9866666666666667,0.9814814814814815,0.9561602418745275,0.07417533969142867,0.02784178281842956,1.0
5,20261008,dinov2_logit,multiclass,sham_0_B,all_probe,108,0.9933333333333333,0.9907407407407407,0.9770251534957417,0.09017265783598451,0.03754005576084607,0.9987068965517242
5,20261008,dinov2_logit,multiclass,sham_0_B,sentinel,54,1.0,1.0,1.0,0.07160194917571802,0.02400067746195463,1.0
5,20261008,dinov2_logit,multiclass,exposure_1_A,all_probe,108,0.9933333333333333,0.9907407407407407,0.9770251534957417,0.08135763470057857,0.030504424764840894,0.999353448275862
5,20261008,dinov2_logit,multiclass,exposure_1_A,sentinel,54,0.9866666666666667,0.9814814814814815,0.9561602418745275,0.07852186383921823,0.03058981702574731,1.0
5,20261008,dinov2_logit,multiclass,sham_1_A,all_probe,108,0.9933333333333333,0.9907407407407407,0.9770251534957417,0.09268273400041933,0.04070931054851453,0.9989367816091955
5,20261008,dinov2_logit,multiclass,sham_1_A,sentinel,54,1.0,1.0,1.0,0.07312086809937031,0.024389016355653256,1.0
5,20261008,dinov2_logit,multiclass,exposure_1_B,all_probe,108,0.9933333333333333,0.9907407407407407,0.9770251534957417,0.08384949030470965,0.032602593897877466,0.999353448275862
5,20261008,dinov2_logit,multiclass,exposure_1_B,sentinel,54,1.0,1.0,1.0,0.06722516253027827,0.020394742408751557,1.0
5,20261008,dinov2_logit,multiclass,sham_1_B,all_probe,108,0.9933333333333333,0.9907407407407407,0.9770251534957417,0.09001516502418104,0.03809749271029269,0.9987068965517242
5,20261008,dinov2_logit,multiclass,sham_1_B,sentinel,54,1.0,1.0,1.0,0.06644567291782046,0.020363120494439488,1.0
5,20261008,dinov2_logit,multiclass,exposure_2_A,all_probe,108,0.9866666666666667,0.9814814814814815,0.970358486829075,0.08449826115138616,0.033016967910460084,0.999353448275862
5,20261008,dinov2_logit,multiclass,exposure_2_A,sentinel,54,1.0,1.0,1.0,0.0713862728391135,0.024034078106915033,1.0
5,20261008,dinov2_logit,multiclass,sham_2_A,all_probe,108,0.9933333333333333,0.9907407407407407,0.9770251534957417,0.08519927045807353,0.03505617793153589,0.9991235632183907
5,20261008,dinov2_logit,multiclass,sham_2_A,sentinel,54,1.0,1.0,1.0,0.06841352245448941,0.021809362847872833,1.0
5,20261008,dinov2_logit,multiclass,exposure_2_B,all_probe,108,0.9933333333333333,0.9907407407407407,0.9770251534957417,0.08341278421643128,0.032086721910950196,1.0
5,20261008,dinov2_logit,multiclass,exposure_2_B,sentinel,54,0.9866666666666667,0.9814814814814815,0.9561602418745275,0.07305284130780196,0.025837126898491287,1.0
5,20261008,dinov2_logit,multiclass,sham_2_B,all_probe,108,0.945,0.9722222222222222,0.9310754604872251,0.09760945839461117,0.04385695680055173,0.9981752873563218
5,20261008,dinov2_logit,multiclass,sham_2_B,sentinel,54,1.0,1.0,1.0,0.07101399970708575,0.02203156294221514,1.0
5,20261008,dinov2_logit,multiclass,exposure_3_A,all_probe,108,0.98,0.9722222222222222,0.9494949494949495,0.08451175135349258,0.033587775769411306,0.9997701149425288
5,20261008,dinov2_logit,multiclass,exposure_3_A,sentinel,54,0.9866666666666667,0.9814814814814815,0.9561602418745275,0.08104378532699223,0.030357520836438674,1.0
5,20261008,dinov2_logit,multiclass,sham_3_A,all_probe,108,0.9933333333333333,0.9907407407407407,0.9770251534957417,0.09750917116730004,0.04243392926668862,0.9991235632183907
5,20261008,dinov2_logit,multiclass,sham_3_A,sentinel,54,1.0,1.0,1.0,0.07581741017050618,0.02477339417380171,1.0
5,20261008,dinov2_logit,multiclass,exposure_3_B,all_probe,108,0.9933333333333333,0.9907407407407407,0.9770251534957417,0.08165476418448042,0.030772894680976746,0.9998850574712644
5,20261008,dinov2_logit,multiclass,exposure_3_B,sentinel,54,1.0,1.0,1.0,0.06335695227897824,0.020272347769043592,1.0
5,20261008,dinov2_logit,multiclass,sham_3_B,all_probe,108,0.9516666666666667,0.9814814814814815,0.9516666666666667,0.08549195094920921,0.0365649518759079,0.9991235632183907
5,20261008,dinov2_logit,multiclass,sham_3_B,sentinel,54,1.0,1.0,1.0,0.06557994783462283,0.020813905076546478,1.0
5,20261008,dinov2_logit,multiclass,exposure_4_A,all_probe,108,0.9933333333333333,0.9907407407407407,0.9770251534957417,0.08089034735457673,0.029885622835239125,1.0
5,20261008,dinov2_logit,multiclass,exposure_4_A,sentinel,54,0.9866666666666667,0.9814814814814815,0.9561602418745275,0.07462967494583367,0.028157497150586724,1.0
5,20261008,dinov2_logit,multiclass,sham_4_A,all_probe,108,0.9866666666666667,0.9814814814814815,0.9561602418745275,0.09064465629688721,0.038662340861077775,0.9991235632183907
5,20261008,dinov2_logit,multiclass,sham_4_A,sentinel,54,0.9866666666666667,0.9814814814814815,0.9561602418745275,0.07096297242117566,0.023599318010914798,1.0
5,20261008,dinov2_logit,multiclass,exposure_4_B,all_probe,108,0.9933333333333333,0.9907407407407407,0.9770251534957417,0.08588441717498319,0.034386322758308385,0.999353448275862
5,20261008,dinov2_logit,multiclass,exposure_4_B,sentinel,54,1.0,1.0,1.0,0.07127292480643438,0.023093135629081246,1.0
5,20261008,dinov2_logit,multiclass,sham_4_B,all_probe,108,0.9516666666666667,0.9814814814814815,0.9516666666666667,0.0924124548871798,0.04034185315344298,0.9985919540229885
5,20261008,dinov2_logit,multiclass,sham_4_B,sentinel,54,1.0,1.0,1.0,0.07037159162090913,0.02250821186647251,1.0
5,20261008,dinov2_cosine_1nn,multiclass,zero,all_probe,108,0.8833333333333333,0.9351851851851852,0.8966924143394731,2.3361627196650003,0.12962962962962962,0.9227586206896552
5,20261008,dinov2_cosine_1nn,multiclass,zero,sentinel,54,0.9733333333333333,0.9629629629629629,0.9732905982905984,1.3349501255228575,0.07407407407407407,0.9751724137931035
5,20261008,dinov2_cosine_1nn,multiclass,exposure_0_A,all_probe,108,0.9383333333333334,0.9629629629629629,0.9544635977368294,1.3349501255228575,0.07407407407407407,0.9576724137931034
5,20261008,dinov2_cosine_1nn,multiclass,exposure_0_A,sentinel,54,0.9866666666666667,0.9814814814814815,0.9866613311991465,0.6674750627614289,0.037037037037037035,0.9875862068965517
5,20261008,dinov2_cosine_1nn,multiclass,sham_0_A,all_probe,108,0.8833333333333333,0.9351851851851852,0.8966924143394731,2.3361627196650003,0.12962962962962962,0.9227586206896552
5,20261008,dinov2_cosine_1nn,multiclass,sham_0_A,sentinel,54,0.9733333333333333,0.9629629629629629,0.9732905982905984,1.3349501255228575,0.07407407407407407,0.9751724137931035
5,20261008,dinov2_cosine_1nn,multiclass,exposure_0_B,all_probe,108,0.9383333333333334,0.9629629629629629,0.9381919434440443,1.3349501255228575,0.07407407407407407,0.9588793103448277
5,20261008,dinov2_cosine_1nn,multiclass,exposure_0_B,sentinel,54,0.9333333333333332,0.9074074074074074,0.9330924662116954,3.3373753138071436,0.18518518518518517,0.9379310344827586
5,20261008,dinov2_cosine_1nn,multiclass,sham_0_B,all_probe,108,0.9049999999999999,0.9166666666666666,0.9045321637426901,3.0036377824264293,0.16666666666666666,0.9278448275862069
5,20261008,dinov2_cosine_1nn,multiclass,sham_0_B,sentinel,54,0.9466666666666667,0.9259259259259259,0.9463231347289319,2.669900251045715,0.14814814814814814,0.9503448275862069
5,20261008,dinov2_cosine_1nn,multiclass,exposure_1_A,all_probe,108,0.9383333333333334,0.9629629629629629,0.9381919434440443,1.3349501255228575,0.07407407407407407,0.9588793103448277
5,20261008,dinov2_cosine_1nn,multiclass,exposure_1_A,sentinel,54,0.9733333333333333,0.9629629629629629,0.9733333333333333,1.3349501255228575,0.07407407407407407,0.9751724137931035
5,20261008,dinov2_cosine_1nn,multiclass,sham_1_A,all_probe,108,0.8833333333333333,0.9351851851851852,0.8966924143394731,2.3361627196650003,0.12962962962962962,0.9227586206896552
5,20261008,dinov2_cosine_1nn,multiclass,sham_1_A,sentinel,54,0.9733333333333333,0.9629629629629629,0.9732905982905984,1.3349501255228575,0.07407407407407407,0.9751724137931035
5,20261008,dinov2_cosine_1nn,multiclass,exposure_1_B,all_probe,108,0.945,0.9722222222222222,0.9611408199643493,1.0012125941421433,0.05555555555555555,0.9638793103448275
5,20261008,dinov2_cosine_1nn,multiclass,exposure_1_B,sentinel,54,0.9333333333333332,0.9074074074074074,0.9326599326599326,3.3373753138071436,0.18518518518518517,0.9379310344827586
5,20261008,dinov2_cosine_1nn,multiclass,sham_1_B,all_probe,108,0.9116666666666666,0.9259259259259259,0.9113247863247863,2.669900251045715,0.14814814814814814,0.934051724137931
5,20261008,dinov2_cosine_1nn,multiclass,sham_1_B,sentinel,54,0.85,0.8888888888888888,0.8785996612083569,4.004850376568572,0.2222222222222222,0.8905172413793103
5,20261008,dinov2_cosine_1nn,multiclass,exposure_2_A,all_probe,108,0.9733333333333333,0.9629629629629629,0.9567945301097786,1.3349501255228575,0.07407407407407407,0.9763793103448276
5,20261008,dinov2_cosine_1nn,multiclass,exposure_2_A,sentinel,54,0.9466666666666667,0.9259259259259259,0.9463231347289319,2.669900251045715,0.14814814814814814,0.9503448275862069
5,20261008,dinov2_cosine_1nn,multiclass,sham_2_A,all_probe,108,0.9183333333333333,0.9351851851851852,0.9180971207420011,2.3361627196650008,0.12962962962962962,0.9402586206896552
5,20261008,dinov2_cosine_1nn,multiclass,sham_2_A,sentinel,54,0.96,0.9444444444444444,0.9598554797270173,2.0024251882842865,0.1111111111111111,0.9627586206896552
5,20261008,dinov2_cosine_1nn,multiclass,exposure_2_B,all_probe,108,0.9033333333333333,0.9629629629629629,0.9325116713352006,1.3349501255228575,0.07407407407407407,0.9401724137931035
5,20261008,dinov2_cosine_1nn,multiclass,exposure_2_B,sentinel,54,0.96,0.9444444444444444,0.9599839935974389,2.0024251882842865,0.1111111111111111,0.9627586206896552
5,20261008,dinov2_cosine_1nn,multiclass,sham_2_B,all_probe,108,0.8283333333333333,0.9074074074074074,0.8516118474881361,3.3373753138071436,0.18518518518518517,0.8866379310344827
5,20261008,dinov2_cosine_1nn,multiclass,sham_2_B,sentinel,54,0.96,0.9444444444444444,0.9598554797270173,2.0024251882842865,0.1111111111111111,0.9627586206896552
5,20261008,dinov2_cosine_1nn,multiclass,exposure_3_A,all_probe,108,0.9249999999999999,0.9444444444444444,0.9248532746431907,2.0024251882842865,0.1111111111111111,0.9464655172413794
5,20261008,dinov2_cosine_1nn,multiclass,exposure_3_A,sentinel,54,0.9466666666666667,0.9259259259259259,0.9465811965811967,2.669900251045715,0.14814814814814814,0.9503448275862069
5,20261008,dinov2_cosine_1nn,multiclass,sham_3_A,all_probe,108,0.87,0.9166666666666666,0.8833333333333333,3.0036377824264293,0.16666666666666666,0.9103448275862069
5,20261008,dinov2_cosine_1nn,multiclass,sham_3_A,sentinel,54,0.96,0.9444444444444444,0.9598554797270173,2.0024251882842865,0.1111111111111111,0.9627586206896552
5,20261008,dinov2_cosine_1nn,multiclass,exposure_3_B,all_probe,108,0.945,0.9722222222222222,0.9611408199643493,1.0012125941421433,0.05555555555555555,0.9638793103448275
5,20261008,dinov2_cosine_1nn,multiclass,exposure_3_B,sentinel,54,0.96,0.9444444444444444,0.9598554797270173,2.0024251882842865,0.1111111111111111,0.9627586206896552
5,20261008,dinov2_cosine_1nn,multiclass,sham_3_B,all_probe,108,0.8766666666666666,0.9259259259259259,0.8899412192061291,2.669900251045715,0.14814814814814814,0.9165517241379311
5,20261008,dinov2_cosine_1nn,multiclass,sham_3_B,sentinel,54,0.96,0.9444444444444444,0.9598554797270173,2.0024251882842865,0.1111111111111111,0.9627586206896552
5,20261008,dinov2_cosine_1nn,multiclass,exposure_4_A,all_probe,108,0.8966666666666666,0.9537037037037037,0.9259783121169259,1.6686876569035718,0.09259259259259259,0.9339655172413793
5,20261008,dinov2_cosine_1nn,multiclass,exposure_4_A,sentinel,54,0.9333333333333332,0.9074074074074074,0.9330924662116954,3.3373753138071436,0.18518518518518517,0.9379310344827586
5,20261008,dinov2_cosine_1nn,multiclass,sham_4_A,all_probe,108,0.87,0.9166666666666666,0.8696581196581197,3.0036377824264293,0.16666666666666666,0.9115517241379311
5,20261008,dinov2_cosine_1nn,multiclass,sham_4_A,sentinel,54,0.9466666666666667,0.9259259259259259,0.9463231347289319,2.669900251045715,0.14814814814814814,0.9503448275862069
5,20261008,dinov2_cosine_1nn,multiclass,exposure_4_B,all_probe,108,0.98,0.9722222222222222,0.9635469307998114,1.0012125941421433,0.05555555555555555,0.9825862068965519
5,20261008,dinov2_cosine_1nn,multiclass,exposure_4_B,sentinel,54,0.9733333333333333,0.9629629629629629,0.9732905982905984,1.3349501255228575,0.07407407407407407,0.9751724137931035
5,20261008,dinov2_cosine_1nn,multiclass,sham_4_B,all_probe,108,0.9183333333333333,0.9351851851851852,0.9180971207420011,2.3361627196650008,0.12962962962962962,0.9402586206896552
5,20261008,dinov2_cosine_1nn,multiclass,sham_4_B,sentinel,54,0.9733333333333333,0.9629629629629629,0.9732905982905984,1.3349501255228575,0.07407407407407407,0.9751724137931035
6,20261009,dinov2_logit,multiclass,zero,all_probe,108,0.9583333333333334,0.9907407407407407,0.9744774477447745,0.10699643454867154,0.04042203966834053,0.9981752873563218
6,20261009,dinov2_logit,multiclass,zero,sentinel,54,0.9866666666666667,0.9814814814814815,0.9866613311991462,0.08820637152436815,0.0335149955640387,1.0
6,20261009,dinov2_logit,multiclass,exposure_0_A,all_probe,108,0.9583333333333334,0.9907407407407407,0.9744774477447745,0.09507290488217876,0.034268437318148784,0.9975287356321839
6,20261009,dinov2_logit,multiclass,exposure_0_A,sentinel,54,0.9866666666666667,0.9814814814814815,0.9866613311991462,0.08597315696241391,0.03246666545590879,1.0
6,20261009,dinov2_logit,multiclass,sham_0_A,all_probe,108,0.9583333333333334,0.9907407407407407,0.9744774477447745,0.10067740222468922,0.0357061892044313,1.0
6,20261009,dinov2_logit,multiclass,sham_0_A,sentinel,54,0.9866666666666667,0.9814814814814815,0.9866613311991462,0.08540041096596153,0.031017988634274754,1.0
6,20261009,dinov2_logit,multiclass,exposure_0_B,all_probe,108,1.0,1.0,1.0,0.0979875059392028,0.03296213305119719,1.0
6,20261009,dinov2_logit,multiclass,exposure_0_B,sentinel,54,0.9866666666666667,0.9814814814814815,0.9866613311991462,0.09430570789080302,0.037777524406730253,1.0
6,20261009,dinov2_logit,multiclass,sham_0_B,all_probe,108,0.9516666666666667,0.9814814814814815,0.9678748266983561,0.11447520146010419,0.04730769766742318,0.9981752873563218
6,20261009,dinov2_logit,multiclass,sham_0_B,sentinel,54,0.9866666666666667,0.9814814814814815,0.9866613311991462,0.09753491704522022,0.04178080657557242,0.999080459770115
6,20261009,dinov2_logit,multiclass,exposure_1_A,all_probe,108,0.9583333333333334,0.9907407407407407,0.9744774477447745,0.09358548802948244,0.031456587026948875,0.9990517241379311
6,20261009,dinov2_logit,multiclass,exposure_1_A,sentinel,54,0.9866666666666667,0.9814814814814815,0.9866613311991462,0.08485826785809171,0.03037232197362226,1.0
6,20261009,dinov2_logit,multiclass,sham_1_A,all_probe,108,0.9516666666666667,0.9814814814814815,0.9678748266983561,0.09860803187240613,0.0354081277016662,1.0
6,20261009,dinov2_logit,multiclass,sham_1_A,sentinel,54,0.9866666666666667,0.9814814814814815,0.9866613311991462,0.0856968996657453,0.03228015200241764,1.0
6,20261009,dinov2_logit,multiclass,exposure_1_B,all_probe,108,0.9516666666666667,0.9814814814814815,0.9678748266983561,0.10058141952034341,0.03777058476620593,1.0
6,20261009,dinov2_logit,multiclass,exposure_1_B,sentinel,54,0.9866666666666667,0.9814814814814815,0.9866613311991462,0.09198894036432481,0.03775512267609135,0.9995402298850574
6,20261009,dinov2_logit,multiclass,sham_1_B,all_probe,108,0.9583333333333334,0.9907407407407407,0.9744774477447745,0.11530235690133764,0.04686747229409905,0.9977586206896553
6,20261009,dinov2_logit,multiclass,sham_1_B,sentinel,54,0.9733333333333333,0.9629629629629629,0.9428269085411941,0.09686073460654762,0.041851611052327424,0.9995402298850574
6,20261009,dinov2_logit,multiclass,exposure_2_A,all_probe,108,0.9583333333333334,0.9907407407407407,0.9744774477447745,0.09768016203657359,0.033055368342727716,1.0
6,20261009,dinov2_logit,multiclass,exposure_2_A,sentinel,54,0.9866666666666667,0.9814814814814815,0.9866613311991462,0.0917716828953614,0.036701055653660504,1.0
6,20261009,dinov2_logit,multiclass,sham_2_A,all_probe,108,0.9516666666666667,0.9814814814814815,0.9678748266983561,0.1147293269383922,0.04540419939454448,0.9979454022988504
6,20261009,dinov2_logit,multiclass,sham_2_A,sentinel,54,0.9866666666666667,0.9814814814814815,0.9866613311991462,0.09661413092622215,0.03841775172456177,1.0
6,20261009,dinov2_logit,multiclass,exposure_2_B,all_probe,108,0.9583333333333334,0.9907407407407407,0.9744774477447745,0.09611510214363761,0.03484039603423658,0.9988936781609196
6,20261009,dinov2_logit,multiclass,exposure_2_B,sentinel,54,0.9866666666666667,0.9814814814814815,0.9866613311991462,0.08527646677473456,0.031531173126967627,1.0
6,20261009,dinov2_logit,multiclass,sham_2_B,all_probe,108,0.9933333333333333,0.9907407407407407,0.9770251534957417,0.0988825254343527,0.035859528058985894,0.9994683908045977
6,20261009,dinov2_logit,multiclass,sham_2_B,sentinel,54,0.9866666666666667,0.9814814814814815,0.9866613311991462,0.08416766847488764,0.032654268546191585,1.0
6,20261009,dinov2_logit,multiclass,exposure_3_A,all_probe,108,0.9583333333333334,0.9907407407407407,0.9744774477447745,0.09675544364694437,0.03421095774656877,0.9988218390804597
6,20261009,dinov2_logit,multiclass,exposure_3_A,sentinel,54,0.9866666666666667,0.9814814814814815,0.9866613311991462,0.09524882042083212,0.03844091660169537,0.9995402298850574
6,20261009,dinov2_logit,multiclass,sham_3_A,all_probe,108,0.9583333333333334,0.9907407407407407,0.9744774477447745,0.09975420179105511,0.036364925812504736,0.9995833333333334
6,20261009,dinov2_logit,multiclass,sham_3_A,sentinel,54,0.9866666666666667,0.9814814814814815,0.9866613311991462,0.08700172109597525,0.03313141499455501,1.0
6,20261009,dinov2_logit,multiclass,exposure_3_B,all_probe,108,0.9516666666666667,0.9814814814814815,0.9678748266983561,0.10036876016832641,0.03714209368256752,1.0
6,20261009,dinov2_logit,multiclass,exposure_3_B,sentinel,54,0.9866666666666667,0.9814814814814815,0.9866613311991462,0.08981739537187299,0.03582911577919594,0.9995402298850574
6,20261009,dinov2_logit,multiclass,sham_3_B,all_probe,108,0.9583333333333334,0.9907407407407407,0.9744774477447745,0.1176019877289126,0.04938076909063783,0.9976436781609195
6,20261009,dinov2_logit,multiclass,sham_3_B,sentinel,54,0.9733333333333333,0.9629629629629629,0.9428269085411941,0.09950922756696695,0.04384522307842378,0.9995402298850574
6,20261009,dinov2_logit,multiclass,exposure_4_A,all_probe,108,0.9516666666666667,0.9814814814814815,0.9678748266983561,0.10384473747244186,0.040316820419317785,0.9980603448275861
6,20261009,dinov2_logit,multiclass,exposure_4_A,sentinel,54,1.0,1.0,1.0,0.08466586384673327,0.030000635562516136,1.0
6,20261009,dinov2_logit,multiclass,sham_4_A,all_probe,108,0.9516666666666667,0.9814814814814815,0.9678748266983561,0.10087411913526402,0.03706999085728709,1.0
6,20261009,dinov2_logit,multiclass,sham_4_A,sentinel,54,0.9866666666666667,0.9814814814814815,0.9866613311991462,0.08642167973523512,0.03143047547569388,1.0
6,20261009,dinov2_logit,multiclass,exposure_4_B,all_probe,108,0.9583333333333334,0.9907407407407407,0.9744774477447745,0.09851648138110271,0.03472348764166237,0.9995833333333334
6,20261009,dinov2_logit,multiclass,exposure_4_B,sentinel,54,0.9733333333333333,0.9629629629629629,0.9428269085411941,0.10412630125471356,0.04902110763386597,0.9981609195402298
6,20261009,dinov2_logit,multiclass,sham_4_B,all_probe,108,0.9583333333333334,0.9907407407407407,0.9744774477447745,0.11248859304637887,0.04489109876629954,0.9980603448275861
6,20261009,dinov2_logit,multiclass,sham_4_B,sentinel,54,0.9866666666666667,0.9814814814814815,0.9866613311991462,0.096466457041746,0.04193993923588243,0.999080459770115
6,20261009,dinov2_cosine_1nn,multiclass,zero,all_probe,108,0.7933333333333333,0.9074074074074074,0.8363247863247864,3.3373753138071436,0.18518518518518517,0.8679310344827585
6,20261009,dinov2_cosine_1nn,multiclass,zero,sentinel,54,0.96,0.9444444444444444,0.9292214663643236,2.0024251882842865,0.1111111111111111,0.9651724137931034
6,20261009,dinov2_cosine_1nn,multiclass,exposure_0_A,all_probe,108,0.9316666666666666,0.9537037037037037,0.9478708655179243,1.6686876569035718,0.09259259259259259,0.9514655172413793
6,20261009,dinov2_cosine_1nn,multiclass,exposure_0_A,sentinel,54,0.9333333333333332,0.9074074074074074,0.8782644972882769,3.3373753138071436,0.18518518518518517,0.9427586206896552
6,20261009,dinov2_cosine_1nn,multiclass,sham_0_A,all_probe,108,0.8416666666666667,0.9259259259259259,0.8802290266367936,2.669900251045715,0.14814814814814814,0.8978448275862068
6,20261009,dinov2_cosine_1nn,multiclass,sham_0_A,sentinel,54,0.85,0.8888888888888888,0.8493589743589745,4.004850376568572,0.2222222222222222,0.8929310344827585
6,20261009,dinov2_cosine_1nn,multiclass,exposure_0_B,all_probe,108,0.855,0.9444444444444444,0.8933681852128453,2.002425188284286,0.1111111111111111,0.9102586206896551
6,20261009,dinov2_cosine_1nn,multiclass,exposure_0_B,sentinel,54,0.9466666666666667,0.9259259259259259,0.9465811965811967,2.669900251045715,0.14814814814814814,0.9503448275862069
6,20261009,dinov2_cosine_1nn,multiclass,sham_0_B,all_probe,108,0.8416666666666667,0.9259259259259259,0.8802290266367936,2.669900251045715,0.14814814814814814,0.8978448275862068
6,20261009,dinov2_cosine_1nn,multiclass,sham_0_B,sentinel,54,0.96,0.9444444444444444,0.9599839935974389,2.0024251882842865,0.1111111111111111,0.9627586206896552
6,20261009,dinov2_cosine_1nn,multiclass,exposure_1_A,all_probe,108,0.8766666666666666,0.9259259259259259,0.9059392987964415,2.669900251045715,0.14814814814814814,0.9153448275862068
6,20261009,dinov2_cosine_1nn,multiclass,exposure_1_A,sentinel,54,0.9466666666666667,0.9259259259259259,0.9155773420479303,2.669900251045715,0.14814814814814814,0.9527586206896551
6,20261009,dinov2_cosine_1nn,multiclass,sham_1_A,all_probe,108,0.8416666666666667,0.9259259259259259,0.8802290266367936,2.669900251045715,0.14814814814814814,0.8978448275862068
6,20261009,dinov2_cosine_1nn,multiclass,sham_1_A,sentinel,54,0.9466666666666667,0.9259259259259259,0.9466666666666667,2.669900251045715,0.14814814814814814,0.9503448275862069
6,20261009,dinov2_cosine_1nn,multiclass,exposure_1_B,all_probe,108,0.8966666666666666,0.9537037037037037,0.9259783121169259,1.6686876569035718,0.09259259259259259,0.9339655172413793
6,20261009,dinov2_cosine_1nn,multiclass,exposure_1_B,sentinel,54,0.9333333333333332,0.9074074074074074,0.9022826908541194,3.3373753138071436,0.18518518518518517,0.9403448275862069
6,20261009,dinov2_cosine_1nn,multiclass,sham_1_B,all_probe,108,0.8483333333333333,0.9351851851851852,0.8869027174210634,2.3361627196650003,0.12962962962962962,0.904051724137931
6,20261009,dinov2_cosine_1nn,multiclass,sham_1_B,sentinel,54,0.96,0.9444444444444444,0.9292214663643236,2.0024251882842865,0.1111111111111111,0.9651724137931034
6,20261009,dinov2_cosine_1nn,multiclass,exposure_2_A,all_probe,108,0.89,0.9444444444444444,0.9191522762951334,2.002425188284286,0.1111111111111111,0.9277586206896551
6,20261009,dinov2_cosine_1nn,multiclass,exposure_2_A,sentinel,54,0.9333333333333332,0.9074074074074074,0.9333066559957316,3.3373753138071436,0.18518518518518517,0.9379310344827586
6,20261009,dinov2_cosine_1nn,multiclass,sham_2_A,all_probe,108,0.8416666666666667,0.9259259259259259,0.8802290266367936,2.669900251045715,0.14814814814814814,0.8978448275862068
6,20261009,dinov2_cosine_1nn,multiclass,sham_2_A,sentinel,54,0.9333333333333332,0.9074074074074074,0.9333066559957316,3.3373753138071436,0.18518518518518517,0.9379310344827586
6,20261009,dinov2_cosine_1nn,multiclass,exposure_2_B,all_probe,108,0.9316666666666666,0.9537037037037037,0.9478708655179243,1.6686876569035718,0.09259259259259259,0.9514655172413793
6,20261009,dinov2_cosine_1nn,multiclass,exposure_2_B,sentinel,54,0.9466666666666667,0.9259259259259259,0.9158881330309901,2.669900251045715,0.14814814814814814,0.9527586206896551
6,20261009,dinov2_cosine_1nn,multiclass,sham_2_B,all_probe,108,0.7999999999999999,0.9166666666666666,0.8430046888183963,3.0036377824264293,0.16666666666666666,0.8741379310344827
6,20261009,dinov2_cosine_1nn,multiclass,sham_2_B,sentinel,54,0.96,0.9444444444444444,0.9292214663643236,2.0024251882842865,0.1111111111111111,0.9651724137931034
6,20261009,dinov2_cosine_1nn,multiclass,exposure_3_A,all_probe,108,0.89,0.9444444444444444,0.9193090569561159,2.002425188284286,0.1111111111111111,0.9277586206896552
6,20261009,dinov2_cosine_1nn,multiclass,exposure_3_A,sentinel,54,0.9466666666666667,0.9259259259259259,0.9155773420479303,2.669900251045715,0.14814814814814814,0.9527586206896551
6,20261009,dinov2_cosine_1nn,multiclass,sham_3_A,all_probe,108,0.835,0.9166666666666666,0.8735431235431236,3.0036377824264293,0.16666666666666666,0.8916379310344826
6,20261009,dinov2_cosine_1nn,multiclass,sham_3_A,sentinel,54,0.9466666666666667,0.9259259259259259,0.9465811965811967,2.669900251045715,0.14814814814814814,0.9503448275862069
6,20261009,dinov2_cosine_1nn,multiclass,exposure_3_B,all_probe,108,0.8966666666666666,0.9537037037037037,0.9258371976818579,1.6686876569035718,0.09259259259259259,0.9339655172413792
6,20261009,dinov2_cosine_1nn,multiclass,exposure_3_B,sentinel,54,0.9199999999999999,0.8888888888888888,0.8886165577342048,4.004850376568572,0.2222222222222222,0.9279310344827586
6,20261009,dinov2_cosine_1nn,multiclass,sham_3_B,all_probe,108,0.8483333333333333,0.9351851851851852,0.8869027174210634,2.3361627196650003,0.12962962962962962,0.904051724137931
6,20261009,dinov2_cosine_1nn,multiclass,sham_3_B,sentinel,54,0.9466666666666667,0.9259259259259259,0.9158881330309901,2.669900251045715,0.14814814814814814,0.9527586206896551
6,20261009,dinov2_cosine_1nn,multiclass,exposure_4_A,all_probe,108,0.9183333333333333,0.9351851851851852,0.934492025729139,2.3361627196650008,0.12962962962962962,0.939051724137931
6,20261009,dinov2_cosine_1nn,multiclass,exposure_4_A,sentinel,54,0.9199999999999999,0.8888888888888888,0.8886165577342048,4.004850376568572,0.2222222222222222,0.9279310344827586
6,20261009,dinov2_cosine_1nn,multiclass,sham_4_A,all_probe,108,0.8416666666666667,0.9259259259259259,0.8802290266367936,2.669900251045715,0.14814814814814814,0.8978448275862068
6,20261009,dinov2_cosine_1nn,multiclass,sham_4_A,sentinel,54,0.9466666666666667,0.9259259259259259,0.9155773420479303,2.669900251045715,0.14814814814814814,0.9527586206896551
6,20261009,dinov2_cosine_1nn,multiclass,exposure_4_B,all_probe,108,0.7999999999999999,0.9166666666666666,0.8430046888183963,3.0036377824264293,0.16666666666666666,0.8741379310344827
6,20261009,dinov2_cosine_1nn,multiclass,exposure_4_B,sentinel,54,0.9333333333333332,0.9074074074074074,0.9333066559957316,3.3373753138071436,0.18518518518518517,0.9379310344827587
6,20261009,dinov2_cosine_1nn,multiclass,sham_4_B,all_probe,108,0.7999999999999999,0.9166666666666666,0.8430046888183963,3.0036377824264293,0.16666666666666666,0.8741379310344827
6,20261009,dinov2_cosine_1nn,multiclass,sham_4_B,sentinel,54,0.9466666666666667,0.9259259259259259,0.9466666666666667,2.669900251045715,0.14814814814814814,0.9503448275862069
7,20261010,dinov2_logit,multiclass,zero,all_probe,108,0.9583333333333334,0.9907407407407407,0.9744774477447745,0.06821463785330946,0.021537389589106334,1.0
7,20261010,dinov2_logit,multiclass,zero,sentinel,54,0.96,0.9444444444444444,0.9061224489795919,0.21237595816295038,0.10888787224021163,0.9857471264367815
7,20261010,dinov2_logit,multiclass,exposure_0_A,all_probe,108,1.0,1.0,1.0,0.0649748953137249,0.018803935992514172,1.0
7,20261010,dinov2_logit,multiclass,exposure_0_A,sentinel,54,0.9733333333333333,0.9629629629629629,0.9428269085411941,0.20921090219221658,0.10561825843751894,0.9875862068965517
7,20261010,dinov2_logit,multiclass,sham_0_A,all_probe,108,0.9516666666666667,0.9814814814814815,0.9678107810781077,0.07106169658706245,0.02497467726664137,0.9997701149425288
7,20261010,dinov2_logit,multiclass,sham_0_A,sentinel,54,0.9733333333333333,0.9629629629629629,0.9428269085411941,0.18647844723538654,0.10087908060976429,0.9944827586206896
7,20261010,dinov2_logit,multiclass,exposure_0_B,all_probe,108,0.9933333333333333,0.9907407407407407,0.9933326665999934,0.06327695768715086,0.01874952917541681,0.9998850574712644
7,20261010,dinov2_logit,multiclass,exposure_0_B,sentinel,54,0.96,0.9444444444444444,0.9061224489795919,0.19329329528297035,0.10518534801507194,0.9917241379310345
7,20261010,dinov2_logit,multiclass,sham_0_B,all_probe,108,0.9866666666666667,0.9814814814814815,0.9866666666666667,0.06990872549921368,0.02325229577378857,0.9998850574712644
7,20261010,dinov2_logit,multiclass,sham_0_B,sentinel,54,0.96,0.9444444444444444,0.9061224489795919,0.1955023866826217,0.10169418283148714,0.989425287356322
7,20261010,dinov2_logit,multiclass,exposure_1_A,all_probe,108,1.0,1.0,1.0,0.06618942553744359,0.022027985521441,0.9998850574712644
7,20261010,dinov2_logit,multiclass,exposure_1_A,sentinel,54,0.96,0.9444444444444444,0.9061224489795919,0.17958401166394394,0.09338191517401938,0.9926436781609196
7,20261010,dinov2_logit,multiclass,sham_1_A,all_probe,108,0.9866666666666667,0.9814814814814815,0.9866666666666667,0.07288441840363218,0.02556540116123298,0.9997701149425288
7,20261010,dinov2_logit,multiclass,sham_1_A,sentinel,54,0.9733333333333333,0.9629629629629629,0.9428269085411941,0.16924855731904517,0.08613386937277002,0.9958620689655172
7,20261010,dinov2_logit,multiclass,exposure_1_B,all_probe,108,1.0,1.0,1.0,0.06378602136858212,0.01723642268442745,1.0
7,20261010,dinov2_logit,multiclass,exposure_1_B,sentinel,54,0.96,0.9444444444444444,0.9061224489795919,0.22752440984861855,0.11627587501367798,0.9848275862068965
7,20261010,dinov2_logit,multiclass,sham_1_B,all_probe,108,0.9516666666666667,0.9814814814814815,0.9678107810781077,0.07220943894233761,0.025218668993460466,0.9997701149425288
7,20261010,dinov2_logit,multiclass,sham_1_B,sentinel,54,0.9466666666666667,0.9259259259259259,0.8745104102246959,0.22402216615342369,0.12083712522576562,0.9871264367816092
7,20261010,dinov2_logit,multiclass,exposure_2_A,all_probe,108,0.9583333333333334,0.9907407407407407,0.9744774477447745,0.061307679236417896,0.01804608928793893,1.0
7,20261010,dinov2_logit,multiclass,exposure_2_A,sentinel,54,0.9466666666666667,0.9259259259259259,0.8745104102246959,0.19648144116013724,0.10757196667682817,0.9908045977011494
7,20261010,dinov2_logit,multiclass,sham_2_A,all_probe,108,1.0,1.0,1.0,0.06547609837817477,0.020056456968542608,1.0
7,20261010,dinov2_logit,multiclass,sham_2_A,sentinel,54,0.96,0.9444444444444444,0.9061224489795919,0.20346302910281444,0.10444812163433752,0.9871264367816092
7,20261010,dinov2_logit,multiclass,exposure_2_B,all_probe,108,0.9866666666666667,0.9814814814814815,0.9866666666666667,0.06897416275928626,0.021950877597966958,0.9998850574712644
7,20261010,dinov2_logit,multiclass,exposure_2_B,sentinel,54,0.9733333333333333,0.9629629629629629,0.9428269085411941,0.21234389329202685,0.10730626342082591,0.9862068965517241
7,20261010,dinov2_logit,multiclass,sham_2_B,all_probe,108,0.945,0.9722222222222222,0.9612101210121011,0.07551684648281454,0.027877341610691633,0.9996551724137932
7,20261010,dinov2_logit,multiclass,sham_2_B,sentinel,54,0.96,0.9444444444444444,0.9061224489795919,0.18600838696342573,0.09966944294276166,0.9944827586206896
7,20261010,dinov2_logit,multiclass,exposure_3_A,all_probe,108,0.9933333333333333,0.9907407407407407,0.9933326665999934,0.06706924483399235,0.021464855079181853,0.9998850574712644
7,20261010,dinov2_logit,multiclass,exposure_3_A,sentinel,54,0.96,0.9444444444444444,0.9061224489795919,0.18278966846937392,0.09755612896453299,0.9931034482758619
7,20261010,dinov2_logit,multiclass,sham_3_A,all_probe,108,0.945,0.9722222222222222,0.9612101210121011,0.07386103019590522,0.027013979007866427,0.9997701149425288
7,20261010,dinov2_logit,multiclass,sham_3_A,sentinel,54,0.96,0.9444444444444444,0.9061224489795919,0.18241436863383603,0.0931501082679562,0.989425287356322
7,20261010,dinov2_logit,multiclass,exposure_3_B,all_probe,108,1.0,1.0,1.0,0.06251796513062043,0.017363079269087298,1.0
7,20261010,dinov2_logit,multiclass,exposure_3_B,sentinel,54,0.96,0.9444444444444444,0.9061224489795919,0.22673875322714368,0.11773375497268891,0.9857471264367815
7,20261010,dinov2_logit,multiclass,sham_3_B,all_probe,108,0.9933333333333333,0.9907407407407407,0.9933326665999934,0.06757362189938508,0.0216875090990108,0.9997701149425288
7,20261010,dinov2_logit,multiclass,sham_3_B,sentinel,54,0.96,0.9444444444444444,0.9061224489795919,0.2026029997578535,0.11015332399607754,0.9926436781609196
7,20261010,dinov2_logit,multiclass,exposure_4_A,all_probe,108,0.9516666666666667,0.9814814814814815,0.9678748266983561,0.06810050399075374,0.02277126611987026,0.9998850574712644
7,20261010,dinov2_logit,multiclass,exposure_4_A,sentinel,54,0.96,0.9444444444444444,0.9061224489795919,0.19853924543129253,0.10286382148311378,0.989425287356322
7,20261010,dinov2_logit,multiclass,sham_4_A,all_probe,108,0.945,0.9722222222222222,0.9612101210121011,0.07431641013535417,0.02804007796784263,0.9996551724137932
7,20261010,dinov2_logit,multiclass,sham_4_A,sentinel,54,0.96,0.9444444444444444,0.9061224489795919,0.1970546822918942,0.10442872457536885,0.9894252873563217
7,20261010,dinov2_logit,multiclass,exposure_4_B,all_probe,108,1.0,1.0,1.0,0.061437558909047806,0.016260333681160304,1.0
7,20261010,dinov2_logit,multiclass,exposure_4_B,sentinel,54,0.9733333333333333,0.9629629629629629,0.9428269085411941,0.207783169704955,0.10964070820687921,0.989425287356322
7,20261010,dinov2_logit,multiclass,sham_4_B,all_probe,108,1.0,1.0,1.0,0.06736208302657688,0.02066727004360725,1.0
7,20261010,dinov2_logit,multiclass,sham_4_B,sentinel,54,0.96,0.9444444444444444,0.9061224489795919,0.18708082793403755,0.10052699444628675,0.9935632183908045
7,20261010,dinov2_cosine_1nn,multiclass,zero,all_probe,108,0.91,0.9722222222222222,0.9393052111498713,1.0012125941421435,0.05555555555555555,0.9463793103448276
7,20261010,dinov2_cosine_1nn,multiclass,zero,sentinel,54,0.9066666666666666,0.8703703703703703,0.9066293183940243,4.6723254393300016,0.25925925925925924,0.9131034482758621
7,20261010,dinov2_cosine_1nn,multiclass,exposure_0_A,all_probe,108,0.98,0.9722222222222222,0.9636244800950683,1.0012125941421433,0.05555555555555555,0.9825862068965517
7,20261010,dinov2_cosine_1nn,multiclass,exposure_0_A,sentinel,54,0.9199999999999999,0.8888888888888888,0.8886165577342048,4.004850376568572,0.2222222222222222,0.9279310344827586
7,20261010,dinov2_cosine_1nn,multiclass,sham_0_A,all_probe,108,0.9383333333333334,0.9629629629629629,0.9545434543454346,1.3349501255228575,0.07407407407407407,0.9576724137931034
7,20261010,dinov2_cosine_1nn,multiclass,sham_0_A,sentinel,54,0.9333333333333332,0.9074074074074074,0.9330924662116954,3.3373753138071436,0.18518518518518517,0.9379310344827586
7,20261010,dinov2_cosine_1nn,multiclass,exposure_0_B,all_probe,108,0.9933333333333333,0.9907407407407407,0.9933326665999934,0.3337375313807146,0.018518518518518517,0.9937931034482759
7,20261010,dinov2_cosine_1nn,multiclass,exposure_0_B,sentinel,54,0.9333333333333332,0.9074074074074074,0.9022826908541194,3.3373753138071436,0.18518518518518517,0.9403448275862069
7,20261010,dinov2_cosine_1nn,multiclass,sham_0_B,all_probe,108,0.91,0.9722222222222222,0.9393052111498713,1.0012125941421435,0.05555555555555555,0.9463793103448276
7,20261010,dinov2_cosine_1nn,multiclass,sham_0_B,sentinel,54,0.9466666666666667,0.9259259259259259,0.8927777777777778,2.669900251045715,0.14814814814814814,0.9551724137931034
7,20261010,dinov2_cosine_1nn,multiclass,exposure_1_A,all_probe,108,0.9516666666666667,0.9814814814814815,0.9516666666666667,0.667475062761429,0.037037037037037035,0.9712931034482759
7,20261010,dinov2_cosine_1nn,multiclass,exposure_1_A,sentinel,54,0.9066666666666666,0.8703703703703703,0.8510082047003199,4.672325439330001,0.25925925925925924,0.9179310344827586
7,20261010,dinov2_cosine_1nn,multiclass,sham_1_A,all_probe,108,0.9033333333333333,0.9629629629629629,0.9326423902894492,1.3349501255228575,0.07407407407407407,0.9401724137931035
7,20261010,dinov2_cosine_1nn,multiclass,sham_1_A,sentinel,54,0.9466666666666667,0.9259259259259259,0.9158881330309901,2.669900251045715,0.14814814814814814,0.9527586206896551
7,20261010,dinov2_cosine_1nn,multiclass,exposure_1_B,all_probe,108,0.9933333333333333,0.9907407407407407,0.9933326665999934,0.3337375313807146,0.018518518518518517,0.9937931034482759
7,20261010,dinov2_cosine_1nn,multiclass,exposure_1_B,sentinel,54,0.9333333333333332,0.9074074074074074,0.9333066559957316,3.3373753138071436,0.18518518518518517,0.9379310344827586
7,20261010,dinov2_cosine_1nn,multiclass,sham_1_B,all_probe,108,0.945,0.9722222222222222,0.9612101210121011,1.0012125941421433,0.05555555555555555,0.9638793103448275
7,20261010,dinov2_cosine_1nn,multiclass,sham_1_B,sentinel,54,0.9466666666666667,0.9259259259259259,0.9155773420479303,2.669900251045715,0.14814814814814814,0.9527586206896551
7,20261010,dinov2_cosine_1nn,multiclass,exposure_2_A,all_probe,108,0.9583333333333334,0.9907407407407407,0.9744774477447745,0.3337375313807146,0.018518518518518517,0.9762931034482758
7,20261010,dinov2_cosine_1nn,multiclass,exposure_2_A,sentinel,54,0.9199999999999999,0.8888888888888888,0.8886165577342048,4.004850376568572,0.2222222222222222,0.9279310344827586
7,20261010,dinov2_cosine_1nn,multiclass,sham_2_A,all_probe,108,0.9033333333333333,0.9629629629629629,0.9326423902894492,1.3349501255228575,0.07407407407407407,0.9401724137931035
7,20261010,dinov2_cosine_1nn,multiclass,sham_2_A,sentinel,54,0.9199999999999999,0.8888888888888888,0.8655555555555555,4.004850376568572,0.2222222222222222,0.9303448275862068
7,20261010,dinov2_cosine_1nn,multiclass,exposure_2_B,all_probe,108,0.9383333333333334,0.9629629629629629,0.954604872251931,1.3349501255228575,0.07407407407407407,0.9576724137931034
7,20261010,dinov2_cosine_1nn,multiclass,exposure_2_B,sentinel,54,0.9466666666666667,0.9259259259259259,0.9466666666666667,2.669900251045715,0.14814814814814814,0.9503448275862069
7,20261010,dinov2_cosine_1nn,multiclass,sham_2_B,all_probe,108,0.945,0.9722222222222222,0.9612101210121011,1.0012125941421433,0.05555555555555555,0.9638793103448275
7,20261010,dinov2_cosine_1nn,multiclass,sham_2_B,sentinel,54,0.9733333333333333,0.9629629629629629,0.9732905982905984,1.3349501255228575,0.07407407407407407,0.9751724137931035
7,20261010,dinov2_cosine_1nn,multiclass,exposure_3_A,all_probe,108,0.9166666666666666,0.9814814814814815,0.9458450046685342,0.667475062761429,0.037037037037037035,0.9525862068965517
7,20261010,dinov2_cosine_1nn,multiclass,exposure_3_A,sentinel,54,0.9066666666666666,0.8703703703703703,0.8510082047003199,4.672325439330001,0.25925925925925924,0.9179310344827586
7,20261010,dinov2_cosine_1nn,multiclass,sham_3_A,all_probe,108,0.945,0.9722222222222222,0.9612101210121011,1.0012125941421433,0.05555555555555555,0.9638793103448275
7,20261010,dinov2_cosine_1nn,multiclass,sham_3_A,sentinel,54,0.9333333333333332,0.9074074074074074,0.9025054466230936,3.3373753138071436,0.18518518518518517,0.9403448275862069
7,20261010,dinov2_cosine_1nn,multiclass,exposure_3_B,all_probe,108,0.9866666666666667,0.9814814814814815,0.9866666666666667,0.6674750627614289,0.037037037037037035,0.9875862068965517
7,20261010,dinov2_cosine_1nn,multiclass,exposure_3_B,sentinel,54,0.9466666666666667,0.9259259259259259,0.9466666666666667,2.669900251045715,0.14814814814814814,0.9503448275862069
7,20261010,dinov2_cosine_1nn,multiclass,sham_3_B,all_probe,108,0.8966666666666666,0.9537037037037037,0.9259783121169259,1.6686876569035718,0.09259259259259259,0.9339655172413793
7,20261010,dinov2_cosine_1nn,multiclass,sham_3_B,sentinel,54,0.9733333333333333,0.9629629629629629,0.9425381263616558,1.3349501255228575,0.07407407407407407,0.9775862068965516
7,20261010,dinov2_cosine_1nn,multiclass,exposure_4_A,all_probe,108,0.9583333333333334,0.9907407407407407,0.9744774477447745,0.3337375313807146,0.018518518518518517,0.9762931034482758
7,20261010,dinov2_cosine_1nn,multiclass,exposure_4_A,sentinel,54,0.9066666666666666,0.8703703703703703,0.8510082047003199,4.6723254393300016,0.25925925925925924,0.9179310344827586
7,20261010,dinov2_cosine_1nn,multiclass,sham_4_A,all_probe,108,0.8966666666666666,0.9537037037037037,0.9259783121169259,1.6686876569035718,0.09259259259259259,0.9339655172413793
7,20261010,dinov2_cosine_1nn,multiclass,sham_4_A,sentinel,54,0.9066666666666666,0.8703703703703703,0.8315980315980317,4.672325439330001,0.25925925925925924,0.9203448275862068
7,20261010,dinov2_cosine_1nn,multiclass,exposure_4_B,all_probe,108,0.945,0.9722222222222222,0.9612101210121011,1.0012125941421433,0.05555555555555555,0.9638793103448275
7,20261010,dinov2_cosine_1nn,multiclass,exposure_4_B,sentinel,54,0.9466666666666667,0.9259259259259259,0.9466666666666667,2.669900251045715,0.14814814814814814,0.9503448275862069
7,20261010,dinov2_cosine_1nn,multiclass,sham_4_B,all_probe,108,0.945,0.9722222222222222,0.9612101210121011,1.0012125941421433,0.05555555555555555,0.9638793103448275
7,20261010,dinov2_cosine_1nn,multiclass,sham_4_B,sentinel,54,0.9733333333333333,0.9629629629629629,0.9428269085411941,1.3349501255228575,0.07407407407407407,0.9775862068965516
8,20261011,dinov2_logit,multiclass,zero,all_probe,108,0.9733333333333333,0.9629629629629629,0.9733333333333333,0.08693782080483393,0.03626930277597339,0.9993103448275861
8,20261011,dinov2_logit,multiclass,zero,sentinel,54,0.9866666666666667,0.9814814814814815,0.9866613311991465,0.1171741103068869,0.04815606753684935,1.0
8,20261011,dinov2_logit,multiclass,exposure_0_A,all_probe,108,0.98,0.9722222222222222,0.97999799979998,0.09433114170425953,0.04155950492960562,0.9989655172413793
8,20261011,dinov2_logit,multiclass,exposure_0_A,sentinel,54,0.9866666666666667,0.9814814814814815,0.9866613311991465,0.11007371526078204,0.04640546851777721,1.0
8,20261011,dinov2_logit,multiclass,sham_0_A,all_probe,108,0.98,0.9722222222222222,0.97999799979998,0.09219199270536066,0.03954226151675785,0.9991954022988505
8,20261011,dinov2_logit,multiclass,sham_0_A,sentinel,54,0.9866666666666667,0.9814814814814815,0.9866613311991465,0.10949924565822476,0.04736019657730716,0.9995402298850574
8,20261011,dinov2_logit,multiclass,exposure_0_B,all_probe,108,0.9866666666666667,0.9814814814814815,0.9866613311991465,0.08038621141395559,0.032224940187904394,0.9996551724137931
8,20261011,dinov2_logit,multiclass,exposure_0_B,sentinel,54,0.9733333333333333,0.9629629629629629,0.9732905982905984,0.12537067427754453,0.05695944197423971,0.9986206896551724
8,20261011,dinov2_logit,multiclass,sham_0_B,all_probe,108,0.98,0.9722222222222222,0.97999799979998,0.08239570694648804,0.034206622553844476,0.9994252873563219
8,20261011,dinov2_logit,multiclass,sham_0_B,sentinel,54,0.9733333333333333,0.9629629629629629,0.9732905982905984,0.12402618694366464,0.05403816793214255,0.9995402298850574
8,20261011,dinov2_logit,multiclass,exposure_1_A,all_probe,108,0.9866666666666667,0.9814814814814815,0.9866666666666667,0.09035310925600168,0.03741814245375072,0.9991954022988506
8,20261011,dinov2_logit,multiclass,exposure_1_A,sentinel,54,0.9866666666666667,0.9814814814814815,0.9866613311991465,0.11848465795902674,0.052339793119890614,1.0
8,20261011,dinov2_logit,multiclass,sham_1_A,all_probe,108,0.9866666666666667,0.9814814814814815,0.9866666666666667,0.09591809028127372,0.041199943864112236,0.9991954022988506
8,20261011,dinov2_logit,multiclass,sham_1_A,sentinel,54,0.9866666666666667,0.9814814814814815,0.9866613311991465,0.10913495478114985,0.04666053528431203,1.0
8,20261011,dinov2_logit,multiclass,exposure_1_B,all_probe,108,0.98,0.9722222222222222,0.97999799979998,0.08341465909272675,0.035325883977000636,0.9993103448275861
8,20261011,dinov2_logit,multiclass,exposure_1_B,sentinel,54,0.9866666666666667,0.9814814814814815,0.9866613311991465,0.11744300554030053,0.05162130059438569,0.9995402298850574
8,20261011,dinov2_logit,multiclass,sham_1_B,all_probe,108,0.98,0.9722222222222222,0.97999799979998,0.07871655115240782,0.03213347699912104,0.9993103448275861
8,20261011,dinov2_logit,multiclass,sham_1_B,sentinel,54,0.9866666666666667,0.9814814814814815,0.9866613311991465,0.12272627606752745,0.05383925746343917,0.9981609195402298
8,20261011,dinov2_logit,multiclass,exposure_2_A,all_probe,108,0.98,0.9722222222222222,0.9636884456752998,0.08301401841889756,0.033591644253866904,0.9995402298850574
8,20261011,dinov2_logit,multiclass,exposure_2_A,sentinel,54,0.9733333333333333,0.9629629629629629,0.9732905982905984,0.12087426264790219,0.053594430071560624,1.0
8,20261011,dinov2_logit,multiclass,sham_2_A,all_probe,108,0.9933333333333333,0.9907407407407407,0.9933326665999934,0.0838381363425311,0.03426880594013148,0.9995402298850574
8,20261011,dinov2_logit,multiclass,sham_2_A,sentinel,54,0.9866666666666667,0.9814814814814815,0.9866613311991465,0.11605372328116748,0.04793795492712625,1.0
8,20261011,dinov2_logit,multiclass,exposure_2_B,all_probe,108,0.9733333333333333,0.9629629629629629,0.9733333333333333,0.09170222227356123,0.040676913113736016,0.9989655172413793
8,20261011,dinov2_logit,multiclass,exposure_2_B,sentinel,54,0.9866666666666667,0.9814814814814815,0.9866613311991465,0.11309539181493217,0.049667072193388444,1.0
8,20261011,dinov2_logit,multiclass,sham_2_B,all_probe,108,0.9733333333333333,0.9629629629629629,0.9733333333333333,0.0910180670683392,0.03984567947691791,0.9989655172413793
8,20261011,dinov2_logit,multiclass,sham_2_B,sentinel,54,0.9866666666666667,0.9814814814814815,0.9866613311991465,0.1140539633667224,0.050819965368955826,0.9986206896551724
8,20261011,dinov2_logit,multiclass,exposure_3_A,all_probe,108,0.98,0.9722222222222222,0.97999799979998,0.08898071373320962,0.038578264425265255,0.9991954022988506
8,20261011,dinov2_logit,multiclass,exposure_3_A,sentinel,54,0.9866666666666667,0.9814814814814815,0.9866613311991465,0.1197440459459161,0.056178491676167217,0.9981609195402298
8,20261011,dinov2_logit,multiclass,sham_3_A,all_probe,108,0.98,0.9722222222222222,0.97999799979998,0.088896059164182,0.03801409207391276,0.9994252873563219
8,20261011,dinov2_logit,multiclass,sham_3_A,sentinel,54,0.9866666666666667,0.9814814814814815,0.9866613311991465,0.11557176152137034,0.05155885492055254,0.9981609195402298
8,20261011,dinov2_logit,multiclass,exposure_3_B,all_probe,108,0.9866666666666667,0.9814814814814815,0.9866613311991465,0.0895613728456646,0.038574539560877065,0.9993103448275863
8,20261011,dinov2_logit,multiclass,exposure_3_B,sentinel,54,0.9866666666666667,0.9814814814814815,0.9866613311991465,0.12074826844028407,0.05225889730712191,1.0
8,20261011,dinov2_logit,multiclass,sham_3_B,all_probe,108,0.9733333333333333,0.9629629629629629,0.9733333333333333,0.08444384574334167,0.03477753409713068,0.9991954022988505
8,20261011,dinov2_logit,multiclass,sham_3_B,sentinel,54,1.0,1.0,1.0,0.11854064735390706,0.04907019460979689,1.0
8,20261011,dinov2_logit,multiclass,exposure_4_A,all_probe,108,0.98,0.9722222222222222,0.97999799979998,0.09005736097218897,0.03954124180286599,0.9989655172413793
8,20261011,dinov2_logit,multiclass,exposure_4_A,sentinel,54,0.9733333333333333,0.9629629629629629,0.9732905982905984,0.12605421909917416,0.06056826474892801,0.9981609195402298
8,20261011,dinov2_logit,multiclass,sham_4_A,all_probe,108,0.98,0.9722222222222222,0.97999799979998,0.08990830323864175,0.03904333966008246,0.999080459770115
8,20261011,dinov2_logit,multiclass,sham_4_A,sentinel,54,0.9866666666666667,0.9814814814814815,0.9866613311991465,0.11676552475137397,0.05226548053409377,0.9981609195402298
8,20261011,dinov2_logit,multiclass,exposure_4_B,all_probe,108,0.9866666666666667,0.9814814814814815,0.9866613311991465,0.08601192539114903,0.03538534687196118,0.9995402298850574
8,20261011,dinov2_logit,multiclass,exposure_4_B,sentinel,54,0.9866666666666667,0.9814814814814815,0.9866613311991465,0.11195861063018728,0.04558048397104361,1.0
8,20261011,dinov2_logit,multiclass,sham_4_B,all_probe,108,0.9733333333333333,0.9629629629629629,0.9733333333333333,0.08472052500805019,0.03464294128771315,0.9993103448275863
8,20261011,dinov2_logit,multiclass,sham_4_B,sentinel,54,0.9866666666666667,0.9814814814814815,0.9866613311991465,0.11532706151951233,0.04785532492530003,1.0
8,20261011,dinov2_cosine_1nn,multiclass,zero,all_probe,108,0.9533333333333333,0.9351851851851852,0.9222203296807283,2.3361627196650008,0.12962962962962962,0.9589655172413792
8,20261011,dinov2_cosine_1nn,multiclass,zero,sentinel,54,0.9466666666666667,0.9259259259259259,0.8922222222222222,2.669900251045715,0.14814814814814814,0.9551724137931035
8,20261011,dinov2_cosine_1nn,multiclass,exposure_0_A,all_probe,108,0.9666666666666667,0.9537037037037037,0.9501381308537159,1.6686876569035718,0.09259259259259259,0.9701724137931035
8,20261011,dinov2_cosine_1nn,multiclass,exposure_0_A,sentinel,54,0.9333333333333332,0.9074074074074074,0.9018609444141359,3.3373753138071436,0.18518518518518517,0.9403448275862069
8,20261011,dinov2_cosine_1nn,multiclass,sham_0_A,all_probe,108,0.9249999999999999,0.9444444444444444,0.9248532746431907,2.002425188284286,0.1111111111111111,0.9464655172413794
8,20261011,dinov2_cosine_1nn,multiclass,sham_0_A,sentinel,54,0.9466666666666667,0.9259259259259259,0.9465811965811967,2.669900251045715,0.14814814814814814,0.9503448275862069
8,20261011,dinov2_cosine_1nn,multiclass,exposure_0_B,all_probe,108,0.98,0.9722222222222222,0.97999799979998,1.0012125941421433,0.05555555555555555,0.9813793103448276
8,20261011,dinov2_cosine_1nn,multiclass,exposure_0_B,sentinel,54,0.96,0.9444444444444444,0.9055207898762342,2.0024251882842865,0.1111111111111111,0.9675862068965517
8,20261011,dinov2_cosine_1nn,multiclass,sham_0_B,all_probe,108,0.96,0.9444444444444444,0.9434823434324224,2.0024251882842865,0.1111111111111111,0.9639655172413794
8,20261011,dinov2_cosine_1nn,multiclass,sham_0_B,sentinel,54,0.9033333333333333,0.9629629629629629,0.9327577184720042,1.3349501255228575,0.07407407407407407,0.9401724137931033
8,20261011,dinov2_cosine_1nn,multiclass,exposure_1_A,all_probe,108,0.9666666666666667,0.9537037037037037,0.950223806694395,1.6686876569035718,0.09259259259259259,0.9701724137931036
8,20261011,dinov2_cosine_1nn,multiclass,exposure_1_A,sentinel,54,0.96,0.9444444444444444,0.9055207898762342,2.0024251882842865,0.1111111111111111,0.9675862068965517
8,20261011,dinov2_cosine_1nn,multiclass,sham_1_A,all_probe,108,0.9049999999999999,0.9166666666666666,0.8908734402852049,3.0036377824264293,0.16666666666666666,0.9290517241379309
8,20261011,dinov2_cosine_1nn,multiclass,sham_1_A,sentinel,54,0.96,0.9444444444444444,0.9292214663643236,2.0024251882842865,0.1111111111111111,0.9651724137931034
8,20261011,dinov2_cosine_1nn,multiclass,exposure_1_B,all_probe,108,0.9733333333333333,0.9629629629629629,0.9733333333333333,1.3349501255228575,0.07407407407407407,0.9751724137931035
8,20261011,dinov2_cosine_1nn,multiclass,exposure_1_B,sentinel,54,0.9333333333333332,0.9074074074074074,0.9018609444141359,3.3373753138071436,0.18518518518518517,0.9403448275862069
8,20261011,dinov2_cosine_1nn,multiclass,sham_1_B,all_probe,108,0.9533333333333333,0.9351851851851852,0.9367293309076207,2.3361627196650008,0.12962962962962962,0.9577586206896552
8,20261011,dinov2_cosine_1nn,multiclass,sham_1_B,sentinel,54,0.8366666666666666,0.8703703703703703,0.8363678804855276,4.672325439330001,0.25925925925925924,0.8805172413793104
8,20261011,dinov2_cosine_1nn,multiclass,exposure_2_A,all_probe,108,0.9666666666666667,0.9537037037037037,0.9666633329999667,1.6686876569035718,0.09259259259259259,0.9689655172413794
8,20261011,dinov2_cosine_1nn,multiclass,exposure_2_A,sentinel,54,0.9333333333333332,0.9074074074074074,0.9012345679012346,3.3373753138071436,0.18518518518518517,0.9403448275862069
8,20261011,dinov2_cosine_1nn,multiclass,sham_2_A,all_probe,108,0.9733333333333333,0.9629629629629629,0.9733333333333333,1.3349501255228575,0.07407407407407407,0.9751724137931035
8,20261011,dinov2_cosine_1nn,multiclass,sham_2_A,sentinel,54,0.96,0.9444444444444444,0.9599839935974389,2.0024251882842865,0.1111111111111111,0.9627586206896552
8,20261011,dinov2_cosine_1nn,multiclass,exposure_2_B,all_probe,108,0.9249999999999999,0.9444444444444444,0.9249699729756781,2.002425188284286,0.1111111111111111,0.9464655172413794
8,20261011,dinov2_cosine_1nn,multiclass,exposure_2_B,sentinel,54,0.9466666666666667,0.9259259259259259,0.8922222222222222,2.669900251045715,0.14814814814814814,0.9551724137931035
8,20261011,dinov2_cosine_1nn,multiclass,sham_2_B,all_probe,108,0.96,0.9444444444444444,0.9433775937559489,2.0024251882842865,0.1111111111111111,0.9639655172413794
8,20261011,dinov2_cosine_1nn,multiclass,sham_2_B,sentinel,54,0.8766666666666666,0.9259259259259259,0.9061064425770308,2.669900251045715,0.14814814814814814,0.9153448275862068
8,20261011,dinov2_cosine_1nn,multiclass,exposure_3_A,all_probe,108,0.9733333333333333,0.9629629629629629,0.9426908541194255,1.3349501255228575,0.07407407407407407,0.9775862068965516
8,20261011,dinov2_cosine_1nn,multiclass,exposure_3_A,sentinel,54,0.9333333333333332,0.9074074074074074,0.8782644972882769,3.3373753138071436,0.18518518518518517,0.9427586206896552
8,20261011,dinov2_cosine_1nn,multiclass,sham_3_A,all_probe,108,0.96,0.9444444444444444,0.9434823434324224,2.0024251882842865,0.1111111111111111,0.9639655172413794
8,20261011,dinov2_cosine_1nn,multiclass,sham_3_A,sentinel,54,0.9333333333333332,0.9074074074074074,0.9330924662116954,3.3373753138071436,0.18518518518518517,0.9379310344827586
8,20261011,dinov2_cosine_1nn,multiclass,exposure_3_B,all_probe,108,0.9733333333333333,0.9629629629629629,0.9733226623982927,1.3349501255228575,0.07407407407407407,0.9751724137931035
8,20261011,dinov2_cosine_1nn,multiclass,exposure_3_B,sentinel,54,0.9733333333333333,0.9629629629629629,0.9425381263616558,1.3349501255228575,0.07407407407407407,0.9775862068965516
8,20261011,dinov2_cosine_1nn,multiclass,sham_3_B,all_probe,108,0.9666666666666667,0.9537037037037037,0.9666366396423447,1.6686876569035718,0.09259259259259259,0.9689655172413794
8,20261011,dinov2_cosine_1nn,multiclass,sham_3_B,sentinel,54,0.89,0.9444444444444444,0.8902561024409764,2.0024251882842865,0.1111111111111111,0.9301724137931034
8,20261011,dinov2_cosine_1nn,multiclass,exposure_4_A,all_probe,108,0.9666666666666667,0.9537037037037037,0.9501381308537159,1.6686876569035718,0.09259259259259259,0.9701724137931035
8,20261011,dinov2_cosine_1nn,multiclass,exposure_4_A,sentinel,54,0.9333333333333332,0.9074074074074074,0.8782644972882769,3.3373753138071436,0.18518518518518517,0.9427586206896552
8,20261011,dinov2_cosine_1nn,multiclass,sham_4_A,all_probe,108,0.94,0.9166666666666666,0.9084826762246117,3.0036377824264293,0.16666666666666666,0.946551724137931
8,20261011,dinov2_cosine_1nn,multiclass,sham_4_A,sentinel,54,0.8766666666666666,0.9259259259259259,0.9061064425770308,2.669900251045715,0.14814814814814814,0.9153448275862068
8,20261011,dinov2_cosine_1nn,multiclass,exposure_4_B,all_probe,108,0.98,0.9722222222222222,0.97999799979998,1.0012125941421433,0.05555555555555555,0.9813793103448276
8,20261011,dinov2_cosine_1nn,multiclass,exposure_4_B,sentinel,54,0.96,0.9444444444444444,0.9055207898762342,2.0024251882842865,0.1111111111111111,0.9675862068965517
8,20261011,dinov2_cosine_1nn,multiclass,sham_4_B,all_probe,108,0.9733333333333333,0.9629629629629629,0.9733333333333333,1.3349501255228575,0.07407407407407407,0.9751724137931035
8,20261011,dinov2_cosine_1nn,multiclass,sham_4_B,sentinel,54,0.9733333333333333,0.9629629629629629,0.9733333333333333,1.3349501255228575,0.07407407407407407,0.9751724137931035
9,20261012,dinov2_logit,multiclass,zero,all_probe,108,0.9933333333333333,0.9907407407407407,0.9770251534957417,0.10132088340772824,0.04068581081726336,0.9992385057471265
9,20261012,dinov2_logit,multiclass,zero,sentinel,54,0.9166666666666666,0.9814814814814815,0.9458450046685342,0.11333471105606721,0.051428192703183204,0.9960344827586208
9,20261012,dinov2_logit,multiclass,exposure_0_A,all_probe,108,0.9933333333333333,0.9907407407407407,0.9770251534957417,0.08489509558279383,0.030582325880131385,0.9998850574712644
9,20261012,dinov2_logit,multiclass,exposure_0_A,sentinel,54,0.9166666666666666,0.9814814814814815,0.9458450046685342,0.11292540158929674,0.051300307668305366,0.9964942528735632
9,20261012,dinov2_logit,multiclass,sham_0_A,all_probe,108,1.0,1.0,1.0,0.09243723074678545,0.03158889836831433,1.0
9,20261012,dinov2_logit,multiclass,sham_0_A,sentinel,54,1.0,1.0,1.0,0.10155031388183866,0.03941946003032177,1.0
9,20261012,dinov2_logit,multiclass,exposure_0_B,all_probe,108,0.9516666666666667,0.9814814814814815,0.9516666666666667,0.0982597760999415,0.03979574795115232,0.9991235632183909
9,20261012,dinov2_logit,multiclass,exposure_0_B,sentinel,54,0.9166666666666666,0.9814814814814815,0.9458450046685342,0.10781313115779635,0.049255588630799214,0.9969540229885059
9,20261012,dinov2_logit,multiclass,sham_0_B,all_probe,108,0.9516666666666667,0.9814814814814815,0.9516666666666667,0.09518403275339987,0.03770675966530526,0.999353448275862
9,20261012,dinov2_logit,multiclass,sham_0_B,sentinel,54,0.9166666666666666,0.9814814814814815,0.9458450046685342,0.10678416798114986,0.0465024463610589,0.999080459770115
9,20261012,dinov2_logit,multiclass,exposure_1_A,all_probe,108,0.9516666666666667,0.9814814814814815,0.9516666666666667,0.09772513585147538,0.039850428432579924,0.9991235632183907
9,20261012,dinov2_logit,multiclass,exposure_1_A,sentinel,54,0.9166666666666666,0.9814814814814815,0.9458450046685342,0.11526666537185107,0.05395468652873033,0.9960344827586208
9,20261012,dinov2_logit,multiclass,sham_1_A,all_probe,108,0.9516666666666667,0.9814814814814815,0.9516666666666667,0.095708463196632,0.037360295768898905,0.9994683908045977
9,20261012,dinov2_logit,multiclass,sham_1_A,sentinel,54,0.9166666666666666,0.9814814814814815,0.9458450046685342,0.11256009957995955,0.05166936220436065,0.9960344827586208
9,20261012,dinov2_logit,multiclass,exposure_1_B,all_probe,108,0.9933333333333333,0.9907407407407407,0.9770251534957417,0.08503409964615853,0.03072175601804604,0.9998850574712644
9,20261012,dinov2_logit,multiclass,exposure_1_B,sentinel,54,0.9166666666666666,0.9814814814814815,0.9458450046685342,0.10238217097209824,0.044842489509058434,0.9986206896551725
9,20261012,dinov2_logit,multiclass,sham_1_B,all_probe,108,0.9933333333333333,0.9907407407407407,0.9770251534957417,0.09897180064115461,0.037493158914571986,0.9998850574712644
9,20261012,dinov2_logit,multiclass,sham_1_B,sentinel,54,1.0,1.0,1.0,0.09969378848656289,0.037298435961495374,1.0
9,20261012,dinov2_logit,multiclass,exposure_2_A,all_probe,108,0.9933333333333333,0.9907407407407407,0.9770251534957417,0.09230294520063408,0.03603915236912255,0.9997701149425288
9,20261012,dinov2_logit,multiclass,exposure_2_A,sentinel,54,0.9166666666666666,0.9814814814814815,0.9458450046685342,0.10266300598228909,0.0460694004323278,0.9964942528735632
9,20261012,dinov2_logit,multiclass,sham_2_A,all_probe,108,1.0,1.0,1.0,0.09232088142634877,0.03187383180310309,1.0
9,20261012,dinov2_logit,multiclass,sham_2_A,sentinel,54,1.0,1.0,1.0,0.09746444133746518,0.03614443966560121,1.0
9,20261012,dinov2_logit,multiclass,exposure_2_B,all_probe,108,0.9516666666666667,0.9814814814814815,0.9516666666666667,0.08951128588035578,0.0336695046252024,0.9994683908045977
9,20261012,dinov2_logit,multiclass,exposure_2_B,sentinel,54,0.9166666666666666,0.9814814814814815,0.9458450046685342,0.11640371271657637,0.05336153518985854,0.9964942528735632
9,20261012,dinov2_logit,multiclass,sham_2_B,all_probe,108,0.9933333333333333,0.9907407407407407,0.9770251534957417,0.09694492692234684,0.03752877072759922,0.999353448275862
9,20261012,dinov2_logit,multiclass,sham_2_B,sentinel,54,0.9166666666666666,0.9814814814814815,0.9458450046685342,0.11676991142259831,0.05391244679269672,0.9955747126436783
9,20261012,dinov2_logit,multiclass,exposure_3_A,all_probe,108,0.945,0.9722222222222222,0.9450653398673201,0.08684855630970469,0.03356728795622456,0.999353448275862
9,20261012,dinov2_logit,multiclass,exposure_3_A,sentinel,54,0.9166666666666666,0.9814814814814815,0.9458450046685342,0.10421142681375636,0.04678951353168607,0.9974137931034482
9,20261012,dinov2_logit,multiclass,sham_3_A,all_probe,108,0.9583333333333334,0.9907407407407407,0.9744774477447745,0.09009467805073405,0.03324327636164256,0.9994683908045977
9,20261012,dinov2_logit,multiclass,sham_3_A,sentinel,54,0.9166666666666666,0.9814814814814815,0.9458450046685342,0.11881536109548732,0.05492629667236179,0.9969540229885059
9,20261012,dinov2_logit,multiclass,exposure_3_B,all_probe,108,0.9933333333333333,0.9907407407407407,0.9770251534957417,0.09780015784883134,0.03834857853840877,0.9998850574712644
9,20261012,dinov2_logit,multiclass,exposure_3_B,sentinel,54,0.9166666666666666,0.9814814814814815,0.9458450046685342,0.11276169446621828,0.05146500080298594,0.9960344827586208
9,20261012,dinov2_logit,multiclass,sham_3_B,all_probe,108,0.9933333333333333,0.9907407407407407,0.9770251534957417,0.10312090350106116,0.039212569009538074,0.9998850574712644
9,20261012,dinov2_logit,multiclass,sham_3_B,sentinel,54,1.0,1.0,1.0,0.0930147472379209,0.03273898884054794,1.0
9,20261012,dinov2_logit,multiclass,exposure_4_A,all_probe,108,0.9866666666666667,0.9814814814814815,0.970358486829075,0.09504075033771897,0.039368574947901844,0.9990086206896551
9,20261012,dinov2_logit,multiclass,exposure_4_A,sentinel,54,0.9166666666666666,0.9814814814814815,0.9458450046685342,0.10734102734843089,0.049557756530981815,0.9960344827586208
9,20261012,dinov2_logit,multiclass,sham_4_A,all_probe,108,0.9933333333333333,0.9907407407407407,0.9770251534957417,0.09414528036689832,0.035881905839423966,0.999353448275862
9,20261012,dinov2_logit,multiclass,sham_4_A,sentinel,54,0.9166666666666666,0.9814814814814815,0.9458450046685342,0.11426950064283233,0.053596496318604574,0.9960344827586208
9,20261012,dinov2_logit,multiclass,exposure_4_B,all_probe,108,0.9933333333333333,0.9907407407407407,0.9770251534957417,0.09019677264325765,0.03253473628562869,1.0
9,20261012,dinov2_logit,multiclass,exposure_4_B,sentinel,54,0.9166666666666666,0.9814814814814815,0.9458450046685342,0.11183715201506317,0.04917547103180615,0.9964942528735632
9,20261012,dinov2_logit,multiclass,sham_4_B,all_probe,108,1.0,1.0,1.0,0.09551273557826956,0.0337749862128382,1.0
9,20261012,dinov2_logit,multiclass,sham_4_B,sentinel,54,1.0,1.0,1.0,0.09920568317225993,0.03543606124462277,1.0
9,20261012,dinov2_cosine_1nn,multiclass,zero,all_probe,108,0.94,0.9166666666666666,0.8848940390437415,3.0036377824264293,0.16666666666666666,0.9489655172413792
9,20261012,dinov2_cosine_1nn,multiclass,zero,sentinel,54,0.96,0.9444444444444444,0.9599839935974389,2.0024251882842865,0.1111111111111111,0.9627586206896552
9,20261012,dinov2_cosine_1nn,multiclass,exposure_0_A,all_probe,108,0.9733333333333333,0.9629629629629629,0.9567945301097786,1.3349501255228575,0.07407407407407407,0.9763793103448276
9,20261012,dinov2_cosine_1nn,multiclass,exposure_0_A,sentinel,54,0.8766666666666666,0.9259259259259259,0.9063317634746206,2.669900251045715,0.14814814814814814,0.9153448275862068
9,20261012,dinov2_cosine_1nn,multiclass,sham_0_A,all_probe,108,0.94,0.9166666666666666,0.9233205309615254,3.0036377824264293,0.16666666666666666,0.9453448275862067
9,20261012,dinov2_cosine_1nn,multiclass,sham_0_A,sentinel,54,0.89,0.9444444444444444,0.9196241389637616,2.0024251882842865,0.1111111111111111,0.9277586206896551
9,20261012,dinov2_cosine_1nn,multiclass,exposure_0_B,all_probe,108,0.96,0.9444444444444444,0.9292214663643236,2.0024251882842865,0.1111111111111111,0.9651724137931034
9,20261012,dinov2_cosine_1nn,multiclass,exposure_0_B,sentinel,54,0.8799999999999999,0.8333333333333334,0.8795664391810517,6.007275564852859,0.3333333333333333,0.8882758620689656
9,20261012,dinov2_cosine_1nn,multiclass,sham_0_B,all_probe,108,0.9333333333333332,0.9074074074074074,0.9018609444141359,3.3373753138071436,0.18518518518518517,0.9403448275862069
9,20261012,dinov2_cosine_1nn,multiclass,sham_0_B,sentinel,54,0.9333333333333332,0.9074074074074074,0.9333066559957316,3.3373753138071436,0.18518518518518517,0.9379310344827586
9,20261012,dinov2_cosine_1nn,multiclass,exposure_1_A,all_probe,108,0.9466666666666667,0.9259259259259259,0.9157520786092214,2.669900251045715,0.14814814814814814,0.9527586206896551
9,20261012,dinov2_cosine_1nn,multiclass,exposure_1_A,sentinel,54,0.9333333333333332,0.9074074074074074,0.9333066559957316,3.3373753138071436,0.18518518518518517,0.9379310344827586
9,20261012,dinov2_cosine_1nn,multiclass,sham_1_A,all_probe,108,0.9466666666666667,0.9259259259259259,0.9299606574021194,2.669900251045715,0.14814814814814814,0.9515517241379309
9,20261012,dinov2_cosine_1nn,multiclass,sham_1_A,sentinel,54,0.9733333333333333,0.9629629629629629,0.9733333333333333,1.3349501255228575,0.07407407407407407,0.9751724137931035
9,20261012,dinov2_cosine_1nn,multiclass,exposure_1_B,all_probe,108,0.9866666666666667,0.9814814814814815,0.9702891057413064,0.6674750627614289,0.037037037037037035,0.9887931034482759
9,20261012,dinov2_cosine_1nn,multiclass,exposure_1_B,sentinel,54,0.8366666666666666,0.8703703703703703,0.8666293183940242,4.6723254393300016,0.25925925925925924,0.8781034482758621
9,20261012,dinov2_cosine_1nn,multiclass,sham_1_B,all_probe,108,0.94,0.9166666666666666,0.8958795873057332,3.0036377824264293,0.16666666666666666,0.9477586206896552
9,20261012,dinov2_cosine_1nn,multiclass,sham_1_B,sentinel,54,0.85,0.8888888888888888,0.8799058084772371,4.004850376568572,0.2222222222222222,0.8905172413793103
9,20261012,dinov2_cosine_1nn,multiclass,exposure_2_A,all_probe,108,0.98,0.9722222222222222,0.9493533545794443,1.0012125941421433,0.05555555555555555,0.9837931034482758
9,20261012,dinov2_cosine_1nn,multiclass,exposure_2_A,sentinel,54,0.8366666666666666,0.8703703703703703,0.8663003663003663,4.672325439330001,0.25925925925925924,0.8781034482758621
9,20261012,dinov2_cosine_1nn,multiclass,sham_2_A,all_probe,108,0.94,0.9166666666666666,0.9231721838532985,3.0036377824264293,0.16666666666666666,0.9453448275862067
9,20261012,dinov2_cosine_1nn,multiclass,sham_2_A,sentinel,54,0.8633333333333333,0.9074074074074074,0.8930345471521942,3.3373753138071436,0.18518518518518517,0.9029310344827586
9,20261012,dinov2_cosine_1nn,multiclass,exposure_2_B,all_probe,108,0.9533333333333333,0.9351851851851852,0.922406329980077,2.3361627196650008,0.12962962962962962,0.9589655172413792
9,20261012,dinov2_cosine_1nn,multiclass,exposure_2_B,sentinel,54,0.9333333333333332,0.9074074074074074,0.9333066559957316,3.3373753138071436,0.18518518518518517,0.9379310344827587
9,20261012,dinov2_cosine_1nn,multiclass,sham_2_B,all_probe,108,0.9333333333333332,0.9074074074074074,0.8892537064619823,3.337375313807144,0.18518518518518517,0.941551724137931
9,20261012,dinov2_cosine_1nn,multiclass,sham_2_B,sentinel,54,0.96,0.9444444444444444,0.9599839935974389,2.0024251882842865,0.1111111111111111,0.9627586206896552
9,20261012,dinov2_cosine_1nn,multiclass,exposure_3_A,all_probe,108,0.98,0.9722222222222222,0.97999799979998,1.0012125941421433,0.05555555555555555,0.9813793103448276
9,20261012,dinov2_cosine_1nn,multiclass,exposure_3_A,sentinel,54,0.9333333333333332,0.9074074074074074,0.9333066559957316,3.3373753138071436,0.18518518518518517,0.9379310344827586
9,20261012,dinov2_cosine_1nn,multiclass,sham_3_A,all_probe,108,0.9333333333333332,0.9074074074074074,0.9165437210482899,3.3373753138071436,0.18518518518518517,0.9391379310344828
9,20261012,dinov2_cosine_1nn,multiclass,sham_3_A,sentinel,54,0.9466666666666667,0.9259259259259259,0.9465811965811967,2.669900251045715,0.14814814814814814,0.9503448275862069
9,20261012,dinov2_cosine_1nn,multiclass,exposure_3_B,all_probe,108,0.9533333333333333,0.9351851851851852,0.8988709397255515,2.3361627196650008,0.12962962962962962,0.9613793103448276
9,20261012,dinov2_cosine_1nn,multiclass,exposure_3_B,sentinel,54,0.8366666666666666,0.8703703703703703,0.8666293183940242,4.6723254393300016,0.25925925925925924,0.8781034482758621
9,20261012,dinov2_cosine_1nn,multiclass,sham_3_B,all_probe,108,0.94,0.9166666666666666,0.8848940390437415,3.0036377824264293,0.16666666666666666,0.9489655172413792
9,20261012,dinov2_cosine_1nn,multiclass,sham_3_B,sentinel,54,0.9466666666666667,0.9259259259259259,0.9465811965811964,2.669900251045715,0.14814814814814814,0.950344827586207
9,20261012,dinov2_cosine_1nn,multiclass,exposure_4_A,all_probe,108,0.9666666666666667,0.9537037037037037,0.9232886136910904,1.6686876569035718,0.09259259259259259,0.9725862068965517
9,20261012,dinov2_cosine_1nn,multiclass,exposure_4_A,sentinel,54,0.9066666666666666,0.8703703703703703,0.9066293183940243,4.6723254393300016,0.25925925925925924,0.9131034482758621
9,20261012,dinov2_cosine_1nn,multiclass,sham_4_A,all_probe,108,0.94,0.9166666666666666,0.9084826762246117,3.0036377824264293,0.16666666666666666,0.946551724137931
9,20261012,dinov2_cosine_1nn,multiclass,sham_4_A,sentinel,54,0.9333333333333332,0.9074074074074074,0.9333066559957316,3.3373753138071436,0.18518518518518517,0.9379310344827586
9,20261012,dinov2_cosine_1nn,multiclass,exposure_4_B,all_probe,108,0.9666666666666667,0.9537037037037037,0.9666633329999667,1.6686876569035718,0.09259259259259259,0.9689655172413794
9,20261012,dinov2_cosine_1nn,multiclass,exposure_4_B,sentinel,54,0.8633333333333333,0.9074074074074074,0.8930345471521942,3.3373753138071436,0.18518518518518517,0.9029310344827586
9,20261012,dinov2_cosine_1nn,multiclass,sham_4_B,all_probe,108,0.9533333333333333,0.9351851851851852,0.9367293309076207,2.3361627196650008,0.12962962962962962,0.9577586206896552
9,20261012,dinov2_cosine_1nn,multiclass,sham_4_B,sentinel,54,0.96,0.9444444444444444,0.9599839935974389,2.0024251882842865,0.1111111111111111,0.9627586206896552
10,20261013,dinov2_logit,multiclass,zero,all_probe,108,0.9516666666666667,0.9814814814814815,0.9678107810781077,0.08930521013700475,0.03459448885231047,0.9997701149425288
10,20261013,dinov2_logit,multiclass,zero,sentinel,54,0.9166666666666666,0.9814814814814815,0.9458450046685342,0.11935791481480928,0.05059962993757631,1.0
10,20261013,dinov2_logit,multiclass,exposure_0_A,all_probe,108,0.945,0.9722222222222222,0.94493199319932,0.08960319242718207,0.03680100815378386,0.9991235632183907
10,20261013,dinov2_logit,multiclass,exposure_0_A,sentinel,54,0.9166666666666666,0.9814814814814815,0.9458450046685342,0.11470497005782233,0.04840225140533207,0.9995402298850574
10,20261013,dinov2_logit,multiclass,sham_0_A,all_probe,108,0.9516666666666667,0.9814814814814815,0.9678107810781077,0.09246205315877148,0.037419056691173284,0.9992385057471265
10,20261013,dinov2_logit,multiclass,sham_0_A,sentinel,54,0.9166666666666666,0.9814814814814815,0.9458450046685342,0.12070148533172195,0.05320798532127147,0.999080459770115
10,20261013,dinov2_logit,multiclass,exposure_0_B,all_probe,108,1.0,1.0,1.0,0.07928092802610925,0.024904321826422837,1.0
10,20261013,dinov2_logit,multiclass,exposure_0_B,sentinel,54,1.0,1.0,1.0,0.09613130634285742,0.03164441959726775,1.0
10,20261013,dinov2_logit,multiclass,sham_0_B,all_probe,108,0.9516666666666667,0.9814814814814815,0.9678107810781077,0.08817085077545066,0.034368568218297646,0.9998850574712644
10,20261013,dinov2_logit,multiclass,sham_0_B,sentinel,54,0.9166666666666666,0.9814814814814815,0.9458450046685342,0.11080129396081315,0.04337529027562291,1.0
10,20261013,dinov2_logit,multiclass,exposure_1_A,all_probe,108,0.9583333333333334,0.9907407407407407,0.9744774477447745,0.08424297883990482,0.03156887026441874,0.999353448275862
10,20261013,dinov2_logit,multiclass,exposure_1_A,sentinel,54,0.9166666666666666,0.9814814814814815,0.9458450046685342,0.1137753856854788,0.04663258990259861,1.0
10,20261013,dinov2_logit,multiclass,sham_1_A,all_probe,108,0.9583333333333334,0.9907407407407407,0.9744774477447745,0.08901326887446705,0.03483777032328547,0.9991235632183907
10,20261013,dinov2_logit,multiclass,sham_1_A,sentinel,54,0.9166666666666666,0.9814814814814815,0.9458450046685342,0.11156126336212543,0.0447542808036575,1.0
10,20261013,dinov2_logit,multiclass,exposure_1_B,all_probe,108,1.0,1.0,1.0,0.08126438347763439,0.027131472505650452,1.0
10,20261013,dinov2_logit,multiclass,exposure_1_B,sentinel,54,1.0,1.0,1.0,0.09372907371215916,0.03112809018883842,1.0
10,20261013,dinov2_logit,multiclass,sham_1_B,all_probe,108,0.9516666666666667,0.9814814814814815,0.9678107810781077,0.09196843741906251,0.03754539773881363,0.999353448275862
10,20261013,dinov2_logit,multiclass,sham_1_B,sentinel,54,0.9166666666666666,0.9814814814814815,0.9458450046685342,0.116858371303542,0.04967730927744556,1.0
10,20261013,dinov2_logit,multiclass,exposure_2_A,all_probe,108,0.9583333333333334,0.9907407407407407,0.9744774477447745,0.08137044597609383,0.030500588324057314,0.9992385057471265
10,20261013,dinov2_logit,multiclass,exposure_2_A,sentinel,54,0.9166666666666666,0.9814814814814815,0.9458450046685342,0.1052760506326863,0.041046458155757394,1.0
10,20261013,dinov2_logit,multiclass,sham_2_A,all_probe,108,0.9516666666666667,0.9814814814814815,0.9678107810781077,0.09034300032612708,0.03675788945750332,0.9992385057471265
10,20261013,dinov2_logit,multiclass,sham_2_A,sentinel,54,0.9166666666666666,0.9814814814814815,0.9458450046685342,0.11525145272924117,0.048686685342290516,0.9995402298850574
10,20261013,dinov2_logit,multiclass,exposure_2_B,all_probe,108,0.9933333333333333,0.9907407407407407,0.9770251534957417,0.08792871064471822,0.03172122457086425,1.0
10,20261013,dinov2_logit,multiclass,exposure_2_B,sentinel,54,1.0,1.0,1.0,0.10644154860157845,0.039720825277796044,1.0
10,20261013,dinov2_logit,multiclass,sham_2_B,all_probe,108,0.9583333333333334,0.9907407407407407,0.9744774477447745,0.08762835394556182,0.03290122710710663,0.9998850574712644
10,20261013,dinov2_logit,multiclass,sham_2_B,sentinel,54,0.9166666666666666,0.9814814814814815,0.9458450046685342,0.1128589505061438,0.04575684570153161,1.0
10,20261013,dinov2_logit,multiclass,exposure_3_A,all_probe,108,0.9583333333333334,0.9907407407407407,0.9744774477447745,0.08224806720962181,0.030771988688145527,0.9991235632183907
10,20261013,dinov2_logit,multiclass,exposure_3_A,sentinel,54,0.9166666666666666,0.9814814814814815,0.9458450046685342,0.10749282739246502,0.043396850510503494,1.0
10,20261013,dinov2_logit,multiclass,sham_3_A,all_probe,108,0.9583333333333334,0.9907407407407407,0.9744774477447745,0.08739396780239447,0.03371586692191474,0.9991235632183907
10,20261013,dinov2_logit,multiclass,sham_3_A,sentinel,54,0.9166666666666666,0.9814814814814815,0.9458450046685342,0.11224482000525418,0.04682573002125371,1.0
10,20261013,dinov2_logit,multiclass,exposure_3_B,all_probe,108,1.0,1.0,1.0,0.08538358496936256,0.03011073067854126,1.0
10,20261013,dinov2_logit,multiclass,exposure_3_B,sentinel,54,1.0,1.0,1.0,0.10328813842130213,0.037107450754424,1.0
10,20261013,dinov2_logit,multiclass,sham_3_B,all_probe,108,0.9516666666666667,0.9814814814814815,0.9678107810781077,0.09471940880050275,0.03980868877647734,0.9998850574712644
10,20261013,dinov2_logit,multiclass,sham_3_B,sentinel,54,1.0,1.0,1.0,0.1168719856132213,0.048295491420959645,1.0
10,20261013,dinov2_logit,multiclass,exposure_4_A,all_probe,108,0.9583333333333334,0.9907407407407407,0.9744774477447745,0.08594617172094274,0.03333511740899401,0.9991235632183907
10,20261013,dinov2_logit,multiclass,exposure_4_A,sentinel,54,0.9166666666666666,0.9814814814814815,0.9458450046685342,0.10433928206743394,0.041727015024437764,1.0
10,20261013,dinov2_logit,multiclass,sham_4_A,all_probe,108,0.9583333333333334,0.9907407407407407,0.9744774477447745,0.08950441981271384,0.03513994566404742,0.9992385057471265
10,20261013,dinov2_logit,multiclass,sham_4_A,sentinel,54,0.9166666666666666,0.9814814814814815,0.9458450046685342,0.11388929484011995,0.047242419543526266,0.9995402298850574
10,20261013,dinov2_logit,multiclass,exposure_4_B,all_probe,108,0.9933333333333333,0.9907407407407407,0.9933326665999934,0.08351119551712084,0.028827741531071135,1.0
10,20261013,dinov2_logit,multiclass,exposure_4_B,sentinel,54,1.0,1.0,1.0,0.10920708374059496,0.041229616638757925,1.0
10,20261013,dinov2_logit,multiclass,sham_4_B,all_probe,108,0.9516666666666667,0.9814814814814815,0.9678107810781077,0.08848571908373701,0.034536935912208494,0.9998850574712644
10,20261013,dinov2_logit,multiclass,sham_4_B,sentinel,54,1.0,1.0,1.0,0.11351086559342806,0.04638305447333786,1.0
10,20261013,dinov2_cosine_1nn,multiclass,zero,all_probe,108,0.9333333333333332,0.9074074074074074,0.916122889627204,3.3373753138071436,0.18518518518518517,0.9391379310344826
10,20261013,dinov2_cosine_1nn,multiclass,zero,sentinel,54,0.96,0.9444444444444444,0.9599839935974389,2.0024251882842865,0.1111111111111111,0.9627586206896552
10,20261013,dinov2_cosine_1nn,multiclass,exposure_0_A,all_probe,108,0.9183333333333333,0.9351851851851852,0.9178989139515455,2.3361627196650008,0.12962962962962962,0.9402586206896553
10,20261013,dinov2_cosine_1nn,multiclass,exposure_0_A,sentinel,54,0.8766666666666666,0.9259259259259259,0.9061064425770308,2.669900251045715,0.14814814814814814,0.9153448275862068
10,20261013,dinov2_cosine_1nn,multiclass,sham_0_A,all_probe,108,0.9183333333333333,0.9351851851851852,0.9346009110714993,2.3361627196650008,0.12962962962962962,0.939051724137931
10,20261013,dinov2_cosine_1nn,multiclass,sham_0_A,sentinel,54,0.89,0.9444444444444444,0.9191522762951334,2.0024251882842865,0.1111111111111111,0.9277586206896551
10,20261013,dinov2_cosine_1nn,multiclass,exposure_0_B,all_probe,108,0.98,0.9722222222222222,0.9636244800950683,1.0012125941421433,0.05555555555555555,0.9825862068965517
10,20261013,dinov2_cosine_1nn,multiclass,exposure_0_B,sentinel,54,0.9466666666666667,0.9259259259259259,0.9465811965811967,2.669900251045715,0.14814814814814814,0.9503448275862069
10,20261013,dinov2_cosine_1nn,multiclass,sham_0_B,all_probe,108,0.94,0.9166666666666666,0.9084826762246117,3.0036377824264293,0.16666666666666666,0.946551724137931
10,20261013,dinov2_cosine_1nn,multiclass,sham_0_B,sentinel,54,0.96,0.9444444444444444,0.9599839935974389,2.0024251882842865,0.1111111111111111,0.9627586206896552
10,20261013,dinov2_cosine_1nn,multiclass,exposure_1_A,all_probe,108,0.9383333333333334,0.9629629629629629,0.9381919434440443,1.3349501255228575,0.07407407407407407,0.9588793103448277
10,20261013,dinov2_cosine_1nn,multiclass,exposure_1_A,sentinel,54,0.8766666666666666,0.9259259259259259,0.9061064425770308,2.669900251045715,0.14814814814814814,0.9153448275862068
10,20261013,dinov2_cosine_1nn,multiclass,sham_1_A,all_probe,108,0.9049999999999999,0.9166666666666666,0.9210415977049542,3.0036377824264293,0.16666666666666666,0.9266379310344827
10,20261013,dinov2_cosine_1nn,multiclass,sham_1_A,sentinel,54,0.8766666666666666,0.9259259259259259,0.9061064425770308,2.669900251045715,0.14814814814814814,0.9153448275862068
10,20261013,dinov2_cosine_1nn,multiclass,exposure_1_B,all_probe,108,0.9666666666666667,0.9537037037037037,0.9500277843931094,1.6686876569035718,0.09259259259259259,0.9701724137931033
10,20261013,dinov2_cosine_1nn,multiclass,exposure_1_B,sentinel,54,0.96,0.9444444444444444,0.9599839935974389,2.0024251882842865,0.1111111111111111,0.9627586206896552
10,20261013,dinov2_cosine_1nn,multiclass,sham_1_B,all_probe,108,0.9533333333333333,0.9351851851851852,0.9222203296807283,2.3361627196650008,0.12962962962962962,0.9589655172413792
10,20261013,dinov2_cosine_1nn,multiclass,sham_1_B,sentinel,54,0.9866666666666667,0.9814814814814815,0.9866613311991465,0.6674750627614289,0.037037037037037035,0.9875862068965517
10,20261013,dinov2_cosine_1nn,multiclass,exposure_2_A,all_probe,108,0.9183333333333333,0.9351851851851852,0.9180971207420011,2.3361627196650008,0.12962962962962962,0.9402586206896552
10,20261013,dinov2_cosine_1nn,multiclass,exposure_2_A,sentinel,54,0.8766666666666666,0.9259259259259259,0.9061064425770308,2.669900251045715,0.14814814814814814,0.9153448275862068
10,20261013,dinov2_cosine_1nn,multiclass,sham_2_A,all_probe,108,0.9049999999999999,0.9166666666666666,0.9210415977049542,3.0036377824264293,0.16666666666666666,0.9266379310344827
10,20261013,dinov2_cosine_1nn,multiclass,sham_2_A,sentinel,54,0.9733333333333333,0.9629629629629629,0.9733333333333333,1.3349501255228575,0.07407407407407407,0.9751724137931035
10,20261013,dinov2_cosine_1nn,multiclass,exposure_2_B,all_probe,108,0.98,0.9722222222222222,0.9635469307998114,1.0012125941421433,0.05555555555555555,0.9825862068965519
10,20261013,dinov2_cosine_1nn,multiclass,exposure_2_B,sentinel,54,0.96,0.9444444444444444,0.9599839935974389,2.0024251882842865,0.1111111111111111,0.9627586206896552
10,20261013,dinov2_cosine_1nn,multiclass,sham_2_B,all_probe,108,0.9533333333333333,0.9351851851851852,0.922406329980077,2.3361627196650008,0.12962962962962962,0.9589655172413792
10,20261013,dinov2_cosine_1nn,multiclass,sham_2_B,sentinel,54,0.9733333333333333,0.9629629629629629,0.9732905982905984,1.3349501255228575,0.07407407407407407,0.9751724137931035
10,20261013,dinov2_cosine_1nn,multiclass,exposure_3_A,all_probe,108,0.9316666666666666,0.9537037037037037,0.9314424648850631,1.6686876569035718,0.09259259259259259,0.9526724137931035
10,20261013,dinov2_cosine_1nn,multiclass,exposure_3_A,sentinel,54,0.8766666666666666,0.9259259259259259,0.9061064425770308,2.669900251045715,0.14814814814814814,0.9153448275862068
10,20261013,dinov2_cosine_1nn,multiclass,sham_3_A,all_probe,108,0.9049999999999999,0.9166666666666666,0.9210415977049542,3.0036377824264293,0.16666666666666666,0.9266379310344827
10,20261013,dinov2_cosine_1nn,multiclass,sham_3_A,sentinel,54,0.8766666666666666,0.9259259259259259,0.9061064425770308,2.669900251045715,0.14814814814814814,0.9153448275862068
10,20261013,dinov2_cosine_1nn,multiclass,exposure_3_B,all_probe,108,0.9666666666666667,0.9537037037037037,0.9501381308537159,1.6686876569035718,0.09259259259259259,0.9701724137931035
10,20261013,dinov2_cosine_1nn,multiclass,exposure_3_B,sentinel,54,0.96,0.9444444444444444,0.9599839935974389,2.0024251882842865,0.1111111111111111,0.9627586206896552
10,20261013,dinov2_cosine_1nn,multiclass,sham_3_B,all_probe,108,0.9466666666666667,0.9259259259259259,0.9155773420479303,2.669900251045715,0.14814814814814814,0.9527586206896551
10,20261013,dinov2_cosine_1nn,multiclass,sham_3_B,sentinel,54,0.9866666666666667,0.9814814814814815,0.9866613311991465,0.6674750627614289,0.037037037037037035,0.9875862068965517
10,20261013,dinov2_cosine_1nn,multiclass,exposure_4_A,all_probe,108,0.9383333333333334,0.9629629629629629,0.9381919434440443,1.3349501255228575,0.07407407407407407,0.9588793103448277
10,20261013,dinov2_cosine_1nn,multiclass,exposure_4_A,sentinel,54,0.8766666666666666,0.9259259259259259,0.9061064425770308,2.669900251045715,0.14814814814814814,0.9153448275862068
10,20261013,dinov2_cosine_1nn,multiclass,sham_4_A,all_probe,108,0.9049999999999999,0.9166666666666666,0.890640792399434,3.0036377824264293,0.16666666666666666,0.9290517241379309
10,20261013,dinov2_cosine_1nn,multiclass,sham_4_A,sentinel,54,0.89,0.9444444444444444,0.9191522762951334,2.0024251882842865,0.1111111111111111,0.9277586206896551
10,20261013,dinov2_cosine_1nn,multiclass,exposure_4_B,all_probe,108,0.96,0.9444444444444444,0.9288658543977694,2.0024251882842865,0.1111111111111111,0.9651724137931034
10,20261013,dinov2_cosine_1nn,multiclass,exposure_4_B,sentinel,54,0.96,0.9444444444444444,0.9599839935974389,2.0024251882842865,0.1111111111111111,0.9627586206896552
10,20261013,dinov2_cosine_1nn,multiclass,sham_4_B,all_probe,108,0.94,0.9166666666666666,0.9229768596422135,3.0036377824264293,0.16666666666666666,0.9453448275862067
10,20261013,dinov2_cosine_1nn,multiclass,sham_4_B,sentinel,54,0.9733333333333333,0.9629629629629629,0.9733333333333333,1.3349501255228575,0.07407407407407407,0.9751724137931035
11,20261014,dinov2_logit,multiclass,zero,all_probe,108,1.0,1.0,1.0,0.10980394822967089,0.043773363408031465,1.0
11,20261014,dinov2_logit,multiclass,zero,sentinel,54,0.9866666666666667,0.9814814814814815,0.9866613311991462,0.0751347824824947,0.028205770616162314,1.0
11,20261014,dinov2_logit,multiclass,exposure_0_A,all_probe,108,0.9933333333333333,0.9907407407407407,0.9770251534957417,0.10505792666863173,0.042205701344467245,0.9998850574712644
11,20261014,dinov2_logit,multiclass,exposure_0_A,sentinel,54,1.0,1.0,1.0,0.07135610389692322,0.026985819259101367,1.0
11,20261014,dinov2_logit,multiclass,sham_0_A,all_probe,108,0.98,0.9722222222222222,0.9370591427021161,0.1167301863418696,0.05063539800975013,1.0
11,20261014,dinov2_logit,multiclass,sham_0_A,sentinel,54,1.0,1.0,1.0,0.07580291748974914,0.030391921599871852,1.0
11,20261014,dinov2_logit,multiclass,exposure_0_B,all_probe,108,0.9933333333333333,0.9907407407407407,0.9933326665999934,0.1029686496535322,0.041687216911652884,0.9997701149425288
11,20261014,dinov2_logit,multiclass,exposure_0_B,sentinel,54,1.0,1.0,1.0,0.07256681653232089,0.027799433011617865,1.0
11,20261014,dinov2_logit,multiclass,sham_0_B,all_probe,108,0.9866666666666667,0.9814814814814815,0.970358486829075,0.11440037814415394,0.05045802956784923,0.9995402298850574
11,20261014,dinov2_logit,multiclass,sham_0_B,sentinel,54,0.9866666666666667,0.9814814814814815,0.9561602418745275,0.07060795303935165,0.027199931987984174,1.0
11,20261014,dinov2_logit,multiclass,exposure_1_A,all_probe,108,0.945,0.9722222222222222,0.94493199319932,0.10698511664896923,0.04519233418349002,0.999353448275862
11,20261014,dinov2_logit,multiclass,exposure_1_A,sentinel,54,0.9866666666666667,0.9814814814814815,0.9866613311991462,0.07723466911866958,0.03319768791843943,0.9995402298850574
11,20261014,dinov2_logit,multiclass,sham_1_A,all_probe,108,0.9866666666666667,0.9814814814814815,0.9561602418745275,0.10872499871325383,0.045514937067846976,1.0
11,20261014,dinov2_logit,multiclass,sham_1_A,sentinel,54,0.9866666666666667,0.9814814814814815,0.9866613311991462,0.07534414093429413,0.03119334444097062,1.0
11,20261014,dinov2_logit,multiclass,exposure_1_B,all_probe,108,0.9933333333333333,0.9907407407407407,0.9933326665999934,0.10238765182726652,0.04023839388012217,0.9996551724137931
11,20261014,dinov2_logit,multiclass,exposure_1_B,sentinel,54,1.0,1.0,1.0,0.06688778716689169,0.022924264666149947,1.0
11,20261014,dinov2_logit,multiclass,sham_1_B,all_probe,108,0.9666666666666667,0.9537037037037037,0.9237306831291794,0.12028801263381822,0.0540896412331061,0.999080459770115
11,20261014,dinov2_logit,multiclass,sham_1_B,sentinel,54,0.9866666666666667,0.9814814814814815,0.9561602418745275,0.07508486481380812,0.030303491280335285,0.9995402298850574
11,20261014,dinov2_logit,multiclass,exposure_2_A,all_probe,108,0.9866666666666667,0.9814814814814815,0.9702891057413064,0.10056188174956301,0.04105908685366423,0.9998850574712644
11,20261014,dinov2_logit,multiclass,exposure_2_A,sentinel,54,1.0,1.0,1.0,0.06635315455915504,0.024091802453604514,1.0
11,20261014,dinov2_logit,multiclass,sham_2_A,all_probe,108,1.0,1.0,1.0,0.11095003645547716,0.04760093632470578,1.0
11,20261014,dinov2_logit,multiclass,sham_2_A,sentinel,54,1.0,1.0,1.0,0.068429646350309,0.025726070623340962,1.0
11,20261014,dinov2_logit,multiclass,exposure_2_B,all_probe,108,1.0,1.0,1.0,0.10686803201786327,0.04195556805283981,1.0
11,20261014,dinov2_logit,multiclass,exposure_2_B,sentinel,54,1.0,1.0,1.0,0.07700939033149584,0.02998365831696079,1.0
11,20261014,dinov2_logit,multiclass,sham_2_B,all_probe,108,0.98,0.9722222222222222,0.9370591427021161,0.12075507353578258,0.05396474118881938,0.999080459770115
11,20261014,dinov2_logit,multiclass,sham_2_B,sentinel,54,0.9866666666666667,0.9814814814814815,0.9561602418745275,0.0796120215894275,0.03300094603701822,0.999080459770115
11,20261014,dinov2_logit,multiclass,exposure_3_A,all_probe,108,0.9933333333333333,0.9907407407407407,0.9933326665999934,0.09965140344461447,0.04002070563806294,0.9996551724137931
11,20261014,dinov2_logit,multiclass,exposure_3_A,sentinel,54,0.9866666666666667,0.9814814814814815,0.9866613311991462,0.07626685648259678,0.030905547456182635,1.0
11,20261014,dinov2_logit,multiclass,sham_3_A,all_probe,108,0.9933333333333333,0.9907407407407407,0.9770251534957417,0.10911768680052661,0.04699524741873289,1.0
11,20261014,dinov2_logit,multiclass,sham_3_A,sentinel,54,1.0,1.0,1.0,0.0707993247915033,0.025558851349747776,1.0
11,20261014,dinov2_logit,multiclass,exposure_3_B,all_probe,108,0.9933333333333333,0.9907407407407407,0.9770251534957417,0.10703778246843008,0.042924242822292624,0.9997701149425288
11,20261014,dinov2_logit,multiclass,exposure_3_B,sentinel,54,1.0,1.0,1.0,0.0678727729425072,0.024281267672463382,1.0
11,20261014,dinov2_logit,multiclass,sham_3_B,all_probe,108,0.9866666666666667,0.9814814814814815,0.9561602418745275,0.11749448820790259,0.05005087659226051,0.9996551724137931
11,20261014,dinov2_logit,multiclass,sham_3_B,sentinel,54,0.9866666666666667,0.9814814814814815,0.9561602418745275,0.07476299214684141,0.03102129529319173,0.9995402298850574
11,20261014,dinov2_logit,multiclass,exposure_4_A,all_probe,108,0.9933333333333333,0.9907407407407407,0.9770251534957417,0.1057534587653931,0.042936455607930975,1.0
11,20261014,dinov2_logit,multiclass,exposure_4_A,sentinel,54,1.0,1.0,1.0,0.06824904975896046,0.025208610892938157,1.0
11,20261014,dinov2_logit,multiclass,sham_4_A,all_probe,108,0.98,0.9722222222222222,0.9370591427021161,0.1246255659120137,0.05685047279468594,0.999080459770115
11,20261014,dinov2_logit,multiclass,sham_4_A,sentinel,54,0.9866666666666667,0.9814814814814815,0.9561602418745275,0.07515529394001429,0.029716743487968274,1.0
11,20261014,dinov2_logit,multiclass,exposure_4_B,all_probe,108,0.9933333333333333,0.9907407407407407,0.9933326665999934,0.10104732906216,0.04027980376735777,0.9997701149425288
11,20261014,dinov2_logit,multiclass,exposure_4_B,sentinel,54,0.9733333333333333,0.9629629629629629,0.9732905982905984,0.07700605687906673,0.03150944717634325,1.0
11,20261014,dinov2_logit,multiclass,sham_4_B,all_probe,108,0.9583333333333334,0.9907407407407407,0.9744774477447745,0.10405502739956012,0.04241945920734523,1.0
11,20261014,dinov2_logit,multiclass,sham_4_B,sentinel,54,0.9866666666666667,0.9814814814814815,0.9866613311991462,0.07055388163354165,0.027072454905454138,1.0
11,20261014,dinov2_cosine_1nn,multiclass,zero,all_probe,108,0.8633333333333333,0.9074074074074074,0.8630452180872349,3.3373753138071436,0.18518518518518517,0.9053448275862069
11,20261014,dinov2_cosine_1nn,multiclass,zero,sentinel,54,0.9866666666666667,0.9814814814814815,0.9866613311991462,0.6674750627614289,0.037037037037037035,0.9875862068965517
11,20261014,dinov2_cosine_1nn,multiclass,exposure_0_A,all_probe,108,0.8766666666666666,0.9259259259259259,0.8766666666666666,2.669900251045715,0.14814814814814814,0.917758620689655
11,20261014,dinov2_cosine_1nn,multiclass,exposure_0_A,sentinel,54,0.9866666666666667,0.9814814814814815,0.9866613311991465,0.6674750627614289,0.037037037037037035,0.9875862068965517
11,20261014,dinov2_cosine_1nn,multiclass,sham_0_A,all_probe,108,0.87,0.9166666666666666,0.8695576018416574,3.0036377824264293,0.16666666666666666,0.9115517241379311
11,20261014,dinov2_cosine_1nn,multiclass,sham_0_A,sentinel,54,0.9866666666666667,0.9814814814814815,0.9866613311991465,0.6674750627614289,0.037037037037037035,0.9875862068965517
11,20261014,dinov2_cosine_1nn,multiclass,exposure_0_B,all_probe,108,0.9316666666666666,0.9537037037037037,0.9057239057239057,1.6686876569035718,0.09259259259259259,0.9550862068965517
11,20261014,dinov2_cosine_1nn,multiclass,exposure_0_B,sentinel,54,0.96,0.9444444444444444,0.9294662309368192,2.0024251882842865,0.1111111111111111,0.9651724137931034
11,20261014,dinov2_cosine_1nn,multiclass,sham_0_B,all_probe,108,0.8833333333333333,0.9351851851851852,0.9126306990384659,2.3361627196650003,0.12962962962962962,0.921551724137931
11,20261014,dinov2_cosine_1nn,multiclass,sham_0_B,sentinel,54,0.9733333333333333,0.9629629629629629,0.9732905982905984,1.3349501255228575,0.07407407407407407,0.9751724137931035
11,20261014,dinov2_cosine_1nn,multiclass,exposure_1_A,all_probe,108,0.8833333333333333,0.9351851851851852,0.8831966529986331,2.3361627196650008,0.12962962962962962,0.9239655172413793
11,20261014,dinov2_cosine_1nn,multiclass,exposure_1_A,sentinel,54,0.9733333333333333,0.9629629629629629,0.9732905982905984,1.3349501255228575,0.07407407407407407,0.9751724137931035
11,20261014,dinov2_cosine_1nn,multiclass,sham_1_A,all_probe,108,0.87,0.9166666666666666,0.8695576018416574,3.0036377824264293,0.16666666666666666,0.9115517241379311
11,20261014,dinov2_cosine_1nn,multiclass,sham_1_A,sentinel,54,0.9733333333333333,0.9629629629629629,0.9732905982905984,1.3349501255228575,0.07407407407407407,0.9751724137931035
11,20261014,dinov2_cosine_1nn,multiclass,exposure_1_B,all_probe,108,0.9183333333333333,0.9351851851851852,0.8922558922558922,2.3361627196650008,0.12962962962962962,0.9426724137931034
11,20261014,dinov2_cosine_1nn,multiclass,exposure_1_B,sentinel,54,1.0,1.0,1.0,2.2204460492503136e-16,0.0,1.0
11,20261014,dinov2_cosine_1nn,multiclass,sham_1_B,all_probe,108,0.8766666666666666,0.9259259259259259,0.9059392987964415,2.669900251045715,0.14814814814814814,0.9153448275862068
11,20261014,dinov2_cosine_1nn,multiclass,sham_1_B,sentinel,54,0.9733333333333333,0.9629629629629629,0.9733333333333333,1.3349501255228575,0.07407407407407407,0.9751724137931035
11,20261014,dinov2_cosine_1nn,multiclass,exposure_2_A,all_probe,108,0.8966666666666666,0.9537037037037037,0.8965313197986465,1.6686876569035718,0.09259259259259259,0.9363793103448276
11,20261014,dinov2_cosine_1nn,multiclass,exposure_2_A,sentinel,54,1.0,1.0,1.0,2.2204460492503136e-16,0.0,1.0
11,20261014,dinov2_cosine_1nn,multiclass,sham_2_A,all_probe,108,0.8633333333333333,0.9074074074074074,0.8627136752136751,3.3373753138071436,0.18518518518518517,0.9053448275862069
11,20261014,dinov2_cosine_1nn,multiclass,sham_2_A,sentinel,54,0.9866666666666667,0.9814814814814815,0.9866613311991465,0.6674750627614289,0.037037037037037035,0.9875862068965517
11,20261014,dinov2_cosine_1nn,multiclass,exposure_2_B,all_probe,108,0.9249999999999999,0.9444444444444444,0.8988510959939532,2.002425188284286,0.1111111111111111,0.9488793103448275
11,20261014,dinov2_cosine_1nn,multiclass,exposure_2_B,sentinel,54,0.9733333333333333,0.9629629629629629,0.9732905982905984,1.3349501255228575,0.07407407407407407,0.9751724137931035
11,20261014,dinov2_cosine_1nn,multiclass,sham_2_B,all_probe,108,0.8833333333333333,0.9351851851851852,0.9127769919849128,2.3361627196650008,0.12962962962962962,0.921551724137931
11,20261014,dinov2_cosine_1nn,multiclass,sham_2_B,sentinel,54,0.9733333333333333,0.9629629629629629,0.9732905982905984,1.3349501255228575,0.07407407407407407,0.9751724137931035
11,20261014,dinov2_cosine_1nn,multiclass,exposure_3_A,all_probe,108,0.9249999999999999,0.9444444444444444,0.9108673172239192,2.0024251882842865,0.1111111111111111,0.9476724137931035
11,20261014,dinov2_cosine_1nn,multiclass,exposure_3_A,sentinel,54,0.9733333333333333,0.9629629629629629,0.9733333333333333,1.3349501255228575,0.07407407407407407,0.9751724137931035
11,20261014,dinov2_cosine_1nn,multiclass,sham_3_A,all_probe,108,0.8766666666666666,0.9259259259259259,0.8899412192061291,2.669900251045715,0.14814814814814814,0.9165517241379311
11,20261014,dinov2_cosine_1nn,multiclass,sham_3_A,sentinel,54,0.9733333333333333,0.9629629629629629,0.9733333333333333,1.3349501255228575,0.07407407407407407,0.9751724137931035
11,20261014,dinov2_cosine_1nn,multiclass,exposure_3_B,all_probe,108,0.8966666666666666,0.9537037037037037,0.8851257674787086,1.6686876569035718,0.09259259259259259,0.9375862068965516
11,20261014,dinov2_cosine_1nn,multiclass,exposure_3_B,sentinel,54,0.9866666666666667,0.9814814814814815,0.9866613311991462,0.6674750627614289,0.037037037037037035,0.9875862068965517
11,20261014,dinov2_cosine_1nn,multiclass,sham_3_B,all_probe,108,0.8833333333333333,0.9351851851851852,0.896897689768977,2.3361627196650003,0.12962962962962962,0.9227586206896552
11,20261014,dinov2_cosine_1nn,multiclass,sham_3_B,sentinel,54,0.9866666666666667,0.9814814814814815,0.9866613311991462,0.6674750627614289,0.037037037037037035,0.9875862068965517
11,20261014,dinov2_cosine_1nn,multiclass,exposure_4_A,all_probe,108,0.8766666666666666,0.9259259259259259,0.8648489098609741,2.669900251045715,0.14814814814814814,0.9189655172413794
11,20261014,dinov2_cosine_1nn,multiclass,exposure_4_A,sentinel,54,0.9733333333333333,0.9629629629629629,0.9733333333333333,1.3349501255228575,0.07407407407407407,0.9751724137931035
11,20261014,dinov2_cosine_1nn,multiclass,sham_4_A,all_probe,108,0.8833333333333333,0.9351851851851852,0.8966924143394731,2.3361627196650003,0.12962962962962962,0.9227586206896552
11,20261014,dinov2_cosine_1nn,multiclass,sham_4_A,sentinel,54,0.96,0.9444444444444444,0.9599839935974389,2.0024251882842865,0.1111111111111111,0.9627586206896552
11,20261014,dinov2_cosine_1nn,multiclass,exposure_4_B,all_probe,108,0.9249999999999999,0.9444444444444444,0.9108673172239192,2.002425188284286,0.1111111111111111,0.9476724137931035
11,20261014,dinov2_cosine_1nn,multiclass,exposure_4_B,sentinel,54,0.9866666666666667,0.9814814814814815,0.9866613311991462,0.6674750627614289,0.037037037037037035,0.9875862068965517
11,20261014,dinov2_cosine_1nn,multiclass,sham_4_B,all_probe,108,0.87,0.9166666666666666,0.8831747290510177,3.0036377824264293,0.16666666666666666,0.9103448275862068
11,20261014,dinov2_cosine_1nn,multiclass,sham_4_B,sentinel,54,0.9866666666666667,0.9814814814814815,0.9866613311991462,0.6674750627614289,0.037037037037037035,0.9875862068965517
12,20261015,dinov2_logit,multiclass,zero,all_probe,108,0.9933333333333333,0.9907407407407407,0.9770251534957417,0.08684263622467972,0.033461046868794635,1.0
12,20261015,dinov2_logit,multiclass,zero,sentinel,54,0.9866666666666667,0.9814814814814815,0.9866613311991465,0.08915671383827319,0.03553434247787041,1.0
12,20261015,dinov2_logit,multiclass,exposure_0_A,all_probe,108,0.9866666666666667,0.9814814814814815,0.9702891057413064,0.08560173771046825,0.033669276027558745,1.0
12,20261015,dinov2_logit,multiclass,exposure_0_A,sentinel,54,0.9866666666666667,0.9814814814814815,0.9866613311991465,0.0951209477246751,0.04103454367778694,1.0
12,20261015,dinov2_logit,multiclass,sham_0_A,all_probe,108,0.98,0.9722222222222222,0.9635469307998114,0.09173165057246112,0.03695699778547237,1.0
12,20261015,dinov2_logit,multiclass,sham_0_A,sentinel,54,0.9733333333333333,0.9629629629629629,0.9425381263616558,0.10442420532480023,0.048786767398311996,1.0
12,20261015,dinov2_logit,multiclass,exposure_0_B,all_probe,108,0.9866666666666667,0.9814814814814815,0.9702891057413064,0.08339566019642114,0.033055678298460095,1.0
12,20261015,dinov2_logit,multiclass,exposure_0_B,sentinel,54,0.9866666666666667,0.9814814814814815,0.9866613311991465,0.09407611734211671,0.03907622382636875,1.0
12,20261015,dinov2_logit,multiclass,sham_0_B,all_probe,108,0.98,0.9722222222222222,0.9635469307998114,0.08428646804681571,0.03319517625195197,1.0
12,20261015,dinov2_logit,multiclass,sham_0_B,sentinel,54,0.9866666666666667,0.9814814814814815,0.9866613311991465,0.08652084401827881,0.03256982626234096,1.0
12,20261015,dinov2_logit,multiclass,exposure_1_A,all_probe,108,0.98,0.9722222222222222,0.9635469307998114,0.08617490506395001,0.034901329468665455,1.0
12,20261015,dinov2_logit,multiclass,exposure_1_A,sentinel,54,0.9866666666666667,0.9814814814814815,0.9866613311991465,0.09361916225741466,0.03840980986877899,1.0
12,20261015,dinov2_logit,multiclass,sham_1_A,all_probe,108,0.98,0.9722222222222222,0.9635469307998114,0.0895589290715063,0.037661818649721304,1.0
12,20261015,dinov2_logit,multiclass,sham_1_A,sentinel,54,0.9866666666666667,0.9814814814814815,0.9866613311991465,0.0883628190117164,0.03534635154422557,1.0
12,20261015,dinov2_logit,multiclass,exposure_1_B,all_probe,108,0.9866666666666667,0.9814814814814815,0.9702891057413064,0.08184843151794635,0.031045144030519098,1.0
12,20261015,dinov2_logit,multiclass,exposure_1_B,sentinel,54,0.9733333333333333,0.9629629629629629,0.9425381263616558,0.09524087529812295,0.04164085227461775,1.0
12,20261015,dinov2_logit,multiclass,sham_1_B,all_probe,108,0.98,0.9722222222222222,0.9635469307998114,0.08788108832797444,0.03403900761681087,1.0
12,20261015,dinov2_logit,multiclass,sham_1_B,sentinel,54,0.9866666666666667,0.9814814814814815,0.9866613311991465,0.10131846445016057,0.0432596524780279,1.0
12,20261015,dinov2_logit,multiclass,exposure_2_A,all_probe,108,0.9866666666666667,0.9814814814814815,0.9702891057413064,0.0907333390867102,0.0374229946618792,0.9998850574712644
12,20261015,dinov2_logit,multiclass,exposure_2_A,sentinel,54,0.9866666666666667,0.9814814814814815,0.9866613311991465,0.10545979065405625,0.04717258365184012,1.0
12,20261015,dinov2_logit,multiclass,sham_2_A,all_probe,108,0.9866666666666667,0.9814814814814815,0.9866613311991465,0.09115814612080089,0.03642780870853718,0.9997701149425288
12,20261015,dinov2_logit,multiclass,sham_2_A,sentinel,54,0.9866666666666667,0.9814814814814815,0.9866613311991465,0.10236627995800959,0.043032350629909615,1.0
12,20261015,dinov2_logit,multiclass,exposure_2_B,all_probe,108,0.98,0.9722222222222222,0.9635469307998114,0.07849250882526171,0.030080384420220315,1.0
12,20261015,dinov2_logit,multiclass,exposure_2_B,sentinel,54,0.9866666666666667,0.9814814814814815,0.9866613311991465,0.08280599139249988,0.03196990859349688,1.0
12,20261015,dinov2_logit,multiclass,sham_2_B,all_probe,108,0.98,0.9722222222222222,0.9635469307998114,0.08908150206189293,0.03767892081249243,1.0
12,20261015,dinov2_logit,multiclass,sham_2_B,sentinel,54,0.9866666666666667,0.9814814814814815,0.9866613311991465,0.08878912863972264,0.037051379177934864,1.0
12,20261015,dinov2_logit,multiclass,exposure_3_A,all_probe,108,0.9866666666666667,0.9814814814814815,0.9702891057413064,0.0876101278041351,0.03608189170916814,1.0
12,20261015,dinov2_logit,multiclass,exposure_3_A,sentinel,54,0.9866666666666667,0.9814814814814815,0.9866613311991465,0.09127406352105703,0.03811463124861331,1.0
12,20261015,dinov2_logit,multiclass,sham_3_A,all_probe,108,0.9866666666666667,0.9814814814814815,0.9702891057413064,0.08818043307821438,0.034218894455368985,1.0
12,20261015,dinov2_logit,multiclass,sham_3_A,sentinel,54,0.9866666666666667,0.9814814814814815,0.9866613311991465,0.10034646403840934,0.04369315737789762,1.0
12,20261015,dinov2_logit,multiclass,exposure_3_B,all_probe,108,0.98,0.9722222222222222,0.9635469307998114,0.08175959504013745,0.03145300417577417,1.0
12,20261015,dinov2_logit,multiclass,exposure_3_B,sentinel,54,0.9866666666666667,0.9814814814814815,0.9866613311991465,0.09631916646213122,0.041008261263234876,1.0
12,20261015,dinov2_logit,multiclass,sham_3_B,all_probe,108,0.98,0.9722222222222222,0.9635469307998114,0.08900594783611625,0.03659925421825684,0.9998850574712644
12,20261015,dinov2_logit,multiclass,sham_3_B,sentinel,54,0.9866666666666667,0.9814814814814815,0.9866613311991465,0.08974155097977111,0.036250242322590207,1.0
12,20261015,dinov2_logit,multiclass,exposure_4_A,all_probe,108,0.98,0.9722222222222222,0.9635469307998114,0.08290025619967098,0.033396841493741704,1.0
12,20261015,dinov2_logit,multiclass,exposure_4_A,sentinel,54,0.9866666666666667,0.9814814814814815,0.9866613311991465,0.08439026014790786,0.033549617579225276,1.0
12,20261015,dinov2_logit,multiclass,sham_4_A,all_probe,108,0.98,0.9722222222222222,0.9635469307998114,0.08899590570852986,0.03647418106784287,1.0
12,20261015,dinov2_logit,multiclass,sham_4_A,sentinel,54,0.9866666666666667,0.9814814814814815,0.9866613311991465,0.09013460576569253,0.03602508473724004,1.0
12,20261015,dinov2_logit,multiclass,exposure_4_B,all_probe,108,0.9866666666666667,0.9814814814814815,0.9702891057413064,0.08348775550449757,0.031451491271312366,1.0
12,20261015,dinov2_logit,multiclass,exposure_4_B,sentinel,54,0.9866666666666667,0.9814814814814815,0.9866613311991465,0.10264335493831879,0.0450463560717513,1.0
12,20261015,dinov2_logit,multiclass,sham_4_B,all_probe,108,0.98,0.9722222222222222,0.9635469307998114,0.08605829509069941,0.032852238799469205,1.0
12,20261015,dinov2_logit,multiclass,sham_4_B,sentinel,54,0.9866666666666667,0.9814814814814815,0.9866613311991465,0.09796687392535966,0.041767301816160805,1.0
12,20261015,dinov2_cosine_1nn,multiclass,zero,all_probe,108,0.9733333333333333,0.9629629629629629,0.9567945301097786,1.3349501255228575,0.07407407407407407,0.9763793103448276
12,20261015,dinov2_cosine_1nn,multiclass,zero,sentinel,54,0.9466666666666667,0.9259259259259259,0.9155773420479303,2.669900251045715,0.14814814814814814,0.9527586206896551
12,20261015,dinov2_cosine_1nn,multiclass,exposure_0_A,all_probe,108,0.9866666666666667,0.9814814814814815,0.9866613311991465,0.6674750627614289,0.037037037037037035,0.9875862068965517
12,20261015,dinov2_cosine_1nn,multiclass,exposure_0_A,sentinel,54,0.9733333333333333,0.9629629629629629,0.9733333333333333,1.3349501255228575,0.07407407407407407,0.9751724137931035
12,20261015,dinov2_cosine_1nn,multiclass,sham_0_A,all_probe,108,0.9249999999999999,0.9444444444444444,0.9246794871794872,2.002425188284286,0.1111111111111111,0.9464655172413793
12,20261015,dinov2_cosine_1nn,multiclass,sham_0_A,sentinel,54,0.96,0.9444444444444444,0.9288658543977694,2.0024251882842865,0.1111111111111111,0.9651724137931034
12,20261015,dinov2_cosine_1nn,multiclass,exposure_0_B,all_probe,108,0.98,0.9722222222222222,0.9799819837854069,1.0012125941421433,0.05555555555555555,0.9813793103448276
12,20261015,dinov2_cosine_1nn,multiclass,exposure_0_B,sentinel,54,0.9199999999999999,0.8888888888888888,0.8631874298540966,4.004850376568572,0.2222222222222222,0.9303448275862068
12,20261015,dinov2_cosine_1nn,multiclass,sham_0_B,all_probe,108,0.98,0.9722222222222222,0.9799819837854069,1.0012125941421433,0.05555555555555555,0.9813793103448276
12,20261015,dinov2_cosine_1nn,multiclass,sham_0_B,sentinel,54,0.96,0.9444444444444444,0.9288658543977694,2.0024251882842865,0.1111111111111111,0.9651724137931034
12,20261015,dinov2_cosine_1nn,multiclass,exposure_1_A,all_probe,108,0.9866666666666667,0.9814814814814815,0.9866613311991465,0.6674750627614289,0.037037037037037035,0.9875862068965517
12,20261015,dinov2_cosine_1nn,multiclass,exposure_1_A,sentinel,54,0.9333333333333332,0.9074074074074074,0.9330924662116954,3.3373753138071436,0.18518518518518517,0.9379310344827586
12,20261015,dinov2_cosine_1nn,multiclass,sham_1_A,all_probe,108,0.9316666666666666,0.9537037037037037,0.9314424648850631,1.6686876569035718,0.09259259259259259,0.9526724137931035
12,20261015,dinov2_cosine_1nn,multiclass,sham_1_A,sentinel,54,0.9466666666666667,0.9259259259259259,0.9151095311882842,2.669900251045715,0.14814814814814814,0.9527586206896551
12,20261015,dinov2_cosine_1nn,multiclass,exposure_1_B,all_probe,108,0.9866666666666667,0.9814814814814815,0.9866613311991465,0.6674750627614289,0.037037037037037035,0.9875862068965517
12,20261015,dinov2_cosine_1nn,multiclass,exposure_1_B,sentinel,54,0.9466666666666667,0.9259259259259259,0.8915273132664437,2.669900251045715,0.14814814814814814,0.9551724137931034
12,20261015,dinov2_cosine_1nn,multiclass,sham_1_B,all_probe,108,0.9733333333333333,0.9629629629629629,0.9732905982905984,1.3349501255228575,0.07407407407407407,0.9751724137931035
12,20261015,dinov2_cosine_1nn,multiclass,sham_1_B,sentinel,54,0.9733333333333333,0.9629629629629629,0.9425381263616558,1.3349501255228575,0.07407407407407407,0.9775862068965516
12,20261015,dinov2_cosine_1nn,multiclass,exposure_2_A,all_probe,108,0.98,0.9722222222222222,0.9799819837854069,1.0012125941421433,0.05555555555555555,0.9813793103448276
12,20261015,dinov2_cosine_1nn,multiclass,exposure_2_A,sentinel,54,0.9199999999999999,0.8888888888888888,0.8642140468227425,4.004850376568572,0.2222222222222222,0.930344827586207
12,20261015,dinov2_cosine_1nn,multiclass,sham_2_A,all_probe,108,0.9866666666666667,0.9814814814814815,0.9866613311991465,0.6674750627614289,0.037037037037037035,0.9875862068965517
12,20261015,dinov2_cosine_1nn,multiclass,sham_2_A,sentinel,54,0.96,0.9444444444444444,0.9288658543977694,2.0024251882842865,0.1111111111111111,0.9651724137931034
12,20261015,dinov2_cosine_1nn,multiclass,exposure_2_B,all_probe,108,0.98,0.9722222222222222,0.97999799979998,1.0012125941421433,0.05555555555555555,0.9813793103448276
12,20261015,dinov2_cosine_1nn,multiclass,exposure_2_B,sentinel,54,0.9733333333333333,0.9629629629629629,0.9732905982905984,1.3349501255228575,0.07407407407407407,0.9751724137931035
12,20261015,dinov2_cosine_1nn,multiclass,sham_2_B,all_probe,108,0.9116666666666666,0.9259259259259259,0.9110966144787903,2.669900251045715,0.14814814814814814,0.934051724137931
12,20261015,dinov2_cosine_1nn,multiclass,sham_2_B,sentinel,54,0.96,0.9444444444444444,0.9288658543977694,2.0024251882842865,0.1111111111111111,0.9651724137931034
12,20261015,dinov2_cosine_1nn,multiclass,exposure_3_A,all_probe,108,0.98,0.9722222222222222,0.9635469307998114,1.0012125941421433,0.05555555555555555,0.9825862068965519
12,20261015,dinov2_cosine_1nn,multiclass,exposure_3_A,sentinel,54,0.9466666666666667,0.9259259259259259,0.9155773420479303,2.669900251045715,0.14814814814814814,0.9527586206896551
12,20261015,dinov2_cosine_1nn,multiclass,sham_3_A,all_probe,108,0.9316666666666666,0.9537037037037037,0.9314424648850631,1.6686876569035718,0.09259259259259259,0.9526724137931035
12,20261015,dinov2_cosine_1nn,multiclass,sham_3_A,sentinel,54,0.9733333333333333,0.9629629629629629,0.9425381263616558,1.3349501255228575,0.07407407407407407,0.9775862068965516
12,20261015,dinov2_cosine_1nn,multiclass,exposure_3_B,all_probe,108,0.98,0.9722222222222222,0.9799819837854069,1.0012125941421433,0.05555555555555555,0.9813793103448276
12,20261015,dinov2_cosine_1nn,multiclass,exposure_3_B,sentinel,54,0.9333333333333332,0.9074074074074074,0.9012345679012346,3.3373753138071436,0.18518518518518517,0.9403448275862069
12,20261015,dinov2_cosine_1nn,multiclass,sham_3_B,all_probe,108,0.9733333333333333,0.9629629629629629,0.9732905982905984,1.3349501255228575,0.07407407407407407,0.9751724137931035
12,20261015,dinov2_cosine_1nn,multiclass,sham_3_B,sentinel,54,0.9333333333333332,0.9074074074074074,0.8774283717679944,3.3373753138071436,0.18518518518518517,0.9427586206896552
12,20261015,dinov2_cosine_1nn,multiclass,exposure_4_A,all_probe,108,0.9866666666666667,0.9814814814814815,0.9866613311991465,0.6674750627614289,0.037037037037037035,0.9875862068965517
12,20261015,dinov2_cosine_1nn,multiclass,exposure_4_A,sentinel,54,0.96,0.9444444444444444,0.9288658543977694,2.0024251882842865,0.1111111111111111,0.9651724137931034
12,20261015,dinov2_cosine_1nn,multiclass,sham_4_A,all_probe,108,0.96,0.9444444444444444,0.9432425452450484,2.0024251882842865,0.1111111111111111,0.9639655172413794
12,20261015,dinov2_cosine_1nn,multiclass,sham_4_A,sentinel,54,0.9466666666666667,0.9259259259259259,0.9155773420479303,2.669900251045715,0.14814814814814814,0.9527586206896551
12,20261015,dinov2_cosine_1nn,multiclass,exposure_4_B,all_probe,108,0.98,0.9722222222222222,0.9799819837854069,1.0012125941421433,0.05555555555555555,0.9813793103448276
12,20261015,dinov2_cosine_1nn,multiclass,exposure_4_B,sentinel,54,0.9333333333333332,0.9074074074074074,0.9018609444141359,3.3373753138071436,0.18518518518518517,0.9403448275862069
12,20261015,dinov2_cosine_1nn,multiclass,sham_4_B,all_probe,108,0.9383333333333334,0.9629629629629629,0.9544635977368294,1.3349501255228575,0.07407407407407407,0.9576724137931034
12,20261015,dinov2_cosine_1nn,multiclass,sham_4_B,sentinel,54,0.9466666666666667,0.9259259259259259,0.8915273132664437,2.669900251045715,0.14814814814814814,0.9551724137931034
13,20261016,dinov2_logit,multiclass,zero,all_probe,108,0.9583333333333334,0.9907407407407407,0.9744774477447745,0.07288676610859152,0.024175864660785515,0.9995833333333334
13,20261016,dinov2_logit,multiclass,zero,sentinel,54,1.0,1.0,1.0,0.06721622104651018,0.01840857015997053,1.0
13,20261016,dinov2_logit,multiclass,exposure_0_A,all_probe,108,1.0,1.0,1.0,0.06359127260215229,0.019091445530585775,1.0
13,20261016,dinov2_logit,multiclass,exposure_0_A,sentinel,54,1.0,1.0,1.0,0.0636011328013139,0.016257902180638672,1.0
13,20261016,dinov2_logit,multiclass,sham_0_A,all_probe,108,0.9583333333333334,0.9907407407407407,0.9744774477447745,0.07133372088129902,0.022462531512087706,1.0
13,20261016,dinov2_logit,multiclass,sham_0_A,sentinel,54,1.0,1.0,1.0,0.06546284416329938,0.01732964684560643,1.0
13,20261016,dinov2_logit,multiclass,exposure_0_B,all_probe,108,1.0,1.0,1.0,0.060734770081986814,0.013579900077676019,1.0
13,20261016,dinov2_logit,multiclass,exposure_0_B,sentinel,54,1.0,1.0,1.0,0.07457909636119887,0.02282621954086578,1.0
13,20261016,dinov2_logit,multiclass,sham_0_B,all_probe,108,0.9166666666666666,0.9814814814814815,0.9458450046685342,0.08309602132644348,0.030749944084968353,0.9991666666666666
13,20261016,dinov2_logit,multiclass,sham_0_B,sentinel,54,1.0,1.0,1.0,0.07211034999880796,0.02167970894218838,1.0
13,20261016,dinov2_logit,multiclass,exposure_1_A,all_probe,108,1.0,1.0,1.0,0.05641537821429693,0.011342216444625294,1.0
13,20261016,dinov2_logit,multiclass,exposure_1_A,sentinel,54,1.0,1.0,1.0,0.06725448901345385,0.01842019924005169,1.0
13,20261016,dinov2_logit,multiclass,sham_1_A,all_probe,108,0.9166666666666666,0.9814814814814815,0.9458450046685342,0.08258140947328416,0.031152830025981244,0.9982183908045977
13,20261016,dinov2_logit,multiclass,sham_1_A,sentinel,54,1.0,1.0,1.0,0.07045493357247702,0.022118064426074106,1.0
13,20261016,dinov2_logit,multiclass,exposure_1_B,all_probe,108,0.9166666666666666,0.9814814814814815,0.9458450046685342,0.06850467492122919,0.02183397146807857,1.0
13,20261016,dinov2_logit,multiclass,exposure_1_B,sentinel,54,1.0,1.0,1.0,0.068689617889374,0.018905203502495235,1.0
13,20261016,dinov2_logit,multiclass,sham_1_B,all_probe,108,0.9583333333333334,0.9907407407407407,0.9744774477447745,0.07451646810034832,0.024241685544368112,1.0
13,20261016,dinov2_logit,multiclass,sham_1_B,sentinel,54,1.0,1.0,1.0,0.06663963093575756,0.016814194147618162,1.0
13,20261016,dinov2_logit,multiclass,exposure_2_A,all_probe,108,1.0,1.0,1.0,0.057144080277939886,0.011902018740757282,1.0
13,20261016,dinov2_logit,multiclass,exposure_2_A,sentinel,54,1.0,1.0,1.0,0.0652072740196278,0.01613995367710547,1.0
13,20261016,dinov2_logit,multiclass,sham_2_A,all_probe,108,0.9166666666666666,0.9814814814814815,0.9458450046685342,0.08413657782545994,0.031740009484421294,0.9987499999999999
13,20261016,dinov2_logit,multiclass,sham_2_A,sentinel,54,1.0,1.0,1.0,0.0677935143559742,0.018112010427348977,1.0
13,20261016,dinov2_logit,multiclass,exposure_2_B,all_probe,108,0.9583333333333334,0.9907407407407407,0.9744774477447745,0.06669498331120953,0.020708654374882115,1.0
13,20261016,dinov2_logit,multiclass,exposure_2_B,sentinel,54,1.0,1.0,1.0,0.07052857540998046,0.020885495108389093,1.0
13,20261016,dinov2_logit,multiclass,sham_2_B,all_probe,108,0.9583333333333334,0.9907407407407407,0.9744774477447745,0.07255696608276764,0.023091110776098805,1.0
13,20261016,dinov2_logit,multiclass,sham_2_B,sentinel,54,0.9866666666666667,0.9814814814814815,0.9866613311991462,0.07012443826373002,0.02121972506459884,1.0
13,20261016,dinov2_logit,multiclass,exposure_3_A,all_probe,108,1.0,1.0,1.0,0.055294715944788464,0.011814388974621491,1.0
13,20261016,dinov2_logit,multiclass,exposure_3_A,sentinel,54,1.0,1.0,1.0,0.06352494123718012,0.016599657488729852,1.0
13,20261016,dinov2_logit,multiclass,sham_3_A,all_probe,108,0.9583333333333334,0.9907407407407407,0.9744774477447745,0.07311520727378716,0.02309547998645746,1.0
13,20261016,dinov2_logit,multiclass,sham_3_A,sentinel,54,1.0,1.0,1.0,0.06411347843789825,0.017589405024889558,1.0
13,20261016,dinov2_logit,multiclass,exposure_3_B,all_probe,108,0.9166666666666666,0.9814814814814815,0.9458450046685342,0.06738795584988486,0.0205443471971938,1.0
13,20261016,dinov2_logit,multiclass,exposure_3_B,sentinel,54,1.0,1.0,1.0,0.07348024017980459,0.02253325854016943,1.0
13,20261016,dinov2_logit,multiclass,sham_3_B,all_probe,108,0.9166666666666666,0.9814814814814815,0.9458450046685342,0.0793258739527425,0.0288591288585161,0.9989367816091955
13,20261016,dinov2_logit,multiclass,sham_3_B,sentinel,54,1.0,1.0,1.0,0.07496248856779851,0.022866453604002062,1.0
13,20261016,dinov2_logit,multiclass,exposure_4_A,all_probe,108,1.0,1.0,1.0,0.05500905267396653,0.011384202695907926,1.0
13,20261016,dinov2_logit,multiclass,exposure_4_A,sentinel,54,1.0,1.0,1.0,0.06830188008860193,0.01822242437830435,1.0
13,20261016,dinov2_logit,multiclass,sham_4_A,all_probe,108,0.9583333333333334,0.9907407407407407,0.9744774477447745,0.07484134990117622,0.02503809532298597,1.0
13,20261016,dinov2_logit,multiclass,sham_4_A,sentinel,54,1.0,1.0,1.0,0.06616293703775461,0.01702620755253788,1.0
13,20261016,dinov2_logit,multiclass,exposure_4_B,all_probe,108,0.9166666666666666,0.9814814814814815,0.9458450046685342,0.06711580555468061,0.020442803014622223,1.0
13,20261016,dinov2_logit,multiclass,exposure_4_B,sentinel,54,1.0,1.0,1.0,0.06724748708426068,0.019139346792356363,1.0
13,20261016,dinov2_logit,multiclass,sham_4_B,all_probe,108,0.9166666666666666,0.9814814814814815,0.9458450046685342,0.07808827521502384,0.027590068134337113,0.9995833333333334
13,20261016,dinov2_logit,multiclass,sham_4_B,sentinel,54,1.0,1.0,1.0,0.07263657661556353,0.02323738307807481,1.0
13,20261016,dinov2_cosine_1nn,multiclass,zero,all_probe,108,0.855,0.9444444444444444,0.8933681852128453,2.002425188284286,0.1111111111111111,0.9102586206896551
13,20261016,dinov2_cosine_1nn,multiclass,zero,sentinel,54,0.8633333333333333,0.9074074074074074,0.8630452180872349,3.3373753138071436,0.18518518518518517,0.9053448275862069
13,20261016,dinov2_cosine_1nn,multiclass,exposure_0_A,all_probe,108,0.855,0.9444444444444444,0.8933681852128453,2.002425188284286,0.1111111111111111,0.9102586206896551
13,20261016,dinov2_cosine_1nn,multiclass,exposure_0_A,sentinel,54,0.89,0.9444444444444444,0.9194397759103641,2.0024251882842865,0.1111111111111111,0.9277586206896552
13,20261016,dinov2_cosine_1nn,multiclass,sham_0_A,all_probe,108,0.855,0.9444444444444444,0.8933681852128453,2.002425188284286,0.1111111111111111,0.9102586206896551
13,20261016,dinov2_cosine_1nn,multiclass,sham_0_A,sentinel,54,0.89,0.9444444444444444,0.9194397759103641,2.0024251882842865,0.1111111111111111,0.9277586206896552
13,20261016,dinov2_cosine_1nn,multiclass,exposure_0_B,all_probe,108,0.98,0.9722222222222222,0.9799819837854069,1.0012125941421433,0.05555555555555555,0.9813793103448276
13,20261016,dinov2_cosine_1nn,multiclass,exposure_0_B,sentinel,54,0.8633333333333333,0.9074074074074074,0.8630452180872349,3.3373753138071436,0.18518518518518517,0.9053448275862069
13,20261016,dinov2_cosine_1nn,multiclass,sham_0_B,all_probe,108,0.8616666666666667,0.9537037037037037,0.9000393251994883,1.6686876569035718,0.09259259259259259,0.9164655172413793
13,20261016,dinov2_cosine_1nn,multiclass,sham_0_B,sentinel,54,0.8633333333333333,0.9074074074074074,0.8630452180872349,3.3373753138071436,0.18518518518518517,0.9053448275862069
13,20261016,dinov2_cosine_1nn,multiclass,exposure_1_A,all_probe,108,0.9383333333333334,0.9629629629629629,0.9544635977368294,1.3349501255228575,0.07407407407407407,0.9576724137931034
13,20261016,dinov2_cosine_1nn,multiclass,exposure_1_A,sentinel,54,0.89,0.9444444444444444,0.8902561024409764,2.0024251882842865,0.1111111111111111,0.9301724137931034
13,20261016,dinov2_cosine_1nn,multiclass,sham_1_A,all_probe,108,0.8483333333333333,0.9351851851851852,0.8866873866873867,2.3361627196650003,0.12962962962962962,0.904051724137931
13,20261016,dinov2_cosine_1nn,multiclass,sham_1_A,sentinel,54,0.89,0.9444444444444444,0.89,2.0024251882842865,0.1111111111111111,0.9301724137931034
13,20261016,dinov2_cosine_1nn,multiclass,exposure_1_B,all_probe,108,0.8966666666666666,0.9537037037037037,0.9258371976818579,1.6686876569035718,0.09259259259259259,0.9339655172413792
13,20261016,dinov2_cosine_1nn,multiclass,exposure_1_B,sentinel,54,0.8766666666666666,0.9259259259259259,0.9061064425770308,2.669900251045715,0.14814814814814814,0.9153448275862068
13,20261016,dinov2_cosine_1nn,multiclass,sham_1_B,all_probe,108,0.855,0.9444444444444444,0.8935680898406583,2.002425188284286,0.1111111111111111,0.9102586206896551
13,20261016,dinov2_cosine_1nn,multiclass,sham_1_B,sentinel,54,0.8766666666666666,0.9259259259259259,0.9057352500748727,2.669900251045715,0.14814814814814814,0.9153448275862068
13,20261016,dinov2_cosine_1nn,multiclass,exposure_2_A,all_probe,108,0.9383333333333334,0.9629629629629629,0.9545434543454346,1.3349501255228575,0.07407407407407407,0.9576724137931034
13,20261016,dinov2_cosine_1nn,multiclass,exposure_2_A,sentinel,54,0.85,0.8888888888888888,0.8493589743589745,4.004850376568572,0.2222222222222222,0.8929310344827585
13,20261016,dinov2_cosine_1nn,multiclass,sham_2_A,all_probe,108,0.855,0.9444444444444444,0.8935680898406583,2.002425188284286,0.1111111111111111,0.9102586206896551
13,20261016,dinov2_cosine_1nn,multiclass,sham_2_A,sentinel,54,0.85,0.8888888888888888,0.8497591328783621,4.004850376568572,0.2222222222222222,0.8929310344827585
13,20261016,dinov2_cosine_1nn,multiclass,exposure_2_B,all_probe,108,0.9316666666666666,0.9537037037037037,0.9477751343730724,1.6686876569035718,0.09259259259259259,0.9514655172413793
13,20261016,dinov2_cosine_1nn,multiclass,exposure_2_B,sentinel,54,0.9033333333333333,0.9629629629629629,0.9327577184720042,1.3349501255228575,0.07407407407407407,0.9401724137931033
13,20261016,dinov2_cosine_1nn,multiclass,sham_2_B,all_probe,108,0.8483333333333333,0.9351851851851852,0.8869027174210634,2.3361627196650003,0.12962962962962962,0.904051724137931
13,20261016,dinov2_cosine_1nn,multiclass,sham_2_B,sentinel,54,0.9166666666666666,0.9814814814814815,0.9458450046685342,0.667475062761429,0.037037037037037035,0.9525862068965517
13,20261016,dinov2_cosine_1nn,multiclass,exposure_3_A,all_probe,108,0.9316666666666666,0.9537037037037037,0.9477751343730724,1.6686876569035718,0.09259259259259259,0.9514655172413793
13,20261016,dinov2_cosine_1nn,multiclass,exposure_3_A,sentinel,54,0.8766666666666666,0.9259259259259259,0.8766666666666666,2.669900251045715,0.14814814814814814,0.917758620689655
13,20261016,dinov2_cosine_1nn,multiclass,sham_3_A,all_probe,108,0.8616666666666667,0.9537037037037037,0.9000393251994883,1.6686876569035718,0.09259259259259259,0.9164655172413793
13,20261016,dinov2_cosine_1nn,multiclass,sham_3_A,sentinel,54,0.8766666666666666,0.9259259259259259,0.8766506602641057,2.669900251045715,0.14814814814814814,0.9177586206896552
13,20261016,dinov2_cosine_1nn,multiclass,exposure_3_B,all_probe,108,0.9383333333333334,0.9629629629629629,0.9544635977368294,1.3349501255228575,0.07407407407407407,0.9576724137931034
13,20261016,dinov2_cosine_1nn,multiclass,exposure_3_B,sentinel,54,0.89,0.9444444444444444,0.9194397759103641,2.0024251882842865,0.1111111111111111,0.9277586206896552
13,20261016,dinov2_cosine_1nn,multiclass,sham_3_B,all_probe,108,0.855,0.9444444444444444,0.8933681852128453,2.002425188284286,0.1111111111111111,0.9102586206896551
13,20261016,dinov2_cosine_1nn,multiclass,sham_3_B,sentinel,54,0.8766666666666666,0.9259259259259259,0.9061064425770308,2.669900251045715,0.14814814814814814,0.9153448275862068
13,20261016,dinov2_cosine_1nn,multiclass,exposure_4_A,all_probe,108,0.9316666666666666,0.9537037037037037,0.9478708655179243,1.6686876569035718,0.09259259259259259,0.9514655172413793
13,20261016,dinov2_cosine_1nn,multiclass,exposure_4_A,sentinel,54,0.8633333333333333,0.9074074074074074,0.8630452180872349,3.3373753138071436,0.18518518518518517,0.9053448275862069
13,20261016,dinov2_cosine_1nn,multiclass,sham_4_A,all_probe,108,0.8616666666666667,0.9537037037037037,0.9000393251994883,1.6686876569035718,0.09259259259259259,0.9164655172413793
13,20261016,dinov2_cosine_1nn,multiclass,sham_4_A,sentinel,54,0.85,0.8888888888888888,0.8493589743589745,4.004850376568572,0.2222222222222222,0.8929310344827585
13,20261016,dinov2_cosine_1nn,multiclass,exposure_4_B,all_probe,108,0.9316666666666666,0.9537037037037037,0.9477751343730724,1.6686876569035718,0.09259259259259259,0.9514655172413793
13,20261016,dinov2_cosine_1nn,multiclass,exposure_4_B,sentinel,54,0.9033333333333333,0.9629629629629629,0.9327577184720042,1.3349501255228575,0.07407407407407407,0.9401724137931033
13,20261016,dinov2_cosine_1nn,multiclass,sham_4_B,all_probe,108,0.8483333333333333,0.9351851851851852,0.8866873866873867,2.3361627196650003,0.12962962962962962,0.904051724137931
13,20261016,dinov2_cosine_1nn,multiclass,sham_4_B,sentinel,54,0.9033333333333333,0.9629629629629629,0.9325116713352007,1.3349501255228575,0.07407407407407407,0.9401724137931035
14,20261017,dinov2_logit,multiclass,zero,all_probe,108,0.9383333333333334,0.9629629629629629,0.9545434543454346,0.13596154529152107,0.0668681052528291,0.9944396551724138
14,20261017,dinov2_logit,multiclass,zero,sentinel,54,1.0,1.0,1.0,0.06548330727562951,0.01734419565076339,1.0
14,20261017,dinov2_logit,multiclass,exposure_0_A,all_probe,108,0.9516666666666667,0.9814814814814815,0.9678107810781077,0.12302490877739448,0.05925004620466949,0.9954310344827585
14,20261017,dinov2_logit,multiclass,exposure_0_A,sentinel,54,1.0,1.0,1.0,0.05724961084100439,0.012343926256919456,1.0
14,20261017,dinov2_logit,multiclass,sham_0_A,all_probe,108,0.9516666666666667,0.9814814814814815,0.9678107810781077,0.1377754214599742,0.06693017922578068,0.9929166666666666
14,20261017,dinov2_logit,multiclass,sham_0_A,sentinel,54,1.0,1.0,1.0,0.06250132393754194,0.015713418364428047,1.0
14,20261017,dinov2_logit,multiclass,exposure_0_B,all_probe,108,0.9516666666666667,0.9814814814814815,0.9678107810781077,0.12733820894464548,0.06223594332980764,0.9955028735632183
14,20261017,dinov2_logit,multiclass,exposure_0_B,sentinel,54,1.0,1.0,1.0,0.06681959618307595,0.017723627089865888,1.0
14,20261017,dinov2_logit,multiclass,sham_0_B,all_probe,108,0.9383333333333334,0.9629629629629629,0.9383333333333334,0.15483172664556863,0.0794705865051847,0.9905172413793103
14,20261017,dinov2_logit,multiclass,sham_0_B,sentinel,54,1.0,1.0,1.0,0.06741663783322055,0.01703159971940215,1.0
14,20261017,dinov2_logit,multiclass,exposure_1_A,all_probe,108,0.9516666666666667,0.9814814814814815,0.9678107810781077,0.11668028270554183,0.055426104267593035,0.9974425287356321
14,20261017,dinov2_logit,multiclass,exposure_1_A,sentinel,54,1.0,1.0,1.0,0.05717142737387789,0.012093693524679663,1.0
14,20261017,dinov2_logit,multiclass,sham_1_A,all_probe,108,0.9516666666666667,0.9814814814814815,0.9678107810781077,0.14147981092465417,0.06903206002764235,0.9922701149425288
14,20261017,dinov2_logit,multiclass,sham_1_A,sentinel,54,1.0,1.0,1.0,0.06982173668651323,0.020660371271906678,1.0
14,20261017,dinov2_logit,multiclass,exposure_1_B,all_probe,108,0.9516666666666667,0.9814814814814815,0.9678107810781077,0.13483809069704064,0.06593834408944728,0.9927298850574712
14,20261017,dinov2_logit,multiclass,exposure_1_B,sentinel,54,1.0,1.0,1.0,0.0649934504834426,0.01669183177272698,1.0
14,20261017,dinov2_logit,multiclass,sham_1_B,all_probe,108,0.945,0.9722222222222222,0.9612101210121011,0.14937239913294217,0.07534332831123029,0.9929166666666666
14,20261017,dinov2_logit,multiclass,sham_1_B,sentinel,54,1.0,1.0,1.0,0.06142045686127303,0.01360625406350491,1.0
14,20261017,dinov2_logit,multiclass,exposure_2_A,all_probe,108,0.9516666666666667,0.9814814814814815,0.9678107810781077,0.13263595295418487,0.0663600609705341,0.9937931034482759
14,20261017,dinov2_logit,multiclass,exposure_2_A,sentinel,54,1.0,1.0,1.0,0.06085487707869362,0.014012422909525101,1.0
14,20261017,dinov2_logit,multiclass,sham_2_A,all_probe,108,0.945,0.9722222222222222,0.9612101210121011,0.14983454787509465,0.07752169469809257,0.99375
14,20261017,dinov2_logit,multiclass,sham_2_A,sentinel,54,1.0,1.0,1.0,0.06193751704217048,0.013468821811224795,1.0
14,20261017,dinov2_logit,multiclass,exposure_2_B,all_probe,108,0.9516666666666667,0.9814814814814815,0.9678107810781077,0.11889234455965163,0.05605683635102426,0.9969109195402298
14,20261017,dinov2_logit,multiclass,exposure_2_B,sentinel,54,1.0,1.0,1.0,0.0596090114244823,0.013600050908914018,1.0
14,20261017,dinov2_logit,multiclass,sham_2_B,all_probe,108,0.9516666666666667,0.9814814814814815,0.9678107810781077,0.14406059900097182,0.06926551995082328,0.9918534482758621
14,20261017,dinov2_logit,multiclass,sham_2_B,sentinel,54,1.0,1.0,1.0,0.06854254280821832,0.01996473540587764,1.0
14,20261017,dinov2_logit,multiclass,exposure_3_A,all_probe,108,0.945,0.9722222222222222,0.9612101210121011,0.13920448500539387,0.06766020452178728,0.9920402298850576
14,20261017,dinov2_logit,multiclass,exposure_3_A,sentinel,54,1.0,1.0,1.0,0.0680628738393649,0.01818093991382007,1.0
14,20261017,dinov2_logit,multiclass,sham_3_A,all_probe,108,0.9383333333333334,0.9629629629629629,0.9383333333333334,0.15834114536721094,0.08136465979451134,0.9905603448275863
14,20261017,dinov2_logit,multiclass,sham_3_A,sentinel,54,1.0,1.0,1.0,0.06691411613617154,0.015974534567397537,1.0
14,20261017,dinov2_logit,multiclass,exposure_3_B,all_probe,108,0.945,0.9722222222222222,0.9611408199643493,0.1147733428903849,0.05505257031894287,0.9976724137931035
14,20261017,dinov2_logit,multiclass,exposure_3_B,sentinel,54,1.0,1.0,1.0,0.055575727117584954,0.011191348909090744,1.0
14,20261017,dinov2_logit,multiclass,sham_3_B,all_probe,108,0.945,0.9722222222222222,0.9612101210121011,0.13728562380195108,0.0675145884397627,0.9938649425287357
14,20261017,dinov2_logit,multiclass,sham_3_B,sentinel,54,1.0,1.0,1.0,0.0659137955832321,0.018857118155818097,1.0
14,20261017,dinov2_logit,multiclass,exposure_4_A,all_probe,108,0.9516666666666667,0.9814814814814815,0.9678107810781077,0.12703959253668723,0.061922667909062666,0.9934913793103449
14,20261017,dinov2_logit,multiclass,exposure_4_A,sentinel,54,1.0,1.0,1.0,0.06046101258220188,0.01371604165223133,1.0
14,20261017,dinov2_logit,multiclass,sham_4_A,all_probe,108,0.9516666666666667,0.9814814814814815,0.9678107810781077,0.14135191647536408,0.06842269719326842,0.9927298850574712
14,20261017,dinov2_logit,multiclass,sham_4_A,sentinel,54,1.0,1.0,1.0,0.06284654542775252,0.015864052356512667,1.0
14,20261017,dinov2_logit,multiclass,exposure_4_B,all_probe,108,0.945,0.9722222222222222,0.9612101210121011,0.12225535564673079,0.05859651752208256,0.9972126436781609
14,20261017,dinov2_logit,multiclass,exposure_4_B,sentinel,54,1.0,1.0,1.0,0.06073913098511071,0.014236782318382546,1.0
14,20261017,dinov2_logit,multiclass,sham_4_B,all_probe,108,0.9316666666666666,0.9537037037037037,0.947942794279428,0.15375797645342995,0.07915832758350805,0.9910919540229886
14,20261017,dinov2_logit,multiclass,sham_4_B,sentinel,54,1.0,1.0,1.0,0.06673344232404882,0.016750393381180294,1.0
14,20261017,dinov2_cosine_1nn,multiclass,zero,all_probe,108,0.8983333333333333,0.9074074074074074,0.8840605549150354,3.3373753138071436,0.18518518518518517,0.9228448275862068
14,20261017,dinov2_cosine_1nn,multiclass,zero,sentinel,54,0.9733333333333333,0.9629629629629629,0.9733333333333333,1.3349501255228575,0.07407407407407407,0.9751724137931035
14,20261017,dinov2_cosine_1nn,multiclass,exposure_0_A,all_probe,108,0.9116666666666666,0.9259259259259259,0.911514605842337,2.669900251045715,0.14814814814814814,0.934051724137931
14,20261017,dinov2_cosine_1nn,multiclass,exposure_0_A,sentinel,54,0.96,0.9444444444444444,0.9599839935974389,2.0024251882842865,0.1111111111111111,0.9627586206896552
14,20261017,dinov2_cosine_1nn,multiclass,sham_0_A,all_probe,108,0.8916666666666666,0.8981481481481481,0.8646757130150079,3.671112845187858,0.2037037037037037,0.9178448275862068
14,20261017,dinov2_cosine_1nn,multiclass,sham_0_A,sentinel,54,0.9733333333333333,0.9629629629629629,0.9732905982905984,1.3349501255228575,0.07407407407407407,0.9751724137931035
14,20261017,dinov2_cosine_1nn,multiclass,exposure_0_B,all_probe,108,0.9316666666666666,0.9537037037037037,0.9478708655179243,1.6686876569035718,0.09259259259259259,0.9514655172413793
14,20261017,dinov2_cosine_1nn,multiclass,exposure_0_B,sentinel,54,0.9733333333333333,0.9629629629629629,0.9733333333333333,1.3349501255228575,0.07407407407407407,0.9751724137931035
14,20261017,dinov2_cosine_1nn,multiclass,sham_0_B,all_probe,108,0.8983333333333333,0.9074074074074074,0.871912320483749,3.3373753138071436,0.18518518518518517,0.924051724137931
14,20261017,dinov2_cosine_1nn,multiclass,sham_0_B,sentinel,54,0.9733333333333333,0.9629629629629629,0.9733333333333333,1.3349501255228575,0.07407407407407407,0.9751724137931035
14,20261017,dinov2_cosine_1nn,multiclass,exposure_1_A,all_probe,108,0.9183333333333333,0.9351851851851852,0.9182626595992932,2.3361627196650008,0.12962962962962962,0.9402586206896552
14,20261017,dinov2_cosine_1nn,multiclass,exposure_1_A,sentinel,54,0.9733333333333333,0.9629629629629629,0.9733333333333333,1.3349501255228575,0.07407407407407407,0.9751724137931035
14,20261017,dinov2_cosine_1nn,multiclass,sham_1_A,all_probe,108,0.8983333333333333,0.9074074074074074,0.8715958605664489,3.3373753138071436,0.18518518518518517,0.924051724137931
14,20261017,dinov2_cosine_1nn,multiclass,sham_1_A,sentinel,54,0.9866666666666667,0.9814814814814815,0.9866613311991465,0.6674750627614289,0.037037037037037035,0.9875862068965517
14,20261017,dinov2_cosine_1nn,multiclass,exposure_1_B,all_probe,108,0.9183333333333333,0.9351851851851852,0.9182626595992932,2.3361627196650008,0.12962962962962962,0.9402586206896552
14,20261017,dinov2_cosine_1nn,multiclass,exposure_1_B,sentinel,54,0.9733333333333333,0.9629629629629629,0.9732905982905984,1.3349501255228575,0.07407407407407407,0.9751724137931035
14,20261017,dinov2_cosine_1nn,multiclass,sham_1_B,all_probe,108,0.9049999999999999,0.9166666666666666,0.8787878787878788,3.0036377824264293,0.16666666666666666,0.9302586206896551
14,20261017,dinov2_cosine_1nn,multiclass,sham_1_B,sentinel,54,0.9733333333333333,0.9629629629629629,0.9732905982905984,1.3349501255228575,0.07407407407407407,0.9751724137931035
14,20261017,dinov2_cosine_1nn,multiclass,exposure_2_A,all_probe,108,0.9183333333333333,0.9351851851851852,0.9182626595992932,2.3361627196650008,0.12962962962962962,0.9402586206896552
14,20261017,dinov2_cosine_1nn,multiclass,exposure_2_A,sentinel,54,0.9866666666666667,0.9814814814814815,0.9866613311991465,0.6674750627614289,0.037037037037037035,0.9875862068965517
14,20261017,dinov2_cosine_1nn,multiclass,sham_2_A,all_probe,108,0.8916666666666666,0.8981481481481481,0.8650229284096795,3.671112845187858,0.2037037037037037,0.9178448275862068
14,20261017,dinov2_cosine_1nn,multiclass,sham_2_A,sentinel,54,0.9866666666666667,0.9814814814814815,0.9866613311991465,0.6674750627614289,0.037037037037037035,0.9875862068965517
14,20261017,dinov2_cosine_1nn,multiclass,exposure_2_B,all_probe,108,0.9183333333333333,0.9351851851851852,0.9180971207420011,2.3361627196650008,0.12962962962962962,0.9402586206896552
14,20261017,dinov2_cosine_1nn,multiclass,exposure_2_B,sentinel,54,0.9733333333333333,0.9629629629629629,0.9733333333333333,1.3349501255228575,0.07407407407407407,0.9751724137931035
14,20261017,dinov2_cosine_1nn,multiclass,sham_2_B,all_probe,108,0.8983333333333333,0.9074074074074074,0.8712341637873552,3.3373753138071436,0.18518518518518517,0.924051724137931
14,20261017,dinov2_cosine_1nn,multiclass,sham_2_B,sentinel,54,0.9733333333333333,0.9629629629629629,0.9733333333333333,1.3349501255228575,0.07407407407407407,0.9751724137931035
14,20261017,dinov2_cosine_1nn,multiclass,exposure_3_A,all_probe,108,0.9316666666666666,0.9537037037037037,0.9315973263993066,1.6686876569035718,0.09259259259259259,0.9526724137931035
14,20261017,dinov2_cosine_1nn,multiclass,exposure_3_A,sentinel,54,0.9733333333333333,0.9629629629629629,0.9733333333333333,1.3349501255228575,0.07407407407407407,0.9751724137931035
14,20261017,dinov2_cosine_1nn,multiclass,sham_3_A,all_probe,108,0.8916666666666666,0.8981481481481481,0.8544800144691626,3.671112845187858,0.2037037037037037,0.919051724137931
14,20261017,dinov2_cosine_1nn,multiclass,sham_3_A,sentinel,54,0.9733333333333333,0.9629629629629629,0.9733333333333333,1.3349501255228575,0.07407407407407407,0.9751724137931035
14,20261017,dinov2_cosine_1nn,multiclass,exposure_3_B,all_probe,108,0.9116666666666666,0.9259259259259259,0.9279131717411885,2.669900251045715,0.14814814814814814,0.9328448275862069
14,20261017,dinov2_cosine_1nn,multiclass,exposure_3_B,sentinel,54,0.9866666666666667,0.9814814814814815,0.9866613311991465,0.6674750627614289,0.037037037037037035,0.9875862068965517
14,20261017,dinov2_cosine_1nn,multiclass,sham_3_B,all_probe,108,0.9049999999999999,0.9166666666666666,0.890640792399434,3.0036377824264293,0.16666666666666666,0.9290517241379309
14,20261017,dinov2_cosine_1nn,multiclass,sham_3_B,sentinel,54,0.9866666666666667,0.9814814814814815,0.9866613311991465,0.6674750627614289,0.037037037037037035,0.9875862068965517
14,20261017,dinov2_cosine_1nn,multiclass,exposure_4_A,all_probe,108,0.9116666666666666,0.9259259259259259,0.9116666666666666,2.669900251045715,0.14814814814814814,0.934051724137931
14,20261017,dinov2_cosine_1nn,multiclass,exposure_4_A,sentinel,54,0.96,0.9444444444444444,0.9599839935974389,2.0024251882842865,0.1111111111111111,0.9627586206896552
14,20261017,dinov2_cosine_1nn,multiclass,sham_4_A,all_probe,108,0.9049999999999999,0.9166666666666666,0.8781657487840421,3.0036377824264293,0.16666666666666666,0.9302586206896551
14,20261017,dinov2_cosine_1nn,multiclass,sham_4_A,sentinel,54,0.9733333333333333,0.9629629629629629,0.9732905982905984,1.3349501255228575,0.07407407407407407,0.9751724137931035
14,20261017,dinov2_cosine_1nn,multiclass,exposure_4_B,all_probe,108,0.9249999999999999,0.9444444444444444,0.9248532746431907,2.002425188284286,0.1111111111111111,0.9464655172413794
14,20261017,dinov2_cosine_1nn,multiclass,exposure_4_B,sentinel,54,0.9733333333333333,0.9629629629629629,0.9733333333333333,1.3349501255228575,0.07407407407407407,0.9751724137931035
14,20261017,dinov2_cosine_1nn,multiclass,sham_4_B,all_probe,108,0.8849999999999999,0.8888888888888888,0.84789535165475,4.004850376568573,0.2222222222222222,0.9128448275862068
14,20261017,dinov2_cosine_1nn,multiclass,sham_4_B,sentinel,54,0.9866666666666667,0.9814814814814815,0.9866613311991465,0.6674750627614289,0.037037037037037035,0.9875862068965517
15,20261018,dinov2_logit,multiclass,zero,all_probe,108,0.9933333333333333,0.9907407407407407,0.9770251534957417,0.08696546761714963,0.031623972197933996,0.9998850574712644
15,20261018,dinov2_logit,multiclass,zero,sentinel,54,1.0,1.0,1.0,0.08745739999004988,0.02863019880383957,1.0
15,20261018,dinov2_logit,multiclass,exposure_0_A,all_probe,108,0.9933333333333333,0.9907407407407407,0.9770251534957417,0.08377953344967122,0.03025286312995495,0.9997701149425288
15,20261018,dinov2_logit,multiclass,exposure_0_A,sentinel,54,1.0,1.0,1.0,0.08127775750895869,0.02691665863301315,1.0
15,20261018,dinov2_logit,multiclass,sham_0_A,all_probe,108,0.9933333333333333,0.9907407407407407,0.9770251534957417,0.08780637848225609,0.032065156723450706,0.9997701149425288
15,20261018,dinov2_logit,multiclass,sham_0_A,sentinel,54,1.0,1.0,1.0,0.08623735870284831,0.029317529642851906,1.0
15,20261018,dinov2_logit,multiclass,exposure_0_B,all_probe,108,0.9933333333333333,0.9907407407407407,0.9770251534957417,0.0819697064425364,0.02886005896004611,1.0
15,20261018,dinov2_logit,multiclass,exposure_0_B,sentinel,54,0.9866666666666667,0.9814814814814815,0.9866613311991465,0.09206273345948032,0.03494430193722002,1.0
15,20261018,dinov2_logit,multiclass,sham_0_B,all_probe,108,0.9933333333333333,0.9907407407407407,0.9770251534957417,0.08641090049813309,0.031251595561722134,1.0
15,20261018,dinov2_logit,multiclass,sham_0_B,sentinel,54,1.0,1.0,1.0,0.08622782892853512,0.027182686027984144,1.0
15,20261018,dinov2_logit,multiclass,exposure_1_A,all_probe,108,0.9933333333333333,0.9907407407407407,0.9770251534957417,0.08309689899854329,0.028838227009914688,1.0
15,20261018,dinov2_logit,multiclass,exposure_1_A,sentinel,54,1.0,1.0,1.0,0.08683312955365295,0.030271692408035487,1.0
15,20261018,dinov2_logit,multiclass,sham_1_A,all_probe,108,0.9933333333333333,0.9907407407407407,0.9770251534957417,0.08639962754041014,0.030921333133576655,1.0
15,20261018,dinov2_logit,multiclass,sham_1_A,sentinel,54,1.0,1.0,1.0,0.08899604896541098,0.030106141490307253,1.0
15,20261018,dinov2_logit,multiclass,exposure_1_B,all_probe,108,0.9933333333333333,0.9907407407407407,0.9770251534957417,0.08407791624525117,0.030879198088891547,0.9996551724137931
15,20261018,dinov2_logit,multiclass,exposure_1_B,sentinel,54,1.0,1.0,1.0,0.08950683420028695,0.033317305340476104,1.0
15,20261018,dinov2_logit,multiclass,sham_1_B,all_probe,108,0.9933333333333333,0.9907407407407407,0.9770251534957417,0.0846355111213018,0.030555103273201593,0.9998850574712644
15,20261018,dinov2_logit,multiclass,sham_1_B,sentinel,54,1.0,1.0,1.0,0.08044721726190628,0.025406665290995955,1.0
15,20261018,dinov2_logit,multiclass,exposure_2_A,all_probe,108,0.9866666666666667,0.9814814814814815,0.9702891057413064,0.08544379949106899,0.03124993208655536,1.0
15,20261018,dinov2_logit,multiclass,exposure_2_A,sentinel,54,0.9733333333333333,0.9629629629629629,0.9425381263616558,0.09634166817852587,0.03753431509335602,1.0
15,20261018,dinov2_logit,multiclass,sham_2_A,all_probe,108,0.9933333333333333,0.9907407407407407,0.9770251534957417,0.08472074124909862,0.030672315019043248,1.0
15,20261018,dinov2_logit,multiclass,sham_2_A,sentinel,54,1.0,1.0,1.0,0.08459271303658177,0.02890995096543084,1.0
15,20261018,dinov2_logit,multiclass,exposure_2_B,all_probe,108,0.9933333333333333,0.9907407407407407,0.9770251534957417,0.08273901351062968,0.029425776854064497,0.9997701149425288
15,20261018,dinov2_logit,multiclass,exposure_2_B,sentinel,54,1.0,1.0,1.0,0.07956176000899863,0.025538587050880638,1.0
15,20261018,dinov2_logit,multiclass,sham_2_B,all_probe,108,0.9933333333333333,0.9907407407407407,0.9770251534957417,0.08720551444479768,0.030895776271094792,1.0
15,20261018,dinov2_logit,multiclass,sham_2_B,sentinel,54,1.0,1.0,1.0,0.08508325346126323,0.02727278139807302,1.0
15,20261018,dinov2_logit,multiclass,exposure_3_A,all_probe,108,0.9933333333333333,0.9907407407407407,0.9770251534957417,0.08261329427914278,0.028481988464299883,1.0
15,20261018,dinov2_logit,multiclass,exposure_3_A,sentinel,54,1.0,1.0,1.0,0.0870430635378681,0.030037792344367237,1.0
15,20261018,dinov2_logit,multiclass,sham_3_A,all_probe,108,0.9933333333333333,0.9907407407407407,0.9770251534957417,0.08671355896417339,0.030670617301633424,1.0
15,20261018,dinov2_logit,multiclass,sham_3_A,sentinel,54,0.9866666666666667,0.9814814814814815,0.9866613311991465,0.09025380710296363,0.031967985649743805,1.0
15,20261018,dinov2_logit,multiclass,exposure_3_B,all_probe,108,0.9933333333333333,0.9907407407407407,0.9770251534957417,0.08330421443426224,0.030540230918127756,0.9998850574712644
15,20261018,dinov2_logit,multiclass,exposure_3_B,sentinel,54,0.9866666666666667,0.9814814814814815,0.9561602418745275,0.08522025774989872,0.030711529635891438,1.0
15,20261018,dinov2_logit,multiclass,sham_3_B,all_probe,108,0.9933333333333333,0.9907407407407407,0.9770251534957417,0.08677490530815685,0.0324334439108383,0.9997701149425288
15,20261018,dinov2_logit,multiclass,sham_3_B,sentinel,54,1.0,1.0,1.0,0.08008323587178133,0.024661325316539594,1.0
15,20261018,dinov2_logit,multiclass,exposure_4_A,all_probe,108,0.9933333333333333,0.9907407407407407,0.9770251534957417,0.08209899904694744,0.028530027266854954,1.0
15,20261018,dinov2_logit,multiclass,exposure_4_A,sentinel,54,1.0,1.0,1.0,0.08330874708274498,0.028486643461321102,1.0
15,20261018,dinov2_logit,multiclass,sham_4_A,all_probe,108,0.9933333333333333,0.9907407407407407,0.9770251534957417,0.0857607947585972,0.029909351876485017,0.9998850574712644
15,20261018,dinov2_logit,multiclass,sham_4_A,sentinel,54,1.0,1.0,1.0,0.08236536563248346,0.0261219489093355,1.0
15,20261018,dinov2_logit,multiclass,exposure_4_B,all_probe,108,0.9933333333333333,0.9907407407407407,0.9770251534957417,0.08461676996175288,0.031000162590171458,0.9996551724137931
15,20261018,dinov2_logit,multiclass,exposure_4_B,sentinel,54,0.9866666666666667,0.9814814814814815,0.9561602418745275,0.09437792385012898,0.03690774448987678,1.0
15,20261018,dinov2_logit,multiclass,sham_4_B,all_probe,108,0.9933333333333333,0.9907407407407407,0.9770251534957417,0.08710748097937193,0.03240541436463837,0.9998850574712644
15,20261018,dinov2_logit,multiclass,sham_4_B,sentinel,54,1.0,1.0,1.0,0.08779654057213374,0.030330920155129566,1.0
15,20261018,dinov2_cosine_1nn,multiclass,zero,all_probe,108,0.945,0.9722222222222222,0.9611408199643493,1.0012125941421433,0.05555555555555555,0.9638793103448275
15,20261018,dinov2_cosine_1nn,multiclass,zero,sentinel,54,0.9866666666666667,0.9814814814814815,0.9561602418745275,0.6674750627614289,0.037037037037037035,0.9899999999999999
15,20261018,dinov2_cosine_1nn,multiclass,exposure_0_A,all_probe,108,0.9933333333333333,0.9907407407407407,0.9933326665999934,0.3337375313807146,0.018518518518518517,0.9937931034482759
15,20261018,dinov2_cosine_1nn,multiclass,exposure_0_A,sentinel,54,0.9033333333333333,0.9629629629629629,0.9325116713352006,1.3349501255228577,0.07407407407407407,0.9401724137931035
15,20261018,dinov2_cosine_1nn,multiclass,sham_0_A,all_probe,108,0.9383333333333334,0.9629629629629629,0.9544635977368294,1.3349501255228575,0.07407407407407407,0.9576724137931034
15,20261018,dinov2_cosine_1nn,multiclass,sham_0_A,sentinel,54,0.89,0.9444444444444444,0.8897225556889423,2.0024251882842865,0.1111111111111111,0.9301724137931034
15,20261018,dinov2_cosine_1nn,multiclass,exposure_0_B,all_probe,108,0.945,0.9722222222222222,0.9611408199643493,1.0012125941421433,0.05555555555555555,0.9638793103448275
15,20261018,dinov2_cosine_1nn,multiclass,exposure_0_B,sentinel,54,0.9733333333333333,0.9629629629629629,0.9732905982905984,1.3349501255228575,0.07407407407407407,0.9751724137931035
15,20261018,dinov2_cosine_1nn,multiclass,sham_0_B,all_probe,108,0.9383333333333334,0.9629629629629629,0.9544635977368294,1.3349501255228575,0.07407407407407407,0.9576724137931034
15,20261018,dinov2_cosine_1nn,multiclass,sham_0_B,sentinel,54,1.0,1.0,1.0,2.2204460492503136e-16,0.0,1.0
15,20261018,dinov2_cosine_1nn,multiclass,exposure_1_A,all_probe,108,0.9316666666666666,0.9537037037037037,0.9478708655179243,1.6686876569035718,0.09259259259259259,0.9514655172413793
15,20261018,dinov2_cosine_1nn,multiclass,exposure_1_A,sentinel,54,0.9866666666666667,0.9814814814814815,0.9866613311991462,0.6674750627614289,0.037037037037037035,0.9875862068965517
15,20261018,dinov2_cosine_1nn,multiclass,sham_1_A,all_probe,108,0.9383333333333334,0.9629629629629629,0.9544635977368294,1.3349501255228575,0.07407407407407407,0.9576724137931034
15,20261018,dinov2_cosine_1nn,multiclass,sham_1_A,sentinel,54,0.9866666666666667,0.9814814814814815,0.9561602418745275,0.6674750627614289,0.037037037037037035,0.9899999999999999
15,20261018,dinov2_cosine_1nn,multiclass,exposure_1_B,all_probe,108,0.9866666666666667,0.9814814814814815,0.9866613311991465,0.6674750627614289,0.037037037037037035,0.9875862068965517
15,20261018,dinov2_cosine_1nn,multiclass,exposure_1_B,sentinel,54,0.8766666666666666,0.9259259259259259,0.8766666666666666,2.669900251045715,0.14814814814814814,0.917758620689655
15,20261018,dinov2_cosine_1nn,multiclass,sham_1_B,all_probe,108,0.945,0.9722222222222222,0.9611408199643493,1.0012125941421433,0.05555555555555555,0.9638793103448275
15,20261018,dinov2_cosine_1nn,multiclass,sham_1_B,sentinel,54,0.9733333333333333,0.9629629629629629,0.9425381263616558,1.3349501255228575,0.07407407407407407,0.9775862068965516
15,20261018,dinov2_cosine_1nn,multiclass,exposure_2_A,all_probe,108,0.945,0.9722222222222222,0.9612101210121011,1.0012125941421433,0.05555555555555555,0.9638793103448275
15,20261018,dinov2_cosine_1nn,multiclass,exposure_2_A,sentinel,54,0.9733333333333333,0.9629629629629629,0.9733333333333333,1.3349501255228575,0.07407407407407407,0.9751724137931035
15,20261018,dinov2_cosine_1nn,multiclass,sham_2_A,all_probe,108,0.9383333333333334,0.9629629629629629,0.9544635977368294,1.3349501255228575,0.07407407407407407,0.9576724137931034
15,20261018,dinov2_cosine_1nn,multiclass,sham_2_A,sentinel,54,0.96,0.9444444444444444,0.9292214663643236,2.0024251882842865,0.1111111111111111,0.9651724137931034
15,20261018,dinov2_cosine_1nn,multiclass,exposure_2_B,all_probe,108,0.9933333333333333,0.9907407407407407,0.9933326665999934,0.3337375313807146,0.018518518518518517,0.9937931034482759
15,20261018,dinov2_cosine_1nn,multiclass,exposure_2_B,sentinel,54,0.9033333333333333,0.9629629629629629,0.9327577184720042,1.3349501255228575,0.07407407407407407,0.9401724137931033
15,20261018,dinov2_cosine_1nn,multiclass,sham_2_B,all_probe,108,0.9316666666666666,0.9537037037037037,0.9477751343730724,1.6686876569035718,0.09259259259259259,0.9514655172413793
15,20261018,dinov2_cosine_1nn,multiclass,sham_2_B,sentinel,54,0.9733333333333333,0.9629629629629629,0.9425381263616558,1.3349501255228575,0.07407407407407407,0.9775862068965516
15,20261018,dinov2_cosine_1nn,multiclass,exposure_3_A,all_probe,108,0.9583333333333334,0.9907407407407407,0.9744774477447745,0.3337375313807146,0.018518518518518517,0.9762931034482758
15,20261018,dinov2_cosine_1nn,multiclass,exposure_3_A,sentinel,54,0.9033333333333333,0.9629629629629629,0.9327577184720042,1.3349501255228575,0.07407407407407407,0.9401724137931033
15,20261018,dinov2_cosine_1nn,multiclass,sham_3_A,all_probe,108,0.9516666666666667,0.9814814814814815,0.9678107810781077,0.667475062761429,0.037037037037037035,0.9700862068965517
15,20261018,dinov2_cosine_1nn,multiclass,sham_3_A,sentinel,54,0.9733333333333333,0.9629629629629629,0.9732905982905984,1.3349501255228575,0.07407407407407407,0.9751724137931035
15,20261018,dinov2_cosine_1nn,multiclass,exposure_3_B,all_probe,108,0.9866666666666667,0.9814814814814815,0.9866613311991465,0.6674750627614289,0.037037037037037035,0.9875862068965517
15,20261018,dinov2_cosine_1nn,multiclass,exposure_3_B,sentinel,54,0.9866666666666667,0.9814814814814815,0.9866613311991465,0.667475062761429,0.037037037037037035,0.9875862068965517
15,20261018,dinov2_cosine_1nn,multiclass,sham_3_B,all_probe,108,0.9316666666666666,0.9537037037037037,0.9477751343730724,1.6686876569035718,0.09259259259259259,0.9514655172413793
15,20261018,dinov2_cosine_1nn,multiclass,sham_3_B,sentinel,54,0.9033333333333333,0.9629629629629629,0.9033333333333333,1.3349501255228575,0.07407407407407407,0.9425862068965517
15,20261018,dinov2_cosine_1nn,multiclass,exposure_4_A,all_probe,108,0.9516666666666667,0.9814814814814815,0.9678748266983561,0.667475062761429,0.037037037037037035,0.9700862068965517
15,20261018,dinov2_cosine_1nn,multiclass,exposure_4_A,sentinel,54,0.9033333333333333,0.9629629629629629,0.9327577184720042,1.3349501255228575,0.07407407407407407,0.9401724137931033
15,20261018,dinov2_cosine_1nn,multiclass,sham_4_A,all_probe,108,0.945,0.9722222222222222,0.9611408199643493,1.0012125941421433,0.05555555555555555,0.9638793103448275
15,20261018,dinov2_cosine_1nn,multiclass,sham_4_A,sentinel,54,0.9733333333333333,0.9629629629629629,0.9732905982905984,1.3349501255228575,0.07407407407407407,0.9751724137931035
15,20261018,dinov2_cosine_1nn,multiclass,exposure_4_B,all_probe,108,0.9733333333333333,0.9629629629629629,0.9733226623982927,1.3349501255228575,0.07407407407407407,0.9751724137931035
15,20261018,dinov2_cosine_1nn,multiclass,exposure_4_B,sentinel,54,0.89,0.9444444444444444,0.9194397759103641,2.0024251882842865,0.1111111111111111,0.9277586206896552
15,20261018,dinov2_cosine_1nn,multiclass,sham_4_B,all_probe,108,0.9249999999999999,0.9444444444444444,0.9410714285714286,2.002425188284286,0.1111111111111111,0.9452586206896552
15,20261018,dinov2_cosine_1nn,multiclass,sham_4_B,sentinel,54,0.96,0.9444444444444444,0.9292214663643236,2.0024251882842865,0.1111111111111111,0.9651724137931034
16,20261019,dinov2_logit,multiclass,zero,all_probe,108,0.9383333333333334,0.9629629629629629,0.9544635977368294,0.12716474410132778,0.05744172655961959,0.9989655172413793
16,20261019,dinov2_logit,multiclass,zero,sentinel,54,0.9733333333333333,0.9629629629629629,0.9425381263616558,0.1271392562577008,0.06237762642101607,0.9952873563218391
16,20261019,dinov2_logit,multiclass,exposure_0_A,all_probe,108,0.9583333333333334,0.9907407407407407,0.9744774477447745,0.09787856135792508,0.03662884126759661,1.0
16,20261019,dinov2_logit,multiclass,exposure_0_A,sentinel,54,0.9866666666666667,0.9814814814814815,0.9561602418745275,0.11982637228657794,0.05522112217624669,0.9978735632183908
16,20261019,dinov2_logit,multiclass,sham_0_A,all_probe,108,0.9316666666666666,0.9537037037037037,0.9477751343730724,0.12100626503139085,0.05491844948772994,0.999080459770115
16,20261019,dinov2_logit,multiclass,sham_0_A,sentinel,54,0.9733333333333333,0.9629629629629629,0.9425381263616558,0.11733111081572,0.053979752197802884,1.0
16,20261019,dinov2_logit,multiclass,exposure_0_B,all_probe,108,0.98,0.9722222222222222,0.9635469307998114,0.10959920964673382,0.04731424930871932,0.9997701149425288
16,20261019,dinov2_logit,multiclass,exposure_0_B,sentinel,54,0.9733333333333333,0.9629629629629629,0.9425381263616558,0.12732514961649632,0.06311964237441112,0.9948275862068966
16,20261019,dinov2_logit,multiclass,sham_0_B,all_probe,108,0.945,0.9722222222222222,0.9611408199643493,0.12225854462381633,0.05593866252531451,0.999080459770115
16,20261019,dinov2_logit,multiclass,sham_0_B,sentinel,54,0.89,0.9444444444444444,0.8897225556889423,0.1275383456938113,0.06467249884463723,0.9948275862068966
16,20261019,dinov2_logit,multiclass,exposure_1_A,all_probe,108,0.9866666666666667,0.9814814814814815,0.9866613311991465,0.10760664849334328,0.04602866978356564,0.9996551724137932
16,20261019,dinov2_logit,multiclass,exposure_1_A,sentinel,54,0.89,0.9444444444444444,0.8897225556889423,0.12337910071295248,0.059900494022988617,0.9974137931034482
16,20261019,dinov2_logit,multiclass,sham_1_A,all_probe,108,0.945,0.9722222222222222,0.9611408199643493,0.12298860977250267,0.05561329398785317,0.9988505747126437
16,20261019,dinov2_logit,multiclass,sham_1_A,sentinel,54,0.9733333333333333,0.9629629629629629,0.9425381263616558,0.10956326647906288,0.048093292646599534,1.0
16,20261019,dinov2_logit,multiclass,exposure_1_B,all_probe,108,0.9866666666666667,0.9814814814814815,0.9866613311991465,0.09841571076164195,0.037303091431626856,0.9997701149425288
16,20261019,dinov2_logit,multiclass,exposure_1_B,sentinel,54,0.9733333333333333,0.9629629629629629,0.9425381263616558,0.12263596185684733,0.05883816750087777,0.9957471264367816
16,20261019,dinov2_logit,multiclass,sham_1_B,all_probe,108,0.8966666666666666,0.9537037037037037,0.9258371976818579,0.11984941227812158,0.054235506329683235,0.999080459770115
16,20261019,dinov2_logit,multiclass,sham_1_B,sentinel,54,0.89,0.9444444444444444,0.8897225556889423,0.13574980232590103,0.07080367088698493,0.9948275862068966
16,20261019,dinov2_logit,multiclass,exposure_2_A,all_probe,108,0.9516666666666667,0.9814814814814815,0.9678107810781077,0.10125591532553459,0.040286061356792996,0.9998850574712644
16,20261019,dinov2_logit,multiclass,exposure_2_A,sentinel,54,0.89,0.9444444444444444,0.8897225556889423,0.12114273126794516,0.056846144222657144,0.9974137931034482
16,20261019,dinov2_logit,multiclass,sham_2_A,all_probe,108,0.945,0.9722222222222222,0.9611408199643493,0.12203656467837883,0.055842943302784984,0.9989655172413793
16,20261019,dinov2_logit,multiclass,sham_2_A,sentinel,54,0.9733333333333333,0.9629629629629629,0.9425381263616558,0.11459896304223705,0.053036937383741205,0.9995402298850574
16,20261019,dinov2_logit,multiclass,exposure_2_B,all_probe,108,0.9933333333333333,0.9907407407407407,0.9933326665999934,0.10180014058926469,0.039943677680004536,0.9997701149425288
16,20261019,dinov2_logit,multiclass,exposure_2_B,sentinel,54,0.9733333333333333,0.9629629629629629,0.9425381263616558,0.12678229609357514,0.06218332823767122,0.9957471264367816
16,20261019,dinov2_logit,multiclass,sham_2_B,all_probe,108,0.9316666666666666,0.9537037037037037,0.9477751343730724,0.12207538022039575,0.05459614593810142,0.9993103448275863
16,20261019,dinov2_logit,multiclass,sham_2_B,sentinel,54,0.9733333333333333,0.9629629629629629,0.9425381263616558,0.1319321688276488,0.06641994236551718,0.9952873563218391
16,20261019,dinov2_logit,multiclass,exposure_3_A,all_probe,108,0.945,0.9722222222222222,0.9611408199643493,0.10082564138493286,0.04258004036280271,0.9996551724137931
16,20261019,dinov2_logit,multiclass,exposure_3_A,sentinel,54,0.89,0.9444444444444444,0.8897225556889423,0.11844567749872258,0.05659650718884473,0.9974137931034482
16,20261019,dinov2_logit,multiclass,sham_3_A,all_probe,108,0.9383333333333334,0.9629629629629629,0.9544635977368294,0.1192970107395384,0.05417004180880269,0.999080459770115
16,20261019,dinov2_logit,multiclass,sham_3_A,sentinel,54,0.9733333333333333,0.9629629629629629,0.9425381263616558,0.1180316800411916,0.055522052243866,0.9974137931034482
16,20261019,dinov2_logit,multiclass,exposure_3_B,all_probe,108,0.9933333333333333,0.9907407407407407,0.9933326665999934,0.0996397929679846,0.03664107962471777,0.9998850574712644
16,20261019,dinov2_logit,multiclass,exposure_3_B,sentinel,54,0.9866666666666667,0.9814814814814815,0.9561602418745275,0.12792903746615253,0.06100519769267773,0.9952873563218391
16,20261019,dinov2_logit,multiclass,sham_3_B,all_probe,108,0.8966666666666666,0.9537037037037037,0.9258371976818579,0.12282622217833052,0.05584727620053251,0.999080459770115
16,20261019,dinov2_logit,multiclass,sham_3_B,sentinel,54,0.9733333333333333,0.9629629629629629,0.9425381263616558,0.12772040780375007,0.06343904786949656,0.9957471264367816
16,20261019,dinov2_logit,multiclass,exposure_4_A,all_probe,108,0.945,0.9722222222222222,0.9611408199643493,0.11231161855696639,0.046418809884482,0.9995402298850574
16,20261019,dinov2_logit,multiclass,exposure_4_A,sentinel,54,0.9733333333333333,0.9629629629629629,0.9425381263616558,0.1260516363973969,0.060896633392248635,0.9952873563218391
16,20261019,dinov2_logit,multiclass,sham_4_A,all_probe,108,0.9033333333333333,0.9629629629629629,0.9325116713352006,0.1286310876975159,0.0602964367479169,0.9988505747126437
16,20261019,dinov2_logit,multiclass,sham_4_A,sentinel,54,0.89,0.9444444444444444,0.8897225556889423,0.12139036261508458,0.05760487764157797,0.9974137931034482
16,20261019,dinov2_logit,multiclass,exposure_4_B,all_probe,108,0.9516666666666667,0.9814814814814815,0.9678107810781077,0.09335612856649028,0.03658307047399278,0.9996551724137931
16,20261019,dinov2_logit,multiclass,exposure_4_B,sentinel,54,0.89,0.9444444444444444,0.8897225556889423,0.11828713577180058,0.056413850150895964,0.9974137931034482
16,20261019,dinov2_logit,multiclass,sham_4_B,all_probe,108,0.9383333333333334,0.9629629629629629,0.9544635977368294,0.11729940102700114,0.05274671987455552,0.9994252873563219
16,20261019,dinov2_logit,multiclass,sham_4_B,sentinel,54,0.9733333333333333,0.9629629629629629,0.9425381263616558,0.12281305376870531,0.05934183079986001,0.9969540229885058
16,20261019,dinov2_cosine_1nn,multiclass,zero,all_probe,108,0.87,0.9166666666666666,0.8828864614366104,3.0036377824264293,0.16666666666666666,0.9103448275862068
16,20261019,dinov2_cosine_1nn,multiclass,zero,sentinel,54,0.8633333333333333,0.9074074074074074,0.8927263212977499,3.3373753138071436,0.18518518518518517,0.9029310344827586
16,20261019,dinov2_cosine_1nn,multiclass,exposure_0_A,all_probe,108,0.8833333333333333,0.9351851851851852,0.9124529536900671,2.3361627196650008,0.12962962962962962,0.921551724137931
16,20261019,dinov2_cosine_1nn,multiclass,exposure_0_A,sentinel,54,0.8766666666666666,0.9259259259259259,0.9057352500748727,2.669900251045715,0.14814814814814814,0.9153448275862068
16,20261019,dinov2_cosine_1nn,multiclass,sham_0_A,all_probe,108,0.87,0.9166666666666666,0.8831747290510177,3.0036377824264293,0.16666666666666666,0.9103448275862068
16,20261019,dinov2_cosine_1nn,multiclass,sham_0_A,sentinel,54,0.8633333333333333,0.9074074074074074,0.8927263212977499,3.3373753138071436,0.18518518518518517,0.9029310344827586
16,20261019,dinov2_cosine_1nn,multiclass,exposure_0_B,all_probe,108,0.9466666666666667,0.9259259259259259,0.9295997960338137,2.669900251045715,0.14814814814814814,0.9515517241379309
16,20261019,dinov2_cosine_1nn,multiclass,exposure_0_B,sentinel,54,0.8766666666666666,0.9259259259259259,0.9061064425770308,2.669900251045715,0.14814814814814814,0.9153448275862068
16,20261019,dinov2_cosine_1nn,multiclass,sham_0_B,all_probe,108,0.8766666666666666,0.9259259259259259,0.8896825396825396,2.669900251045715,0.14814814814814814,0.9165517241379311
16,20261019,dinov2_cosine_1nn,multiclass,sham_0_B,sentinel,54,0.89,0.9444444444444444,0.9194397759103641,2.0024251882842865,0.1111111111111111,0.9277586206896552
16,20261019,dinov2_cosine_1nn,multiclass,exposure_1_A,all_probe,108,0.9183333333333333,0.9351851851851852,0.9178989139515455,2.3361627196650008,0.12962962962962962,0.9402586206896553
16,20261019,dinov2_cosine_1nn,multiclass,exposure_1_A,sentinel,54,0.89,0.9444444444444444,0.9191522762951334,2.0024251882842865,0.1111111111111111,0.9277586206896551
16,20261019,dinov2_cosine_1nn,multiclass,sham_1_A,all_probe,108,0.87,0.9166666666666666,0.8828864614366104,3.0036377824264293,0.16666666666666666,0.9103448275862068
16,20261019,dinov2_cosine_1nn,multiclass,sham_1_A,sentinel,54,0.89,0.9444444444444444,0.9194397759103641,2.0024251882842865,0.1111111111111111,0.9277586206896552
16,20261019,dinov2_cosine_1nn,multiclass,exposure_1_B,all_probe,108,0.9316666666666666,0.9537037037037037,0.9477751343730724,1.6686876569035718,0.09259259259259259,0.9514655172413793
16,20261019,dinov2_cosine_1nn,multiclass,exposure_1_B,sentinel,54,0.8633333333333333,0.9074074074074074,0.8927263212977499,3.3373753138071436,0.18518518518518517,0.9029310344827586
16,20261019,dinov2_cosine_1nn,multiclass,sham_1_B,all_probe,108,0.8833333333333333,0.9351851851851852,0.8964578376949511,2.3361627196650003,0.12962962962962962,0.9227586206896551
16,20261019,dinov2_cosine_1nn,multiclass,sham_1_B,sentinel,54,0.8633333333333333,0.9074074074074074,0.8927263212977499,3.3373753138071436,0.18518518518518517,0.9029310344827586
16,20261019,dinov2_cosine_1nn,multiclass,exposure_2_A,all_probe,108,0.9183333333333333,0.9351851851851852,0.9180971207420011,2.3361627196650008,0.12962962962962962,0.9402586206896552
16,20261019,dinov2_cosine_1nn,multiclass,exposure_2_A,sentinel,54,0.8766666666666666,0.9259259259259259,0.9057352500748727,2.669900251045715,0.14814814814814814,0.9153448275862068
16,20261019,dinov2_cosine_1nn,multiclass,sham_2_A,all_probe,108,0.8766666666666666,0.9259259259259259,0.8896825396825396,2.669900251045715,0.14814814814814814,0.9165517241379311
16,20261019,dinov2_cosine_1nn,multiclass,sham_2_A,sentinel,54,0.89,0.9444444444444444,0.9191522762951334,2.0024251882842865,0.1111111111111111,0.9277586206896551
16,20261019,dinov2_cosine_1nn,multiclass,exposure_2_B,all_probe,108,0.9316666666666666,0.9537037037037037,0.9477751343730724,1.6686876569035718,0.09259259259259259,0.9514655172413793
16,20261019,dinov2_cosine_1nn,multiclass,exposure_2_B,sentinel,54,0.8766666666666666,0.9259259259259259,0.9061064425770308,2.669900251045715,0.14814814814814814,0.9153448275862068
16,20261019,dinov2_cosine_1nn,multiclass,sham_2_B,all_probe,108,0.8766666666666666,0.9259259259259259,0.8896825396825396,2.669900251045715,0.14814814814814814,0.9165517241379311
16,20261019,dinov2_cosine_1nn,multiclass,sham_2_B,sentinel,54,0.8766666666666666,0.9259259259259259,0.9061064425770308,2.669900251045715,0.14814814814814814,0.9153448275862068
16,20261019,dinov2_cosine_1nn,multiclass,exposure_3_A,all_probe,108,0.9316666666666666,0.9537037037037037,0.9316239316239318,1.6686876569035718,0.09259259259259259,0.9526724137931034
16,20261019,dinov2_cosine_1nn,multiclass,exposure_3_A,sentinel,54,0.89,0.9444444444444444,0.9191522762951334,2.0024251882842865,0.1111111111111111,0.9277586206896551
16,20261019,dinov2_cosine_1nn,multiclass,sham_3_A,all_probe,108,0.8766666666666666,0.9259259259259259,0.8896825396825396,2.669900251045715,0.14814814814814814,0.9165517241379311
16,20261019,dinov2_cosine_1nn,multiclass,sham_3_A,sentinel,54,0.89,0.9444444444444444,0.9194397759103641,2.0024251882842865,0.1111111111111111,0.9277586206896552
16,20261019,dinov2_cosine_1nn,multiclass,exposure_3_B,all_probe,108,0.9249999999999999,0.9444444444444444,0.9410714285714286,2.0024251882842865,0.1111111111111111,0.9452586206896552
16,20261019,dinov2_cosine_1nn,multiclass,exposure_3_B,sentinel,54,0.8633333333333333,0.9074074074074074,0.8927263212977499,3.3373753138071436,0.18518518518518517,0.9029310344827586
16,20261019,dinov2_cosine_1nn,multiclass,sham_3_B,all_probe,108,0.8766666666666666,0.9259259259259259,0.8896825396825396,2.669900251045715,0.14814814814814814,0.9165517241379311
16,20261019,dinov2_cosine_1nn,multiclass,sham_3_B,sentinel,54,0.8633333333333333,0.9074074074074074,0.8927263212977499,3.3373753138071436,0.18518518518518517,0.9029310344827586
16,20261019,dinov2_cosine_1nn,multiclass,exposure_4_A,all_probe,108,0.87,0.9166666666666666,0.8993208000300199,3.0036377824264293,0.16666666666666666,0.9091379310344827
16,20261019,dinov2_cosine_1nn,multiclass,exposure_4_A,sentinel,54,0.8066666666666666,0.9259259259259259,0.8494017094017093,2.669900251045715,0.14814814814814814,0.8803448275862068
16,20261019,dinov2_cosine_1nn,multiclass,sham_4_A,all_probe,108,0.87,0.9166666666666666,0.8828864614366104,3.0036377824264293,0.16666666666666666,0.9103448275862068
16,20261019,dinov2_cosine_1nn,multiclass,sham_4_A,sentinel,54,0.7933333333333333,0.9074074074074074,0.8360073589184102,3.3373753138071436,0.18518518518518517,0.8679310344827585
16,20261019,dinov2_cosine_1nn,multiclass,exposure_4_B,all_probe,108,0.9733333333333333,0.9629629629629629,0.9567945301097786,1.3349501255228575,0.07407407407407407,0.9763793103448276
16,20261019,dinov2_cosine_1nn,multiclass,exposure_4_B,sentinel,54,0.9466666666666667,0.9259259259259259,0.9465811965811967,2.669900251045715,0.14814814814814814,0.9503448275862069
16,20261019,dinov2_cosine_1nn,multiclass,sham_4_B,all_probe,108,0.8833333333333333,0.9351851851851852,0.8964578376949511,2.3361627196650003,0.12962962962962962,0.9227586206896551
16,20261019,dinov2_cosine_1nn,multiclass,sham_4_B,sentinel,54,0.96,0.9444444444444444,0.9599839935974389,2.0024251882842865,0.1111111111111111,0.9627586206896552
17,20261020,dinov2_logit,multiclass,zero,all_probe,108,0.98,0.9722222222222222,0.9636884456752998,0.10723801783641365,0.048707807474680724,0.9984770114942529
17,20261020,dinov2_logit,multiclass,zero,sentinel,54,1.0,1.0,1.0,0.06818246546802173,0.01595731914997585,1.0
17,20261020,dinov2_logit,multiclass,exposure_0_A,all_probe,108,0.9866666666666667,0.9814814814814815,0.970358486829075,0.0978473729261536,0.041076014971367376,0.9997701149425288
17,20261020,dinov2_logit,multiclass,exposure_0_A,sentinel,54,1.0,1.0,1.0,0.0658749308680643,0.015673039902670088,1.0
17,20261020,dinov2_logit,multiclass,sham_0_A,all_probe,108,0.9866666666666667,0.9814814814814815,0.970358486829075,0.10289287099949257,0.045617252733952236,0.9988218390804597
17,20261020,dinov2_logit,multiclass,sham_0_A,sentinel,54,1.0,1.0,1.0,0.06881429167766807,0.01719323083745753,1.0
17,20261020,dinov2_logit,multiclass,exposure_0_B,all_probe,108,0.9866666666666667,0.9814814814814815,0.970358486829075,0.1011636576848213,0.04364396356040143,0.9987787356321839
17,20261020,dinov2_logit,multiclass,exposure_0_B,sentinel,54,1.0,1.0,1.0,0.07097369114807005,0.017952179235295636,1.0
17,20261020,dinov2_logit,multiclass,sham_0_B,all_probe,108,0.9866666666666667,0.9814814814814815,0.970358486829075,0.10352138422510843,0.04496691722326349,0.9988218390804597
17,20261020,dinov2_logit,multiclass,sham_0_B,sentinel,54,1.0,1.0,1.0,0.06941105352588338,0.016388068696874966,1.0
17,20261020,dinov2_logit,multiclass,exposure_1_A,all_probe,108,0.9866666666666667,0.9814814814814815,0.970358486829075,0.09246381587856393,0.0373921079807122,0.9998850574712644
17,20261020,dinov2_logit,multiclass,exposure_1_A,sentinel,54,1.0,1.0,1.0,0.0704662895413858,0.019913741251416792,1.0
17,20261020,dinov2_logit,multiclass,sham_1_A,all_probe,108,0.9866666666666667,0.9814814814814815,0.970358486829075,0.10324452926313187,0.04497066765105556,0.9989367816091953
17,20261020,dinov2_logit,multiclass,sham_1_A,sentinel,54,1.0,1.0,1.0,0.07191268687573914,0.018633376004281214,1.0
17,20261020,dinov2_logit,multiclass,exposure_1_B,all_probe,108,0.9866666666666667,0.9814814814814815,0.970358486829075,0.10736934043362191,0.04921345388637896,0.9981321839080458
17,20261020,dinov2_logit,multiclass,exposure_1_B,sentinel,54,1.0,1.0,1.0,0.06778904969737197,0.015098283150653384,1.0
17,20261020,dinov2_logit,multiclass,sham_1_B,all_probe,108,0.9866666666666667,0.9814814814814815,0.970358486829075,0.1024638917654543,0.044935679635803014,0.9987068965517242
17,20261020,dinov2_logit,multiclass,sham_1_B,sentinel,54,1.0,1.0,1.0,0.06581574608598457,0.014744803599837394,1.0
17,20261020,dinov2_logit,multiclass,exposure_2_A,all_probe,108,0.9866666666666667,0.9814814814814815,0.970358486829075,0.09714499425425366,0.04075918659554481,0.9992385057471265
17,20261020,dinov2_logit,multiclass,exposure_2_A,sentinel,54,1.0,1.0,1.0,0.06630028265561415,0.015473959546093,1.0
17,20261020,dinov2_logit,multiclass,sham_2_A,all_probe,108,0.9866666666666667,0.9814814814814815,0.970358486829075,0.10082346190953,0.042803570208467596,0.999353448275862
17,20261020,dinov2_logit,multiclass,sham_2_A,sentinel,54,1.0,1.0,1.0,0.06763855285908467,0.01592075944563129,1.0
17,20261020,dinov2_logit,multiclass,exposure_2_B,all_probe,108,0.9866666666666667,0.9814814814814815,0.970358486829075,0.10118475624412115,0.044001389756803136,0.9995402298850576
17,20261020,dinov2_logit,multiclass,exposure_2_B,sentinel,54,1.0,1.0,1.0,0.06917642718194926,0.016980825120698463,1.0
17,20261020,dinov2_logit,multiclass,sham_2_B,all_probe,108,0.98,0.9722222222222222,0.9636884456752998,0.10579643817523719,0.048082834709569554,0.9985919540229885
17,20261020,dinov2_logit,multiclass,sham_2_B,sentinel,54,1.0,1.0,1.0,0.07148945883808175,0.019043392092310936,1.0
17,20261020,dinov2_logit,multiclass,exposure_3_A,all_probe,108,0.9866666666666667,0.9814814814814815,0.970358486829075,0.09800430248100088,0.04101232940002356,0.999353448275862
17,20261020,dinov2_logit,multiclass,exposure_3_A,sentinel,54,1.0,1.0,1.0,0.07094712338260252,0.01807096702177652,1.0
17,20261020,dinov2_logit,multiclass,sham_3_A,all_probe,108,0.98,0.9722222222222222,0.9636884456752998,0.10476568868292199,0.04688032401509742,0.9989367816091953
17,20261020,dinov2_logit,multiclass,sham_3_A,sentinel,54,1.0,1.0,1.0,0.07136796743538708,0.01829320362366482,1.0
17,20261020,dinov2_logit,multiclass,exposure_3_B,all_probe,108,0.9866666666666667,0.9814814814814815,0.970358486829075,0.09936265588402023,0.04274043076937158,0.9995402298850576
17,20261020,dinov2_logit,multiclass,exposure_3_B,sentinel,54,1.0,1.0,1.0,0.06545676099178142,0.01473578136037909,1.0
17,20261020,dinov2_logit,multiclass,sham_3_B,all_probe,108,0.9866666666666667,0.9814814814814815,0.970358486829075,0.10346380331316575,0.045012837378490864,0.9987068965517242
17,20261020,dinov2_logit,multiclass,sham_3_B,sentinel,54,1.0,1.0,1.0,0.06913356303990285,0.017003556029644165,1.0
17,20261020,dinov2_logit,multiclass,exposure_4_A,all_probe,108,0.9866666666666667,0.9814814814814815,0.970358486829075,0.09950614027590506,0.04269261421285847,0.9993103448275863
17,20261020,dinov2_logit,multiclass,exposure_4_A,sentinel,54,1.0,1.0,1.0,0.06928384023921902,0.01727817032844066,1.0
17,20261020,dinov2_logit,multiclass,sham_4_A,all_probe,108,0.9866666666666667,0.9814814814814815,0.970358486829075,0.09857390315599612,0.04232131351160083,0.9988218390804597
17,20261020,dinov2_logit,multiclass,sham_4_A,sentinel,54,1.0,1.0,1.0,0.06678534589422142,0.01528505452336177,1.0
17,20261020,dinov2_logit,multiclass,exposure_4_B,all_probe,108,0.9866666666666667,0.9814814814814815,0.970358486829075,0.09923611349050307,0.04127137763655365,0.9991235632183907
17,20261020,dinov2_logit,multiclass,exposure_4_B,sentinel,54,1.0,1.0,1.0,0.06843758220664718,0.016789926177571517,1.0
17,20261020,dinov2_logit,multiclass,sham_4_B,all_probe,108,0.9866666666666667,0.9814814814814815,0.970358486829075,0.10758856816537911,0.04758010911616744,0.9987068965517242
17,20261020,dinov2_logit,multiclass,sham_4_B,sentinel,54,1.0,1.0,1.0,0.07169739445503924,0.01838417809995852,1.0
17,20261020,dinov2_cosine_1nn,multiclass,zero,all_probe,108,0.8416666666666667,0.9259259259259259,0.8799930228501657,2.669900251045715,0.14814814814814814,0.8978448275862069
17,20261020,dinov2_cosine_1nn,multiclass,zero,sentinel,54,0.9733333333333333,0.9629629629629629,0.9732905982905984,1.3349501255228575,0.07407407407407407,0.9751724137931035
17,20261020,dinov2_cosine_1nn,multiclass,exposure_0_A,all_probe,108,0.855,0.9444444444444444,0.8782259570494864,2.002425188284286,0.1111111111111111,0.9114655172413794
17,20261020,dinov2_cosine_1nn,multiclass,exposure_0_A,sentinel,54,0.9733333333333333,0.9629629629629629,0.9732905982905984,1.3349501255228575,0.07407407407407407,0.9751724137931035
17,20261020,dinov2_cosine_1nn,multiclass,sham_0_A,all_probe,108,0.835,0.9166666666666666,0.8582776446854118,3.0036377824264293,0.16666666666666666,0.8928448275862069
17,20261020,dinov2_cosine_1nn,multiclass,sham_0_A,sentinel,54,0.9733333333333333,0.9629629629629629,0.9732905982905984,1.3349501255228575,0.07407407407407407,0.9751724137931035
17,20261020,dinov2_cosine_1nn,multiclass,exposure_0_B,all_probe,108,0.9183333333333333,0.9351851851851852,0.9346009110714993,2.3361627196650008,0.12962962962962962,0.939051724137931
17,20261020,dinov2_cosine_1nn,multiclass,exposure_0_B,sentinel,54,0.9733333333333333,0.9629629629629629,0.9732905982905984,1.3349501255228575,0.07407407407407407,0.9751724137931035
17,20261020,dinov2_cosine_1nn,multiclass,sham_0_B,all_probe,108,0.9249999999999999,0.9444444444444444,0.9411883847390089,2.0024251882842865,0.1111111111111111,0.9452586206896552
17,20261020,dinov2_cosine_1nn,multiclass,sham_0_B,sentinel,54,0.9733333333333333,0.9629629629629629,0.9732905982905984,1.3349501255228575,0.07407407407407407,0.9751724137931035
17,20261020,dinov2_cosine_1nn,multiclass,exposure_1_A,all_probe,108,0.89,0.9444444444444444,0.9034323432343235,2.002425188284286,0.1111111111111111,0.9289655172413793
17,20261020,dinov2_cosine_1nn,multiclass,exposure_1_A,sentinel,54,0.9733333333333333,0.9629629629629629,0.9732905982905984,1.3349501255228575,0.07407407407407407,0.9751724137931035
17,20261020,dinov2_cosine_1nn,multiclass,sham_1_A,all_probe,108,0.8416666666666667,0.9259259259259259,0.8802290266367936,2.669900251045715,0.14814814814814814,0.8978448275862068
17,20261020,dinov2_cosine_1nn,multiclass,sham_1_A,sentinel,54,0.9733333333333333,0.9629629629629629,0.9732905982905984,1.3349501255228575,0.07407407407407407,0.9751724137931035
17,20261020,dinov2_cosine_1nn,multiclass,exposure_1_B,all_probe,108,0.8833333333333333,0.9351851851851852,0.8964578376949511,2.3361627196650003,0.12962962962962962,0.9227586206896551
17,20261020,dinov2_cosine_1nn,multiclass,exposure_1_B,sentinel,54,0.9733333333333333,0.9629629629629629,0.9732905982905984,1.3349501255228575,0.07407407407407407,0.9751724137931035
17,20261020,dinov2_cosine_1nn,multiclass,sham_1_B,all_probe,108,0.89,0.9444444444444444,0.9191522762951334,2.002425188284286,0.1111111111111111,0.9277586206896551
17,20261020,dinov2_cosine_1nn,multiclass,sham_1_B,sentinel,54,0.9733333333333333,0.9629629629629629,0.9732905982905984,1.3349501255228575,0.07407407407407407,0.9751724137931035
17,20261020,dinov2_cosine_1nn,multiclass,exposure_2_A,all_probe,108,0.9383333333333334,0.9629629629629629,0.9381919434440443,1.3349501255228575,0.07407407407407407,0.9588793103448277
17,20261020,dinov2_cosine_1nn,multiclass,exposure_2_A,sentinel,54,0.9733333333333333,0.9629629629629629,0.9732905982905984,1.3349501255228575,0.07407407407407407,0.9751724137931035
17,20261020,dinov2_cosine_1nn,multiclass,sham_2_A,all_probe,108,0.8833333333333333,0.9351851851851852,0.9124529536900671,2.3361627196650008,0.12962962962962962,0.921551724137931
17,20261020,dinov2_cosine_1nn,multiclass,sham_2_A,sentinel,54,0.9733333333333333,0.9629629629629629,0.9732905982905984,1.3349501255228575,0.07407407407407407,0.9751724137931035
17,20261020,dinov2_cosine_1nn,multiclass,exposure_2_B,all_probe,108,0.8483333333333333,0.9351851851851852,0.8714841433288036,2.3361627196650003,0.12962962962962962,0.9052586206896551
17,20261020,dinov2_cosine_1nn,multiclass,exposure_2_B,sentinel,54,0.9733333333333333,0.9629629629629629,0.9732905982905984,1.3349501255228575,0.07407407407407407,0.9751724137931035
17,20261020,dinov2_cosine_1nn,multiclass,sham_2_B,all_probe,108,0.8833333333333333,0.9351851851851852,0.9127769919849128,2.3361627196650003,0.12962962962962962,0.921551724137931
17,20261020,dinov2_cosine_1nn,multiclass,sham_2_B,sentinel,54,0.9733333333333333,0.9629629629629629,0.9732905982905984,1.3349501255228575,0.07407407407407407,0.9751724137931035
17,20261020,dinov2_cosine_1nn,multiclass,exposure_3_A,all_probe,108,0.89,0.9444444444444444,0.9034323432343235,2.002425188284286,0.1111111111111111,0.9289655172413793
17,20261020,dinov2_cosine_1nn,multiclass,exposure_3_A,sentinel,54,0.9733333333333333,0.9629629629629629,0.9732905982905984,1.3349501255228575,0.07407407407407407,0.9751724137931035
17,20261020,dinov2_cosine_1nn,multiclass,sham_3_A,all_probe,108,0.835,0.9166666666666666,0.8737661096426385,3.0036377824264293,0.16666666666666666,0.8916379310344827
17,20261020,dinov2_cosine_1nn,multiclass,sham_3_A,sentinel,54,0.9733333333333333,0.9629629629629629,0.9732905982905984,1.3349501255228575,0.07407407407407407,0.9751724137931035
17,20261020,dinov2_cosine_1nn,multiclass,exposure_3_B,all_probe,108,0.8766666666666666,0.9259259259259259,0.8896825396825396,2.669900251045715,0.14814814814814814,0.9165517241379311
17,20261020,dinov2_cosine_1nn,multiclass,exposure_3_B,sentinel,54,0.9733333333333333,0.9629629629629629,0.9732905982905984,1.3349501255228575,0.07407407407407407,0.9751724137931035
17,20261020,dinov2_cosine_1nn,multiclass,sham_3_B,all_probe,108,0.8833333333333333,0.9351851851851852,0.9126306990384659,2.3361627196650003,0.12962962962962962,0.921551724137931
17,20261020,dinov2_cosine_1nn,multiclass,sham_3_B,sentinel,54,0.9733333333333333,0.9629629629629629,0.9732905982905984,1.3349501255228575,0.07407407407407407,0.9751724137931035
17,20261020,dinov2_cosine_1nn,multiclass,exposure_4_A,all_probe,108,0.87,0.9166666666666666,0.8834224598930481,3.0036377824264293,0.16666666666666666,0.9103448275862069
17,20261020,dinov2_cosine_1nn,multiclass,exposure_4_A,sentinel,54,0.9733333333333333,0.9629629629629629,0.9732905982905984,1.3349501255228575,0.07407407407407407,0.9751724137931035
17,20261020,dinov2_cosine_1nn,multiclass,sham_4_A,all_probe,108,0.8833333333333333,0.9351851851851852,0.9126306990384659,2.3361627196650008,0.12962962962962962,0.921551724137931
17,20261020,dinov2_cosine_1nn,multiclass,sham_4_A,sentinel,54,0.9733333333333333,0.9629629629629629,0.9732905982905984,1.3349501255228575,0.07407407407407407,0.9751724137931035
17,20261020,dinov2_cosine_1nn,multiclass,exposure_4_B,all_probe,108,0.8966666666666666,0.9537037037037037,0.9101650165016503,1.6686876569035718,0.09259259259259259,0.9351724137931035
17,20261020,dinov2_cosine_1nn,multiclass,exposure_4_B,sentinel,54,0.9733333333333333,0.9629629629629629,0.9732905982905984,1.3349501255228575,0.07407407407407407,0.9751724137931035
17,20261020,dinov2_cosine_1nn,multiclass,sham_4_B,all_probe,108,0.8833333333333333,0.9351851851851852,0.9126306990384659,2.3361627196650008,0.12962962962962962,0.921551724137931
17,20261020,dinov2_cosine_1nn,multiclass,sham_4_B,sentinel,54,0.96,0.9444444444444444,0.9598554797270173,2.0024251882842865,0.1111111111111111,0.9627586206896552
18,20261021,dinov2_logit,multiclass,zero,all_probe,108,0.9933333333333333,0.9907407407407407,0.9933326665999934,0.07487314158253976,0.022962878380059164,1.0
18,20261021,dinov2_logit,multiclass,zero,sentinel,54,0.9866666666666667,0.9814814814814815,0.9866613311991465,0.09684211449721901,0.036363311599322365,1.0
18,20261021,dinov2_logit,multiclass,exposure_0_A,all_probe,108,0.9933333333333333,0.9907407407407407,0.9933326665999934,0.0705338945507304,0.021006414047467545,1.0
18,20261021,dinov2_logit,multiclass,exposure_0_A,sentinel,54,0.9733333333333333,0.9629629629629629,0.9732905982905984,0.09827213608913621,0.03911981910447215,1.0
18,20261021,dinov2_logit,multiclass,sham_0_A,all_probe,108,0.9933333333333333,0.9907407407407407,0.9933326665999934,0.07640892747431902,0.023360891819300025,1.0
18,20261021,dinov2_logit,multiclass,sham_0_A,sentinel,54,1.0,1.0,1.0,0.0861964567608347,0.029194934996237057,1.0
18,20261021,dinov2_logit,multiclass,exposure_0_B,all_probe,108,1.0,1.0,1.0,0.06849499433473351,0.019671869738835192,1.0
18,20261021,dinov2_logit,multiclass,exposure_0_B,sentinel,54,0.9866666666666667,0.9814814814814815,0.9866613311991465,0.09960056764692453,0.04113971556230439,1.0
18,20261021,dinov2_logit,multiclass,sham_0_B,all_probe,108,0.9516666666666667,0.9814814814814815,0.9678748266983561,0.07586621648982747,0.024678314191682756,1.0
18,20261021,dinov2_logit,multiclass,sham_0_B,sentinel,54,0.9733333333333333,0.9629629629629629,0.9732905982905984,0.11089749564797707,0.05121231523339131,1.0
18,20261021,dinov2_logit,multiclass,exposure_1_A,all_probe,108,0.9933333333333333,0.9907407407407407,0.9933326665999934,0.0651574790719136,0.018471299306247028,1.0
18,20261021,dinov2_logit,multiclass,exposure_1_A,sentinel,54,0.9733333333333333,0.9629629629629629,0.9732905982905984,0.09652183867371134,0.03841801070025479,1.0
18,20261021,dinov2_logit,multiclass,sham_1_A,all_probe,108,0.9933333333333333,0.9907407407407407,0.9933326665999934,0.07417595935334864,0.023248406023697325,1.0
18,20261021,dinov2_logit,multiclass,sham_1_A,sentinel,54,0.9866666666666667,0.9814814814814815,0.9866613311991465,0.09516299528593886,0.03568824673960488,1.0
18,20261021,dinov2_logit,multiclass,exposure_1_B,all_probe,108,0.9933333333333333,0.9907407407407407,0.9933326665999934,0.07286611604216428,0.021981930292039112,1.0
18,20261021,dinov2_logit,multiclass,exposure_1_B,sentinel,54,0.9866666666666667,0.9814814814814815,0.9866613311991465,0.09706440358742169,0.03798190735309982,1.0
18,20261021,dinov2_logit,multiclass,sham_1_B,all_probe,108,0.9933333333333333,0.9907407407407407,0.9933326665999934,0.07595256086704752,0.02347736447315177,1.0
18,20261021,dinov2_logit,multiclass,sham_1_B,sentinel,54,0.9733333333333333,0.9629629629629629,0.9732905982905984,0.09474014817623534,0.03760014766462279,1.0
18,20261021,dinov2_logit,multiclass,exposure_2_A,all_probe,108,0.9933333333333333,0.9907407407407407,0.9933326665999934,0.07435193817382071,0.02344952850440964,1.0
18,20261021,dinov2_logit,multiclass,exposure_2_A,sentinel,54,1.0,1.0,1.0,0.08843174743783154,0.030664407613262674,1.0
18,20261021,dinov2_logit,multiclass,sham_2_A,all_probe,108,0.9933333333333333,0.9907407407407407,0.9933326665999934,0.07909254641682155,0.027200405086266127,1.0
18,20261021,dinov2_logit,multiclass,sham_2_A,sentinel,54,1.0,1.0,1.0,0.0895089647651412,0.032747774397112434,1.0
18,20261021,dinov2_logit,multiclass,exposure_2_B,all_probe,108,1.0,1.0,1.0,0.06538477127742076,0.01827290435584333,1.0
18,20261021,dinov2_logit,multiclass,exposure_2_B,sentinel,54,0.9866666666666667,0.9814814814814815,0.9866613311991465,0.10678671525863626,0.0473667357542998,0.999080459770115
18,20261021,dinov2_logit,multiclass,sham_2_B,all_probe,108,0.9933333333333333,0.9907407407407407,0.9933326665999934,0.07353789335926189,0.021767512951048167,1.0
18,20261021,dinov2_logit,multiclass,sham_2_B,sentinel,54,0.9866666666666667,0.9814814814814815,0.9866613311991465,0.10220428569431397,0.041930866699750824,0.999080459770115
18,20261021,dinov2_logit,multiclass,exposure_3_A,all_probe,108,0.9933333333333333,0.9907407407407407,0.9933326665999934,0.07284172247023986,0.02303938749658947,1.0
18,20261021,dinov2_logit,multiclass,exposure_3_A,sentinel,54,0.9866666666666667,0.9814814814814815,0.9866613311991465,0.10523522565065006,0.043358403169990206,1.0
18,20261021,dinov2_logit,multiclass,sham_3_A,all_probe,108,1.0,1.0,1.0,0.07295655519519552,0.021853464638173992,1.0
18,20261021,dinov2_logit,multiclass,sham_3_A,sentinel,54,0.9866666666666667,0.9814814814814815,0.9866613311991465,0.09459351621213796,0.036130674726174636,1.0
18,20261021,dinov2_logit,multiclass,exposure_3_B,all_probe,108,0.9933333333333333,0.9907407407407407,0.9933326665999934,0.06591474909123018,0.017975923321900348,1.0
18,20261021,dinov2_logit,multiclass,exposure_3_B,sentinel,54,0.9733333333333333,0.9629629629629629,0.9732905982905984,0.09087344004968204,0.035496719967492714,1.0
18,20261021,dinov2_logit,multiclass,sham_3_B,all_probe,108,0.9933333333333333,0.9907407407407407,0.9933326665999934,0.07933683676112929,0.025975206849543,1.0
18,20261021,dinov2_logit,multiclass,sham_3_B,sentinel,54,0.9733333333333333,0.9629629629629629,0.9732905982905984,0.10311721744740773,0.04398113794417645,1.0
18,20261021,dinov2_logit,multiclass,exposure_4_A,all_probe,108,0.9933333333333333,0.9907407407407407,0.9933326665999934,0.0692855919634189,0.020224226316549063,1.0
18,20261021,dinov2_logit,multiclass,exposure_4_A,sentinel,54,1.0,1.0,1.0,0.08746348613296313,0.030430302927070302,1.0
18,20261021,dinov2_logit,multiclass,sham_4_A,all_probe,108,0.9933333333333333,0.9907407407407407,0.9933326665999934,0.07768271332691183,0.025726683401889296,1.0
18,20261021,dinov2_logit,multiclass,sham_4_A,sentinel,54,0.9866666666666667,0.9814814814814815,0.9866613311991465,0.08736582378237247,0.03203807230707815,1.0
18,20261021,dinov2_logit,multiclass,exposure_4_B,all_probe,108,0.9933333333333333,0.9907407407407407,0.9933326665999934,0.07029855472889522,0.020504331039615617,1.0
18,20261021,dinov2_logit,multiclass,exposure_4_B,sentinel,54,0.9733333333333333,0.9629629629629629,0.9732905982905984,0.10773337207876085,0.04702300185867719,0.9995402298850574
18,20261021,dinov2_logit,multiclass,sham_4_B,all_probe,108,0.9933333333333333,0.9907407407407407,0.9933326665999934,0.0753506221849708,0.023283100699828405,1.0
18,20261021,dinov2_logit,multiclass,sham_4_B,sentinel,54,0.9866666666666667,0.9814814814814815,0.9866613311991465,0.10853914926378713,0.04533177973505647,0.999080459770115
18,20261021,dinov2_cosine_1nn,multiclass,zero,all_probe,108,0.87,0.9166666666666666,0.858652371839825,3.0036377824264293,0.16666666666666666,0.9127586206896551
18,20261021,dinov2_cosine_1nn,multiclass,zero,sentinel,54,0.9333333333333332,0.9074074074074074,0.9333066559957316,3.3373753138071436,0.18518518518518517,0.9379310344827586
18,20261021,dinov2_cosine_1nn,multiclass,exposure_0_A,all_probe,108,0.9733333333333333,0.9629629629629629,0.9569578134284017,1.3349501255228575,0.07407407407407407,0.9763793103448276
18,20261021,dinov2_cosine_1nn,multiclass,exposure_0_A,sentinel,54,0.9333333333333332,0.9074074074074074,0.9022826908541194,3.3373753138071436,0.18518518518518517,0.9403448275862069
18,20261021,dinov2_cosine_1nn,multiclass,sham_0_A,all_probe,108,0.9116666666666666,0.9259259259259259,0.8976747870865518,2.669900251045715,0.14814814814814814,0.935258620689655
18,20261021,dinov2_cosine_1nn,multiclass,sham_0_A,sentinel,54,0.9333333333333332,0.9074074074074074,0.9022826908541194,3.3373753138071436,0.18518518518518517,0.9403448275862069
18,20261021,dinov2_cosine_1nn,multiclass,exposure_0_B,all_probe,108,0.9183333333333333,0.9351851851851852,0.8922558922558922,2.3361627196650008,0.12962962962962962,0.9426724137931034
18,20261021,dinov2_cosine_1nn,multiclass,exposure_0_B,sentinel,54,0.9466666666666667,0.9259259259259259,0.9465811965811967,2.669900251045715,0.14814814814814814,0.9503448275862069
18,20261021,dinov2_cosine_1nn,multiclass,sham_0_B,all_probe,108,0.8416666666666667,0.9259259259259259,0.8416666666666667,2.669900251045715,0.14814814814814814,0.9014655172413791
18,20261021,dinov2_cosine_1nn,multiclass,sham_0_B,sentinel,54,0.9333333333333332,0.9074074074074074,0.9330924662116954,3.3373753138071436,0.18518518518518517,0.9379310344827586
18,20261021,dinov2_cosine_1nn,multiclass,exposure_1_A,all_probe,108,0.89,0.9444444444444444,0.9036244800950683,2.002425188284286,0.1111111111111111,0.9289655172413793
18,20261021,dinov2_cosine_1nn,multiclass,exposure_1_A,sentinel,54,0.9333333333333332,0.9074074074074074,0.9018609444141359,3.3373753138071436,0.18518518518518517,0.9403448275862069
18,20261021,dinov2_cosine_1nn,multiclass,sham_1_A,all_probe,108,0.8416666666666667,0.9259259259259259,0.8526440879382055,2.669900251045715,0.14814814814814814,0.9002586206896552
18,20261021,dinov2_cosine_1nn,multiclass,sham_1_A,sentinel,54,0.9199999999999999,0.8888888888888888,0.8886165577342048,4.004850376568573,0.2222222222222222,0.9279310344827586
18,20261021,dinov2_cosine_1nn,multiclass,exposure_1_B,all_probe,108,0.9049999999999999,0.9166666666666666,0.8787878787878788,3.0036377824264293,0.16666666666666666,0.9302586206896551
18,20261021,dinov2_cosine_1nn,multiclass,exposure_1_B,sentinel,54,0.9466666666666667,0.9259259259259259,0.9465811965811967,2.669900251045715,0.14814814814814814,0.9503448275862069
18,20261021,dinov2_cosine_1nn,multiclass,sham_1_B,all_probe,108,0.9116666666666666,0.9259259259259259,0.885381708238851,2.669900251045715,0.14814814814814814,0.9364655172413793
18,20261021,dinov2_cosine_1nn,multiclass,sham_1_B,sentinel,54,0.9333333333333332,0.9074074074074074,0.9330924662116954,3.3373753138071436,0.18518518518518517,0.9379310344827586
18,20261021,dinov2_cosine_1nn,multiclass,exposure_2_A,all_probe,108,0.8766666666666666,0.9259259259259259,0.8766666666666666,2.669900251045715,0.14814814814814814,0.917758620689655
18,20261021,dinov2_cosine_1nn,multiclass,exposure_2_A,sentinel,54,0.9333333333333332,0.9074074074074074,0.9018609444141359,3.3373753138071436,0.18518518518518517,0.9403448275862069
18,20261021,dinov2_cosine_1nn,multiclass,sham_2_A,all_probe,108,0.835,0.9166666666666666,0.8458525852585258,3.0036377824264293,0.16666666666666666,0.8940517241379311
18,20261021,dinov2_cosine_1nn,multiclass,sham_2_A,sentinel,54,0.9466666666666667,0.9259259259259259,0.9155773420479303,2.669900251045715,0.14814814814814814,0.9527586206896551
18,20261021,dinov2_cosine_1nn,multiclass,exposure_2_B,all_probe,108,0.9183333333333333,0.9351851851851852,0.9044687181803415,2.3361627196650008,0.12962962962962962,0.9414655172413792
18,20261021,dinov2_cosine_1nn,multiclass,exposure_2_B,sentinel,54,0.96,0.9444444444444444,0.9599839935974389,2.0024251882842865,0.1111111111111111,0.9627586206896552
18,20261021,dinov2_cosine_1nn,multiclass,sham_2_B,all_probe,108,0.9183333333333333,0.9351851851851852,0.8922558922558922,2.3361627196650008,0.12962962962962962,0.9426724137931034
18,20261021,dinov2_cosine_1nn,multiclass,sham_2_B,sentinel,54,0.9333333333333332,0.9074074074074074,0.9330924662116954,3.3373753138071436,0.18518518518518517,0.9379310344827586
18,20261021,dinov2_cosine_1nn,multiclass,exposure_3_A,all_probe,108,0.9249999999999999,0.9444444444444444,0.8991232048374905,2.002425188284286,0.1111111111111111,0.9488793103448275
18,20261021,dinov2_cosine_1nn,multiclass,exposure_3_A,sentinel,54,0.9333333333333332,0.9074074074074074,0.9018609444141359,3.3373753138071436,0.18518518518518517,0.9403448275862069
18,20261021,dinov2_cosine_1nn,multiclass,sham_3_A,all_probe,108,0.9316666666666666,0.9537037037037037,0.9176747870865518,1.6686876569035718,0.09259259259259259,0.9538793103448274
18,20261021,dinov2_cosine_1nn,multiclass,sham_3_A,sentinel,54,0.9199999999999999,0.8888888888888888,0.8880381612128946,4.004850376568572,0.2222222222222222,0.9279310344827586
18,20261021,dinov2_cosine_1nn,multiclass,exposure_3_B,all_probe,108,0.8766666666666666,0.9259259259259259,0.8901650165016503,2.669900251045715,0.14814814814814814,0.9165517241379311
18,20261021,dinov2_cosine_1nn,multiclass,exposure_3_B,sentinel,54,0.9466666666666667,0.9259259259259259,0.9465811965811967,2.669900251045715,0.14814814814814814,0.9503448275862069
18,20261021,dinov2_cosine_1nn,multiclass,sham_3_B,all_probe,108,0.8216666666666667,0.8981481481481481,0.8218613528019468,3.671112845187858,0.2037037037037037,0.882844827586207
18,20261021,dinov2_cosine_1nn,multiclass,sham_3_B,sentinel,54,0.96,0.9444444444444444,0.9599839935974389,2.0024251882842865,0.1111111111111111,0.9627586206896552
18,20261021,dinov2_cosine_1nn,multiclass,exposure_4_A,all_probe,108,0.9249999999999999,0.9444444444444444,0.9110754604872252,2.002425188284286,0.1111111111111111,0.9476724137931035
18,20261021,dinov2_cosine_1nn,multiclass,exposure_4_A,sentinel,54,0.96,0.9444444444444444,0.9599839935974389,2.0024251882842865,0.1111111111111111,0.9627586206896552
18,20261021,dinov2_cosine_1nn,multiclass,sham_4_A,all_probe,108,0.87,0.9166666666666666,0.8583244206773619,3.0036377824264293,0.16666666666666666,0.9127586206896551
18,20261021,dinov2_cosine_1nn,multiclass,sham_4_A,sentinel,54,0.9466666666666667,0.9259259259259259,0.9465811965811967,2.669900251045715,0.14814814814814814,0.9503448275862069
18,20261021,dinov2_cosine_1nn,multiclass,exposure_4_B,all_probe,108,0.9183333333333333,0.9351851851851852,0.9044687181803415,2.3361627196650008,0.12962962962962962,0.9414655172413792
18,20261021,dinov2_cosine_1nn,multiclass,exposure_4_B,sentinel,54,0.9199999999999999,0.8888888888888888,0.8880381612128946,4.004850376568572,0.2222222222222222,0.9279310344827586
18,20261021,dinov2_cosine_1nn,multiclass,sham_4_B,all_probe,108,0.8833333333333333,0.9351851851851852,0.8834633463346334,2.3361627196650008,0.12962962962962962,0.9239655172413791
18,20261021,dinov2_cosine_1nn,multiclass,sham_4_B,sentinel,54,0.9199999999999999,0.8888888888888888,0.8880381612128946,4.004850376568572,0.2222222222222222,0.9279310344827586
19,20261022,dinov2_logit,multiclass,zero,all_probe,108,0.9933333333333333,0.9907407407407407,0.9933326665999934,0.0735703252807222,0.022160009668451705,1.0
19,20261022,dinov2_logit,multiclass,zero,sentinel,54,1.0,1.0,1.0,0.073121504684175,0.023563270424364256,1.0
19,20261022,dinov2_logit,multiclass,exposure_0_A,all_probe,108,1.0,1.0,1.0,0.06616147119418218,0.019701366861890966,1.0
19,20261022,dinov2_logit,multiclass,exposure_0_A,sentinel,54,1.0,1.0,1.0,0.06320764261234627,0.018066375337728875,1.0
19,20261022,dinov2_logit,multiclass,sham_0_A,all_probe,108,0.9933333333333333,0.9907407407407407,0.9933326665999934,0.07758938162356825,0.0256298283064845,1.0
19,20261022,dinov2_logit,multiclass,sham_0_A,sentinel,54,1.0,1.0,1.0,0.06944997510605597,0.02163756544305921,1.0
19,20261022,dinov2_logit,multiclass,exposure_0_B,all_probe,108,0.9933333333333333,0.9907407407407407,0.9933326665999934,0.06813052240089976,0.01912449433592726,1.0
19,20261022,dinov2_logit,multiclass,exposure_0_B,sentinel,54,1.0,1.0,1.0,0.06903547112904197,0.021219436562557138,1.0
19,20261022,dinov2_logit,multiclass,sham_0_B,all_probe,108,0.9933333333333333,0.9907407407407407,0.9933326665999934,0.07031000793709603,0.019937507232276854,1.0
19,20261022,dinov2_logit,multiclass,sham_0_B,sentinel,54,1.0,1.0,1.0,0.0735759918370039,0.021852430722143785,1.0
19,20261022,dinov2_logit,multiclass,exposure_1_A,all_probe,108,0.9933333333333333,0.9907407407407407,0.9933326665999934,0.06677110256519016,0.0199714009488661,1.0
19,20261022,dinov2_logit,multiclass,exposure_1_A,sentinel,54,1.0,1.0,1.0,0.06315615793349251,0.018604122342591126,1.0
19,20261022,dinov2_logit,multiclass,sham_1_A,all_probe,108,0.9933333333333333,0.9907407407407407,0.9933326665999934,0.07731409042096334,0.02499426724079379,1.0
19,20261022,dinov2_logit,multiclass,sham_1_A,sentinel,54,1.0,1.0,1.0,0.06904813626795993,0.02076454767773029,1.0
19,20261022,dinov2_logit,multiclass,exposure_1_B,all_probe,108,1.0,1.0,1.0,0.06603236042235759,0.01741819112910091,1.0
19,20261022,dinov2_logit,multiclass,exposure_1_B,sentinel,54,1.0,1.0,1.0,0.07083677680453254,0.022011053208827784,1.0
19,20261022,dinov2_logit,multiclass,sham_1_B,all_probe,108,1.0,1.0,1.0,0.07052618919627585,0.019864898372217683,1.0
19,20261022,dinov2_logit,multiclass,sham_1_B,sentinel,54,1.0,1.0,1.0,0.07660938890027043,0.02370576240016445,1.0
19,20261022,dinov2_logit,multiclass,exposure_2_A,all_probe,108,1.0,1.0,1.0,0.066100206680204,0.018850062535137626,1.0
19,20261022,dinov2_logit,multiclass,exposure_2_A,sentinel,54,1.0,1.0,1.0,0.06436240315649865,0.018602984549740964,1.0
19,20261022,dinov2_logit,multiclass,sham_2_A,all_probe,108,0.9933333333333333,0.9907407407407407,0.9933326665999934,0.07285876052839343,0.021903353674195894,1.0
19,20261022,dinov2_logit,multiclass,sham_2_A,sentinel,54,1.0,1.0,1.0,0.06935803927604761,0.020810037888234573,1.0
19,20261022,dinov2_logit,multiclass,exposure_2_B,all_probe,108,0.9933333333333333,0.9907407407407407,0.9933326665999934,0.06686859514610884,0.01870559019935054,1.0
19,20261022,dinov2_logit,multiclass,exposure_2_B,sentinel,54,1.0,1.0,1.0,0.06779672584916771,0.020528218194081477,1.0
19,20261022,dinov2_logit,multiclass,sham_2_B,all_probe,108,0.9933333333333333,0.9907407407407407,0.9933326665999934,0.07242738124853425,0.021601632975406043,1.0
19,20261022,dinov2_logit,multiclass,sham_2_B,sentinel,54,1.0,1.0,1.0,0.07210119361893681,0.0221893068588204,1.0
19,20261022,dinov2_logit,multiclass,exposure_3_A,all_probe,108,1.0,1.0,1.0,0.06670850524070313,0.018299643040798782,1.0
19,20261022,dinov2_logit,multiclass,exposure_3_A,sentinel,54,1.0,1.0,1.0,0.07373847825391351,0.02508402184802625,1.0
19,20261022,dinov2_logit,multiclass,sham_3_A,all_probe,108,0.9933333333333333,0.9907407407407407,0.9933326665999934,0.07254553353039761,0.021587362783864413,1.0
19,20261022,dinov2_logit,multiclass,sham_3_A,sentinel,54,1.0,1.0,1.0,0.07529488695193658,0.024013498022488176,1.0
19,20261022,dinov2_logit,multiclass,exposure_3_B,all_probe,108,1.0,1.0,1.0,0.06805130800269718,0.020244610555515834,1.0
19,20261022,dinov2_logit,multiclass,exposure_3_B,sentinel,54,1.0,1.0,1.0,0.0609041365937207,0.01646325733335798,1.0
19,20261022,dinov2_logit,multiclass,sham_3_B,all_probe,108,1.0,1.0,1.0,0.0770653880110863,0.024787616292367923,1.0
19,20261022,dinov2_logit,multiclass,sham_3_B,sentinel,54,1.0,1.0,1.0,0.06850605823741082,0.02059044532960912,1.0
19,20261022,dinov2_logit,multiclass,exposure_4_A,all_probe,108,1.0,1.0,1.0,0.06904051966684793,0.02015144958626451,1.0
19,20261022,dinov2_logit,multiclass,exposure_4_A,sentinel,54,1.0,1.0,1.0,0.06555203369946801,0.018043220285937776,1.0
19,20261022,dinov2_logit,multiclass,sham_4_A,all_probe,108,1.0,1.0,1.0,0.07733199359252525,0.024605759881100118,1.0
19,20261022,dinov2_logit,multiclass,sham_4_A,sentinel,54,1.0,1.0,1.0,0.07370279319886934,0.023390207406453204,1.0
19,20261022,dinov2_logit,multiclass,exposure_4_B,all_probe,108,0.9933333333333333,0.9907407407407407,0.9933326665999934,0.06566415677463258,0.01875939919063963,1.0
19,20261022,dinov2_logit,multiclass,exposure_4_B,sentinel,54,0.9866666666666667,0.9814814814814815,0.9866613311991465,0.07073251519506198,0.02518759150893348,1.0
19,20261022,dinov2_logit,multiclass,sham_4_B,all_probe,108,0.9933333333333333,0.9907407407407407,0.9933326665999934,0.07088804400308711,0.020645323336075203,1.0
19,20261022,dinov2_logit,multiclass,sham_4_B,sentinel,54,0.9866666666666667,0.9814814814814815,0.9866613311991465,0.07477990020610903,0.02517453185297593,1.0
19,20261022,dinov2_cosine_1nn,multiclass,zero,all_probe,108,0.9733333333333333,0.9629629629629629,0.9732905982905984,1.3349501255228575,0.07407407407407407,0.9751724137931035
19,20261022,dinov2_cosine_1nn,multiclass,zero,sentinel,54,0.96,0.9444444444444444,0.9288658543977694,2.0024251882842865,0.1111111111111111,0.9651724137931034
19,20261022,dinov2_cosine_1nn,multiclass,exposure_0_A,all_probe,108,0.9733333333333333,0.9629629629629629,0.9732905982905984,1.3349501255228575,0.07407407407407407,0.9751724137931035
19,20261022,dinov2_cosine_1nn,multiclass,exposure_0_A,sentinel,54,0.9733333333333333,0.9629629629629629,0.9732905982905984,1.3349501255228575,0.07407407407407407,0.9751724137931035
19,20261022,dinov2_cosine_1nn,multiclass,sham_0_A,all_probe,108,0.96,0.9444444444444444,0.9598554797270173,2.0024251882842865,0.1111111111111111,0.9627586206896552
19,20261022,dinov2_cosine_1nn,multiclass,sham_0_A,sentinel,54,0.96,0.9444444444444444,0.9288658543977694,2.0024251882842865,0.1111111111111111,0.9651724137931034
19,20261022,dinov2_cosine_1nn,multiclass,exposure_0_B,all_probe,108,0.9933333333333333,0.9907407407407407,0.9933326665999934,0.3337375313807146,0.018518518518518517,0.9937931034482759
19,20261022,dinov2_cosine_1nn,multiclass,exposure_0_B,sentinel,54,0.9733333333333333,0.9629629629629629,0.9732905982905984,1.3349501255228575,0.07407407407407407,0.9751724137931035
19,20261022,dinov2_cosine_1nn,multiclass,sham_0_B,all_probe,108,0.98,0.9722222222222222,0.9799819837854069,1.0012125941421433,0.05555555555555555,0.9813793103448276
19,20261022,dinov2_cosine_1nn,multiclass,sham_0_B,sentinel,54,0.96,0.9444444444444444,0.9598554797270173,2.0024251882842865,0.1111111111111111,0.9627586206896552
19,20261022,dinov2_cosine_1nn,multiclass,exposure_1_A,all_probe,108,0.9866666666666667,0.9814814814814815,0.9866613311991465,0.6674750627614289,0.037037037037037035,0.9875862068965517
19,20261022,dinov2_cosine_1nn,multiclass,exposure_1_A,sentinel,54,0.9733333333333333,0.9629629629629629,0.9732905982905984,1.3349501255228575,0.07407407407407407,0.9751724137931035
19,20261022,dinov2_cosine_1nn,multiclass,sham_1_A,all_probe,108,0.9733333333333333,0.9629629629629629,0.9732905982905984,1.3349501255228575,0.07407407407407407,0.9751724137931035
19,20261022,dinov2_cosine_1nn,multiclass,sham_1_A,sentinel,54,0.96,0.9444444444444444,0.9288658543977694,2.0024251882842865,0.1111111111111111,0.9651724137931034
19,20261022,dinov2_cosine_1nn,multiclass,exposure_1_B,all_probe,108,0.9866666666666667,0.9814814814814815,0.9866613311991465,0.6674750627614289,0.037037037037037035,0.9875862068965517
19,20261022,dinov2_cosine_1nn,multiclass,exposure_1_B,sentinel,54,0.9866666666666667,0.9814814814814815,0.9866613311991465,0.6674750627614289,0.037037037037037035,0.9875862068965517
19,20261022,dinov2_cosine_1nn,multiclass,sham_1_B,all_probe,108,0.9666666666666667,0.9537037037037037,0.9665831244778613,1.668687656903572,0.09259259259259259,0.9689655172413794
19,20261022,dinov2_cosine_1nn,multiclass,sham_1_B,sentinel,54,0.96,0.9444444444444444,0.9598554797270173,2.0024251882842865,0.1111111111111111,0.9627586206896552
19,20261022,dinov2_cosine_1nn,multiclass,exposure_2_A,all_probe,108,0.9866666666666667,0.9814814814814815,0.9866613311991465,0.6674750627614289,0.037037037037037035,0.9875862068965517
19,20261022,dinov2_cosine_1nn,multiclass,exposure_2_A,sentinel,54,0.9733333333333333,0.9629629629629629,0.9732905982905984,1.3349501255228575,0.07407407407407407,0.9751724137931035
19,20261022,dinov2_cosine_1nn,multiclass,sham_2_A,all_probe,108,0.9866666666666667,0.9814814814814815,0.9866613311991465,0.6674750627614289,0.037037037037037035,0.9875862068965517
19,20261022,dinov2_cosine_1nn,multiclass,sham_2_A,sentinel,54,0.9733333333333333,0.9629629629629629,0.9732905982905984,1.3349501255228575,0.07407407407407407,0.9751724137931035
19,20261022,dinov2_cosine_1nn,multiclass,exposure_2_B,all_probe,108,0.9933333333333333,0.9907407407407407,0.9933326665999934,0.3337375313807146,0.018518518518518517,0.9937931034482759
19,20261022,dinov2_cosine_1nn,multiclass,exposure_2_B,sentinel,54,0.9866666666666667,0.9814814814814815,0.9866613311991465,0.6674750627614289,0.037037037037037035,0.9875862068965517
19,20261022,dinov2_cosine_1nn,multiclass,sham_2_B,all_probe,108,0.96,0.9444444444444444,0.9598554797270173,2.0024251882842865,0.1111111111111111,0.9627586206896552
19,20261022,dinov2_cosine_1nn,multiclass,sham_2_B,sentinel,54,0.9466666666666667,0.9259259259259259,0.9151095311882842,2.669900251045715,0.14814814814814814,0.9527586206896551
19,20261022,dinov2_cosine_1nn,multiclass,exposure_3_A,all_probe,108,1.0,1.0,1.0,2.2204460492503136e-16,0.0,1.0
19,20261022,dinov2_cosine_1nn,multiclass,exposure_3_A,sentinel,54,0.9866666666666667,0.9814814814814815,0.9866613311991465,0.6674750627614289,0.037037037037037035,0.9875862068965517
19,20261022,dinov2_cosine_1nn,multiclass,sham_3_A,all_probe,108,0.98,0.9722222222222222,0.9799819837854069,1.0012125941421433,0.05555555555555555,0.9813793103448276
19,20261022,dinov2_cosine_1nn,multiclass,sham_3_A,sentinel,54,0.9466666666666667,0.9259259259259259,0.9151095311882842,2.669900251045715,0.14814814814814814,0.9527586206896551
19,20261022,dinov2_cosine_1nn,multiclass,exposure_3_B,all_probe,108,0.96,0.9444444444444444,0.9599358974358975,2.0024251882842865,0.1111111111111111,0.9627586206896551
19,20261022,dinov2_cosine_1nn,multiclass,exposure_3_B,sentinel,54,0.9733333333333333,0.9629629629629629,0.9732905982905984,1.3349501255228575,0.07407407407407407,0.9751724137931035
19,20261022,dinov2_cosine_1nn,multiclass,sham_3_B,all_probe,108,0.96,0.9444444444444444,0.9599358974358975,2.0024251882842865,0.1111111111111111,0.9627586206896551
19,20261022,dinov2_cosine_1nn,multiclass,sham_3_B,sentinel,54,0.9733333333333333,0.9629629629629629,0.9732905982905984,1.3349501255228575,0.07407407407407407,0.9751724137931035
19,20261022,dinov2_cosine_1nn,multiclass,exposure_4_A,all_probe,108,1.0,1.0,1.0,2.2204460492503136e-16,0.0,1.0
19,20261022,dinov2_cosine_1nn,multiclass,exposure_4_A,sentinel,54,0.9733333333333333,0.9629629629629629,0.9732905982905984,1.3349501255228575,0.07407407407407407,0.9751724137931035
19,20261022,dinov2_cosine_1nn,multiclass,sham_4_A,all_probe,108,0.9733333333333333,0.9629629629629629,0.9732905982905984,1.3349501255228575,0.07407407407407407,0.9751724137931035
19,20261022,dinov2_cosine_1nn,multiclass,sham_4_A,sentinel,54,0.96,0.9444444444444444,0.9288658543977694,2.0024251882842865,0.1111111111111111,0.9651724137931034
19,20261022,dinov2_cosine_1nn,multiclass,exposure_4_B,all_probe,108,0.9733333333333333,0.9629629629629629,0.9732905982905984,1.3349501255228575,0.07407407407407407,0.9751724137931035
19,20261022,dinov2_cosine_1nn,multiclass,exposure_4_B,sentinel,54,0.9733333333333333,0.9629629629629629,0.9732905982905984,1.3349501255228575,0.07407407407407407,0.9751724137931035
19,20261022,dinov2_cosine_1nn,multiclass,sham_4_B,all_probe,108,0.9733333333333333,0.9629629629629629,0.9733226623982927,1.3349501255228575,0.07407407407407407,0.9751724137931035
19,20261022,dinov2_cosine_1nn,multiclass,sham_4_B,sentinel,54,0.96,0.9444444444444444,0.9598554797270173,2.0024251882842865,0.1111111111111111,0.9627586206896552
20,20261023,dinov2_logit,multiclass,zero,all_probe,108,0.9583333333333334,0.9907407407407407,0.9744774477447745,0.09731262058459363,0.03941476677221366,0.9988936781609196
20,20261023,dinov2_logit,multiclass,zero,sentinel,54,0.9033333333333333,0.9629629629629629,0.9325116713352006,0.1225156887819242,0.05798046480772223,0.999080459770115
20,20261023,dinov2_logit,multiclass,exposure_0_A,all_probe,108,0.9583333333333334,0.9907407407407407,0.9744774477447745,0.08109761245752002,0.027942391767845808,0.9998850574712644
20,20261023,dinov2_logit,multiclass,exposure_0_A,sentinel,54,0.9033333333333333,0.9629629629629629,0.9325116713352006,0.11725741989948256,0.05407312006506998,0.999080459770115
20,20261023,dinov2_logit,multiclass,sham_0_A,all_probe,108,1.0,1.0,1.0,0.08753766201230084,0.031549250057654854,1.0
20,20261023,dinov2_logit,multiclass,sham_0_A,sentinel,54,0.9033333333333333,0.9629629629629629,0.9325116713352006,0.11092975911850225,0.05104900662577341,0.999080459770115
20,20261023,dinov2_logit,multiclass,exposure_0_B,all_probe,108,0.9583333333333334,0.9907407407407407,0.9744774477447745,0.0883813329749144,0.03204586092332714,0.9990086206896551
20,20261023,dinov2_logit,multiclass,exposure_0_B,sentinel,54,0.9033333333333333,0.9629629629629629,0.9325116713352006,0.11318866411517138,0.051353670023961094,0.9995402298850574
20,20261023,dinov2_logit,multiclass,sham_0_B,all_probe,108,0.9583333333333334,0.9907407407407407,0.9744774477447745,0.10569819937809605,0.04424743492174641,0.9985488505747128
20,20261023,dinov2_logit,multiclass,sham_0_B,sentinel,54,0.9033333333333333,0.9629629629629629,0.9325116713352006,0.1226364102257124,0.05744501833709402,0.9969540229885059
20,20261023,dinov2_logit,multiclass,exposure_1_A,all_probe,108,0.9583333333333334,0.9907407407407407,0.9744774477447745,0.08240950327137647,0.029282396053347846,0.9991235632183907
20,20261023,dinov2_logit,multiclass,exposure_1_A,sentinel,54,0.9033333333333333,0.9629629629629629,0.9325116713352006,0.11593710886956739,0.05562773018195612,0.9969540229885059
20,20261023,dinov2_logit,multiclass,sham_1_A,all_probe,108,0.9516666666666667,0.9814814814814815,0.9678748266983561,0.09864445932851316,0.04044866038719799,0.9988936781609196
20,20261023,dinov2_logit,multiclass,sham_1_A,sentinel,54,0.9033333333333333,0.9629629629629629,0.9325116713352006,0.11776025844201282,0.05561551966021031,0.9974137931034482
20,20261023,dinov2_logit,multiclass,exposure_1_B,all_probe,108,0.9583333333333334,0.9907407407407407,0.9744774477447745,0.08856387002736138,0.03198429644701637,0.9997701149425288
20,20261023,dinov2_logit,multiclass,exposure_1_B,sentinel,54,0.9033333333333333,0.9629629629629629,0.9325116713352006,0.11531842667106229,0.05050885519751099,0.9995402298850574
20,20261023,dinov2_logit,multiclass,sham_1_B,all_probe,108,0.9166666666666666,0.9814814814814815,0.9458450046685342,0.09586556713855152,0.03722250015608085,0.9997701149425288
20,20261023,dinov2_logit,multiclass,sham_1_B,sentinel,54,0.9033333333333333,0.9629629629629629,0.9325116713352006,0.11223431027555951,0.05185950129320692,0.999080459770115
20,20261023,dinov2_logit,multiclass,exposure_2_A,all_probe,108,0.9583333333333334,0.9907407407407407,0.9744774477447745,0.08540053720442868,0.03160737616576515,0.9991235632183907
20,20261023,dinov2_logit,multiclass,exposure_2_A,sentinel,54,0.9033333333333333,0.9629629629629629,0.9325116713352006,0.11665798867289599,0.054432649056474124,0.999080459770115
20,20261023,dinov2_logit,multiclass,sham_2_A,all_probe,108,1.0,1.0,1.0,0.0871309500352606,0.030284004164036343,1.0
20,20261023,dinov2_logit,multiclass,sham_2_A,sentinel,54,0.9866666666666667,0.9814814814814815,0.9866613311991465,0.11375314941717772,0.051795739127100414,0.9995402298850574
20,20261023,dinov2_logit,multiclass,exposure_2_B,all_probe,108,0.9583333333333334,0.9907407407407407,0.9744774477447745,0.0885529664042063,0.032313218423674434,0.9998850574712644
20,20261023,dinov2_logit,multiclass,exposure_2_B,sentinel,54,0.9033333333333333,0.9629629629629629,0.9325116713352006,0.114697362038377,0.053057813179749176,0.9995402298850574
20,20261023,dinov2_logit,multiclass,sham_2_B,all_probe,108,0.9166666666666666,0.9814814814814815,0.9458450046685342,0.11637758246151433,0.052497501013692466,0.9977442528735633
20,20261023,dinov2_logit,multiclass,sham_2_B,sentinel,54,0.82,0.9444444444444444,0.8627450980392156,0.1330115145775689,0.06500583134989914,0.9986206896551724
20,20261023,dinov2_logit,multiclass,exposure_3_A,all_probe,108,0.9583333333333334,0.9907407407407407,0.9744774477447745,0.08364714450936526,0.0285651434112374,1.0
20,20261023,dinov2_logit,multiclass,exposure_3_A,sentinel,54,0.9033333333333333,0.9629629629629629,0.9325116713352006,0.108392748668535,0.045985853045380914,0.9995402298850574
20,20261023,dinov2_logit,multiclass,sham_3_A,all_probe,108,1.0,1.0,1.0,0.09791721008734135,0.03809544053787182,1.0
20,20261023,dinov2_logit,multiclass,sham_3_A,sentinel,54,0.9033333333333333,0.9629629629629629,0.9325116713352006,0.11028517833508807,0.049807877322744026,0.999080459770115
20,20261023,dinov2_logit,multiclass,exposure_3_B,all_probe,108,0.9583333333333334,0.9907407407407407,0.9744774477447745,0.09150995342676219,0.03605888362510156,0.9990086206896551
20,20261023,dinov2_logit,multiclass,exposure_3_B,sentinel,54,0.9033333333333333,0.9629629629629629,0.9325116713352006,0.12384384773476464,0.060893626344317615,0.999080459770115
20,20261023,dinov2_logit,multiclass,sham_3_B,all_probe,108,0.9583333333333334,0.9907407407407407,0.9744774477447745,0.09466950966631177,0.03727743977235506,0.9988936781609196
20,20261023,dinov2_logit,multiclass,sham_3_B,sentinel,54,0.9033333333333333,0.9629629629629629,0.9325116713352006,0.12193204451108021,0.05910417614426652,0.9986206896551725
20,20261023,dinov2_logit,multiclass,exposure_4_A,all_probe,108,0.9583333333333334,0.9907407407407407,0.9744774477447745,0.08559261898586985,0.031006095575993927,0.9991235632183907
20,20261023,dinov2_logit,multiclass,exposure_4_A,sentinel,54,0.9033333333333333,0.9629629629629629,0.9325116713352006,0.11439296043975565,0.052594293224865876,0.9995402298850574
20,20261023,dinov2_logit,multiclass,sham_4_A,all_probe,108,0.9583333333333334,0.9907407407407407,0.9744774477447745,0.09783833804276432,0.038344676802201744,0.9986637931034483
20,20261023,dinov2_logit,multiclass,sham_4_A,sentinel,54,0.9033333333333333,0.9629629629629629,0.9325116713352006,0.12413756600220009,0.057296644923277844,0.999080459770115
20,20261023,dinov2_logit,multiclass,exposure_4_B,all_probe,108,0.9583333333333334,0.9907407407407407,0.9744774477447745,0.08102558965590607,0.026749145345576424,1.0
20,20261023,dinov2_logit,multiclass,exposure_4_B,sentinel,54,0.9033333333333333,0.9629629629629629,0.9325116713352006,0.11405087356763942,0.05152990039344169,0.9995402298850574
20,20261023,dinov2_logit,multiclass,sham_4_B,all_probe,108,0.9033333333333333,0.9629629629629629,0.9326423902894492,0.09859743160363095,0.04034008478917746,0.9995402298850574
20,20261023,dinov2_logit,multiclass,sham_4_B,sentinel,54,0.9033333333333333,0.9629629629629629,0.9325116713352006,0.110871537276539,0.05280704777244161,0.999080459770115
20,20261023,dinov2_cosine_1nn,multiclass,zero,all_probe,108,0.89,0.9444444444444444,0.9191522762951334,2.002425188284286,0.1111111111111111,0.9277586206896551
20,20261023,dinov2_cosine_1nn,multiclass,zero,sentinel,54,0.8766666666666666,0.9259259259259259,0.9061064425770308,2.669900251045715,0.14814814814814814,0.9153448275862068
20,20261023,dinov2_cosine_1nn,multiclass,exposure_0_A,all_probe,108,0.98,0.9722222222222222,0.97999799979998,1.0012125941421433,0.05555555555555555,0.9813793103448276
20,20261023,dinov2_cosine_1nn,multiclass,exposure_0_A,sentinel,54,0.89,0.9444444444444444,0.9194397759103641,2.0024251882842865,0.1111111111111111,0.9277586206896552
20,20261023,dinov2_cosine_1nn,multiclass,sham_0_A,all_probe,108,0.9249999999999999,0.9444444444444444,0.9411883847390089,2.002425188284286,0.1111111111111111,0.9452586206896552
20,20261023,dinov2_cosine_1nn,multiclass,sham_0_A,sentinel,54,0.7799999999999999,0.8888888888888888,0.8232478632478633,4.004850376568572,0.2222222222222222,0.8555172413793103
20,20261023,dinov2_cosine_1nn,multiclass,exposure_0_B,all_probe,108,0.8966666666666666,0.9537037037037037,0.9258371976818579,1.6686876569035718,0.09259259259259259,0.9339655172413792
20,20261023,dinov2_cosine_1nn,multiclass,exposure_0_B,sentinel,54,0.89,0.9444444444444444,0.9191522762951334,2.0024251882842865,0.1111111111111111,0.9277586206896551
20,20261023,dinov2_cosine_1nn,multiclass,sham_0_B,all_probe,108,0.8766666666666666,0.9259259259259259,0.8896825396825396,2.669900251045715,0.14814814814814814,0.9165517241379311
20,20261023,dinov2_cosine_1nn,multiclass,sham_0_B,sentinel,54,0.89,0.9444444444444444,0.9191522762951334,2.0024251882842865,0.1111111111111111,0.9277586206896551
20,20261023,dinov2_cosine_1nn,multiclass,exposure_1_A,all_probe,108,0.8966666666666666,0.9537037037037037,0.9258371976818579,1.6686876569035718,0.09259259259259259,0.9339655172413792
20,20261023,dinov2_cosine_1nn,multiclass,exposure_1_A,sentinel,54,0.9033333333333333,0.9629629629629629,0.9325116713352006,1.3349501255228577,0.07407407407407407,0.9401724137931035
20,20261023,dinov2_cosine_1nn,multiclass,sham_1_A,all_probe,108,0.9033333333333333,0.9629629629629629,0.9325116713352006,1.3349501255228575,0.07407407407407407,0.9401724137931035
20,20261023,dinov2_cosine_1nn,multiclass,sham_1_A,sentinel,54,0.7933333333333333,0.9074074074074074,0.8366013071895425,3.3373753138071436,0.18518518518518517,0.8679310344827588
20,20261023,dinov2_cosine_1nn,multiclass,exposure_1_B,all_probe,108,0.9933333333333333,0.9907407407407407,0.9933326665999934,0.3337375313807146,0.018518518518518517,0.9937931034482759
20,20261023,dinov2_cosine_1nn,multiclass,exposure_1_B,sentinel,54,0.8766666666666666,0.9259259259259259,0.9061064425770308,2.669900251045715,0.14814814814814814,0.9153448275862068
20,20261023,dinov2_cosine_1nn,multiclass,sham_1_B,all_probe,108,0.9316666666666666,0.9537037037037037,0.9478708655179243,1.6686876569035718,0.09259259259259259,0.9514655172413793
20,20261023,dinov2_cosine_1nn,multiclass,sham_1_B,sentinel,54,0.8766666666666666,0.9259259259259259,0.9057352500748727,2.669900251045715,0.14814814814814814,0.9153448275862068
20,20261023,dinov2_cosine_1nn,multiclass,exposure_2_A,all_probe,108,0.9516666666666667,0.9814814814814815,0.9678107810781077,0.667475062761429,0.037037037037037035,0.9700862068965517
20,20261023,dinov2_cosine_1nn,multiclass,exposure_2_A,sentinel,54,0.89,0.9444444444444444,0.9194397759103641,2.0024251882842865,0.1111111111111111,0.9277586206896552
20,20261023,dinov2_cosine_1nn,multiclass,sham_2_A,all_probe,108,0.945,0.9722222222222222,0.9611408199643493,1.0012125941421433,0.05555555555555555,0.9638793103448275
20,20261023,dinov2_cosine_1nn,multiclass,sham_2_A,sentinel,54,0.8066666666666666,0.9259259259259259,0.8499145299145298,2.669900251045715,0.14814814814814814,0.880344827586207
20,20261023,dinov2_cosine_1nn,multiclass,exposure_2_B,all_probe,108,0.9316666666666666,0.9537037037037037,0.9478708655179243,1.6686876569035718,0.09259259259259259,0.9514655172413793
20,20261023,dinov2_cosine_1nn,multiclass,exposure_2_B,sentinel,54,0.89,0.9444444444444444,0.9191522762951334,2.0024251882842865,0.1111111111111111,0.9277586206896551
20,20261023,dinov2_cosine_1nn,multiclass,sham_2_B,all_probe,108,0.89,0.9444444444444444,0.9193090569561159,2.002425188284286,0.1111111111111111,0.9277586206896552
20,20261023,dinov2_cosine_1nn,multiclass,sham_2_B,sentinel,54,0.8766666666666666,0.9259259259259259,0.9057352500748727,2.669900251045715,0.14814814814814814,0.9153448275862068
20,20261023,dinov2_cosine_1nn,multiclass,exposure_3_A,all_probe,108,0.9733333333333333,0.9629629629629629,0.9733226623982927,1.3349501255228575,0.07407407407407407,0.9751724137931035
20,20261023,dinov2_cosine_1nn,multiclass,exposure_3_A,sentinel,54,0.89,0.9444444444444444,0.9194397759103641,2.0024251882842865,0.1111111111111111,0.9277586206896552
20,20261023,dinov2_cosine_1nn,multiclass,sham_3_A,all_probe,108,0.9249999999999999,0.9444444444444444,0.9411883847390089,2.002425188284286,0.1111111111111111,0.9452586206896552
20,20261023,dinov2_cosine_1nn,multiclass,sham_3_A,sentinel,54,0.8766666666666666,0.9259259259259259,0.9057352500748727,2.669900251045715,0.14814814814814814,0.9153448275862068
20,20261023,dinov2_cosine_1nn,multiclass,exposure_3_B,all_probe,108,0.91,0.9722222222222222,0.9391796322489392,1.0012125941421435,0.05555555555555555,0.9463793103448275
20,20261023,dinov2_cosine_1nn,multiclass,exposure_3_B,sentinel,54,0.89,0.9444444444444444,0.9191522762951334,2.0024251882842865,0.1111111111111111,0.9277586206896551
20,20261023,dinov2_cosine_1nn,multiclass,sham_3_B,all_probe,108,0.91,0.9722222222222222,0.9391796322489392,1.0012125941421435,0.05555555555555555,0.9463793103448275
20,20261023,dinov2_cosine_1nn,multiclass,sham_3_B,sentinel,54,0.7933333333333333,0.9074074074074074,0.8366013071895425,3.3373753138071436,0.18518518518518517,0.8679310344827588
20,20261023,dinov2_cosine_1nn,multiclass,exposure_4_A,all_probe,108,0.9033333333333333,0.9629629629629629,0.9325116713352006,1.3349501255228575,0.07407407407407407,0.9401724137931035
20,20261023,dinov2_cosine_1nn,multiclass,exposure_4_A,sentinel,54,0.8766666666666666,0.9259259259259259,0.9061064425770308,2.669900251045715,0.14814814814814814,0.9153448275862068
20,20261023,dinov2_cosine_1nn,multiclass,sham_4_A,all_probe,108,0.8766666666666666,0.9259259259259259,0.8896825396825396,2.669900251045715,0.14814814814814814,0.9165517241379311
20,20261023,dinov2_cosine_1nn,multiclass,sham_4_A,sentinel,54,0.89,0.9444444444444444,0.9191522762951334,2.0024251882842865,0.1111111111111111,0.9277586206896551
20,20261023,dinov2_cosine_1nn,multiclass,exposure_4_B,all_probe,108,0.98,0.9722222222222222,0.97999799979998,1.0012125941421433,0.05555555555555555,0.9813793103448276
20,20261023,dinov2_cosine_1nn,multiclass,exposure_4_B,sentinel,54,0.89,0.9444444444444444,0.9191522762951334,2.0024251882842865,0.1111111111111111,0.9277586206896551
20,20261023,dinov2_cosine_1nn,multiclass,sham_4_B,all_probe,108,0.9383333333333334,0.9629629629629629,0.9545434543454346,1.3349501255228575,0.07407407407407407,0.9576724137931034
20,20261023,dinov2_cosine_1nn,multiclass,sham_4_B,sentinel,54,0.7799999999999999,0.8888888888888888,0.8232478632478633,4.004850376568572,0.2222222222222222,0.8555172413793103
21,20261024,dinov2_logit,multiclass,zero,all_probe,108,0.9933333333333333,0.9907407407407407,0.9933326665999934,0.08383601312306854,0.02824556819134305,0.9998850574712644
21,20261024,dinov2_logit,multiclass,zero,sentinel,54,0.9866666666666667,0.9814814814814815,0.9866613311991465,0.0943910639573885,0.0415951386965792,1.0
21,20261024,dinov2_logit,multiclass,exposure_0_A,all_probe,108,1.0,1.0,1.0,0.07815708815859305,0.023395749289011145,1.0
21,20261024,dinov2_logit,multiclass,exposure_0_A,sentinel,54,0.9866666666666667,0.9814814814814815,0.9866613311991465,0.09855386574027535,0.046621763855039834,0.9995402298850574
21,20261024,dinov2_logit,multiclass,sham_0_A,all_probe,108,0.9933333333333333,0.9907407407407407,0.9933326665999934,0.07966773093019702,0.02698707269439635,0.9998850574712644
21,20261024,dinov2_logit,multiclass,sham_0_A,sentinel,54,0.9866666666666667,0.9814814814814815,0.9866613311991465,0.0846184858387808,0.03466418834271035,1.0
21,20261024,dinov2_logit,multiclass,exposure_0_B,all_probe,108,0.9933333333333333,0.9907407407407407,0.9933326665999934,0.08181045934468288,0.02883896699425995,0.9995402298850574
21,20261024,dinov2_logit,multiclass,exposure_0_B,sentinel,54,1.0,1.0,1.0,0.08396042109262902,0.03346019954437788,1.0
21,20261024,dinov2_logit,multiclass,sham_0_B,all_probe,108,0.9933333333333333,0.9907407407407407,0.9933326665999934,0.0811581506608035,0.026725656892728173,1.0
21,20261024,dinov2_logit,multiclass,sham_0_B,sentinel,54,0.9866666666666667,0.9814814814814815,0.9866613311991465,0.08904172559171723,0.038199135529059965,1.0
21,20261024,dinov2_logit,multiclass,exposure_1_A,all_probe,108,0.9933333333333333,0.9907407407407407,0.9933326665999934,0.08028151020665042,0.026213363095134636,1.0
21,20261024,dinov2_logit,multiclass,exposure_1_A,sentinel,54,0.9866666666666667,0.9814814814814815,0.9866613311991465,0.09005140093402451,0.0398334763724453,0.9995402298850574
21,20261024,dinov2_logit,multiclass,sham_1_A,all_probe,108,0.9933333333333333,0.9907407407407407,0.9933326665999934,0.07562709385378127,0.02303790630680032,1.0
21,20261024,dinov2_logit,multiclass,sham_1_A,sentinel,54,0.9866666666666667,0.9814814814814815,0.9866613311991465,0.08711740859615408,0.0383161626589449,0.9995402298850574
21,20261024,dinov2_logit,multiclass,exposure_1_B,all_probe,108,1.0,1.0,1.0,0.07051469814377981,0.01858131547793275,1.0
21,20261024,dinov2_logit,multiclass,exposure_1_B,sentinel,54,0.9866666666666667,0.9814814814814815,0.9866613311991465,0.09108495877365848,0.03956483634864124,1.0
21,20261024,dinov2_logit,multiclass,sham_1_B,all_probe,108,0.9933333333333333,0.9907407407407407,0.9933326665999934,0.08531475190992273,0.030602767149973092,0.9997701149425288
21,20261024,dinov2_logit,multiclass,sham_1_B,sentinel,54,0.9866666666666667,0.9814814814814815,0.9866613311991465,0.08765662756795294,0.03583102394190272,1.0
21,20261024,dinov2_logit,multiclass,exposure_2_A,all_probe,108,1.0,1.0,1.0,0.07212114675320681,0.02031669856211252,1.0
21,20261024,dinov2_logit,multiclass,exposure_2_A,sentinel,54,0.9866666666666667,0.9814814814814815,0.9866613311991465,0.09409474526044491,0.04320968970677133,0.9995402298850574
21,20261024,dinov2_logit,multiclass,sham_2_A,all_probe,108,0.9933333333333333,0.9907407407407407,0.9933326665999934,0.07648771670163398,0.025088466655460495,1.0
21,20261024,dinov2_logit,multiclass,sham_2_A,sentinel,54,0.9866666666666667,0.9814814814814815,0.9866613311991465,0.08697859297058123,0.03846222497361548,0.9995402298850574
21,20261024,dinov2_logit,multiclass,exposure_2_B,all_probe,108,0.9933333333333333,0.9907407407407407,0.9933326665999934,0.08544591032662385,0.030704610976773863,0.9996551724137931
21,20261024,dinov2_logit,multiclass,exposure_2_B,sentinel,54,1.0,1.0,1.0,0.09068595360127249,0.037671509660025526,1.0
21,20261024,dinov2_logit,multiclass,sham_2_B,all_probe,108,0.9933333333333333,0.9907407407407407,0.9933326665999934,0.0853704396819996,0.029846618850342767,0.9997701149425288
21,20261024,dinov2_logit,multiclass,sham_2_B,sentinel,54,0.9866666666666667,0.9814814814814815,0.9866613311991465,0.0918369863392961,0.03814634063692238,1.0
21,20261024,dinov2_logit,multiclass,exposure_3_A,all_probe,108,1.0,1.0,1.0,0.07731969221769809,0.02266198539459063,1.0
21,20261024,dinov2_logit,multiclass,exposure_3_A,sentinel,54,0.9866666666666667,0.9814814814814815,0.9866613311991465,0.09588848919966887,0.044946866523551864,0.9995402298850574
21,20261024,dinov2_logit,multiclass,sham_3_A,all_probe,108,0.9933333333333333,0.9907407407407407,0.9933326665999934,0.08044076584362052,0.026848444070673855,1.0
21,20261024,dinov2_logit,multiclass,sham_3_A,sentinel,54,0.9866666666666667,0.9814814814814815,0.9866613311991465,0.08756984233634767,0.03747916284946188,0.9995402298850574
21,20261024,dinov2_logit,multiclass,exposure_3_B,all_probe,108,0.9933333333333333,0.9907407407407407,0.9933326665999934,0.07492810352480467,0.023126770816047568,1.0
21,20261024,dinov2_logit,multiclass,exposure_3_B,sentinel,54,0.9866666666666667,0.9814814814814815,0.9866613311991465,0.0860029757271752,0.03549105519120256,1.0
21,20261024,dinov2_logit,multiclass,sham_3_B,all_probe,108,0.9933333333333333,0.9907407407407407,0.9933326665999934,0.07985007120426005,0.02610310320475368,1.0
21,20261024,dinov2_logit,multiclass,sham_3_B,sentinel,54,0.9866666666666667,0.9814814814814815,0.9866613311991465,0.08829518933225282,0.037713255000416356,1.0
21,20261024,dinov2_logit,multiclass,exposure_4_A,all_probe,108,1.0,1.0,1.0,0.07350536654123821,0.019898635056459085,1.0
21,20261024,dinov2_logit,multiclass,exposure_4_A,sentinel,54,0.9866666666666667,0.9814814814814815,0.9866613311991465,0.09172730634230349,0.04138516310398552,0.9995402298850574
21,20261024,dinov2_logit,multiclass,sham_4_A,all_probe,108,0.9933333333333333,0.9907407407407407,0.9933326665999934,0.08121002449559546,0.02667264725821467,1.0
21,20261024,dinov2_logit,multiclass,sham_4_A,sentinel,54,0.9866666666666667,0.9814814814814815,0.9866613311991465,0.08519193139801816,0.03719656589234449,0.9995402298850574
21,20261024,dinov2_logit,multiclass,exposure_4_B,all_probe,108,0.9933333333333333,0.9907407407407407,0.9933326665999934,0.08308271565359583,0.02899839279539169,0.9997701149425288
21,20261024,dinov2_logit,multiclass,exposure_4_B,sentinel,54,0.9866666666666667,0.9814814814814815,0.9866613311991465,0.09262776420274188,0.03967013644186051,1.0
21,20261024,dinov2_logit,multiclass,sham_4_B,all_probe,108,0.9933333333333333,0.9907407407407407,0.9933326665999934,0.08223855272695663,0.028873939069457764,0.9996551724137931
21,20261024,dinov2_logit,multiclass,sham_4_B,sentinel,54,0.9866666666666667,0.9814814814814815,0.9866613311991465,0.09256732896914167,0.03882849390495696,1.0
21,20261024,dinov2_cosine_1nn,multiclass,zero,all_probe,108,0.9049999999999999,0.9166666666666666,0.890640792399434,3.0036377824264293,0.16666666666666666,0.9290517241379309
21,20261024,dinov2_cosine_1nn,multiclass,zero,sentinel,54,0.9333333333333332,0.9074074074074074,0.9018609444141359,3.3373753138071436,0.18518518518518517,0.9403448275862069
21,20261024,dinov2_cosine_1nn,multiclass,exposure_0_A,all_probe,108,0.9666666666666667,0.9537037037037037,0.9358798422797605,1.668687656903572,0.09259259259259259,0.9713793103448275
21,20261024,dinov2_cosine_1nn,multiclass,exposure_0_A,sentinel,54,0.9466666666666667,0.9259259259259259,0.9151095311882842,2.669900251045715,0.14814814814814814,0.9527586206896551
21,20261024,dinov2_cosine_1nn,multiclass,sham_0_A,all_probe,108,0.8766666666666666,0.9259259259259259,0.8901650165016503,2.669900251045715,0.14814814814814814,0.9165517241379311
21,20261024,dinov2_cosine_1nn,multiclass,sham_0_A,sentinel,54,0.96,0.9444444444444444,0.9599839935974389,2.0024251882842865,0.1111111111111111,0.9627586206896552
21,20261024,dinov2_cosine_1nn,multiclass,exposure_0_B,all_probe,108,0.9316666666666666,0.9537037037037037,0.9478708655179243,1.6686876569035718,0.09259259259259259,0.9514655172413793
21,20261024,dinov2_cosine_1nn,multiclass,exposure_0_B,sentinel,54,0.9466666666666667,0.9259259259259259,0.9155773420479303,2.669900251045715,0.14814814814814814,0.9527586206896551
21,20261024,dinov2_cosine_1nn,multiclass,sham_0_B,all_probe,108,0.8766666666666666,0.9259259259259259,0.8899412192061291,2.669900251045715,0.14814814814814814,0.9165517241379311
21,20261024,dinov2_cosine_1nn,multiclass,sham_0_B,sentinel,54,0.9733333333333333,0.9629629629629629,0.9425381263616558,1.3349501255228575,0.07407407407407407,0.9775862068965516
21,20261024,dinov2_cosine_1nn,multiclass,exposure_1_A,all_probe,108,0.9733333333333333,0.9629629629629629,0.9568857245868644,1.3349501255228575,0.07407407407407407,0.9763793103448276
21,20261024,dinov2_cosine_1nn,multiclass,exposure_1_A,sentinel,54,0.9733333333333333,0.9629629629629629,0.9425381263616558,1.3349501255228575,0.07407407407407407,0.9775862068965516
21,20261024,dinov2_cosine_1nn,multiclass,sham_1_A,all_probe,108,0.8833333333333333,0.9351851851851852,0.9126306990384659,2.3361627196650003,0.12962962962962962,0.921551724137931
21,20261024,dinov2_cosine_1nn,multiclass,sham_1_A,sentinel,54,0.9866666666666667,0.9814814814814815,0.9866613311991465,0.6674750627614289,0.037037037037037035,0.9875862068965517
21,20261024,dinov2_cosine_1nn,multiclass,exposure_1_B,all_probe,108,0.9316666666666666,0.9537037037037037,0.9315973263993066,1.6686876569035718,0.09259259259259259,0.9526724137931035
21,20261024,dinov2_cosine_1nn,multiclass,exposure_1_B,sentinel,54,0.9199999999999999,0.8888888888888888,0.8880381612128946,4.004850376568573,0.2222222222222222,0.9279310344827586
21,20261024,dinov2_cosine_1nn,multiclass,sham_1_B,all_probe,108,0.8766666666666666,0.9259259259259259,0.8899412192061291,2.669900251045715,0.14814814814814814,0.9165517241379311
21,20261024,dinov2_cosine_1nn,multiclass,sham_1_B,sentinel,54,0.9466666666666667,0.9259259259259259,0.9151095311882842,2.669900251045715,0.14814814814814814,0.9527586206896551
21,20261024,dinov2_cosine_1nn,multiclass,exposure_2_A,all_probe,108,0.98,0.9722222222222222,0.97999799979998,1.0012125941421433,0.05555555555555555,0.9813793103448276
21,20261024,dinov2_cosine_1nn,multiclass,exposure_2_A,sentinel,54,0.9333333333333332,0.9074074074074074,0.9018609444141359,3.3373753138071436,0.18518518518518517,0.9403448275862069
21,20261024,dinov2_cosine_1nn,multiclass,sham_2_A,all_probe,108,0.8766666666666666,0.9259259259259259,0.9061064425770308,2.669900251045715,0.14814814814814814,0.9153448275862068
21,20261024,dinov2_cosine_1nn,multiclass,sham_2_A,sentinel,54,0.96,0.9444444444444444,0.9599839935974389,2.0024251882842865,0.1111111111111111,0.9627586206896552
21,20261024,dinov2_cosine_1nn,multiclass,exposure_2_B,all_probe,108,0.9249999999999999,0.9444444444444444,0.9108673172239192,2.002425188284286,0.1111111111111111,0.9476724137931035
21,20261024,dinov2_cosine_1nn,multiclass,exposure_2_B,sentinel,54,0.96,0.9444444444444444,0.9288658543977694,2.0024251882842865,0.1111111111111111,0.9651724137931034
21,20261024,dinov2_cosine_1nn,multiclass,sham_2_B,all_probe,108,0.87,0.9166666666666666,0.8695576018416574,3.0036377824264293,0.16666666666666666,0.9115517241379311
21,20261024,dinov2_cosine_1nn,multiclass,sham_2_B,sentinel,54,0.96,0.9444444444444444,0.9288658543977694,2.0024251882842865,0.1111111111111111,0.9651724137931034
21,20261024,dinov2_cosine_1nn,multiclass,exposure_3_A,all_probe,108,0.9249999999999999,0.9444444444444444,0.9249999999999999,2.002425188284286,0.1111111111111111,0.9464655172413794
21,20261024,dinov2_cosine_1nn,multiclass,exposure_3_A,sentinel,54,0.9199999999999999,0.8888888888888888,0.8880381612128946,4.004850376568573,0.2222222222222222,0.9279310344827586
21,20261024,dinov2_cosine_1nn,multiclass,sham_3_A,all_probe,108,0.9183333333333333,0.9351851851851852,0.9182626595992932,2.3361627196650008,0.12962962962962962,0.9402586206896552
21,20261024,dinov2_cosine_1nn,multiclass,sham_3_A,sentinel,54,0.96,0.9444444444444444,0.9288658543977694,2.0024251882842865,0.1111111111111111,0.9651724137931034
21,20261024,dinov2_cosine_1nn,multiclass,exposure_3_B,all_probe,108,0.98,0.9722222222222222,0.97999799979998,1.0012125941421433,0.05555555555555555,0.9813793103448276
21,20261024,dinov2_cosine_1nn,multiclass,exposure_3_B,sentinel,54,0.9733333333333333,0.9629629629629629,0.9425381263616558,1.3349501255228575,0.07407407407407407,0.9775862068965516
21,20261024,dinov2_cosine_1nn,multiclass,sham_3_B,all_probe,108,0.8416666666666667,0.9259259259259259,0.8647305075876505,2.6699002510457146,0.14814814814814814,0.899051724137931
21,20261024,dinov2_cosine_1nn,multiclass,sham_3_B,sentinel,54,0.96,0.9444444444444444,0.9598554797270173,2.0024251882842865,0.1111111111111111,0.9627586206896552
21,20261024,dinov2_cosine_1nn,multiclass,exposure_4_A,all_probe,108,0.9249999999999999,0.9444444444444444,0.9249999999999999,2.002425188284286,0.1111111111111111,0.9464655172413794
21,20261024,dinov2_cosine_1nn,multiclass,exposure_4_A,sentinel,54,0.9466666666666667,0.9259259259259259,0.9155773420479303,2.669900251045715,0.14814814814814814,0.9527586206896551
21,20261024,dinov2_cosine_1nn,multiclass,sham_4_A,all_probe,108,0.8766666666666666,0.9259259259259259,0.9061064425770308,2.669900251045715,0.14814814814814814,0.9153448275862068
21,20261024,dinov2_cosine_1nn,multiclass,sham_4_A,sentinel,54,0.96,0.9444444444444444,0.9598554797270173,2.0024251882842865,0.1111111111111111,0.9627586206896552
21,20261024,dinov2_cosine_1nn,multiclass,exposure_4_B,all_probe,108,0.9383333333333334,0.9629629629629629,0.9381919434440443,1.3349501255228575,0.07407407407407407,0.9588793103448277
21,20261024,dinov2_cosine_1nn,multiclass,exposure_4_B,sentinel,54,0.9466666666666667,0.9259259259259259,0.9151095311882842,2.669900251045715,0.14814814814814814,0.9527586206896551
21,20261024,dinov2_cosine_1nn,multiclass,sham_4_B,all_probe,108,0.89,0.9444444444444444,0.9032164322039495,2.002425188284286,0.1111111111111111,0.9289655172413793
21,20261024,dinov2_cosine_1nn,multiclass,sham_4_B,sentinel,54,0.96,0.9444444444444444,0.9598554797270173,2.0024251882842865,0.1111111111111111,0.9627586206896552
22,20261025,dinov2_logit,multiclass,zero,all_probe,108,0.9866666666666667,0.9814814814814815,0.9702891057413064,0.08817883731793989,0.0299653137366457,0.9998850574712644
22,20261025,dinov2_logit,multiclass,zero,sentinel,54,1.0,1.0,1.0,0.06516763265365573,0.015718462533653006,1.0
22,20261025,dinov2_logit,multiclass,exposure_0_A,all_probe,108,0.9933333333333333,0.9907407407407407,0.9933326665999934,0.08785647392396595,0.02963123438705099,0.9998850574712644
22,20261025,dinov2_logit,multiclass,exposure_0_A,sentinel,54,1.0,1.0,1.0,0.06988066951213451,0.018774370259950195,1.0
22,20261025,dinov2_logit,multiclass,sham_0_A,all_probe,108,1.0,1.0,1.0,0.09318822147874499,0.03250151724456767,0.9998850574712644
22,20261025,dinov2_logit,multiclass,sham_0_A,sentinel,54,1.0,1.0,1.0,0.06175438615506115,0.013688915376207658,1.0
22,20261025,dinov2_logit,multiclass,exposure_0_B,all_probe,108,0.9933333333333333,0.9907407407407407,0.9933326665999934,0.08254767441484144,0.02641645648462075,0.9998850574712644
22,20261025,dinov2_logit,multiclass,exposure_0_B,sentinel,54,1.0,1.0,1.0,0.0599644862204459,0.014158196644777346,1.0
22,20261025,dinov2_logit,multiclass,sham_0_B,all_probe,108,0.9933333333333333,0.9907407407407407,0.9933326665999934,0.08427011583349005,0.02817693566801187,0.9998850574712644
22,20261025,dinov2_logit,multiclass,sham_0_B,sentinel,54,1.0,1.0,1.0,0.0613903462994434,0.01490195187059582,1.0
22,20261025,dinov2_logit,multiclass,exposure_1_A,all_probe,108,1.0,1.0,1.0,0.08108892443405111,0.024939657592042048,0.9998850574712644
22,20261025,dinov2_logit,multiclass,exposure_1_A,sentinel,54,1.0,1.0,1.0,0.06528990334557731,0.01718197366660953,1.0
22,20261025,dinov2_logit,multiclass,sham_1_A,all_probe,108,0.9933333333333333,0.9907407407407407,0.9933326665999934,0.08652796626346124,0.02936987903466196,0.9998850574712644
22,20261025,dinov2_logit,multiclass,sham_1_A,sentinel,54,1.0,1.0,1.0,0.0697212626702388,0.018684270301442568,1.0
22,20261025,dinov2_logit,multiclass,exposure_1_B,all_probe,108,0.9866666666666667,0.9814814814814815,0.9702891057413064,0.08792938291567794,0.030340025577233615,0.9998850574712644
22,20261025,dinov2_logit,multiclass,exposure_1_B,sentinel,54,1.0,1.0,1.0,0.06311008699494901,0.014916386825639505,1.0
22,20261025,dinov2_logit,multiclass,sham_1_B,all_probe,108,0.9866666666666667,0.9814814814814815,0.9702891057413064,0.0920227341152328,0.03304514222377863,0.9998850574712644
22,20261025,dinov2_logit,multiclass,sham_1_B,sentinel,54,1.0,1.0,1.0,0.056873351124622495,0.01187613671709082,1.0
22,20261025,dinov2_logit,multiclass,exposure_2_A,all_probe,108,0.9933333333333333,0.9907407407407407,0.9933326665999934,0.0824959229739074,0.026546691490498316,0.9998850574712644
22,20261025,dinov2_logit,multiclass,exposure_2_A,sentinel,54,1.0,1.0,1.0,0.06293910963041585,0.01557226159178501,1.0
22,20261025,dinov2_logit,multiclass,sham_2_A,all_probe,108,0.9933333333333333,0.9907407407407407,0.9933326665999934,0.08398207881727003,0.027460425093575602,0.9998850574712644
22,20261025,dinov2_logit,multiclass,sham_2_A,sentinel,54,1.0,1.0,1.0,0.061159566426434754,0.014754758428388366,1.0
22,20261025,dinov2_logit,multiclass,exposure_2_B,all_probe,108,0.9866666666666667,0.9814814814814815,0.9702891057413064,0.0924589894009,0.032231100007010544,1.0
22,20261025,dinov2_logit,multiclass,exposure_2_B,sentinel,54,1.0,1.0,1.0,0.06789279682723162,0.018122265158960774,1.0
22,20261025,dinov2_logit,multiclass,sham_2_B,all_probe,108,0.9866666666666667,0.9814814814814815,0.9702891057413064,0.09545656986005542,0.034884805273340855,0.9998850574712644
22,20261025,dinov2_logit,multiclass,sham_2_B,sentinel,54,1.0,1.0,1.0,0.06153291242964784,0.013592789858599519,1.0
22,20261025,dinov2_logit,multiclass,exposure_3_A,all_probe,108,0.9933333333333333,0.9907407407407407,0.9933326665999934,0.08034810651651733,0.025071418107591743,1.0
22,20261025,dinov2_logit,multiclass,exposure_3_A,sentinel,54,1.0,1.0,1.0,0.06094838678607536,0.014395784939118821,1.0
22,20261025,dinov2_logit,multiclass,sham_3_A,all_probe,108,0.9933333333333333,0.9907407407407407,0.9933326665999934,0.08692943710803618,0.029859227068370277,0.9998850574712644
22,20261025,dinov2_logit,multiclass,sham_3_A,sentinel,54,1.0,1.0,1.0,0.06376399550853905,0.0152803945779822,1.0
22,20261025,dinov2_logit,multiclass,exposure_3_B,all_probe,108,0.9933333333333333,0.9907407407407407,0.9933326665999934,0.09183225039099882,0.032073734558520056,0.9998850574712644
22,20261025,dinov2_logit,multiclass,exposure_3_B,sentinel,54,1.0,1.0,1.0,0.07049378348507,0.019136470898664354,1.0
22,20261025,dinov2_logit,multiclass,sham_3_B,all_probe,108,0.9933333333333333,0.9907407407407407,0.9770251534957417,0.09004831606962259,0.03127374572120937,1.0
22,20261025,dinov2_logit,multiclass,sham_3_B,sentinel,54,1.0,1.0,1.0,0.05997517861329134,0.013698609060749534,1.0
22,20261025,dinov2_logit,multiclass,exposure_4_A,all_probe,108,0.9866666666666667,0.9814814814814815,0.9702891057413064,0.08872114007044142,0.030101299492597152,0.9998850574712644
22,20261025,dinov2_logit,multiclass,exposure_4_A,sentinel,54,1.0,1.0,1.0,0.06830110179780963,0.017722247930663154,1.0
22,20261025,dinov2_logit,multiclass,sham_4_A,all_probe,108,0.9866666666666667,0.9814814814814815,0.9702891057413064,0.09917716065250883,0.03788376026049701,0.9998850574712644
22,20261025,dinov2_logit,multiclass,sham_4_A,sentinel,54,1.0,1.0,1.0,0.06379006236791282,0.015825461022993304,1.0
22,20261025,dinov2_logit,multiclass,exposure_4_B,all_probe,108,0.9933333333333333,0.9907407407407407,0.9933326665999934,0.08188528604564638,0.02572413771153954,0.9998850574712644
22,20261025,dinov2_logit,multiclass,exposure_4_B,sentinel,54,1.0,1.0,1.0,0.06376508579638276,0.016393668744844044,1.0
22,20261025,dinov2_logit,multiclass,sham_4_B,all_probe,108,0.9933333333333333,0.9907407407407407,0.9933326665999934,0.08057226977183284,0.02535808677829127,0.9998850574712644
22,20261025,dinov2_logit,multiclass,sham_4_B,sentinel,54,1.0,1.0,1.0,0.062385436865843934,0.014441305415535533,1.0
22,20261025,dinov2_cosine_1nn,multiclass,zero,all_probe,108,0.9183333333333333,0.9351851851851852,0.9182626595992932,2.3361627196650008,0.12962962962962962,0.9402586206896552
22,20261025,dinov2_cosine_1nn,multiclass,zero,sentinel,54,0.96,0.9444444444444444,0.9598554797270173,2.0024251882842865,0.1111111111111111,0.9627586206896552
22,20261025,dinov2_cosine_1nn,multiclass,exposure_0_A,all_probe,108,0.9733333333333333,0.9629629629629629,0.9567945301097786,1.3349501255228575,0.07407407407407407,0.9763793103448276
22,20261025,dinov2_cosine_1nn,multiclass,exposure_0_A,sentinel,54,0.96,0.9444444444444444,0.9598554797270173,2.0024251882842865,0.1111111111111111,0.9627586206896552
22,20261025,dinov2_cosine_1nn,multiclass,sham_0_A,all_probe,108,0.9249999999999999,0.9444444444444444,0.9248532746431907,2.002425188284286,0.1111111111111111,0.9464655172413794
22,20261025,dinov2_cosine_1nn,multiclass,sham_0_A,sentinel,54,0.9733333333333333,0.9629629629629629,0.9732905982905984,1.3349501255228575,0.07407407407407407,0.9751724137931035
22,20261025,dinov2_cosine_1nn,multiclass,exposure_0_B,all_probe,108,0.9316666666666666,0.9537037037037037,0.9317306730673067,1.6686876569035718,0.09259259259259259,0.9526724137931034
22,20261025,dinov2_cosine_1nn,multiclass,exposure_0_B,sentinel,54,0.96,0.9444444444444444,0.9598554797270173,2.0024251882842865,0.1111111111111111,0.9627586206896552
22,20261025,dinov2_cosine_1nn,multiclass,sham_0_B,all_probe,108,0.8983333333333333,0.9074074074074074,0.8838005266831651,3.3373753138071436,0.18518518518518517,0.9228448275862068
22,20261025,dinov2_cosine_1nn,multiclass,sham_0_B,sentinel,54,0.9333333333333332,0.9074074074074074,0.9326599326599326,3.3373753138071436,0.18518518518518517,0.9379310344827586
22,20261025,dinov2_cosine_1nn,multiclass,exposure_1_A,all_probe,108,0.9249999999999999,0.9444444444444444,0.9248532746431907,2.0024251882842865,0.1111111111111111,0.9464655172413794
22,20261025,dinov2_cosine_1nn,multiclass,exposure_1_A,sentinel,54,0.9733333333333333,0.9629629629629629,0.9732905982905984,1.3349501255228575,0.07407407407407407,0.9751724137931035
22,20261025,dinov2_cosine_1nn,multiclass,sham_1_A,all_probe,108,0.9049999999999999,0.9166666666666666,0.890640792399434,3.0036377824264293,0.16666666666666666,0.9290517241379309
22,20261025,dinov2_cosine_1nn,multiclass,sham_1_A,sentinel,54,0.96,0.9444444444444444,0.9598554797270173,2.0024251882842865,0.1111111111111111,0.9627586206896552
22,20261025,dinov2_cosine_1nn,multiclass,exposure_1_B,all_probe,108,0.98,0.9722222222222222,0.9636244800950683,1.0012125941421433,0.05555555555555555,0.9825862068965517
22,20261025,dinov2_cosine_1nn,multiclass,exposure_1_B,sentinel,54,0.9466666666666667,0.9259259259259259,0.9463231347289319,2.669900251045715,0.14814814814814814,0.9503448275862069
22,20261025,dinov2_cosine_1nn,multiclass,sham_1_B,all_probe,108,0.9249999999999999,0.9444444444444444,0.9248532746431907,2.002425188284286,0.1111111111111111,0.9464655172413794
22,20261025,dinov2_cosine_1nn,multiclass,sham_1_B,sentinel,54,0.9466666666666667,0.9259259259259259,0.9463231347289319,2.669900251045715,0.14814814814814814,0.9503448275862069
22,20261025,dinov2_cosine_1nn,multiclass,exposure_2_A,all_probe,108,0.9316666666666666,0.9537037037037037,0.9478708655179243,1.6686876569035718,0.09259259259259259,0.9514655172413793
22,20261025,dinov2_cosine_1nn,multiclass,exposure_2_A,sentinel,54,0.9466666666666667,0.9259259259259259,0.9463231347289319,2.669900251045715,0.14814814814814814,0.9503448275862069
22,20261025,dinov2_cosine_1nn,multiclass,sham_2_A,all_probe,108,0.9183333333333333,0.9351851851851852,0.9182626595992932,2.3361627196650008,0.12962962962962962,0.9402586206896552
22,20261025,dinov2_cosine_1nn,multiclass,sham_2_A,sentinel,54,0.9733333333333333,0.9629629629629629,0.9732905982905984,1.3349501255228575,0.07407407407407407,0.9751724137931035
22,20261025,dinov2_cosine_1nn,multiclass,exposure_2_B,all_probe,108,0.9733333333333333,0.9629629629629629,0.9426908541194255,1.3349501255228575,0.07407407407407407,0.9775862068965516
22,20261025,dinov2_cosine_1nn,multiclass,exposure_2_B,sentinel,54,0.9466666666666667,0.9259259259259259,0.9463231347289319,2.669900251045715,0.14814814814814814,0.9503448275862069
22,20261025,dinov2_cosine_1nn,multiclass,sham_2_B,all_probe,108,0.9183333333333333,0.9351851851851852,0.9040495923455293,2.3361627196650008,0.12962962962962962,0.9414655172413792
22,20261025,dinov2_cosine_1nn,multiclass,sham_2_B,sentinel,54,0.9466666666666667,0.9259259259259259,0.9463231347289319,2.669900251045715,0.14814814814814814,0.9503448275862069
22,20261025,dinov2_cosine_1nn,multiclass,exposure_3_A,all_probe,108,0.945,0.9722222222222222,0.9611408199643493,1.0012125941421433,0.05555555555555555,0.9638793103448275
22,20261025,dinov2_cosine_1nn,multiclass,exposure_3_A,sentinel,54,0.9466666666666667,0.9259259259259259,0.9463231347289319,2.669900251045715,0.14814814814814814,0.9503448275862069
22,20261025,dinov2_cosine_1nn,multiclass,sham_3_A,all_probe,108,0.9316666666666666,0.9537037037037037,0.9478708655179243,1.6686876569035718,0.09259259259259259,0.9514655172413793
22,20261025,dinov2_cosine_1nn,multiclass,sham_3_A,sentinel,54,0.9466666666666667,0.9259259259259259,0.9463231347289319,2.669900251045715,0.14814814814814814,0.9503448275862069
22,20261025,dinov2_cosine_1nn,multiclass,exposure_3_B,all_probe,108,0.9666666666666667,0.9537037037037037,0.950223806694395,1.668687656903572,0.09259259259259259,0.9701724137931036
22,20261025,dinov2_cosine_1nn,multiclass,exposure_3_B,sentinel,54,0.96,0.9444444444444444,0.9598554797270173,2.0024251882842865,0.1111111111111111,0.9627586206896552
22,20261025,dinov2_cosine_1nn,multiclass,sham_3_B,all_probe,108,0.8983333333333333,0.9074074074074074,0.8715958605664489,3.3373753138071436,0.18518518518518517,0.924051724137931
22,20261025,dinov2_cosine_1nn,multiclass,sham_3_B,sentinel,54,0.96,0.9444444444444444,0.9598554797270173,2.0024251882842865,0.1111111111111111,0.9627586206896552
22,20261025,dinov2_cosine_1nn,multiclass,exposure_4_A,all_probe,108,0.9733333333333333,0.9629629629629629,0.9568857245868644,1.3349501255228575,0.07407407407407407,0.9763793103448276
22,20261025,dinov2_cosine_1nn,multiclass,exposure_4_A,sentinel,54,0.96,0.9444444444444444,0.9598554797270173,2.0024251882842865,0.1111111111111111,0.9627586206896552
22,20261025,dinov2_cosine_1nn,multiclass,sham_4_A,all_probe,108,0.9049999999999999,0.9166666666666666,0.878496440709363,3.0036377824264293,0.16666666666666666,0.9302586206896551
22,20261025,dinov2_cosine_1nn,multiclass,sham_4_A,sentinel,54,0.96,0.9444444444444444,0.9598554797270173,2.0024251882842865,0.1111111111111111,0.9627586206896552
22,20261025,dinov2_cosine_1nn,multiclass,exposure_4_B,all_probe,108,0.945,0.9722222222222222,0.9611408199643493,1.0012125941421433,0.05555555555555555,0.9638793103448275
22,20261025,dinov2_cosine_1nn,multiclass,exposure_4_B,sentinel,54,0.96,0.9444444444444444,0.9598554797270173,2.0024251882842865,0.1111111111111111,0.9627586206896552
22,20261025,dinov2_cosine_1nn,multiclass,sham_4_B,all_probe,108,0.9249999999999999,0.9444444444444444,0.9411883847390089,2.002425188284286,0.1111111111111111,0.9452586206896552
22,20261025,dinov2_cosine_1nn,multiclass,sham_4_B,sentinel,54,0.9333333333333332,0.9074074074074074,0.9326599326599326,3.3373753138071436,0.18518518518518517,0.9379310344827586
23,20261026,dinov2_logit,multiclass,zero,all_probe,108,0.9866666666666667,0.9814814814814815,0.9866666666666667,0.08567913104369146,0.031825594290303544,0.9997701149425288
23,20261026,dinov2_logit,multiclass,zero,sentinel,54,1.0,1.0,1.0,0.07752426612804753,0.02734685014980747,1.0
23,20261026,dinov2_logit,multiclass,exposure_0_A,all_probe,108,0.9933333333333333,0.9907407407407407,0.9933326665999934,0.0931649560374588,0.03795987033801946,0.9993103448275861
23,20261026,dinov2_logit,multiclass,exposure_0_A,sentinel,54,1.0,1.0,1.0,0.07744928283322165,0.025837206565126575,1.0
23,20261026,dinov2_logit,multiclass,sham_0_A,all_probe,108,0.9866666666666667,0.9814814814814815,0.9866666666666667,0.09817142938540803,0.04289338388338408,0.9991954022988505
23,20261026,dinov2_logit,multiclass,sham_0_A,sentinel,54,1.0,1.0,1.0,0.0802198771916265,0.02909812702422759,1.0
23,20261026,dinov2_logit,multiclass,exposure_0_B,all_probe,108,0.9933333333333333,0.9907407407407407,0.9933326665999934,0.07001068265987362,0.021237469195860646,1.0
23,20261026,dinov2_logit,multiclass,exposure_0_B,sentinel,54,1.0,1.0,1.0,0.06341107961675058,0.016773155492174223,1.0
23,20261026,dinov2_logit,multiclass,sham_0_B,all_probe,108,0.9866666666666667,0.9814814814814815,0.9866666666666667,0.08483385401876584,0.030872560728253902,0.9995402298850574
23,20261026,dinov2_logit,multiclass,sham_0_B,sentinel,54,1.0,1.0,1.0,0.07098235341097564,0.021064185547803742,1.0
23,20261026,dinov2_logit,multiclass,exposure_1_A,all_probe,108,0.9933333333333333,0.9907407407407407,0.9933326665999934,0.08242724536321376,0.02932344459516388,0.9995402298850574
23,20261026,dinov2_logit,multiclass,exposure_1_A,sentinel,54,1.0,1.0,1.0,0.08011798338922234,0.027162529627414393,1.0
23,20261026,dinov2_logit,multiclass,sham_1_A,all_probe,108,0.9866666666666667,0.9814814814814815,0.9866666666666667,0.09111819344205181,0.03656451383814169,0.9995402298850574
23,20261026,dinov2_logit,multiclass,sham_1_A,sentinel,54,1.0,1.0,1.0,0.08149746737474393,0.029016874353641284,1.0
23,20261026,dinov2_logit,multiclass,exposure_1_B,all_probe,108,0.9933333333333333,0.9907407407407407,0.9933326665999934,0.07876606139708277,0.027269118858179908,1.0
23,20261026,dinov2_logit,multiclass,exposure_1_B,sentinel,54,1.0,1.0,1.0,0.062246922257227603,0.01705843636628217,1.0
23,20261026,dinov2_logit,multiclass,sham_1_B,all_probe,108,0.9866666666666667,0.9814814814814815,0.9866666666666667,0.08978830501362957,0.03580927040189917,0.9996551724137931
23,20261026,dinov2_logit,multiclass,sham_1_B,sentinel,54,1.0,1.0,1.0,0.07253763697900827,0.023561947926737728,1.0
23,20261026,dinov2_logit,multiclass,exposure_2_A,all_probe,108,0.9933333333333333,0.9907407407407407,0.9933326665999934,0.08328506394873607,0.03065782101068868,0.9995402298850574
23,20261026,dinov2_logit,multiclass,exposure_2_A,sentinel,54,1.0,1.0,1.0,0.07423349055758104,0.02481763941994657,1.0
23,20261026,dinov2_logit,multiclass,sham_2_A,all_probe,108,0.9933333333333333,0.9907407407407407,0.9933326665999934,0.09024862601200105,0.03483357731539839,0.9995402298850574
23,20261026,dinov2_logit,multiclass,sham_2_A,sentinel,54,1.0,1.0,1.0,0.08021013044669162,0.027662899587999654,1.0
23,20261026,dinov2_logit,multiclass,exposure_2_B,all_probe,108,0.9933333333333333,0.9907407407407407,0.9933326665999934,0.08080747730171162,0.029297721072164086,1.0
23,20261026,dinov2_logit,multiclass,exposure_2_B,sentinel,54,1.0,1.0,1.0,0.07031503620931105,0.021806009533846264,1.0
23,20261026,dinov2_logit,multiclass,sham_2_B,all_probe,108,0.9866666666666667,0.9814814814814815,0.9866666666666667,0.09242851981723296,0.03823179279231595,0.9991954022988506
23,20261026,dinov2_logit,multiclass,sham_2_B,sentinel,54,1.0,1.0,1.0,0.07282864565309925,0.023883158126971244,1.0
23,20261026,dinov2_logit,multiclass,exposure_3_A,all_probe,108,0.9933333333333333,0.9907407407407407,0.9933326665999934,0.08342727922168984,0.031280420349884326,0.9995402298850574
23,20261026,dinov2_logit,multiclass,exposure_3_A,sentinel,54,1.0,1.0,1.0,0.07182090902324377,0.02259687165207441,1.0
23,20261026,dinov2_logit,multiclass,sham_3_A,all_probe,108,0.9866666666666667,0.9814814814814815,0.9866666666666667,0.08545804690021125,0.0330890271785815,0.9996551724137931
23,20261026,dinov2_logit,multiclass,sham_3_A,sentinel,54,0.9166666666666666,0.9814814814814815,0.9458450046685342,0.07971312813662959,0.02954201205308765,1.0
23,20261026,dinov2_logit,multiclass,exposure_3_B,all_probe,108,0.9933333333333333,0.9907407407407407,0.9933326665999934,0.07903775818418281,0.026771973464578172,1.0
23,20261026,dinov2_logit,multiclass,exposure_3_B,sentinel,54,1.0,1.0,1.0,0.0704865681437152,0.02129594813264982,1.0
23,20261026,dinov2_logit,multiclass,sham_3_B,all_probe,108,0.9866666666666667,0.9814814814814815,0.9866666666666667,0.09588658833543737,0.03930609462810752,0.9991954022988505
23,20261026,dinov2_logit,multiclass,sham_3_B,sentinel,54,1.0,1.0,1.0,0.07768710901419114,0.02654308654840843,1.0
23,20261026,dinov2_logit,multiclass,exposure_4_A,all_probe,108,0.9933333333333333,0.9907407407407407,0.9933326665999934,0.07953269621818343,0.02822407415555414,0.9997701149425288
23,20261026,dinov2_logit,multiclass,exposure_4_A,sentinel,54,1.0,1.0,1.0,0.07220589484223686,0.022056739794215255,1.0
23,20261026,dinov2_logit,multiclass,sham_4_A,all_probe,108,0.9933333333333333,0.9907407407407407,0.9933326665999934,0.08729653332933054,0.03401972364901485,0.9993103448275861
23,20261026,dinov2_logit,multiclass,sham_4_A,sentinel,54,1.0,1.0,1.0,0.07863499864754638,0.028507501731554554,1.0
23,20261026,dinov2_logit,multiclass,exposure_4_B,all_probe,108,0.9866666666666667,0.9814814814814815,0.9866666666666667,0.08245375792602182,0.030001131879111662,0.9996551724137931
23,20261026,dinov2_logit,multiclass,exposure_4_B,sentinel,54,1.0,1.0,1.0,0.06971444015242788,0.021156178504767094,1.0
23,20261026,dinov2_logit,multiclass,sham_4_B,all_probe,108,0.9866666666666667,0.9814814814814815,0.9866666666666667,0.09623431543307721,0.04021724570004289,0.9988505747126437
23,20261026,dinov2_logit,multiclass,sham_4_B,sentinel,54,1.0,1.0,1.0,0.0791768347106303,0.02706568106129296,1.0
23,20261026,dinov2_cosine_1nn,multiclass,zero,all_probe,108,0.9116666666666666,0.9259259259259259,0.911514605842337,2.669900251045715,0.14814814814814814,0.934051724137931
23,20261026,dinov2_cosine_1nn,multiclass,zero,sentinel,54,0.8066666666666666,0.9259259259259259,0.8499145299145298,2.669900251045715,0.14814814814814814,0.880344827586207
23,20261026,dinov2_cosine_1nn,multiclass,exposure_0_A,all_probe,108,0.98,0.9722222222222222,0.9636244800950683,1.0012125941421433,0.05555555555555555,0.9825862068965517
23,20261026,dinov2_cosine_1nn,multiclass,exposure_0_A,sentinel,54,0.7933333333333333,0.9074074074074074,0.8366013071895425,3.3373753138071436,0.18518518518518517,0.8679310344827588
23,20261026,dinov2_cosine_1nn,multiclass,sham_0_A,all_probe,108,0.9666666666666667,0.9537037037037037,0.9501381308537159,1.668687656903572,0.09259259259259259,0.9701724137931035
23,20261026,dinov2_cosine_1nn,multiclass,sham_0_A,sentinel,54,0.8766666666666666,0.9259259259259259,0.9061064425770308,2.669900251045715,0.14814814814814814,0.9153448275862068
23,20261026,dinov2_cosine_1nn,multiclass,exposure_0_B,all_probe,108,0.98,0.9722222222222222,0.9799819837854069,1.0012125941421433,0.05555555555555555,0.9813793103448276
23,20261026,dinov2_cosine_1nn,multiclass,exposure_0_B,sentinel,54,0.7933333333333333,0.9074074074074074,0.8366013071895425,3.3373753138071436,0.18518518518518517,0.8679310344827588
23,20261026,dinov2_cosine_1nn,multiclass,sham_0_B,all_probe,108,0.9666666666666667,0.9537037037037037,0.9666633329999667,1.668687656903572,0.09259259259259259,0.9689655172413794
23,20261026,dinov2_cosine_1nn,multiclass,sham_0_B,sentinel,54,0.8066666666666666,0.9259259259259259,0.8499145299145298,2.669900251045715,0.14814814814814814,0.880344827586207
23,20261026,dinov2_cosine_1nn,multiclass,exposure_1_A,all_probe,108,0.9666666666666667,0.9537037037037037,0.9501381308537159,1.6686876569035718,0.09259259259259259,0.9701724137931035
23,20261026,dinov2_cosine_1nn,multiclass,exposure_1_A,sentinel,54,0.8066666666666666,0.9259259259259259,0.8499145299145298,2.669900251045715,0.14814814814814814,0.880344827586207
23,20261026,dinov2_cosine_1nn,multiclass,sham_1_A,all_probe,108,0.9116666666666666,0.9259259259259259,0.911514605842337,2.669900251045715,0.14814814814814814,0.934051724137931
23,20261026,dinov2_cosine_1nn,multiclass,sham_1_A,sentinel,54,0.89,0.9444444444444444,0.9194397759103641,2.0024251882842865,0.1111111111111111,0.9277586206896552
23,20261026,dinov2_cosine_1nn,multiclass,exposure_1_B,all_probe,108,1.0,1.0,1.0,2.2204460492503136e-16,0.0,1.0
23,20261026,dinov2_cosine_1nn,multiclass,exposure_1_B,sentinel,54,0.7799999999999999,0.8888888888888888,0.8232478632478633,4.004850376568572,0.2222222222222222,0.8555172413793103
23,20261026,dinov2_cosine_1nn,multiclass,sham_1_B,all_probe,108,0.98,0.9722222222222222,0.97999799979998,1.0012125941421433,0.05555555555555555,0.9813793103448276
23,20261026,dinov2_cosine_1nn,multiclass,sham_1_B,sentinel,54,0.7933333333333333,0.9074074074074074,0.8366013071895425,3.3373753138071436,0.18518518518518517,0.8679310344827588
23,20261026,dinov2_cosine_1nn,multiclass,exposure_2_A,all_probe,108,0.9866666666666667,0.9814814814814815,0.9866613311991465,0.6674750627614289,0.037037037037037035,0.9875862068965517
23,20261026,dinov2_cosine_1nn,multiclass,exposure_2_A,sentinel,54,0.7933333333333333,0.9074074074074074,0.8366013071895425,3.3373753138071436,0.18518518518518517,0.8679310344827588
23,20261026,dinov2_cosine_1nn,multiclass,sham_2_A,all_probe,108,0.96,0.9444444444444444,0.9599839935974389,2.0024251882842865,0.1111111111111111,0.9627586206896552
23,20261026,dinov2_cosine_1nn,multiclass,sham_2_A,sentinel,54,0.8066666666666666,0.9259259259259259,0.8499145299145298,2.669900251045715,0.14814814814814814,0.880344827586207
23,20261026,dinov2_cosine_1nn,multiclass,exposure_2_B,all_probe,108,0.9666666666666667,0.9537037037037037,0.9501381308537159,1.6686876569035718,0.09259259259259259,0.9701724137931035
23,20261026,dinov2_cosine_1nn,multiclass,exposure_2_B,sentinel,54,0.7933333333333333,0.9074074074074074,0.8366013071895425,3.3373753138071436,0.18518518518518517,0.8679310344827588
23,20261026,dinov2_cosine_1nn,multiclass,sham_2_B,all_probe,108,0.96,0.9444444444444444,0.9433775937559489,2.0024251882842865,0.1111111111111111,0.9639655172413794
23,20261026,dinov2_cosine_1nn,multiclass,sham_2_B,sentinel,54,0.8766666666666666,0.9259259259259259,0.9061064425770308,2.669900251045715,0.14814814814814814,0.9153448275862068
23,20261026,dinov2_cosine_1nn,multiclass,exposure_3_A,all_probe,108,0.96,0.9444444444444444,0.9433775937559489,2.0024251882842865,0.1111111111111111,0.9639655172413794
23,20261026,dinov2_cosine_1nn,multiclass,exposure_3_A,sentinel,54,0.7933333333333333,0.9074074074074074,0.8366013071895425,3.3373753138071436,0.18518518518518517,0.8679310344827588
23,20261026,dinov2_cosine_1nn,multiclass,sham_3_A,all_probe,108,0.96,0.9444444444444444,0.9433775937559489,2.0024251882842865,0.1111111111111111,0.9639655172413794
23,20261026,dinov2_cosine_1nn,multiclass,sham_3_A,sentinel,54,0.7933333333333333,0.9074074074074074,0.8366013071895425,3.3373753138071436,0.18518518518518517,0.8679310344827588
23,20261026,dinov2_cosine_1nn,multiclass,exposure_3_B,all_probe,108,0.9933333333333333,0.9907407407407407,0.9933326665999934,0.3337375313807146,0.018518518518518517,0.9937931034482759
23,20261026,dinov2_cosine_1nn,multiclass,exposure_3_B,sentinel,54,0.7933333333333333,0.9074074074074074,0.8366013071895425,3.3373753138071436,0.18518518518518517,0.8679310344827588
23,20261026,dinov2_cosine_1nn,multiclass,sham_3_B,all_probe,108,0.9383333333333334,0.9629629629629629,0.9545434543454346,1.3349501255228575,0.07407407407407407,0.9576724137931034
23,20261026,dinov2_cosine_1nn,multiclass,sham_3_B,sentinel,54,0.8766666666666666,0.9259259259259259,0.9061064425770308,2.669900251045715,0.14814814814814814,0.9153448275862068
23,20261026,dinov2_cosine_1nn,multiclass,exposure_4_A,all_probe,108,0.98,0.9722222222222222,0.9635469307998114,1.0012125941421433,0.05555555555555555,0.9825862068965519
23,20261026,dinov2_cosine_1nn,multiclass,exposure_4_A,sentinel,54,0.7799999999999999,0.8888888888888888,0.8232478632478633,4.004850376568572,0.2222222222222222,0.8555172413793103
23,20261026,dinov2_cosine_1nn,multiclass,sham_4_A,all_probe,108,0.9666666666666667,0.9537037037037037,0.9501381308537159,1.668687656903572,0.09259259259259259,0.9701724137931035
23,20261026,dinov2_cosine_1nn,multiclass,sham_4_A,sentinel,54,0.7933333333333333,0.9074074074074074,0.8366013071895425,3.3373753138071436,0.18518518518518517,0.8679310344827588
23,20261026,dinov2_cosine_1nn,multiclass,exposure_4_B,all_probe,108,0.9666666666666667,0.9537037037037037,0.9666633329999667,1.6686876569035718,0.09259259259259259,0.9689655172413794
23,20261026,dinov2_cosine_1nn,multiclass,exposure_4_B,sentinel,54,0.8066666666666666,0.9259259259259259,0.8499145299145298,2.669900251045715,0.14814814814814814,0.880344827586207
23,20261026,dinov2_cosine_1nn,multiclass,sham_4_B,all_probe,108,0.9183333333333333,0.9351851851851852,0.934492025729139,2.3361627196650008,0.12962962962962962,0.939051724137931
23,20261026,dinov2_cosine_1nn,multiclass,sham_4_B,sentinel,54,0.8766666666666666,0.9259259259259259,0.9061064425770308,2.669900251045715,0.14814814814814814,0.9153448275862068
24,20261027,dinov2_logit,multiclass,zero,all_probe,108,0.9866666666666667,0.9814814814814815,0.9866666666666667,0.10651966359420745,0.04442539864054932,0.9993103448275863
24,20261027,dinov2_logit,multiclass,zero,sentinel,54,0.9866666666666667,0.9814814814814815,0.9866613311991462,0.09280046606932046,0.03427996374641161,1.0
24,20261027,dinov2_logit,multiclass,exposure_0_A,all_probe,108,0.9933333333333333,0.9907407407407407,0.9933326665999934,0.08947776318832998,0.030055814829000244,0.9998850574712644
24,20261027,dinov2_logit,multiclass,exposure_0_A,sentinel,54,0.9866666666666667,0.9814814814814815,0.9866613311991462,0.08390124262029114,0.026427197062907477,1.0
24,20261027,dinov2_logit,multiclass,sham_0_A,all_probe,108,0.9583333333333334,0.9907407407407407,0.9744774477447745,0.10678332510605985,0.04344815348900594,0.9996551724137931
24,20261027,dinov2_logit,multiclass,sham_0_A,sentinel,54,1.0,1.0,1.0,0.08720037974038793,0.028114198478584,1.0
24,20261027,dinov2_logit,multiclass,exposure_0_B,all_probe,108,0.9516666666666667,0.9814814814814815,0.9678107810781077,0.09247260510140241,0.03519087414802034,0.9997701149425288
24,20261027,dinov2_logit,multiclass,exposure_0_B,sentinel,54,0.9866666666666667,0.9814814814814815,0.9866613311991462,0.08756847002098375,0.03132248474095302,1.0
24,20261027,dinov2_logit,multiclass,sham_0_B,all_probe,108,0.945,0.9722222222222222,0.9612101210121011,0.10471041410451463,0.04333740830852864,0.9995402298850576
24,20261027,dinov2_logit,multiclass,sham_0_B,sentinel,54,0.9866666666666667,0.9814814814814815,0.9866613311991462,0.09392168773975028,0.03493494746511044,0.9995402298850574
24,20261027,dinov2_logit,multiclass,exposure_1_A,all_probe,108,0.9933333333333333,0.9907407407407407,0.9933326665999934,0.08990205260723057,0.032114650222326964,0.9997701149425288
24,20261027,dinov2_logit,multiclass,exposure_1_A,sentinel,54,1.0,1.0,1.0,0.08393750347113177,0.026349502022266578,1.0
24,20261027,dinov2_logit,multiclass,sham_1_A,all_probe,108,0.9933333333333333,0.9907407407407407,0.9933326665999934,0.10325272733033108,0.04109015121059988,0.9995402298850574
24,20261027,dinov2_logit,multiclass,sham_1_A,sentinel,54,1.0,1.0,1.0,0.08536604118991986,0.02657397650334144,1.0
24,20261027,dinov2_logit,multiclass,exposure_1_B,all_probe,108,0.9866666666666667,0.9814814814814815,0.9866613311991465,0.09432509502577596,0.03545932555773431,0.9998850574712644
24,20261027,dinov2_logit,multiclass,exposure_1_B,sentinel,54,0.9866666666666667,0.9814814814814815,0.9866613311991462,0.09013207755014258,0.0332434244836687,1.0
24,20261027,dinov2_logit,multiclass,sham_1_B,all_probe,108,0.9516666666666667,0.9814814814814815,0.9678107810781077,0.10814406396595978,0.04608047674590794,0.9995402298850574
24,20261027,dinov2_logit,multiclass,sham_1_B,sentinel,54,0.9866666666666667,0.9814814814814815,0.9866613311991462,0.09232968333377094,0.03447389730808511,0.9995402298850574
24,20261027,dinov2_logit,multiclass,exposure_2_A,all_probe,108,0.945,0.9722222222222222,0.9612101210121011,0.099180752417068,0.03943309442601493,0.9993103448275863
24,20261027,dinov2_logit,multiclass,exposure_2_A,sentinel,54,0.9866666666666667,0.9814814814814815,0.9866613311991462,0.0841663972076633,0.02936414500441314,1.0
24,20261027,dinov2_logit,multiclass,sham_2_A,all_probe,108,0.9516666666666667,0.9814814814814815,0.9678107810781077,0.10881140799151853,0.043259928116658186,0.9998850574712644
24,20261027,dinov2_logit,multiclass,sham_2_A,sentinel,54,1.0,1.0,1.0,0.0892465247185581,0.02914997562557578,1.0
24,20261027,dinov2_logit,multiclass,exposure_2_B,all_probe,108,0.9933333333333333,0.9907407407407407,0.9933326665999934,0.08605179541905474,0.028996677794152798,0.9998850574712644
24,20261027,dinov2_logit,multiclass,exposure_2_B,sentinel,54,1.0,1.0,1.0,0.08796511606710528,0.028879723029683783,1.0
24,20261027,dinov2_logit,multiclass,sham_2_B,all_probe,108,0.9516666666666667,0.9814814814814815,0.9678107810781077,0.10171488109067202,0.04289698626655191,0.9996551724137932
24,20261027,dinov2_logit,multiclass,sham_2_B,sentinel,54,0.9866666666666667,0.9814814814814815,0.9866613311991462,0.09173226845235048,0.03306872080149255,1.0
24,20261027,dinov2_logit,multiclass,exposure_3_A,all_probe,108,0.9866666666666667,0.9814814814814815,0.9866666666666667,0.08835192435876783,0.032056771607143764,0.9997701149425288
24,20261027,dinov2_logit,multiclass,exposure_3_A,sentinel,54,1.0,1.0,1.0,0.08372587244067096,0.027969276497459332,1.0
24,20261027,dinov2_logit,multiclass,sham_3_A,all_probe,108,0.9516666666666667,0.9814814814814815,0.9678107810781077,0.1042930566211215,0.044631640468999666,0.9995402298850576
24,20261027,dinov2_logit,multiclass,sham_3_A,sentinel,54,0.9866666666666667,0.9814814814814815,0.9866613311991462,0.0968813887314039,0.03733081370078084,0.9995402298850574
24,20261027,dinov2_logit,multiclass,exposure_3_B,all_probe,108,0.9933333333333333,0.9907407407407407,0.9933326665999934,0.09651110391000134,0.035625232659573576,0.9998850574712644
24,20261027,dinov2_logit,multiclass,exposure_3_B,sentinel,54,0.9866666666666667,0.9814814814814815,0.9866613311991462,0.0904552759513012,0.030950076617361207,1.0
24,20261027,dinov2_logit,multiclass,sham_3_B,all_probe,108,0.9583333333333334,0.9907407407407407,0.9744774477447745,0.10760281779785445,0.04268076472671217,0.9997701149425288
24,20261027,dinov2_logit,multiclass,sham_3_B,sentinel,54,1.0,1.0,1.0,0.08435180096026738,0.0254280932642025,1.0
24,20261027,dinov2_logit,multiclass,exposure_4_A,all_probe,108,0.9933333333333333,0.9907407407407407,0.9933326665999934,0.09084310568636221,0.031000678004268714,0.9998850574712644
24,20261027,dinov2_logit,multiclass,exposure_4_A,sentinel,54,1.0,1.0,1.0,0.08483200713219616,0.026581783870343618,1.0
24,20261027,dinov2_logit,multiclass,sham_4_A,all_probe,108,0.9516666666666667,0.9814814814814815,0.9678107810781077,0.1022683791451199,0.03976947391174819,0.9997701149425288
24,20261027,dinov2_logit,multiclass,sham_4_A,sentinel,54,1.0,1.0,1.0,0.08655799781889922,0.02874389652655105,1.0
24,20261027,dinov2_logit,multiclass,exposure_4_B,all_probe,108,0.9516666666666667,0.9814814814814815,0.9678107810781077,0.09346185717761635,0.03582097038113357,0.9997701149425288
24,20261027,dinov2_logit,multiclass,exposure_4_B,sentinel,54,0.9866666666666667,0.9814814814814815,0.9866613311991462,0.09001198512464846,0.03313347888873231,0.9995402298850574
24,20261027,dinov2_logit,multiclass,sham_4_B,all_probe,108,0.9516666666666667,0.9814814814814815,0.9678107810781077,0.10734360791094062,0.04488773689208839,0.9995402298850576
24,20261027,dinov2_logit,multiclass,sham_4_B,sentinel,54,0.9866666666666667,0.9814814814814815,0.9866613311991462,0.0944715551041031,0.03347296937628001,1.0
24,20261027,dinov2_cosine_1nn,multiclass,zero,all_probe,108,0.9316666666666666,0.9537037037037037,0.9478708655179243,1.6686876569035718,0.09259259259259259,0.9514655172413793
24,20261027,dinov2_cosine_1nn,multiclass,zero,sentinel,54,0.96,0.9444444444444444,0.9599839935974389,2.0024251882842865,0.1111111111111111,0.9627586206896552
24,20261027,dinov2_cosine_1nn,multiclass,exposure_0_A,all_probe,108,0.9383333333333334,0.9629629629629629,0.9544635977368294,1.3349501255228575,0.07407407407407407,0.9576724137931034
24,20261027,dinov2_cosine_1nn,multiclass,exposure_0_A,sentinel,54,0.96,0.9444444444444444,0.9055207898762342,2.0024251882842865,0.1111111111111111,0.9675862068965517
24,20261027,dinov2_cosine_1nn,multiclass,sham_0_A,all_probe,108,0.89,0.9444444444444444,0.9194397759103641,2.0024251882842865,0.1111111111111111,0.9277586206896552
24,20261027,dinov2_cosine_1nn,multiclass,sham_0_A,sentinel,54,0.9733333333333333,0.9629629629629629,0.9428269085411941,1.3349501255228575,0.07407407407407407,0.9775862068965516
24,20261027,dinov2_cosine_1nn,multiclass,exposure_0_B,all_probe,108,0.9249999999999999,0.9444444444444444,0.9411883847390089,2.0024251882842865,0.1111111111111111,0.9452586206896552
24,20261027,dinov2_cosine_1nn,multiclass,exposure_0_B,sentinel,54,0.96,0.9444444444444444,0.9599839935974389,2.0024251882842865,0.1111111111111111,0.9627586206896552
24,20261027,dinov2_cosine_1nn,multiclass,sham_0_B,all_probe,108,0.9049999999999999,0.9166666666666666,0.9210415977049542,3.0036377824264293,0.16666666666666666,0.9266379310344827
24,20261027,dinov2_cosine_1nn,multiclass,sham_0_B,sentinel,54,0.96,0.9444444444444444,0.9599839935974389,2.0024251882842865,0.1111111111111111,0.9627586206896552
24,20261027,dinov2_cosine_1nn,multiclass,exposure_1_A,all_probe,108,0.9249999999999999,0.9444444444444444,0.9412761276127611,2.0024251882842865,0.1111111111111111,0.9452586206896552
24,20261027,dinov2_cosine_1nn,multiclass,exposure_1_A,sentinel,54,0.9866666666666667,0.9814814814814815,0.9866613311991465,0.6674750627614289,0.037037037037037035,0.9875862068965517
24,20261027,dinov2_cosine_1nn,multiclass,sham_1_A,all_probe,108,0.9316666666666666,0.9537037037037037,0.947942794279428,1.668687656903572,0.09259259259259259,0.9514655172413793
24,20261027,dinov2_cosine_1nn,multiclass,sham_1_A,sentinel,54,0.9733333333333333,0.9629629629629629,0.9732905982905984,1.3349501255228575,0.07407407407407407,0.9751724137931035
24,20261027,dinov2_cosine_1nn,multiclass,exposure_1_B,all_probe,108,0.9316666666666666,0.9537037037037037,0.9477751343730724,1.668687656903572,0.09259259259259259,0.9514655172413793
24,20261027,dinov2_cosine_1nn,multiclass,exposure_1_B,sentinel,54,0.9466666666666667,0.9259259259259259,0.8915273132664437,2.669900251045715,0.14814814814814814,0.9551724137931034
24,20261027,dinov2_cosine_1nn,multiclass,sham_1_B,all_probe,108,0.8766666666666666,0.9259259259259259,0.9059392987964415,2.669900251045715,0.14814814814814814,0.9153448275862068
24,20261027,dinov2_cosine_1nn,multiclass,sham_1_B,sentinel,54,0.9866666666666667,0.9814814814814815,0.9866613311991462,0.6674750627614289,0.037037037037037035,0.9875862068965517
24,20261027,dinov2_cosine_1nn,multiclass,exposure_2_A,all_probe,108,0.89,0.9444444444444444,0.9193090569561159,2.0024251882842865,0.1111111111111111,0.9277586206896552
24,20261027,dinov2_cosine_1nn,multiclass,exposure_2_A,sentinel,54,0.9866666666666667,0.9814814814814815,0.9866613311991465,0.6674750627614289,0.037037037037037035,0.9875862068965517
24,20261027,dinov2_cosine_1nn,multiclass,sham_2_A,all_probe,108,0.8833333333333333,0.9351851851851852,0.9127769919849128,2.3361627196650008,0.12962962962962962,0.921551724137931
24,20261027,dinov2_cosine_1nn,multiclass,sham_2_A,sentinel,54,0.9866666666666667,0.9814814814814815,0.9561602418745275,0.667475062761429,0.037037037037037035,0.9899999999999999
24,20261027,dinov2_cosine_1nn,multiclass,exposure_2_B,all_probe,108,0.9733333333333333,0.9629629629629629,0.9732905982905984,1.3349501255228575,0.07407407407407407,0.9751724137931035
24,20261027,dinov2_cosine_1nn,multiclass,exposure_2_B,sentinel,54,0.9466666666666667,0.9259259259259259,0.8915273132664437,2.669900251045715,0.14814814814814814,0.9551724137931034
24,20261027,dinov2_cosine_1nn,multiclass,sham_2_B,all_probe,108,0.9316666666666666,0.9537037037037037,0.9478708655179243,1.6686876569035718,0.09259259259259259,0.9514655172413793
24,20261027,dinov2_cosine_1nn,multiclass,sham_2_B,sentinel,54,0.96,0.9444444444444444,0.9599839935974389,2.0024251882842865,0.1111111111111111,0.9627586206896552
24,20261027,dinov2_cosine_1nn,multiclass,exposure_3_A,all_probe,108,0.8966666666666666,0.9537037037037037,0.9258371976818579,1.6686876569035718,0.09259259259259259,0.9339655172413792
24,20261027,dinov2_cosine_1nn,multiclass,exposure_3_A,sentinel,54,0.9733333333333333,0.9629629629629629,0.9732905982905984,1.3349501255228575,0.07407407407407407,0.9751724137931035
24,20261027,dinov2_cosine_1nn,multiclass,sham_3_A,all_probe,108,0.87,0.9166666666666666,0.8992308951071837,3.0036377824264293,0.16666666666666666,0.9091379310344827
24,20261027,dinov2_cosine_1nn,multiclass,sham_3_A,sentinel,54,0.96,0.9444444444444444,0.9599839935974389,2.0024251882842865,0.1111111111111111,0.9627586206896552
24,20261027,dinov2_cosine_1nn,multiclass,exposure_3_B,all_probe,108,0.9733333333333333,0.9629629629629629,0.9733226623982927,1.3349501255228575,0.07407407407407407,0.9751724137931035
24,20261027,dinov2_cosine_1nn,multiclass,exposure_3_B,sentinel,54,0.9466666666666667,0.9259259259259259,0.8922222222222222,2.669900251045715,0.14814814814814814,0.9551724137931035
24,20261027,dinov2_cosine_1nn,multiclass,sham_3_B,all_probe,108,0.9316666666666666,0.9537037037037037,0.9478708655179243,1.6686876569035718,0.09259259259259259,0.9514655172413793
24,20261027,dinov2_cosine_1nn,multiclass,sham_3_B,sentinel,54,0.9733333333333333,0.9629629629629629,0.9428269085411941,1.3349501255228575,0.07407407407407407,0.9775862068965516
24,20261027,dinov2_cosine_1nn,multiclass,exposure_4_A,all_probe,108,0.9666666666666667,0.9537037037037037,0.9666366396423447,1.6686876569035718,0.09259259259259259,0.9689655172413794
24,20261027,dinov2_cosine_1nn,multiclass,exposure_4_A,sentinel,54,0.96,0.9444444444444444,0.9055207898762342,2.0024251882842865,0.1111111111111111,0.9675862068965517
24,20261027,dinov2_cosine_1nn,multiclass,sham_4_A,all_probe,108,0.9316666666666666,0.9537037037037037,0.9478708655179243,1.6686876569035718,0.09259259259259259,0.9514655172413793
24,20261027,dinov2_cosine_1nn,multiclass,sham_4_A,sentinel,54,1.0,1.0,1.0,2.2204460492503136e-16,0.0,1.0
24,20261027,dinov2_cosine_1nn,multiclass,exposure_4_B,all_probe,108,0.9033333333333333,0.9629629629629629,0.9325116713352006,1.3349501255228575,0.07407407407407407,0.9401724137931035
24,20261027,dinov2_cosine_1nn,multiclass,exposure_4_B,sentinel,54,0.9733333333333333,0.9629629629629629,0.9732905982905984,1.3349501255228575,0.07407407407407407,0.9751724137931035
24,20261027,dinov2_cosine_1nn,multiclass,sham_4_B,all_probe,108,0.8766666666666666,0.9259259259259259,0.9059392987964415,2.669900251045715,0.14814814814814814,0.9153448275862068
24,20261027,dinov2_cosine_1nn,multiclass,sham_4_B,sentinel,54,0.9466666666666667,0.9259259259259259,0.9466666666666667,2.669900251045715,0.14814814814814814,0.9503448275862069
25,20261028,dinov2_logit,multiclass,zero,all_probe,108,1.0,1.0,1.0,0.07186035240271374,0.02107844150637999,1.0
25,20261028,dinov2_logit,multiclass,zero,sentinel,54,0.9866666666666667,0.9814814814814815,0.9866613311991462,0.0999286743876899,0.040848000575372335,0.9972413793103447
25,20261028,dinov2_logit,multiclass,exposure_0_A,all_probe,108,1.0,1.0,1.0,0.0640741985531809,0.016831716723535926,1.0
25,20261028,dinov2_logit,multiclass,exposure_0_A,sentinel,54,0.9866666666666667,0.9814814814814815,0.9866613311991462,0.08988978752699663,0.03511649621824474,0.9986206896551724
25,20261028,dinov2_logit,multiclass,sham_0_A,all_probe,108,1.0,1.0,1.0,0.07250898511139467,0.021638729993327655,1.0
25,20261028,dinov2_logit,multiclass,sham_0_A,sentinel,54,0.9866666666666667,0.9814814814814815,0.9866613311991462,0.09648072744088479,0.03944716133985133,0.9986206896551724
25,20261028,dinov2_logit,multiclass,exposure_0_B,all_probe,108,1.0,1.0,1.0,0.06628757528055829,0.017970404790247845,1.0
25,20261028,dinov2_logit,multiclass,exposure_0_B,sentinel,54,0.9866666666666667,0.9814814814814815,0.9866613311991462,0.08723669753348871,0.03174117413403046,1.0
25,20261028,dinov2_logit,multiclass,sham_0_B,all_probe,108,1.0,1.0,1.0,0.07641756624473127,0.024292412625703544,1.0
25,20261028,dinov2_logit,multiclass,sham_0_B,sentinel,54,0.9866666666666667,0.9814814814814815,0.9866613311991462,0.09845438241137401,0.041144305338961906,0.9977011494252874
25,20261028,dinov2_logit,multiclass,exposure_1_A,all_probe,108,1.0,1.0,1.0,0.06207233412859056,0.01610568418026057,1.0
25,20261028,dinov2_logit,multiclass,exposure_1_A,sentinel,54,0.9866666666666667,0.9814814814814815,0.9866613311991462,0.09123066237419815,0.03484935803740107,1.0
25,20261028,dinov2_logit,multiclass,sham_1_A,all_probe,108,1.0,1.0,1.0,0.07079024620562037,0.02118193846598841,1.0
25,20261028,dinov2_logit,multiclass,sham_1_A,sentinel,54,0.9866666666666667,0.9814814814814815,0.9866613311991462,0.09413103941209403,0.038473792439892344,0.999080459770115
25,20261028,dinov2_logit,multiclass,exposure_1_B,all_probe,108,1.0,1.0,1.0,0.0682372542060028,0.018832376847922206,1.0
25,20261028,dinov2_logit,multiclass,exposure_1_B,sentinel,54,0.9866666666666667,0.9814814814814815,0.9866613311991462,0.08793409578045422,0.034094221168479016,0.999080459770115
25,20261028,dinov2_logit,multiclass,sham_1_B,all_probe,108,1.0,1.0,1.0,0.07768069919833975,0.024600775570044114,1.0
25,20261028,dinov2_logit,multiclass,sham_1_B,sentinel,54,0.9866666666666667,0.9814814814814815,0.9866613311991462,0.1016308965687758,0.04232516740285256,0.9967816091954024
25,20261028,dinov2_logit,multiclass,exposure_2_A,all_probe,108,1.0,1.0,1.0,0.06778202335541231,0.019568629106043893,1.0
25,20261028,dinov2_logit,multiclass,exposure_2_A,sentinel,54,0.9866666666666667,0.9814814814814815,0.9866613311991462,0.08562472257453632,0.02992855648242368,1.0
25,20261028,dinov2_logit,multiclass,sham_2_A,all_probe,108,0.9933333333333333,0.9907407407407407,0.9933326665999934,0.07618646750152462,0.02463284259691537,1.0
25,20261028,dinov2_logit,multiclass,sham_2_A,sentinel,54,0.9866666666666667,0.9814814814814815,0.9866613311991462,0.08055472977941447,0.026895791707241698,1.0
25,20261028,dinov2_logit,multiclass,exposure_2_B,all_probe,108,1.0,1.0,1.0,0.06622942666572833,0.017877254763823472,1.0
25,20261028,dinov2_logit,multiclass,exposure_2_B,sentinel,54,0.9866666666666667,0.9814814814814815,0.9866613311991462,0.0948923362771857,0.038037215914418505,0.999080459770115
25,20261028,dinov2_logit,multiclass,sham_2_B,all_probe,108,1.0,1.0,1.0,0.07387793549783687,0.021907385232488388,1.0
25,20261028,dinov2_logit,multiclass,sham_2_B,sentinel,54,0.9866666666666667,0.9814814814814815,0.9866613311991462,0.11565946061260791,0.04822438798035259,0.992183908045977
25,20261028,dinov2_logit,multiclass,exposure_3_A,all_probe,108,1.0,1.0,1.0,0.07019147515694553,0.020698443515917913,1.0
25,20261028,dinov2_logit,multiclass,exposure_3_A,sentinel,54,0.9866666666666667,0.9814814814814815,0.9866613311991462,0.09220419738348772,0.034206057710571634,1.0
25,20261028,dinov2_logit,multiclass,sham_3_A,all_probe,108,0.9933333333333333,0.9907407407407407,0.9933326665999934,0.0785875739801228,0.025253535946206235,1.0
25,20261028,dinov2_logit,multiclass,sham_3_A,sentinel,54,0.9866666666666667,0.9814814814814815,0.9866613311991462,0.10114426299908133,0.041699328547191175,0.9986206896551724
25,20261028,dinov2_logit,multiclass,exposure_3_B,all_probe,108,1.0,1.0,1.0,0.06321196401507943,0.016682460593910972,1.0
25,20261028,dinov2_logit,multiclass,exposure_3_B,sentinel,54,0.9866666666666667,0.9814814814814815,0.9866613311991462,0.08560908846910856,0.03263195047367798,0.9995402298850574
25,20261028,dinov2_logit,multiclass,sham_3_B,all_probe,108,1.0,1.0,1.0,0.0709194906603068,0.021013384278487177,1.0
25,20261028,dinov2_logit,multiclass,sham_3_B,sentinel,54,0.9866666666666667,0.9814814814814815,0.9866613311991462,0.09133006046429049,0.03704977087897737,0.999080459770115
25,20261028,dinov2_logit,multiclass,exposure_4_A,all_probe,108,1.0,1.0,1.0,0.0671532119314475,0.01857304114379991,1.0
25,20261028,dinov2_logit,multiclass,exposure_4_A,sentinel,54,0.9866666666666667,0.9814814814814815,0.9866613311991462,0.07914024705693494,0.027196378121610222,1.0
25,20261028,dinov2_logit,multiclass,sham_4_A,all_probe,108,1.0,1.0,1.0,0.07655699489967994,0.02448379076444595,1.0
25,20261028,dinov2_logit,multiclass,sham_4_A,sentinel,54,0.9866666666666667,0.9814814814814815,0.9866613311991462,0.09382346708292627,0.036798799698053025,0.999080459770115
25,20261028,dinov2_logit,multiclass,exposure_4_B,all_probe,108,1.0,1.0,1.0,0.06333550925630986,0.016343542161289012,1.0
25,20261028,dinov2_logit,multiclass,exposure_4_B,sentinel,54,0.9866666666666667,0.9814814814814815,0.9866613311991462,0.09644937938054474,0.03845861761892052,0.9981609195402298
25,20261028,dinov2_logit,multiclass,sham_4_B,all_probe,108,1.0,1.0,1.0,0.07213330741059545,0.021403254420954428,1.0
25,20261028,dinov2_logit,multiclass,sham_4_B,sentinel,54,0.9866666666666667,0.9814814814814815,0.9866613311991462,0.09914067530579443,0.04184291051377082,0.9972413793103447
25,20261028,dinov2_cosine_1nn,multiclass,zero,all_probe,108,0.8833333333333333,0.9351851851851852,0.9126306990384659,2.3361627196650008,0.12962962962962962,0.921551724137931
25,20261028,dinov2_cosine_1nn,multiclass,zero,sentinel,54,0.8766666666666666,0.9259259259259259,0.9057352500748727,2.669900251045715,0.14814814814814814,0.9153448275862068
25,20261028,dinov2_cosine_1nn,multiclass,exposure_0_A,all_probe,108,0.9316666666666666,0.9537037037037037,0.947942794279428,1.6686876569035718,0.09259259259259259,0.9514655172413793
25,20261028,dinov2_cosine_1nn,multiclass,exposure_0_A,sentinel,54,0.9733333333333333,0.9629629629629629,0.9733333333333333,1.3349501255228575,0.07407407407407407,0.9751724137931035
25,20261028,dinov2_cosine_1nn,multiclass,sham_0_A,all_probe,108,0.8766666666666666,0.9259259259259259,0.9059392987964415,2.669900251045715,0.14814814814814814,0.9153448275862068
25,20261028,dinov2_cosine_1nn,multiclass,sham_0_A,sentinel,54,0.9033333333333333,0.9629629629629629,0.9327577184720042,1.3349501255228575,0.07407407407407407,0.9401724137931033
25,20261028,dinov2_cosine_1nn,multiclass,exposure_0_B,all_probe,108,0.945,0.9722222222222222,0.9611408199643493,1.0012125941421433,0.05555555555555555,0.9638793103448275
25,20261028,dinov2_cosine_1nn,multiclass,exposure_0_B,sentinel,54,0.8766666666666666,0.9259259259259259,0.8760683760683761,2.669900251045715,0.14814814814814814,0.9177586206896552
25,20261028,dinov2_cosine_1nn,multiclass,sham_0_B,all_probe,108,0.9116666666666666,0.9259259259259259,0.9277777777777777,2.669900251045715,0.14814814814814814,0.9328448275862069
25,20261028,dinov2_cosine_1nn,multiclass,sham_0_B,sentinel,54,0.7933333333333333,0.9074074074074074,0.8360073589184102,3.3373753138071436,0.18518518518518517,0.8679310344827585
25,20261028,dinov2_cosine_1nn,multiclass,exposure_1_A,all_probe,108,0.9933333333333333,0.9907407407407407,0.9933326665999934,0.3337375313807146,0.018518518518518517,0.9937931034482759
25,20261028,dinov2_cosine_1nn,multiclass,exposure_1_A,sentinel,54,0.9466666666666667,0.9259259259259259,0.9463231347289319,2.669900251045715,0.14814814814814814,0.9503448275862069
25,20261028,dinov2_cosine_1nn,multiclass,sham_1_A,all_probe,108,0.8766666666666666,0.9259259259259259,0.9059392987964415,2.669900251045715,0.14814814814814814,0.9153448275862068
25,20261028,dinov2_cosine_1nn,multiclass,sham_1_A,sentinel,54,0.89,0.9444444444444444,0.9196241389637616,2.0024251882842865,0.1111111111111111,0.9277586206896551
25,20261028,dinov2_cosine_1nn,multiclass,exposure_1_B,all_probe,108,0.9316666666666666,0.9537037037037037,0.9478708655179243,1.6686876569035718,0.09259259259259259,0.9514655172413793
25,20261028,dinov2_cosine_1nn,multiclass,exposure_1_B,sentinel,54,0.8633333333333333,0.9074074074074074,0.8635787648392691,3.3373753138071436,0.18518518518518517,0.9053448275862067
25,20261028,dinov2_cosine_1nn,multiclass,sham_1_B,all_probe,108,0.9116666666666666,0.9259259259259259,0.9279131717411885,2.669900251045715,0.14814814814814814,0.9328448275862069
25,20261028,dinov2_cosine_1nn,multiclass,sham_1_B,sentinel,54,0.7666666666666666,0.8703703703703703,0.7847245564892624,4.672325439330001,0.25925925925925924,0.8455172413793103
25,20261028,dinov2_cosine_1nn,multiclass,exposure_2_A,all_probe,108,0.9933333333333333,0.9907407407407407,0.9933326665999934,0.3337375313807146,0.018518518518518517,0.9937931034482759
25,20261028,dinov2_cosine_1nn,multiclass,exposure_2_A,sentinel,54,0.9199999999999999,0.8888888888888888,0.8889493575207861,4.004850376568572,0.2222222222222222,0.9279310344827586
25,20261028,dinov2_cosine_1nn,multiclass,sham_2_A,all_probe,108,0.9183333333333333,0.9351851851851852,0.9343484497407039,2.3361627196650008,0.12962962962962962,0.939051724137931
25,20261028,dinov2_cosine_1nn,multiclass,sham_2_A,sentinel,54,0.85,0.8888888888888888,0.8499733226623983,4.004850376568572,0.2222222222222222,0.8929310344827587
25,20261028,dinov2_cosine_1nn,multiclass,exposure_2_B,all_probe,108,0.9033333333333333,0.9629629629629629,0.9326423902894492,1.3349501255228575,0.07407407407407407,0.9401724137931035
25,20261028,dinov2_cosine_1nn,multiclass,exposure_2_B,sentinel,54,0.89,0.9444444444444444,0.9191522762951334,2.0024251882842865,0.1111111111111111,0.9277586206896551
25,20261028,dinov2_cosine_1nn,multiclass,sham_2_B,all_probe,108,0.8833333333333333,0.9351851851851852,0.9126306990384659,2.3361627196650003,0.12962962962962962,0.921551724137931
25,20261028,dinov2_cosine_1nn,multiclass,sham_2_B,sentinel,54,0.9033333333333333,0.9629629629629629,0.9325116713352006,1.3349501255228575,0.07407407407407407,0.9401724137931035
25,20261028,dinov2_cosine_1nn,multiclass,exposure_3_A,all_probe,108,0.945,0.9722222222222222,0.9612101210121011,1.0012125941421433,0.05555555555555555,0.9638793103448275
25,20261028,dinov2_cosine_1nn,multiclass,exposure_3_A,sentinel,54,0.89,0.9444444444444444,0.9191522762951334,2.0024251882842865,0.1111111111111111,0.9277586206896551
25,20261028,dinov2_cosine_1nn,multiclass,sham_3_A,all_probe,108,0.9249999999999999,0.9444444444444444,0.9411883847390089,2.0024251882842865,0.1111111111111111,0.9452586206896552
25,20261028,dinov2_cosine_1nn,multiclass,sham_3_A,sentinel,54,0.8766666666666666,0.9259259259259259,0.9061064425770308,2.669900251045715,0.14814814814814814,0.9153448275862068
25,20261028,dinov2_cosine_1nn,multiclass,exposure_3_B,all_probe,108,0.9933333333333333,0.9907407407407407,0.9933326665999934,0.3337375313807146,0.018518518518518517,0.9937931034482759
25,20261028,dinov2_cosine_1nn,multiclass,exposure_3_B,sentinel,54,0.9466666666666667,0.9259259259259259,0.9158881330309901,2.669900251045715,0.14814814814814814,0.9527586206896551
25,20261028,dinov2_cosine_1nn,multiclass,sham_3_B,all_probe,108,0.87,0.9166666666666666,0.8992308951071837,3.0036377824264293,0.16666666666666666,0.9091379310344827
25,20261028,dinov2_cosine_1nn,multiclass,sham_3_B,sentinel,54,0.89,0.9444444444444444,0.9194397759103641,2.0024251882842865,0.1111111111111111,0.9277586206896552
25,20261028,dinov2_cosine_1nn,multiclass,exposure_4_A,all_probe,108,0.9383333333333334,0.9629629629629629,0.9545434543454346,1.3349501255228575,0.07407407407407407,0.9576724137931034
25,20261028,dinov2_cosine_1nn,multiclass,exposure_4_A,sentinel,54,0.85,0.8888888888888888,0.8497591328783621,4.004850376568572,0.2222222222222222,0.8929310344827585
25,20261028,dinov2_cosine_1nn,multiclass,sham_4_A,all_probe,108,0.9183333333333333,0.9351851851851852,0.934492025729139,2.3361627196650008,0.12962962962962962,0.939051724137931
25,20261028,dinov2_cosine_1nn,multiclass,sham_4_A,sentinel,54,0.8633333333333333,0.9074074074074074,0.8632478632478633,3.3373753138071436,0.18518518518518517,0.9053448275862069
25,20261028,dinov2_cosine_1nn,multiclass,exposure_4_B,all_probe,108,0.9866666666666667,0.9814814814814815,0.9866613311991465,0.6674750627614289,0.037037037037037035,0.9875862068965517
25,20261028,dinov2_cosine_1nn,multiclass,exposure_4_B,sentinel,54,0.96,0.9444444444444444,0.9292214663643236,2.0024251882842865,0.1111111111111111,0.9651724137931034
25,20261028,dinov2_cosine_1nn,multiclass,sham_4_B,all_probe,108,0.8766666666666666,0.9259259259259259,0.9059392987964415,2.669900251045715,0.14814814814814814,0.9153448275862068
25,20261028,dinov2_cosine_1nn,multiclass,sham_4_B,sentinel,54,0.9033333333333333,0.9629629629629629,0.9325116713352006,1.3349501255228575,0.07407407407407407,0.9401724137931035
26,20261029,dinov2_logit,multiclass,zero,all_probe,108,0.9866666666666667,0.9814814814814815,0.970358486829075,0.11298513435173735,0.046540681735328965,0.9998850574712644
26,20261029,dinov2_logit,multiclass,zero,sentinel,54,0.9733333333333333,0.9629629629629629,0.9194444444444444,0.09657921139313964,0.045623886076397904,1.0
26,20261029,dinov2_logit,multiclass,exposure_0_A,all_probe,108,1.0,1.0,1.0,0.0866658725815445,0.027199704876560604,1.0
26,20261029,dinov2_logit,multiclass,exposure_0_A,sentinel,54,0.9866666666666667,0.9814814814814815,0.9561602418745275,0.09077173994946418,0.03596279851704844,1.0
26,20261029,dinov2_logit,multiclass,sham_0_A,all_probe,108,1.0,1.0,1.0,0.10378044315942594,0.03932671419213255,1.0
26,20261029,dinov2_logit,multiclass,sham_0_A,sentinel,54,0.9733333333333333,0.9629629629629629,0.9194444444444444,0.08543370322824148,0.03570721094922226,1.0
26,20261029,dinov2_logit,multiclass,exposure_0_B,all_probe,108,0.9383333333333334,0.9629629629629629,0.9384587168200613,0.1144626941983559,0.04987944062123143,0.9985919540229885
26,20261029,dinov2_logit,multiclass,exposure_0_B,sentinel,54,0.9733333333333333,0.9629629629629629,0.9194444444444444,0.08936157070475474,0.04100431398711927,1.0
26,20261029,dinov2_logit,multiclass,sham_0_B,all_probe,108,0.98,0.9722222222222222,0.9494949494949495,0.10913646102637253,0.04396613928332326,0.9997701149425288
26,20261029,dinov2_logit,multiclass,sham_0_B,sentinel,54,0.9733333333333333,0.9629629629629629,0.9194444444444444,0.09947865241237466,0.04594104490069143,1.0
26,20261029,dinov2_logit,multiclass,exposure_1_A,all_probe,108,1.0,1.0,1.0,0.08819114008772973,0.02967502587759314,1.0
26,20261029,dinov2_logit,multiclass,exposure_1_A,sentinel,54,0.9866666666666667,0.9814814814814815,0.9561602418745275,0.07945010799526477,0.029821588373445614,1.0
26,20261029,dinov2_logit,multiclass,sham_1_A,all_probe,108,0.9933333333333333,0.9907407407407407,0.9770251534957417,0.1058147154399409,0.0421496977135972,0.9997701149425288
26,20261029,dinov2_logit,multiclass,sham_1_A,sentinel,54,0.9733333333333333,0.9629629629629629,0.9194444444444444,0.08646009392834497,0.03785435891735453,1.0
26,20261029,dinov2_logit,multiclass,exposure_1_B,all_probe,108,0.9166666666666666,0.9814814814814815,0.9458450046685342,0.10837325302302901,0.04365525336354987,1.0
26,20261029,dinov2_logit,multiclass,exposure_1_B,sentinel,54,0.9733333333333333,0.9629629629629629,0.9194444444444444,0.09479604299137166,0.04283618447526926,1.0
26,20261029,dinov2_logit,multiclass,sham_1_B,all_probe,108,0.9933333333333333,0.9907407407407407,0.9770251534957417,0.1090747982257444,0.04241939442977441,1.0
26,20261029,dinov2_logit,multiclass,sham_1_B,sentinel,54,0.9733333333333333,0.9629629629629629,0.9194444444444444,0.10152759746643436,0.045494941825702344,1.0
26,20261029,dinov2_logit,multiclass,exposure_2_A,all_probe,108,0.9583333333333334,0.9907407407407407,0.9744774477447745,0.09071328136312064,0.03270250362684076,1.0
26,20261029,dinov2_logit,multiclass,exposure_2_A,sentinel,54,0.9733333333333333,0.9629629629629629,0.9194444444444444,0.08553669088989843,0.03559108525393055,1.0
26,20261029,dinov2_logit,multiclass,sham_2_A,all_probe,108,0.9516666666666667,0.9814814814814815,0.9516666666666667,0.10821921120958768,0.043285835609693665,0.9994683908045977
26,20261029,dinov2_logit,multiclass,sham_2_A,sentinel,54,0.9733333333333333,0.9629629629629629,0.9194444444444444,0.09881244946423447,0.04608741573370915,1.0
26,20261029,dinov2_logit,multiclass,exposure_2_B,all_probe,108,0.9866666666666667,0.9814814814814815,0.970358486829075,0.10763601803027295,0.04236357878015085,0.9998850574712644
26,20261029,dinov2_logit,multiclass,exposure_2_B,sentinel,54,0.9733333333333333,0.9629629629629629,0.9194444444444444,0.0914472986580141,0.03973824335014812,1.0
26,20261029,dinov2_logit,multiclass,sham_2_B,all_probe,108,0.9933333333333333,0.9907407407407407,0.9770251534957417,0.10593879758240045,0.04049433619038357,1.0
26,20261029,dinov2_logit,multiclass,sham_2_B,sentinel,54,0.9733333333333333,0.9629629629629629,0.9194444444444444,0.09016195528059655,0.037737301744159533,1.0
26,20261029,dinov2_logit,multiclass,exposure_3_A,all_probe,108,0.9866666666666667,0.9814814814814815,0.9561602418745275,0.1077317498755165,0.04323121694880653,0.9998850574712644
26,20261029,dinov2_logit,multiclass,exposure_3_A,sentinel,54,0.9733333333333333,0.9629629629629629,0.9194444444444444,0.09477011202303884,0.04080085232690411,1.0
26,20261029,dinov2_logit,multiclass,sham_3_A,all_probe,108,1.0,1.0,1.0,0.10062425579083802,0.03703464921975844,1.0
26,20261029,dinov2_logit,multiclass,sham_3_A,sentinel,54,0.9866666666666667,0.9814814814814815,0.9561602418745275,0.09017936203882568,0.03816972645849668,1.0
26,20261029,dinov2_logit,multiclass,exposure_3_B,all_probe,108,0.9583333333333334,0.9907407407407407,0.9744774477447745,0.0980621266952321,0.03831069331486487,0.9994683908045977
26,20261029,dinov2_logit,multiclass,exposure_3_B,sentinel,54,0.9866666666666667,0.9814814814814815,0.9561602418745275,0.08242862949194507,0.034782221659182544,1.0
26,20261029,dinov2_logit,multiclass,sham_3_B,all_probe,108,0.9866666666666667,0.9814814814814815,0.9561602418745275,0.11156836974155296,0.0455611726572526,0.999353448275862
26,20261029,dinov2_logit,multiclass,sham_3_B,sentinel,54,0.9733333333333333,0.9629629629629629,0.9194444444444444,0.09687278525672324,0.045178857821906664,1.0
26,20261029,dinov2_logit,multiclass,exposure_4_A,all_probe,108,0.9933333333333333,0.9907407407407407,0.9770251534957417,0.10084453654185362,0.03807136731681524,0.9998850574712644
26,20261029,dinov2_logit,multiclass,exposure_4_A,sentinel,54,0.9733333333333333,0.9629629629629629,0.9194444444444444,0.09161047035197455,0.038548430808639005,1.0
26,20261029,dinov2_logit,multiclass,sham_4_A,all_probe,108,0.9933333333333333,0.9907407407407407,0.9770251534957417,0.10610595169783409,0.040945136365370505,0.9998850574712644
26,20261029,dinov2_logit,multiclass,sham_4_A,sentinel,54,0.9733333333333333,0.9629629629629629,0.9194444444444444,0.08861947236557453,0.037532168607985125,1.0
26,20261029,dinov2_logit,multiclass,exposure_4_B,all_probe,108,0.9516666666666667,0.9814814814814815,0.9678748266983561,0.09976435932924572,0.03793021307771965,1.0
26,20261029,dinov2_logit,multiclass,exposure_4_B,sentinel,54,0.9733333333333333,0.9629629629629629,0.9194444444444444,0.09041078412724327,0.04093921133377513,1.0
26,20261029,dinov2_logit,multiclass,sham_4_B,all_probe,108,0.9933333333333333,0.9907407407407407,0.9770251534957417,0.10862020168868004,0.042913485103157234,0.9994683908045977
26,20261029,dinov2_logit,multiclass,sham_4_B,sentinel,54,0.9733333333333333,0.9629629629629629,0.9194444444444444,0.10191068955110685,0.04804534782488634,1.0
26,20261029,dinov2_cosine_1nn,multiclass,zero,all_probe,108,0.9183333333333333,0.9351851851851852,0.9346009110714993,2.3361627196650008,0.12962962962962962,0.939051724137931
26,20261029,dinov2_cosine_1nn,multiclass,zero,sentinel,54,0.96,0.9444444444444444,0.9288658543977694,2.0024251882842865,0.1111111111111111,0.9651724137931034
26,20261029,dinov2_cosine_1nn,multiclass,exposure_0_A,all_probe,108,0.98,0.9722222222222222,0.97999799979998,1.0012125941421433,0.05555555555555555,0.9813793103448276
26,20261029,dinov2_cosine_1nn,multiclass,exposure_0_A,sentinel,54,0.9333333333333332,0.9074074074074074,0.9012345679012346,3.3373753138071436,0.18518518518518517,0.9403448275862069
26,20261029,dinov2_cosine_1nn,multiclass,sham_0_A,all_probe,108,0.9733333333333333,0.9629629629629629,0.9733333333333333,1.3349501255228575,0.07407407407407407,0.9751724137931035
26,20261029,dinov2_cosine_1nn,multiclass,sham_0_A,sentinel,54,0.9733333333333333,0.9629629629629629,0.9425381263616558,1.3349501255228575,0.07407407407407407,0.9775862068965516
26,20261029,dinov2_cosine_1nn,multiclass,exposure_0_B,all_probe,108,0.9183333333333333,0.9351851851851852,0.9044687181803415,2.3361627196650008,0.12962962962962962,0.9414655172413792
26,20261029,dinov2_cosine_1nn,multiclass,exposure_0_B,sentinel,54,0.9733333333333333,0.9629629629629629,0.9425381263616558,1.3349501255228575,0.07407407407407407,0.9775862068965516
26,20261029,dinov2_cosine_1nn,multiclass,sham_0_B,all_probe,108,0.9183333333333333,0.9351851851851852,0.9183960062672933,2.3361627196650008,0.12962962962962962,0.9402586206896552
26,20261029,dinov2_cosine_1nn,multiclass,sham_0_B,sentinel,54,0.96,0.9444444444444444,0.9288658543977694,2.0024251882842865,0.1111111111111111,0.9651724137931034
26,20261029,dinov2_cosine_1nn,multiclass,exposure_1_A,all_probe,108,1.0,1.0,1.0,2.2204460492503136e-16,0.0,1.0
26,20261029,dinov2_cosine_1nn,multiclass,exposure_1_A,sentinel,54,0.96,0.9444444444444444,0.9288658543977694,2.0024251882842865,0.1111111111111111,0.9651724137931034
26,20261029,dinov2_cosine_1nn,multiclass,sham_1_A,all_probe,108,0.9383333333333334,0.9629629629629629,0.954604872251931,1.3349501255228575,0.07407407407407407,0.9576724137931034
26,20261029,dinov2_cosine_1nn,multiclass,sham_1_A,sentinel,54,0.96,0.9444444444444444,0.9288658543977694,2.0024251882842865,0.1111111111111111,0.9651724137931034
26,20261029,dinov2_cosine_1nn,multiclass,exposure_1_B,all_probe,108,0.9666666666666667,0.9537037037037037,0.950223806694395,1.668687656903572,0.09259259259259259,0.9701724137931036
26,20261029,dinov2_cosine_1nn,multiclass,exposure_1_B,sentinel,54,0.96,0.9444444444444444,0.9288658543977694,2.0024251882842865,0.1111111111111111,0.9651724137931034
26,20261029,dinov2_cosine_1nn,multiclass,sham_1_B,all_probe,108,0.9533333333333333,0.9351851851851852,0.9368231332937215,2.3361627196650008,0.12962962962962962,0.9577586206896552
26,20261029,dinov2_cosine_1nn,multiclass,sham_1_B,sentinel,54,0.9733333333333333,0.9629629629629629,0.9425381263616558,1.3349501255228575,0.07407407407407407,0.9775862068965516
26,20261029,dinov2_cosine_1nn,multiclass,exposure_2_A,all_probe,108,0.9383333333333334,0.9629629629629629,0.9383333333333334,1.3349501255228575,0.07407407407407407,0.9588793103448277
26,20261029,dinov2_cosine_1nn,multiclass,exposure_2_A,sentinel,54,0.96,0.9444444444444444,0.9288658543977694,2.0024251882842865,0.1111111111111111,0.9651724137931034
26,20261029,dinov2_cosine_1nn,multiclass,sham_2_A,all_probe,108,0.9316666666666666,0.9537037037037037,0.947942794279428,1.6686876569035718,0.09259259259259259,0.9514655172413793
26,20261029,dinov2_cosine_1nn,multiclass,sham_2_A,sentinel,54,0.96,0.9444444444444444,0.9288658543977694,2.0024251882842865,0.1111111111111111,0.9651724137931034
26,20261029,dinov2_cosine_1nn,multiclass,exposure_2_B,all_probe,108,0.9666666666666667,0.9537037037037037,0.950223806694395,1.6686876569035718,0.09259259259259259,0.9701724137931036
26,20261029,dinov2_cosine_1nn,multiclass,exposure_2_B,sentinel,54,0.9733333333333333,0.9629629629629629,0.9425381263616558,1.3349501255228575,0.07407407407407407,0.9775862068965516
26,20261029,dinov2_cosine_1nn,multiclass,sham_2_B,all_probe,108,0.9733333333333333,0.9629629629629629,0.9569578134284017,1.3349501255228575,0.07407407407407407,0.9763793103448276
26,20261029,dinov2_cosine_1nn,multiclass,sham_2_B,sentinel,54,0.96,0.9444444444444444,0.9055207898762342,2.0024251882842865,0.1111111111111111,0.9675862068965517
26,20261029,dinov2_cosine_1nn,multiclass,exposure_3_A,all_probe,108,0.98,0.9722222222222222,0.97999799979998,1.0012125941421433,0.05555555555555555,0.9813793103448276
26,20261029,dinov2_cosine_1nn,multiclass,exposure_3_A,sentinel,54,0.96,0.9444444444444444,0.9288658543977694,2.0024251882842865,0.1111111111111111,0.9651724137931034
26,20261029,dinov2_cosine_1nn,multiclass,sham_3_A,all_probe,108,0.98,0.9722222222222222,0.9636244800950683,1.0012125941421433,0.05555555555555555,0.9825862068965517
26,20261029,dinov2_cosine_1nn,multiclass,sham_3_A,sentinel,54,0.96,0.9444444444444444,0.9288658543977694,2.0024251882842865,0.1111111111111111,0.9651724137931034
26,20261029,dinov2_cosine_1nn,multiclass,exposure_3_B,all_probe,108,0.9383333333333334,0.9629629629629629,0.9384587168200613,1.3349501255228575,0.07407407407407407,0.9588793103448277
26,20261029,dinov2_cosine_1nn,multiclass,exposure_3_B,sentinel,54,0.9466666666666667,0.9259259259259259,0.9151095311882842,2.669900251045715,0.14814814814814814,0.9527586206896551
26,20261029,dinov2_cosine_1nn,multiclass,sham_3_B,all_probe,108,0.9183333333333333,0.9351851851851852,0.9347158928296238,2.3361627196650008,0.12962962962962962,0.939051724137931
26,20261029,dinov2_cosine_1nn,multiclass,sham_3_B,sentinel,54,0.9733333333333333,0.9629629629629629,0.9425381263616558,1.3349501255228575,0.07407407407407407,0.9775862068965516
26,20261029,dinov2_cosine_1nn,multiclass,exposure_4_A,all_probe,108,0.9866666666666667,0.9814814814814815,0.9702891057413064,0.6674750627614289,0.037037037037037035,0.9887931034482759
26,20261029,dinov2_cosine_1nn,multiclass,exposure_4_A,sentinel,54,0.9733333333333333,0.9629629629629629,0.9425381263616558,1.3349501255228575,0.07407407407407407,0.9775862068965516
26,20261029,dinov2_cosine_1nn,multiclass,sham_4_A,all_probe,108,0.9316666666666666,0.9537037037037037,0.9317306730673067,1.6686876569035718,0.09259259259259259,0.9526724137931034
26,20261029,dinov2_cosine_1nn,multiclass,sham_4_A,sentinel,54,0.9733333333333333,0.9629629629629629,0.9425381263616558,1.3349501255228575,0.07407407407407407,0.9775862068965516
26,20261029,dinov2_cosine_1nn,multiclass,exposure_4_B,all_probe,108,0.9666666666666667,0.9537037037037037,0.9666633329999667,1.6686876569035718,0.09259259259259259,0.9689655172413794
26,20261029,dinov2_cosine_1nn,multiclass,exposure_4_B,sentinel,54,0.96,0.9444444444444444,0.9288658543977694,2.0024251882842865,0.1111111111111111,0.9651724137931034
26,20261029,dinov2_cosine_1nn,multiclass,sham_4_B,all_probe,108,0.9666666666666667,0.9537037037037037,0.9666633329999667,1.6686876569035718,0.09259259259259259,0.9689655172413794
26,20261029,dinov2_cosine_1nn,multiclass,sham_4_B,sentinel,54,0.96,0.9444444444444444,0.9288658543977694,2.0024251882842865,0.1111111111111111,0.9651724137931034
27,20261030,dinov2_logit,multiclass,zero,all_probe,108,0.9933333333333333,0.9907407407407407,0.9770251534957417,0.08144036392777568,0.030257880261827734,1.0
27,20261030,dinov2_logit,multiclass,zero,sentinel,54,0.9033333333333333,0.9629629629629629,0.9033333333333333,0.07684477303062227,0.032856607761711835,0.9978735632183908
27,20261030,dinov2_logit,multiclass,exposure_0_A,all_probe,108,0.9866666666666667,0.9814814814814815,0.9702891057413064,0.08043135526747526,0.029753234814581045,1.0
27,20261030,dinov2_logit,multiclass,exposure_0_A,sentinel,54,0.9866666666666667,0.9814814814814815,0.9561602418745275,0.0722055811969742,0.027248355481715846,0.9995402298850574
27,20261030,dinov2_logit,multiclass,sham_0_A,all_probe,108,0.9933333333333333,0.9907407407407407,0.9770251534957417,0.07998993705394303,0.029473759469352757,1.0
27,20261030,dinov2_logit,multiclass,sham_0_A,sentinel,54,0.9033333333333333,0.9629629629629629,0.9033333333333333,0.07919188239011635,0.0349741869406605,0.9978735632183908
27,20261030,dinov2_logit,multiclass,exposure_0_B,all_probe,108,1.0,1.0,1.0,0.07223301497231473,0.023674372151784962,1.0
27,20261030,dinov2_logit,multiclass,exposure_0_B,sentinel,54,0.9866666666666667,0.9814814814814815,0.9561602418745275,0.07412547720657814,0.028010280190536623,0.9978735632183908
27,20261030,dinov2_logit,multiclass,sham_0_B,all_probe,108,1.0,1.0,1.0,0.08407679824485373,0.030883475731518704,1.0
27,20261030,dinov2_logit,multiclass,sham_0_B,sentinel,54,1.0,1.0,1.0,0.06740984120958007,0.022845524106629902,1.0
27,20261030,dinov2_logit,multiclass,exposure_1_A,all_probe,108,1.0,1.0,1.0,0.07306418688844622,0.024082316401094175,1.0
27,20261030,dinov2_logit,multiclass,exposure_1_A,sentinel,54,0.9866666666666667,0.9814814814814815,0.9561602418745275,0.06867739228732422,0.024086495334642563,1.0
27,20261030,dinov2_logit,multiclass,sham_1_A,all_probe,108,0.9933333333333333,0.9907407407407407,0.9933326665999934,0.08649551400616694,0.03292643751871275,0.9998850574712644
27,20261030,dinov2_logit,multiclass,sham_1_A,sentinel,54,0.9866666666666667,0.9814814814814815,0.9561602418745275,0.06982956168462306,0.024205487346678312,1.0
27,20261030,dinov2_logit,multiclass,exposure_1_B,all_probe,108,0.9933333333333333,0.9907407407407407,0.9770251534957417,0.07666564029881633,0.026845204890231546,1.0
27,20261030,dinov2_logit,multiclass,exposure_1_B,sentinel,54,0.9033333333333333,0.9629629629629629,0.9033333333333333,0.0781990436189261,0.031726704330808604,0.9978735632183908
27,20261030,dinov2_logit,multiclass,sham_1_B,all_probe,108,0.9866666666666667,0.9814814814814815,0.9702891057413064,0.08137243117179331,0.031621773649892215,1.0
27,20261030,dinov2_logit,multiclass,sham_1_B,sentinel,54,0.9033333333333333,0.9629629629629629,0.9033333333333333,0.07732608228888746,0.032969137971466146,0.9978735632183908
27,20261030,dinov2_logit,multiclass,exposure_2_A,all_probe,108,0.9933333333333333,0.9907407407407407,0.9770251534957417,0.08005319293270467,0.029078697442736695,1.0
27,20261030,dinov2_logit,multiclass,exposure_2_A,sentinel,54,0.9033333333333333,0.9629629629629629,0.9033333333333333,0.07773877356292695,0.029472898974048017,0.9978735632183908
27,20261030,dinov2_logit,multiclass,sham_2_A,all_probe,108,0.9866666666666667,0.9814814814814815,0.9702891057413064,0.08866235892980916,0.033849924442762316,1.0
27,20261030,dinov2_logit,multiclass,sham_2_A,sentinel,54,1.0,1.0,1.0,0.0747307555487217,0.027107209963411046,1.0
27,20261030,dinov2_logit,multiclass,exposure_2_B,all_probe,108,1.0,1.0,1.0,0.0699697632490993,0.022572606321287873,1.0
27,20261030,dinov2_logit,multiclass,exposure_2_B,sentinel,54,0.9866666666666667,0.9814814814814815,0.9561602418745275,0.06928783804195884,0.026576476944877542,0.9995402298850574
27,20261030,dinov2_logit,multiclass,sham_2_B,all_probe,108,0.9933333333333333,0.9907407407407407,0.9770251534957417,0.07693097357521497,0.027738958435326262,1.0
27,20261030,dinov2_logit,multiclass,sham_2_B,sentinel,54,0.9866666666666667,0.9814814814814815,0.9561602418745275,0.07097196477978159,0.02963545155098984,0.9978735632183908
27,20261030,dinov2_logit,multiclass,exposure_3_A,all_probe,108,0.9933333333333333,0.9907407407407407,0.9770251534957417,0.07780792593379778,0.028492355373715025,0.9998850574712644
27,20261030,dinov2_logit,multiclass,exposure_3_A,sentinel,54,0.9033333333333333,0.9629629629629629,0.9033333333333333,0.08564504208695362,0.03852306045095749,0.9978735632183908
27,20261030,dinov2_logit,multiclass,sham_3_A,all_probe,108,0.9866666666666667,0.9814814814814815,0.9702891057413064,0.08302177640182225,0.031692954855632796,1.0
27,20261030,dinov2_logit,multiclass,sham_3_A,sentinel,54,0.9166666666666666,0.9814814814814815,0.9458450046685342,0.07807539047117679,0.03366025848284711,0.9978735632183908
27,20261030,dinov2_logit,multiclass,exposure_3_B,all_probe,108,1.0,1.0,1.0,0.07586171394773136,0.025651817387525727,1.0
27,20261030,dinov2_logit,multiclass,exposure_3_B,sentinel,54,0.9866666666666667,0.9814814814814815,0.9561602418745275,0.0659295465320748,0.021286327447290948,1.0
27,20261030,dinov2_logit,multiclass,sham_3_B,all_probe,108,0.9933333333333333,0.9907407407407407,0.9770251534957417,0.08221164839884565,0.029994806059538533,1.0
27,20261030,dinov2_logit,multiclass,sham_3_B,sentinel,54,0.9866666666666667,0.9814814814814815,0.9561602418745275,0.06937605511511322,0.024568325446073923,1.0
27,20261030,dinov2_logit,multiclass,exposure_4_A,all_probe,108,1.0,1.0,1.0,0.07728568145576935,0.026336228100635347,1.0
27,20261030,dinov2_logit,multiclass,exposure_4_A,sentinel,54,0.9866666666666667,0.9814814814814815,0.9561602418745275,0.06879028876019636,0.023098047871961628,1.0
27,20261030,dinov2_logit,multiclass,sham_4_A,all_probe,108,0.9933333333333333,0.9907407407407407,0.9770251534957417,0.0823538898429905,0.03111544037019876,0.9998850574712644
27,20261030,dinov2_logit,multiclass,sham_4_A,sentinel,54,1.0,1.0,1.0,0.06885952904719712,0.024193587593310997,1.0
27,20261030,dinov2_logit,multiclass,exposure_4_B,all_probe,108,0.9866666666666667,0.9814814814814815,0.9702891057413064,0.07413191052309351,0.026294157492022217,1.0
27,20261030,dinov2_logit,multiclass,exposure_4_B,sentinel,54,0.9033333333333333,0.9629629629629629,0.9033333333333333,0.08058333563818708,0.03486455333492446,0.9978735632183908
27,20261030,dinov2_logit,multiclass,sham_4_B,all_probe,108,0.9933333333333333,0.9907407407407407,0.9933326665999934,0.08483637373160376,0.03205821327521511,1.0
27,20261030,dinov2_logit,multiclass,sham_4_B,sentinel,54,0.9033333333333333,0.9629629629629629,0.9033333333333333,0.07720624338402061,0.03231504801243129,0.9978735632183908
27,20261030,dinov2_cosine_1nn,multiclass,zero,all_probe,108,0.96,0.9444444444444444,0.9598554797270173,2.0024251882842865,0.1111111111111111,0.9627586206896552
27,20261030,dinov2_cosine_1nn,multiclass,zero,sentinel,54,0.9166666666666666,0.9814814814814815,0.9458450046685342,0.667475062761429,0.037037037037037035,0.9525862068965517
27,20261030,dinov2_cosine_1nn,multiclass,exposure_0_A,all_probe,108,0.9733333333333333,0.9629629629629629,0.9567945301097786,1.3349501255228575,0.07407407407407407,0.9763793103448276
27,20261030,dinov2_cosine_1nn,multiclass,exposure_0_A,sentinel,54,0.8333333333333334,0.9629629629629629,0.8760683760683761,1.3349501255228577,0.07407407407407407,0.9051724137931035
27,20261030,dinov2_cosine_1nn,multiclass,sham_0_A,all_probe,108,0.9666666666666667,0.9537037037037037,0.9666366396423447,1.668687656903572,0.09259259259259259,0.9689655172413794
27,20261030,dinov2_cosine_1nn,multiclass,sham_0_A,sentinel,54,0.8066666666666666,0.9259259259259259,0.8499145299145298,2.669900251045715,0.14814814814814814,0.880344827586207
27,20261030,dinov2_cosine_1nn,multiclass,exposure_0_B,all_probe,108,0.9666666666666667,0.9537037037037037,0.9666366396423447,1.6686876569035718,0.09259259259259259,0.9689655172413794
27,20261030,dinov2_cosine_1nn,multiclass,exposure_0_B,sentinel,54,1.0,1.0,1.0,2.2204460492503136e-16,0.0,1.0
27,20261030,dinov2_cosine_1nn,multiclass,sham_0_B,all_probe,108,0.96,0.9444444444444444,0.9598554797270173,2.0024251882842865,0.1111111111111111,0.9627586206896552
27,20261030,dinov2_cosine_1nn,multiclass,sham_0_B,sentinel,54,0.9166666666666666,0.9814814814814815,0.9458450046685342,0.667475062761429,0.037037037037037035,0.9525862068965517
27,20261030,dinov2_cosine_1nn,multiclass,exposure_1_A,all_probe,108,0.96,0.9444444444444444,0.9599358974358975,2.0024251882842865,0.1111111111111111,0.9627586206896551
27,20261030,dinov2_cosine_1nn,multiclass,exposure_1_A,sentinel,54,0.89,0.9444444444444444,0.8902561024409764,2.0024251882842865,0.1111111111111111,0.9301724137931034
27,20261030,dinov2_cosine_1nn,multiclass,sham_1_A,all_probe,108,0.96,0.9444444444444444,0.9598554797270173,2.0024251882842865,0.1111111111111111,0.9627586206896552
27,20261030,dinov2_cosine_1nn,multiclass,sham_1_A,sentinel,54,0.9033333333333333,0.9629629629629629,0.9327577184720042,1.3349501255228575,0.07407407407407407,0.9401724137931033
27,20261030,dinov2_cosine_1nn,multiclass,exposure_1_B,all_probe,108,0.9666666666666667,0.9537037037037037,0.9500277843931094,1.668687656903572,0.09259259259259259,0.9701724137931033
27,20261030,dinov2_cosine_1nn,multiclass,exposure_1_B,sentinel,54,0.9166666666666666,0.9814814814814815,0.9458450046685342,0.667475062761429,0.037037037037037035,0.9525862068965517
27,20261030,dinov2_cosine_1nn,multiclass,sham_1_B,all_probe,108,0.9733333333333333,0.9629629629629629,0.9732905982905984,1.3349501255228575,0.07407407407407407,0.9751724137931035
27,20261030,dinov2_cosine_1nn,multiclass,sham_1_B,sentinel,54,0.9033333333333333,0.9629629629629629,0.9325116713352006,1.3349501255228575,0.07407407407407407,0.9401724137931035
27,20261030,dinov2_cosine_1nn,multiclass,exposure_2_A,all_probe,108,0.98,0.9722222222222222,0.9799819837854069,1.0012125941421433,0.05555555555555555,0.9813793103448276
27,20261030,dinov2_cosine_1nn,multiclass,exposure_2_A,sentinel,54,0.82,0.9444444444444444,0.8632182432721516,2.0024251882842865,0.1111111111111111,0.8927586206896553
27,20261030,dinov2_cosine_1nn,multiclass,sham_2_A,all_probe,108,0.9666666666666667,0.9537037037037037,0.9666366396423447,1.668687656903572,0.09259259259259259,0.9689655172413794
27,20261030,dinov2_cosine_1nn,multiclass,sham_2_A,sentinel,54,0.9033333333333333,0.9629629629629629,0.9327577184720042,1.3349501255228575,0.07407407407407407,0.9401724137931033
27,20261030,dinov2_cosine_1nn,multiclass,exposure_2_B,all_probe,108,0.9666666666666667,0.9537037037037037,0.9501381308537159,1.6686876569035718,0.09259259259259259,0.9701724137931035
27,20261030,dinov2_cosine_1nn,multiclass,exposure_2_B,sentinel,54,0.9733333333333333,0.9629629629629629,0.9425381263616558,1.3349501255228575,0.07407407407407407,0.9775862068965516
27,20261030,dinov2_cosine_1nn,multiclass,sham_2_B,all_probe,108,0.9733333333333333,0.9629629629629629,0.9732905982905984,1.3349501255228575,0.07407407407407407,0.9751724137931035
27,20261030,dinov2_cosine_1nn,multiclass,sham_2_B,sentinel,54,0.9033333333333333,0.9629629629629629,0.9325116713352006,1.3349501255228575,0.07407407407407407,0.9401724137931035
27,20261030,dinov2_cosine_1nn,multiclass,exposure_3_A,all_probe,108,0.9666666666666667,0.9537037037037037,0.9666366396423447,1.6686876569035718,0.09259259259259259,0.9689655172413794
27,20261030,dinov2_cosine_1nn,multiclass,exposure_3_A,sentinel,54,0.8066666666666666,0.9259259259259259,0.8499145299145298,2.669900251045715,0.14814814814814814,0.880344827586207
27,20261030,dinov2_cosine_1nn,multiclass,sham_3_A,all_probe,108,0.9733333333333333,0.9629629629629629,0.9732905982905984,1.3349501255228575,0.07407407407407407,0.9751724137931035
27,20261030,dinov2_cosine_1nn,multiclass,sham_3_A,sentinel,54,0.89,0.9444444444444444,0.9194397759103641,2.0024251882842865,0.1111111111111111,0.9277586206896552
27,20261030,dinov2_cosine_1nn,multiclass,exposure_3_B,all_probe,108,0.9733333333333333,0.9629629629629629,0.9732905982905984,1.3349501255228575,0.07407407407407407,0.9751724137931035
27,20261030,dinov2_cosine_1nn,multiclass,exposure_3_B,sentinel,54,0.9866666666666667,0.9814814814814815,0.9561602418745275,0.667475062761429,0.037037037037037035,0.9899999999999999
27,20261030,dinov2_cosine_1nn,multiclass,sham_3_B,all_probe,108,0.9533333333333333,0.9351851851851852,0.9531035406826786,2.3361627196650008,0.12962962962962962,0.9565517241379311
27,20261030,dinov2_cosine_1nn,multiclass,sham_3_B,sentinel,54,0.9166666666666666,0.9814814814814815,0.9458450046685342,0.667475062761429,0.037037037037037035,0.9525862068965517
27,20261030,dinov2_cosine_1nn,multiclass,exposure_4_A,all_probe,108,0.98,0.9722222222222222,0.9799819837854069,1.0012125941421433,0.05555555555555555,0.9813793103448276
27,20261030,dinov2_cosine_1nn,multiclass,exposure_4_A,sentinel,54,0.9166666666666666,0.9814814814814815,0.9458450046685342,0.667475062761429,0.037037037037037035,0.9525862068965517
27,20261030,dinov2_cosine_1nn,multiclass,sham_4_A,all_probe,108,0.9666666666666667,0.9537037037037037,0.9665831244778613,1.668687656903572,0.09259259259259259,0.9689655172413794
27,20261030,dinov2_cosine_1nn,multiclass,sham_4_A,sentinel,54,0.9166666666666666,0.9814814814814815,0.9458450046685342,0.667475062761429,0.037037037037037035,0.9525862068965517
27,20261030,dinov2_cosine_1nn,multiclass,exposure_4_B,all_probe,108,0.9733333333333333,0.9629629629629629,0.9733226623982927,1.3349501255228575,0.07407407407407407,0.9751724137931035
27,20261030,dinov2_cosine_1nn,multiclass,exposure_4_B,sentinel,54,0.89,0.9444444444444444,0.9194397759103641,2.0024251882842865,0.1111111111111111,0.9277586206896552
27,20261030,dinov2_cosine_1nn,multiclass,sham_4_B,all_probe,108,0.96,0.9444444444444444,0.9599839935974389,2.0024251882842865,0.1111111111111111,0.9627586206896552
27,20261030,dinov2_cosine_1nn,multiclass,sham_4_B,sentinel,54,0.89,0.9444444444444444,0.9194397759103641,2.0024251882842865,0.1111111111111111,0.9277586206896552
28,20261031,dinov2_logit,multiclass,zero,all_probe,108,0.9583333333333334,0.9907407407407407,0.9744774477447745,0.06553342640742371,0.018281722336972055,1.0
28,20261031,dinov2_logit,multiclass,zero,sentinel,54,1.0,1.0,1.0,0.06592812933700307,0.01896231346074631,1.0
28,20261031,dinov2_logit,multiclass,exposure_0_A,all_probe,108,0.9583333333333334,0.9907407407407407,0.9744774477447745,0.06510974390852965,0.0176558774468901,1.0
28,20261031,dinov2_logit,multiclass,exposure_0_A,sentinel,54,1.0,1.0,1.0,0.06352970757177007,0.018287537542981822,1.0
28,20261031,dinov2_logit,multiclass,sham_0_A,all_probe,108,0.9583333333333334,0.9907407407407407,0.9744774477447745,0.07082305525701144,0.021037545273685683,1.0
28,20261031,dinov2_logit,multiclass,sham_0_A,sentinel,54,1.0,1.0,1.0,0.06966525549683347,0.02269208183557589,1.0
28,20261031,dinov2_logit,multiclass,exposure_0_B,all_probe,108,1.0,1.0,1.0,0.06352436116775584,0.014838001827264049,1.0
28,20261031,dinov2_logit,multiclass,exposure_0_B,sentinel,54,1.0,1.0,1.0,0.07091919575122063,0.02073405278772094,1.0
28,20261031,dinov2_logit,multiclass,sham_0_B,all_probe,108,1.0,1.0,1.0,0.06361872620984511,0.01605097237349305,1.0
28,20261031,dinov2_logit,multiclass,sham_0_B,sentinel,54,1.0,1.0,1.0,0.06419666237494942,0.017681352963258123,1.0
28,20261031,dinov2_logit,multiclass,exposure_1_A,all_probe,108,0.9583333333333334,0.9907407407407407,0.9744774477447745,0.07102538728908218,0.020429367556129202,1.0
28,20261031,dinov2_logit,multiclass,exposure_1_A,sentinel,54,1.0,1.0,1.0,0.06723325298025647,0.018339911257981154,1.0
28,20261031,dinov2_logit,multiclass,sham_1_A,all_probe,108,0.9583333333333334,0.9907407407407407,0.9744774477447745,0.07407271979213849,0.021683244844133368,1.0
28,20261031,dinov2_logit,multiclass,sham_1_A,sentinel,54,1.0,1.0,1.0,0.06865057814538485,0.020245251779880694,1.0
28,20261031,dinov2_logit,multiclass,exposure_1_B,all_probe,108,1.0,1.0,1.0,0.059356771749029875,0.013078447009195408,1.0
28,20261031,dinov2_logit,multiclass,exposure_1_B,sentinel,54,1.0,1.0,1.0,0.06649078914374845,0.019594884546122855,1.0
28,20261031,dinov2_logit,multiclass,sham_1_B,all_probe,108,0.9583333333333334,0.9907407407407407,0.9744774477447745,0.062321525366681924,0.01674303781181316,1.0
28,20261031,dinov2_logit,multiclass,sham_1_B,sentinel,54,1.0,1.0,1.0,0.06336537619047326,0.018589325633738787,1.0
28,20261031,dinov2_logit,multiclass,exposure_2_A,all_probe,108,0.9583333333333334,0.9907407407407407,0.9744774477447745,0.06793054901355154,0.019612340094452778,1.0
28,20261031,dinov2_logit,multiclass,exposure_2_A,sentinel,54,1.0,1.0,1.0,0.06907487409999624,0.02183970142095702,1.0
28,20261031,dinov2_logit,multiclass,sham_2_A,all_probe,108,1.0,1.0,1.0,0.0675667186983539,0.019130871486546294,1.0
28,20261031,dinov2_logit,multiclass,sham_2_A,sentinel,54,1.0,1.0,1.0,0.06591060590612507,0.021431343072528513,1.0
28,20261031,dinov2_logit,multiclass,exposure_2_B,all_probe,108,1.0,1.0,1.0,0.061558404405469426,0.013354624709330234,1.0
28,20261031,dinov2_logit,multiclass,exposure_2_B,sentinel,54,1.0,1.0,1.0,0.06399158626115334,0.016614293845415483,1.0
28,20261031,dinov2_logit,multiclass,sham_2_B,all_probe,108,0.9583333333333334,0.9907407407407407,0.9744774477447745,0.06923907034874757,0.020225540674543872,1.0
28,20261031,dinov2_logit,multiclass,sham_2_B,sentinel,54,1.0,1.0,1.0,0.06856780837993445,0.018386723323023504,1.0
28,20261031,dinov2_logit,multiclass,exposure_3_A,all_probe,108,0.9583333333333334,0.9907407407407407,0.9744774477447745,0.0702129400959145,0.021856150215868286,1.0
28,20261031,dinov2_logit,multiclass,exposure_3_A,sentinel,54,1.0,1.0,1.0,0.0658074107589963,0.018868398575506467,1.0
28,20261031,dinov2_logit,multiclass,sham_3_A,all_probe,108,1.0,1.0,1.0,0.0679004431760332,0.018252319790209918,1.0
28,20261031,dinov2_logit,multiclass,sham_3_A,sentinel,54,1.0,1.0,1.0,0.07112902333131094,0.023328994428207493,1.0
28,20261031,dinov2_logit,multiclass,exposure_3_B,all_probe,108,1.0,1.0,1.0,0.06224941969950589,0.013808474858237767,1.0
28,20261031,dinov2_logit,multiclass,exposure_3_B,sentinel,54,1.0,1.0,1.0,0.06667688415949052,0.018709712312200467,1.0
28,20261031,dinov2_logit,multiclass,sham_3_B,all_probe,108,0.9583333333333334,0.9907407407407407,0.9744774477447745,0.06776437115661459,0.020066180446215106,1.0
28,20261031,dinov2_logit,multiclass,sham_3_B,sentinel,54,1.0,1.0,1.0,0.06146957365761344,0.01660626848761738,1.0
28,20261031,dinov2_logit,multiclass,exposure_4_A,all_probe,108,1.0,1.0,1.0,0.06411063455248833,0.015083892778842343,1.0
28,20261031,dinov2_logit,multiclass,exposure_4_A,sentinel,54,1.0,1.0,1.0,0.06199843143994252,0.016474848454712723,1.0
28,20261031,dinov2_logit,multiclass,sham_4_A,all_probe,108,1.0,1.0,1.0,0.07371314268034308,0.021749932754906578,1.0
28,20261031,dinov2_logit,multiclass,sham_4_A,sentinel,54,1.0,1.0,1.0,0.06473395739030806,0.01958202368395407,1.0
28,20261031,dinov2_logit,multiclass,exposure_4_B,all_probe,108,1.0,1.0,1.0,0.0642808706159845,0.01693618336962038,1.0
28,20261031,dinov2_logit,multiclass,exposure_4_B,sentinel,54,1.0,1.0,1.0,0.07261767912971481,0.02264793822029269,1.0
28,20261031,dinov2_logit,multiclass,sham_4_B,all_probe,108,0.9583333333333334,0.9907407407407407,0.9744774477447745,0.061294803405672026,0.015841637456104233,1.0
28,20261031,dinov2_logit,multiclass,sham_4_B,sentinel,54,1.0,1.0,1.0,0.06855346858629575,0.020150320461234952,1.0
28,20261031,dinov2_cosine_1nn,multiclass,zero,all_probe,108,0.945,0.9722222222222222,0.94493199319932,1.0012125941421433,0.05555555555555555,0.9650862068965517
28,20261031,dinov2_cosine_1nn,multiclass,zero,sentinel,54,0.96,0.9444444444444444,0.9598554797270173,2.0024251882842865,0.1111111111111111,0.9627586206896552
28,20261031,dinov2_cosine_1nn,multiclass,exposure_0_A,all_probe,108,0.9033333333333333,0.9629629629629629,0.9325116713352006,1.3349501255228575,0.07407407407407407,0.9401724137931035
28,20261031,dinov2_cosine_1nn,multiclass,exposure_0_A,sentinel,54,0.96,0.9444444444444444,0.9599839935974389,2.0024251882842865,0.1111111111111111,0.9627586206896552
28,20261031,dinov2_cosine_1nn,multiclass,sham_0_A,all_probe,108,0.9383333333333334,0.9629629629629629,0.9381919434440443,1.3349501255228575,0.07407407407407407,0.9588793103448277
28,20261031,dinov2_cosine_1nn,multiclass,sham_0_A,sentinel,54,0.96,0.9444444444444444,0.9598554797270173,2.0024251882842865,0.1111111111111111,0.9627586206896552
28,20261031,dinov2_cosine_1nn,multiclass,exposure_0_B,all_probe,108,0.945,0.9722222222222222,0.94493199319932,1.0012125941421433,0.05555555555555555,0.9650862068965517
28,20261031,dinov2_cosine_1nn,multiclass,exposure_0_B,sentinel,54,0.96,0.9444444444444444,0.9598554797270173,2.0024251882842865,0.1111111111111111,0.9627586206896552
28,20261031,dinov2_cosine_1nn,multiclass,sham_0_B,all_probe,108,0.945,0.9722222222222222,0.9612101210121011,1.0012125941421433,0.05555555555555555,0.9638793103448275
28,20261031,dinov2_cosine_1nn,multiclass,sham_0_B,sentinel,54,0.9733333333333333,0.9629629629629629,0.9732905982905984,1.3349501255228575,0.07407407407407407,0.9751724137931035
28,20261031,dinov2_cosine_1nn,multiclass,exposure_1_A,all_probe,108,0.945,0.9722222222222222,0.94493199319932,1.0012125941421433,0.05555555555555555,0.9650862068965517
28,20261031,dinov2_cosine_1nn,multiclass,exposure_1_A,sentinel,54,0.9466666666666667,0.9259259259259259,0.9465811965811967,2.669900251045715,0.14814814814814814,0.9503448275862069
28,20261031,dinov2_cosine_1nn,multiclass,sham_1_A,all_probe,108,0.945,0.9722222222222222,0.94493199319932,1.0012125941421433,0.05555555555555555,0.9650862068965517
28,20261031,dinov2_cosine_1nn,multiclass,sham_1_A,sentinel,54,0.96,0.9444444444444444,0.9598554797270173,2.0024251882842865,0.1111111111111111,0.9627586206896552
28,20261031,dinov2_cosine_1nn,multiclass,exposure_1_B,all_probe,108,0.9516666666666667,0.9814814814814815,0.9678107810781077,0.6674750627614289,0.037037037037037035,0.9700862068965517
28,20261031,dinov2_cosine_1nn,multiclass,exposure_1_B,sentinel,54,0.96,0.9444444444444444,0.9598554797270173,2.0024251882842865,0.1111111111111111,0.9627586206896552
28,20261031,dinov2_cosine_1nn,multiclass,sham_1_B,all_probe,108,0.9383333333333334,0.9629629629629629,0.9545434543454346,1.3349501255228575,0.07407407407407407,0.9576724137931034
28,20261031,dinov2_cosine_1nn,multiclass,sham_1_B,sentinel,54,0.9733333333333333,0.9629629629629629,0.9732905982905984,1.3349501255228575,0.07407407407407407,0.9751724137931035
28,20261031,dinov2_cosine_1nn,multiclass,exposure_2_A,all_probe,108,0.91,0.9722222222222222,0.9391796322489392,1.0012125941421435,0.05555555555555555,0.9463793103448275
28,20261031,dinov2_cosine_1nn,multiclass,exposure_2_A,sentinel,54,0.96,0.9444444444444444,0.9598554797270173,2.0024251882842865,0.1111111111111111,0.9627586206896552
28,20261031,dinov2_cosine_1nn,multiclass,sham_2_A,all_probe,108,0.9316666666666666,0.9537037037037037,0.9174583922916245,1.6686876569035718,0.09259259259259259,0.9538793103448276
28,20261031,dinov2_cosine_1nn,multiclass,sham_2_A,sentinel,54,0.96,0.9444444444444444,0.9598554797270173,2.0024251882842865,0.1111111111111111,0.9627586206896552
28,20261031,dinov2_cosine_1nn,multiclass,exposure_2_B,all_probe,108,0.9383333333333334,0.9629629629629629,0.9242706983783613,1.3349501255228575,0.07407407407407407,0.9600862068965518
28,20261031,dinov2_cosine_1nn,multiclass,exposure_2_B,sentinel,54,0.9866666666666667,0.9814814814814815,0.9866613311991465,0.6674750627614289,0.037037037037037035,0.9875862068965517
28,20261031,dinov2_cosine_1nn,multiclass,sham_2_B,all_probe,108,0.945,0.9722222222222222,0.9612101210121011,1.0012125941421433,0.05555555555555555,0.9638793103448275
28,20261031,dinov2_cosine_1nn,multiclass,sham_2_B,sentinel,54,0.9733333333333333,0.9629629629629629,0.9732905982905984,1.3349501255228575,0.07407407407407407,0.9751724137931035
28,20261031,dinov2_cosine_1nn,multiclass,exposure_3_A,all_probe,108,0.91,0.9722222222222222,0.9391796322489392,1.0012125941421435,0.05555555555555555,0.9463793103448275
28,20261031,dinov2_cosine_1nn,multiclass,exposure_3_A,sentinel,54,0.96,0.9444444444444444,0.9598554797270173,2.0024251882842865,0.1111111111111111,0.9627586206896552
28,20261031,dinov2_cosine_1nn,multiclass,sham_3_A,all_probe,108,0.9383333333333334,0.9629629629629629,0.9381919434440443,1.3349501255228575,0.07407407407407407,0.9588793103448277
28,20261031,dinov2_cosine_1nn,multiclass,sham_3_A,sentinel,54,0.96,0.9444444444444444,0.9598554797270173,2.0024251882842865,0.1111111111111111,0.9627586206896552
28,20261031,dinov2_cosine_1nn,multiclass,exposure_3_B,all_probe,108,0.945,0.9722222222222222,0.94493199319932,1.0012125941421433,0.05555555555555555,0.9650862068965517
28,20261031,dinov2_cosine_1nn,multiclass,exposure_3_B,sentinel,54,0.96,0.9444444444444444,0.9599839935974389,2.0024251882842865,0.1111111111111111,0.9627586206896552
28,20261031,dinov2_cosine_1nn,multiclass,sham_3_B,all_probe,108,0.9383333333333334,0.9629629629629629,0.954604872251931,1.3349501255228575,0.07407407407407407,0.9576724137931034
28,20261031,dinov2_cosine_1nn,multiclass,sham_3_B,sentinel,54,0.9733333333333333,0.9629629629629629,0.9732905982905984,1.3349501255228575,0.07407407407407407,0.9751724137931035
28,20261031,dinov2_cosine_1nn,multiclass,exposure_4_A,all_probe,108,0.945,0.9722222222222222,0.94493199319932,1.0012125941421433,0.05555555555555555,0.9650862068965517
28,20261031,dinov2_cosine_1nn,multiclass,exposure_4_A,sentinel,54,0.96,0.9444444444444444,0.9598554797270173,2.0024251882842865,0.1111111111111111,0.9627586206896552
28,20261031,dinov2_cosine_1nn,multiclass,sham_4_A,all_probe,108,0.9249999999999999,0.9444444444444444,0.9108673172239192,2.002425188284286,0.1111111111111111,0.9476724137931035
28,20261031,dinov2_cosine_1nn,multiclass,sham_4_A,sentinel,54,0.96,0.9444444444444444,0.9598554797270173,2.0024251882842865,0.1111111111111111,0.9627586206896552
28,20261031,dinov2_cosine_1nn,multiclass,exposure_4_B,all_probe,108,0.9033333333333333,0.9629629629629629,0.9166996699669966,1.3349501255228575,0.07407407407407407,0.9413793103448276
28,20261031,dinov2_cosine_1nn,multiclass,exposure_4_B,sentinel,54,0.9733333333333333,0.9629629629629629,0.9732905982905984,1.3349501255228575,0.07407407407407407,0.9751724137931035
28,20261031,dinov2_cosine_1nn,multiclass,sham_4_B,all_probe,108,0.9383333333333334,0.9629629629629629,0.9545434543454346,1.3349501255228575,0.07407407407407407,0.9576724137931034
28,20261031,dinov2_cosine_1nn,multiclass,sham_4_B,sentinel,54,0.9733333333333333,0.9629629629629629,0.9732905982905984,1.3349501255228575,0.07407407407407407,0.9751724137931035
29,20261032,dinov2_logit,multiclass,zero,all_probe,108,0.9866666666666667,0.9814814814814815,0.9561602418745275,0.12164207939324168,0.05215155717253722,0.9996551724137932
29,20261032,dinov2_logit,multiclass,zero,sentinel,54,1.0,1.0,1.0,0.0694624866978015,0.018503241051238226,1.0
29,20261032,dinov2_logit,multiclass,exposure_0_A,all_probe,108,0.9866666666666667,0.9814814814814815,0.9561602418745275,0.11193899493735436,0.04574958139524786,0.9997701149425288
29,20261032,dinov2_logit,multiclass,exposure_0_A,sentinel,54,1.0,1.0,1.0,0.07425398367720382,0.021947871321461785,1.0
29,20261032,dinov2_logit,multiclass,sham_0_A,all_probe,108,0.98,0.9722222222222222,0.9493533545794443,0.12350571976329928,0.05496776620654723,0.9995402298850574
29,20261032,dinov2_logit,multiclass,sham_0_A,sentinel,54,1.0,1.0,1.0,0.06898197397765203,0.02072097459334796,1.0
29,20261032,dinov2_logit,multiclass,exposure_0_B,all_probe,108,0.9866666666666667,0.9814814814814815,0.9561602418745275,0.1038091601737834,0.03911759176076224,1.0
29,20261032,dinov2_logit,multiclass,exposure_0_B,sentinel,54,1.0,1.0,1.0,0.07131925239778532,0.02093705761344952,1.0
29,20261032,dinov2_logit,multiclass,sham_0_B,all_probe,108,0.98,0.9722222222222222,0.9370591427021161,0.12395557362415408,0.053817872666463824,0.9997701149425288
29,20261032,dinov2_logit,multiclass,sham_0_B,sentinel,54,1.0,1.0,1.0,0.07548362937457861,0.023005930516997085,1.0
29,20261032,dinov2_logit,multiclass,exposure_1_A,all_probe,108,0.9866666666666667,0.9814814814814815,0.9561602418745275,0.1083883048818544,0.042075015287925115,1.0
29,20261032,dinov2_logit,multiclass,exposure_1_A,sentinel,54,1.0,1.0,1.0,0.07859715962500459,0.026252778945246046,1.0
29,20261032,dinov2_logit,multiclass,sham_1_A,all_probe,108,0.98,0.9722222222222222,0.9493533545794443,0.12589462473366192,0.05619650494236174,0.9997701149425288
29,20261032,dinov2_logit,multiclass,sham_1_A,sentinel,54,1.0,1.0,1.0,0.07039546790591117,0.020461124295353048,1.0
29,20261032,dinov2_logit,multiclass,exposure_1_B,all_probe,108,0.9866666666666667,0.9814814814814815,0.9561602418745275,0.10958574959775058,0.04477706855837232,0.9997701149425288
29,20261032,dinov2_logit,multiclass,exposure_1_B,sentinel,54,1.0,1.0,1.0,0.06914769758250924,0.018570458517436078,1.0
29,20261032,dinov2_logit,multiclass,sham_1_B,all_probe,108,0.98,0.9722222222222222,0.9370591427021161,0.12306436460643705,0.05398149443252947,0.9993103448275861
29,20261032,dinov2_logit,multiclass,sham_1_B,sentinel,54,1.0,1.0,1.0,0.07133189615259085,0.01940941692357474,1.0
29,20261032,dinov2_logit,multiclass,exposure_2_A,all_probe,108,0.9866666666666667,0.9814814814814815,0.9561602418745275,0.10379291840345098,0.04006203789457903,1.0
29,20261032,dinov2_logit,multiclass,exposure_2_A,sentinel,54,1.0,1.0,1.0,0.07152157493543829,0.019722747365087317,1.0
29,20261032,dinov2_logit,multiclass,sham_2_A,all_probe,108,0.9733333333333333,0.9629629629629629,0.9301792021307395,0.1232002059831168,0.05478077919503273,0.9997701149425288
29,20261032,dinov2_logit,multiclass,sham_2_A,sentinel,54,1.0,1.0,1.0,0.07149811093948263,0.01981682872153929,1.0
29,20261032,dinov2_logit,multiclass,exposure_2_B,all_probe,108,0.9866666666666667,0.9814814814814815,0.9561602418745275,0.1125330732836496,0.04553631734300292,1.0
29,20261032,dinov2_logit,multiclass,exposure_2_B,sentinel,54,1.0,1.0,1.0,0.07615933541651472,0.02513189287942656,1.0
29,20261032,dinov2_logit,multiclass,sham_2_B,all_probe,108,0.9866666666666667,0.9814814814814815,0.9561602418745275,0.12395132268361142,0.053958756592406065,0.9993103448275861
29,20261032,dinov2_logit,multiclass,sham_2_B,sentinel,54,1.0,1.0,1.0,0.07041187220620573,0.02157203661581975,1.0
29,20261032,dinov2_logit,multiclass,exposure_3_A,all_probe,108,0.9866666666666667,0.9814814814814815,0.9561602418745275,0.09766180665305134,0.03634306641627108,1.0
29,20261032,dinov2_logit,multiclass,exposure_3_A,sentinel,54,1.0,1.0,1.0,0.06962913407398508,0.020026077354948893,1.0
29,20261032,dinov2_logit,multiclass,sham_3_A,all_probe,108,0.98,0.9722222222222222,0.9370591427021161,0.11897930621199476,0.050784465325218256,0.9996551724137932
29,20261032,dinov2_logit,multiclass,sham_3_A,sentinel,54,1.0,1.0,1.0,0.07005545783412336,0.01898472980658465,1.0
29,20261032,dinov2_logit,multiclass,exposure_3_B,all_probe,108,0.9866666666666667,0.9814814814814815,0.9561602418745275,0.1210421960673104,0.05123845770515049,0.9997701149425288
29,20261032,dinov2_logit,multiclass,exposure_3_B,sentinel,54,1.0,1.0,1.0,0.08030506751715626,0.026330890901956127,1.0
29,20261032,dinov2_logit,multiclass,sham_3_B,all_probe,108,0.98,0.9722222222222222,0.9493533545794443,0.12665613620443936,0.0573902023963681,0.9997701149425288
29,20261032,dinov2_logit,multiclass,sham_3_B,sentinel,54,1.0,1.0,1.0,0.07118538613327215,0.021123626102344244,1.0
29,20261032,dinov2_logit,multiclass,exposure_4_A,all_probe,108,0.98,0.9722222222222222,0.9493533545794443,0.10762013410982726,0.04313090866719666,1.0
29,20261032,dinov2_logit,multiclass,exposure_4_A,sentinel,54,1.0,1.0,1.0,0.07256121329556758,0.021785905020736532,1.0
29,20261032,dinov2_logit,multiclass,sham_4_A,all_probe,108,0.98,0.9722222222222222,0.9493533545794443,0.12127460737649846,0.053296428017795085,0.9997701149425288
29,20261032,dinov2_logit,multiclass,sham_4_A,sentinel,54,1.0,1.0,1.0,0.06794892720115156,0.01777008061680673,1.0
29,20261032,dinov2_logit,multiclass,exposure_4_B,all_probe,108,0.9866666666666667,0.9814814814814815,0.9561602418745275,0.10986589992554031,0.04431377482516901,0.9997701149425288
29,20261032,dinov2_logit,multiclass,exposure_4_B,sentinel,54,1.0,1.0,1.0,0.07227857664548364,0.020699856309053657,1.0
29,20261032,dinov2_logit,multiclass,sham_4_B,all_probe,108,0.98,0.9722222222222222,0.9370591427021161,0.12494530775150442,0.05417415453173383,0.9995402298850574
29,20261032,dinov2_logit,multiclass,sham_4_B,sentinel,54,1.0,1.0,1.0,0.07097971848191727,0.02008412081730823,1.0
29,20261032,dinov2_cosine_1nn,multiclass,zero,all_probe,108,0.89,0.9444444444444444,0.9036244800950683,2.002425188284286,0.1111111111111111,0.9289655172413793
29,20261032,dinov2_cosine_1nn,multiclass,zero,sentinel,54,0.9333333333333332,0.9074074074074074,0.9330924662116954,3.3373753138071436,0.18518518518518517,0.9379310344827586
29,20261032,dinov2_cosine_1nn,multiclass,exposure_0_A,all_probe,108,0.9383333333333334,0.9629629629629629,0.9544635977368294,1.3349501255228575,0.07407407407407407,0.9576724137931034
29,20261032,dinov2_cosine_1nn,multiclass,exposure_0_A,sentinel,54,0.9199999999999999,0.8888888888888888,0.9194847020933977,4.004850376568572,0.2222222222222222,0.9255172413793104
29,20261032,dinov2_cosine_1nn,multiclass,sham_0_A,all_probe,108,0.9249999999999999,0.9444444444444444,0.9251200480192076,2.002425188284286,0.1111111111111111,0.9464655172413793
29,20261032,dinov2_cosine_1nn,multiclass,sham_0_A,sentinel,54,0.9333333333333332,0.9074074074074074,0.9330924662116954,3.3373753138071436,0.18518518518518517,0.9379310344827586
29,20261032,dinov2_cosine_1nn,multiclass,exposure_0_B,all_probe,108,0.945,0.9722222222222222,0.9612101210121011,1.0012125941421433,0.05555555555555555,0.9638793103448275
29,20261032,dinov2_cosine_1nn,multiclass,exposure_0_B,sentinel,54,0.9333333333333332,0.9074074074074074,0.9330924662116954,3.3373753138071436,0.18518518518518517,0.9379310344827586
29,20261032,dinov2_cosine_1nn,multiclass,sham_0_B,all_probe,108,0.9249999999999999,0.9444444444444444,0.9249999999999999,2.0024251882842865,0.1111111111111111,0.9464655172413794
29,20261032,dinov2_cosine_1nn,multiclass,sham_0_B,sentinel,54,0.9466666666666667,0.9259259259259259,0.9465811965811967,2.669900251045715,0.14814814814814814,0.9503448275862069
29,20261032,dinov2_cosine_1nn,multiclass,exposure_1_A,all_probe,108,0.9383333333333334,0.9629629629629629,0.9545434543454346,1.3349501255228575,0.07407407407407407,0.9576724137931034
29,20261032,dinov2_cosine_1nn,multiclass,exposure_1_A,sentinel,54,0.9199999999999999,0.8888888888888888,0.9194847020933977,4.004850376568572,0.2222222222222222,0.9255172413793104
29,20261032,dinov2_cosine_1nn,multiclass,sham_1_A,all_probe,108,0.9183333333333333,0.9351851851851852,0.9182626595992932,2.3361627196650008,0.12962962962962962,0.9402586206896552
29,20261032,dinov2_cosine_1nn,multiclass,sham_1_A,sentinel,54,0.9333333333333332,0.9074074074074074,0.9330924662116954,3.3373753138071436,0.18518518518518517,0.9379310344827586
29,20261032,dinov2_cosine_1nn,multiclass,exposure_1_B,all_probe,108,0.91,0.9722222222222222,0.9391796322489392,1.0012125941421433,0.05555555555555555,0.9463793103448275
29,20261032,dinov2_cosine_1nn,multiclass,exposure_1_B,sentinel,54,0.85,0.8888888888888888,0.8792677448337826,4.004850376568572,0.2222222222222222,0.8905172413793103
29,20261032,dinov2_cosine_1nn,multiclass,sham_1_B,all_probe,108,0.9183333333333333,0.9351851851851852,0.9043414537532185,2.3361627196650008,0.12962962962962962,0.9414655172413794
29,20261032,dinov2_cosine_1nn,multiclass,sham_1_B,sentinel,54,0.9333333333333332,0.9074074074074074,0.9330924662116954,3.3373753138071436,0.18518518518518517,0.9379310344827586
29,20261032,dinov2_cosine_1nn,multiclass,exposure_2_A,all_probe,108,0.9583333333333334,0.9907407407407407,0.9744774477447745,0.3337375313807146,0.018518518518518517,0.9762931034482758
29,20261032,dinov2_cosine_1nn,multiclass,exposure_2_A,sentinel,54,0.9333333333333332,0.9074074074074074,0.9330924662116954,3.3373753138071436,0.18518518518518517,0.9379310344827586
29,20261032,dinov2_cosine_1nn,multiclass,sham_2_A,all_probe,108,0.9183333333333333,0.9351851851851852,0.9182626595992932,2.3361627196650008,0.12962962962962962,0.9402586206896552
29,20261032,dinov2_cosine_1nn,multiclass,sham_2_A,sentinel,54,0.9333333333333332,0.9074074074074074,0.9330924662116954,3.3373753138071436,0.18518518518518517,0.9379310344827586
29,20261032,dinov2_cosine_1nn,multiclass,exposure_2_B,all_probe,108,0.89,0.9444444444444444,0.9193090569561159,2.002425188284286,0.1111111111111111,0.9277586206896552
29,20261032,dinov2_cosine_1nn,multiclass,exposure_2_B,sentinel,54,0.8366666666666666,0.8703703703703703,0.8656985252729933,4.672325439330001,0.25925925925925924,0.8781034482758621
29,20261032,dinov2_cosine_1nn,multiclass,sham_2_B,all_probe,108,0.9116666666666666,0.9259259259259259,0.8976894155720542,2.669900251045715,0.14814814814814814,0.935258620689655
29,20261032,dinov2_cosine_1nn,multiclass,sham_2_B,sentinel,54,0.9333333333333332,0.9074074074074074,0.9330924662116954,3.3373753138071436,0.18518518518518517,0.9379310344827586
29,20261032,dinov2_cosine_1nn,multiclass,exposure_3_A,all_probe,108,0.9166666666666666,0.9814814814814815,0.9458450046685342,0.667475062761429,0.037037037037037035,0.9525862068965517
29,20261032,dinov2_cosine_1nn,multiclass,exposure_3_A,sentinel,54,0.8366666666666666,0.8703703703703703,0.8656985252729933,4.672325439330001,0.25925925925925924,0.8781034482758621
29,20261032,dinov2_cosine_1nn,multiclass,sham_3_A,all_probe,108,0.9183333333333333,0.9351851851851852,0.9043414537532185,2.3361627196650008,0.12962962962962962,0.9414655172413794
29,20261032,dinov2_cosine_1nn,multiclass,sham_3_A,sentinel,54,0.9333333333333332,0.9074074074074074,0.9330924662116954,3.3373753138071436,0.18518518518518517,0.9379310344827586
29,20261032,dinov2_cosine_1nn,multiclass,exposure_3_B,all_probe,108,0.89,0.9444444444444444,0.9193090569561159,2.0024251882842865,0.1111111111111111,0.9277586206896552
29,20261032,dinov2_cosine_1nn,multiclass,exposure_3_B,sentinel,54,0.9333333333333332,0.9074074074074074,0.9330924662116954,3.3373753138071436,0.18518518518518517,0.9379310344827586
29,20261032,dinov2_cosine_1nn,multiclass,sham_3_B,all_probe,108,0.9183333333333333,0.9351851851851852,0.9182626595992932,2.3361627196650008,0.12962962962962962,0.9402586206896552
29,20261032,dinov2_cosine_1nn,multiclass,sham_3_B,sentinel,54,0.9333333333333332,0.9074074074074074,0.9330924662116954,3.3373753138071436,0.18518518518518517,0.9379310344827586
29,20261032,dinov2_cosine_1nn,multiclass,exposure_4_A,all_probe,108,0.9383333333333334,0.9629629629629629,0.9545434543454346,1.3349501255228575,0.07407407407407407,0.9576724137931034
29,20261032,dinov2_cosine_1nn,multiclass,exposure_4_A,sentinel,54,0.9333333333333332,0.9074074074074074,0.9330924662116954,3.3373753138071436,0.18518518518518517,0.9379310344827586
29,20261032,dinov2_cosine_1nn,multiclass,sham_4_A,all_probe,108,0.96,0.9444444444444444,0.9435571400277283,2.0024251882842865,0.1111111111111111,0.9639655172413794
29,20261032,dinov2_cosine_1nn,multiclass,sham_4_A,sentinel,54,0.9333333333333332,0.9074074074074074,0.9330924662116954,3.3373753138071436,0.18518518518518517,0.9379310344827586
29,20261032,dinov2_cosine_1nn,multiclass,exposure_4_B,all_probe,108,0.945,0.9722222222222222,0.9611408199643493,1.0012125941421433,0.05555555555555555,0.9638793103448275
29,20261032,dinov2_cosine_1nn,multiclass,exposure_4_B,sentinel,54,0.9199999999999999,0.8888888888888888,0.9194847020933977,4.004850376568572,0.2222222222222222,0.9255172413793104
29,20261032,dinov2_cosine_1nn,multiclass,sham_4_B,all_probe,108,0.9249999999999999,0.9444444444444444,0.9249966663332999,2.002425188284286,0.1111111111111111,0.9464655172413794
29,20261032,dinov2_cosine_1nn,multiclass,sham_4_B,sentinel,54,0.9333333333333332,0.9074074074074074,0.9330924662116954,3.3373753138071436,0.18518518518518517,0.9379310344827586
