repetition,seed,model,endpoint,condition,n_train,n_iter,warnings
0,20261003,resnet_logit,multiclass,zero,480,52,0
0,20261003,resnet_logit,multiclass,exposure_0_A,480,43,0
0,20261003,resnet_logit,multiclass,sham_0_A,480,47,0
0,20261003,resnet_logit,multiclass,exposure_0_B,480,42,0
0,20261003,resnet_logit,multiclass,sham_0_B,480,41,0
0,20261003,resnet_logit,multiclass,exposure_1_A,480,50,0
0,20261003,resnet_logit,multiclass,sham_1_A,480,43,0
0,20261003,resnet_logit,multiclass,exposure_1_B,480,50,0
0,20261003,resnet_logit,multiclass,sham_1_B,480,42,0
0,20261003,resnet_logit,multiclass,exposure_2_A,480,50,0
0,20261003,resnet_logit,multiclass,sham_2_A,480,46,0
0,20261003,resnet_logit,multiclass,exposure_2_B,480,47,0
0,20261003,resnet_logit,multiclass,sham_2_B,480,52,0
0,20261003,resnet_logit,multiclass,exposure_3_A,480,52,0
0,20261003,resnet_logit,multiclass,sham_3_A,480,52,0
0,20261003,resnet_logit,multiclass,exposure_3_B,480,54,0
0,20261003,resnet_logit,multiclass,sham_3_B,480,50,0
0,20261003,resnet_logit,multiclass,exposure_4_A,480,43,0
0,20261003,resnet_logit,multiclass,sham_4_A,480,51,0
0,20261003,resnet_logit,multiclass,exposure_4_B,480,50,0
0,20261003,resnet_logit,multiclass,sham_4_B,480,46,0
0,20261003,resnet_logit,binary_healthy_other,zero,480,20,0
0,20261003,resnet_logit,binary_healthy_other,exposure_0_A,480,21,0
0,20261003,resnet_logit,binary_healthy_other,sham_0_A,480,22,0
0,20261003,resnet_logit,binary_healthy_other,exposure_0_B,480,21,0
0,20261003,resnet_logit,binary_healthy_other,sham_0_B,480,22,0
0,20261003,resnet_logit,binary_healthy_other,exposure_1_A,480,21,0
0,20261003,resnet_logit,binary_healthy_other,sham_1_A,480,21,0
0,20261003,resnet_logit,binary_healthy_other,exposure_1_B,480,21,0
0,20261003,resnet_logit,binary_healthy_other,sham_1_B,480,21,0
0,20261003,resnet_logit,binary_healthy_other,exposure_2_A,480,21,0
0,20261003,resnet_logit,binary_healthy_other,sham_2_A,480,21,0
0,20261003,resnet_logit,binary_healthy_other,exposure_2_B,480,20,0
0,20261003,resnet_logit,binary_healthy_other,sham_2_B,480,21,0
0,20261003,resnet_logit,binary_healthy_other,exposure_3_A,480,21,0
0,20261003,resnet_logit,binary_healthy_other,sham_3_A,480,22,0
0,20261003,resnet_logit,binary_healthy_other,exposure_3_B,480,21,0
0,20261003,resnet_logit,binary_healthy_other,sham_3_B,480,20,0
0,20261003,resnet_logit,binary_healthy_other,exposure_4_A,480,20,0
0,20261003,resnet_logit,binary_healthy_other,sham_4_A,480,20,0
0,20261003,resnet_logit,binary_healthy_other,exposure_4_B,480,20,0
0,20261003,resnet_logit,binary_healthy_other,sham_4_B,480,21,0
0,20261003,colour_logit,multiclass,zero,480,33,0
0,20261003,colour_logit,multiclass,exposure_0_A,480,35,0
0,20261003,colour_logit,multiclass,sham_0_A,480,36,0
0,20261003,colour_logit,multiclass,exposure_0_B,480,36,0
0,20261003,colour_logit,multiclass,sham_0_B,480,37,0
0,20261003,colour_logit,multiclass,exposure_1_A,480,37,0
0,20261003,colour_logit,multiclass,sham_1_A,480,34,0
0,20261003,colour_logit,multiclass,exposure_1_B,480,32,0
0,20261003,colour_logit,multiclass,sham_1_B,480,32,0
0,20261003,colour_logit,multiclass,exposure_2_A,480,34,0
0,20261003,colour_logit,multiclass,sham_2_A,480,34,0
0,20261003,colour_logit,multiclass,exposure_2_B,480,39,0
0,20261003,colour_logit,multiclass,sham_2_B,480,32,0
0,20261003,colour_logit,multiclass,exposure_3_A,480,34,0
0,20261003,colour_logit,multiclass,sham_3_A,480,37,0
0,20261003,colour_logit,multiclass,exposure_3_B,480,34,0
0,20261003,colour_logit,multiclass,sham_3_B,480,32,0
0,20261003,colour_logit,multiclass,exposure_4_A,480,35,0
0,20261003,colour_logit,multiclass,sham_4_A,480,34,0
0,20261003,colour_logit,multiclass,exposure_4_B,480,38,0
0,20261003,colour_logit,multiclass,sham_4_B,480,33,0
0,20261003,colour_logit,binary_healthy_other,zero,480,17,0
0,20261003,colour_logit,binary_healthy_other,exposure_0_A,480,17,0
0,20261003,colour_logit,binary_healthy_other,sham_0_A,480,18,0
0,20261003,colour_logit,binary_healthy_other,exposure_0_B,480,16,0
0,20261003,colour_logit,binary_healthy_other,sham_0_B,480,18,0
0,20261003,colour_logit,binary_healthy_other,exposure_1_A,480,18,0
0,20261003,colour_logit,binary_healthy_other,sham_1_A,480,17,0
0,20261003,colour_logit,binary_healthy_other,exposure_1_B,480,16,0
0,20261003,colour_logit,binary_healthy_other,sham_1_B,480,16,0
0,20261003,colour_logit,binary_healthy_other,exposure_2_A,480,17,0
0,20261003,colour_logit,binary_healthy_other,sham_2_A,480,17,0
0,20261003,colour_logit,binary_healthy_other,exposure_2_B,480,18,0
0,20261003,colour_logit,binary_healthy_other,sham_2_B,480,18,0
0,20261003,colour_logit,binary_healthy_other,exposure_3_A,480,18,0
0,20261003,colour_logit,binary_healthy_other,sham_3_A,480,16,0
0,20261003,colour_logit,binary_healthy_other,exposure_3_B,480,20,0
0,20261003,colour_logit,binary_healthy_other,sham_3_B,480,18,0
0,20261003,colour_logit,binary_healthy_other,exposure_4_A,480,18,0
0,20261003,colour_logit,binary_healthy_other,sham_4_A,480,16,0
0,20261003,colour_logit,binary_healthy_other,exposure_4_B,480,17,0
0,20261003,colour_logit,binary_healthy_other,sham_4_B,480,17,0
0,20261003,resnet_cosine_1nn,multiclass,zero,480,0,0
0,20261003,resnet_cosine_1nn,multiclass,exposure_0_A,480,0,0
0,20261003,resnet_cosine_1nn,multiclass,sham_0_A,480,0,0
0,20261003,resnet_cosine_1nn,multiclass,exposure_0_B,480,0,0
0,20261003,resnet_cosine_1nn,multiclass,sham_0_B,480,0,0
0,20261003,resnet_cosine_1nn,multiclass,exposure_1_A,480,0,0
0,20261003,resnet_cosine_1nn,multiclass,sham_1_A,480,0,0
0,20261003,resnet_cosine_1nn,multiclass,exposure_1_B,480,0,0
0,20261003,resnet_cosine_1nn,multiclass,sham_1_B,480,0,0
0,20261003,resnet_cosine_1nn,multiclass,exposure_2_A,480,0,0
0,20261003,resnet_cosine_1nn,multiclass,sham_2_A,480,0,0
0,20261003,resnet_cosine_1nn,multiclass,exposure_2_B,480,0,0
0,20261003,resnet_cosine_1nn,multiclass,sham_2_B,480,0,0
0,20261003,resnet_cosine_1nn,multiclass,exposure_3_A,480,0,0
0,20261003,resnet_cosine_1nn,multiclass,sham_3_A,480,0,0
0,20261003,resnet_cosine_1nn,multiclass,exposure_3_B,480,0,0
0,20261003,resnet_cosine_1nn,multiclass,sham_3_B,480,0,0
0,20261003,resnet_cosine_1nn,multiclass,exposure_4_A,480,0,0
0,20261003,resnet_cosine_1nn,multiclass,sham_4_A,480,0,0
0,20261003,resnet_cosine_1nn,multiclass,exposure_4_B,480,0,0
0,20261003,resnet_cosine_1nn,multiclass,sham_4_B,480,0,0
0,20261003,resnet_cosine_1nn,binary_healthy_other,zero,480,0,0
0,20261003,resnet_cosine_1nn,binary_healthy_other,exposure_0_A,480,0,0
0,20261003,resnet_cosine_1nn,binary_healthy_other,sham_0_A,480,0,0
0,20261003,resnet_cosine_1nn,binary_healthy_other,exposure_0_B,480,0,0
0,20261003,resnet_cosine_1nn,binary_healthy_other,sham_0_B,480,0,0
0,20261003,resnet_cosine_1nn,binary_healthy_other,exposure_1_A,480,0,0
0,20261003,resnet_cosine_1nn,binary_healthy_other,sham_1_A,480,0,0
0,20261003,resnet_cosine_1nn,binary_healthy_other,exposure_1_B,480,0,0
0,20261003,resnet_cosine_1nn,binary_healthy_other,sham_1_B,480,0,0
0,20261003,resnet_cosine_1nn,binary_healthy_other,exposure_2_A,480,0,0
0,20261003,resnet_cosine_1nn,binary_healthy_other,sham_2_A,480,0,0
0,20261003,resnet_cosine_1nn,binary_healthy_other,exposure_2_B,480,0,0
0,20261003,resnet_cosine_1nn,binary_healthy_other,sham_2_B,480,0,0
0,20261003,resnet_cosine_1nn,binary_healthy_other,exposure_3_A,480,0,0
0,20261003,resnet_cosine_1nn,binary_healthy_other,sham_3_A,480,0,0
0,20261003,resnet_cosine_1nn,binary_healthy_other,exposure_3_B,480,0,0
0,20261003,resnet_cosine_1nn,binary_healthy_other,sham_3_B,480,0,0
0,20261003,resnet_cosine_1nn,binary_healthy_other,exposure_4_A,480,0,0
0,20261003,resnet_cosine_1nn,binary_healthy_other,sham_4_A,480,0,0
0,20261003,resnet_cosine_1nn,binary_healthy_other,exposure_4_B,480,0,0
0,20261003,resnet_cosine_1nn,binary_healthy_other,sham_4_B,480,0,0
1,20261004,resnet_logit,multiclass,zero,480,52,0
1,20261004,resnet_logit,multiclass,exposure_0_A,480,52,0
1,20261004,resnet_logit,multiclass,sham_0_A,480,48,0
1,20261004,resnet_logit,multiclass,exposure_0_B,480,56,0
1,20261004,resnet_logit,multiclass,sham_0_B,480,49,0
1,20261004,resnet_logit,multiclass,exposure_1_A,480,53,0
1,20261004,resnet_logit,multiclass,sham_1_A,480,51,0
1,20261004,resnet_logit,multiclass,exposure_1_B,480,52,0
1,20261004,resnet_logit,multiclass,sham_1_B,480,52,0
1,20261004,resnet_logit,multiclass,exposure_2_A,480,55,0
1,20261004,resnet_logit,multiclass,sham_2_A,480,54,0
1,20261004,resnet_logit,multiclass,exposure_2_B,480,51,0
1,20261004,resnet_logit,multiclass,sham_2_B,480,51,0
1,20261004,resnet_logit,multiclass,exposure_3_A,480,51,0
1,20261004,resnet_logit,multiclass,sham_3_A,480,52,0
1,20261004,resnet_logit,multiclass,exposure_3_B,480,55,0
1,20261004,resnet_logit,multiclass,sham_3_B,480,52,0
1,20261004,resnet_logit,multiclass,exposure_4_A,480,52,0
1,20261004,resnet_logit,multiclass,sham_4_A,480,53,0
1,20261004,resnet_logit,multiclass,exposure_4_B,480,52,0
1,20261004,resnet_logit,multiclass,sham_4_B,480,58,0
1,20261004,resnet_logit,binary_healthy_other,zero,480,21,0
1,20261004,resnet_logit,binary_healthy_other,exposure_0_A,480,21,0
1,20261004,resnet_logit,binary_healthy_other,sham_0_A,480,20,0
1,20261004,resnet_logit,binary_healthy_other,exposure_0_B,480,20,0
1,20261004,resnet_logit,binary_healthy_other,sham_0_B,480,21,0
1,20261004,resnet_logit,binary_healthy_other,exposure_1_A,480,21,0
1,20261004,resnet_logit,binary_healthy_other,sham_1_A,480,20,0
1,20261004,resnet_logit,binary_healthy_other,exposure_1_B,480,21,0
1,20261004,resnet_logit,binary_healthy_other,sham_1_B,480,21,0
1,20261004,resnet_logit,binary_healthy_other,exposure_2_A,480,21,0
1,20261004,resnet_logit,binary_healthy_other,sham_2_A,480,21,0
1,20261004,resnet_logit,binary_healthy_other,exposure_2_B,480,18,0
1,20261004,resnet_logit,binary_healthy_other,sham_2_B,480,21,0
1,20261004,resnet_logit,binary_healthy_other,exposure_3_A,480,20,0
1,20261004,resnet_logit,binary_healthy_other,sham_3_A,480,20,0
1,20261004,resnet_logit,binary_healthy_other,exposure_3_B,480,19,0
1,20261004,resnet_logit,binary_healthy_other,sham_3_B,480,21,0
1,20261004,resnet_logit,binary_healthy_other,exposure_4_A,480,20,0
1,20261004,resnet_logit,binary_healthy_other,sham_4_A,480,21,0
1,20261004,resnet_logit,binary_healthy_other,exposure_4_B,480,20,0
1,20261004,resnet_logit,binary_healthy_other,sham_4_B,480,20,0
1,20261004,colour_logit,multiclass,zero,480,33,0
1,20261004,colour_logit,multiclass,exposure_0_A,480,35,0
1,20261004,colour_logit,multiclass,sham_0_A,480,34,0
1,20261004,colour_logit,multiclass,exposure_0_B,480,33,0
1,20261004,colour_logit,multiclass,sham_0_B,480,36,0
1,20261004,colour_logit,multiclass,exposure_1_A,480,35,0
1,20261004,colour_logit,multiclass,sham_1_A,480,35,0
1,20261004,colour_logit,multiclass,exposure_1_B,480,31,0
1,20261004,colour_logit,multiclass,sham_1_B,480,33,0
1,20261004,colour_logit,multiclass,exposure_2_A,480,34,0
1,20261004,colour_logit,multiclass,sham_2_A,480,35,0
1,20261004,colour_logit,multiclass,exposure_2_B,480,31,0
1,20261004,colour_logit,multiclass,sham_2_B,480,33,0
1,20261004,colour_logit,multiclass,exposure_3_A,480,32,0
1,20261004,colour_logit,multiclass,sham_3_A,480,31,0
1,20261004,colour_logit,multiclass,exposure_3_B,480,34,0
1,20261004,colour_logit,multiclass,sham_3_B,480,34,0
1,20261004,colour_logit,multiclass,exposure_4_A,480,33,0
1,20261004,colour_logit,multiclass,sham_4_A,480,32,0
1,20261004,colour_logit,multiclass,exposure_4_B,480,35,0
1,20261004,colour_logit,multiclass,sham_4_B,480,35,0
1,20261004,colour_logit,binary_healthy_other,zero,480,17,0
1,20261004,colour_logit,binary_healthy_other,exposure_0_A,480,16,0
1,20261004,colour_logit,binary_healthy_other,sham_0_A,480,18,0
1,20261004,colour_logit,binary_healthy_other,exposure_0_B,480,19,0
1,20261004,colour_logit,binary_healthy_other,sham_0_B,480,19,0
1,20261004,colour_logit,binary_healthy_other,exposure_1_A,480,17,0
1,20261004,colour_logit,binary_healthy_other,sham_1_A,480,16,0
1,20261004,colour_logit,binary_healthy_other,exposure_1_B,480,18,0
1,20261004,colour_logit,binary_healthy_other,sham_1_B,480,18,0
1,20261004,colour_logit,binary_healthy_other,exposure_2_A,480,16,0
1,20261004,colour_logit,binary_healthy_other,sham_2_A,480,16,0
1,20261004,colour_logit,binary_healthy_other,exposure_2_B,480,18,0
1,20261004,colour_logit,binary_healthy_other,sham_2_B,480,17,0
1,20261004,colour_logit,binary_healthy_other,exposure_3_A,480,18,0
1,20261004,colour_logit,binary_healthy_other,sham_3_A,480,20,0
1,20261004,colour_logit,binary_healthy_other,exposure_3_B,480,16,0
1,20261004,colour_logit,binary_healthy_other,sham_3_B,480,17,0
1,20261004,colour_logit,binary_healthy_other,exposure_4_A,480,18,0
1,20261004,colour_logit,binary_healthy_other,sham_4_A,480,18,0
1,20261004,colour_logit,binary_healthy_other,exposure_4_B,480,18,0
1,20261004,colour_logit,binary_healthy_other,sham_4_B,480,16,0
1,20261004,resnet_cosine_1nn,multiclass,zero,480,0,0
1,20261004,resnet_cosine_1nn,multiclass,exposure_0_A,480,0,0
1,20261004,resnet_cosine_1nn,multiclass,sham_0_A,480,0,0
1,20261004,resnet_cosine_1nn,multiclass,exposure_0_B,480,0,0
1,20261004,resnet_cosine_1nn,multiclass,sham_0_B,480,0,0
1,20261004,resnet_cosine_1nn,multiclass,exposure_1_A,480,0,0
1,20261004,resnet_cosine_1nn,multiclass,sham_1_A,480,0,0
1,20261004,resnet_cosine_1nn,multiclass,exposure_1_B,480,0,0
1,20261004,resnet_cosine_1nn,multiclass,sham_1_B,480,0,0
1,20261004,resnet_cosine_1nn,multiclass,exposure_2_A,480,0,0
1,20261004,resnet_cosine_1nn,multiclass,sham_2_A,480,0,0
1,20261004,resnet_cosine_1nn,multiclass,exposure_2_B,480,0,0
1,20261004,resnet_cosine_1nn,multiclass,sham_2_B,480,0,0
1,20261004,resnet_cosine_1nn,multiclass,exposure_3_A,480,0,0
1,20261004,resnet_cosine_1nn,multiclass,sham_3_A,480,0,0
1,20261004,resnet_cosine_1nn,multiclass,exposure_3_B,480,0,0
1,20261004,resnet_cosine_1nn,multiclass,sham_3_B,480,0,0
1,20261004,resnet_cosine_1nn,multiclass,exposure_4_A,480,0,0
1,20261004,resnet_cosine_1nn,multiclass,sham_4_A,480,0,0
1,20261004,resnet_cosine_1nn,multiclass,exposure_4_B,480,0,0
1,20261004,resnet_cosine_1nn,multiclass,sham_4_B,480,0,0
1,20261004,resnet_cosine_1nn,binary_healthy_other,zero,480,0,0
1,20261004,resnet_cosine_1nn,binary_healthy_other,exposure_0_A,480,0,0
1,20261004,resnet_cosine_1nn,binary_healthy_other,sham_0_A,480,0,0
1,20261004,resnet_cosine_1nn,binary_healthy_other,exposure_0_B,480,0,0
1,20261004,resnet_cosine_1nn,binary_healthy_other,sham_0_B,480,0,0
1,20261004,resnet_cosine_1nn,binary_healthy_other,exposure_1_A,480,0,0
1,20261004,resnet_cosine_1nn,binary_healthy_other,sham_1_A,480,0,0
1,20261004,resnet_cosine_1nn,binary_healthy_other,exposure_1_B,480,0,0
1,20261004,resnet_cosine_1nn,binary_healthy_other,sham_1_B,480,0,0
1,20261004,resnet_cosine_1nn,binary_healthy_other,exposure_2_A,480,0,0
1,20261004,resnet_cosine_1nn,binary_healthy_other,sham_2_A,480,0,0
1,20261004,resnet_cosine_1nn,binary_healthy_other,exposure_2_B,480,0,0
1,20261004,resnet_cosine_1nn,binary_healthy_other,sham_2_B,480,0,0
1,20261004,resnet_cosine_1nn,binary_healthy_other,exposure_3_A,480,0,0
1,20261004,resnet_cosine_1nn,binary_healthy_other,sham_3_A,480,0,0
1,20261004,resnet_cosine_1nn,binary_healthy_other,exposure_3_B,480,0,0
1,20261004,resnet_cosine_1nn,binary_healthy_other,sham_3_B,480,0,0
1,20261004,resnet_cosine_1nn,binary_healthy_other,exposure_4_A,480,0,0
1,20261004,resnet_cosine_1nn,binary_healthy_other,sham_4_A,480,0,0
1,20261004,resnet_cosine_1nn,binary_healthy_other,exposure_4_B,480,0,0
1,20261004,resnet_cosine_1nn,binary_healthy_other,sham_4_B,480,0,0
2,20261005,resnet_logit,multiclass,zero,480,66,0
2,20261005,resnet_logit,multiclass,exposure_0_A,480,54,0
2,20261005,resnet_logit,multiclass,sham_0_A,480,61,0
2,20261005,resnet_logit,multiclass,exposure_0_B,480,63,0
2,20261005,resnet_logit,multiclass,sham_0_B,480,61,0
2,20261005,resnet_logit,multiclass,exposure_1_A,480,69,0
2,20261005,resnet_logit,multiclass,sham_1_A,480,63,0
2,20261005,resnet_logit,multiclass,exposure_1_B,480,58,0
2,20261005,resnet_logit,multiclass,sham_1_B,480,63,0
2,20261005,resnet_logit,multiclass,exposure_2_A,480,62,0
2,20261005,resnet_logit,multiclass,sham_2_A,480,52,0
2,20261005,resnet_logit,multiclass,exposure_2_B,480,66,0
2,20261005,resnet_logit,multiclass,sham_2_B,480,55,0
2,20261005,resnet_logit,multiclass,exposure_3_A,480,60,0
2,20261005,resnet_logit,multiclass,sham_3_A,480,53,0
2,20261005,resnet_logit,multiclass,exposure_3_B,480,62,0
2,20261005,resnet_logit,multiclass,sham_3_B,480,53,0
2,20261005,resnet_logit,multiclass,exposure_4_A,480,59,0
2,20261005,resnet_logit,multiclass,sham_4_A,480,59,0
2,20261005,resnet_logit,multiclass,exposure_4_B,480,53,0
2,20261005,resnet_logit,multiclass,sham_4_B,480,54,0
2,20261005,resnet_logit,binary_healthy_other,zero,480,20,0
2,20261005,resnet_logit,binary_healthy_other,exposure_0_A,480,20,0
2,20261005,resnet_logit,binary_healthy_other,sham_0_A,480,20,0
2,20261005,resnet_logit,binary_healthy_other,exposure_0_B,480,20,0
2,20261005,resnet_logit,binary_healthy_other,sham_0_B,480,21,0
2,20261005,resnet_logit,binary_healthy_other,exposure_1_A,480,21,0
2,20261005,resnet_logit,binary_healthy_other,sham_1_A,480,20,0
2,20261005,resnet_logit,binary_healthy_other,exposure_1_B,480,21,0
2,20261005,resnet_logit,binary_healthy_other,sham_1_B,480,20,0
2,20261005,resnet_logit,binary_healthy_other,exposure_2_A,480,20,0
2,20261005,resnet_logit,binary_healthy_other,sham_2_A,480,21,0
2,20261005,resnet_logit,binary_healthy_other,exposure_2_B,480,22,0
2,20261005,resnet_logit,binary_healthy_other,sham_2_B,480,22,0
2,20261005,resnet_logit,binary_healthy_other,exposure_3_A,480,20,0
2,20261005,resnet_logit,binary_healthy_other,sham_3_A,480,21,0
2,20261005,resnet_logit,binary_healthy_other,exposure_3_B,480,21,0
2,20261005,resnet_logit,binary_healthy_other,sham_3_B,480,22,0
2,20261005,resnet_logit,binary_healthy_other,exposure_4_A,480,21,0
2,20261005,resnet_logit,binary_healthy_other,sham_4_A,480,20,0
2,20261005,resnet_logit,binary_healthy_other,exposure_4_B,480,20,0
2,20261005,resnet_logit,binary_healthy_other,sham_4_B,480,20,0
2,20261005,colour_logit,multiclass,zero,480,37,0
2,20261005,colour_logit,multiclass,exposure_0_A,480,36,0
2,20261005,colour_logit,multiclass,sham_0_A,480,37,0
2,20261005,colour_logit,multiclass,exposure_0_B,480,38,0
2,20261005,colour_logit,multiclass,sham_0_B,480,38,0
2,20261005,colour_logit,multiclass,exposure_1_A,480,39,0
2,20261005,colour_logit,multiclass,sham_1_A,480,37,0
2,20261005,colour_logit,multiclass,exposure_1_B,480,35,0
2,20261005,colour_logit,multiclass,sham_1_B,480,37,0
2,20261005,colour_logit,multiclass,exposure_2_A,480,33,0
2,20261005,colour_logit,multiclass,sham_2_A,480,36,0
2,20261005,colour_logit,multiclass,exposure_2_B,480,40,0
2,20261005,colour_logit,multiclass,sham_2_B,480,39,0
2,20261005,colour_logit,multiclass,exposure_3_A,480,35,0
2,20261005,colour_logit,multiclass,sham_3_A,480,36,0
2,20261005,colour_logit,multiclass,exposure_3_B,480,40,0
2,20261005,colour_logit,multiclass,sham_3_B,480,38,0
2,20261005,colour_logit,multiclass,exposure_4_A,480,39,0
2,20261005,colour_logit,multiclass,sham_4_A,480,39,0
2,20261005,colour_logit,multiclass,exposure_4_B,480,36,0
2,20261005,colour_logit,multiclass,sham_4_B,480,39,0
2,20261005,colour_logit,binary_healthy_other,zero,480,18,0
2,20261005,colour_logit,binary_healthy_other,exposure_0_A,480,17,0
2,20261005,colour_logit,binary_healthy_other,sham_0_A,480,17,0
2,20261005,colour_logit,binary_healthy_other,exposure_0_B,480,18,0
2,20261005,colour_logit,binary_healthy_other,sham_0_B,480,18,0
2,20261005,colour_logit,binary_healthy_other,exposure_1_A,480,17,0
2,20261005,colour_logit,binary_healthy_other,sham_1_A,480,18,0
2,20261005,colour_logit,binary_healthy_other,exposure_1_B,480,18,0
2,20261005,colour_logit,binary_healthy_other,sham_1_B,480,19,0
2,20261005,colour_logit,binary_healthy_other,exposure_2_A,480,19,0
2,20261005,colour_logit,binary_healthy_other,sham_2_A,480,17,0
2,20261005,colour_logit,binary_healthy_other,exposure_2_B,480,17,0
2,20261005,colour_logit,binary_healthy_other,sham_2_B,480,17,0
2,20261005,colour_logit,binary_healthy_other,exposure_3_A,480,15,0
2,20261005,colour_logit,binary_healthy_other,sham_3_A,480,18,0
2,20261005,colour_logit,binary_healthy_other,exposure_3_B,480,17,0
2,20261005,colour_logit,binary_healthy_other,sham_3_B,480,17,0
2,20261005,colour_logit,binary_healthy_other,exposure_4_A,480,19,0
2,20261005,colour_logit,binary_healthy_other,sham_4_A,480,17,0
2,20261005,colour_logit,binary_healthy_other,exposure_4_B,480,15,0
2,20261005,colour_logit,binary_healthy_other,sham_4_B,480,17,0
2,20261005,resnet_cosine_1nn,multiclass,zero,480,0,0
2,20261005,resnet_cosine_1nn,multiclass,exposure_0_A,480,0,0
2,20261005,resnet_cosine_1nn,multiclass,sham_0_A,480,0,0
2,20261005,resnet_cosine_1nn,multiclass,exposure_0_B,480,0,0
2,20261005,resnet_cosine_1nn,multiclass,sham_0_B,480,0,0
2,20261005,resnet_cosine_1nn,multiclass,exposure_1_A,480,0,0
2,20261005,resnet_cosine_1nn,multiclass,sham_1_A,480,0,0
2,20261005,resnet_cosine_1nn,multiclass,exposure_1_B,480,0,0
2,20261005,resnet_cosine_1nn,multiclass,sham_1_B,480,0,0
2,20261005,resnet_cosine_1nn,multiclass,exposure_2_A,480,0,0
2,20261005,resnet_cosine_1nn,multiclass,sham_2_A,480,0,0
2,20261005,resnet_cosine_1nn,multiclass,exposure_2_B,480,0,0
2,20261005,resnet_cosine_1nn,multiclass,sham_2_B,480,0,0
2,20261005,resnet_cosine_1nn,multiclass,exposure_3_A,480,0,0
2,20261005,resnet_cosine_1nn,multiclass,sham_3_A,480,0,0
2,20261005,resnet_cosine_1nn,multiclass,exposure_3_B,480,0,0
2,20261005,resnet_cosine_1nn,multiclass,sham_3_B,480,0,0
2,20261005,resnet_cosine_1nn,multiclass,exposure_4_A,480,0,0
2,20261005,resnet_cosine_1nn,multiclass,sham_4_A,480,0,0
2,20261005,resnet_cosine_1nn,multiclass,exposure_4_B,480,0,0
2,20261005,resnet_cosine_1nn,multiclass,sham_4_B,480,0,0
2,20261005,resnet_cosine_1nn,binary_healthy_other,zero,480,0,0
2,20261005,resnet_cosine_1nn,binary_healthy_other,exposure_0_A,480,0,0
2,20261005,resnet_cosine_1nn,binary_healthy_other,sham_0_A,480,0,0
2,20261005,resnet_cosine_1nn,binary_healthy_other,exposure_0_B,480,0,0
2,20261005,resnet_cosine_1nn,binary_healthy_other,sham_0_B,480,0,0
2,20261005,resnet_cosine_1nn,binary_healthy_other,exposure_1_A,480,0,0
2,20261005,resnet_cosine_1nn,binary_healthy_other,sham_1_A,480,0,0
2,20261005,resnet_cosine_1nn,binary_healthy_other,exposure_1_B,480,0,0
2,20261005,resnet_cosine_1nn,binary_healthy_other,sham_1_B,480,0,0
2,20261005,resnet_cosine_1nn,binary_healthy_other,exposure_2_A,480,0,0
2,20261005,resnet_cosine_1nn,binary_healthy_other,sham_2_A,480,0,0
2,20261005,resnet_cosine_1nn,binary_healthy_other,exposure_2_B,480,0,0
2,20261005,resnet_cosine_1nn,binary_healthy_other,sham_2_B,480,0,0
2,20261005,resnet_cosine_1nn,binary_healthy_other,exposure_3_A,480,0,0
2,20261005,resnet_cosine_1nn,binary_healthy_other,sham_3_A,480,0,0
2,20261005,resnet_cosine_1nn,binary_healthy_other,exposure_3_B,480,0,0
2,20261005,resnet_cosine_1nn,binary_healthy_other,sham_3_B,480,0,0
2,20261005,resnet_cosine_1nn,binary_healthy_other,exposure_4_A,480,0,0
2,20261005,resnet_cosine_1nn,binary_healthy_other,sham_4_A,480,0,0
2,20261005,resnet_cosine_1nn,binary_healthy_other,exposure_4_B,480,0,0
2,20261005,resnet_cosine_1nn,binary_healthy_other,sham_4_B,480,0,0
3,20261006,resnet_logit,multiclass,zero,480,50,0
3,20261006,resnet_logit,multiclass,exposure_0_A,480,51,0
3,20261006,resnet_logit,multiclass,sham_0_A,480,47,0
3,20261006,resnet_logit,multiclass,exposure_0_B,480,53,0
3,20261006,resnet_logit,multiclass,sham_0_B,480,53,0
3,20261006,resnet_logit,multiclass,exposure_1_A,480,52,0
3,20261006,resnet_logit,multiclass,sham_1_A,480,49,0
3,20261006,resnet_logit,multiclass,exposure_1_B,480,51,0
3,20261006,resnet_logit,multiclass,sham_1_B,480,51,0
3,20261006,resnet_logit,multiclass,exposure_2_A,480,61,0
3,20261006,resnet_logit,multiclass,sham_2_A,480,48,0
3,20261006,resnet_logit,multiclass,exposure_2_B,480,51,0
3,20261006,resnet_logit,multiclass,sham_2_B,480,58,0
3,20261006,resnet_logit,multiclass,exposure_3_A,480,52,0
3,20261006,resnet_logit,multiclass,sham_3_A,480,62,0
3,20261006,resnet_logit,multiclass,exposure_3_B,480,51,0
3,20261006,resnet_logit,multiclass,sham_3_B,480,44,0
3,20261006,resnet_logit,multiclass,exposure_4_A,480,54,0
3,20261006,resnet_logit,multiclass,sham_4_A,480,50,0
3,20261006,resnet_logit,multiclass,exposure_4_B,480,52,0
3,20261006,resnet_logit,multiclass,sham_4_B,480,52,0
3,20261006,resnet_logit,binary_healthy_other,zero,480,21,0
3,20261006,resnet_logit,binary_healthy_other,exposure_0_A,480,20,0
3,20261006,resnet_logit,binary_healthy_other,sham_0_A,480,22,0
3,20261006,resnet_logit,binary_healthy_other,exposure_0_B,480,21,0
3,20261006,resnet_logit,binary_healthy_other,sham_0_B,480,20,0
3,20261006,resnet_logit,binary_healthy_other,exposure_1_A,480,22,0
3,20261006,resnet_logit,binary_healthy_other,sham_1_A,480,20,0
3,20261006,resnet_logit,binary_healthy_other,exposure_1_B,480,21,0
3,20261006,resnet_logit,binary_healthy_other,sham_1_B,480,20,0
3,20261006,resnet_logit,binary_healthy_other,exposure_2_A,480,21,0
3,20261006,resnet_logit,binary_healthy_other,sham_2_A,480,21,0
3,20261006,resnet_logit,binary_healthy_other,exposure_2_B,480,21,0
3,20261006,resnet_logit,binary_healthy_other,sham_2_B,480,20,0
3,20261006,resnet_logit,binary_healthy_other,exposure_3_A,480,21,0
3,20261006,resnet_logit,binary_healthy_other,sham_3_A,480,21,0
3,20261006,resnet_logit,binary_healthy_other,exposure_3_B,480,20,0
3,20261006,resnet_logit,binary_healthy_other,sham_3_B,480,21,0
3,20261006,resnet_logit,binary_healthy_other,exposure_4_A,480,22,0
3,20261006,resnet_logit,binary_healthy_other,sham_4_A,480,21,0
3,20261006,resnet_logit,binary_healthy_other,exposure_4_B,480,20,0
3,20261006,resnet_logit,binary_healthy_other,sham_4_B,480,21,0
3,20261006,colour_logit,multiclass,zero,480,34,0
3,20261006,colour_logit,multiclass,exposure_0_A,480,36,0
3,20261006,colour_logit,multiclass,sham_0_A,480,33,0
3,20261006,colour_logit,multiclass,exposure_0_B,480,34,0
3,20261006,colour_logit,multiclass,sham_0_B,480,36,0
3,20261006,colour_logit,multiclass,exposure_1_A,480,38,0
3,20261006,colour_logit,multiclass,sham_1_A,480,33,0
3,20261006,colour_logit,multiclass,exposure_1_B,480,34,0
3,20261006,colour_logit,multiclass,sham_1_B,480,38,0
3,20261006,colour_logit,multiclass,exposure_2_A,480,34,0
3,20261006,colour_logit,multiclass,sham_2_A,480,35,0
3,20261006,colour_logit,multiclass,exposure_2_B,480,35,0
3,20261006,colour_logit,multiclass,sham_2_B,480,34,0
3,20261006,colour_logit,multiclass,exposure_3_A,480,37,0
3,20261006,colour_logit,multiclass,sham_3_A,480,39,0
3,20261006,colour_logit,multiclass,exposure_3_B,480,35,0
3,20261006,colour_logit,multiclass,sham_3_B,480,32,0
3,20261006,colour_logit,multiclass,exposure_4_A,480,35,0
3,20261006,colour_logit,multiclass,sham_4_A,480,34,0
3,20261006,colour_logit,multiclass,exposure_4_B,480,35,0
3,20261006,colour_logit,multiclass,sham_4_B,480,39,0
3,20261006,colour_logit,binary_healthy_other,zero,480,17,0
3,20261006,colour_logit,binary_healthy_other,exposure_0_A,480,16,0
3,20261006,colour_logit,binary_healthy_other,sham_0_A,480,16,0
3,20261006,colour_logit,binary_healthy_other,exposure_0_B,480,16,0
3,20261006,colour_logit,binary_healthy_other,sham_0_B,480,17,0
3,20261006,colour_logit,binary_healthy_other,exposure_1_A,480,16,0
3,20261006,colour_logit,binary_healthy_other,sham_1_A,480,17,0
3,20261006,colour_logit,binary_healthy_other,exposure_1_B,480,16,0
3,20261006,colour_logit,binary_healthy_other,sham_1_B,480,16,0
3,20261006,colour_logit,binary_healthy_other,exposure_2_A,480,19,0
3,20261006,colour_logit,binary_healthy_other,sham_2_A,480,16,0
3,20261006,colour_logit,binary_healthy_other,exposure_2_B,480,17,0
3,20261006,colour_logit,binary_healthy_other,sham_2_B,480,18,0
3,20261006,colour_logit,binary_healthy_other,exposure_3_A,480,18,0
3,20261006,colour_logit,binary_healthy_other,sham_3_A,480,17,0
3,20261006,colour_logit,binary_healthy_other,exposure_3_B,480,16,0
3,20261006,colour_logit,binary_healthy_other,sham_3_B,480,17,0
3,20261006,colour_logit,binary_healthy_other,exposure_4_A,480,16,0
3,20261006,colour_logit,binary_healthy_other,sham_4_A,480,16,0
3,20261006,colour_logit,binary_healthy_other,exposure_4_B,480,17,0
3,20261006,colour_logit,binary_healthy_other,sham_4_B,480,17,0
3,20261006,resnet_cosine_1nn,multiclass,zero,480,0,0
3,20261006,resnet_cosine_1nn,multiclass,exposure_0_A,480,0,0
3,20261006,resnet_cosine_1nn,multiclass,sham_0_A,480,0,0
3,20261006,resnet_cosine_1nn,multiclass,exposure_0_B,480,0,0
3,20261006,resnet_cosine_1nn,multiclass,sham_0_B,480,0,0
3,20261006,resnet_cosine_1nn,multiclass,exposure_1_A,480,0,0
3,20261006,resnet_cosine_1nn,multiclass,sham_1_A,480,0,0
3,20261006,resnet_cosine_1nn,multiclass,exposure_1_B,480,0,0
3,20261006,resnet_cosine_1nn,multiclass,sham_1_B,480,0,0
3,20261006,resnet_cosine_1nn,multiclass,exposure_2_A,480,0,0
3,20261006,resnet_cosine_1nn,multiclass,sham_2_A,480,0,0
3,20261006,resnet_cosine_1nn,multiclass,exposure_2_B,480,0,0
3,20261006,resnet_cosine_1nn,multiclass,sham_2_B,480,0,0
3,20261006,resnet_cosine_1nn,multiclass,exposure_3_A,480,0,0
3,20261006,resnet_cosine_1nn,multiclass,sham_3_A,480,0,0
3,20261006,resnet_cosine_1nn,multiclass,exposure_3_B,480,0,0
3,20261006,resnet_cosine_1nn,multiclass,sham_3_B,480,0,0
3,20261006,resnet_cosine_1nn,multiclass,exposure_4_A,480,0,0
3,20261006,resnet_cosine_1nn,multiclass,sham_4_A,480,0,0
3,20261006,resnet_cosine_1nn,multiclass,exposure_4_B,480,0,0
3,20261006,resnet_cosine_1nn,multiclass,sham_4_B,480,0,0
3,20261006,resnet_cosine_1nn,binary_healthy_other,zero,480,0,0
3,20261006,resnet_cosine_1nn,binary_healthy_other,exposure_0_A,480,0,0
3,20261006,resnet_cosine_1nn,binary_healthy_other,sham_0_A,480,0,0
3,20261006,resnet_cosine_1nn,binary_healthy_other,exposure_0_B,480,0,0
3,20261006,resnet_cosine_1nn,binary_healthy_other,sham_0_B,480,0,0
3,20261006,resnet_cosine_1nn,binary_healthy_other,exposure_1_A,480,0,0
3,20261006,resnet_cosine_1nn,binary_healthy_other,sham_1_A,480,0,0
3,20261006,resnet_cosine_1nn,binary_healthy_other,exposure_1_B,480,0,0
3,20261006,resnet_cosine_1nn,binary_healthy_other,sham_1_B,480,0,0
3,20261006,resnet_cosine_1nn,binary_healthy_other,exposure_2_A,480,0,0
3,20261006,resnet_cosine_1nn,binary_healthy_other,sham_2_A,480,0,0
3,20261006,resnet_cosine_1nn,binary_healthy_other,exposure_2_B,480,0,0
3,20261006,resnet_cosine_1nn,binary_healthy_other,sham_2_B,480,0,0
3,20261006,resnet_cosine_1nn,binary_healthy_other,exposure_3_A,480,0,0
3,20261006,resnet_cosine_1nn,binary_healthy_other,sham_3_A,480,0,0
3,20261006,resnet_cosine_1nn,binary_healthy_other,exposure_3_B,480,0,0
3,20261006,resnet_cosine_1nn,binary_healthy_other,sham_3_B,480,0,0
3,20261006,resnet_cosine_1nn,binary_healthy_other,exposure_4_A,480,0,0
3,20261006,resnet_cosine_1nn,binary_healthy_other,sham_4_A,480,0,0
3,20261006,resnet_cosine_1nn,binary_healthy_other,exposure_4_B,480,0,0
3,20261006,resnet_cosine_1nn,binary_healthy_other,sham_4_B,480,0,0
4,20261007,resnet_logit,multiclass,zero,480,54,0
4,20261007,resnet_logit,multiclass,exposure_0_A,480,51,0
4,20261007,resnet_logit,multiclass,sham_0_A,480,52,0
4,20261007,resnet_logit,multiclass,exposure_0_B,480,54,0
4,20261007,resnet_logit,multiclass,sham_0_B,480,51,0
4,20261007,resnet_logit,multiclass,exposure_1_A,480,49,0
4,20261007,resnet_logit,multiclass,sham_1_A,480,53,0
4,20261007,resnet_logit,multiclass,exposure_1_B,480,44,0
4,20261007,resnet_logit,multiclass,sham_1_B,480,52,0
4,20261007,resnet_logit,multiclass,exposure_2_A,480,50,0
4,20261007,resnet_logit,multiclass,sham_2_A,480,45,0
4,20261007,resnet_logit,multiclass,exposure_2_B,480,54,0
4,20261007,resnet_logit,multiclass,sham_2_B,480,52,0
4,20261007,resnet_logit,multiclass,exposure_3_A,480,51,0
4,20261007,resnet_logit,multiclass,sham_3_A,480,43,0
4,20261007,resnet_logit,multiclass,exposure_3_B,480,53,0
4,20261007,resnet_logit,multiclass,sham_3_B,480,43,0
4,20261007,resnet_logit,multiclass,exposure_4_A,480,50,0
4,20261007,resnet_logit,multiclass,sham_4_A,480,62,0
4,20261007,resnet_logit,multiclass,exposure_4_B,480,43,0
4,20261007,resnet_logit,multiclass,sham_4_B,480,46,0
4,20261007,resnet_logit,binary_healthy_other,zero,480,22,0
4,20261007,resnet_logit,binary_healthy_other,exposure_0_A,480,20,0
4,20261007,resnet_logit,binary_healthy_other,sham_0_A,480,21,0
4,20261007,resnet_logit,binary_healthy_other,exposure_0_B,480,21,0
4,20261007,resnet_logit,binary_healthy_other,sham_0_B,480,22,0
4,20261007,resnet_logit,binary_healthy_other,exposure_1_A,480,21,0
4,20261007,resnet_logit,binary_healthy_other,sham_1_A,480,22,0
4,20261007,resnet_logit,binary_healthy_other,exposure_1_B,480,21,0
4,20261007,resnet_logit,binary_healthy_other,sham_1_B,480,21,0
4,20261007,resnet_logit,binary_healthy_other,exposure_2_A,480,21,0
4,20261007,resnet_logit,binary_healthy_other,sham_2_A,480,23,0
4,20261007,resnet_logit,binary_healthy_other,exposure_2_B,480,20,0
4,20261007,resnet_logit,binary_healthy_other,sham_2_B,480,21,0
4,20261007,resnet_logit,binary_healthy_other,exposure_3_A,480,20,0
4,20261007,resnet_logit,binary_healthy_other,sham_3_A,480,22,0
4,20261007,resnet_logit,binary_healthy_other,exposure_3_B,480,21,0
4,20261007,resnet_logit,binary_healthy_other,sham_3_B,480,21,0
4,20261007,resnet_logit,binary_healthy_other,exposure_4_A,480,23,0
4,20261007,resnet_logit,binary_healthy_other,sham_4_A,480,21,0
4,20261007,resnet_logit,binary_healthy_other,exposure_4_B,480,21,0
4,20261007,resnet_logit,binary_healthy_other,sham_4_B,480,22,0
4,20261007,colour_logit,multiclass,zero,480,34,0
4,20261007,colour_logit,multiclass,exposure_0_A,480,37,0
4,20261007,colour_logit,multiclass,sham_0_A,480,33,0
4,20261007,colour_logit,multiclass,exposure_0_B,480,35,0
4,20261007,colour_logit,multiclass,sham_0_B,480,34,0
4,20261007,colour_logit,multiclass,exposure_1_A,480,34,0
4,20261007,colour_logit,multiclass,sham_1_A,480,36,0
4,20261007,colour_logit,multiclass,exposure_1_B,480,35,0
4,20261007,colour_logit,multiclass,sham_1_B,480,33,0
4,20261007,colour_logit,multiclass,exposure_2_A,480,35,0
4,20261007,colour_logit,multiclass,sham_2_A,480,35,0
4,20261007,colour_logit,multiclass,exposure_2_B,480,36,0
4,20261007,colour_logit,multiclass,sham_2_B,480,35,0
4,20261007,colour_logit,multiclass,exposure_3_A,480,33,0
4,20261007,colour_logit,multiclass,sham_3_A,480,34,0
4,20261007,colour_logit,multiclass,exposure_3_B,480,38,0
4,20261007,colour_logit,multiclass,sham_3_B,480,37,0
4,20261007,colour_logit,multiclass,exposure_4_A,480,34,0
4,20261007,colour_logit,multiclass,sham_4_A,480,36,0
4,20261007,colour_logit,multiclass,exposure_4_B,480,36,0
4,20261007,colour_logit,multiclass,sham_4_B,480,34,0
4,20261007,colour_logit,binary_healthy_other,zero,480,16,0
4,20261007,colour_logit,binary_healthy_other,exposure_0_A,480,17,0
4,20261007,colour_logit,binary_healthy_other,sham_0_A,480,17,0
4,20261007,colour_logit,binary_healthy_other,exposure_0_B,480,18,0
4,20261007,colour_logit,binary_healthy_other,sham_0_B,480,18,0
4,20261007,colour_logit,binary_healthy_other,exposure_1_A,480,17,0
4,20261007,colour_logit,binary_healthy_other,sham_1_A,480,18,0
4,20261007,colour_logit,binary_healthy_other,exposure_1_B,480,17,0
4,20261007,colour_logit,binary_healthy_other,sham_1_B,480,15,0
4,20261007,colour_logit,binary_healthy_other,exposure_2_A,480,18,0
4,20261007,colour_logit,binary_healthy_other,sham_2_A,480,18,0
4,20261007,colour_logit,binary_healthy_other,exposure_2_B,480,17,0
4,20261007,colour_logit,binary_healthy_other,sham_2_B,480,16,0
4,20261007,colour_logit,binary_healthy_other,exposure_3_A,480,17,0
4,20261007,colour_logit,binary_healthy_other,sham_3_A,480,17,0
4,20261007,colour_logit,binary_healthy_other,exposure_3_B,480,18,0
4,20261007,colour_logit,binary_healthy_other,sham_3_B,480,17,0
4,20261007,colour_logit,binary_healthy_other,exposure_4_A,480,17,0
4,20261007,colour_logit,binary_healthy_other,sham_4_A,480,17,0
4,20261007,colour_logit,binary_healthy_other,exposure_4_B,480,18,0
4,20261007,colour_logit,binary_healthy_other,sham_4_B,480,17,0
4,20261007,resnet_cosine_1nn,multiclass,zero,480,0,0
4,20261007,resnet_cosine_1nn,multiclass,exposure_0_A,480,0,0
4,20261007,resnet_cosine_1nn,multiclass,sham_0_A,480,0,0
4,20261007,resnet_cosine_1nn,multiclass,exposure_0_B,480,0,0
4,20261007,resnet_cosine_1nn,multiclass,sham_0_B,480,0,0
4,20261007,resnet_cosine_1nn,multiclass,exposure_1_A,480,0,0
4,20261007,resnet_cosine_1nn,multiclass,sham_1_A,480,0,0
4,20261007,resnet_cosine_1nn,multiclass,exposure_1_B,480,0,0
4,20261007,resnet_cosine_1nn,multiclass,sham_1_B,480,0,0
4,20261007,resnet_cosine_1nn,multiclass,exposure_2_A,480,0,0
4,20261007,resnet_cosine_1nn,multiclass,sham_2_A,480,0,0
4,20261007,resnet_cosine_1nn,multiclass,exposure_2_B,480,0,0
4,20261007,resnet_cosine_1nn,multiclass,sham_2_B,480,0,0
4,20261007,resnet_cosine_1nn,multiclass,exposure_3_A,480,0,0
4,20261007,resnet_cosine_1nn,multiclass,sham_3_A,480,0,0
4,20261007,resnet_cosine_1nn,multiclass,exposure_3_B,480,0,0
4,20261007,resnet_cosine_1nn,multiclass,sham_3_B,480,0,0
4,20261007,resnet_cosine_1nn,multiclass,exposure_4_A,480,0,0
4,20261007,resnet_cosine_1nn,multiclass,sham_4_A,480,0,0
4,20261007,resnet_cosine_1nn,multiclass,exposure_4_B,480,0,0
4,20261007,resnet_cosine_1nn,multiclass,sham_4_B,480,0,0
4,20261007,resnet_cosine_1nn,binary_healthy_other,zero,480,0,0
4,20261007,resnet_cosine_1nn,binary_healthy_other,exposure_0_A,480,0,0
4,20261007,resnet_cosine_1nn,binary_healthy_other,sham_0_A,480,0,0
4,20261007,resnet_cosine_1nn,binary_healthy_other,exposure_0_B,480,0,0
4,20261007,resnet_cosine_1nn,binary_healthy_other,sham_0_B,480,0,0
4,20261007,resnet_cosine_1nn,binary_healthy_other,exposure_1_A,480,0,0
4,20261007,resnet_cosine_1nn,binary_healthy_other,sham_1_A,480,0,0
4,20261007,resnet_cosine_1nn,binary_healthy_other,exposure_1_B,480,0,0
4,20261007,resnet_cosine_1nn,binary_healthy_other,sham_1_B,480,0,0
4,20261007,resnet_cosine_1nn,binary_healthy_other,exposure_2_A,480,0,0
4,20261007,resnet_cosine_1nn,binary_healthy_other,sham_2_A,480,0,0
4,20261007,resnet_cosine_1nn,binary_healthy_other,exposure_2_B,480,0,0
4,20261007,resnet_cosine_1nn,binary_healthy_other,sham_2_B,480,0,0
4,20261007,resnet_cosine_1nn,binary_healthy_other,exposure_3_A,480,0,0
4,20261007,resnet_cosine_1nn,binary_healthy_other,sham_3_A,480,0,0
4,20261007,resnet_cosine_1nn,binary_healthy_other,exposure_3_B,480,0,0
4,20261007,resnet_cosine_1nn,binary_healthy_other,sham_3_B,480,0,0
4,20261007,resnet_cosine_1nn,binary_healthy_other,exposure_4_A,480,0,0
4,20261007,resnet_cosine_1nn,binary_healthy_other,sham_4_A,480,0,0
4,20261007,resnet_cosine_1nn,binary_healthy_other,exposure_4_B,480,0,0
4,20261007,resnet_cosine_1nn,binary_healthy_other,sham_4_B,480,0,0
5,20261008,resnet_logit,multiclass,zero,480,55,0
5,20261008,resnet_logit,multiclass,exposure_0_A,480,50,0
5,20261008,resnet_logit,multiclass,sham_0_A,480,50,0
5,20261008,resnet_logit,multiclass,exposure_0_B,480,56,0
5,20261008,resnet_logit,multiclass,sham_0_B,480,43,0
5,20261008,resnet_logit,multiclass,exposure_1_A,480,47,0
5,20261008,resnet_logit,multiclass,sham_1_A,480,44,0
5,20261008,resnet_logit,multiclass,exposure_1_B,480,52,0
5,20261008,resnet_logit,multiclass,sham_1_B,480,52,0
5,20261008,resnet_logit,multiclass,exposure_2_A,480,53,0
5,20261008,resnet_logit,multiclass,sham_2_A,480,48,0
5,20261008,resnet_logit,multiclass,exposure_2_B,480,51,0
5,20261008,resnet_logit,multiclass,sham_2_B,480,43,0
5,20261008,resnet_logit,multiclass,exposure_3_A,480,52,0
5,20261008,resnet_logit,multiclass,sham_3_A,480,50,0
5,20261008,resnet_logit,multiclass,exposure_3_B,480,53,0
5,20261008,resnet_logit,multiclass,sham_3_B,480,54,0
5,20261008,resnet_logit,multiclass,exposure_4_A,480,53,0
5,20261008,resnet_logit,multiclass,sham_4_A,480,50,0
5,20261008,resnet_logit,multiclass,exposure_4_B,480,55,0
5,20261008,resnet_logit,multiclass,sham_4_B,480,57,0
5,20261008,resnet_logit,binary_healthy_other,zero,480,21,0
5,20261008,resnet_logit,binary_healthy_other,exposure_0_A,480,21,0
5,20261008,resnet_logit,binary_healthy_other,sham_0_A,480,21,0
5,20261008,resnet_logit,binary_healthy_other,exposure_0_B,480,20,0
5,20261008,resnet_logit,binary_healthy_other,sham_0_B,480,22,0
5,20261008,resnet_logit,binary_healthy_other,exposure_1_A,480,20,0
5,20261008,resnet_logit,binary_healthy_other,sham_1_A,480,20,0
5,20261008,resnet_logit,binary_healthy_other,exposure_1_B,480,21,0
5,20261008,resnet_logit,binary_healthy_other,sham_1_B,480,22,0
5,20261008,resnet_logit,binary_healthy_other,exposure_2_A,480,21,0
5,20261008,resnet_logit,binary_healthy_other,sham_2_A,480,20,0
5,20261008,resnet_logit,binary_healthy_other,exposure_2_B,480,22,0
5,20261008,resnet_logit,binary_healthy_other,sham_2_B,480,21,0
5,20261008,resnet_logit,binary_healthy_other,exposure_3_A,480,21,0
5,20261008,resnet_logit,binary_healthy_other,sham_3_A,480,21,0
5,20261008,resnet_logit,binary_healthy_other,exposure_3_B,480,20,0
5,20261008,resnet_logit,binary_healthy_other,sham_3_B,480,20,0
5,20261008,resnet_logit,binary_healthy_other,exposure_4_A,480,21,0
5,20261008,resnet_logit,binary_healthy_other,sham_4_A,480,21,0
5,20261008,resnet_logit,binary_healthy_other,exposure_4_B,480,21,0
5,20261008,resnet_logit,binary_healthy_other,sham_4_B,480,21,0
5,20261008,colour_logit,multiclass,zero,480,39,0
5,20261008,colour_logit,multiclass,exposure_0_A,480,37,0
5,20261008,colour_logit,multiclass,sham_0_A,480,37,0
5,20261008,colour_logit,multiclass,exposure_0_B,480,35,0
5,20261008,colour_logit,multiclass,sham_0_B,480,34,0
5,20261008,colour_logit,multiclass,exposure_1_A,480,36,0
5,20261008,colour_logit,multiclass,sham_1_A,480,34,0
5,20261008,colour_logit,multiclass,exposure_1_B,480,38,0
5,20261008,colour_logit,multiclass,sham_1_B,480,34,0
5,20261008,colour_logit,multiclass,exposure_2_A,480,37,0
5,20261008,colour_logit,multiclass,sham_2_A,480,37,0
5,20261008,colour_logit,multiclass,exposure_2_B,480,36,0
5,20261008,colour_logit,multiclass,sham_2_B,480,36,0
5,20261008,colour_logit,multiclass,exposure_3_A,480,38,0
5,20261008,colour_logit,multiclass,sham_3_A,480,40,0
5,20261008,colour_logit,multiclass,exposure_3_B,480,33,0
5,20261008,colour_logit,multiclass,sham_3_B,480,34,0
5,20261008,colour_logit,multiclass,exposure_4_A,480,40,0
5,20261008,colour_logit,multiclass,sham_4_A,480,37,0
5,20261008,colour_logit,multiclass,exposure_4_B,480,33,0
5,20261008,colour_logit,multiclass,sham_4_B,480,32,0
5,20261008,colour_logit,binary_healthy_other,zero,480,17,0
5,20261008,colour_logit,binary_healthy_other,exposure_0_A,480,17,0
5,20261008,colour_logit,binary_healthy_other,sham_0_A,480,17,0
5,20261008,colour_logit,binary_healthy_other,exposure_0_B,480,18,0
5,20261008,colour_logit,binary_healthy_other,sham_0_B,480,17,0
5,20261008,colour_logit,binary_healthy_other,exposure_1_A,480,18,0
5,20261008,colour_logit,binary_healthy_other,sham_1_A,480,17,0
5,20261008,colour_logit,binary_healthy_other,exposure_1_B,480,17,0
5,20261008,colour_logit,binary_healthy_other,sham_1_B,480,17,0
5,20261008,colour_logit,binary_healthy_other,exposure_2_A,480,18,0
5,20261008,colour_logit,binary_healthy_other,sham_2_A,480,16,0
5,20261008,colour_logit,binary_healthy_other,exposure_2_B,480,18,0
5,20261008,colour_logit,binary_healthy_other,sham_2_B,480,18,0
5,20261008,colour_logit,binary_healthy_other,exposure_3_A,480,17,0
5,20261008,colour_logit,binary_healthy_other,sham_3_A,480,17,0
5,20261008,colour_logit,binary_healthy_other,exposure_3_B,480,18,0
5,20261008,colour_logit,binary_healthy_other,sham_3_B,480,17,0
5,20261008,colour_logit,binary_healthy_other,exposure_4_A,480,19,0
5,20261008,colour_logit,binary_healthy_other,sham_4_A,480,18,0
5,20261008,colour_logit,binary_healthy_other,exposure_4_B,480,19,0
5,20261008,colour_logit,binary_healthy_other,sham_4_B,480,19,0
5,20261008,resnet_cosine_1nn,multiclass,zero,480,0,0
5,20261008,resnet_cosine_1nn,multiclass,exposure_0_A,480,0,0
5,20261008,resnet_cosine_1nn,multiclass,sham_0_A,480,0,0
5,20261008,resnet_cosine_1nn,multiclass,exposure_0_B,480,0,0
5,20261008,resnet_cosine_1nn,multiclass,sham_0_B,480,0,0
5,20261008,resnet_cosine_1nn,multiclass,exposure_1_A,480,0,0
5,20261008,resnet_cosine_1nn,multiclass,sham_1_A,480,0,0
5,20261008,resnet_cosine_1nn,multiclass,exposure_1_B,480,0,0
5,20261008,resnet_cosine_1nn,multiclass,sham_1_B,480,0,0
5,20261008,resnet_cosine_1nn,multiclass,exposure_2_A,480,0,0
5,20261008,resnet_cosine_1nn,multiclass,sham_2_A,480,0,0
5,20261008,resnet_cosine_1nn,multiclass,exposure_2_B,480,0,0
5,20261008,resnet_cosine_1nn,multiclass,sham_2_B,480,0,0
5,20261008,resnet_cosine_1nn,multiclass,exposure_3_A,480,0,0
5,20261008,resnet_cosine_1nn,multiclass,sham_3_A,480,0,0
5,20261008,resnet_cosine_1nn,multiclass,exposure_3_B,480,0,0
5,20261008,resnet_cosine_1nn,multiclass,sham_3_B,480,0,0
5,20261008,resnet_cosine_1nn,multiclass,exposure_4_A,480,0,0
5,20261008,resnet_cosine_1nn,multiclass,sham_4_A,480,0,0
5,20261008,resnet_cosine_1nn,multiclass,exposure_4_B,480,0,0
5,20261008,resnet_cosine_1nn,multiclass,sham_4_B,480,0,0
5,20261008,resnet_cosine_1nn,binary_healthy_other,zero,480,0,0
5,20261008,resnet_cosine_1nn,binary_healthy_other,exposure_0_A,480,0,0
5,20261008,resnet_cosine_1nn,binary_healthy_other,sham_0_A,480,0,0
5,20261008,resnet_cosine_1nn,binary_healthy_other,exposure_0_B,480,0,0
5,20261008,resnet_cosine_1nn,binary_healthy_other,sham_0_B,480,0,0
5,20261008,resnet_cosine_1nn,binary_healthy_other,exposure_1_A,480,0,0
5,20261008,resnet_cosine_1nn,binary_healthy_other,sham_1_A,480,0,0
5,20261008,resnet_cosine_1nn,binary_healthy_other,exposure_1_B,480,0,0
5,20261008,resnet_cosine_1nn,binary_healthy_other,sham_1_B,480,0,0
5,20261008,resnet_cosine_1nn,binary_healthy_other,exposure_2_A,480,0,0
5,20261008,resnet_cosine_1nn,binary_healthy_other,sham_2_A,480,0,0
5,20261008,resnet_cosine_1nn,binary_healthy_other,exposure_2_B,480,0,0
5,20261008,resnet_cosine_1nn,binary_healthy_other,sham_2_B,480,0,0
5,20261008,resnet_cosine_1nn,binary_healthy_other,exposure_3_A,480,0,0
5,20261008,resnet_cosine_1nn,binary_healthy_other,sham_3_A,480,0,0
5,20261008,resnet_cosine_1nn,binary_healthy_other,exposure_3_B,480,0,0
5,20261008,resnet_cosine_1nn,binary_healthy_other,sham_3_B,480,0,0
5,20261008,resnet_cosine_1nn,binary_healthy_other,exposure_4_A,480,0,0
5,20261008,resnet_cosine_1nn,binary_healthy_other,sham_4_A,480,0,0
5,20261008,resnet_cosine_1nn,binary_healthy_other,exposure_4_B,480,0,0
5,20261008,resnet_cosine_1nn,binary_healthy_other,sham_4_B,480,0,0
6,20261009,resnet_logit,multiclass,zero,480,52,0
6,20261009,resnet_logit,multiclass,exposure_0_A,480,48,0
6,20261009,resnet_logit,multiclass,sham_0_A,480,56,0
6,20261009,resnet_logit,multiclass,exposure_0_B,480,48,0
6,20261009,resnet_logit,multiclass,sham_0_B,480,53,0
6,20261009,resnet_logit,multiclass,exposure_1_A,480,51,0
6,20261009,resnet_logit,multiclass,sham_1_A,480,54,0
6,20261009,resnet_logit,multiclass,exposure_1_B,480,48,0
6,20261009,resnet_logit,multiclass,sham_1_B,480,53,0
6,20261009,resnet_logit,multiclass,exposure_2_A,480,50,0
6,20261009,resnet_logit,multiclass,sham_2_A,480,63,0
6,20261009,resnet_logit,multiclass,exposure_2_B,480,50,0
6,20261009,resnet_logit,multiclass,sham_2_B,480,48,0
6,20261009,resnet_logit,multiclass,exposure_3_A,480,50,0
6,20261009,resnet_logit,multiclass,sham_3_A,480,55,0
6,20261009,resnet_logit,multiclass,exposure_3_B,480,49,0
6,20261009,resnet_logit,multiclass,sham_3_B,480,52,0
6,20261009,resnet_logit,multiclass,exposure_4_A,480,45,0
6,20261009,resnet_logit,multiclass,sham_4_A,480,49,0
6,20261009,resnet_logit,multiclass,exposure_4_B,480,43,0
6,20261009,resnet_logit,multiclass,sham_4_B,480,63,0
6,20261009,resnet_logit,binary_healthy_other,zero,480,21,0
6,20261009,resnet_logit,binary_healthy_other,exposure_0_A,480,20,0
6,20261009,resnet_logit,binary_healthy_other,sham_0_A,480,21,0
6,20261009,resnet_logit,binary_healthy_other,exposure_0_B,480,20,0
6,20261009,resnet_logit,binary_healthy_other,sham_0_B,480,21,0
6,20261009,resnet_logit,binary_healthy_other,exposure_1_A,480,20,0
6,20261009,resnet_logit,binary_healthy_other,sham_1_A,480,21,0
6,20261009,resnet_logit,binary_healthy_other,exposure_1_B,480,20,0
6,20261009,resnet_logit,binary_healthy_other,sham_1_B,480,21,0
6,20261009,resnet_logit,binary_healthy_other,exposure_2_A,480,21,0
6,20261009,resnet_logit,binary_healthy_other,sham_2_A,480,21,0
6,20261009,resnet_logit,binary_healthy_other,exposure_2_B,480,20,0
6,20261009,resnet_logit,binary_healthy_other,sham_2_B,480,21,0
6,20261009,resnet_logit,binary_healthy_other,exposure_3_A,480,20,0
6,20261009,resnet_logit,binary_healthy_other,sham_3_A,480,21,0
6,20261009,resnet_logit,binary_healthy_other,exposure_3_B,480,21,0
6,20261009,resnet_logit,binary_healthy_other,sham_3_B,480,20,0
6,20261009,resnet_logit,binary_healthy_other,exposure_4_A,480,21,0
6,20261009,resnet_logit,binary_healthy_other,sham_4_A,480,20,0
6,20261009,resnet_logit,binary_healthy_other,exposure_4_B,480,21,0
6,20261009,resnet_logit,binary_healthy_other,sham_4_B,480,22,0
6,20261009,colour_logit,multiclass,zero,480,39,0
6,20261009,colour_logit,multiclass,exposure_0_A,480,37,0
6,20261009,colour_logit,multiclass,sham_0_A,480,36,0
6,20261009,colour_logit,multiclass,exposure_0_B,480,36,0
6,20261009,colour_logit,multiclass,sham_0_B,480,36,0
6,20261009,colour_logit,multiclass,exposure_1_A,480,41,0
6,20261009,colour_logit,multiclass,sham_1_A,480,34,0
6,20261009,colour_logit,multiclass,exposure_1_B,480,37,0
6,20261009,colour_logit,multiclass,sham_1_B,480,36,0
6,20261009,colour_logit,multiclass,exposure_2_A,480,38,0
6,20261009,colour_logit,multiclass,sham_2_A,480,34,0
6,20261009,colour_logit,multiclass,exposure_2_B,480,39,0
6,20261009,colour_logit,multiclass,sham_2_B,480,36,0
6,20261009,colour_logit,multiclass,exposure_3_A,480,38,0
6,20261009,colour_logit,multiclass,sham_3_A,480,35,0
6,20261009,colour_logit,multiclass,exposure_3_B,480,41,0
6,20261009,colour_logit,multiclass,sham_3_B,480,37,0
6,20261009,colour_logit,multiclass,exposure_4_A,480,42,0
6,20261009,colour_logit,multiclass,sham_4_A,480,36,0
6,20261009,colour_logit,multiclass,exposure_4_B,480,36,0
6,20261009,colour_logit,multiclass,sham_4_B,480,34,0
6,20261009,colour_logit,binary_healthy_other,zero,480,18,0
6,20261009,colour_logit,binary_healthy_other,exposure_0_A,480,18,0
6,20261009,colour_logit,binary_healthy_other,sham_0_A,480,18,0
6,20261009,colour_logit,binary_healthy_other,exposure_0_B,480,18,0
6,20261009,colour_logit,binary_healthy_other,sham_0_B,480,18,0
6,20261009,colour_logit,binary_healthy_other,exposure_1_A,480,19,0
6,20261009,colour_logit,binary_healthy_other,sham_1_A,480,19,0
6,20261009,colour_logit,binary_healthy_other,exposure_1_B,480,19,0
6,20261009,colour_logit,binary_healthy_other,sham_1_B,480,18,0
6,20261009,colour_logit,binary_healthy_other,exposure_2_A,480,18,0
6,20261009,colour_logit,binary_healthy_other,sham_2_A,480,17,0
6,20261009,colour_logit,binary_healthy_other,exposure_2_B,480,16,0
6,20261009,colour_logit,binary_healthy_other,sham_2_B,480,19,0
6,20261009,colour_logit,binary_healthy_other,exposure_3_A,480,17,0
6,20261009,colour_logit,binary_healthy_other,sham_3_A,480,17,0
6,20261009,colour_logit,binary_healthy_other,exposure_3_B,480,18,0
6,20261009,colour_logit,binary_healthy_other,sham_3_B,480,18,0
6,20261009,colour_logit,binary_healthy_other,exposure_4_A,480,18,0
6,20261009,colour_logit,binary_healthy_other,sham_4_A,480,16,0
6,20261009,colour_logit,binary_healthy_other,exposure_4_B,480,17,0
6,20261009,colour_logit,binary_healthy_other,sham_4_B,480,18,0
6,20261009,resnet_cosine_1nn,multiclass,zero,480,0,0
6,20261009,resnet_cosine_1nn,multiclass,exposure_0_A,480,0,0
6,20261009,resnet_cosine_1nn,multiclass,sham_0_A,480,0,0
6,20261009,resnet_cosine_1nn,multiclass,exposure_0_B,480,0,0
6,20261009,resnet_cosine_1nn,multiclass,sham_0_B,480,0,0
6,20261009,resnet_cosine_1nn,multiclass,exposure_1_A,480,0,0
6,20261009,resnet_cosine_1nn,multiclass,sham_1_A,480,0,0
6,20261009,resnet_cosine_1nn,multiclass,exposure_1_B,480,0,0
6,20261009,resnet_cosine_1nn,multiclass,sham_1_B,480,0,0
6,20261009,resnet_cosine_1nn,multiclass,exposure_2_A,480,0,0
6,20261009,resnet_cosine_1nn,multiclass,sham_2_A,480,0,0
6,20261009,resnet_cosine_1nn,multiclass,exposure_2_B,480,0,0
6,20261009,resnet_cosine_1nn,multiclass,sham_2_B,480,0,0
6,20261009,resnet_cosine_1nn,multiclass,exposure_3_A,480,0,0
6,20261009,resnet_cosine_1nn,multiclass,sham_3_A,480,0,0
6,20261009,resnet_cosine_1nn,multiclass,exposure_3_B,480,0,0
6,20261009,resnet_cosine_1nn,multiclass,sham_3_B,480,0,0
6,20261009,resnet_cosine_1nn,multiclass,exposure_4_A,480,0,0
6,20261009,resnet_cosine_1nn,multiclass,sham_4_A,480,0,0
6,20261009,resnet_cosine_1nn,multiclass,exposure_4_B,480,0,0
6,20261009,resnet_cosine_1nn,multiclass,sham_4_B,480,0,0
6,20261009,resnet_cosine_1nn,binary_healthy_other,zero,480,0,0
6,20261009,resnet_cosine_1nn,binary_healthy_other,exposure_0_A,480,0,0
6,20261009,resnet_cosine_1nn,binary_healthy_other,sham_0_A,480,0,0
6,20261009,resnet_cosine_1nn,binary_healthy_other,exposure_0_B,480,0,0
6,20261009,resnet_cosine_1nn,binary_healthy_other,sham_0_B,480,0,0
6,20261009,resnet_cosine_1nn,binary_healthy_other,exposure_1_A,480,0,0
6,20261009,resnet_cosine_1nn,binary_healthy_other,sham_1_A,480,0,0
6,20261009,resnet_cosine_1nn,binary_healthy_other,exposure_1_B,480,0,0
6,20261009,resnet_cosine_1nn,binary_healthy_other,sham_1_B,480,0,0
6,20261009,resnet_cosine_1nn,binary_healthy_other,exposure_2_A,480,0,0
6,20261009,resnet_cosine_1nn,binary_healthy_other,sham_2_A,480,0,0
6,20261009,resnet_cosine_1nn,binary_healthy_other,exposure_2_B,480,0,0
6,20261009,resnet_cosine_1nn,binary_healthy_other,sham_2_B,480,0,0
6,20261009,resnet_cosine_1nn,binary_healthy_other,exposure_3_A,480,0,0
6,20261009,resnet_cosine_1nn,binary_healthy_other,sham_3_A,480,0,0
6,20261009,resnet_cosine_1nn,binary_healthy_other,exposure_3_B,480,0,0
6,20261009,resnet_cosine_1nn,binary_healthy_other,sham_3_B,480,0,0
6,20261009,resnet_cosine_1nn,binary_healthy_other,exposure_4_A,480,0,0
6,20261009,resnet_cosine_1nn,binary_healthy_other,sham_4_A,480,0,0
6,20261009,resnet_cosine_1nn,binary_healthy_other,exposure_4_B,480,0,0
6,20261009,resnet_cosine_1nn,binary_healthy_other,sham_4_B,480,0,0
7,20261010,resnet_logit,multiclass,zero,480,58,0
7,20261010,resnet_logit,multiclass,exposure_0_A,480,52,0
7,20261010,resnet_logit,multiclass,sham_0_A,480,59,0
7,20261010,resnet_logit,multiclass,exposure_0_B,480,50,0
7,20261010,resnet_logit,multiclass,sham_0_B,480,51,0
7,20261010,resnet_logit,multiclass,exposure_1_A,480,50,0
7,20261010,resnet_logit,multiclass,sham_1_A,480,47,0
7,20261010,resnet_logit,multiclass,exposure_1_B,480,52,0
7,20261010,resnet_logit,multiclass,sham_1_B,480,58,0
7,20261010,resnet_logit,multiclass,exposure_2_A,480,59,0
7,20261010,resnet_logit,multiclass,sham_2_A,480,51,0
7,20261010,resnet_logit,multiclass,exposure_2_B,480,53,0
7,20261010,resnet_logit,multiclass,sham_2_B,480,48,0
7,20261010,resnet_logit,multiclass,exposure_3_A,480,69,0
7,20261010,resnet_logit,multiclass,sham_3_A,480,56,0
7,20261010,resnet_logit,multiclass,exposure_3_B,480,52,0
7,20261010,resnet_logit,multiclass,sham_3_B,480,50,0
7,20261010,resnet_logit,multiclass,exposure_4_A,480,54,0
7,20261010,resnet_logit,multiclass,sham_4_A,480,50,0
7,20261010,resnet_logit,multiclass,exposure_4_B,480,61,0
7,20261010,resnet_logit,multiclass,sham_4_B,480,59,0
7,20261010,resnet_logit,binary_healthy_other,zero,480,20,0
7,20261010,resnet_logit,binary_healthy_other,exposure_0_A,480,21,0
7,20261010,resnet_logit,binary_healthy_other,sham_0_A,480,21,0
7,20261010,resnet_logit,binary_healthy_other,exposure_0_B,480,20,0
7,20261010,resnet_logit,binary_healthy_other,sham_0_B,480,21,0
7,20261010,resnet_logit,binary_healthy_other,exposure_1_A,480,22,0
7,20261010,resnet_logit,binary_healthy_other,sham_1_A,480,20,0
7,20261010,resnet_logit,binary_healthy_other,exposure_1_B,480,22,0
7,20261010,resnet_logit,binary_healthy_other,sham_1_B,480,19,0
7,20261010,resnet_logit,binary_healthy_other,exposure_2_A,480,21,0
7,20261010,resnet_logit,binary_healthy_other,sham_2_A,480,22,0
7,20261010,resnet_logit,binary_healthy_other,exposure_2_B,480,20,0
7,20261010,resnet_logit,binary_healthy_other,sham_2_B,480,20,0
7,20261010,resnet_logit,binary_healthy_other,exposure_3_A,480,21,0
7,20261010,resnet_logit,binary_healthy_other,sham_3_A,480,21,0
7,20261010,resnet_logit,binary_healthy_other,exposure_3_B,480,20,0
7,20261010,resnet_logit,binary_healthy_other,sham_3_B,480,20,0
7,20261010,resnet_logit,binary_healthy_other,exposure_4_A,480,22,0
7,20261010,resnet_logit,binary_healthy_other,sham_4_A,480,21,0
7,20261010,resnet_logit,binary_healthy_other,exposure_4_B,480,20,0
7,20261010,resnet_logit,binary_healthy_other,sham_4_B,480,21,0
7,20261010,colour_logit,multiclass,zero,480,35,0
7,20261010,colour_logit,multiclass,exposure_0_A,480,35,0
7,20261010,colour_logit,multiclass,sham_0_A,480,33,0
7,20261010,colour_logit,multiclass,exposure_0_B,480,35,0
7,20261010,colour_logit,multiclass,sham_0_B,480,33,0
7,20261010,colour_logit,multiclass,exposure_1_A,480,34,0
7,20261010,colour_logit,multiclass,sham_1_A,480,38,0
7,20261010,colour_logit,multiclass,exposure_1_B,480,34,0
7,20261010,colour_logit,multiclass,sham_1_B,480,34,0
7,20261010,colour_logit,multiclass,exposure_2_A,480,35,0
7,20261010,colour_logit,multiclass,sham_2_A,480,33,0
7,20261010,colour_logit,multiclass,exposure_2_B,480,35,0
7,20261010,colour_logit,multiclass,sham_2_B,480,35,0
7,20261010,colour_logit,multiclass,exposure_3_A,480,36,0
7,20261010,colour_logit,multiclass,sham_3_A,480,37,0
7,20261010,colour_logit,multiclass,exposure_3_B,480,36,0
7,20261010,colour_logit,multiclass,sham_3_B,480,35,0
7,20261010,colour_logit,multiclass,exposure_4_A,480,37,0
7,20261010,colour_logit,multiclass,sham_4_A,480,35,0
7,20261010,colour_logit,multiclass,exposure_4_B,480,36,0
7,20261010,colour_logit,multiclass,sham_4_B,480,33,0
7,20261010,colour_logit,binary_healthy_other,zero,480,18,0
7,20261010,colour_logit,binary_healthy_other,exposure_0_A,480,17,0
7,20261010,colour_logit,binary_healthy_other,sham_0_A,480,17,0
7,20261010,colour_logit,binary_healthy_other,exposure_0_B,480,19,0
7,20261010,colour_logit,binary_healthy_other,sham_0_B,480,18,0
7,20261010,colour_logit,binary_healthy_other,exposure_1_A,480,19,0
7,20261010,colour_logit,binary_healthy_other,sham_1_A,480,19,0
7,20261010,colour_logit,binary_healthy_other,exposure_1_B,480,17,0
7,20261010,colour_logit,binary_healthy_other,sham_1_B,480,18,0
7,20261010,colour_logit,binary_healthy_other,exposure_2_A,480,18,0
7,20261010,colour_logit,binary_healthy_other,sham_2_A,480,18,0
7,20261010,colour_logit,binary_healthy_other,exposure_2_B,480,18,0
7,20261010,colour_logit,binary_healthy_other,sham_2_B,480,17,0
7,20261010,colour_logit,binary_healthy_other,exposure_3_A,480,19,0
7,20261010,colour_logit,binary_healthy_other,sham_3_A,480,18,0
7,20261010,colour_logit,binary_healthy_other,exposure_3_B,480,19,0
7,20261010,colour_logit,binary_healthy_other,sham_3_B,480,17,0
7,20261010,colour_logit,binary_healthy_other,exposure_4_A,480,18,0
7,20261010,colour_logit,binary_healthy_other,sham_4_A,480,17,0
7,20261010,colour_logit,binary_healthy_other,exposure_4_B,480,19,0
7,20261010,colour_logit,binary_healthy_other,sham_4_B,480,17,0
7,20261010,resnet_cosine_1nn,multiclass,zero,480,0,0
7,20261010,resnet_cosine_1nn,multiclass,exposure_0_A,480,0,0
7,20261010,resnet_cosine_1nn,multiclass,sham_0_A,480,0,0
7,20261010,resnet_cosine_1nn,multiclass,exposure_0_B,480,0,0
7,20261010,resnet_cosine_1nn,multiclass,sham_0_B,480,0,0
7,20261010,resnet_cosine_1nn,multiclass,exposure_1_A,480,0,0
7,20261010,resnet_cosine_1nn,multiclass,sham_1_A,480,0,0
7,20261010,resnet_cosine_1nn,multiclass,exposure_1_B,480,0,0
7,20261010,resnet_cosine_1nn,multiclass,sham_1_B,480,0,0
7,20261010,resnet_cosine_1nn,multiclass,exposure_2_A,480,0,0
7,20261010,resnet_cosine_1nn,multiclass,sham_2_A,480,0,0
7,20261010,resnet_cosine_1nn,multiclass,exposure_2_B,480,0,0
7,20261010,resnet_cosine_1nn,multiclass,sham_2_B,480,0,0
7,20261010,resnet_cosine_1nn,multiclass,exposure_3_A,480,0,0
7,20261010,resnet_cosine_1nn,multiclass,sham_3_A,480,0,0
7,20261010,resnet_cosine_1nn,multiclass,exposure_3_B,480,0,0
7,20261010,resnet_cosine_1nn,multiclass,sham_3_B,480,0,0
7,20261010,resnet_cosine_1nn,multiclass,exposure_4_A,480,0,0
7,20261010,resnet_cosine_1nn,multiclass,sham_4_A,480,0,0
7,20261010,resnet_cosine_1nn,multiclass,exposure_4_B,480,0,0
7,20261010,resnet_cosine_1nn,multiclass,sham_4_B,480,0,0
7,20261010,resnet_cosine_1nn,binary_healthy_other,zero,480,0,0
7,20261010,resnet_cosine_1nn,binary_healthy_other,exposure_0_A,480,0,0
7,20261010,resnet_cosine_1nn,binary_healthy_other,sham_0_A,480,0,0
7,20261010,resnet_cosine_1nn,binary_healthy_other,exposure_0_B,480,0,0
7,20261010,resnet_cosine_1nn,binary_healthy_other,sham_0_B,480,0,0
7,20261010,resnet_cosine_1nn,binary_healthy_other,exposure_1_A,480,0,0
7,20261010,resnet_cosine_1nn,binary_healthy_other,sham_1_A,480,0,0
7,20261010,resnet_cosine_1nn,binary_healthy_other,exposure_1_B,480,0,0
7,20261010,resnet_cosine_1nn,binary_healthy_other,sham_1_B,480,0,0
7,20261010,resnet_cosine_1nn,binary_healthy_other,exposure_2_A,480,0,0
7,20261010,resnet_cosine_1nn,binary_healthy_other,sham_2_A,480,0,0
7,20261010,resnet_cosine_1nn,binary_healthy_other,exposure_2_B,480,0,0
7,20261010,resnet_cosine_1nn,binary_healthy_other,sham_2_B,480,0,0
7,20261010,resnet_cosine_1nn,binary_healthy_other,exposure_3_A,480,0,0
7,20261010,resnet_cosine_1nn,binary_healthy_other,sham_3_A,480,0,0
7,20261010,resnet_cosine_1nn,binary_healthy_other,exposure_3_B,480,0,0
7,20261010,resnet_cosine_1nn,binary_healthy_other,sham_3_B,480,0,0
7,20261010,resnet_cosine_1nn,binary_healthy_other,exposure_4_A,480,0,0
7,20261010,resnet_cosine_1nn,binary_healthy_other,sham_4_A,480,0,0
7,20261010,resnet_cosine_1nn,binary_healthy_other,exposure_4_B,480,0,0
7,20261010,resnet_cosine_1nn,binary_healthy_other,sham_4_B,480,0,0
8,20261011,resnet_logit,multiclass,zero,480,43,0
8,20261011,resnet_logit,multiclass,exposure_0_A,480,52,0
8,20261011,resnet_logit,multiclass,sham_0_A,480,51,0
8,20261011,resnet_logit,multiclass,exposure_0_B,480,55,0
8,20261011,resnet_logit,multiclass,sham_0_B,480,50,0
8,20261011,resnet_logit,multiclass,exposure_1_A,480,59,0
8,20261011,resnet_logit,multiclass,sham_1_A,480,52,0
8,20261011,resnet_logit,multiclass,exposure_1_B,480,50,0
8,20261011,resnet_logit,multiclass,sham_1_B,480,50,0
8,20261011,resnet_logit,multiclass,exposure_2_A,480,51,0
8,20261011,resnet_logit,multiclass,sham_2_A,480,51,0
8,20261011,resnet_logit,multiclass,exposure_2_B,480,61,0
8,20261011,resnet_logit,multiclass,sham_2_B,480,48,0
8,20261011,resnet_logit,multiclass,exposure_3_A,480,54,0
8,20261011,resnet_logit,multiclass,sham_3_A,480,51,0
8,20261011,resnet_logit,multiclass,exposure_3_B,480,53,0
8,20261011,resnet_logit,multiclass,sham_3_B,480,52,0
8,20261011,resnet_logit,multiclass,exposure_4_A,480,52,0
8,20261011,resnet_logit,multiclass,sham_4_A,480,52,0
8,20261011,resnet_logit,multiclass,exposure_4_B,480,52,0
8,20261011,resnet_logit,multiclass,sham_4_B,480,62,0
8,20261011,resnet_logit,binary_healthy_other,zero,480,21,0
8,20261011,resnet_logit,binary_healthy_other,exposure_0_A,480,21,0
8,20261011,resnet_logit,binary_healthy_other,sham_0_A,480,22,0
8,20261011,resnet_logit,binary_healthy_other,exposure_0_B,480,21,0
8,20261011,resnet_logit,binary_healthy_other,sham_0_B,480,21,0
8,20261011,resnet_logit,binary_healthy_other,exposure_1_A,480,20,0
8,20261011,resnet_logit,binary_healthy_other,sham_1_A,480,20,0
8,20261011,resnet_logit,binary_healthy_other,exposure_1_B,480,21,0
8,20261011,resnet_logit,binary_healthy_other,sham_1_B,480,21,0
8,20261011,resnet_logit,binary_healthy_other,exposure_2_A,480,22,0
8,20261011,resnet_logit,binary_healthy_other,sham_2_A,480,20,0
8,20261011,resnet_logit,binary_healthy_other,exposure_2_B,480,22,0
8,20261011,resnet_logit,binary_healthy_other,sham_2_B,480,20,0
8,20261011,resnet_logit,binary_healthy_other,exposure_3_A,480,21,0
8,20261011,resnet_logit,binary_healthy_other,sham_3_A,480,21,0
8,20261011,resnet_logit,binary_healthy_other,exposure_3_B,480,20,0
8,20261011,resnet_logit,binary_healthy_other,sham_3_B,480,20,0
8,20261011,resnet_logit,binary_healthy_other,exposure_4_A,480,21,0
8,20261011,resnet_logit,binary_healthy_other,sham_4_A,480,21,0
8,20261011,resnet_logit,binary_healthy_other,exposure_4_B,480,21,0
8,20261011,resnet_logit,binary_healthy_other,sham_4_B,480,21,0
8,20261011,colour_logit,multiclass,zero,480,35,0
8,20261011,colour_logit,multiclass,exposure_0_A,480,34,0
8,20261011,colour_logit,multiclass,sham_0_A,480,35,0
8,20261011,colour_logit,multiclass,exposure_0_B,480,35,0
8,20261011,colour_logit,multiclass,sham_0_B,480,37,0
8,20261011,colour_logit,multiclass,exposure_1_A,480,37,0
8,20261011,colour_logit,multiclass,sham_1_A,480,36,0
8,20261011,colour_logit,multiclass,exposure_1_B,480,33,0
8,20261011,colour_logit,multiclass,sham_1_B,480,35,0
8,20261011,colour_logit,multiclass,exposure_2_A,480,32,0
8,20261011,colour_logit,multiclass,sham_2_A,480,36,0
8,20261011,colour_logit,multiclass,exposure_2_B,480,44,0
8,20261011,colour_logit,multiclass,sham_2_B,480,36,0
8,20261011,colour_logit,multiclass,exposure_3_A,480,33,0
8,20261011,colour_logit,multiclass,sham_3_A,480,36,0
8,20261011,colour_logit,multiclass,exposure_3_B,480,36,0
8,20261011,colour_logit,multiclass,sham_3_B,480,35,0
8,20261011,colour_logit,multiclass,exposure_4_A,480,35,0
8,20261011,colour_logit,multiclass,sham_4_A,480,35,0
8,20261011,colour_logit,multiclass,exposure_4_B,480,38,0
8,20261011,colour_logit,multiclass,sham_4_B,480,38,0
8,20261011,colour_logit,binary_healthy_other,zero,480,17,0
8,20261011,colour_logit,binary_healthy_other,exposure_0_A,480,17,0
8,20261011,colour_logit,binary_healthy_other,sham_0_A,480,18,0
8,20261011,colour_logit,binary_healthy_other,exposure_0_B,480,19,0
8,20261011,colour_logit,binary_healthy_other,sham_0_B,480,17,0
8,20261011,colour_logit,binary_healthy_other,exposure_1_A,480,19,0
8,20261011,colour_logit,binary_healthy_other,sham_1_A,480,18,0
8,20261011,colour_logit,binary_healthy_other,exposure_1_B,480,17,0
8,20261011,colour_logit,binary_healthy_other,sham_1_B,480,17,0
8,20261011,colour_logit,binary_healthy_other,exposure_2_A,480,17,0
8,20261011,colour_logit,binary_healthy_other,sham_2_A,480,18,0
8,20261011,colour_logit,binary_healthy_other,exposure_2_B,480,18,0
8,20261011,colour_logit,binary_healthy_other,sham_2_B,480,18,0
8,20261011,colour_logit,binary_healthy_other,exposure_3_A,480,16,0
8,20261011,colour_logit,binary_healthy_other,sham_3_A,480,17,0
8,20261011,colour_logit,binary_healthy_other,exposure_3_B,480,18,0
8,20261011,colour_logit,binary_healthy_other,sham_3_B,480,17,0
8,20261011,colour_logit,binary_healthy_other,exposure_4_A,480,18,0
8,20261011,colour_logit,binary_healthy_other,sham_4_A,480,17,0
8,20261011,colour_logit,binary_healthy_other,exposure_4_B,480,17,0
8,20261011,colour_logit,binary_healthy_other,sham_4_B,480,16,0
8,20261011,resnet_cosine_1nn,multiclass,zero,480,0,0
8,20261011,resnet_cosine_1nn,multiclass,exposure_0_A,480,0,0
8,20261011,resnet_cosine_1nn,multiclass,sham_0_A,480,0,0
8,20261011,resnet_cosine_1nn,multiclass,exposure_0_B,480,0,0
8,20261011,resnet_cosine_1nn,multiclass,sham_0_B,480,0,0
8,20261011,resnet_cosine_1nn,multiclass,exposure_1_A,480,0,0
8,20261011,resnet_cosine_1nn,multiclass,sham_1_A,480,0,0
8,20261011,resnet_cosine_1nn,multiclass,exposure_1_B,480,0,0
8,20261011,resnet_cosine_1nn,multiclass,sham_1_B,480,0,0
8,20261011,resnet_cosine_1nn,multiclass,exposure_2_A,480,0,0
8,20261011,resnet_cosine_1nn,multiclass,sham_2_A,480,0,0
8,20261011,resnet_cosine_1nn,multiclass,exposure_2_B,480,0,0
8,20261011,resnet_cosine_1nn,multiclass,sham_2_B,480,0,0
8,20261011,resnet_cosine_1nn,multiclass,exposure_3_A,480,0,0
8,20261011,resnet_cosine_1nn,multiclass,sham_3_A,480,0,0
8,20261011,resnet_cosine_1nn,multiclass,exposure_3_B,480,0,0
8,20261011,resnet_cosine_1nn,multiclass,sham_3_B,480,0,0
8,20261011,resnet_cosine_1nn,multiclass,exposure_4_A,480,0,0
8,20261011,resnet_cosine_1nn,multiclass,sham_4_A,480,0,0
8,20261011,resnet_cosine_1nn,multiclass,exposure_4_B,480,0,0
8,20261011,resnet_cosine_1nn,multiclass,sham_4_B,480,0,0
8,20261011,resnet_cosine_1nn,binary_healthy_other,zero,480,0,0
8,20261011,resnet_cosine_1nn,binary_healthy_other,exposure_0_A,480,0,0
8,20261011,resnet_cosine_1nn,binary_healthy_other,sham_0_A,480,0,0
8,20261011,resnet_cosine_1nn,binary_healthy_other,exposure_0_B,480,0,0
8,20261011,resnet_cosine_1nn,binary_healthy_other,sham_0_B,480,0,0
8,20261011,resnet_cosine_1nn,binary_healthy_other,exposure_1_A,480,0,0
8,20261011,resnet_cosine_1nn,binary_healthy_other,sham_1_A,480,0,0
8,20261011,resnet_cosine_1nn,binary_healthy_other,exposure_1_B,480,0,0
8,20261011,resnet_cosine_1nn,binary_healthy_other,sham_1_B,480,0,0
8,20261011,resnet_cosine_1nn,binary_healthy_other,exposure_2_A,480,0,0
8,20261011,resnet_cosine_1nn,binary_healthy_other,sham_2_A,480,0,0
8,20261011,resnet_cosine_1nn,binary_healthy_other,exposure_2_B,480,0,0
8,20261011,resnet_cosine_1nn,binary_healthy_other,sham_2_B,480,0,0
8,20261011,resnet_cosine_1nn,binary_healthy_other,exposure_3_A,480,0,0
8,20261011,resnet_cosine_1nn,binary_healthy_other,sham_3_A,480,0,0
8,20261011,resnet_cosine_1nn,binary_healthy_other,exposure_3_B,480,0,0
8,20261011,resnet_cosine_1nn,binary_healthy_other,sham_3_B,480,0,0
8,20261011,resnet_cosine_1nn,binary_healthy_other,exposure_4_A,480,0,0
8,20261011,resnet_cosine_1nn,binary_healthy_other,sham_4_A,480,0,0
8,20261011,resnet_cosine_1nn,binary_healthy_other,exposure_4_B,480,0,0
8,20261011,resnet_cosine_1nn,binary_healthy_other,sham_4_B,480,0,0
9,20261012,resnet_logit,multiclass,zero,480,45,0
9,20261012,resnet_logit,multiclass,exposure_0_A,480,54,0
9,20261012,resnet_logit,multiclass,sham_0_A,480,42,0
9,20261012,resnet_logit,multiclass,exposure_0_B,480,45,0
9,20261012,resnet_logit,multiclass,sham_0_B,480,43,0
9,20261012,resnet_logit,multiclass,exposure_1_A,480,48,0
9,20261012,resnet_logit,multiclass,sham_1_A,480,43,0
9,20261012,resnet_logit,multiclass,exposure_1_B,480,42,0
9,20261012,resnet_logit,multiclass,sham_1_B,480,51,0
9,20261012,resnet_logit,multiclass,exposure_2_A,480,54,0
9,20261012,resnet_logit,multiclass,sham_2_A,480,43,0
9,20261012,resnet_logit,multiclass,exposure_2_B,480,50,0
9,20261012,resnet_logit,multiclass,sham_2_B,480,41,0
9,20261012,resnet_logit,multiclass,exposure_3_A,480,51,0
9,20261012,resnet_logit,multiclass,sham_3_A,480,44,0
9,20261012,resnet_logit,multiclass,exposure_3_B,480,49,0
9,20261012,resnet_logit,multiclass,sham_3_B,480,42,0
9,20261012,resnet_logit,multiclass,exposure_4_A,480,50,0
9,20261012,resnet_logit,multiclass,sham_4_A,480,42,0
9,20261012,resnet_logit,multiclass,exposure_4_B,480,44,0
9,20261012,resnet_logit,multiclass,sham_4_B,480,42,0
9,20261012,resnet_logit,binary_healthy_other,zero,480,20,0
9,20261012,resnet_logit,binary_healthy_other,exposure_0_A,480,20,0
9,20261012,resnet_logit,binary_healthy_other,sham_0_A,480,20,0
9,20261012,resnet_logit,binary_healthy_other,exposure_0_B,480,21,0
9,20261012,resnet_logit,binary_healthy_other,sham_0_B,480,21,0
9,20261012,resnet_logit,binary_healthy_other,exposure_1_A,480,20,0
9,20261012,resnet_logit,binary_healthy_other,sham_1_A,480,20,0
9,20261012,resnet_logit,binary_healthy_other,exposure_1_B,480,20,0
9,20261012,resnet_logit,binary_healthy_other,sham_1_B,480,21,0
9,20261012,resnet_logit,binary_healthy_other,exposure_2_A,480,21,0
9,20261012,resnet_logit,binary_healthy_other,sham_2_A,480,20,0
9,20261012,resnet_logit,binary_healthy_other,exposure_2_B,480,20,0
9,20261012,resnet_logit,binary_healthy_other,sham_2_B,480,22,0
9,20261012,resnet_logit,binary_healthy_other,exposure_3_A,480,20,0
9,20261012,resnet_logit,binary_healthy_other,sham_3_A,480,20,0
9,20261012,resnet_logit,binary_healthy_other,exposure_3_B,480,19,0
9,20261012,resnet_logit,binary_healthy_other,sham_3_B,480,20,0
9,20261012,resnet_logit,binary_healthy_other,exposure_4_A,480,20,0
9,20261012,resnet_logit,binary_healthy_other,sham_4_A,480,21,0
9,20261012,resnet_logit,binary_healthy_other,exposure_4_B,480,21,0
9,20261012,resnet_logit,binary_healthy_other,sham_4_B,480,21,0
9,20261012,colour_logit,multiclass,zero,480,36,0
9,20261012,colour_logit,multiclass,exposure_0_A,480,32,0
9,20261012,colour_logit,multiclass,sham_0_A,480,34,0
9,20261012,colour_logit,multiclass,exposure_0_B,480,37,0
9,20261012,colour_logit,multiclass,sham_0_B,480,34,0
9,20261012,colour_logit,multiclass,exposure_1_A,480,33,0
9,20261012,colour_logit,multiclass,sham_1_A,480,34,0
9,20261012,colour_logit,multiclass,exposure_1_B,480,35,0
9,20261012,colour_logit,multiclass,sham_1_B,480,34,0
9,20261012,colour_logit,multiclass,exposure_2_A,480,35,0
9,20261012,colour_logit,multiclass,sham_2_A,480,35,0
9,20261012,colour_logit,multiclass,exposure_2_B,480,32,0
9,20261012,colour_logit,multiclass,sham_2_B,480,35,0
9,20261012,colour_logit,multiclass,exposure_3_A,480,35,0
9,20261012,colour_logit,multiclass,sham_3_A,480,36,0
9,20261012,colour_logit,multiclass,exposure_3_B,480,34,0
9,20261012,colour_logit,multiclass,sham_3_B,480,37,0
9,20261012,colour_logit,multiclass,exposure_4_A,480,34,0
9,20261012,colour_logit,multiclass,sham_4_A,480,35,0
9,20261012,colour_logit,multiclass,exposure_4_B,480,35,0
9,20261012,colour_logit,multiclass,sham_4_B,480,36,0
9,20261012,colour_logit,binary_healthy_other,zero,480,17,0
9,20261012,colour_logit,binary_healthy_other,exposure_0_A,480,17,0
9,20261012,colour_logit,binary_healthy_other,sham_0_A,480,17,0
9,20261012,colour_logit,binary_healthy_other,exposure_0_B,480,17,0
9,20261012,colour_logit,binary_healthy_other,sham_0_B,480,17,0
9,20261012,colour_logit,binary_healthy_other,exposure_1_A,480,18,0
9,20261012,colour_logit,binary_healthy_other,sham_1_A,480,17,0
9,20261012,colour_logit,binary_healthy_other,exposure_1_B,480,17,0
9,20261012,colour_logit,binary_healthy_other,sham_1_B,480,16,0
9,20261012,colour_logit,binary_healthy_other,exposure_2_A,480,17,0
9,20261012,colour_logit,binary_healthy_other,sham_2_A,480,17,0
9,20261012,colour_logit,binary_healthy_other,exposure_2_B,480,18,0
9,20261012,colour_logit,binary_healthy_other,sham_2_B,480,16,0
9,20261012,colour_logit,binary_healthy_other,exposure_3_A,480,17,0
9,20261012,colour_logit,binary_healthy_other,sham_3_A,480,17,0
9,20261012,colour_logit,binary_healthy_other,exposure_3_B,480,18,0
9,20261012,colour_logit,binary_healthy_other,sham_3_B,480,18,0
9,20261012,colour_logit,binary_healthy_other,exposure_4_A,480,16,0
9,20261012,colour_logit,binary_healthy_other,sham_4_A,480,17,0
9,20261012,colour_logit,binary_healthy_other,exposure_4_B,480,18,0
9,20261012,colour_logit,binary_healthy_other,sham_4_B,480,17,0
9,20261012,resnet_cosine_1nn,multiclass,zero,480,0,0
9,20261012,resnet_cosine_1nn,multiclass,exposure_0_A,480,0,0
9,20261012,resnet_cosine_1nn,multiclass,sham_0_A,480,0,0
9,20261012,resnet_cosine_1nn,multiclass,exposure_0_B,480,0,0
9,20261012,resnet_cosine_1nn,multiclass,sham_0_B,480,0,0
9,20261012,resnet_cosine_1nn,multiclass,exposure_1_A,480,0,0
9,20261012,resnet_cosine_1nn,multiclass,sham_1_A,480,0,0
9,20261012,resnet_cosine_1nn,multiclass,exposure_1_B,480,0,0
9,20261012,resnet_cosine_1nn,multiclass,sham_1_B,480,0,0
9,20261012,resnet_cosine_1nn,multiclass,exposure_2_A,480,0,0
9,20261012,resnet_cosine_1nn,multiclass,sham_2_A,480,0,0
9,20261012,resnet_cosine_1nn,multiclass,exposure_2_B,480,0,0
9,20261012,resnet_cosine_1nn,multiclass,sham_2_B,480,0,0
9,20261012,resnet_cosine_1nn,multiclass,exposure_3_A,480,0,0
9,20261012,resnet_cosine_1nn,multiclass,sham_3_A,480,0,0
9,20261012,resnet_cosine_1nn,multiclass,exposure_3_B,480,0,0
9,20261012,resnet_cosine_1nn,multiclass,sham_3_B,480,0,0
9,20261012,resnet_cosine_1nn,multiclass,exposure_4_A,480,0,0
9,20261012,resnet_cosine_1nn,multiclass,sham_4_A,480,0,0
9,20261012,resnet_cosine_1nn,multiclass,exposure_4_B,480,0,0
9,20261012,resnet_cosine_1nn,multiclass,sham_4_B,480,0,0
9,20261012,resnet_cosine_1nn,binary_healthy_other,zero,480,0,0
9,20261012,resnet_cosine_1nn,binary_healthy_other,exposure_0_A,480,0,0
9,20261012,resnet_cosine_1nn,binary_healthy_other,sham_0_A,480,0,0
9,20261012,resnet_cosine_1nn,binary_healthy_other,exposure_0_B,480,0,0
9,20261012,resnet_cosine_1nn,binary_healthy_other,sham_0_B,480,0,0
9,20261012,resnet_cosine_1nn,binary_healthy_other,exposure_1_A,480,0,0
9,20261012,resnet_cosine_1nn,binary_healthy_other,sham_1_A,480,0,0
9,20261012,resnet_cosine_1nn,binary_healthy_other,exposure_1_B,480,0,0
9,20261012,resnet_cosine_1nn,binary_healthy_other,sham_1_B,480,0,0
9,20261012,resnet_cosine_1nn,binary_healthy_other,exposure_2_A,480,0,0
9,20261012,resnet_cosine_1nn,binary_healthy_other,sham_2_A,480,0,0
9,20261012,resnet_cosine_1nn,binary_healthy_other,exposure_2_B,480,0,0
9,20261012,resnet_cosine_1nn,binary_healthy_other,sham_2_B,480,0,0
9,20261012,resnet_cosine_1nn,binary_healthy_other,exposure_3_A,480,0,0
9,20261012,resnet_cosine_1nn,binary_healthy_other,sham_3_A,480,0,0
9,20261012,resnet_cosine_1nn,binary_healthy_other,exposure_3_B,480,0,0
9,20261012,resnet_cosine_1nn,binary_healthy_other,sham_3_B,480,0,0
9,20261012,resnet_cosine_1nn,binary_healthy_other,exposure_4_A,480,0,0
9,20261012,resnet_cosine_1nn,binary_healthy_other,sham_4_A,480,0,0
9,20261012,resnet_cosine_1nn,binary_healthy_other,exposure_4_B,480,0,0
9,20261012,resnet_cosine_1nn,binary_healthy_other,sham_4_B,480,0,0
10,20261013,resnet_logit,multiclass,zero,480,55,0
10,20261013,resnet_logit,multiclass,exposure_0_A,480,54,0
10,20261013,resnet_logit,multiclass,sham_0_A,480,44,0
10,20261013,resnet_logit,multiclass,exposure_0_B,480,48,0
10,20261013,resnet_logit,multiclass,sham_0_B,480,52,0
10,20261013,resnet_logit,multiclass,exposure_1_A,480,50,0
10,20261013,resnet_logit,multiclass,sham_1_A,480,53,0
10,20261013,resnet_logit,multiclass,exposure_1_B,480,52,0
10,20261013,resnet_logit,multiclass,sham_1_B,480,44,0
10,20261013,resnet_logit,multiclass,exposure_2_A,480,52,0
10,20261013,resnet_logit,multiclass,sham_2_A,480,51,0
10,20261013,resnet_logit,multiclass,exposure_2_B,480,53,0
10,20261013,resnet_logit,multiclass,sham_2_B,480,51,0
10,20261013,resnet_logit,multiclass,exposure_3_A,480,52,0
10,20261013,resnet_logit,multiclass,sham_3_A,480,51,0
10,20261013,resnet_logit,multiclass,exposure_3_B,480,54,0
10,20261013,resnet_logit,multiclass,sham_3_B,480,55,0
10,20261013,resnet_logit,multiclass,exposure_4_A,480,49,0
10,20261013,resnet_logit,multiclass,sham_4_A,480,53,0
10,20261013,resnet_logit,multiclass,exposure_4_B,480,50,0
10,20261013,resnet_logit,multiclass,sham_4_B,480,53,0
10,20261013,resnet_logit,binary_healthy_other,zero,480,21,0
10,20261013,resnet_logit,binary_healthy_other,exposure_0_A,480,21,0
10,20261013,resnet_logit,binary_healthy_other,sham_0_A,480,21,0
10,20261013,resnet_logit,binary_healthy_other,exposure_0_B,480,21,0
10,20261013,resnet_logit,binary_healthy_other,sham_0_B,480,21,0
10,20261013,resnet_logit,binary_healthy_other,exposure_1_A,480,21,0
10,20261013,resnet_logit,binary_healthy_other,sham_1_A,480,21,0
10,20261013,resnet_logit,binary_healthy_other,exposure_1_B,480,21,0
10,20261013,resnet_logit,binary_healthy_other,sham_1_B,480,20,0
10,20261013,resnet_logit,binary_healthy_other,exposure_2_A,480,21,0
10,20261013,resnet_logit,binary_healthy_other,sham_2_A,480,21,0
10,20261013,resnet_logit,binary_healthy_other,exposure_2_B,480,21,0
10,20261013,resnet_logit,binary_healthy_other,sham_2_B,480,21,0
10,20261013,resnet_logit,binary_healthy_other,exposure_3_A,480,21,0
10,20261013,resnet_logit,binary_healthy_other,sham_3_A,480,20,0
10,20261013,resnet_logit,binary_healthy_other,exposure_3_B,480,21,0
10,20261013,resnet_logit,binary_healthy_other,sham_3_B,480,22,0
10,20261013,resnet_logit,binary_healthy_other,exposure_4_A,480,22,0
10,20261013,resnet_logit,binary_healthy_other,sham_4_A,480,21,0
10,20261013,resnet_logit,binary_healthy_other,exposure_4_B,480,22,0
10,20261013,resnet_logit,binary_healthy_other,sham_4_B,480,20,0
10,20261013,colour_logit,multiclass,zero,480,32,0
10,20261013,colour_logit,multiclass,exposure_0_A,480,35,0
10,20261013,colour_logit,multiclass,sham_0_A,480,38,0
10,20261013,colour_logit,multiclass,exposure_0_B,480,38,0
10,20261013,colour_logit,multiclass,sham_0_B,480,34,0
10,20261013,colour_logit,multiclass,exposure_1_A,480,33,0
10,20261013,colour_logit,multiclass,sham_1_A,480,37,0
10,20261013,colour_logit,multiclass,exposure_1_B,480,33,0
10,20261013,colour_logit,multiclass,sham_1_B,480,34,0
10,20261013,colour_logit,multiclass,exposure_2_A,480,33,0
10,20261013,colour_logit,multiclass,sham_2_A,480,35,0
10,20261013,colour_logit,multiclass,exposure_2_B,480,33,0
10,20261013,colour_logit,multiclass,sham_2_B,480,37,0
10,20261013,colour_logit,multiclass,exposure_3_A,480,34,0
10,20261013,colour_logit,multiclass,sham_3_A,480,33,0
10,20261013,colour_logit,multiclass,exposure_3_B,480,34,0
10,20261013,colour_logit,multiclass,sham_3_B,480,34,0
10,20261013,colour_logit,multiclass,exposure_4_A,480,33,0
10,20261013,colour_logit,multiclass,sham_4_A,480,33,0
10,20261013,colour_logit,multiclass,exposure_4_B,480,34,0
10,20261013,colour_logit,multiclass,sham_4_B,480,38,0
10,20261013,colour_logit,binary_healthy_other,zero,480,19,0
10,20261013,colour_logit,binary_healthy_other,exposure_0_A,480,18,0
10,20261013,colour_logit,binary_healthy_other,sham_0_A,480,17,0
10,20261013,colour_logit,binary_healthy_other,exposure_0_B,480,17,0
10,20261013,colour_logit,binary_healthy_other,sham_0_B,480,19,0
10,20261013,colour_logit,binary_healthy_other,exposure_1_A,480,18,0
10,20261013,colour_logit,binary_healthy_other,sham_1_A,480,18,0
10,20261013,colour_logit,binary_healthy_other,exposure_1_B,480,17,0
10,20261013,colour_logit,binary_healthy_other,sham_1_B,480,17,0
10,20261013,colour_logit,binary_healthy_other,exposure_2_A,480,19,0
10,20261013,colour_logit,binary_healthy_other,sham_2_A,480,18,0
10,20261013,colour_logit,binary_healthy_other,exposure_2_B,480,18,0
10,20261013,colour_logit,binary_healthy_other,sham_2_B,480,17,0
10,20261013,colour_logit,binary_healthy_other,exposure_3_A,480,17,0
10,20261013,colour_logit,binary_healthy_other,sham_3_A,480,16,0
10,20261013,colour_logit,binary_healthy_other,exposure_3_B,480,18,0
10,20261013,colour_logit,binary_healthy_other,sham_3_B,480,17,0
10,20261013,colour_logit,binary_healthy_other,exposure_4_A,480,17,0
10,20261013,colour_logit,binary_healthy_other,sham_4_A,480,18,0
10,20261013,colour_logit,binary_healthy_other,exposure_4_B,480,19,0
10,20261013,colour_logit,binary_healthy_other,sham_4_B,480,16,0
10,20261013,resnet_cosine_1nn,multiclass,zero,480,0,0
10,20261013,resnet_cosine_1nn,multiclass,exposure_0_A,480,0,0
10,20261013,resnet_cosine_1nn,multiclass,sham_0_A,480,0,0
10,20261013,resnet_cosine_1nn,multiclass,exposure_0_B,480,0,0
10,20261013,resnet_cosine_1nn,multiclass,sham_0_B,480,0,0
10,20261013,resnet_cosine_1nn,multiclass,exposure_1_A,480,0,0
10,20261013,resnet_cosine_1nn,multiclass,sham_1_A,480,0,0
10,20261013,resnet_cosine_1nn,multiclass,exposure_1_B,480,0,0
10,20261013,resnet_cosine_1nn,multiclass,sham_1_B,480,0,0
10,20261013,resnet_cosine_1nn,multiclass,exposure_2_A,480,0,0
10,20261013,resnet_cosine_1nn,multiclass,sham_2_A,480,0,0
10,20261013,resnet_cosine_1nn,multiclass,exposure_2_B,480,0,0
10,20261013,resnet_cosine_1nn,multiclass,sham_2_B,480,0,0
10,20261013,resnet_cosine_1nn,multiclass,exposure_3_A,480,0,0
10,20261013,resnet_cosine_1nn,multiclass,sham_3_A,480,0,0
10,20261013,resnet_cosine_1nn,multiclass,exposure_3_B,480,0,0
10,20261013,resnet_cosine_1nn,multiclass,sham_3_B,480,0,0
10,20261013,resnet_cosine_1nn,multiclass,exposure_4_A,480,0,0
10,20261013,resnet_cosine_1nn,multiclass,sham_4_A,480,0,0
10,20261013,resnet_cosine_1nn,multiclass,exposure_4_B,480,0,0
10,20261013,resnet_cosine_1nn,multiclass,sham_4_B,480,0,0
10,20261013,resnet_cosine_1nn,binary_healthy_other,zero,480,0,0
10,20261013,resnet_cosine_1nn,binary_healthy_other,exposure_0_A,480,0,0
10,20261013,resnet_cosine_1nn,binary_healthy_other,sham_0_A,480,0,0
10,20261013,resnet_cosine_1nn,binary_healthy_other,exposure_0_B,480,0,0
10,20261013,resnet_cosine_1nn,binary_healthy_other,sham_0_B,480,0,0
10,20261013,resnet_cosine_1nn,binary_healthy_other,exposure_1_A,480,0,0
10,20261013,resnet_cosine_1nn,binary_healthy_other,sham_1_A,480,0,0
10,20261013,resnet_cosine_1nn,binary_healthy_other,exposure_1_B,480,0,0
10,20261013,resnet_cosine_1nn,binary_healthy_other,sham_1_B,480,0,0
10,20261013,resnet_cosine_1nn,binary_healthy_other,exposure_2_A,480,0,0
10,20261013,resnet_cosine_1nn,binary_healthy_other,sham_2_A,480,0,0
10,20261013,resnet_cosine_1nn,binary_healthy_other,exposure_2_B,480,0,0
10,20261013,resnet_cosine_1nn,binary_healthy_other,sham_2_B,480,0,0
10,20261013,resnet_cosine_1nn,binary_healthy_other,exposure_3_A,480,0,0
10,20261013,resnet_cosine_1nn,binary_healthy_other,sham_3_A,480,0,0
10,20261013,resnet_cosine_1nn,binary_healthy_other,exposure_3_B,480,0,0
10,20261013,resnet_cosine_1nn,binary_healthy_other,sham_3_B,480,0,0
10,20261013,resnet_cosine_1nn,binary_healthy_other,exposure_4_A,480,0,0
10,20261013,resnet_cosine_1nn,binary_healthy_other,sham_4_A,480,0,0
10,20261013,resnet_cosine_1nn,binary_healthy_other,exposure_4_B,480,0,0
10,20261013,resnet_cosine_1nn,binary_healthy_other,sham_4_B,480,0,0
11,20261014,resnet_logit,multiclass,zero,480,52,0
11,20261014,resnet_logit,multiclass,exposure_0_A,480,62,0
11,20261014,resnet_logit,multiclass,sham_0_A,480,52,0
11,20261014,resnet_logit,multiclass,exposure_0_B,480,51,0
11,20261014,resnet_logit,multiclass,sham_0_B,480,60,0
11,20261014,resnet_logit,multiclass,exposure_1_A,480,43,0
11,20261014,resnet_logit,multiclass,sham_1_A,480,43,0
11,20261014,resnet_logit,multiclass,exposure_1_B,480,54,0
11,20261014,resnet_logit,multiclass,sham_1_B,480,51,0
11,20261014,resnet_logit,multiclass,exposure_2_A,480,52,0
11,20261014,resnet_logit,multiclass,sham_2_A,480,56,0
11,20261014,resnet_logit,multiclass,exposure_2_B,480,56,0
11,20261014,resnet_logit,multiclass,sham_2_B,480,53,0
11,20261014,resnet_logit,multiclass,exposure_3_A,480,52,0
11,20261014,resnet_logit,multiclass,sham_3_A,480,56,0
11,20261014,resnet_logit,multiclass,exposure_3_B,480,54,0
11,20261014,resnet_logit,multiclass,sham_3_B,480,51,0
11,20261014,resnet_logit,multiclass,exposure_4_A,480,52,0
11,20261014,resnet_logit,multiclass,sham_4_A,480,53,0
11,20261014,resnet_logit,multiclass,exposure_4_B,480,52,0
11,20261014,resnet_logit,multiclass,sham_4_B,480,50,0
11,20261014,resnet_logit,binary_healthy_other,zero,480,20,0
11,20261014,resnet_logit,binary_healthy_other,exposure_0_A,480,20,0
11,20261014,resnet_logit,binary_healthy_other,sham_0_A,480,21,0
11,20261014,resnet_logit,binary_healthy_other,exposure_0_B,480,20,0
11,20261014,resnet_logit,binary_healthy_other,sham_0_B,480,21,0
11,20261014,resnet_logit,binary_healthy_other,exposure_1_A,480,21,0
11,20261014,resnet_logit,binary_healthy_other,sham_1_A,480,20,0
11,20261014,resnet_logit,binary_healthy_other,exposure_1_B,480,19,0
11,20261014,resnet_logit,binary_healthy_other,sham_1_B,480,20,0
11,20261014,resnet_logit,binary_healthy_other,exposure_2_A,480,20,0
11,20261014,resnet_logit,binary_healthy_other,sham_2_A,480,19,0
11,20261014,resnet_logit,binary_healthy_other,exposure_2_B,480,20,0
11,20261014,resnet_logit,binary_healthy_other,sham_2_B,480,21,0
11,20261014,resnet_logit,binary_healthy_other,exposure_3_A,480,21,0
11,20261014,resnet_logit,binary_healthy_other,sham_3_A,480,21,0
11,20261014,resnet_logit,binary_healthy_other,exposure_3_B,480,20,0
11,20261014,resnet_logit,binary_healthy_other,sham_3_B,480,21,0
11,20261014,resnet_logit,binary_healthy_other,exposure_4_A,480,20,0
11,20261014,resnet_logit,binary_healthy_other,sham_4_A,480,20,0
11,20261014,resnet_logit,binary_healthy_other,exposure_4_B,480,21,0
11,20261014,resnet_logit,binary_healthy_other,sham_4_B,480,22,0
11,20261014,colour_logit,multiclass,zero,480,35,0
11,20261014,colour_logit,multiclass,exposure_0_A,480,31,0
11,20261014,colour_logit,multiclass,sham_0_A,480,33,0
11,20261014,colour_logit,multiclass,exposure_0_B,480,34,0
11,20261014,colour_logit,multiclass,sham_0_B,480,35,0
11,20261014,colour_logit,multiclass,exposure_1_A,480,32,0
11,20261014,colour_logit,multiclass,sham_1_A,480,34,0
11,20261014,colour_logit,multiclass,exposure_1_B,480,34,0
11,20261014,colour_logit,multiclass,sham_1_B,480,34,0
11,20261014,colour_logit,multiclass,exposure_2_A,480,36,0
11,20261014,colour_logit,multiclass,sham_2_A,480,36,0
11,20261014,colour_logit,multiclass,exposure_2_B,480,33,0
11,20261014,colour_logit,multiclass,sham_2_B,480,32,0
11,20261014,colour_logit,multiclass,exposure_3_A,480,34,0
11,20261014,colour_logit,multiclass,sham_3_A,480,35,0
11,20261014,colour_logit,multiclass,exposure_3_B,480,35,0
11,20261014,colour_logit,multiclass,sham_3_B,480,35,0
11,20261014,colour_logit,multiclass,exposure_4_A,480,31,0
11,20261014,colour_logit,multiclass,sham_4_A,480,34,0
11,20261014,colour_logit,multiclass,exposure_4_B,480,35,0
11,20261014,colour_logit,multiclass,sham_4_B,480,37,0
11,20261014,colour_logit,binary_healthy_other,zero,480,17,0
11,20261014,colour_logit,binary_healthy_other,exposure_0_A,480,20,0
11,20261014,colour_logit,binary_healthy_other,sham_0_A,480,18,0
11,20261014,colour_logit,binary_healthy_other,exposure_0_B,480,16,0
11,20261014,colour_logit,binary_healthy_other,sham_0_B,480,18,0
11,20261014,colour_logit,binary_healthy_other,exposure_1_A,480,17,0
11,20261014,colour_logit,binary_healthy_other,sham_1_A,480,18,0
11,20261014,colour_logit,binary_healthy_other,exposure_1_B,480,18,0
11,20261014,colour_logit,binary_healthy_other,sham_1_B,480,16,0
11,20261014,colour_logit,binary_healthy_other,exposure_2_A,480,18,0
11,20261014,colour_logit,binary_healthy_other,sham_2_A,480,18,0
11,20261014,colour_logit,binary_healthy_other,exposure_2_B,480,17,0
11,20261014,colour_logit,binary_healthy_other,sham_2_B,480,17,0
11,20261014,colour_logit,binary_healthy_other,exposure_3_A,480,19,0
11,20261014,colour_logit,binary_healthy_other,sham_3_A,480,18,0
11,20261014,colour_logit,binary_healthy_other,exposure_3_B,480,17,0
11,20261014,colour_logit,binary_healthy_other,sham_3_B,480,17,0
11,20261014,colour_logit,binary_healthy_other,exposure_4_A,480,19,0
11,20261014,colour_logit,binary_healthy_other,sham_4_A,480,18,0
11,20261014,colour_logit,binary_healthy_other,exposure_4_B,480,18,0
11,20261014,colour_logit,binary_healthy_other,sham_4_B,480,17,0
11,20261014,resnet_cosine_1nn,multiclass,zero,480,0,0
11,20261014,resnet_cosine_1nn,multiclass,exposure_0_A,480,0,0
11,20261014,resnet_cosine_1nn,multiclass,sham_0_A,480,0,0
11,20261014,resnet_cosine_1nn,multiclass,exposure_0_B,480,0,0
11,20261014,resnet_cosine_1nn,multiclass,sham_0_B,480,0,0
11,20261014,resnet_cosine_1nn,multiclass,exposure_1_A,480,0,0
11,20261014,resnet_cosine_1nn,multiclass,sham_1_A,480,0,0
11,20261014,resnet_cosine_1nn,multiclass,exposure_1_B,480,0,0
11,20261014,resnet_cosine_1nn,multiclass,sham_1_B,480,0,0
11,20261014,resnet_cosine_1nn,multiclass,exposure_2_A,480,0,0
11,20261014,resnet_cosine_1nn,multiclass,sham_2_A,480,0,0
11,20261014,resnet_cosine_1nn,multiclass,exposure_2_B,480,0,0
11,20261014,resnet_cosine_1nn,multiclass,sham_2_B,480,0,0
11,20261014,resnet_cosine_1nn,multiclass,exposure_3_A,480,0,0
11,20261014,resnet_cosine_1nn,multiclass,sham_3_A,480,0,0
11,20261014,resnet_cosine_1nn,multiclass,exposure_3_B,480,0,0
11,20261014,resnet_cosine_1nn,multiclass,sham_3_B,480,0,0
11,20261014,resnet_cosine_1nn,multiclass,exposure_4_A,480,0,0
11,20261014,resnet_cosine_1nn,multiclass,sham_4_A,480,0,0
11,20261014,resnet_cosine_1nn,multiclass,exposure_4_B,480,0,0
11,20261014,resnet_cosine_1nn,multiclass,sham_4_B,480,0,0
11,20261014,resnet_cosine_1nn,binary_healthy_other,zero,480,0,0
11,20261014,resnet_cosine_1nn,binary_healthy_other,exposure_0_A,480,0,0
11,20261014,resnet_cosine_1nn,binary_healthy_other,sham_0_A,480,0,0
11,20261014,resnet_cosine_1nn,binary_healthy_other,exposure_0_B,480,0,0
11,20261014,resnet_cosine_1nn,binary_healthy_other,sham_0_B,480,0,0
11,20261014,resnet_cosine_1nn,binary_healthy_other,exposure_1_A,480,0,0
11,20261014,resnet_cosine_1nn,binary_healthy_other,sham_1_A,480,0,0
11,20261014,resnet_cosine_1nn,binary_healthy_other,exposure_1_B,480,0,0
11,20261014,resnet_cosine_1nn,binary_healthy_other,sham_1_B,480,0,0
11,20261014,resnet_cosine_1nn,binary_healthy_other,exposure_2_A,480,0,0
11,20261014,resnet_cosine_1nn,binary_healthy_other,sham_2_A,480,0,0
11,20261014,resnet_cosine_1nn,binary_healthy_other,exposure_2_B,480,0,0
11,20261014,resnet_cosine_1nn,binary_healthy_other,sham_2_B,480,0,0
11,20261014,resnet_cosine_1nn,binary_healthy_other,exposure_3_A,480,0,0
11,20261014,resnet_cosine_1nn,binary_healthy_other,sham_3_A,480,0,0
11,20261014,resnet_cosine_1nn,binary_healthy_other,exposure_3_B,480,0,0
11,20261014,resnet_cosine_1nn,binary_healthy_other,sham_3_B,480,0,0
11,20261014,resnet_cosine_1nn,binary_healthy_other,exposure_4_A,480,0,0
11,20261014,resnet_cosine_1nn,binary_healthy_other,sham_4_A,480,0,0
11,20261014,resnet_cosine_1nn,binary_healthy_other,exposure_4_B,480,0,0
11,20261014,resnet_cosine_1nn,binary_healthy_other,sham_4_B,480,0,0
12,20261015,resnet_logit,multiclass,zero,480,51,0
12,20261015,resnet_logit,multiclass,exposure_0_A,480,53,0
12,20261015,resnet_logit,multiclass,sham_0_A,480,56,0
12,20261015,resnet_logit,multiclass,exposure_0_B,480,42,0
12,20261015,resnet_logit,multiclass,sham_0_B,480,49,0
12,20261015,resnet_logit,multiclass,exposure_1_A,480,42,0
12,20261015,resnet_logit,multiclass,sham_1_A,480,53,0
12,20261015,resnet_logit,multiclass,exposure_1_B,480,59,0
12,20261015,resnet_logit,multiclass,sham_1_B,480,51,0
12,20261015,resnet_logit,multiclass,exposure_2_A,480,49,0
12,20261015,resnet_logit,multiclass,sham_2_A,480,51,0
12,20261015,resnet_logit,multiclass,exposure_2_B,480,54,0
12,20261015,resnet_logit,multiclass,sham_2_B,480,53,0
12,20261015,resnet_logit,multiclass,exposure_3_A,480,50,0
12,20261015,resnet_logit,multiclass,sham_3_A,480,56,0
12,20261015,resnet_logit,multiclass,exposure_3_B,480,42,0
12,20261015,resnet_logit,multiclass,sham_3_B,480,55,0
12,20261015,resnet_logit,multiclass,exposure_4_A,480,49,0
12,20261015,resnet_logit,multiclass,sham_4_A,480,56,0
12,20261015,resnet_logit,multiclass,exposure_4_B,480,49,0
12,20261015,resnet_logit,multiclass,sham_4_B,480,52,0
12,20261015,resnet_logit,binary_healthy_other,zero,480,20,0
12,20261015,resnet_logit,binary_healthy_other,exposure_0_A,480,21,0
12,20261015,resnet_logit,binary_healthy_other,sham_0_A,480,20,0
12,20261015,resnet_logit,binary_healthy_other,exposure_0_B,480,22,0
12,20261015,resnet_logit,binary_healthy_other,sham_0_B,480,20,0
12,20261015,resnet_logit,binary_healthy_other,exposure_1_A,480,22,0
12,20261015,resnet_logit,binary_healthy_other,sham_1_A,480,21,0
12,20261015,resnet_logit,binary_healthy_other,exposure_1_B,480,20,0
12,20261015,resnet_logit,binary_healthy_other,sham_1_B,480,21,0
12,20261015,resnet_logit,binary_healthy_other,exposure_2_A,480,20,0
12,20261015,resnet_logit,binary_healthy_other,sham_2_A,480,21,0
12,20261015,resnet_logit,binary_healthy_other,exposure_2_B,480,21,0
12,20261015,resnet_logit,binary_healthy_other,sham_2_B,480,21,0
12,20261015,resnet_logit,binary_healthy_other,exposure_3_A,480,21,0
12,20261015,resnet_logit,binary_healthy_other,sham_3_A,480,20,0
12,20261015,resnet_logit,binary_healthy_other,exposure_3_B,480,20,0
12,20261015,resnet_logit,binary_healthy_other,sham_3_B,480,22,0
12,20261015,resnet_logit,binary_healthy_other,exposure_4_A,480,22,0
12,20261015,resnet_logit,binary_healthy_other,sham_4_A,480,21,0
12,20261015,resnet_logit,binary_healthy_other,exposure_4_B,480,20,0
12,20261015,resnet_logit,binary_healthy_other,sham_4_B,480,21,0
12,20261015,colour_logit,multiclass,zero,480,33,0
12,20261015,colour_logit,multiclass,exposure_0_A,480,36,0
12,20261015,colour_logit,multiclass,sham_0_A,480,32,0
12,20261015,colour_logit,multiclass,exposure_0_B,480,37,0
12,20261015,colour_logit,multiclass,sham_0_B,480,33,0
12,20261015,colour_logit,multiclass,exposure_1_A,480,35,0
12,20261015,colour_logit,multiclass,sham_1_A,480,34,0
12,20261015,colour_logit,multiclass,exposure_1_B,480,32,0
12,20261015,colour_logit,multiclass,sham_1_B,480,37,0
12,20261015,colour_logit,multiclass,exposure_2_A,480,34,0
12,20261015,colour_logit,multiclass,sham_2_A,480,33,0
12,20261015,colour_logit,multiclass,exposure_2_B,480,33,0
12,20261015,colour_logit,multiclass,sham_2_B,480,31,0
12,20261015,colour_logit,multiclass,exposure_3_A,480,33,0
12,20261015,colour_logit,multiclass,sham_3_A,480,33,0
12,20261015,colour_logit,multiclass,exposure_3_B,480,34,0
12,20261015,colour_logit,multiclass,sham_3_B,480,32,0
12,20261015,colour_logit,multiclass,exposure_4_A,480,34,0
12,20261015,colour_logit,multiclass,sham_4_A,480,33,0
12,20261015,colour_logit,multiclass,exposure_4_B,480,35,0
12,20261015,colour_logit,multiclass,sham_4_B,480,32,0
12,20261015,colour_logit,binary_healthy_other,zero,480,19,0
12,20261015,colour_logit,binary_healthy_other,exposure_0_A,480,17,0
12,20261015,colour_logit,binary_healthy_other,sham_0_A,480,16,0
12,20261015,colour_logit,binary_healthy_other,exposure_0_B,480,18,0
12,20261015,colour_logit,binary_healthy_other,sham_0_B,480,18,0
12,20261015,colour_logit,binary_healthy_other,exposure_1_A,480,17,0
12,20261015,colour_logit,binary_healthy_other,sham_1_A,480,16,0
12,20261015,colour_logit,binary_healthy_other,exposure_1_B,480,17,0
12,20261015,colour_logit,binary_healthy_other,sham_1_B,480,19,0
12,20261015,colour_logit,binary_healthy_other,exposure_2_A,480,17,0
12,20261015,colour_logit,binary_healthy_other,sham_2_A,480,18,0
12,20261015,colour_logit,binary_healthy_other,exposure_2_B,480,17,0
12,20261015,colour_logit,binary_healthy_other,sham_2_B,480,19,0
12,20261015,colour_logit,binary_healthy_other,exposure_3_A,480,18,0
12,20261015,colour_logit,binary_healthy_other,sham_3_A,480,16,0
12,20261015,colour_logit,binary_healthy_other,exposure_3_B,480,16,0
12,20261015,colour_logit,binary_healthy_other,sham_3_B,480,19,0
12,20261015,colour_logit,binary_healthy_other,exposure_4_A,480,17,0
12,20261015,colour_logit,binary_healthy_other,sham_4_A,480,18,0
12,20261015,colour_logit,binary_healthy_other,exposure_4_B,480,16,0
12,20261015,colour_logit,binary_healthy_other,sham_4_B,480,16,0
12,20261015,resnet_cosine_1nn,multiclass,zero,480,0,0
12,20261015,resnet_cosine_1nn,multiclass,exposure_0_A,480,0,0
12,20261015,resnet_cosine_1nn,multiclass,sham_0_A,480,0,0
12,20261015,resnet_cosine_1nn,multiclass,exposure_0_B,480,0,0
12,20261015,resnet_cosine_1nn,multiclass,sham_0_B,480,0,0
12,20261015,resnet_cosine_1nn,multiclass,exposure_1_A,480,0,0
12,20261015,resnet_cosine_1nn,multiclass,sham_1_A,480,0,0
12,20261015,resnet_cosine_1nn,multiclass,exposure_1_B,480,0,0
12,20261015,resnet_cosine_1nn,multiclass,sham_1_B,480,0,0
12,20261015,resnet_cosine_1nn,multiclass,exposure_2_A,480,0,0
12,20261015,resnet_cosine_1nn,multiclass,sham_2_A,480,0,0
12,20261015,resnet_cosine_1nn,multiclass,exposure_2_B,480,0,0
12,20261015,resnet_cosine_1nn,multiclass,sham_2_B,480,0,0
12,20261015,resnet_cosine_1nn,multiclass,exposure_3_A,480,0,0
12,20261015,resnet_cosine_1nn,multiclass,sham_3_A,480,0,0
12,20261015,resnet_cosine_1nn,multiclass,exposure_3_B,480,0,0
12,20261015,resnet_cosine_1nn,multiclass,sham_3_B,480,0,0
12,20261015,resnet_cosine_1nn,multiclass,exposure_4_A,480,0,0
12,20261015,resnet_cosine_1nn,multiclass,sham_4_A,480,0,0
12,20261015,resnet_cosine_1nn,multiclass,exposure_4_B,480,0,0
12,20261015,resnet_cosine_1nn,multiclass,sham_4_B,480,0,0
12,20261015,resnet_cosine_1nn,binary_healthy_other,zero,480,0,0
12,20261015,resnet_cosine_1nn,binary_healthy_other,exposure_0_A,480,0,0
12,20261015,resnet_cosine_1nn,binary_healthy_other,sham_0_A,480,0,0
12,20261015,resnet_cosine_1nn,binary_healthy_other,exposure_0_B,480,0,0
12,20261015,resnet_cosine_1nn,binary_healthy_other,sham_0_B,480,0,0
12,20261015,resnet_cosine_1nn,binary_healthy_other,exposure_1_A,480,0,0
12,20261015,resnet_cosine_1nn,binary_healthy_other,sham_1_A,480,0,0
12,20261015,resnet_cosine_1nn,binary_healthy_other,exposure_1_B,480,0,0
12,20261015,resnet_cosine_1nn,binary_healthy_other,sham_1_B,480,0,0
12,20261015,resnet_cosine_1nn,binary_healthy_other,exposure_2_A,480,0,0
12,20261015,resnet_cosine_1nn,binary_healthy_other,sham_2_A,480,0,0
12,20261015,resnet_cosine_1nn,binary_healthy_other,exposure_2_B,480,0,0
12,20261015,resnet_cosine_1nn,binary_healthy_other,sham_2_B,480,0,0
12,20261015,resnet_cosine_1nn,binary_healthy_other,exposure_3_A,480,0,0
12,20261015,resnet_cosine_1nn,binary_healthy_other,sham_3_A,480,0,0
12,20261015,resnet_cosine_1nn,binary_healthy_other,exposure_3_B,480,0,0
12,20261015,resnet_cosine_1nn,binary_healthy_other,sham_3_B,480,0,0
12,20261015,resnet_cosine_1nn,binary_healthy_other,exposure_4_A,480,0,0
12,20261015,resnet_cosine_1nn,binary_healthy_other,sham_4_A,480,0,0
12,20261015,resnet_cosine_1nn,binary_healthy_other,exposure_4_B,480,0,0
12,20261015,resnet_cosine_1nn,binary_healthy_other,sham_4_B,480,0,0
13,20261016,resnet_logit,multiclass,zero,480,49,0
13,20261016,resnet_logit,multiclass,exposure_0_A,480,42,0
13,20261016,resnet_logit,multiclass,sham_0_A,480,42,0
13,20261016,resnet_logit,multiclass,exposure_0_B,480,47,0
13,20261016,resnet_logit,multiclass,sham_0_B,480,51,0
13,20261016,resnet_logit,multiclass,exposure_1_A,480,51,0
13,20261016,resnet_logit,multiclass,sham_1_A,480,42,0
13,20261016,resnet_logit,multiclass,exposure_1_B,480,54,0
13,20261016,resnet_logit,multiclass,sham_1_B,480,50,0
13,20261016,resnet_logit,multiclass,exposure_2_A,480,45,0
13,20261016,resnet_logit,multiclass,sham_2_A,480,46,0
13,20261016,resnet_logit,multiclass,exposure_2_B,480,49,0
13,20261016,resnet_logit,multiclass,sham_2_B,480,49,0
13,20261016,resnet_logit,multiclass,exposure_3_A,480,42,0
13,20261016,resnet_logit,multiclass,sham_3_A,480,43,0
13,20261016,resnet_logit,multiclass,exposure_3_B,480,52,0
13,20261016,resnet_logit,multiclass,sham_3_B,480,43,0
13,20261016,resnet_logit,multiclass,exposure_4_A,480,51,0
13,20261016,resnet_logit,multiclass,sham_4_A,480,44,0
13,20261016,resnet_logit,multiclass,exposure_4_B,480,42,0
13,20261016,resnet_logit,multiclass,sham_4_B,480,41,0
13,20261016,resnet_logit,binary_healthy_other,zero,480,20,0
13,20261016,resnet_logit,binary_healthy_other,exposure_0_A,480,21,0
13,20261016,resnet_logit,binary_healthy_other,sham_0_A,480,20,0
13,20261016,resnet_logit,binary_healthy_other,exposure_0_B,480,19,0
13,20261016,resnet_logit,binary_healthy_other,sham_0_B,480,21,0
13,20261016,resnet_logit,binary_healthy_other,exposure_1_A,480,21,0
13,20261016,resnet_logit,binary_healthy_other,sham_1_A,480,21,0
13,20261016,resnet_logit,binary_healthy_other,exposure_1_B,480,19,0
13,20261016,resnet_logit,binary_healthy_other,sham_1_B,480,20,0
13,20261016,resnet_logit,binary_healthy_other,exposure_2_A,480,21,0
13,20261016,resnet_logit,binary_healthy_other,sham_2_A,480,20,0
13,20261016,resnet_logit,binary_healthy_other,exposure_2_B,480,20,0
13,20261016,resnet_logit,binary_healthy_other,sham_2_B,480,21,0
13,20261016,resnet_logit,binary_healthy_other,exposure_3_A,480,20,0
13,20261016,resnet_logit,binary_healthy_other,sham_3_A,480,20,0
13,20261016,resnet_logit,binary_healthy_other,exposure_3_B,480,21,0
13,20261016,resnet_logit,binary_healthy_other,sham_3_B,480,20,0
13,20261016,resnet_logit,binary_healthy_other,exposure_4_A,480,20,0
13,20261016,resnet_logit,binary_healthy_other,sham_4_A,480,20,0
13,20261016,resnet_logit,binary_healthy_other,exposure_4_B,480,20,0
13,20261016,resnet_logit,binary_healthy_other,sham_4_B,480,21,0
13,20261016,colour_logit,multiclass,zero,480,36,0
13,20261016,colour_logit,multiclass,exposure_0_A,480,33,0
13,20261016,colour_logit,multiclass,sham_0_A,480,35,0
13,20261016,colour_logit,multiclass,exposure_0_B,480,32,0
13,20261016,colour_logit,multiclass,sham_0_B,480,33,0
13,20261016,colour_logit,multiclass,exposure_1_A,480,32,0
13,20261016,colour_logit,multiclass,sham_1_A,480,35,0
13,20261016,colour_logit,multiclass,exposure_1_B,480,32,0
13,20261016,colour_logit,multiclass,sham_1_B,480,35,0
13,20261016,colour_logit,multiclass,exposure_2_A,480,34,0
13,20261016,colour_logit,multiclass,sham_2_A,480,33,0
13,20261016,colour_logit,multiclass,exposure_2_B,480,31,0
13,20261016,colour_logit,multiclass,sham_2_B,480,34,0
13,20261016,colour_logit,multiclass,exposure_3_A,480,31,0
13,20261016,colour_logit,multiclass,sham_3_A,480,34,0
13,20261016,colour_logit,multiclass,exposure_3_B,480,33,0
13,20261016,colour_logit,multiclass,sham_3_B,480,35,0
13,20261016,colour_logit,multiclass,exposure_4_A,480,34,0
13,20261016,colour_logit,multiclass,sham_4_A,480,32,0
13,20261016,colour_logit,multiclass,exposure_4_B,480,33,0
13,20261016,colour_logit,multiclass,sham_4_B,480,34,0
13,20261016,colour_logit,binary_healthy_other,zero,480,18,0
13,20261016,colour_logit,binary_healthy_other,exposure_0_A,480,18,0
13,20261016,colour_logit,binary_healthy_other,sham_0_A,480,17,0
13,20261016,colour_logit,binary_healthy_other,exposure_0_B,480,17,0
13,20261016,colour_logit,binary_healthy_other,sham_0_B,480,17,0
13,20261016,colour_logit,binary_healthy_other,exposure_1_A,480,17,0
13,20261016,colour_logit,binary_healthy_other,sham_1_A,480,16,0
13,20261016,colour_logit,binary_healthy_other,exposure_1_B,480,18,0
13,20261016,colour_logit,binary_healthy_other,sham_1_B,480,17,0
13,20261016,colour_logit,binary_healthy_other,exposure_2_A,480,17,0
13,20261016,colour_logit,binary_healthy_other,sham_2_A,480,19,0
13,20261016,colour_logit,binary_healthy_other,exposure_2_B,480,18,0
13,20261016,colour_logit,binary_healthy_other,sham_2_B,480,17,0
13,20261016,colour_logit,binary_healthy_other,exposure_3_A,480,18,0
13,20261016,colour_logit,binary_healthy_other,sham_3_A,480,17,0
13,20261016,colour_logit,binary_healthy_other,exposure_3_B,480,19,0
13,20261016,colour_logit,binary_healthy_other,sham_3_B,480,16,0
13,20261016,colour_logit,binary_healthy_other,exposure_4_A,480,20,0
13,20261016,colour_logit,binary_healthy_other,sham_4_A,480,17,0
13,20261016,colour_logit,binary_healthy_other,exposure_4_B,480,18,0
13,20261016,colour_logit,binary_healthy_other,sham_4_B,480,16,0
13,20261016,resnet_cosine_1nn,multiclass,zero,480,0,0
13,20261016,resnet_cosine_1nn,multiclass,exposure_0_A,480,0,0
13,20261016,resnet_cosine_1nn,multiclass,sham_0_A,480,0,0
13,20261016,resnet_cosine_1nn,multiclass,exposure_0_B,480,0,0
13,20261016,resnet_cosine_1nn,multiclass,sham_0_B,480,0,0
13,20261016,resnet_cosine_1nn,multiclass,exposure_1_A,480,0,0
13,20261016,resnet_cosine_1nn,multiclass,sham_1_A,480,0,0
13,20261016,resnet_cosine_1nn,multiclass,exposure_1_B,480,0,0
13,20261016,resnet_cosine_1nn,multiclass,sham_1_B,480,0,0
13,20261016,resnet_cosine_1nn,multiclass,exposure_2_A,480,0,0
13,20261016,resnet_cosine_1nn,multiclass,sham_2_A,480,0,0
13,20261016,resnet_cosine_1nn,multiclass,exposure_2_B,480,0,0
13,20261016,resnet_cosine_1nn,multiclass,sham_2_B,480,0,0
13,20261016,resnet_cosine_1nn,multiclass,exposure_3_A,480,0,0
13,20261016,resnet_cosine_1nn,multiclass,sham_3_A,480,0,0
13,20261016,resnet_cosine_1nn,multiclass,exposure_3_B,480,0,0
13,20261016,resnet_cosine_1nn,multiclass,sham_3_B,480,0,0
13,20261016,resnet_cosine_1nn,multiclass,exposure_4_A,480,0,0
13,20261016,resnet_cosine_1nn,multiclass,sham_4_A,480,0,0
13,20261016,resnet_cosine_1nn,multiclass,exposure_4_B,480,0,0
13,20261016,resnet_cosine_1nn,multiclass,sham_4_B,480,0,0
13,20261016,resnet_cosine_1nn,binary_healthy_other,zero,480,0,0
13,20261016,resnet_cosine_1nn,binary_healthy_other,exposure_0_A,480,0,0
13,20261016,resnet_cosine_1nn,binary_healthy_other,sham_0_A,480,0,0
13,20261016,resnet_cosine_1nn,binary_healthy_other,exposure_0_B,480,0,0
13,20261016,resnet_cosine_1nn,binary_healthy_other,sham_0_B,480,0,0
13,20261016,resnet_cosine_1nn,binary_healthy_other,exposure_1_A,480,0,0
13,20261016,resnet_cosine_1nn,binary_healthy_other,sham_1_A,480,0,0
13,20261016,resnet_cosine_1nn,binary_healthy_other,exposure_1_B,480,0,0
13,20261016,resnet_cosine_1nn,binary_healthy_other,sham_1_B,480,0,0
13,20261016,resnet_cosine_1nn,binary_healthy_other,exposure_2_A,480,0,0
13,20261016,resnet_cosine_1nn,binary_healthy_other,sham_2_A,480,0,0
13,20261016,resnet_cosine_1nn,binary_healthy_other,exposure_2_B,480,0,0
13,20261016,resnet_cosine_1nn,binary_healthy_other,sham_2_B,480,0,0
13,20261016,resnet_cosine_1nn,binary_healthy_other,exposure_3_A,480,0,0
13,20261016,resnet_cosine_1nn,binary_healthy_other,sham_3_A,480,0,0
13,20261016,resnet_cosine_1nn,binary_healthy_other,exposure_3_B,480,0,0
13,20261016,resnet_cosine_1nn,binary_healthy_other,sham_3_B,480,0,0
13,20261016,resnet_cosine_1nn,binary_healthy_other,exposure_4_A,480,0,0
13,20261016,resnet_cosine_1nn,binary_healthy_other,sham_4_A,480,0,0
13,20261016,resnet_cosine_1nn,binary_healthy_other,exposure_4_B,480,0,0
13,20261016,resnet_cosine_1nn,binary_healthy_other,sham_4_B,480,0,0
14,20261017,resnet_logit,multiclass,zero,480,51,0
14,20261017,resnet_logit,multiclass,exposure_0_A,480,54,0
14,20261017,resnet_logit,multiclass,sham_0_A,480,59,0
14,20261017,resnet_logit,multiclass,exposure_0_B,480,54,0
14,20261017,resnet_logit,multiclass,sham_0_B,480,51,0
14,20261017,resnet_logit,multiclass,exposure_1_A,480,51,0
14,20261017,resnet_logit,multiclass,sham_1_A,480,51,0
14,20261017,resnet_logit,multiclass,exposure_1_B,480,50,0
14,20261017,resnet_logit,multiclass,sham_1_B,480,54,0
14,20261017,resnet_logit,multiclass,exposure_2_A,480,48,0
14,20261017,resnet_logit,multiclass,sham_2_A,480,49,0
14,20261017,resnet_logit,multiclass,exposure_2_B,480,52,0
14,20261017,resnet_logit,multiclass,sham_2_B,480,61,0
14,20261017,resnet_logit,multiclass,exposure_3_A,480,50,0
14,20261017,resnet_logit,multiclass,sham_3_A,480,43,0
14,20261017,resnet_logit,multiclass,exposure_3_B,480,59,0
14,20261017,resnet_logit,multiclass,sham_3_B,480,49,0
14,20261017,resnet_logit,multiclass,exposure_4_A,480,51,0
14,20261017,resnet_logit,multiclass,sham_4_A,480,56,0
14,20261017,resnet_logit,multiclass,exposure_4_B,480,59,0
14,20261017,resnet_logit,multiclass,sham_4_B,480,49,0
14,20261017,resnet_logit,binary_healthy_other,zero,480,21,0
14,20261017,resnet_logit,binary_healthy_other,exposure_0_A,480,21,0
14,20261017,resnet_logit,binary_healthy_other,sham_0_A,480,22,0
14,20261017,resnet_logit,binary_healthy_other,exposure_0_B,480,22,0
14,20261017,resnet_logit,binary_healthy_other,sham_0_B,480,21,0
14,20261017,resnet_logit,binary_healthy_other,exposure_1_A,480,21,0
14,20261017,resnet_logit,binary_healthy_other,sham_1_A,480,21,0
14,20261017,resnet_logit,binary_healthy_other,exposure_1_B,480,22,0
14,20261017,resnet_logit,binary_healthy_other,sham_1_B,480,20,0
14,20261017,resnet_logit,binary_healthy_other,exposure_2_A,480,21,0
14,20261017,resnet_logit,binary_healthy_other,sham_2_A,480,20,0
14,20261017,resnet_logit,binary_healthy_other,exposure_2_B,480,21,0
14,20261017,resnet_logit,binary_healthy_other,sham_2_B,480,21,0
14,20261017,resnet_logit,binary_healthy_other,exposure_3_A,480,21,0
14,20261017,resnet_logit,binary_healthy_other,sham_3_A,480,21,0
14,20261017,resnet_logit,binary_healthy_other,exposure_3_B,480,20,0
14,20261017,resnet_logit,binary_healthy_other,sham_3_B,480,21,0
14,20261017,resnet_logit,binary_healthy_other,exposure_4_A,480,21,0
14,20261017,resnet_logit,binary_healthy_other,sham_4_A,480,20,0
14,20261017,resnet_logit,binary_healthy_other,exposure_4_B,480,21,0
14,20261017,resnet_logit,binary_healthy_other,sham_4_B,480,21,0
14,20261017,colour_logit,multiclass,zero,480,34,0
14,20261017,colour_logit,multiclass,exposure_0_A,480,34,0
14,20261017,colour_logit,multiclass,sham_0_A,480,34,0
14,20261017,colour_logit,multiclass,exposure_0_B,480,34,0
14,20261017,colour_logit,multiclass,sham_0_B,480,35,0
14,20261017,colour_logit,multiclass,exposure_1_A,480,35,0
14,20261017,colour_logit,multiclass,sham_1_A,480,34,0
14,20261017,colour_logit,multiclass,exposure_1_B,480,34,0
14,20261017,colour_logit,multiclass,sham_1_B,480,35,0
14,20261017,colour_logit,multiclass,exposure_2_A,480,38,0
14,20261017,colour_logit,multiclass,sham_2_A,480,34,0
14,20261017,colour_logit,multiclass,exposure_2_B,480,32,0
14,20261017,colour_logit,multiclass,sham_2_B,480,32,0
14,20261017,colour_logit,multiclass,exposure_3_A,480,34,0
14,20261017,colour_logit,multiclass,sham_3_A,480,34,0
14,20261017,colour_logit,multiclass,exposure_3_B,480,38,0
14,20261017,colour_logit,multiclass,sham_3_B,480,34,0
14,20261017,colour_logit,multiclass,exposure_4_A,480,34,0
14,20261017,colour_logit,multiclass,sham_4_A,480,34,0
14,20261017,colour_logit,multiclass,exposure_4_B,480,33,0
14,20261017,colour_logit,multiclass,sham_4_B,480,39,0
14,20261017,colour_logit,binary_healthy_other,zero,480,17,0
14,20261017,colour_logit,binary_healthy_other,exposure_0_A,480,17,0
14,20261017,colour_logit,binary_healthy_other,sham_0_A,480,19,0
14,20261017,colour_logit,binary_healthy_other,exposure_0_B,480,17,0
14,20261017,colour_logit,binary_healthy_other,sham_0_B,480,17,0
14,20261017,colour_logit,binary_healthy_other,exposure_1_A,480,17,0
14,20261017,colour_logit,binary_healthy_other,sham_1_A,480,17,0
14,20261017,colour_logit,binary_healthy_other,exposure_1_B,480,17,0
14,20261017,colour_logit,binary_healthy_other,sham_1_B,480,17,0
14,20261017,colour_logit,binary_healthy_other,exposure_2_A,480,17,0
14,20261017,colour_logit,binary_healthy_other,sham_2_A,480,18,0
14,20261017,colour_logit,binary_healthy_other,exposure_2_B,480,16,0
14,20261017,colour_logit,binary_healthy_other,sham_2_B,480,18,0
14,20261017,colour_logit,binary_healthy_other,exposure_3_A,480,16,0
14,20261017,colour_logit,binary_healthy_other,sham_3_A,480,18,0
14,20261017,colour_logit,binary_healthy_other,exposure_3_B,480,18,0
14,20261017,colour_logit,binary_healthy_other,sham_3_B,480,17,0
14,20261017,colour_logit,binary_healthy_other,exposure_4_A,480,16,0
14,20261017,colour_logit,binary_healthy_other,sham_4_A,480,16,0
14,20261017,colour_logit,binary_healthy_other,exposure_4_B,480,18,0
14,20261017,colour_logit,binary_healthy_other,sham_4_B,480,18,0
14,20261017,resnet_cosine_1nn,multiclass,zero,480,0,0
14,20261017,resnet_cosine_1nn,multiclass,exposure_0_A,480,0,0
14,20261017,resnet_cosine_1nn,multiclass,sham_0_A,480,0,0
14,20261017,resnet_cosine_1nn,multiclass,exposure_0_B,480,0,0
14,20261017,resnet_cosine_1nn,multiclass,sham_0_B,480,0,0
14,20261017,resnet_cosine_1nn,multiclass,exposure_1_A,480,0,0
14,20261017,resnet_cosine_1nn,multiclass,sham_1_A,480,0,0
14,20261017,resnet_cosine_1nn,multiclass,exposure_1_B,480,0,0
14,20261017,resnet_cosine_1nn,multiclass,sham_1_B,480,0,0
14,20261017,resnet_cosine_1nn,multiclass,exposure_2_A,480,0,0
14,20261017,resnet_cosine_1nn,multiclass,sham_2_A,480,0,0
14,20261017,resnet_cosine_1nn,multiclass,exposure_2_B,480,0,0
14,20261017,resnet_cosine_1nn,multiclass,sham_2_B,480,0,0
14,20261017,resnet_cosine_1nn,multiclass,exposure_3_A,480,0,0
14,20261017,resnet_cosine_1nn,multiclass,sham_3_A,480,0,0
14,20261017,resnet_cosine_1nn,multiclass,exposure_3_B,480,0,0
14,20261017,resnet_cosine_1nn,multiclass,sham_3_B,480,0,0
14,20261017,resnet_cosine_1nn,multiclass,exposure_4_A,480,0,0
14,20261017,resnet_cosine_1nn,multiclass,sham_4_A,480,0,0
14,20261017,resnet_cosine_1nn,multiclass,exposure_4_B,480,0,0
14,20261017,resnet_cosine_1nn,multiclass,sham_4_B,480,0,0
14,20261017,resnet_cosine_1nn,binary_healthy_other,zero,480,0,0
14,20261017,resnet_cosine_1nn,binary_healthy_other,exposure_0_A,480,0,0
14,20261017,resnet_cosine_1nn,binary_healthy_other,sham_0_A,480,0,0
14,20261017,resnet_cosine_1nn,binary_healthy_other,exposure_0_B,480,0,0
14,20261017,resnet_cosine_1nn,binary_healthy_other,sham_0_B,480,0,0
14,20261017,resnet_cosine_1nn,binary_healthy_other,exposure_1_A,480,0,0
14,20261017,resnet_cosine_1nn,binary_healthy_other,sham_1_A,480,0,0
14,20261017,resnet_cosine_1nn,binary_healthy_other,exposure_1_B,480,0,0
14,20261017,resnet_cosine_1nn,binary_healthy_other,sham_1_B,480,0,0
14,20261017,resnet_cosine_1nn,binary_healthy_other,exposure_2_A,480,0,0
14,20261017,resnet_cosine_1nn,binary_healthy_other,sham_2_A,480,0,0
14,20261017,resnet_cosine_1nn,binary_healthy_other,exposure_2_B,480,0,0
14,20261017,resnet_cosine_1nn,binary_healthy_other,sham_2_B,480,0,0
14,20261017,resnet_cosine_1nn,binary_healthy_other,exposure_3_A,480,0,0
14,20261017,resnet_cosine_1nn,binary_healthy_other,sham_3_A,480,0,0
14,20261017,resnet_cosine_1nn,binary_healthy_other,exposure_3_B,480,0,0
14,20261017,resnet_cosine_1nn,binary_healthy_other,sham_3_B,480,0,0
14,20261017,resnet_cosine_1nn,binary_healthy_other,exposure_4_A,480,0,0
14,20261017,resnet_cosine_1nn,binary_healthy_other,sham_4_A,480,0,0
14,20261017,resnet_cosine_1nn,binary_healthy_other,exposure_4_B,480,0,0
14,20261017,resnet_cosine_1nn,binary_healthy_other,sham_4_B,480,0,0
15,20261018,resnet_logit,multiclass,zero,480,56,0
15,20261018,resnet_logit,multiclass,exposure_0_A,480,53,0
15,20261018,resnet_logit,multiclass,sham_0_A,480,52,0
15,20261018,resnet_logit,multiclass,exposure_0_B,480,53,0
15,20261018,resnet_logit,multiclass,sham_0_B,480,49,0
15,20261018,resnet_logit,multiclass,exposure_1_A,480,53,0
15,20261018,resnet_logit,multiclass,sham_1_A,480,51,0
15,20261018,resnet_logit,multiclass,exposure_1_B,480,55,0
15,20261018,resnet_logit,multiclass,sham_1_B,480,43,0
15,20261018,resnet_logit,multiclass,exposure_2_A,480,53,0
15,20261018,resnet_logit,multiclass,sham_2_A,480,52,0
15,20261018,resnet_logit,multiclass,exposure_2_B,480,52,0
15,20261018,resnet_logit,multiclass,sham_2_B,480,43,0
15,20261018,resnet_logit,multiclass,exposure_3_A,480,53,0
15,20261018,resnet_logit,multiclass,sham_3_A,480,51,0
15,20261018,resnet_logit,multiclass,exposure_3_B,480,53,0
15,20261018,resnet_logit,multiclass,sham_3_B,480,43,0
15,20261018,resnet_logit,multiclass,exposure_4_A,480,55,0
15,20261018,resnet_logit,multiclass,sham_4_A,480,50,0
15,20261018,resnet_logit,multiclass,exposure_4_B,480,52,0
15,20261018,resnet_logit,multiclass,sham_4_B,480,42,0
15,20261018,resnet_logit,binary_healthy_other,zero,480,20,0
15,20261018,resnet_logit,binary_healthy_other,exposure_0_A,480,21,0
15,20261018,resnet_logit,binary_healthy_other,sham_0_A,480,20,0
15,20261018,resnet_logit,binary_healthy_other,exposure_0_B,480,20,0
15,20261018,resnet_logit,binary_healthy_other,sham_0_B,480,21,0
15,20261018,resnet_logit,binary_healthy_other,exposure_1_A,480,20,0
15,20261018,resnet_logit,binary_healthy_other,sham_1_A,480,20,0
15,20261018,resnet_logit,binary_healthy_other,exposure_1_B,480,20,0
15,20261018,resnet_logit,binary_healthy_other,sham_1_B,480,20,0
15,20261018,resnet_logit,binary_healthy_other,exposure_2_A,480,21,0
15,20261018,resnet_logit,binary_healthy_other,sham_2_A,480,20,0
15,20261018,resnet_logit,binary_healthy_other,exposure_2_B,480,20,0
15,20261018,resnet_logit,binary_healthy_other,sham_2_B,480,20,0
15,20261018,resnet_logit,binary_healthy_other,exposure_3_A,480,22,0
15,20261018,resnet_logit,binary_healthy_other,sham_3_A,480,20,0
15,20261018,resnet_logit,binary_healthy_other,exposure_3_B,480,21,0
15,20261018,resnet_logit,binary_healthy_other,sham_3_B,480,21,0
15,20261018,resnet_logit,binary_healthy_other,exposure_4_A,480,21,0
15,20261018,resnet_logit,binary_healthy_other,sham_4_A,480,20,0
15,20261018,resnet_logit,binary_healthy_other,exposure_4_B,480,21,0
15,20261018,resnet_logit,binary_healthy_other,sham_4_B,480,21,0
15,20261018,colour_logit,multiclass,zero,480,33,0
15,20261018,colour_logit,multiclass,exposure_0_A,480,32,0
15,20261018,colour_logit,multiclass,sham_0_A,480,35,0
15,20261018,colour_logit,multiclass,exposure_0_B,480,34,0
15,20261018,colour_logit,multiclass,sham_0_B,480,33,0
15,20261018,colour_logit,multiclass,exposure_1_A,480,32,0
15,20261018,colour_logit,multiclass,sham_1_A,480,35,0
15,20261018,colour_logit,multiclass,exposure_1_B,480,36,0
15,20261018,colour_logit,multiclass,sham_1_B,480,33,0
15,20261018,colour_logit,multiclass,exposure_2_A,480,33,0
15,20261018,colour_logit,multiclass,sham_2_A,480,34,0
15,20261018,colour_logit,multiclass,exposure_2_B,480,35,0
15,20261018,colour_logit,multiclass,sham_2_B,480,32,0
15,20261018,colour_logit,multiclass,exposure_3_A,480,35,0
15,20261018,colour_logit,multiclass,sham_3_A,480,37,0
15,20261018,colour_logit,multiclass,exposure_3_B,480,33,0
15,20261018,colour_logit,multiclass,sham_3_B,480,31,0
15,20261018,colour_logit,multiclass,exposure_4_A,480,32,0
15,20261018,colour_logit,multiclass,sham_4_A,480,33,0
15,20261018,colour_logit,multiclass,exposure_4_B,480,33,0
15,20261018,colour_logit,multiclass,sham_4_B,480,33,0
15,20261018,colour_logit,binary_healthy_other,zero,480,16,0
15,20261018,colour_logit,binary_healthy_other,exposure_0_A,480,18,0
15,20261018,colour_logit,binary_healthy_other,sham_0_A,480,19,0
15,20261018,colour_logit,binary_healthy_other,exposure_0_B,480,18,0
15,20261018,colour_logit,binary_healthy_other,sham_0_B,480,17,0
15,20261018,colour_logit,binary_healthy_other,exposure_1_A,480,17,0
15,20261018,colour_logit,binary_healthy_other,sham_1_A,480,17,0
15,20261018,colour_logit,binary_healthy_other,exposure_1_B,480,16,0
15,20261018,colour_logit,binary_healthy_other,sham_1_B,480,16,0
15,20261018,colour_logit,binary_healthy_other,exposure_2_A,480,18,0
15,20261018,colour_logit,binary_healthy_other,sham_2_A,480,17,0
15,20261018,colour_logit,binary_healthy_other,exposure_2_B,480,17,0
15,20261018,colour_logit,binary_healthy_other,sham_2_B,480,18,0
15,20261018,colour_logit,binary_healthy_other,exposure_3_A,480,16,0
15,20261018,colour_logit,binary_healthy_other,sham_3_A,480,17,0
15,20261018,colour_logit,binary_healthy_other,exposure_3_B,480,17,0
15,20261018,colour_logit,binary_healthy_other,sham_3_B,480,17,0
15,20261018,colour_logit,binary_healthy_other,exposure_4_A,480,18,0
15,20261018,colour_logit,binary_healthy_other,sham_4_A,480,16,0
15,20261018,colour_logit,binary_healthy_other,exposure_4_B,480,18,0
15,20261018,colour_logit,binary_healthy_other,sham_4_B,480,17,0
15,20261018,resnet_cosine_1nn,multiclass,zero,480,0,0
15,20261018,resnet_cosine_1nn,multiclass,exposure_0_A,480,0,0
15,20261018,resnet_cosine_1nn,multiclass,sham_0_A,480,0,0
15,20261018,resnet_cosine_1nn,multiclass,exposure_0_B,480,0,0
15,20261018,resnet_cosine_1nn,multiclass,sham_0_B,480,0,0
15,20261018,resnet_cosine_1nn,multiclass,exposure_1_A,480,0,0
15,20261018,resnet_cosine_1nn,multiclass,sham_1_A,480,0,0
15,20261018,resnet_cosine_1nn,multiclass,exposure_1_B,480,0,0
15,20261018,resnet_cosine_1nn,multiclass,sham_1_B,480,0,0
15,20261018,resnet_cosine_1nn,multiclass,exposure_2_A,480,0,0
15,20261018,resnet_cosine_1nn,multiclass,sham_2_A,480,0,0
15,20261018,resnet_cosine_1nn,multiclass,exposure_2_B,480,0,0
15,20261018,resnet_cosine_1nn,multiclass,sham_2_B,480,0,0
15,20261018,resnet_cosine_1nn,multiclass,exposure_3_A,480,0,0
15,20261018,resnet_cosine_1nn,multiclass,sham_3_A,480,0,0
15,20261018,resnet_cosine_1nn,multiclass,exposure_3_B,480,0,0
15,20261018,resnet_cosine_1nn,multiclass,sham_3_B,480,0,0
15,20261018,resnet_cosine_1nn,multiclass,exposure_4_A,480,0,0
15,20261018,resnet_cosine_1nn,multiclass,sham_4_A,480,0,0
15,20261018,resnet_cosine_1nn,multiclass,exposure_4_B,480,0,0
15,20261018,resnet_cosine_1nn,multiclass,sham_4_B,480,0,0
15,20261018,resnet_cosine_1nn,binary_healthy_other,zero,480,0,0
15,20261018,resnet_cosine_1nn,binary_healthy_other,exposure_0_A,480,0,0
15,20261018,resnet_cosine_1nn,binary_healthy_other,sham_0_A,480,0,0
15,20261018,resnet_cosine_1nn,binary_healthy_other,exposure_0_B,480,0,0
15,20261018,resnet_cosine_1nn,binary_healthy_other,sham_0_B,480,0,0
15,20261018,resnet_cosine_1nn,binary_healthy_other,exposure_1_A,480,0,0
15,20261018,resnet_cosine_1nn,binary_healthy_other,sham_1_A,480,0,0
15,20261018,resnet_cosine_1nn,binary_healthy_other,exposure_1_B,480,0,0
15,20261018,resnet_cosine_1nn,binary_healthy_other,sham_1_B,480,0,0
15,20261018,resnet_cosine_1nn,binary_healthy_other,exposure_2_A,480,0,0
15,20261018,resnet_cosine_1nn,binary_healthy_other,sham_2_A,480,0,0
15,20261018,resnet_cosine_1nn,binary_healthy_other,exposure_2_B,480,0,0
15,20261018,resnet_cosine_1nn,binary_healthy_other,sham_2_B,480,0,0
15,20261018,resnet_cosine_1nn,binary_healthy_other,exposure_3_A,480,0,0
15,20261018,resnet_cosine_1nn,binary_healthy_other,sham_3_A,480,0,0
15,20261018,resnet_cosine_1nn,binary_healthy_other,exposure_3_B,480,0,0
15,20261018,resnet_cosine_1nn,binary_healthy_other,sham_3_B,480,0,0
15,20261018,resnet_cosine_1nn,binary_healthy_other,exposure_4_A,480,0,0
15,20261018,resnet_cosine_1nn,binary_healthy_other,sham_4_A,480,0,0
15,20261018,resnet_cosine_1nn,binary_healthy_other,exposure_4_B,480,0,0
15,20261018,resnet_cosine_1nn,binary_healthy_other,sham_4_B,480,0,0
16,20261019,resnet_logit,multiclass,zero,480,47,0
16,20261019,resnet_logit,multiclass,exposure_0_A,480,44,0
16,20261019,resnet_logit,multiclass,sham_0_A,480,50,0
16,20261019,resnet_logit,multiclass,exposure_0_B,480,43,0
16,20261019,resnet_logit,multiclass,sham_0_B,480,44,0
16,20261019,resnet_logit,multiclass,exposure_1_A,480,38,0
16,20261019,resnet_logit,multiclass,sham_1_A,480,46,0
16,20261019,resnet_logit,multiclass,exposure_1_B,480,56,0
16,20261019,resnet_logit,multiclass,sham_1_B,480,52,0
16,20261019,resnet_logit,multiclass,exposure_2_A,480,50,0
16,20261019,resnet_logit,multiclass,sham_2_A,480,52,0
16,20261019,resnet_logit,multiclass,exposure_2_B,480,45,0
16,20261019,resnet_logit,multiclass,sham_2_B,480,45,0
16,20261019,resnet_logit,multiclass,exposure_3_A,480,53,0
16,20261019,resnet_logit,multiclass,sham_3_A,480,52,0
16,20261019,resnet_logit,multiclass,exposure_3_B,480,51,0
16,20261019,resnet_logit,multiclass,sham_3_B,480,51,0
16,20261019,resnet_logit,multiclass,exposure_4_A,480,61,0
16,20261019,resnet_logit,multiclass,sham_4_A,480,44,0
16,20261019,resnet_logit,multiclass,exposure_4_B,480,52,0
16,20261019,resnet_logit,multiclass,sham_4_B,480,44,0
16,20261019,resnet_logit,binary_healthy_other,zero,480,21,0
16,20261019,resnet_logit,binary_healthy_other,exposure_0_A,480,22,0
16,20261019,resnet_logit,binary_healthy_other,sham_0_A,480,22,0
16,20261019,resnet_logit,binary_healthy_other,exposure_0_B,480,20,0
16,20261019,resnet_logit,binary_healthy_other,sham_0_B,480,22,0
16,20261019,resnet_logit,binary_healthy_other,exposure_1_A,480,23,0
16,20261019,resnet_logit,binary_healthy_other,sham_1_A,480,22,0
16,20261019,resnet_logit,binary_healthy_other,exposure_1_B,480,21,0
16,20261019,resnet_logit,binary_healthy_other,sham_1_B,480,21,0
16,20261019,resnet_logit,binary_healthy_other,exposure_2_A,480,20,0
16,20261019,resnet_logit,binary_healthy_other,sham_2_A,480,21,0
16,20261019,resnet_logit,binary_healthy_other,exposure_2_B,480,22,0
16,20261019,resnet_logit,binary_healthy_other,sham_2_B,480,22,0
16,20261019,resnet_logit,binary_healthy_other,exposure_3_A,480,22,0
16,20261019,resnet_logit,binary_healthy_other,sham_3_A,480,20,0
16,20261019,resnet_logit,binary_healthy_other,exposure_3_B,480,20,0
16,20261019,resnet_logit,binary_healthy_other,sham_3_B,480,21,0
16,20261019,resnet_logit,binary_healthy_other,exposure_4_A,480,20,0
16,20261019,resnet_logit,binary_healthy_other,sham_4_A,480,22,0
16,20261019,resnet_logit,binary_healthy_other,exposure_4_B,480,22,0
16,20261019,resnet_logit,binary_healthy_other,sham_4_B,480,21,0
16,20261019,colour_logit,multiclass,zero,480,33,0
16,20261019,colour_logit,multiclass,exposure_0_A,480,35,0
16,20261019,colour_logit,multiclass,sham_0_A,480,34,0
16,20261019,colour_logit,multiclass,exposure_0_B,480,35,0
16,20261019,colour_logit,multiclass,sham_0_B,480,35,0
16,20261019,colour_logit,multiclass,exposure_1_A,480,32,0
16,20261019,colour_logit,multiclass,sham_1_A,480,34,0
16,20261019,colour_logit,multiclass,exposure_1_B,480,35,0
16,20261019,colour_logit,multiclass,sham_1_B,480,33,0
16,20261019,colour_logit,multiclass,exposure_2_A,480,34,0
16,20261019,colour_logit,multiclass,sham_2_A,480,36,0
16,20261019,colour_logit,multiclass,exposure_2_B,480,34,0
16,20261019,colour_logit,multiclass,sham_2_B,480,33,0
16,20261019,colour_logit,multiclass,exposure_3_A,480,33,0
16,20261019,colour_logit,multiclass,sham_3_A,480,32,0
16,20261019,colour_logit,multiclass,exposure_3_B,480,34,0
16,20261019,colour_logit,multiclass,sham_3_B,480,37,0
16,20261019,colour_logit,multiclass,exposure_4_A,480,35,0
16,20261019,colour_logit,multiclass,sham_4_A,480,32,0
16,20261019,colour_logit,multiclass,exposure_4_B,480,32,0
16,20261019,colour_logit,multiclass,sham_4_B,480,36,0
16,20261019,colour_logit,binary_healthy_other,zero,480,19,0
16,20261019,colour_logit,binary_healthy_other,exposure_0_A,480,19,0
16,20261019,colour_logit,binary_healthy_other,sham_0_A,480,18,0
16,20261019,colour_logit,binary_healthy_other,exposure_0_B,480,19,0
16,20261019,colour_logit,binary_healthy_other,sham_0_B,480,18,0
16,20261019,colour_logit,binary_healthy_other,exposure_1_A,480,17,0
16,20261019,colour_logit,binary_healthy_other,sham_1_A,480,18,0
16,20261019,colour_logit,binary_healthy_other,exposure_1_B,480,19,0
16,20261019,colour_logit,binary_healthy_other,sham_1_B,480,19,0
16,20261019,colour_logit,binary_healthy_other,exposure_2_A,480,19,0
16,20261019,colour_logit,binary_healthy_other,sham_2_A,480,19,0
16,20261019,colour_logit,binary_healthy_other,exposure_2_B,480,18,0
16,20261019,colour_logit,binary_healthy_other,sham_2_B,480,19,0
16,20261019,colour_logit,binary_healthy_other,exposure_3_A,480,18,0
16,20261019,colour_logit,binary_healthy_other,sham_3_A,480,18,0
16,20261019,colour_logit,binary_healthy_other,exposure_3_B,480,17,0
16,20261019,colour_logit,binary_healthy_other,sham_3_B,480,19,0
16,20261019,colour_logit,binary_healthy_other,exposure_4_A,480,19,0
16,20261019,colour_logit,binary_healthy_other,sham_4_A,480,17,0
16,20261019,colour_logit,binary_healthy_other,exposure_4_B,480,18,0
16,20261019,colour_logit,binary_healthy_other,sham_4_B,480,18,0
16,20261019,resnet_cosine_1nn,multiclass,zero,480,0,0
16,20261019,resnet_cosine_1nn,multiclass,exposure_0_A,480,0,0
16,20261019,resnet_cosine_1nn,multiclass,sham_0_A,480,0,0
16,20261019,resnet_cosine_1nn,multiclass,exposure_0_B,480,0,0
16,20261019,resnet_cosine_1nn,multiclass,sham_0_B,480,0,0
16,20261019,resnet_cosine_1nn,multiclass,exposure_1_A,480,0,0
16,20261019,resnet_cosine_1nn,multiclass,sham_1_A,480,0,0
16,20261019,resnet_cosine_1nn,multiclass,exposure_1_B,480,0,0
16,20261019,resnet_cosine_1nn,multiclass,sham_1_B,480,0,0
16,20261019,resnet_cosine_1nn,multiclass,exposure_2_A,480,0,0
16,20261019,resnet_cosine_1nn,multiclass,sham_2_A,480,0,0
16,20261019,resnet_cosine_1nn,multiclass,exposure_2_B,480,0,0
16,20261019,resnet_cosine_1nn,multiclass,sham_2_B,480,0,0
16,20261019,resnet_cosine_1nn,multiclass,exposure_3_A,480,0,0
16,20261019,resnet_cosine_1nn,multiclass,sham_3_A,480,0,0
16,20261019,resnet_cosine_1nn,multiclass,exposure_3_B,480,0,0
16,20261019,resnet_cosine_1nn,multiclass,sham_3_B,480,0,0
16,20261019,resnet_cosine_1nn,multiclass,exposure_4_A,480,0,0
16,20261019,resnet_cosine_1nn,multiclass,sham_4_A,480,0,0
16,20261019,resnet_cosine_1nn,multiclass,exposure_4_B,480,0,0
16,20261019,resnet_cosine_1nn,multiclass,sham_4_B,480,0,0
16,20261019,resnet_cosine_1nn,binary_healthy_other,zero,480,0,0
16,20261019,resnet_cosine_1nn,binary_healthy_other,exposure_0_A,480,0,0
16,20261019,resnet_cosine_1nn,binary_healthy_other,sham_0_A,480,0,0
16,20261019,resnet_cosine_1nn,binary_healthy_other,exposure_0_B,480,0,0
16,20261019,resnet_cosine_1nn,binary_healthy_other,sham_0_B,480,0,0
16,20261019,resnet_cosine_1nn,binary_healthy_other,exposure_1_A,480,0,0
16,20261019,resnet_cosine_1nn,binary_healthy_other,sham_1_A,480,0,0
16,20261019,resnet_cosine_1nn,binary_healthy_other,exposure_1_B,480,0,0
16,20261019,resnet_cosine_1nn,binary_healthy_other,sham_1_B,480,0,0
16,20261019,resnet_cosine_1nn,binary_healthy_other,exposure_2_A,480,0,0
16,20261019,resnet_cosine_1nn,binary_healthy_other,sham_2_A,480,0,0
16,20261019,resnet_cosine_1nn,binary_healthy_other,exposure_2_B,480,0,0
16,20261019,resnet_cosine_1nn,binary_healthy_other,sham_2_B,480,0,0
16,20261019,resnet_cosine_1nn,binary_healthy_other,exposure_3_A,480,0,0
16,20261019,resnet_cosine_1nn,binary_healthy_other,sham_3_A,480,0,0
16,20261019,resnet_cosine_1nn,binary_healthy_other,exposure_3_B,480,0,0
16,20261019,resnet_cosine_1nn,binary_healthy_other,sham_3_B,480,0,0
16,20261019,resnet_cosine_1nn,binary_healthy_other,exposure_4_A,480,0,0
16,20261019,resnet_cosine_1nn,binary_healthy_other,sham_4_A,480,0,0
16,20261019,resnet_cosine_1nn,binary_healthy_other,exposure_4_B,480,0,0
16,20261019,resnet_cosine_1nn,binary_healthy_other,sham_4_B,480,0,0
17,20261020,resnet_logit,multiclass,zero,480,43,0
17,20261020,resnet_logit,multiclass,exposure_0_A,480,54,0
17,20261020,resnet_logit,multiclass,sham_0_A,480,52,0
17,20261020,resnet_logit,multiclass,exposure_0_B,480,52,0
17,20261020,resnet_logit,multiclass,sham_0_B,480,50,0
17,20261020,resnet_logit,multiclass,exposure_1_A,480,51,0
17,20261020,resnet_logit,multiclass,sham_1_A,480,52,0
17,20261020,resnet_logit,multiclass,exposure_1_B,480,45,0
17,20261020,resnet_logit,multiclass,sham_1_B,480,54,0
17,20261020,resnet_logit,multiclass,exposure_2_A,480,44,0
17,20261020,resnet_logit,multiclass,sham_2_A,480,51,0
17,20261020,resnet_logit,multiclass,exposure_2_B,480,54,0
17,20261020,resnet_logit,multiclass,sham_2_B,480,53,0
17,20261020,resnet_logit,multiclass,exposure_3_A,480,53,0
17,20261020,resnet_logit,multiclass,sham_3_A,480,61,0
17,20261020,resnet_logit,multiclass,exposure_3_B,480,45,0
17,20261020,resnet_logit,multiclass,sham_3_B,480,51,0
17,20261020,resnet_logit,multiclass,exposure_4_A,480,45,0
17,20261020,resnet_logit,multiclass,sham_4_A,480,50,0
17,20261020,resnet_logit,multiclass,exposure_4_B,480,52,0
17,20261020,resnet_logit,multiclass,sham_4_B,480,51,0
17,20261020,resnet_logit,binary_healthy_other,zero,480,21,0
17,20261020,resnet_logit,binary_healthy_other,exposure_0_A,480,21,0
17,20261020,resnet_logit,binary_healthy_other,sham_0_A,480,22,0
17,20261020,resnet_logit,binary_healthy_other,exposure_0_B,480,20,0
17,20261020,resnet_logit,binary_healthy_other,sham_0_B,480,21,0
17,20261020,resnet_logit,binary_healthy_other,exposure_1_A,480,21,0
17,20261020,resnet_logit,binary_healthy_other,sham_1_A,480,21,0
17,20261020,resnet_logit,binary_healthy_other,exposure_1_B,480,22,0
17,20261020,resnet_logit,binary_healthy_other,sham_1_B,480,20,0
17,20261020,resnet_logit,binary_healthy_other,exposure_2_A,480,21,0
17,20261020,resnet_logit,binary_healthy_other,sham_2_A,480,22,0
17,20261020,resnet_logit,binary_healthy_other,exposure_2_B,480,21,0
17,20261020,resnet_logit,binary_healthy_other,sham_2_B,480,21,0
17,20261020,resnet_logit,binary_healthy_other,exposure_3_A,480,20,0
17,20261020,resnet_logit,binary_healthy_other,sham_3_A,480,20,0
17,20261020,resnet_logit,binary_healthy_other,exposure_3_B,480,21,0
17,20261020,resnet_logit,binary_healthy_other,sham_3_B,480,21,0
17,20261020,resnet_logit,binary_healthy_other,exposure_4_A,480,21,0
17,20261020,resnet_logit,binary_healthy_other,sham_4_A,480,22,0
17,20261020,resnet_logit,binary_healthy_other,exposure_4_B,480,21,0
17,20261020,resnet_logit,binary_healthy_other,sham_4_B,480,21,0
17,20261020,colour_logit,multiclass,zero,480,36,0
17,20261020,colour_logit,multiclass,exposure_0_A,480,33,0
17,20261020,colour_logit,multiclass,sham_0_A,480,34,0
17,20261020,colour_logit,multiclass,exposure_0_B,480,34,0
17,20261020,colour_logit,multiclass,sham_0_B,480,38,0
17,20261020,colour_logit,multiclass,exposure_1_A,480,32,0
17,20261020,colour_logit,multiclass,sham_1_A,480,37,0
17,20261020,colour_logit,multiclass,exposure_1_B,480,38,0
17,20261020,colour_logit,multiclass,sham_1_B,480,34,0
17,20261020,colour_logit,multiclass,exposure_2_A,480,33,0
17,20261020,colour_logit,multiclass,sham_2_A,480,35,0
17,20261020,colour_logit,multiclass,exposure_2_B,480,36,0
17,20261020,colour_logit,multiclass,sham_2_B,480,33,0
17,20261020,colour_logit,multiclass,exposure_3_A,480,37,0
17,20261020,colour_logit,multiclass,sham_3_A,480,36,0
17,20261020,colour_logit,multiclass,exposure_3_B,480,34,0
17,20261020,colour_logit,multiclass,sham_3_B,480,34,0
17,20261020,colour_logit,multiclass,exposure_4_A,480,34,0
17,20261020,colour_logit,multiclass,sham_4_A,480,32,0
17,20261020,colour_logit,multiclass,exposure_4_B,480,33,0
17,20261020,colour_logit,multiclass,sham_4_B,480,37,0
17,20261020,colour_logit,binary_healthy_other,zero,480,16,0
17,20261020,colour_logit,binary_healthy_other,exposure_0_A,480,18,0
17,20261020,colour_logit,binary_healthy_other,sham_0_A,480,18,0
17,20261020,colour_logit,binary_healthy_other,exposure_0_B,480,18,0
17,20261020,colour_logit,binary_healthy_other,sham_0_B,480,16,0
17,20261020,colour_logit,binary_healthy_other,exposure_1_A,480,17,0
17,20261020,colour_logit,binary_healthy_other,sham_1_A,480,18,0
17,20261020,colour_logit,binary_healthy_other,exposure_1_B,480,16,0
17,20261020,colour_logit,binary_healthy_other,sham_1_B,480,18,0
17,20261020,colour_logit,binary_healthy_other,exposure_2_A,480,18,0
17,20261020,colour_logit,binary_healthy_other,sham_2_A,480,17,0
17,20261020,colour_logit,binary_healthy_other,exposure_2_B,480,16,0
17,20261020,colour_logit,binary_healthy_other,sham_2_B,480,16,0
17,20261020,colour_logit,binary_healthy_other,exposure_3_A,480,17,0
17,20261020,colour_logit,binary_healthy_other,sham_3_A,480,16,0
17,20261020,colour_logit,binary_healthy_other,exposure_3_B,480,17,0
17,20261020,colour_logit,binary_healthy_other,sham_3_B,480,17,0
17,20261020,colour_logit,binary_healthy_other,exposure_4_A,480,18,0
17,20261020,colour_logit,binary_healthy_other,sham_4_A,480,19,0
17,20261020,colour_logit,binary_healthy_other,exposure_4_B,480,17,0
17,20261020,colour_logit,binary_healthy_other,sham_4_B,480,17,0
17,20261020,resnet_cosine_1nn,multiclass,zero,480,0,0
17,20261020,resnet_cosine_1nn,multiclass,exposure_0_A,480,0,0
17,20261020,resnet_cosine_1nn,multiclass,sham_0_A,480,0,0
17,20261020,resnet_cosine_1nn,multiclass,exposure_0_B,480,0,0
17,20261020,resnet_cosine_1nn,multiclass,sham_0_B,480,0,0
17,20261020,resnet_cosine_1nn,multiclass,exposure_1_A,480,0,0
17,20261020,resnet_cosine_1nn,multiclass,sham_1_A,480,0,0
17,20261020,resnet_cosine_1nn,multiclass,exposure_1_B,480,0,0
17,20261020,resnet_cosine_1nn,multiclass,sham_1_B,480,0,0
17,20261020,resnet_cosine_1nn,multiclass,exposure_2_A,480,0,0
17,20261020,resnet_cosine_1nn,multiclass,sham_2_A,480,0,0
17,20261020,resnet_cosine_1nn,multiclass,exposure_2_B,480,0,0
17,20261020,resnet_cosine_1nn,multiclass,sham_2_B,480,0,0
17,20261020,resnet_cosine_1nn,multiclass,exposure_3_A,480,0,0
17,20261020,resnet_cosine_1nn,multiclass,sham_3_A,480,0,0
17,20261020,resnet_cosine_1nn,multiclass,exposure_3_B,480,0,0
17,20261020,resnet_cosine_1nn,multiclass,sham_3_B,480,0,0
17,20261020,resnet_cosine_1nn,multiclass,exposure_4_A,480,0,0
17,20261020,resnet_cosine_1nn,multiclass,sham_4_A,480,0,0
17,20261020,resnet_cosine_1nn,multiclass,exposure_4_B,480,0,0
17,20261020,resnet_cosine_1nn,multiclass,sham_4_B,480,0,0
17,20261020,resnet_cosine_1nn,binary_healthy_other,zero,480,0,0
17,20261020,resnet_cosine_1nn,binary_healthy_other,exposure_0_A,480,0,0
17,20261020,resnet_cosine_1nn,binary_healthy_other,sham_0_A,480,0,0
17,20261020,resnet_cosine_1nn,binary_healthy_other,exposure_0_B,480,0,0
17,20261020,resnet_cosine_1nn,binary_healthy_other,sham_0_B,480,0,0
17,20261020,resnet_cosine_1nn,binary_healthy_other,exposure_1_A,480,0,0
17,20261020,resnet_cosine_1nn,binary_healthy_other,sham_1_A,480,0,0
17,20261020,resnet_cosine_1nn,binary_healthy_other,exposure_1_B,480,0,0
17,20261020,resnet_cosine_1nn,binary_healthy_other,sham_1_B,480,0,0
17,20261020,resnet_cosine_1nn,binary_healthy_other,exposure_2_A,480,0,0
17,20261020,resnet_cosine_1nn,binary_healthy_other,sham_2_A,480,0,0
17,20261020,resnet_cosine_1nn,binary_healthy_other,exposure_2_B,480,0,0
17,20261020,resnet_cosine_1nn,binary_healthy_other,sham_2_B,480,0,0
17,20261020,resnet_cosine_1nn,binary_healthy_other,exposure_3_A,480,0,0
17,20261020,resnet_cosine_1nn,binary_healthy_other,sham_3_A,480,0,0
17,20261020,resnet_cosine_1nn,binary_healthy_other,exposure_3_B,480,0,0
17,20261020,resnet_cosine_1nn,binary_healthy_other,sham_3_B,480,0,0
17,20261020,resnet_cosine_1nn,binary_healthy_other,exposure_4_A,480,0,0
17,20261020,resnet_cosine_1nn,binary_healthy_other,sham_4_A,480,0,0
17,20261020,resnet_cosine_1nn,binary_healthy_other,exposure_4_B,480,0,0
17,20261020,resnet_cosine_1nn,binary_healthy_other,sham_4_B,480,0,0
18,20261021,resnet_logit,multiclass,zero,480,54,0
18,20261021,resnet_logit,multiclass,exposure_0_A,480,63,0
18,20261021,resnet_logit,multiclass,sham_0_A,480,59,0
18,20261021,resnet_logit,multiclass,exposure_0_B,480,60,0
18,20261021,resnet_logit,multiclass,sham_0_B,480,52,0
18,20261021,resnet_logit,multiclass,exposure_1_A,480,54,0
18,20261021,resnet_logit,multiclass,sham_1_A,480,53,0
18,20261021,resnet_logit,multiclass,exposure_1_B,480,68,0
18,20261021,resnet_logit,multiclass,sham_1_B,480,54,0
18,20261021,resnet_logit,multiclass,exposure_2_A,480,62,0
18,20261021,resnet_logit,multiclass,sham_2_A,480,47,0
18,20261021,resnet_logit,multiclass,exposure_2_B,480,62,0
18,20261021,resnet_logit,multiclass,sham_2_B,480,62,0
18,20261021,resnet_logit,multiclass,exposure_3_A,480,52,0
18,20261021,resnet_logit,multiclass,sham_3_A,480,54,0
18,20261021,resnet_logit,multiclass,exposure_3_B,480,60,0
18,20261021,resnet_logit,multiclass,sham_3_B,480,52,0
18,20261021,resnet_logit,multiclass,exposure_4_A,480,61,0
18,20261021,resnet_logit,multiclass,sham_4_A,480,52,0
18,20261021,resnet_logit,multiclass,exposure_4_B,480,65,0
18,20261021,resnet_logit,multiclass,sham_4_B,480,54,0
18,20261021,resnet_logit,binary_healthy_other,zero,480,22,0
18,20261021,resnet_logit,binary_healthy_other,exposure_0_A,480,21,0
18,20261021,resnet_logit,binary_healthy_other,sham_0_A,480,21,0
18,20261021,resnet_logit,binary_healthy_other,exposure_0_B,480,22,0
18,20261021,resnet_logit,binary_healthy_other,sham_0_B,480,20,0
18,20261021,resnet_logit,binary_healthy_other,exposure_1_A,480,21,0
18,20261021,resnet_logit,binary_healthy_other,sham_1_A,480,21,0
18,20261021,resnet_logit,binary_healthy_other,exposure_1_B,480,21,0
18,20261021,resnet_logit,binary_healthy_other,sham_1_B,480,19,0
18,20261021,resnet_logit,binary_healthy_other,exposure_2_A,480,20,0
18,20261021,resnet_logit,binary_healthy_other,sham_2_A,480,20,0
18,20261021,resnet_logit,binary_healthy_other,exposure_2_B,480,20,0
18,20261021,resnet_logit,binary_healthy_other,sham_2_B,480,20,0
18,20261021,resnet_logit,binary_healthy_other,exposure_3_A,480,21,0
18,20261021,resnet_logit,binary_healthy_other,sham_3_A,480,20,0
18,20261021,resnet_logit,binary_healthy_other,exposure_3_B,480,21,0
18,20261021,resnet_logit,binary_healthy_other,sham_3_B,480,21,0
18,20261021,resnet_logit,binary_healthy_other,exposure_4_A,480,20,0
18,20261021,resnet_logit,binary_healthy_other,sham_4_A,480,20,0
18,20261021,resnet_logit,binary_healthy_other,exposure_4_B,480,21,0
18,20261021,resnet_logit,binary_healthy_other,sham_4_B,480,21,0
18,20261021,colour_logit,multiclass,zero,480,36,0
18,20261021,colour_logit,multiclass,exposure_0_A,480,40,0
18,20261021,colour_logit,multiclass,sham_0_A,480,34,0
18,20261021,colour_logit,multiclass,exposure_0_B,480,36,0
18,20261021,colour_logit,multiclass,sham_0_B,480,35,0
18,20261021,colour_logit,multiclass,exposure_1_A,480,36,0
18,20261021,colour_logit,multiclass,sham_1_A,480,39,0
18,20261021,colour_logit,multiclass,exposure_1_B,480,37,0
18,20261021,colour_logit,multiclass,sham_1_B,480,34,0
18,20261021,colour_logit,multiclass,exposure_2_A,480,35,0
18,20261021,colour_logit,multiclass,sham_2_A,480,36,0
18,20261021,colour_logit,multiclass,exposure_2_B,480,35,0
18,20261021,colour_logit,multiclass,sham_2_B,480,36,0
18,20261021,colour_logit,multiclass,exposure_3_A,480,42,0
18,20261021,colour_logit,multiclass,sham_3_A,480,34,0
18,20261021,colour_logit,multiclass,exposure_3_B,480,36,0
18,20261021,colour_logit,multiclass,sham_3_B,480,38,0
18,20261021,colour_logit,multiclass,exposure_4_A,480,33,0
18,20261021,colour_logit,multiclass,sham_4_A,480,33,0
18,20261021,colour_logit,multiclass,exposure_4_B,480,38,0
18,20261021,colour_logit,multiclass,sham_4_B,480,38,0
18,20261021,colour_logit,binary_healthy_other,zero,480,18,0
18,20261021,colour_logit,binary_healthy_other,exposure_0_A,480,17,0
18,20261021,colour_logit,binary_healthy_other,sham_0_A,480,15,0
18,20261021,colour_logit,binary_healthy_other,exposure_0_B,480,17,0
18,20261021,colour_logit,binary_healthy_other,sham_0_B,480,18,0
18,20261021,colour_logit,binary_healthy_other,exposure_1_A,480,18,0
18,20261021,colour_logit,binary_healthy_other,sham_1_A,480,15,0
18,20261021,colour_logit,binary_healthy_other,exposure_1_B,480,17,0
18,20261021,colour_logit,binary_healthy_other,sham_1_B,480,18,0
18,20261021,colour_logit,binary_healthy_other,exposure_2_A,480,17,0
18,20261021,colour_logit,binary_healthy_other,sham_2_A,480,17,0
18,20261021,colour_logit,binary_healthy_other,exposure_2_B,480,18,0
18,20261021,colour_logit,binary_healthy_other,sham_2_B,480,16,0
18,20261021,colour_logit,binary_healthy_other,exposure_3_A,480,17,0
18,20261021,colour_logit,binary_healthy_other,sham_3_A,480,17,0
18,20261021,colour_logit,binary_healthy_other,exposure_3_B,480,18,0
18,20261021,colour_logit,binary_healthy_other,sham_3_B,480,17,0
18,20261021,colour_logit,binary_healthy_other,exposure_4_A,480,17,0
18,20261021,colour_logit,binary_healthy_other,sham_4_A,480,17,0
18,20261021,colour_logit,binary_healthy_other,exposure_4_B,480,18,0
18,20261021,colour_logit,binary_healthy_other,sham_4_B,480,18,0
18,20261021,resnet_cosine_1nn,multiclass,zero,480,0,0
18,20261021,resnet_cosine_1nn,multiclass,exposure_0_A,480,0,0
18,20261021,resnet_cosine_1nn,multiclass,sham_0_A,480,0,0
18,20261021,resnet_cosine_1nn,multiclass,exposure_0_B,480,0,0
18,20261021,resnet_cosine_1nn,multiclass,sham_0_B,480,0,0
18,20261021,resnet_cosine_1nn,multiclass,exposure_1_A,480,0,0
18,20261021,resnet_cosine_1nn,multiclass,sham_1_A,480,0,0
18,20261021,resnet_cosine_1nn,multiclass,exposure_1_B,480,0,0
18,20261021,resnet_cosine_1nn,multiclass,sham_1_B,480,0,0
18,20261021,resnet_cosine_1nn,multiclass,exposure_2_A,480,0,0
18,20261021,resnet_cosine_1nn,multiclass,sham_2_A,480,0,0
18,20261021,resnet_cosine_1nn,multiclass,exposure_2_B,480,0,0
18,20261021,resnet_cosine_1nn,multiclass,sham_2_B,480,0,0
18,20261021,resnet_cosine_1nn,multiclass,exposure_3_A,480,0,0
18,20261021,resnet_cosine_1nn,multiclass,sham_3_A,480,0,0
18,20261021,resnet_cosine_1nn,multiclass,exposure_3_B,480,0,0
18,20261021,resnet_cosine_1nn,multiclass,sham_3_B,480,0,0
18,20261021,resnet_cosine_1nn,multiclass,exposure_4_A,480,0,0
18,20261021,resnet_cosine_1nn,multiclass,sham_4_A,480,0,0
18,20261021,resnet_cosine_1nn,multiclass,exposure_4_B,480,0,0
18,20261021,resnet_cosine_1nn,multiclass,sham_4_B,480,0,0
18,20261021,resnet_cosine_1nn,binary_healthy_other,zero,480,0,0
18,20261021,resnet_cosine_1nn,binary_healthy_other,exposure_0_A,480,0,0
18,20261021,resnet_cosine_1nn,binary_healthy_other,sham_0_A,480,0,0
18,20261021,resnet_cosine_1nn,binary_healthy_other,exposure_0_B,480,0,0
18,20261021,resnet_cosine_1nn,binary_healthy_other,sham_0_B,480,0,0
18,20261021,resnet_cosine_1nn,binary_healthy_other,exposure_1_A,480,0,0
18,20261021,resnet_cosine_1nn,binary_healthy_other,sham_1_A,480,0,0
18,20261021,resnet_cosine_1nn,binary_healthy_other,exposure_1_B,480,0,0
18,20261021,resnet_cosine_1nn,binary_healthy_other,sham_1_B,480,0,0
18,20261021,resnet_cosine_1nn,binary_healthy_other,exposure_2_A,480,0,0
18,20261021,resnet_cosine_1nn,binary_healthy_other,sham_2_A,480,0,0
18,20261021,resnet_cosine_1nn,binary_healthy_other,exposure_2_B,480,0,0
18,20261021,resnet_cosine_1nn,binary_healthy_other,sham_2_B,480,0,0
18,20261021,resnet_cosine_1nn,binary_healthy_other,exposure_3_A,480,0,0
18,20261021,resnet_cosine_1nn,binary_healthy_other,sham_3_A,480,0,0
18,20261021,resnet_cosine_1nn,binary_healthy_other,exposure_3_B,480,0,0
18,20261021,resnet_cosine_1nn,binary_healthy_other,sham_3_B,480,0,0
18,20261021,resnet_cosine_1nn,binary_healthy_other,exposure_4_A,480,0,0
18,20261021,resnet_cosine_1nn,binary_healthy_other,sham_4_A,480,0,0
18,20261021,resnet_cosine_1nn,binary_healthy_other,exposure_4_B,480,0,0
18,20261021,resnet_cosine_1nn,binary_healthy_other,sham_4_B,480,0,0
19,20261022,resnet_logit,multiclass,zero,480,55,0
19,20261022,resnet_logit,multiclass,exposure_0_A,480,50,0
19,20261022,resnet_logit,multiclass,sham_0_A,480,59,0
19,20261022,resnet_logit,multiclass,exposure_0_B,480,54,0
19,20261022,resnet_logit,multiclass,sham_0_B,480,47,0
19,20261022,resnet_logit,multiclass,exposure_1_A,480,52,0
19,20261022,resnet_logit,multiclass,sham_1_A,480,53,0
19,20261022,resnet_logit,multiclass,exposure_1_B,480,46,0
19,20261022,resnet_logit,multiclass,sham_1_B,480,58,0
19,20261022,resnet_logit,multiclass,exposure_2_A,480,52,0
19,20261022,resnet_logit,multiclass,sham_2_A,480,51,0
19,20261022,resnet_logit,multiclass,exposure_2_B,480,54,0
19,20261022,resnet_logit,multiclass,sham_2_B,480,53,0
19,20261022,resnet_logit,multiclass,exposure_3_A,480,51,0
19,20261022,resnet_logit,multiclass,sham_3_A,480,52,0
19,20261022,resnet_logit,multiclass,exposure_3_B,480,53,0
19,20261022,resnet_logit,multiclass,sham_3_B,480,51,0
19,20261022,resnet_logit,multiclass,exposure_4_A,480,53,0
19,20261022,resnet_logit,multiclass,sham_4_A,480,46,0
19,20261022,resnet_logit,multiclass,exposure_4_B,480,58,0
19,20261022,resnet_logit,multiclass,sham_4_B,480,53,0
19,20261022,resnet_logit,binary_healthy_other,zero,480,21,0
19,20261022,resnet_logit,binary_healthy_other,exposure_0_A,480,20,0
19,20261022,resnet_logit,binary_healthy_other,sham_0_A,480,21,0
19,20261022,resnet_logit,binary_healthy_other,exposure_0_B,480,22,0
19,20261022,resnet_logit,binary_healthy_other,sham_0_B,480,21,0
19,20261022,resnet_logit,binary_healthy_other,exposure_1_A,480,21,0
19,20261022,resnet_logit,binary_healthy_other,sham_1_A,480,21,0
19,20261022,resnet_logit,binary_healthy_other,exposure_1_B,480,21,0
19,20261022,resnet_logit,binary_healthy_other,sham_1_B,480,21,0
19,20261022,resnet_logit,binary_healthy_other,exposure_2_A,480,21,0
19,20261022,resnet_logit,binary_healthy_other,sham_2_A,480,22,0
19,20261022,resnet_logit,binary_healthy_other,exposure_2_B,480,21,0
19,20261022,resnet_logit,binary_healthy_other,sham_2_B,480,20,0
19,20261022,resnet_logit,binary_healthy_other,exposure_3_A,480,21,0
19,20261022,resnet_logit,binary_healthy_other,sham_3_A,480,21,0
19,20261022,resnet_logit,binary_healthy_other,exposure_3_B,480,22,0
19,20261022,resnet_logit,binary_healthy_other,sham_3_B,480,20,0
19,20261022,resnet_logit,binary_healthy_other,exposure_4_A,480,20,0
19,20261022,resnet_logit,binary_healthy_other,sham_4_A,480,20,0
19,20261022,resnet_logit,binary_healthy_other,exposure_4_B,480,21,0
19,20261022,resnet_logit,binary_healthy_other,sham_4_B,480,22,0
19,20261022,colour_logit,multiclass,zero,480,36,0
19,20261022,colour_logit,multiclass,exposure_0_A,480,36,0
19,20261022,colour_logit,multiclass,sham_0_A,480,41,0
19,20261022,colour_logit,multiclass,exposure_0_B,480,36,0
19,20261022,colour_logit,multiclass,sham_0_B,480,38,0
19,20261022,colour_logit,multiclass,exposure_1_A,480,38,0
19,20261022,colour_logit,multiclass,sham_1_A,480,35,0
19,20261022,colour_logit,multiclass,exposure_1_B,480,38,0
19,20261022,colour_logit,multiclass,sham_1_B,480,35,0
19,20261022,colour_logit,multiclass,exposure_2_A,480,34,0
19,20261022,colour_logit,multiclass,sham_2_A,480,39,0
19,20261022,colour_logit,multiclass,exposure_2_B,480,36,0
19,20261022,colour_logit,multiclass,sham_2_B,480,36,0
19,20261022,colour_logit,multiclass,exposure_3_A,480,38,0
19,20261022,colour_logit,multiclass,sham_3_A,480,37,0
19,20261022,colour_logit,multiclass,exposure_3_B,480,41,0
19,20261022,colour_logit,multiclass,sham_3_B,480,35,0
19,20261022,colour_logit,multiclass,exposure_4_A,480,37,0
19,20261022,colour_logit,multiclass,sham_4_A,480,38,0
19,20261022,colour_logit,multiclass,exposure_4_B,480,36,0
19,20261022,colour_logit,multiclass,sham_4_B,480,36,0
19,20261022,colour_logit,binary_healthy_other,zero,480,17,0
19,20261022,colour_logit,binary_healthy_other,exposure_0_A,480,17,0
19,20261022,colour_logit,binary_healthy_other,sham_0_A,480,18,0
19,20261022,colour_logit,binary_healthy_other,exposure_0_B,480,16,0
19,20261022,colour_logit,binary_healthy_other,sham_0_B,480,16,0
19,20261022,colour_logit,binary_healthy_other,exposure_1_A,480,16,0
19,20261022,colour_logit,binary_healthy_other,sham_1_A,480,18,0
19,20261022,colour_logit,binary_healthy_other,exposure_1_B,480,16,0
19,20261022,colour_logit,binary_healthy_other,sham_1_B,480,16,0
19,20261022,colour_logit,binary_healthy_other,exposure_2_A,480,17,0
19,20261022,colour_logit,binary_healthy_other,sham_2_A,480,19,0
19,20261022,colour_logit,binary_healthy_other,exposure_2_B,480,17,0
19,20261022,colour_logit,binary_healthy_other,sham_2_B,480,18,0
19,20261022,colour_logit,binary_healthy_other,exposure_3_A,480,15,0
19,20261022,colour_logit,binary_healthy_other,sham_3_A,480,17,0
19,20261022,colour_logit,binary_healthy_other,exposure_3_B,480,17,0
19,20261022,colour_logit,binary_healthy_other,sham_3_B,480,17,0
19,20261022,colour_logit,binary_healthy_other,exposure_4_A,480,16,0
19,20261022,colour_logit,binary_healthy_other,sham_4_A,480,18,0
19,20261022,colour_logit,binary_healthy_other,exposure_4_B,480,17,0
19,20261022,colour_logit,binary_healthy_other,sham_4_B,480,19,0
19,20261022,resnet_cosine_1nn,multiclass,zero,480,0,0
19,20261022,resnet_cosine_1nn,multiclass,exposure_0_A,480,0,0
19,20261022,resnet_cosine_1nn,multiclass,sham_0_A,480,0,0
19,20261022,resnet_cosine_1nn,multiclass,exposure_0_B,480,0,0
19,20261022,resnet_cosine_1nn,multiclass,sham_0_B,480,0,0
19,20261022,resnet_cosine_1nn,multiclass,exposure_1_A,480,0,0
19,20261022,resnet_cosine_1nn,multiclass,sham_1_A,480,0,0
19,20261022,resnet_cosine_1nn,multiclass,exposure_1_B,480,0,0
19,20261022,resnet_cosine_1nn,multiclass,sham_1_B,480,0,0
19,20261022,resnet_cosine_1nn,multiclass,exposure_2_A,480,0,0
19,20261022,resnet_cosine_1nn,multiclass,sham_2_A,480,0,0
19,20261022,resnet_cosine_1nn,multiclass,exposure_2_B,480,0,0
19,20261022,resnet_cosine_1nn,multiclass,sham_2_B,480,0,0
19,20261022,resnet_cosine_1nn,multiclass,exposure_3_A,480,0,0
19,20261022,resnet_cosine_1nn,multiclass,sham_3_A,480,0,0
19,20261022,resnet_cosine_1nn,multiclass,exposure_3_B,480,0,0
19,20261022,resnet_cosine_1nn,multiclass,sham_3_B,480,0,0
19,20261022,resnet_cosine_1nn,multiclass,exposure_4_A,480,0,0
19,20261022,resnet_cosine_1nn,multiclass,sham_4_A,480,0,0
19,20261022,resnet_cosine_1nn,multiclass,exposure_4_B,480,0,0
19,20261022,resnet_cosine_1nn,multiclass,sham_4_B,480,0,0
19,20261022,resnet_cosine_1nn,binary_healthy_other,zero,480,0,0
19,20261022,resnet_cosine_1nn,binary_healthy_other,exposure_0_A,480,0,0
19,20261022,resnet_cosine_1nn,binary_healthy_other,sham_0_A,480,0,0
19,20261022,resnet_cosine_1nn,binary_healthy_other,exposure_0_B,480,0,0
19,20261022,resnet_cosine_1nn,binary_healthy_other,sham_0_B,480,0,0
19,20261022,resnet_cosine_1nn,binary_healthy_other,exposure_1_A,480,0,0
19,20261022,resnet_cosine_1nn,binary_healthy_other,sham_1_A,480,0,0
19,20261022,resnet_cosine_1nn,binary_healthy_other,exposure_1_B,480,0,0
19,20261022,resnet_cosine_1nn,binary_healthy_other,sham_1_B,480,0,0
19,20261022,resnet_cosine_1nn,binary_healthy_other,exposure_2_A,480,0,0
19,20261022,resnet_cosine_1nn,binary_healthy_other,sham_2_A,480,0,0
19,20261022,resnet_cosine_1nn,binary_healthy_other,exposure_2_B,480,0,0
19,20261022,resnet_cosine_1nn,binary_healthy_other,sham_2_B,480,0,0
19,20261022,resnet_cosine_1nn,binary_healthy_other,exposure_3_A,480,0,0
19,20261022,resnet_cosine_1nn,binary_healthy_other,sham_3_A,480,0,0
19,20261022,resnet_cosine_1nn,binary_healthy_other,exposure_3_B,480,0,0
19,20261022,resnet_cosine_1nn,binary_healthy_other,sham_3_B,480,0,0
19,20261022,resnet_cosine_1nn,binary_healthy_other,exposure_4_A,480,0,0
19,20261022,resnet_cosine_1nn,binary_healthy_other,sham_4_A,480,0,0
19,20261022,resnet_cosine_1nn,binary_healthy_other,exposure_4_B,480,0,0
19,20261022,resnet_cosine_1nn,binary_healthy_other,sham_4_B,480,0,0
20,20261023,resnet_logit,multiclass,zero,480,49,0
20,20261023,resnet_logit,multiclass,exposure_0_A,480,52,0
20,20261023,resnet_logit,multiclass,sham_0_A,480,48,0
20,20261023,resnet_logit,multiclass,exposure_0_B,480,52,0
20,20261023,resnet_logit,multiclass,sham_0_B,480,55,0
20,20261023,resnet_logit,multiclass,exposure_1_A,480,52,0
20,20261023,resnet_logit,multiclass,sham_1_A,480,53,0
20,20261023,resnet_logit,multiclass,exposure_1_B,480,57,0
20,20261023,resnet_logit,multiclass,sham_1_B,480,53,0
20,20261023,resnet_logit,multiclass,exposure_2_A,480,51,0
20,20261023,resnet_logit,multiclass,sham_2_A,480,55,0
20,20261023,resnet_logit,multiclass,exposure_2_B,480,46,0
20,20261023,resnet_logit,multiclass,sham_2_B,480,52,0
20,20261023,resnet_logit,multiclass,exposure_3_A,480,52,0
20,20261023,resnet_logit,multiclass,sham_3_A,480,51,0
20,20261023,resnet_logit,multiclass,exposure_3_B,480,41,0
20,20261023,resnet_logit,multiclass,sham_3_B,480,53,0
20,20261023,resnet_logit,multiclass,exposure_4_A,480,50,0
20,20261023,resnet_logit,multiclass,sham_4_A,480,52,0
20,20261023,resnet_logit,multiclass,exposure_4_B,480,51,0
20,20261023,resnet_logit,multiclass,sham_4_B,480,55,0
20,20261023,resnet_logit,binary_healthy_other,zero,480,21,0
20,20261023,resnet_logit,binary_healthy_other,exposure_0_A,480,20,0
20,20261023,resnet_logit,binary_healthy_other,sham_0_A,480,20,0
20,20261023,resnet_logit,binary_healthy_other,exposure_0_B,480,21,0
20,20261023,resnet_logit,binary_healthy_other,sham_0_B,480,20,0
20,20261023,resnet_logit,binary_healthy_other,exposure_1_A,480,21,0
20,20261023,resnet_logit,binary_healthy_other,sham_1_A,480,21,0
20,20261023,resnet_logit,binary_healthy_other,exposure_1_B,480,19,0
20,20261023,resnet_logit,binary_healthy_other,sham_1_B,480,21,0
20,20261023,resnet_logit,binary_healthy_other,exposure_2_A,480,20,0
20,20261023,resnet_logit,binary_healthy_other,sham_2_A,480,20,0
20,20261023,resnet_logit,binary_healthy_other,exposure_2_B,480,20,0
20,20261023,resnet_logit,binary_healthy_other,sham_2_B,480,22,0
20,20261023,resnet_logit,binary_healthy_other,exposure_3_A,480,21,0
20,20261023,resnet_logit,binary_healthy_other,sham_3_A,480,20,0
20,20261023,resnet_logit,binary_healthy_other,exposure_3_B,480,21,0
20,20261023,resnet_logit,binary_healthy_other,sham_3_B,480,21,0
20,20261023,resnet_logit,binary_healthy_other,exposure_4_A,480,20,0
20,20261023,resnet_logit,binary_healthy_other,sham_4_A,480,21,0
20,20261023,resnet_logit,binary_healthy_other,exposure_4_B,480,20,0
20,20261023,resnet_logit,binary_healthy_other,sham_4_B,480,21,0
20,20261023,colour_logit,multiclass,zero,480,36,0
20,20261023,colour_logit,multiclass,exposure_0_A,480,35,0
20,20261023,colour_logit,multiclass,sham_0_A,480,35,0
20,20261023,colour_logit,multiclass,exposure_0_B,480,35,0
20,20261023,colour_logit,multiclass,sham_0_B,480,35,0
20,20261023,colour_logit,multiclass,exposure_1_A,480,34,0
20,20261023,colour_logit,multiclass,sham_1_A,480,35,0
20,20261023,colour_logit,multiclass,exposure_1_B,480,32,0
20,20261023,colour_logit,multiclass,sham_1_B,480,34,0
20,20261023,colour_logit,multiclass,exposure_2_A,480,34,0
20,20261023,colour_logit,multiclass,sham_2_A,480,37,0
20,20261023,colour_logit,multiclass,exposure_2_B,480,34,0
20,20261023,colour_logit,multiclass,sham_2_B,480,34,0
20,20261023,colour_logit,multiclass,exposure_3_A,480,35,0
20,20261023,colour_logit,multiclass,sham_3_A,480,36,0
20,20261023,colour_logit,multiclass,exposure_3_B,480,34,0
20,20261023,colour_logit,multiclass,sham_3_B,480,35,0
20,20261023,colour_logit,multiclass,exposure_4_A,480,34,0
20,20261023,colour_logit,multiclass,sham_4_A,480,34,0
20,20261023,colour_logit,multiclass,exposure_4_B,480,33,0
20,20261023,colour_logit,multiclass,sham_4_B,480,35,0
20,20261023,colour_logit,binary_healthy_other,zero,480,18,0
20,20261023,colour_logit,binary_healthy_other,exposure_0_A,480,19,0
20,20261023,colour_logit,binary_healthy_other,sham_0_A,480,18,0
20,20261023,colour_logit,binary_healthy_other,exposure_0_B,480,18,0
20,20261023,colour_logit,binary_healthy_other,sham_0_B,480,18,0
20,20261023,colour_logit,binary_healthy_other,exposure_1_A,480,17,0
20,20261023,colour_logit,binary_healthy_other,sham_1_A,480,17,0
20,20261023,colour_logit,binary_healthy_other,exposure_1_B,480,17,0
20,20261023,colour_logit,binary_healthy_other,sham_1_B,480,18,0
20,20261023,colour_logit,binary_healthy_other,exposure_2_A,480,18,0
20,20261023,colour_logit,binary_healthy_other,sham_2_A,480,17,0
20,20261023,colour_logit,binary_healthy_other,exposure_2_B,480,19,0
20,20261023,colour_logit,binary_healthy_other,sham_2_B,480,16,0
20,20261023,colour_logit,binary_healthy_other,exposure_3_A,480,18,0
20,20261023,colour_logit,binary_healthy_other,sham_3_A,480,17,0
20,20261023,colour_logit,binary_healthy_other,exposure_3_B,480,17,0
20,20261023,colour_logit,binary_healthy_other,sham_3_B,480,17,0
20,20261023,colour_logit,binary_healthy_other,exposure_4_A,480,18,0
20,20261023,colour_logit,binary_healthy_other,sham_4_A,480,18,0
20,20261023,colour_logit,binary_healthy_other,exposure_4_B,480,19,0
20,20261023,colour_logit,binary_healthy_other,sham_4_B,480,19,0
20,20261023,resnet_cosine_1nn,multiclass,zero,480,0,0
20,20261023,resnet_cosine_1nn,multiclass,exposure_0_A,480,0,0
20,20261023,resnet_cosine_1nn,multiclass,sham_0_A,480,0,0
20,20261023,resnet_cosine_1nn,multiclass,exposure_0_B,480,0,0
20,20261023,resnet_cosine_1nn,multiclass,sham_0_B,480,0,0
20,20261023,resnet_cosine_1nn,multiclass,exposure_1_A,480,0,0
20,20261023,resnet_cosine_1nn,multiclass,sham_1_A,480,0,0
20,20261023,resnet_cosine_1nn,multiclass,exposure_1_B,480,0,0
20,20261023,resnet_cosine_1nn,multiclass,sham_1_B,480,0,0
20,20261023,resnet_cosine_1nn,multiclass,exposure_2_A,480,0,0
20,20261023,resnet_cosine_1nn,multiclass,sham_2_A,480,0,0
20,20261023,resnet_cosine_1nn,multiclass,exposure_2_B,480,0,0
20,20261023,resnet_cosine_1nn,multiclass,sham_2_B,480,0,0
20,20261023,resnet_cosine_1nn,multiclass,exposure_3_A,480,0,0
20,20261023,resnet_cosine_1nn,multiclass,sham_3_A,480,0,0
20,20261023,resnet_cosine_1nn,multiclass,exposure_3_B,480,0,0
20,20261023,resnet_cosine_1nn,multiclass,sham_3_B,480,0,0
20,20261023,resnet_cosine_1nn,multiclass,exposure_4_A,480,0,0
20,20261023,resnet_cosine_1nn,multiclass,sham_4_A,480,0,0
20,20261023,resnet_cosine_1nn,multiclass,exposure_4_B,480,0,0
20,20261023,resnet_cosine_1nn,multiclass,sham_4_B,480,0,0
20,20261023,resnet_cosine_1nn,binary_healthy_other,zero,480,0,0
20,20261023,resnet_cosine_1nn,binary_healthy_other,exposure_0_A,480,0,0
20,20261023,resnet_cosine_1nn,binary_healthy_other,sham_0_A,480,0,0
20,20261023,resnet_cosine_1nn,binary_healthy_other,exposure_0_B,480,0,0
20,20261023,resnet_cosine_1nn,binary_healthy_other,sham_0_B,480,0,0
20,20261023,resnet_cosine_1nn,binary_healthy_other,exposure_1_A,480,0,0
20,20261023,resnet_cosine_1nn,binary_healthy_other,sham_1_A,480,0,0
20,20261023,resnet_cosine_1nn,binary_healthy_other,exposure_1_B,480,0,0
20,20261023,resnet_cosine_1nn,binary_healthy_other,sham_1_B,480,0,0
20,20261023,resnet_cosine_1nn,binary_healthy_other,exposure_2_A,480,0,0
20,20261023,resnet_cosine_1nn,binary_healthy_other,sham_2_A,480,0,0
20,20261023,resnet_cosine_1nn,binary_healthy_other,exposure_2_B,480,0,0
20,20261023,resnet_cosine_1nn,binary_healthy_other,sham_2_B,480,0,0
20,20261023,resnet_cosine_1nn,binary_healthy_other,exposure_3_A,480,0,0
20,20261023,resnet_cosine_1nn,binary_healthy_other,sham_3_A,480,0,0
20,20261023,resnet_cosine_1nn,binary_healthy_other,exposure_3_B,480,0,0
20,20261023,resnet_cosine_1nn,binary_healthy_other,sham_3_B,480,0,0
20,20261023,resnet_cosine_1nn,binary_healthy_other,exposure_4_A,480,0,0
20,20261023,resnet_cosine_1nn,binary_healthy_other,sham_4_A,480,0,0
20,20261023,resnet_cosine_1nn,binary_healthy_other,exposure_4_B,480,0,0
20,20261023,resnet_cosine_1nn,binary_healthy_other,sham_4_B,480,0,0
21,20261024,resnet_logit,multiclass,zero,480,46,0
21,20261024,resnet_logit,multiclass,exposure_0_A,480,54,0
21,20261024,resnet_logit,multiclass,sham_0_A,480,44,0
21,20261024,resnet_logit,multiclass,exposure_0_B,480,54,0
21,20261024,resnet_logit,multiclass,sham_0_B,480,45,0
21,20261024,resnet_logit,multiclass,exposure_1_A,480,47,0
21,20261024,resnet_logit,multiclass,sham_1_A,480,44,0
21,20261024,resnet_logit,multiclass,exposure_1_B,480,41,0
21,20261024,resnet_logit,multiclass,sham_1_B,480,50,0
21,20261024,resnet_logit,multiclass,exposure_2_A,480,46,0
21,20261024,resnet_logit,multiclass,sham_2_A,480,54,0
21,20261024,resnet_logit,multiclass,exposure_2_B,480,44,0
21,20261024,resnet_logit,multiclass,sham_2_B,480,45,0
21,20261024,resnet_logit,multiclass,exposure_3_A,480,53,0
21,20261024,resnet_logit,multiclass,sham_3_A,480,43,0
21,20261024,resnet_logit,multiclass,exposure_3_B,480,46,0
21,20261024,resnet_logit,multiclass,sham_3_B,480,45,0
21,20261024,resnet_logit,multiclass,exposure_4_A,480,53,0
21,20261024,resnet_logit,multiclass,sham_4_A,480,53,0
21,20261024,resnet_logit,multiclass,exposure_4_B,480,49,0
21,20261024,resnet_logit,multiclass,sham_4_B,480,45,0
21,20261024,resnet_logit,binary_healthy_other,zero,480,20,0
21,20261024,resnet_logit,binary_healthy_other,exposure_0_A,480,21,0
21,20261024,resnet_logit,binary_healthy_other,sham_0_A,480,21,0
21,20261024,resnet_logit,binary_healthy_other,exposure_0_B,480,20,0
21,20261024,resnet_logit,binary_healthy_other,sham_0_B,480,20,0
21,20261024,resnet_logit,binary_healthy_other,exposure_1_A,480,20,0
21,20261024,resnet_logit,binary_healthy_other,sham_1_A,480,20,0
21,20261024,resnet_logit,binary_healthy_other,exposure_1_B,480,20,0
21,20261024,resnet_logit,binary_healthy_other,sham_1_B,480,21,0
21,20261024,resnet_logit,binary_healthy_other,exposure_2_A,480,20,0
21,20261024,resnet_logit,binary_healthy_other,sham_2_A,480,20,0
21,20261024,resnet_logit,binary_healthy_other,exposure_2_B,480,21,0
21,20261024,resnet_logit,binary_healthy_other,sham_2_B,480,21,0
21,20261024,resnet_logit,binary_healthy_other,exposure_3_A,480,20,0
21,20261024,resnet_logit,binary_healthy_other,sham_3_A,480,21,0
21,20261024,resnet_logit,binary_healthy_other,exposure_3_B,480,21,0
21,20261024,resnet_logit,binary_healthy_other,sham_3_B,480,21,0
21,20261024,resnet_logit,binary_healthy_other,exposure_4_A,480,22,0
21,20261024,resnet_logit,binary_healthy_other,sham_4_A,480,21,0
21,20261024,resnet_logit,binary_healthy_other,exposure_4_B,480,20,0
21,20261024,resnet_logit,binary_healthy_other,sham_4_B,480,21,0
21,20261024,colour_logit,multiclass,zero,480,32,0
21,20261024,colour_logit,multiclass,exposure_0_A,480,31,0
21,20261024,colour_logit,multiclass,sham_0_A,480,35,0
21,20261024,colour_logit,multiclass,exposure_0_B,480,33,0
21,20261024,colour_logit,multiclass,sham_0_B,480,36,0
21,20261024,colour_logit,multiclass,exposure_1_A,480,36,0
21,20261024,colour_logit,multiclass,sham_1_A,480,33,0
21,20261024,colour_logit,multiclass,exposure_1_B,480,33,0
21,20261024,colour_logit,multiclass,sham_1_B,480,34,0
21,20261024,colour_logit,multiclass,exposure_2_A,480,33,0
21,20261024,colour_logit,multiclass,sham_2_A,480,32,0
21,20261024,colour_logit,multiclass,exposure_2_B,480,34,0
21,20261024,colour_logit,multiclass,sham_2_B,480,33,0
21,20261024,colour_logit,multiclass,exposure_3_A,480,34,0
21,20261024,colour_logit,multiclass,sham_3_A,480,32,0
21,20261024,colour_logit,multiclass,exposure_3_B,480,32,0
21,20261024,colour_logit,multiclass,sham_3_B,480,34,0
21,20261024,colour_logit,multiclass,exposure_4_A,480,34,0
21,20261024,colour_logit,multiclass,sham_4_A,480,33,0
21,20261024,colour_logit,multiclass,exposure_4_B,480,34,0
21,20261024,colour_logit,multiclass,sham_4_B,480,32,0
21,20261024,colour_logit,binary_healthy_other,zero,480,16,0
21,20261024,colour_logit,binary_healthy_other,exposure_0_A,480,15,0
21,20261024,colour_logit,binary_healthy_other,sham_0_A,480,19,0
21,20261024,colour_logit,binary_healthy_other,exposure_0_B,480,18,0
21,20261024,colour_logit,binary_healthy_other,sham_0_B,480,17,0
21,20261024,colour_logit,binary_healthy_other,exposure_1_A,480,17,0
21,20261024,colour_logit,binary_healthy_other,sham_1_A,480,17,0
21,20261024,colour_logit,binary_healthy_other,exposure_1_B,480,17,0
21,20261024,colour_logit,binary_healthy_other,sham_1_B,480,18,0
21,20261024,colour_logit,binary_healthy_other,exposure_2_A,480,15,0
21,20261024,colour_logit,binary_healthy_other,sham_2_A,480,16,0
21,20261024,colour_logit,binary_healthy_other,exposure_2_B,480,17,0
21,20261024,colour_logit,binary_healthy_other,sham_2_B,480,16,0
21,20261024,colour_logit,binary_healthy_other,exposure_3_A,480,19,0
21,20261024,colour_logit,binary_healthy_other,sham_3_A,480,17,0
21,20261024,colour_logit,binary_healthy_other,exposure_3_B,480,17,0
21,20261024,colour_logit,binary_healthy_other,sham_3_B,480,16,0
21,20261024,colour_logit,binary_healthy_other,exposure_4_A,480,17,0
21,20261024,colour_logit,binary_healthy_other,sham_4_A,480,18,0
21,20261024,colour_logit,binary_healthy_other,exposure_4_B,480,19,0
21,20261024,colour_logit,binary_healthy_other,sham_4_B,480,16,0
21,20261024,resnet_cosine_1nn,multiclass,zero,480,0,0
21,20261024,resnet_cosine_1nn,multiclass,exposure_0_A,480,0,0
21,20261024,resnet_cosine_1nn,multiclass,sham_0_A,480,0,0
21,20261024,resnet_cosine_1nn,multiclass,exposure_0_B,480,0,0
21,20261024,resnet_cosine_1nn,multiclass,sham_0_B,480,0,0
21,20261024,resnet_cosine_1nn,multiclass,exposure_1_A,480,0,0
21,20261024,resnet_cosine_1nn,multiclass,sham_1_A,480,0,0
21,20261024,resnet_cosine_1nn,multiclass,exposure_1_B,480,0,0
21,20261024,resnet_cosine_1nn,multiclass,sham_1_B,480,0,0
21,20261024,resnet_cosine_1nn,multiclass,exposure_2_A,480,0,0
21,20261024,resnet_cosine_1nn,multiclass,sham_2_A,480,0,0
21,20261024,resnet_cosine_1nn,multiclass,exposure_2_B,480,0,0
21,20261024,resnet_cosine_1nn,multiclass,sham_2_B,480,0,0
21,20261024,resnet_cosine_1nn,multiclass,exposure_3_A,480,0,0
21,20261024,resnet_cosine_1nn,multiclass,sham_3_A,480,0,0
21,20261024,resnet_cosine_1nn,multiclass,exposure_3_B,480,0,0
21,20261024,resnet_cosine_1nn,multiclass,sham_3_B,480,0,0
21,20261024,resnet_cosine_1nn,multiclass,exposure_4_A,480,0,0
21,20261024,resnet_cosine_1nn,multiclass,sham_4_A,480,0,0
21,20261024,resnet_cosine_1nn,multiclass,exposure_4_B,480,0,0
21,20261024,resnet_cosine_1nn,multiclass,sham_4_B,480,0,0
21,20261024,resnet_cosine_1nn,binary_healthy_other,zero,480,0,0
21,20261024,resnet_cosine_1nn,binary_healthy_other,exposure_0_A,480,0,0
21,20261024,resnet_cosine_1nn,binary_healthy_other,sham_0_A,480,0,0
21,20261024,resnet_cosine_1nn,binary_healthy_other,exposure_0_B,480,0,0
21,20261024,resnet_cosine_1nn,binary_healthy_other,sham_0_B,480,0,0
21,20261024,resnet_cosine_1nn,binary_healthy_other,exposure_1_A,480,0,0
21,20261024,resnet_cosine_1nn,binary_healthy_other,sham_1_A,480,0,0
21,20261024,resnet_cosine_1nn,binary_healthy_other,exposure_1_B,480,0,0
21,20261024,resnet_cosine_1nn,binary_healthy_other,sham_1_B,480,0,0
21,20261024,resnet_cosine_1nn,binary_healthy_other,exposure_2_A,480,0,0
21,20261024,resnet_cosine_1nn,binary_healthy_other,sham_2_A,480,0,0
21,20261024,resnet_cosine_1nn,binary_healthy_other,exposure_2_B,480,0,0
21,20261024,resnet_cosine_1nn,binary_healthy_other,sham_2_B,480,0,0
21,20261024,resnet_cosine_1nn,binary_healthy_other,exposure_3_A,480,0,0
21,20261024,resnet_cosine_1nn,binary_healthy_other,sham_3_A,480,0,0
21,20261024,resnet_cosine_1nn,binary_healthy_other,exposure_3_B,480,0,0
21,20261024,resnet_cosine_1nn,binary_healthy_other,sham_3_B,480,0,0
21,20261024,resnet_cosine_1nn,binary_healthy_other,exposure_4_A,480,0,0
21,20261024,resnet_cosine_1nn,binary_healthy_other,sham_4_A,480,0,0
21,20261024,resnet_cosine_1nn,binary_healthy_other,exposure_4_B,480,0,0
21,20261024,resnet_cosine_1nn,binary_healthy_other,sham_4_B,480,0,0
22,20261025,resnet_logit,multiclass,zero,480,51,0
22,20261025,resnet_logit,multiclass,exposure_0_A,480,46,0
22,20261025,resnet_logit,multiclass,sham_0_A,480,49,0
22,20261025,resnet_logit,multiclass,exposure_0_B,480,45,0
22,20261025,resnet_logit,multiclass,sham_0_B,480,52,0
22,20261025,resnet_logit,multiclass,exposure_1_A,480,44,0
22,20261025,resnet_logit,multiclass,sham_1_A,480,45,0
22,20261025,resnet_logit,multiclass,exposure_1_B,480,49,0
22,20261025,resnet_logit,multiclass,sham_1_B,480,42,0
22,20261025,resnet_logit,multiclass,exposure_2_A,480,56,0
22,20261025,resnet_logit,multiclass,sham_2_A,480,53,0
22,20261025,resnet_logit,multiclass,exposure_2_B,480,54,0
22,20261025,resnet_logit,multiclass,sham_2_B,480,54,0
22,20261025,resnet_logit,multiclass,exposure_3_A,480,56,0
22,20261025,resnet_logit,multiclass,sham_3_A,480,46,0
22,20261025,resnet_logit,multiclass,exposure_3_B,480,50,0
22,20261025,resnet_logit,multiclass,sham_3_B,480,53,0
22,20261025,resnet_logit,multiclass,exposure_4_A,480,52,0
22,20261025,resnet_logit,multiclass,sham_4_A,480,53,0
22,20261025,resnet_logit,multiclass,exposure_4_B,480,69,0
22,20261025,resnet_logit,multiclass,sham_4_B,480,52,0
22,20261025,resnet_logit,binary_healthy_other,zero,480,22,0
22,20261025,resnet_logit,binary_healthy_other,exposure_0_A,480,22,0
22,20261025,resnet_logit,binary_healthy_other,sham_0_A,480,20,0
22,20261025,resnet_logit,binary_healthy_other,exposure_0_B,480,21,0
22,20261025,resnet_logit,binary_healthy_other,sham_0_B,480,20,0
22,20261025,resnet_logit,binary_healthy_other,exposure_1_A,480,21,0
22,20261025,resnet_logit,binary_healthy_other,sham_1_A,480,22,0
22,20261025,resnet_logit,binary_healthy_other,exposure_1_B,480,22,0
22,20261025,resnet_logit,binary_healthy_other,sham_1_B,480,22,0
22,20261025,resnet_logit,binary_healthy_other,exposure_2_A,480,21,0
22,20261025,resnet_logit,binary_healthy_other,sham_2_A,480,21,0
22,20261025,resnet_logit,binary_healthy_other,exposure_2_B,480,21,0
22,20261025,resnet_logit,binary_healthy_other,sham_2_B,480,21,0
22,20261025,resnet_logit,binary_healthy_other,exposure_3_A,480,22,0
22,20261025,resnet_logit,binary_healthy_other,sham_3_A,480,21,0
22,20261025,resnet_logit,binary_healthy_other,exposure_3_B,480,21,0
22,20261025,resnet_logit,binary_healthy_other,sham_3_B,480,21,0
22,20261025,resnet_logit,binary_healthy_other,exposure_4_A,480,22,0
22,20261025,resnet_logit,binary_healthy_other,sham_4_A,480,21,0
22,20261025,resnet_logit,binary_healthy_other,exposure_4_B,480,21,0
22,20261025,resnet_logit,binary_healthy_other,sham_4_B,480,20,0
22,20261025,colour_logit,multiclass,zero,480,33,0
22,20261025,colour_logit,multiclass,exposure_0_A,480,33,0
22,20261025,colour_logit,multiclass,sham_0_A,480,32,0
22,20261025,colour_logit,multiclass,exposure_0_B,480,38,0
22,20261025,colour_logit,multiclass,sham_0_B,480,34,0
22,20261025,colour_logit,multiclass,exposure_1_A,480,35,0
22,20261025,colour_logit,multiclass,sham_1_A,480,33,0
22,20261025,colour_logit,multiclass,exposure_1_B,480,33,0
22,20261025,colour_logit,multiclass,sham_1_B,480,33,0
22,20261025,colour_logit,multiclass,exposure_2_A,480,32,0
22,20261025,colour_logit,multiclass,sham_2_A,480,32,0
22,20261025,colour_logit,multiclass,exposure_2_B,480,34,0
22,20261025,colour_logit,multiclass,sham_2_B,480,33,0
22,20261025,colour_logit,multiclass,exposure_3_A,480,32,0
22,20261025,colour_logit,multiclass,sham_3_A,480,32,0
22,20261025,colour_logit,multiclass,exposure_3_B,480,35,0
22,20261025,colour_logit,multiclass,sham_3_B,480,33,0
22,20261025,colour_logit,multiclass,exposure_4_A,480,34,0
22,20261025,colour_logit,multiclass,sham_4_A,480,36,0
22,20261025,colour_logit,multiclass,exposure_4_B,480,31,0
22,20261025,colour_logit,multiclass,sham_4_B,480,32,0
22,20261025,colour_logit,binary_healthy_other,zero,480,18,0
22,20261025,colour_logit,binary_healthy_other,exposure_0_A,480,17,0
22,20261025,colour_logit,binary_healthy_other,sham_0_A,480,18,0
22,20261025,colour_logit,binary_healthy_other,exposure_0_B,480,17,0
22,20261025,colour_logit,binary_healthy_other,sham_0_B,480,17,0
22,20261025,colour_logit,binary_healthy_other,exposure_1_A,480,18,0
22,20261025,colour_logit,binary_healthy_other,sham_1_A,480,17,0
22,20261025,colour_logit,binary_healthy_other,exposure_1_B,480,17,0
22,20261025,colour_logit,binary_healthy_other,sham_1_B,480,17,0
22,20261025,colour_logit,binary_healthy_other,exposure_2_A,480,17,0
22,20261025,colour_logit,binary_healthy_other,sham_2_A,480,19,0
22,20261025,colour_logit,binary_healthy_other,exposure_2_B,480,17,0
22,20261025,colour_logit,binary_healthy_other,sham_2_B,480,18,0
22,20261025,colour_logit,binary_healthy_other,exposure_3_A,480,18,0
22,20261025,colour_logit,binary_healthy_other,sham_3_A,480,17,0
22,20261025,colour_logit,binary_healthy_other,exposure_3_B,480,19,0
22,20261025,colour_logit,binary_healthy_other,sham_3_B,480,18,0
22,20261025,colour_logit,binary_healthy_other,exposure_4_A,480,17,0
22,20261025,colour_logit,binary_healthy_other,sham_4_A,480,16,0
22,20261025,colour_logit,binary_healthy_other,exposure_4_B,480,18,0
22,20261025,colour_logit,binary_healthy_other,sham_4_B,480,17,0
22,20261025,resnet_cosine_1nn,multiclass,zero,480,0,0
22,20261025,resnet_cosine_1nn,multiclass,exposure_0_A,480,0,0
22,20261025,resnet_cosine_1nn,multiclass,sham_0_A,480,0,0
22,20261025,resnet_cosine_1nn,multiclass,exposure_0_B,480,0,0
22,20261025,resnet_cosine_1nn,multiclass,sham_0_B,480,0,0
22,20261025,resnet_cosine_1nn,multiclass,exposure_1_A,480,0,0
22,20261025,resnet_cosine_1nn,multiclass,sham_1_A,480,0,0
22,20261025,resnet_cosine_1nn,multiclass,exposure_1_B,480,0,0
22,20261025,resnet_cosine_1nn,multiclass,sham_1_B,480,0,0
22,20261025,resnet_cosine_1nn,multiclass,exposure_2_A,480,0,0
22,20261025,resnet_cosine_1nn,multiclass,sham_2_A,480,0,0
22,20261025,resnet_cosine_1nn,multiclass,exposure_2_B,480,0,0
22,20261025,resnet_cosine_1nn,multiclass,sham_2_B,480,0,0
22,20261025,resnet_cosine_1nn,multiclass,exposure_3_A,480,0,0
22,20261025,resnet_cosine_1nn,multiclass,sham_3_A,480,0,0
22,20261025,resnet_cosine_1nn,multiclass,exposure_3_B,480,0,0
22,20261025,resnet_cosine_1nn,multiclass,sham_3_B,480,0,0
22,20261025,resnet_cosine_1nn,multiclass,exposure_4_A,480,0,0
22,20261025,resnet_cosine_1nn,multiclass,sham_4_A,480,0,0
22,20261025,resnet_cosine_1nn,multiclass,exposure_4_B,480,0,0
22,20261025,resnet_cosine_1nn,multiclass,sham_4_B,480,0,0
22,20261025,resnet_cosine_1nn,binary_healthy_other,zero,480,0,0
22,20261025,resnet_cosine_1nn,binary_healthy_other,exposure_0_A,480,0,0
22,20261025,resnet_cosine_1nn,binary_healthy_other,sham_0_A,480,0,0
22,20261025,resnet_cosine_1nn,binary_healthy_other,exposure_0_B,480,0,0
22,20261025,resnet_cosine_1nn,binary_healthy_other,sham_0_B,480,0,0
22,20261025,resnet_cosine_1nn,binary_healthy_other,exposure_1_A,480,0,0
22,20261025,resnet_cosine_1nn,binary_healthy_other,sham_1_A,480,0,0
22,20261025,resnet_cosine_1nn,binary_healthy_other,exposure_1_B,480,0,0
22,20261025,resnet_cosine_1nn,binary_healthy_other,sham_1_B,480,0,0
22,20261025,resnet_cosine_1nn,binary_healthy_other,exposure_2_A,480,0,0
22,20261025,resnet_cosine_1nn,binary_healthy_other,sham_2_A,480,0,0
22,20261025,resnet_cosine_1nn,binary_healthy_other,exposure_2_B,480,0,0
22,20261025,resnet_cosine_1nn,binary_healthy_other,sham_2_B,480,0,0
22,20261025,resnet_cosine_1nn,binary_healthy_other,exposure_3_A,480,0,0
22,20261025,resnet_cosine_1nn,binary_healthy_other,sham_3_A,480,0,0
22,20261025,resnet_cosine_1nn,binary_healthy_other,exposure_3_B,480,0,0
22,20261025,resnet_cosine_1nn,binary_healthy_other,sham_3_B,480,0,0
22,20261025,resnet_cosine_1nn,binary_healthy_other,exposure_4_A,480,0,0
22,20261025,resnet_cosine_1nn,binary_healthy_other,sham_4_A,480,0,0
22,20261025,resnet_cosine_1nn,binary_healthy_other,exposure_4_B,480,0,0
22,20261025,resnet_cosine_1nn,binary_healthy_other,sham_4_B,480,0,0
23,20261026,resnet_logit,multiclass,zero,480,50,0
23,20261026,resnet_logit,multiclass,exposure_0_A,480,44,0
23,20261026,resnet_logit,multiclass,sham_0_A,480,51,0
23,20261026,resnet_logit,multiclass,exposure_0_B,480,50,0
23,20261026,resnet_logit,multiclass,sham_0_B,480,41,0
23,20261026,resnet_logit,multiclass,exposure_1_A,480,54,0
23,20261026,resnet_logit,multiclass,sham_1_A,480,51,0
23,20261026,resnet_logit,multiclass,exposure_1_B,480,42,0
23,20261026,resnet_logit,multiclass,sham_1_B,480,43,0
23,20261026,resnet_logit,multiclass,exposure_2_A,480,49,0
23,20261026,resnet_logit,multiclass,sham_2_A,480,51,0
23,20261026,resnet_logit,multiclass,exposure_2_B,480,45,0
23,20261026,resnet_logit,multiclass,sham_2_B,480,52,0
23,20261026,resnet_logit,multiclass,exposure_3_A,480,53,0
23,20261026,resnet_logit,multiclass,sham_3_A,480,42,0
23,20261026,resnet_logit,multiclass,exposure_3_B,480,51,0
23,20261026,resnet_logit,multiclass,sham_3_B,480,43,0
23,20261026,resnet_logit,multiclass,exposure_4_A,480,52,0
23,20261026,resnet_logit,multiclass,sham_4_A,480,51,0
23,20261026,resnet_logit,multiclass,exposure_4_B,480,42,0
23,20261026,resnet_logit,multiclass,sham_4_B,480,49,0
23,20261026,resnet_logit,binary_healthy_other,zero,480,20,0
23,20261026,resnet_logit,binary_healthy_other,exposure_0_A,480,21,0
23,20261026,resnet_logit,binary_healthy_other,sham_0_A,480,20,0
23,20261026,resnet_logit,binary_healthy_other,exposure_0_B,480,21,0
23,20261026,resnet_logit,binary_healthy_other,sham_0_B,480,20,0
23,20261026,resnet_logit,binary_healthy_other,exposure_1_A,480,21,0
23,20261026,resnet_logit,binary_healthy_other,sham_1_A,480,20,0
23,20261026,resnet_logit,binary_healthy_other,exposure_1_B,480,20,0
23,20261026,resnet_logit,binary_healthy_other,sham_1_B,480,22,0
23,20261026,resnet_logit,binary_healthy_other,exposure_2_A,480,21,0
23,20261026,resnet_logit,binary_healthy_other,sham_2_A,480,21,0
23,20261026,resnet_logit,binary_healthy_other,exposure_2_B,480,20,0
23,20261026,resnet_logit,binary_healthy_other,sham_2_B,480,20,0
23,20261026,resnet_logit,binary_healthy_other,exposure_3_A,480,20,0
23,20261026,resnet_logit,binary_healthy_other,sham_3_A,480,21,0
23,20261026,resnet_logit,binary_healthy_other,exposure_3_B,480,21,0
23,20261026,resnet_logit,binary_healthy_other,sham_3_B,480,20,0
23,20261026,resnet_logit,binary_healthy_other,exposure_4_A,480,21,0
23,20261026,resnet_logit,binary_healthy_other,sham_4_A,480,20,0
23,20261026,resnet_logit,binary_healthy_other,exposure_4_B,480,20,0
23,20261026,resnet_logit,binary_healthy_other,sham_4_B,480,20,0
23,20261026,colour_logit,multiclass,zero,480,37,0
23,20261026,colour_logit,multiclass,exposure_0_A,480,35,0
23,20261026,colour_logit,multiclass,sham_0_A,480,37,0
23,20261026,colour_logit,multiclass,exposure_0_B,480,33,0
23,20261026,colour_logit,multiclass,sham_0_B,480,37,0
23,20261026,colour_logit,multiclass,exposure_1_A,480,34,0
23,20261026,colour_logit,multiclass,sham_1_A,480,36,0
23,20261026,colour_logit,multiclass,exposure_1_B,480,38,0
23,20261026,colour_logit,multiclass,sham_1_B,480,38,0
23,20261026,colour_logit,multiclass,exposure_2_A,480,35,0
23,20261026,colour_logit,multiclass,sham_2_A,480,38,0
23,20261026,colour_logit,multiclass,exposure_2_B,480,34,0
23,20261026,colour_logit,multiclass,sham_2_B,480,38,0
23,20261026,colour_logit,multiclass,exposure_3_A,480,34,0
23,20261026,colour_logit,multiclass,sham_3_A,480,35,0
23,20261026,colour_logit,multiclass,exposure_3_B,480,38,0
23,20261026,colour_logit,multiclass,sham_3_B,480,34,0
23,20261026,colour_logit,multiclass,exposure_4_A,480,34,0
23,20261026,colour_logit,multiclass,sham_4_A,480,38,0
23,20261026,colour_logit,multiclass,exposure_4_B,480,36,0
23,20261026,colour_logit,multiclass,sham_4_B,480,38,0
23,20261026,colour_logit,binary_healthy_other,zero,480,16,0
23,20261026,colour_logit,binary_healthy_other,exposure_0_A,480,18,0
23,20261026,colour_logit,binary_healthy_other,sham_0_A,480,18,0
23,20261026,colour_logit,binary_healthy_other,exposure_0_B,480,16,0
23,20261026,colour_logit,binary_healthy_other,sham_0_B,480,15,0
23,20261026,colour_logit,binary_healthy_other,exposure_1_A,480,18,0
23,20261026,colour_logit,binary_healthy_other,sham_1_A,480,17,0
23,20261026,colour_logit,binary_healthy_other,exposure_1_B,480,18,0
23,20261026,colour_logit,binary_healthy_other,sham_1_B,480,15,0
23,20261026,colour_logit,binary_healthy_other,exposure_2_A,480,18,0
23,20261026,colour_logit,binary_healthy_other,sham_2_A,480,16,0
23,20261026,colour_logit,binary_healthy_other,exposure_2_B,480,16,0
23,20261026,colour_logit,binary_healthy_other,sham_2_B,480,18,0
23,20261026,colour_logit,binary_healthy_other,exposure_3_A,480,17,0
23,20261026,colour_logit,binary_healthy_other,sham_3_A,480,17,0
23,20261026,colour_logit,binary_healthy_other,exposure_3_B,480,15,0
23,20261026,colour_logit,binary_healthy_other,sham_3_B,480,17,0
23,20261026,colour_logit,binary_healthy_other,exposure_4_A,480,17,0
23,20261026,colour_logit,binary_healthy_other,sham_4_A,480,17,0
23,20261026,colour_logit,binary_healthy_other,exposure_4_B,480,15,0
23,20261026,colour_logit,binary_healthy_other,sham_4_B,480,18,0
23,20261026,resnet_cosine_1nn,multiclass,zero,480,0,0
23,20261026,resnet_cosine_1nn,multiclass,exposure_0_A,480,0,0
23,20261026,resnet_cosine_1nn,multiclass,sham_0_A,480,0,0
23,20261026,resnet_cosine_1nn,multiclass,exposure_0_B,480,0,0
23,20261026,resnet_cosine_1nn,multiclass,sham_0_B,480,0,0
23,20261026,resnet_cosine_1nn,multiclass,exposure_1_A,480,0,0
23,20261026,resnet_cosine_1nn,multiclass,sham_1_A,480,0,0
23,20261026,resnet_cosine_1nn,multiclass,exposure_1_B,480,0,0
23,20261026,resnet_cosine_1nn,multiclass,sham_1_B,480,0,0
23,20261026,resnet_cosine_1nn,multiclass,exposure_2_A,480,0,0
23,20261026,resnet_cosine_1nn,multiclass,sham_2_A,480,0,0
23,20261026,resnet_cosine_1nn,multiclass,exposure_2_B,480,0,0
23,20261026,resnet_cosine_1nn,multiclass,sham_2_B,480,0,0
23,20261026,resnet_cosine_1nn,multiclass,exposure_3_A,480,0,0
23,20261026,resnet_cosine_1nn,multiclass,sham_3_A,480,0,0
23,20261026,resnet_cosine_1nn,multiclass,exposure_3_B,480,0,0
23,20261026,resnet_cosine_1nn,multiclass,sham_3_B,480,0,0
23,20261026,resnet_cosine_1nn,multiclass,exposure_4_A,480,0,0
23,20261026,resnet_cosine_1nn,multiclass,sham_4_A,480,0,0
23,20261026,resnet_cosine_1nn,multiclass,exposure_4_B,480,0,0
23,20261026,resnet_cosine_1nn,multiclass,sham_4_B,480,0,0
23,20261026,resnet_cosine_1nn,binary_healthy_other,zero,480,0,0
23,20261026,resnet_cosine_1nn,binary_healthy_other,exposure_0_A,480,0,0
23,20261026,resnet_cosine_1nn,binary_healthy_other,sham_0_A,480,0,0
23,20261026,resnet_cosine_1nn,binary_healthy_other,exposure_0_B,480,0,0
23,20261026,resnet_cosine_1nn,binary_healthy_other,sham_0_B,480,0,0
23,20261026,resnet_cosine_1nn,binary_healthy_other,exposure_1_A,480,0,0
23,20261026,resnet_cosine_1nn,binary_healthy_other,sham_1_A,480,0,0
23,20261026,resnet_cosine_1nn,binary_healthy_other,exposure_1_B,480,0,0
23,20261026,resnet_cosine_1nn,binary_healthy_other,sham_1_B,480,0,0
23,20261026,resnet_cosine_1nn,binary_healthy_other,exposure_2_A,480,0,0
23,20261026,resnet_cosine_1nn,binary_healthy_other,sham_2_A,480,0,0
23,20261026,resnet_cosine_1nn,binary_healthy_other,exposure_2_B,480,0,0
23,20261026,resnet_cosine_1nn,binary_healthy_other,sham_2_B,480,0,0
23,20261026,resnet_cosine_1nn,binary_healthy_other,exposure_3_A,480,0,0
23,20261026,resnet_cosine_1nn,binary_healthy_other,sham_3_A,480,0,0
23,20261026,resnet_cosine_1nn,binary_healthy_other,exposure_3_B,480,0,0
23,20261026,resnet_cosine_1nn,binary_healthy_other,sham_3_B,480,0,0
23,20261026,resnet_cosine_1nn,binary_healthy_other,exposure_4_A,480,0,0
23,20261026,resnet_cosine_1nn,binary_healthy_other,sham_4_A,480,0,0
23,20261026,resnet_cosine_1nn,binary_healthy_other,exposure_4_B,480,0,0
23,20261026,resnet_cosine_1nn,binary_healthy_other,sham_4_B,480,0,0
24,20261027,resnet_logit,multiclass,zero,480,50,0
24,20261027,resnet_logit,multiclass,exposure_0_A,480,53,0
24,20261027,resnet_logit,multiclass,sham_0_A,480,52,0
24,20261027,resnet_logit,multiclass,exposure_0_B,480,41,0
24,20261027,resnet_logit,multiclass,sham_0_B,480,43,0
24,20261027,resnet_logit,multiclass,exposure_1_A,480,50,0
24,20261027,resnet_logit,multiclass,sham_1_A,480,51,0
24,20261027,resnet_logit,multiclass,exposure_1_B,480,50,0
24,20261027,resnet_logit,multiclass,sham_1_B,480,52,0
24,20261027,resnet_logit,multiclass,exposure_2_A,480,51,0
24,20261027,resnet_logit,multiclass,sham_2_A,480,54,0
24,20261027,resnet_logit,multiclass,exposure_2_B,480,53,0
24,20261027,resnet_logit,multiclass,sham_2_B,480,45,0
24,20261027,resnet_logit,multiclass,exposure_3_A,480,53,0
24,20261027,resnet_logit,multiclass,sham_3_A,480,52,0
24,20261027,resnet_logit,multiclass,exposure_3_B,480,52,0
24,20261027,resnet_logit,multiclass,sham_3_B,480,53,0
24,20261027,resnet_logit,multiclass,exposure_4_A,480,43,0
24,20261027,resnet_logit,multiclass,sham_4_A,480,44,0
24,20261027,resnet_logit,multiclass,exposure_4_B,480,41,0
24,20261027,resnet_logit,multiclass,sham_4_B,480,53,0
24,20261027,resnet_logit,binary_healthy_other,zero,480,21,0
24,20261027,resnet_logit,binary_healthy_other,exposure_0_A,480,22,0
24,20261027,resnet_logit,binary_healthy_other,sham_0_A,480,21,0
24,20261027,resnet_logit,binary_healthy_other,exposure_0_B,480,22,0
24,20261027,resnet_logit,binary_healthy_other,sham_0_B,480,21,0
24,20261027,resnet_logit,binary_healthy_other,exposure_1_A,480,22,0
24,20261027,resnet_logit,binary_healthy_other,sham_1_A,480,21,0
24,20261027,resnet_logit,binary_healthy_other,exposure_1_B,480,20,0
24,20261027,resnet_logit,binary_healthy_other,sham_1_B,480,20,0
24,20261027,resnet_logit,binary_healthy_other,exposure_2_A,480,21,0
24,20261027,resnet_logit,binary_healthy_other,sham_2_A,480,22,0
24,20261027,resnet_logit,binary_healthy_other,exposure_2_B,480,20,0
24,20261027,resnet_logit,binary_healthy_other,sham_2_B,480,21,0
24,20261027,resnet_logit,binary_healthy_other,exposure_3_A,480,21,0
24,20261027,resnet_logit,binary_healthy_other,sham_3_A,480,20,0
24,20261027,resnet_logit,binary_healthy_other,exposure_3_B,480,22,0
24,20261027,resnet_logit,binary_healthy_other,sham_3_B,480,21,0
24,20261027,resnet_logit,binary_healthy_other,exposure_4_A,480,20,0
24,20261027,resnet_logit,binary_healthy_other,sham_4_A,480,20,0
24,20261027,resnet_logit,binary_healthy_other,exposure_4_B,480,20,0
24,20261027,resnet_logit,binary_healthy_other,sham_4_B,480,21,0
24,20261027,colour_logit,multiclass,zero,480,36,0
24,20261027,colour_logit,multiclass,exposure_0_A,480,33,0
24,20261027,colour_logit,multiclass,sham_0_A,480,35,0
24,20261027,colour_logit,multiclass,exposure_0_B,480,36,0
24,20261027,colour_logit,multiclass,sham_0_B,480,34,0
24,20261027,colour_logit,multiclass,exposure_1_A,480,33,0
24,20261027,colour_logit,multiclass,sham_1_A,480,32,0
24,20261027,colour_logit,multiclass,exposure_1_B,480,33,0
24,20261027,colour_logit,multiclass,sham_1_B,480,34,0
24,20261027,colour_logit,multiclass,exposure_2_A,480,33,0
24,20261027,colour_logit,multiclass,sham_2_A,480,37,0
24,20261027,colour_logit,multiclass,exposure_2_B,480,36,0
24,20261027,colour_logit,multiclass,sham_2_B,480,33,0
24,20261027,colour_logit,multiclass,exposure_3_A,480,36,0
24,20261027,colour_logit,multiclass,sham_3_A,480,32,0
24,20261027,colour_logit,multiclass,exposure_3_B,480,35,0
24,20261027,colour_logit,multiclass,sham_3_B,480,33,0
24,20261027,colour_logit,multiclass,exposure_4_A,480,38,0
24,20261027,colour_logit,multiclass,sham_4_A,480,33,0
24,20261027,colour_logit,multiclass,exposure_4_B,480,37,0
24,20261027,colour_logit,multiclass,sham_4_B,480,35,0
24,20261027,colour_logit,binary_healthy_other,zero,480,18,0
24,20261027,colour_logit,binary_healthy_other,exposure_0_A,480,18,0
24,20261027,colour_logit,binary_healthy_other,sham_0_A,480,18,0
24,20261027,colour_logit,binary_healthy_other,exposure_0_B,480,18,0
24,20261027,colour_logit,binary_healthy_other,sham_0_B,480,19,0
24,20261027,colour_logit,binary_healthy_other,exposure_1_A,480,19,0
24,20261027,colour_logit,binary_healthy_other,sham_1_A,480,19,0
24,20261027,colour_logit,binary_healthy_other,exposure_1_B,480,17,0
24,20261027,colour_logit,binary_healthy_other,sham_1_B,480,19,0
24,20261027,colour_logit,binary_healthy_other,exposure_2_A,480,16,0
24,20261027,colour_logit,binary_healthy_other,sham_2_A,480,19,0
24,20261027,colour_logit,binary_healthy_other,exposure_2_B,480,18,0
24,20261027,colour_logit,binary_healthy_other,sham_2_B,480,18,0
24,20261027,colour_logit,binary_healthy_other,exposure_3_A,480,18,0
24,20261027,colour_logit,binary_healthy_other,sham_3_A,480,19,0
24,20261027,colour_logit,binary_healthy_other,exposure_3_B,480,16,0
24,20261027,colour_logit,binary_healthy_other,sham_3_B,480,17,0
24,20261027,colour_logit,binary_healthy_other,exposure_4_A,480,18,0
24,20261027,colour_logit,binary_healthy_other,sham_4_A,480,18,0
24,20261027,colour_logit,binary_healthy_other,exposure_4_B,480,16,0
24,20261027,colour_logit,binary_healthy_other,sham_4_B,480,18,0
24,20261027,resnet_cosine_1nn,multiclass,zero,480,0,0
24,20261027,resnet_cosine_1nn,multiclass,exposure_0_A,480,0,0
24,20261027,resnet_cosine_1nn,multiclass,sham_0_A,480,0,0
24,20261027,resnet_cosine_1nn,multiclass,exposure_0_B,480,0,0
24,20261027,resnet_cosine_1nn,multiclass,sham_0_B,480,0,0
24,20261027,resnet_cosine_1nn,multiclass,exposure_1_A,480,0,0
24,20261027,resnet_cosine_1nn,multiclass,sham_1_A,480,0,0
24,20261027,resnet_cosine_1nn,multiclass,exposure_1_B,480,0,0
24,20261027,resnet_cosine_1nn,multiclass,sham_1_B,480,0,0
24,20261027,resnet_cosine_1nn,multiclass,exposure_2_A,480,0,0
24,20261027,resnet_cosine_1nn,multiclass,sham_2_A,480,0,0
24,20261027,resnet_cosine_1nn,multiclass,exposure_2_B,480,0,0
24,20261027,resnet_cosine_1nn,multiclass,sham_2_B,480,0,0
24,20261027,resnet_cosine_1nn,multiclass,exposure_3_A,480,0,0
24,20261027,resnet_cosine_1nn,multiclass,sham_3_A,480,0,0
24,20261027,resnet_cosine_1nn,multiclass,exposure_3_B,480,0,0
24,20261027,resnet_cosine_1nn,multiclass,sham_3_B,480,0,0
24,20261027,resnet_cosine_1nn,multiclass,exposure_4_A,480,0,0
24,20261027,resnet_cosine_1nn,multiclass,sham_4_A,480,0,0
24,20261027,resnet_cosine_1nn,multiclass,exposure_4_B,480,0,0
24,20261027,resnet_cosine_1nn,multiclass,sham_4_B,480,0,0
24,20261027,resnet_cosine_1nn,binary_healthy_other,zero,480,0,0
24,20261027,resnet_cosine_1nn,binary_healthy_other,exposure_0_A,480,0,0
24,20261027,resnet_cosine_1nn,binary_healthy_other,sham_0_A,480,0,0
24,20261027,resnet_cosine_1nn,binary_healthy_other,exposure_0_B,480,0,0
24,20261027,resnet_cosine_1nn,binary_healthy_other,sham_0_B,480,0,0
24,20261027,resnet_cosine_1nn,binary_healthy_other,exposure_1_A,480,0,0
24,20261027,resnet_cosine_1nn,binary_healthy_other,sham_1_A,480,0,0
24,20261027,resnet_cosine_1nn,binary_healthy_other,exposure_1_B,480,0,0
24,20261027,resnet_cosine_1nn,binary_healthy_other,sham_1_B,480,0,0
24,20261027,resnet_cosine_1nn,binary_healthy_other,exposure_2_A,480,0,0
24,20261027,resnet_cosine_1nn,binary_healthy_other,sham_2_A,480,0,0
24,20261027,resnet_cosine_1nn,binary_healthy_other,exposure_2_B,480,0,0
24,20261027,resnet_cosine_1nn,binary_healthy_other,sham_2_B,480,0,0
24,20261027,resnet_cosine_1nn,binary_healthy_other,exposure_3_A,480,0,0
24,20261027,resnet_cosine_1nn,binary_healthy_other,sham_3_A,480,0,0
24,20261027,resnet_cosine_1nn,binary_healthy_other,exposure_3_B,480,0,0
24,20261027,resnet_cosine_1nn,binary_healthy_other,sham_3_B,480,0,0
24,20261027,resnet_cosine_1nn,binary_healthy_other,exposure_4_A,480,0,0
24,20261027,resnet_cosine_1nn,binary_healthy_other,sham_4_A,480,0,0
24,20261027,resnet_cosine_1nn,binary_healthy_other,exposure_4_B,480,0,0
24,20261027,resnet_cosine_1nn,binary_healthy_other,sham_4_B,480,0,0
25,20261028,resnet_logit,multiclass,zero,480,53,0
25,20261028,resnet_logit,multiclass,exposure_0_A,480,50,0
25,20261028,resnet_logit,multiclass,sham_0_A,480,49,0
25,20261028,resnet_logit,multiclass,exposure_0_B,480,51,0
25,20261028,resnet_logit,multiclass,sham_0_B,480,51,0
25,20261028,resnet_logit,multiclass,exposure_1_A,480,51,0
25,20261028,resnet_logit,multiclass,sham_1_A,480,57,0
25,20261028,resnet_logit,multiclass,exposure_1_B,480,52,0
25,20261028,resnet_logit,multiclass,sham_1_B,480,46,0
25,20261028,resnet_logit,multiclass,exposure_2_A,480,53,0
25,20261028,resnet_logit,multiclass,sham_2_A,480,61,0
25,20261028,resnet_logit,multiclass,exposure_2_B,480,47,0
25,20261028,resnet_logit,multiclass,sham_2_B,480,52,0
25,20261028,resnet_logit,multiclass,exposure_3_A,480,46,0
25,20261028,resnet_logit,multiclass,sham_3_A,480,49,0
25,20261028,resnet_logit,multiclass,exposure_3_B,480,53,0
25,20261028,resnet_logit,multiclass,sham_3_B,480,51,0
25,20261028,resnet_logit,multiclass,exposure_4_A,480,63,0
25,20261028,resnet_logit,multiclass,sham_4_A,480,59,0
25,20261028,resnet_logit,multiclass,exposure_4_B,480,51,0
25,20261028,resnet_logit,multiclass,sham_4_B,480,44,0
25,20261028,resnet_logit,binary_healthy_other,zero,480,22,0
25,20261028,resnet_logit,binary_healthy_other,exposure_0_A,480,21,0
25,20261028,resnet_logit,binary_healthy_other,sham_0_A,480,21,0
25,20261028,resnet_logit,binary_healthy_other,exposure_0_B,480,21,0
25,20261028,resnet_logit,binary_healthy_other,sham_0_B,480,21,0
25,20261028,resnet_logit,binary_healthy_other,exposure_1_A,480,21,0
25,20261028,resnet_logit,binary_healthy_other,sham_1_A,480,21,0
25,20261028,resnet_logit,binary_healthy_other,exposure_1_B,480,21,0
25,20261028,resnet_logit,binary_healthy_other,sham_1_B,480,21,0
25,20261028,resnet_logit,binary_healthy_other,exposure_2_A,480,21,0
25,20261028,resnet_logit,binary_healthy_other,sham_2_A,480,21,0
25,20261028,resnet_logit,binary_healthy_other,exposure_2_B,480,21,0
25,20261028,resnet_logit,binary_healthy_other,sham_2_B,480,21,0
25,20261028,resnet_logit,binary_healthy_other,exposure_3_A,480,20,0
25,20261028,resnet_logit,binary_healthy_other,sham_3_A,480,21,0
25,20261028,resnet_logit,binary_healthy_other,exposure_3_B,480,21,0
25,20261028,resnet_logit,binary_healthy_other,sham_3_B,480,21,0
25,20261028,resnet_logit,binary_healthy_other,exposure_4_A,480,21,0
25,20261028,resnet_logit,binary_healthy_other,sham_4_A,480,21,0
25,20261028,resnet_logit,binary_healthy_other,exposure_4_B,480,21,0
25,20261028,resnet_logit,binary_healthy_other,sham_4_B,480,20,0
25,20261028,colour_logit,multiclass,zero,480,34,0
25,20261028,colour_logit,multiclass,exposure_0_A,480,37,0
25,20261028,colour_logit,multiclass,sham_0_A,480,34,0
25,20261028,colour_logit,multiclass,exposure_0_B,480,38,0
25,20261028,colour_logit,multiclass,sham_0_B,480,35,0
25,20261028,colour_logit,multiclass,exposure_1_A,480,36,0
25,20261028,colour_logit,multiclass,sham_1_A,480,37,0
25,20261028,colour_logit,multiclass,exposure_1_B,480,38,0
25,20261028,colour_logit,multiclass,sham_1_B,480,36,0
25,20261028,colour_logit,multiclass,exposure_2_A,480,38,0
25,20261028,colour_logit,multiclass,sham_2_A,480,37,0
25,20261028,colour_logit,multiclass,exposure_2_B,480,37,0
25,20261028,colour_logit,multiclass,sham_2_B,480,34,0
25,20261028,colour_logit,multiclass,exposure_3_A,480,34,0
25,20261028,colour_logit,multiclass,sham_3_A,480,33,0
25,20261028,colour_logit,multiclass,exposure_3_B,480,40,0
25,20261028,colour_logit,multiclass,sham_3_B,480,37,0
25,20261028,colour_logit,multiclass,exposure_4_A,480,37,0
25,20261028,colour_logit,multiclass,sham_4_A,480,39,0
25,20261028,colour_logit,multiclass,exposure_4_B,480,39,0
25,20261028,colour_logit,multiclass,sham_4_B,480,33,0
25,20261028,colour_logit,binary_healthy_other,zero,480,18,0
25,20261028,colour_logit,binary_healthy_other,exposure_0_A,480,17,0
25,20261028,colour_logit,binary_healthy_other,sham_0_A,480,17,0
25,20261028,colour_logit,binary_healthy_other,exposure_0_B,480,17,0
25,20261028,colour_logit,binary_healthy_other,sham_0_B,480,17,0
25,20261028,colour_logit,binary_healthy_other,exposure_1_A,480,17,0
25,20261028,colour_logit,binary_healthy_other,sham_1_A,480,18,0
25,20261028,colour_logit,binary_healthy_other,exposure_1_B,480,18,0
25,20261028,colour_logit,binary_healthy_other,sham_1_B,480,17,0
25,20261028,colour_logit,binary_healthy_other,exposure_2_A,480,17,0
25,20261028,colour_logit,binary_healthy_other,sham_2_A,480,19,0
25,20261028,colour_logit,binary_healthy_other,exposure_2_B,480,15,0
25,20261028,colour_logit,binary_healthy_other,sham_2_B,480,17,0
25,20261028,colour_logit,binary_healthy_other,exposure_3_A,480,18,0
25,20261028,colour_logit,binary_healthy_other,sham_3_A,480,17,0
25,20261028,colour_logit,binary_healthy_other,exposure_3_B,480,18,0
25,20261028,colour_logit,binary_healthy_other,sham_3_B,480,17,0
25,20261028,colour_logit,binary_healthy_other,exposure_4_A,480,18,0
25,20261028,colour_logit,binary_healthy_other,sham_4_A,480,15,0
25,20261028,colour_logit,binary_healthy_other,exposure_4_B,480,16,0
25,20261028,colour_logit,binary_healthy_other,sham_4_B,480,17,0
25,20261028,resnet_cosine_1nn,multiclass,zero,480,0,0
25,20261028,resnet_cosine_1nn,multiclass,exposure_0_A,480,0,0
25,20261028,resnet_cosine_1nn,multiclass,sham_0_A,480,0,0
25,20261028,resnet_cosine_1nn,multiclass,exposure_0_B,480,0,0
25,20261028,resnet_cosine_1nn,multiclass,sham_0_B,480,0,0
25,20261028,resnet_cosine_1nn,multiclass,exposure_1_A,480,0,0
25,20261028,resnet_cosine_1nn,multiclass,sham_1_A,480,0,0
25,20261028,resnet_cosine_1nn,multiclass,exposure_1_B,480,0,0
25,20261028,resnet_cosine_1nn,multiclass,sham_1_B,480,0,0
25,20261028,resnet_cosine_1nn,multiclass,exposure_2_A,480,0,0
25,20261028,resnet_cosine_1nn,multiclass,sham_2_A,480,0,0
25,20261028,resnet_cosine_1nn,multiclass,exposure_2_B,480,0,0
25,20261028,resnet_cosine_1nn,multiclass,sham_2_B,480,0,0
25,20261028,resnet_cosine_1nn,multiclass,exposure_3_A,480,0,0
25,20261028,resnet_cosine_1nn,multiclass,sham_3_A,480,0,0
25,20261028,resnet_cosine_1nn,multiclass,exposure_3_B,480,0,0
25,20261028,resnet_cosine_1nn,multiclass,sham_3_B,480,0,0
25,20261028,resnet_cosine_1nn,multiclass,exposure_4_A,480,0,0
25,20261028,resnet_cosine_1nn,multiclass,sham_4_A,480,0,0
25,20261028,resnet_cosine_1nn,multiclass,exposure_4_B,480,0,0
25,20261028,resnet_cosine_1nn,multiclass,sham_4_B,480,0,0
25,20261028,resnet_cosine_1nn,binary_healthy_other,zero,480,0,0
25,20261028,resnet_cosine_1nn,binary_healthy_other,exposure_0_A,480,0,0
25,20261028,resnet_cosine_1nn,binary_healthy_other,sham_0_A,480,0,0
25,20261028,resnet_cosine_1nn,binary_healthy_other,exposure_0_B,480,0,0
25,20261028,resnet_cosine_1nn,binary_healthy_other,sham_0_B,480,0,0
25,20261028,resnet_cosine_1nn,binary_healthy_other,exposure_1_A,480,0,0
25,20261028,resnet_cosine_1nn,binary_healthy_other,sham_1_A,480,0,0
25,20261028,resnet_cosine_1nn,binary_healthy_other,exposure_1_B,480,0,0
25,20261028,resnet_cosine_1nn,binary_healthy_other,sham_1_B,480,0,0
25,20261028,resnet_cosine_1nn,binary_healthy_other,exposure_2_A,480,0,0
25,20261028,resnet_cosine_1nn,binary_healthy_other,sham_2_A,480,0,0
25,20261028,resnet_cosine_1nn,binary_healthy_other,exposure_2_B,480,0,0
25,20261028,resnet_cosine_1nn,binary_healthy_other,sham_2_B,480,0,0
25,20261028,resnet_cosine_1nn,binary_healthy_other,exposure_3_A,480,0,0
25,20261028,resnet_cosine_1nn,binary_healthy_other,sham_3_A,480,0,0
25,20261028,resnet_cosine_1nn,binary_healthy_other,exposure_3_B,480,0,0
25,20261028,resnet_cosine_1nn,binary_healthy_other,sham_3_B,480,0,0
25,20261028,resnet_cosine_1nn,binary_healthy_other,exposure_4_A,480,0,0
25,20261028,resnet_cosine_1nn,binary_healthy_other,sham_4_A,480,0,0
25,20261028,resnet_cosine_1nn,binary_healthy_other,exposure_4_B,480,0,0
25,20261028,resnet_cosine_1nn,binary_healthy_other,sham_4_B,480,0,0
26,20261029,resnet_logit,multiclass,zero,480,51,0
26,20261029,resnet_logit,multiclass,exposure_0_A,480,42,0
26,20261029,resnet_logit,multiclass,sham_0_A,480,42,0
26,20261029,resnet_logit,multiclass,exposure_0_B,480,54,0
26,20261029,resnet_logit,multiclass,sham_0_B,480,43,0
26,20261029,resnet_logit,multiclass,exposure_1_A,480,44,0
26,20261029,resnet_logit,multiclass,sham_1_A,480,56,0
26,20261029,resnet_logit,multiclass,exposure_1_B,480,50,0
26,20261029,resnet_logit,multiclass,sham_1_B,480,43,0
26,20261029,resnet_logit,multiclass,exposure_2_A,480,51,0
26,20261029,resnet_logit,multiclass,sham_2_A,480,46,0
26,20261029,resnet_logit,multiclass,exposure_2_B,480,50,0
26,20261029,resnet_logit,multiclass,sham_2_B,480,51,0
26,20261029,resnet_logit,multiclass,exposure_3_A,480,52,0
26,20261029,resnet_logit,multiclass,sham_3_A,480,50,0
26,20261029,resnet_logit,multiclass,exposure_3_B,480,52,0
26,20261029,resnet_logit,multiclass,sham_3_B,480,47,0
26,20261029,resnet_logit,multiclass,exposure_4_A,480,41,0
26,20261029,resnet_logit,multiclass,sham_4_A,480,36,0
26,20261029,resnet_logit,multiclass,exposure_4_B,480,50,0
26,20261029,resnet_logit,multiclass,sham_4_B,480,53,0
26,20261029,resnet_logit,binary_healthy_other,zero,480,20,0
26,20261029,resnet_logit,binary_healthy_other,exposure_0_A,480,19,0
26,20261029,resnet_logit,binary_healthy_other,sham_0_A,480,20,0
26,20261029,resnet_logit,binary_healthy_other,exposure_0_B,480,21,0
26,20261029,resnet_logit,binary_healthy_other,sham_0_B,480,21,0
26,20261029,resnet_logit,binary_healthy_other,exposure_1_A,480,20,0
26,20261029,resnet_logit,binary_healthy_other,sham_1_A,480,21,0
26,20261029,resnet_logit,binary_healthy_other,exposure_1_B,480,21,0
26,20261029,resnet_logit,binary_healthy_other,sham_1_B,480,20,0
26,20261029,resnet_logit,binary_healthy_other,exposure_2_A,480,21,0
26,20261029,resnet_logit,binary_healthy_other,sham_2_A,480,20,0
26,20261029,resnet_logit,binary_healthy_other,exposure_2_B,480,21,0
26,20261029,resnet_logit,binary_healthy_other,sham_2_B,480,20,0
26,20261029,resnet_logit,binary_healthy_other,exposure_3_A,480,21,0
26,20261029,resnet_logit,binary_healthy_other,sham_3_A,480,20,0
26,20261029,resnet_logit,binary_healthy_other,exposure_3_B,480,20,0
26,20261029,resnet_logit,binary_healthy_other,sham_3_B,480,20,0
26,20261029,resnet_logit,binary_healthy_other,exposure_4_A,480,20,0
26,20261029,resnet_logit,binary_healthy_other,sham_4_A,480,20,0
26,20261029,resnet_logit,binary_healthy_other,exposure_4_B,480,20,0
26,20261029,resnet_logit,binary_healthy_other,sham_4_B,480,21,0
26,20261029,colour_logit,multiclass,zero,480,39,0
26,20261029,colour_logit,multiclass,exposure_0_A,480,35,0
26,20261029,colour_logit,multiclass,sham_0_A,480,38,0
26,20261029,colour_logit,multiclass,exposure_0_B,480,38,0
26,20261029,colour_logit,multiclass,sham_0_B,480,38,0
26,20261029,colour_logit,multiclass,exposure_1_A,480,38,0
26,20261029,colour_logit,multiclass,sham_1_A,480,39,0
26,20261029,colour_logit,multiclass,exposure_1_B,480,36,0
26,20261029,colour_logit,multiclass,sham_1_B,480,36,0
26,20261029,colour_logit,multiclass,exposure_2_A,480,36,0
26,20261029,colour_logit,multiclass,sham_2_A,480,39,0
26,20261029,colour_logit,multiclass,exposure_2_B,480,40,0
26,20261029,colour_logit,multiclass,sham_2_B,480,40,0
26,20261029,colour_logit,multiclass,exposure_3_A,480,45,0
26,20261029,colour_logit,multiclass,sham_3_A,480,38,0
26,20261029,colour_logit,multiclass,exposure_3_B,480,40,0
26,20261029,colour_logit,multiclass,sham_3_B,480,36,0
26,20261029,colour_logit,multiclass,exposure_4_A,480,36,0
26,20261029,colour_logit,multiclass,sham_4_A,480,36,0
26,20261029,colour_logit,multiclass,exposure_4_B,480,40,0
26,20261029,colour_logit,multiclass,sham_4_B,480,39,0
26,20261029,colour_logit,binary_healthy_other,zero,480,17,0
26,20261029,colour_logit,binary_healthy_other,exposure_0_A,480,17,0
26,20261029,colour_logit,binary_healthy_other,sham_0_A,480,17,0
26,20261029,colour_logit,binary_healthy_other,exposure_0_B,480,18,0
26,20261029,colour_logit,binary_healthy_other,sham_0_B,480,17,0
26,20261029,colour_logit,binary_healthy_other,exposure_1_A,480,17,0
26,20261029,colour_logit,binary_healthy_other,sham_1_A,480,16,0
26,20261029,colour_logit,binary_healthy_other,exposure_1_B,480,18,0
26,20261029,colour_logit,binary_healthy_other,sham_1_B,480,16,0
26,20261029,colour_logit,binary_healthy_other,exposure_2_A,480,17,0
26,20261029,colour_logit,binary_healthy_other,sham_2_A,480,17,0
26,20261029,colour_logit,binary_healthy_other,exposure_2_B,480,18,0
26,20261029,colour_logit,binary_healthy_other,sham_2_B,480,17,0
26,20261029,colour_logit,binary_healthy_other,exposure_3_A,480,18,0
26,20261029,colour_logit,binary_healthy_other,sham_3_A,480,17,0
26,20261029,colour_logit,binary_healthy_other,exposure_3_B,480,18,0
26,20261029,colour_logit,binary_healthy_other,sham_3_B,480,16,0
26,20261029,colour_logit,binary_healthy_other,exposure_4_A,480,19,0
26,20261029,colour_logit,binary_healthy_other,sham_4_A,480,16,0
26,20261029,colour_logit,binary_healthy_other,exposure_4_B,480,16,0
26,20261029,colour_logit,binary_healthy_other,sham_4_B,480,16,0
26,20261029,resnet_cosine_1nn,multiclass,zero,480,0,0
26,20261029,resnet_cosine_1nn,multiclass,exposure_0_A,480,0,0
26,20261029,resnet_cosine_1nn,multiclass,sham_0_A,480,0,0
26,20261029,resnet_cosine_1nn,multiclass,exposure_0_B,480,0,0
26,20261029,resnet_cosine_1nn,multiclass,sham_0_B,480,0,0
26,20261029,resnet_cosine_1nn,multiclass,exposure_1_A,480,0,0
26,20261029,resnet_cosine_1nn,multiclass,sham_1_A,480,0,0
26,20261029,resnet_cosine_1nn,multiclass,exposure_1_B,480,0,0
26,20261029,resnet_cosine_1nn,multiclass,sham_1_B,480,0,0
26,20261029,resnet_cosine_1nn,multiclass,exposure_2_A,480,0,0
26,20261029,resnet_cosine_1nn,multiclass,sham_2_A,480,0,0
26,20261029,resnet_cosine_1nn,multiclass,exposure_2_B,480,0,0
26,20261029,resnet_cosine_1nn,multiclass,sham_2_B,480,0,0
26,20261029,resnet_cosine_1nn,multiclass,exposure_3_A,480,0,0
26,20261029,resnet_cosine_1nn,multiclass,sham_3_A,480,0,0
26,20261029,resnet_cosine_1nn,multiclass,exposure_3_B,480,0,0
26,20261029,resnet_cosine_1nn,multiclass,sham_3_B,480,0,0
26,20261029,resnet_cosine_1nn,multiclass,exposure_4_A,480,0,0
26,20261029,resnet_cosine_1nn,multiclass,sham_4_A,480,0,0
26,20261029,resnet_cosine_1nn,multiclass,exposure_4_B,480,0,0
26,20261029,resnet_cosine_1nn,multiclass,sham_4_B,480,0,0
26,20261029,resnet_cosine_1nn,binary_healthy_other,zero,480,0,0
26,20261029,resnet_cosine_1nn,binary_healthy_other,exposure_0_A,480,0,0
26,20261029,resnet_cosine_1nn,binary_healthy_other,sham_0_A,480,0,0
26,20261029,resnet_cosine_1nn,binary_healthy_other,exposure_0_B,480,0,0
26,20261029,resnet_cosine_1nn,binary_healthy_other,sham_0_B,480,0,0
26,20261029,resnet_cosine_1nn,binary_healthy_other,exposure_1_A,480,0,0
26,20261029,resnet_cosine_1nn,binary_healthy_other,sham_1_A,480,0,0
26,20261029,resnet_cosine_1nn,binary_healthy_other,exposure_1_B,480,0,0
26,20261029,resnet_cosine_1nn,binary_healthy_other,sham_1_B,480,0,0
26,20261029,resnet_cosine_1nn,binary_healthy_other,exposure_2_A,480,0,0
26,20261029,resnet_cosine_1nn,binary_healthy_other,sham_2_A,480,0,0
26,20261029,resnet_cosine_1nn,binary_healthy_other,exposure_2_B,480,0,0
26,20261029,resnet_cosine_1nn,binary_healthy_other,sham_2_B,480,0,0
26,20261029,resnet_cosine_1nn,binary_healthy_other,exposure_3_A,480,0,0
26,20261029,resnet_cosine_1nn,binary_healthy_other,sham_3_A,480,0,0
26,20261029,resnet_cosine_1nn,binary_healthy_other,exposure_3_B,480,0,0
26,20261029,resnet_cosine_1nn,binary_healthy_other,sham_3_B,480,0,0
26,20261029,resnet_cosine_1nn,binary_healthy_other,exposure_4_A,480,0,0
26,20261029,resnet_cosine_1nn,binary_healthy_other,sham_4_A,480,0,0
26,20261029,resnet_cosine_1nn,binary_healthy_other,exposure_4_B,480,0,0
26,20261029,resnet_cosine_1nn,binary_healthy_other,sham_4_B,480,0,0
27,20261030,resnet_logit,multiclass,zero,480,41,0
27,20261030,resnet_logit,multiclass,exposure_0_A,480,55,0
27,20261030,resnet_logit,multiclass,sham_0_A,480,54,0
27,20261030,resnet_logit,multiclass,exposure_0_B,480,54,0
27,20261030,resnet_logit,multiclass,sham_0_B,480,58,0
27,20261030,resnet_logit,multiclass,exposure_1_A,480,52,0
27,20261030,resnet_logit,multiclass,sham_1_A,480,55,0
27,20261030,resnet_logit,multiclass,exposure_1_B,480,43,0
27,20261030,resnet_logit,multiclass,sham_1_B,480,45,0
27,20261030,resnet_logit,multiclass,exposure_2_A,480,53,0
27,20261030,resnet_logit,multiclass,sham_2_A,480,45,0
27,20261030,resnet_logit,multiclass,exposure_2_B,480,54,0
27,20261030,resnet_logit,multiclass,sham_2_B,480,51,0
27,20261030,resnet_logit,multiclass,exposure_3_A,480,54,0
27,20261030,resnet_logit,multiclass,sham_3_A,480,54,0
27,20261030,resnet_logit,multiclass,exposure_3_B,480,52,0
27,20261030,resnet_logit,multiclass,sham_3_B,480,50,0
27,20261030,resnet_logit,multiclass,exposure_4_A,480,51,0
27,20261030,resnet_logit,multiclass,sham_4_A,480,50,0
27,20261030,resnet_logit,multiclass,exposure_4_B,480,53,0
27,20261030,resnet_logit,multiclass,sham_4_B,480,53,0
27,20261030,resnet_logit,binary_healthy_other,zero,480,21,0
27,20261030,resnet_logit,binary_healthy_other,exposure_0_A,480,20,0
27,20261030,resnet_logit,binary_healthy_other,sham_0_A,480,21,0
27,20261030,resnet_logit,binary_healthy_other,exposure_0_B,480,22,0
27,20261030,resnet_logit,binary_healthy_other,sham_0_B,480,21,0
27,20261030,resnet_logit,binary_healthy_other,exposure_1_A,480,20,0
27,20261030,resnet_logit,binary_healthy_other,sham_1_A,480,21,0
27,20261030,resnet_logit,binary_healthy_other,exposure_1_B,480,21,0
27,20261030,resnet_logit,binary_healthy_other,sham_1_B,480,21,0
27,20261030,resnet_logit,binary_healthy_other,exposure_2_A,480,21,0
27,20261030,resnet_logit,binary_healthy_other,sham_2_A,480,21,0
27,20261030,resnet_logit,binary_healthy_other,exposure_2_B,480,20,0
27,20261030,resnet_logit,binary_healthy_other,sham_2_B,480,21,0
27,20261030,resnet_logit,binary_healthy_other,exposure_3_A,480,21,0
27,20261030,resnet_logit,binary_healthy_other,sham_3_A,480,21,0
27,20261030,resnet_logit,binary_healthy_other,exposure_3_B,480,20,0
27,20261030,resnet_logit,binary_healthy_other,sham_3_B,480,20,0
27,20261030,resnet_logit,binary_healthy_other,exposure_4_A,480,22,0
27,20261030,resnet_logit,binary_healthy_other,sham_4_A,480,21,0
27,20261030,resnet_logit,binary_healthy_other,exposure_4_B,480,20,0
27,20261030,resnet_logit,binary_healthy_other,sham_4_B,480,21,0
27,20261030,colour_logit,multiclass,zero,480,32,0
27,20261030,colour_logit,multiclass,exposure_0_A,480,36,0
27,20261030,colour_logit,multiclass,sham_0_A,480,34,0
27,20261030,colour_logit,multiclass,exposure_0_B,480,36,0
27,20261030,colour_logit,multiclass,sham_0_B,480,36,0
27,20261030,colour_logit,multiclass,exposure_1_A,480,37,0
27,20261030,colour_logit,multiclass,sham_1_A,480,36,0
27,20261030,colour_logit,multiclass,exposure_1_B,480,39,0
27,20261030,colour_logit,multiclass,sham_1_B,480,31,0
27,20261030,colour_logit,multiclass,exposure_2_A,480,37,0
27,20261030,colour_logit,multiclass,sham_2_A,480,35,0
27,20261030,colour_logit,multiclass,exposure_2_B,480,33,0
27,20261030,colour_logit,multiclass,sham_2_B,480,34,0
27,20261030,colour_logit,multiclass,exposure_3_A,480,33,0
27,20261030,colour_logit,multiclass,sham_3_A,480,35,0
27,20261030,colour_logit,multiclass,exposure_3_B,480,33,0
27,20261030,colour_logit,multiclass,sham_3_B,480,34,0
27,20261030,colour_logit,multiclass,exposure_4_A,480,36,0
27,20261030,colour_logit,multiclass,sham_4_A,480,36,0
27,20261030,colour_logit,multiclass,exposure_4_B,480,34,0
27,20261030,colour_logit,multiclass,sham_4_B,480,34,0
27,20261030,colour_logit,binary_healthy_other,zero,480,16,0
27,20261030,colour_logit,binary_healthy_other,exposure_0_A,480,16,0
27,20261030,colour_logit,binary_healthy_other,sham_0_A,480,18,0
27,20261030,colour_logit,binary_healthy_other,exposure_0_B,480,18,0
27,20261030,colour_logit,binary_healthy_other,sham_0_B,480,17,0
27,20261030,colour_logit,binary_healthy_other,exposure_1_A,480,16,0
27,20261030,colour_logit,binary_healthy_other,sham_1_A,480,16,0
27,20261030,colour_logit,binary_healthy_other,exposure_1_B,480,19,0
27,20261030,colour_logit,binary_healthy_other,sham_1_B,480,17,0
27,20261030,colour_logit,binary_healthy_other,exposure_2_A,480,15,0
27,20261030,colour_logit,binary_healthy_other,sham_2_A,480,17,0
27,20261030,colour_logit,binary_healthy_other,exposure_2_B,480,17,0
27,20261030,colour_logit,binary_healthy_other,sham_2_B,480,17,0
27,20261030,colour_logit,binary_healthy_other,exposure_3_A,480,17,0
27,20261030,colour_logit,binary_healthy_other,sham_3_A,480,18,0
27,20261030,colour_logit,binary_healthy_other,exposure_3_B,480,18,0
27,20261030,colour_logit,binary_healthy_other,sham_3_B,480,18,0
27,20261030,colour_logit,binary_healthy_other,exposure_4_A,480,17,0
27,20261030,colour_logit,binary_healthy_other,sham_4_A,480,17,0
27,20261030,colour_logit,binary_healthy_other,exposure_4_B,480,16,0
27,20261030,colour_logit,binary_healthy_other,sham_4_B,480,16,0
27,20261030,resnet_cosine_1nn,multiclass,zero,480,0,0
27,20261030,resnet_cosine_1nn,multiclass,exposure_0_A,480,0,0
27,20261030,resnet_cosine_1nn,multiclass,sham_0_A,480,0,0
27,20261030,resnet_cosine_1nn,multiclass,exposure_0_B,480,0,0
27,20261030,resnet_cosine_1nn,multiclass,sham_0_B,480,0,0
27,20261030,resnet_cosine_1nn,multiclass,exposure_1_A,480,0,0
27,20261030,resnet_cosine_1nn,multiclass,sham_1_A,480,0,0
27,20261030,resnet_cosine_1nn,multiclass,exposure_1_B,480,0,0
27,20261030,resnet_cosine_1nn,multiclass,sham_1_B,480,0,0
27,20261030,resnet_cosine_1nn,multiclass,exposure_2_A,480,0,0
27,20261030,resnet_cosine_1nn,multiclass,sham_2_A,480,0,0
27,20261030,resnet_cosine_1nn,multiclass,exposure_2_B,480,0,0
27,20261030,resnet_cosine_1nn,multiclass,sham_2_B,480,0,0
27,20261030,resnet_cosine_1nn,multiclass,exposure_3_A,480,0,0
27,20261030,resnet_cosine_1nn,multiclass,sham_3_A,480,0,0
27,20261030,resnet_cosine_1nn,multiclass,exposure_3_B,480,0,0
27,20261030,resnet_cosine_1nn,multiclass,sham_3_B,480,0,0
27,20261030,resnet_cosine_1nn,multiclass,exposure_4_A,480,0,0
27,20261030,resnet_cosine_1nn,multiclass,sham_4_A,480,0,0
27,20261030,resnet_cosine_1nn,multiclass,exposure_4_B,480,0,0
27,20261030,resnet_cosine_1nn,multiclass,sham_4_B,480,0,0
27,20261030,resnet_cosine_1nn,binary_healthy_other,zero,480,0,0
27,20261030,resnet_cosine_1nn,binary_healthy_other,exposure_0_A,480,0,0
27,20261030,resnet_cosine_1nn,binary_healthy_other,sham_0_A,480,0,0
27,20261030,resnet_cosine_1nn,binary_healthy_other,exposure_0_B,480,0,0
27,20261030,resnet_cosine_1nn,binary_healthy_other,sham_0_B,480,0,0
27,20261030,resnet_cosine_1nn,binary_healthy_other,exposure_1_A,480,0,0
27,20261030,resnet_cosine_1nn,binary_healthy_other,sham_1_A,480,0,0
27,20261030,resnet_cosine_1nn,binary_healthy_other,exposure_1_B,480,0,0
27,20261030,resnet_cosine_1nn,binary_healthy_other,sham_1_B,480,0,0
27,20261030,resnet_cosine_1nn,binary_healthy_other,exposure_2_A,480,0,0
27,20261030,resnet_cosine_1nn,binary_healthy_other,sham_2_A,480,0,0
27,20261030,resnet_cosine_1nn,binary_healthy_other,exposure_2_B,480,0,0
27,20261030,resnet_cosine_1nn,binary_healthy_other,sham_2_B,480,0,0
27,20261030,resnet_cosine_1nn,binary_healthy_other,exposure_3_A,480,0,0
27,20261030,resnet_cosine_1nn,binary_healthy_other,sham_3_A,480,0,0
27,20261030,resnet_cosine_1nn,binary_healthy_other,exposure_3_B,480,0,0
27,20261030,resnet_cosine_1nn,binary_healthy_other,sham_3_B,480,0,0
27,20261030,resnet_cosine_1nn,binary_healthy_other,exposure_4_A,480,0,0
27,20261030,resnet_cosine_1nn,binary_healthy_other,sham_4_A,480,0,0
27,20261030,resnet_cosine_1nn,binary_healthy_other,exposure_4_B,480,0,0
27,20261030,resnet_cosine_1nn,binary_healthy_other,sham_4_B,480,0,0
28,20261031,resnet_logit,multiclass,zero,480,51,0
28,20261031,resnet_logit,multiclass,exposure_0_A,480,45,0
28,20261031,resnet_logit,multiclass,sham_0_A,480,52,0
28,20261031,resnet_logit,multiclass,exposure_0_B,480,48,0
28,20261031,resnet_logit,multiclass,sham_0_B,480,54,0
28,20261031,resnet_logit,multiclass,exposure_1_A,480,42,0
28,20261031,resnet_logit,multiclass,sham_1_A,480,51,0
28,20261031,resnet_logit,multiclass,exposure_1_B,480,53,0
28,20261031,resnet_logit,multiclass,sham_1_B,480,44,0
28,20261031,resnet_logit,multiclass,exposure_2_A,480,43,0
28,20261031,resnet_logit,multiclass,sham_2_A,480,50,0
28,20261031,resnet_logit,multiclass,exposure_2_B,480,51,0
28,20261031,resnet_logit,multiclass,sham_2_B,480,61,0
28,20261031,resnet_logit,multiclass,exposure_3_A,480,52,0
28,20261031,resnet_logit,multiclass,sham_3_A,480,51,0
28,20261031,resnet_logit,multiclass,exposure_3_B,480,43,0
28,20261031,resnet_logit,multiclass,sham_3_B,480,51,0
28,20261031,resnet_logit,multiclass,exposure_4_A,480,55,0
28,20261031,resnet_logit,multiclass,sham_4_A,480,45,0
28,20261031,resnet_logit,multiclass,exposure_4_B,480,42,0
28,20261031,resnet_logit,multiclass,sham_4_B,480,51,0
28,20261031,resnet_logit,binary_healthy_other,zero,480,20,0
28,20261031,resnet_logit,binary_healthy_other,exposure_0_A,480,21,0
28,20261031,resnet_logit,binary_healthy_other,sham_0_A,480,20,0
28,20261031,resnet_logit,binary_healthy_other,exposure_0_B,480,21,0
28,20261031,resnet_logit,binary_healthy_other,sham_0_B,480,20,0
28,20261031,resnet_logit,binary_healthy_other,exposure_1_A,480,20,0
28,20261031,resnet_logit,binary_healthy_other,sham_1_A,480,20,0
28,20261031,resnet_logit,binary_healthy_other,exposure_1_B,480,22,0
28,20261031,resnet_logit,binary_healthy_other,sham_1_B,480,21,0
28,20261031,resnet_logit,binary_healthy_other,exposure_2_A,480,20,0
28,20261031,resnet_logit,binary_healthy_other,sham_2_A,480,21,0
28,20261031,resnet_logit,binary_healthy_other,exposure_2_B,480,21,0
28,20261031,resnet_logit,binary_healthy_other,sham_2_B,480,20,0
28,20261031,resnet_logit,binary_healthy_other,exposure_3_A,480,21,0
28,20261031,resnet_logit,binary_healthy_other,sham_3_A,480,20,0
28,20261031,resnet_logit,binary_healthy_other,exposure_3_B,480,21,0
28,20261031,resnet_logit,binary_healthy_other,sham_3_B,480,21,0
28,20261031,resnet_logit,binary_healthy_other,exposure_4_A,480,20,0
28,20261031,resnet_logit,binary_healthy_other,sham_4_A,480,21,0
28,20261031,resnet_logit,binary_healthy_other,exposure_4_B,480,21,0
28,20261031,resnet_logit,binary_healthy_other,sham_4_B,480,21,0
28,20261031,colour_logit,multiclass,zero,480,36,0
28,20261031,colour_logit,multiclass,exposure_0_A,480,34,0
28,20261031,colour_logit,multiclass,sham_0_A,480,35,0
28,20261031,colour_logit,multiclass,exposure_0_B,480,41,0
28,20261031,colour_logit,multiclass,sham_0_B,480,37,0
28,20261031,colour_logit,multiclass,exposure_1_A,480,33,0
28,20261031,colour_logit,multiclass,sham_1_A,480,38,0
28,20261031,colour_logit,multiclass,exposure_1_B,480,37,0
28,20261031,colour_logit,multiclass,sham_1_B,480,35,0
28,20261031,colour_logit,multiclass,exposure_2_A,480,32,0
28,20261031,colour_logit,multiclass,sham_2_A,480,35,0
28,20261031,colour_logit,multiclass,exposure_2_B,480,37,0
28,20261031,colour_logit,multiclass,sham_2_B,480,37,0
28,20261031,colour_logit,multiclass,exposure_3_A,480,35,0
28,20261031,colour_logit,multiclass,sham_3_A,480,38,0
28,20261031,colour_logit,multiclass,exposure_3_B,480,35,0
28,20261031,colour_logit,multiclass,sham_3_B,480,35,0
28,20261031,colour_logit,multiclass,exposure_4_A,480,38,0
28,20261031,colour_logit,multiclass,sham_4_A,480,36,0
28,20261031,colour_logit,multiclass,exposure_4_B,480,35,0
28,20261031,colour_logit,multiclass,sham_4_B,480,34,0
28,20261031,colour_logit,binary_healthy_other,zero,480,18,0
28,20261031,colour_logit,binary_healthy_other,exposure_0_A,480,18,0
28,20261031,colour_logit,binary_healthy_other,sham_0_A,480,17,0
28,20261031,colour_logit,binary_healthy_other,exposure_0_B,480,17,0
28,20261031,colour_logit,binary_healthy_other,sham_0_B,480,16,0
28,20261031,colour_logit,binary_healthy_other,exposure_1_A,480,17,0
28,20261031,colour_logit,binary_healthy_other,sham_1_A,480,18,0
28,20261031,colour_logit,binary_healthy_other,exposure_1_B,480,19,0
28,20261031,colour_logit,binary_healthy_other,sham_1_B,480,17,0
28,20261031,colour_logit,binary_healthy_other,exposure_2_A,480,16,0
28,20261031,colour_logit,binary_healthy_other,sham_2_A,480,16,0
28,20261031,colour_logit,binary_healthy_other,exposure_2_B,480,17,0
28,20261031,colour_logit,binary_healthy_other,sham_2_B,480,17,0
28,20261031,colour_logit,binary_healthy_other,exposure_3_A,480,16,0
28,20261031,colour_logit,binary_healthy_other,sham_3_A,480,16,0
28,20261031,colour_logit,binary_healthy_other,exposure_3_B,480,17,0
28,20261031,colour_logit,binary_healthy_other,sham_3_B,480,19,0
28,20261031,colour_logit,binary_healthy_other,exposure_4_A,480,19,0
28,20261031,colour_logit,binary_healthy_other,sham_4_A,480,18,0
28,20261031,colour_logit,binary_healthy_other,exposure_4_B,480,17,0
28,20261031,colour_logit,binary_healthy_other,sham_4_B,480,16,0
28,20261031,resnet_cosine_1nn,multiclass,zero,480,0,0
28,20261031,resnet_cosine_1nn,multiclass,exposure_0_A,480,0,0
28,20261031,resnet_cosine_1nn,multiclass,sham_0_A,480,0,0
28,20261031,resnet_cosine_1nn,multiclass,exposure_0_B,480,0,0
28,20261031,resnet_cosine_1nn,multiclass,sham_0_B,480,0,0
28,20261031,resnet_cosine_1nn,multiclass,exposure_1_A,480,0,0
28,20261031,resnet_cosine_1nn,multiclass,sham_1_A,480,0,0
28,20261031,resnet_cosine_1nn,multiclass,exposure_1_B,480,0,0
28,20261031,resnet_cosine_1nn,multiclass,sham_1_B,480,0,0
28,20261031,resnet_cosine_1nn,multiclass,exposure_2_A,480,0,0
28,20261031,resnet_cosine_1nn,multiclass,sham_2_A,480,0,0
28,20261031,resnet_cosine_1nn,multiclass,exposure_2_B,480,0,0
28,20261031,resnet_cosine_1nn,multiclass,sham_2_B,480,0,0
28,20261031,resnet_cosine_1nn,multiclass,exposure_3_A,480,0,0
28,20261031,resnet_cosine_1nn,multiclass,sham_3_A,480,0,0
28,20261031,resnet_cosine_1nn,multiclass,exposure_3_B,480,0,0
28,20261031,resnet_cosine_1nn,multiclass,sham_3_B,480,0,0
28,20261031,resnet_cosine_1nn,multiclass,exposure_4_A,480,0,0
28,20261031,resnet_cosine_1nn,multiclass,sham_4_A,480,0,0
28,20261031,resnet_cosine_1nn,multiclass,exposure_4_B,480,0,0
28,20261031,resnet_cosine_1nn,multiclass,sham_4_B,480,0,0
28,20261031,resnet_cosine_1nn,binary_healthy_other,zero,480,0,0
28,20261031,resnet_cosine_1nn,binary_healthy_other,exposure_0_A,480,0,0
28,20261031,resnet_cosine_1nn,binary_healthy_other,sham_0_A,480,0,0
28,20261031,resnet_cosine_1nn,binary_healthy_other,exposure_0_B,480,0,0
28,20261031,resnet_cosine_1nn,binary_healthy_other,sham_0_B,480,0,0
28,20261031,resnet_cosine_1nn,binary_healthy_other,exposure_1_A,480,0,0
28,20261031,resnet_cosine_1nn,binary_healthy_other,sham_1_A,480,0,0
28,20261031,resnet_cosine_1nn,binary_healthy_other,exposure_1_B,480,0,0
28,20261031,resnet_cosine_1nn,binary_healthy_other,sham_1_B,480,0,0
28,20261031,resnet_cosine_1nn,binary_healthy_other,exposure_2_A,480,0,0
28,20261031,resnet_cosine_1nn,binary_healthy_other,sham_2_A,480,0,0
28,20261031,resnet_cosine_1nn,binary_healthy_other,exposure_2_B,480,0,0
28,20261031,resnet_cosine_1nn,binary_healthy_other,sham_2_B,480,0,0
28,20261031,resnet_cosine_1nn,binary_healthy_other,exposure_3_A,480,0,0
28,20261031,resnet_cosine_1nn,binary_healthy_other,sham_3_A,480,0,0
28,20261031,resnet_cosine_1nn,binary_healthy_other,exposure_3_B,480,0,0
28,20261031,resnet_cosine_1nn,binary_healthy_other,sham_3_B,480,0,0
28,20261031,resnet_cosine_1nn,binary_healthy_other,exposure_4_A,480,0,0
28,20261031,resnet_cosine_1nn,binary_healthy_other,sham_4_A,480,0,0
28,20261031,resnet_cosine_1nn,binary_healthy_other,exposure_4_B,480,0,0
28,20261031,resnet_cosine_1nn,binary_healthy_other,sham_4_B,480,0,0
29,20261032,resnet_logit,multiclass,zero,480,57,0
29,20261032,resnet_logit,multiclass,exposure_0_A,480,51,0
29,20261032,resnet_logit,multiclass,sham_0_A,480,62,0
29,20261032,resnet_logit,multiclass,exposure_0_B,480,45,0
29,20261032,resnet_logit,multiclass,sham_0_B,480,50,0
29,20261032,resnet_logit,multiclass,exposure_1_A,480,49,0
29,20261032,resnet_logit,multiclass,sham_1_A,480,42,0
29,20261032,resnet_logit,multiclass,exposure_1_B,480,53,0
29,20261032,resnet_logit,multiclass,sham_1_B,480,44,0
29,20261032,resnet_logit,multiclass,exposure_2_A,480,43,0
29,20261032,resnet_logit,multiclass,sham_2_A,480,49,0
29,20261032,resnet_logit,multiclass,exposure_2_B,480,54,0
29,20261032,resnet_logit,multiclass,sham_2_B,480,45,0
29,20261032,resnet_logit,multiclass,exposure_3_A,480,51,0
29,20261032,resnet_logit,multiclass,sham_3_A,480,51,0
29,20261032,resnet_logit,multiclass,exposure_3_B,480,53,0
29,20261032,resnet_logit,multiclass,sham_3_B,480,45,0
29,20261032,resnet_logit,multiclass,exposure_4_A,480,51,0
29,20261032,resnet_logit,multiclass,sham_4_A,480,49,0
29,20261032,resnet_logit,multiclass,exposure_4_B,480,50,0
29,20261032,resnet_logit,multiclass,sham_4_B,480,52,0
29,20261032,resnet_logit,binary_healthy_other,zero,480,21,0
29,20261032,resnet_logit,binary_healthy_other,exposure_0_A,480,21,0
29,20261032,resnet_logit,binary_healthy_other,sham_0_A,480,21,0
29,20261032,resnet_logit,binary_healthy_other,exposure_0_B,480,21,0
29,20261032,resnet_logit,binary_healthy_other,sham_0_B,480,21,0
29,20261032,resnet_logit,binary_healthy_other,exposure_1_A,480,21,0
29,20261032,resnet_logit,binary_healthy_other,sham_1_A,480,20,0
29,20261032,resnet_logit,binary_healthy_other,exposure_1_B,480,20,0
29,20261032,resnet_logit,binary_healthy_other,sham_1_B,480,20,0
29,20261032,resnet_logit,binary_healthy_other,exposure_2_A,480,21,0
29,20261032,resnet_logit,binary_healthy_other,sham_2_A,480,20,0
29,20261032,resnet_logit,binary_healthy_other,exposure_2_B,480,21,0
29,20261032,resnet_logit,binary_healthy_other,sham_2_B,480,20,0
29,20261032,resnet_logit,binary_healthy_other,exposure_3_A,480,19,0
29,20261032,resnet_logit,binary_healthy_other,sham_3_A,480,21,0
29,20261032,resnet_logit,binary_healthy_other,exposure_3_B,480,22,0
29,20261032,resnet_logit,binary_healthy_other,sham_3_B,480,20,0
29,20261032,resnet_logit,binary_healthy_other,exposure_4_A,480,21,0
29,20261032,resnet_logit,binary_healthy_other,sham_4_A,480,20,0
29,20261032,resnet_logit,binary_healthy_other,exposure_4_B,480,20,0
29,20261032,resnet_logit,binary_healthy_other,sham_4_B,480,21,0
29,20261032,colour_logit,multiclass,zero,480,33,0
29,20261032,colour_logit,multiclass,exposure_0_A,480,35,0
29,20261032,colour_logit,multiclass,sham_0_A,480,33,0
29,20261032,colour_logit,multiclass,exposure_0_B,480,35,0
29,20261032,colour_logit,multiclass,sham_0_B,480,34,0
29,20261032,colour_logit,multiclass,exposure_1_A,480,32,0
29,20261032,colour_logit,multiclass,sham_1_A,480,34,0
29,20261032,colour_logit,multiclass,exposure_1_B,480,33,0
29,20261032,colour_logit,multiclass,sham_1_B,480,33,0
29,20261032,colour_logit,multiclass,exposure_2_A,480,33,0
29,20261032,colour_logit,multiclass,sham_2_A,480,33,0
29,20261032,colour_logit,multiclass,exposure_2_B,480,34,0
29,20261032,colour_logit,multiclass,sham_2_B,480,34,0
29,20261032,colour_logit,multiclass,exposure_3_A,480,37,0
29,20261032,colour_logit,multiclass,sham_3_A,480,35,0
29,20261032,colour_logit,multiclass,exposure_3_B,480,35,0
29,20261032,colour_logit,multiclass,sham_3_B,480,31,0
29,20261032,colour_logit,multiclass,exposure_4_A,480,33,0
29,20261032,colour_logit,multiclass,sham_4_A,480,32,0
29,20261032,colour_logit,multiclass,exposure_4_B,480,35,0
29,20261032,colour_logit,multiclass,sham_4_B,480,37,0
29,20261032,colour_logit,binary_healthy_other,zero,480,17,0
29,20261032,colour_logit,binary_healthy_other,exposure_0_A,480,18,0
29,20261032,colour_logit,binary_healthy_other,sham_0_A,480,18,0
29,20261032,colour_logit,binary_healthy_other,exposure_0_B,480,17,0
29,20261032,colour_logit,binary_healthy_other,sham_0_B,480,16,0
29,20261032,colour_logit,binary_healthy_other,exposure_1_A,480,19,0
29,20261032,colour_logit,binary_healthy_other,sham_1_A,480,17,0
29,20261032,colour_logit,binary_healthy_other,exposure_1_B,480,17,0
29,20261032,colour_logit,binary_healthy_other,sham_1_B,480,16,0
29,20261032,colour_logit,binary_healthy_other,exposure_2_A,480,17,0
29,20261032,colour_logit,binary_healthy_other,sham_2_A,480,17,0
29,20261032,colour_logit,binary_healthy_other,exposure_2_B,480,18,0
29,20261032,colour_logit,binary_healthy_other,sham_2_B,480,19,0
29,20261032,colour_logit,binary_healthy_other,exposure_3_A,480,18,0
29,20261032,colour_logit,binary_healthy_other,sham_3_A,480,20,0
29,20261032,colour_logit,binary_healthy_other,exposure_3_B,480,17,0
29,20261032,colour_logit,binary_healthy_other,sham_3_B,480,17,0
29,20261032,colour_logit,binary_healthy_other,exposure_4_A,480,18,0
29,20261032,colour_logit,binary_healthy_other,sham_4_A,480,18,0
29,20261032,colour_logit,binary_healthy_other,exposure_4_B,480,18,0
29,20261032,colour_logit,binary_healthy_other,sham_4_B,480,17,0
29,20261032,resnet_cosine_1nn,multiclass,zero,480,0,0
29,20261032,resnet_cosine_1nn,multiclass,exposure_0_A,480,0,0
29,20261032,resnet_cosine_1nn,multiclass,sham_0_A,480,0,0
29,20261032,resnet_cosine_1nn,multiclass,exposure_0_B,480,0,0
29,20261032,resnet_cosine_1nn,multiclass,sham_0_B,480,0,0
29,20261032,resnet_cosine_1nn,multiclass,exposure_1_A,480,0,0
29,20261032,resnet_cosine_1nn,multiclass,sham_1_A,480,0,0
29,20261032,resnet_cosine_1nn,multiclass,exposure_1_B,480,0,0
29,20261032,resnet_cosine_1nn,multiclass,sham_1_B,480,0,0
29,20261032,resnet_cosine_1nn,multiclass,exposure_2_A,480,0,0
29,20261032,resnet_cosine_1nn,multiclass,sham_2_A,480,0,0
29,20261032,resnet_cosine_1nn,multiclass,exposure_2_B,480,0,0
29,20261032,resnet_cosine_1nn,multiclass,sham_2_B,480,0,0
29,20261032,resnet_cosine_1nn,multiclass,exposure_3_A,480,0,0
29,20261032,resnet_cosine_1nn,multiclass,sham_3_A,480,0,0
29,20261032,resnet_cosine_1nn,multiclass,exposure_3_B,480,0,0
29,20261032,resnet_cosine_1nn,multiclass,sham_3_B,480,0,0
29,20261032,resnet_cosine_1nn,multiclass,exposure_4_A,480,0,0
29,20261032,resnet_cosine_1nn,multiclass,sham_4_A,480,0,0
29,20261032,resnet_cosine_1nn,multiclass,exposure_4_B,480,0,0
29,20261032,resnet_cosine_1nn,multiclass,sham_4_B,480,0,0
29,20261032,resnet_cosine_1nn,binary_healthy_other,zero,480,0,0
29,20261032,resnet_cosine_1nn,binary_healthy_other,exposure_0_A,480,0,0
29,20261032,resnet_cosine_1nn,binary_healthy_other,sham_0_A,480,0,0
29,20261032,resnet_cosine_1nn,binary_healthy_other,exposure_0_B,480,0,0
29,20261032,resnet_cosine_1nn,binary_healthy_other,sham_0_B,480,0,0
29,20261032,resnet_cosine_1nn,binary_healthy_other,exposure_1_A,480,0,0
29,20261032,resnet_cosine_1nn,binary_healthy_other,sham_1_A,480,0,0
29,20261032,resnet_cosine_1nn,binary_healthy_other,exposure_1_B,480,0,0
29,20261032,resnet_cosine_1nn,binary_healthy_other,sham_1_B,480,0,0
29,20261032,resnet_cosine_1nn,binary_healthy_other,exposure_2_A,480,0,0
29,20261032,resnet_cosine_1nn,binary_healthy_other,sham_2_A,480,0,0
29,20261032,resnet_cosine_1nn,binary_healthy_other,exposure_2_B,480,0,0
29,20261032,resnet_cosine_1nn,binary_healthy_other,sham_2_B,480,0,0
29,20261032,resnet_cosine_1nn,binary_healthy_other,exposure_3_A,480,0,0
29,20261032,resnet_cosine_1nn,binary_healthy_other,sham_3_A,480,0,0
29,20261032,resnet_cosine_1nn,binary_healthy_other,exposure_3_B,480,0,0
29,20261032,resnet_cosine_1nn,binary_healthy_other,sham_3_B,480,0,0
29,20261032,resnet_cosine_1nn,binary_healthy_other,exposure_4_A,480,0,0
29,20261032,resnet_cosine_1nn,binary_healthy_other,sham_4_A,480,0,0
29,20261032,resnet_cosine_1nn,binary_healthy_other,exposure_4_B,480,0,0
29,20261032,resnet_cosine_1nn,binary_healthy_other,sham_4_B,480,0,0
