repetition,seed,split_scheme,feature_model,metric,value,train_files,test_files,train_families,test_families,overlap_families,test_files_with_family_in_train,test_family_contamination_fraction
0,20260930,ordinary_file_random,color_shortcut,accuracy,0.660377358490566,3601,901,814,496,494,895,0.9933407325194229
0,20260930,ordinary_file_random,color_shortcut,balanced_accuracy,0.6974247685185184,3601,901,814,496,494,895,0.9933407325194229
0,20260930,ordinary_file_random,color_shortcut,macro_f1,0.6724119085791896,3601,901,814,496,494,895,0.9933407325194229
0,20260930,ordinary_file_random,color_shortcut,macro_ovr_auroc,0.8746227862942472,3601,901,814,496,494,895,0.9933407325194229
0,20260930,ordinary_file_random,color_shortcut,multiclass_log_loss,0.832618250765079,3601,901,814,496,494,895,0.9933407325194229
0,20260930,ordinary_file_random,color_shortcut,family_accuracy,0.5887096774193549,3601,901,814,496,494,895,0.9933407325194229
0,20260930,ordinary_file_random,color_shortcut,family_balanced_accuracy,0.7075268953671857,3601,901,814,496,494,895,0.9933407325194229
0,20260930,ordinary_file_random,color_shortcut,family_macro_f1,0.5708710482592592,3601,901,814,496,494,895,0.9933407325194229
0,20260930,ordinary_file_random,color_shortcut,family_macro_ovr_auroc,0.8547326780654305,3601,901,814,496,494,895,0.9933407325194229
0,20260930,ordinary_file_random,color_shortcut,family_multiclass_log_loss,0.9370038351837918,3601,901,814,496,494,895,0.9933407325194229
0,20260930,ordinary_file_random,resnet18,accuracy,0.8124306326304107,3601,901,814,496,494,895,0.9933407325194229
0,20260930,ordinary_file_random,resnet18,balanced_accuracy,0.8282430728850182,3601,901,814,496,494,895,0.9933407325194229
0,20260930,ordinary_file_random,resnet18,macro_f1,0.8238478805481582,3601,901,814,496,494,895,0.9933407325194229
0,20260930,ordinary_file_random,resnet18,macro_ovr_auroc,0.9502086346294508,3601,901,814,496,494,895,0.9933407325194229
0,20260930,ordinary_file_random,resnet18,multiclass_log_loss,0.5008292830676496,3601,901,814,496,494,895,0.9933407325194229
0,20260930,ordinary_file_random,resnet18,family_accuracy,0.8004032258064516,3601,901,814,496,494,895,0.9933407325194229
0,20260930,ordinary_file_random,resnet18,family_balanced_accuracy,0.855932331431424,3601,901,814,496,494,895,0.9933407325194229
0,20260930,ordinary_file_random,resnet18,family_macro_f1,0.7929653664243692,3601,901,814,496,494,895,0.9933407325194229
0,20260930,ordinary_file_random,resnet18,family_macro_ovr_auroc,0.9495395901061987,3601,901,814,496,494,895,0.9933407325194229
0,20260930,ordinary_file_random,resnet18,family_multiclass_log_loss,0.5318916800802147,3601,901,814,496,494,895,0.9933407325194229
0,20260930,augmentation_family_grouped,color_shortcut,accuracy,0.43934426229508194,3587,915,653,163,0,0,0.0
0,20260930,augmentation_family_grouped,color_shortcut,balanced_accuracy,0.425714700114352,3587,915,653,163,0,0,0.0
0,20260930,augmentation_family_grouped,color_shortcut,macro_f1,0.4289777942525783,3587,915,653,163,0,0,0.0
0,20260930,augmentation_family_grouped,color_shortcut,macro_ovr_auroc,0.7432185433693153,3587,915,653,163,0,0,0.0
0,20260930,augmentation_family_grouped,color_shortcut,multiclass_log_loss,1.2070603607501003,3587,915,653,163,0,0,0.0
0,20260930,augmentation_family_grouped,color_shortcut,family_accuracy,0.50920245398773,3587,915,653,163,0,0,0.0
0,20260930,augmentation_family_grouped,color_shortcut,family_balanced_accuracy,0.4214344070961718,3587,915,653,163,0,0,0.0
0,20260930,augmentation_family_grouped,color_shortcut,family_macro_f1,0.38765974418772126,3587,915,653,163,0,0,0.0
0,20260930,augmentation_family_grouped,color_shortcut,family_macro_ovr_auroc,0.7432659532925336,3587,915,653,163,0,0,0.0
0,20260930,augmentation_family_grouped,color_shortcut,family_multiclass_log_loss,1.03341631004223,3587,915,653,163,0,0,0.0
0,20260930,augmentation_family_grouped,resnet18,accuracy,0.6775956284153005,3587,915,653,163,0,0,0.0
0,20260930,augmentation_family_grouped,resnet18,balanced_accuracy,0.6661348672482454,3587,915,653,163,0,0,0.0
0,20260930,augmentation_family_grouped,resnet18,macro_f1,0.6744242113809454,3587,915,653,163,0,0,0.0
0,20260930,augmentation_family_grouped,resnet18,macro_ovr_auroc,0.8589842670904687,3587,915,653,163,0,0,0.0
0,20260930,augmentation_family_grouped,resnet18,multiclass_log_loss,0.9960118968298047,3587,915,653,163,0,0,0.0
0,20260930,augmentation_family_grouped,resnet18,family_accuracy,0.7607361963190185,3587,915,653,163,0,0,0.0
0,20260930,augmentation_family_grouped,resnet18,family_balanced_accuracy,0.6934465452847806,3587,915,653,163,0,0,0.0
0,20260930,augmentation_family_grouped,resnet18,family_macro_f1,0.6428939277776486,3587,915,653,163,0,0,0.0
0,20260930,augmentation_family_grouped,resnet18,family_macro_ovr_auroc,0.8902677740635588,3587,915,653,163,0,0,0.0
0,20260930,augmentation_family_grouped,resnet18,family_multiclass_log_loss,0.6388433430579769,3587,915,653,163,0,0,0.0
1,20260931,ordinary_file_random,color_shortcut,accuracy,0.681465038845727,3601,901,809,484,477,878,0.974472807991121
1,20260931,ordinary_file_random,color_shortcut,balanced_accuracy,0.7150324143932264,3601,901,809,484,477,878,0.974472807991121
1,20260931,ordinary_file_random,color_shortcut,macro_f1,0.6959296918529372,3601,901,809,484,477,878,0.974472807991121
1,20260931,ordinary_file_random,color_shortcut,macro_ovr_auroc,0.875111902755557,3601,901,809,484,477,878,0.974472807991121
1,20260931,ordinary_file_random,color_shortcut,multiclass_log_loss,0.8280101463439085,3601,901,809,484,477,878,0.974472807991121
1,20260931,ordinary_file_random,color_shortcut,family_accuracy,0.6384297520661157,3601,901,809,484,477,878,0.974472807991121
1,20260931,ordinary_file_random,color_shortcut,family_balanced_accuracy,0.7384826362371743,3601,901,809,484,477,878,0.974472807991121
1,20260931,ordinary_file_random,color_shortcut,family_macro_f1,0.6284429009145005,3601,901,809,484,477,878,0.974472807991121
1,20260931,ordinary_file_random,color_shortcut,family_macro_ovr_auroc,0.870215613860337,3601,901,809,484,477,878,0.974472807991121
1,20260931,ordinary_file_random,color_shortcut,family_multiclass_log_loss,0.8947423095764706,3601,901,809,484,477,878,0.974472807991121
1,20260931,ordinary_file_random,resnet18,accuracy,0.8091009988901221,3601,901,809,484,477,878,0.974472807991121
1,20260931,ordinary_file_random,resnet18,balanced_accuracy,0.8241981225360515,3601,901,809,484,477,878,0.974472807991121
1,20260931,ordinary_file_random,resnet18,macro_f1,0.8231592274130766,3601,901,809,484,477,878,0.974472807991121
1,20260931,ordinary_file_random,resnet18,macro_ovr_auroc,0.9539089249004558,3601,901,809,484,477,878,0.974472807991121
1,20260931,ordinary_file_random,resnet18,multiclass_log_loss,0.48513253747666396,3601,901,809,484,477,878,0.974472807991121
1,20260931,ordinary_file_random,resnet18,family_accuracy,0.8140495867768595,3601,901,809,484,477,878,0.974472807991121
1,20260931,ordinary_file_random,resnet18,family_balanced_accuracy,0.8646597258136992,3601,901,809,484,477,878,0.974472807991121
1,20260931,ordinary_file_random,resnet18,family_macro_f1,0.8249848319378716,3601,901,809,484,477,878,0.974472807991121
1,20260931,ordinary_file_random,resnet18,family_macro_ovr_auroc,0.9529214042966758,3601,901,809,484,477,878,0.974472807991121
1,20260931,ordinary_file_random,resnet18,family_multiclass_log_loss,0.5263744314040564,3601,901,809,484,477,878,0.974472807991121
1,20260931,augmentation_family_grouped,color_shortcut,accuracy,0.4934640522875817,3584,918,653,163,0,0,0.0
1,20260931,augmentation_family_grouped,color_shortcut,balanced_accuracy,0.47672821673320753,3584,918,653,163,0,0,0.0
1,20260931,augmentation_family_grouped,color_shortcut,macro_f1,0.47977225155111436,3584,918,653,163,0,0,0.0
1,20260931,augmentation_family_grouped,color_shortcut,macro_ovr_auroc,0.7515125463154335,3584,918,653,163,0,0,0.0
1,20260931,augmentation_family_grouped,color_shortcut,multiclass_log_loss,1.210807335585312,3584,918,653,163,0,0,0.0
1,20260931,augmentation_family_grouped,color_shortcut,family_accuracy,0.4785276073619632,3584,918,653,163,0,0,0.0
1,20260931,augmentation_family_grouped,color_shortcut,family_balanced_accuracy,0.4568977591036414,3584,918,653,163,0,0,0.0
1,20260931,augmentation_family_grouped,color_shortcut,family_macro_f1,0.38583221717397204,3584,918,653,163,0,0,0.0
1,20260931,augmentation_family_grouped,color_shortcut,family_macro_ovr_auroc,0.7483970621114249,3584,918,653,163,0,0,0.0
1,20260931,augmentation_family_grouped,color_shortcut,family_multiclass_log_loss,1.0580310070534547,3584,918,653,163,0,0,0.0
1,20260931,augmentation_family_grouped,resnet18,accuracy,0.681917211328976,3584,918,653,163,0,0,0.0
1,20260931,augmentation_family_grouped,resnet18,balanced_accuracy,0.684718016263544,3584,918,653,163,0,0,0.0
1,20260931,augmentation_family_grouped,resnet18,macro_f1,0.689788140425403,3584,918,653,163,0,0,0.0
1,20260931,augmentation_family_grouped,resnet18,macro_ovr_auroc,0.8779337203645083,3584,918,653,163,0,0,0.0
1,20260931,augmentation_family_grouped,resnet18,multiclass_log_loss,0.8885111499562104,3584,918,653,163,0,0,0.0
1,20260931,augmentation_family_grouped,resnet18,family_accuracy,0.754601226993865,3584,918,653,163,0,0,0.0
1,20260931,augmentation_family_grouped,resnet18,family_balanced_accuracy,0.7296918767507002,3584,918,653,163,0,0,0.0
1,20260931,augmentation_family_grouped,resnet18,family_macro_f1,0.688286906891558,3584,918,653,163,0,0,0.0
1,20260931,augmentation_family_grouped,resnet18,family_macro_ovr_auroc,0.9030240203924988,3584,918,653,163,0,0,0.0
1,20260931,augmentation_family_grouped,resnet18,family_multiclass_log_loss,0.6827423124251174,3584,918,653,163,0,0,0.0
2,20260932,ordinary_file_random,color_shortcut,accuracy,0.655937846836848,3601,901,810,482,476,881,0.9778024417314095
2,20260932,ordinary_file_random,color_shortcut,balanced_accuracy,0.6934203185518034,3601,901,810,482,476,881,0.9778024417314095
2,20260932,ordinary_file_random,color_shortcut,macro_f1,0.6708124034077843,3601,901,810,482,476,881,0.9778024417314095
2,20260932,ordinary_file_random,color_shortcut,macro_ovr_auroc,0.8708260238394318,3601,901,810,482,476,881,0.9778024417314095
2,20260932,ordinary_file_random,color_shortcut,multiclass_log_loss,0.8263368796347379,3601,901,810,482,476,881,0.9778024417314095
2,20260932,ordinary_file_random,color_shortcut,family_accuracy,0.6058091286307054,3601,901,810,482,476,881,0.9778024417314095
2,20260932,ordinary_file_random,color_shortcut,family_balanced_accuracy,0.7195538056868216,3601,901,810,482,476,881,0.9778024417314095
2,20260932,ordinary_file_random,color_shortcut,family_macro_f1,0.588347024447043,3601,901,810,482,476,881,0.9778024417314095
2,20260932,ordinary_file_random,color_shortcut,family_macro_ovr_auroc,0.8640725801152099,3601,901,810,482,476,881,0.9778024417314095
2,20260932,ordinary_file_random,color_shortcut,family_multiclass_log_loss,0.8957203132958544,3601,901,810,482,476,881,0.9778024417314095
2,20260932,ordinary_file_random,resnet18,accuracy,0.8035516093229744,3601,901,810,482,476,881,0.9778024417314095
2,20260932,ordinary_file_random,resnet18,balanced_accuracy,0.8174843162573671,3601,901,810,482,476,881,0.9778024417314095
2,20260932,ordinary_file_random,resnet18,macro_f1,0.8150860100174258,3601,901,810,482,476,881,0.9778024417314095
2,20260932,ordinary_file_random,resnet18,macro_ovr_auroc,0.95532263900287,3601,901,810,482,476,881,0.9778024417314095
2,20260932,ordinary_file_random,resnet18,multiclass_log_loss,0.47358255594083964,3601,901,810,482,476,881,0.9778024417314095
2,20260932,ordinary_file_random,resnet18,family_accuracy,0.8132780082987552,3601,901,810,482,476,881,0.9778024417314095
2,20260932,ordinary_file_random,resnet18,family_balanced_accuracy,0.8645338031144435,3601,901,810,482,476,881,0.9778024417314095
2,20260932,ordinary_file_random,resnet18,family_macro_f1,0.8285804168052486,3601,901,810,482,476,881,0.9778024417314095
2,20260932,ordinary_file_random,resnet18,family_macro_ovr_auroc,0.9552086425346409,3601,901,810,482,476,881,0.9778024417314095
2,20260932,ordinary_file_random,resnet18,family_multiclass_log_loss,0.49690366287854243,3601,901,810,482,476,881,0.9778024417314095
2,20260932,augmentation_family_grouped,color_shortcut,accuracy,0.42041712403951703,3591,911,653,163,0,0,0.0
2,20260932,augmentation_family_grouped,color_shortcut,balanced_accuracy,0.4056133428981349,3591,911,653,163,0,0,0.0
2,20260932,augmentation_family_grouped,color_shortcut,macro_f1,0.41333507329038616,3591,911,653,163,0,0,0.0
2,20260932,augmentation_family_grouped,color_shortcut,macro_ovr_auroc,0.7015018898403869,3591,911,653,163,0,0,0.0
2,20260932,augmentation_family_grouped,color_shortcut,multiclass_log_loss,1.3161471319036304,3591,911,653,163,0,0,0.0
2,20260932,augmentation_family_grouped,color_shortcut,family_accuracy,0.5276073619631901,3591,911,653,163,0,0,0.0
2,20260932,augmentation_family_grouped,color_shortcut,family_balanced_accuracy,0.44091970121381885,3591,911,653,163,0,0,0.0
2,20260932,augmentation_family_grouped,color_shortcut,family_macro_f1,0.40859550503315534,3591,911,653,163,0,0,0.0
2,20260932,augmentation_family_grouped,color_shortcut,family_macro_ovr_auroc,0.7132433393101012,3591,911,653,163,0,0,0.0
2,20260932,augmentation_family_grouped,color_shortcut,family_multiclass_log_loss,1.1063810199061301,3591,911,653,163,0,0,0.0
2,20260932,augmentation_family_grouped,resnet18,accuracy,0.6652030735455543,3591,911,653,163,0,0,0.0
2,20260932,augmentation_family_grouped,resnet18,balanced_accuracy,0.6557149689143951,3591,911,653,163,0,0,0.0
2,20260932,augmentation_family_grouped,resnet18,macro_f1,0.6626669597017258,3591,911,653,163,0,0,0.0
2,20260932,augmentation_family_grouped,resnet18,macro_ovr_auroc,0.874726597614573,3591,911,653,163,0,0,0.0
2,20260932,augmentation_family_grouped,resnet18,multiclass_log_loss,0.8891041758400134,3591,911,653,163,0,0,0.0
2,20260932,augmentation_family_grouped,resnet18,family_accuracy,0.7300613496932515,3591,911,653,163,0,0,0.0
2,20260932,augmentation_family_grouped,resnet18,family_balanced_accuracy,0.677217553688142,3591,911,653,163,0,0,0.0
2,20260932,augmentation_family_grouped,resnet18,family_macro_f1,0.6428715653793535,3591,911,653,163,0,0,0.0
2,20260932,augmentation_family_grouped,resnet18,family_macro_ovr_auroc,0.906541060649545,3591,911,653,163,0,0,0.0
2,20260932,augmentation_family_grouped,resnet18,family_multiclass_log_loss,0.6769919886668713,3591,911,653,163,0,0,0.0
3,20260933,ordinary_file_random,color_shortcut,accuracy,0.6625971143174251,3601,901,812,478,474,888,0.9855715871254163
3,20260933,ordinary_file_random,color_shortcut,balanced_accuracy,0.6984893841795977,3601,901,812,478,474,888,0.9855715871254163
3,20260933,ordinary_file_random,color_shortcut,macro_f1,0.6738355397073286,3601,901,812,478,474,888,0.9855715871254163
3,20260933,ordinary_file_random,color_shortcut,macro_ovr_auroc,0.8796159181035872,3601,901,812,478,474,888,0.9855715871254163
3,20260933,ordinary_file_random,color_shortcut,multiclass_log_loss,0.8189730744802707,3601,901,812,478,474,888,0.9855715871254163
3,20260933,ordinary_file_random,color_shortcut,family_accuracy,0.5899581589958159,3601,901,812,478,474,888,0.9855715871254163
3,20260933,ordinary_file_random,color_shortcut,family_balanced_accuracy,0.7036122782446312,3601,901,812,478,474,888,0.9855715871254163
3,20260933,ordinary_file_random,color_shortcut,family_macro_f1,0.5701316767753655,3601,901,812,478,474,888,0.9855715871254163
3,20260933,ordinary_file_random,color_shortcut,family_macro_ovr_auroc,0.8581662111160391,3601,901,812,478,474,888,0.9855715871254163
3,20260933,ordinary_file_random,color_shortcut,family_multiclass_log_loss,0.9135663670471148,3601,901,812,478,474,888,0.9855715871254163
3,20260933,ordinary_file_random,resnet18,accuracy,0.8179800221975583,3601,901,812,478,474,888,0.9855715871254163
3,20260933,ordinary_file_random,resnet18,balanced_accuracy,0.8312339007748162,3601,901,812,478,474,888,0.9855715871254163
3,20260933,ordinary_file_random,resnet18,macro_f1,0.8301372906854335,3601,901,812,478,474,888,0.9855715871254163
3,20260933,ordinary_file_random,resnet18,macro_ovr_auroc,0.9519414130330773,3601,901,812,478,474,888,0.9855715871254163
3,20260933,ordinary_file_random,resnet18,multiclass_log_loss,0.49176044909116,3601,901,812,478,474,888,0.9855715871254163
3,20260933,ordinary_file_random,resnet18,family_accuracy,0.7949790794979079,3601,901,812,478,474,888,0.9855715871254163
3,20260933,ordinary_file_random,resnet18,family_balanced_accuracy,0.8537053952015589,3601,901,812,478,474,888,0.9855715871254163
3,20260933,ordinary_file_random,resnet18,family_macro_f1,0.8062261747361382,3601,901,812,478,474,888,0.9855715871254163
3,20260933,ordinary_file_random,resnet18,family_macro_ovr_auroc,0.9498598882306276,3601,901,812,478,474,888,0.9855715871254163
3,20260933,ordinary_file_random,resnet18,family_multiclass_log_loss,0.5302760969742084,3601,901,812,478,474,888,0.9855715871254163
3,20260933,augmentation_family_grouped,color_shortcut,accuracy,0.4852459016393443,3587,915,653,163,0,0,0.0
3,20260933,augmentation_family_grouped,color_shortcut,balanced_accuracy,0.5194359839446259,3587,915,653,163,0,0,0.0
3,20260933,augmentation_family_grouped,color_shortcut,macro_f1,0.4960131908372451,3587,915,653,163,0,0,0.0
3,20260933,augmentation_family_grouped,color_shortcut,macro_ovr_auroc,0.7663822612234761,3587,915,653,163,0,0,0.0
3,20260933,augmentation_family_grouped,color_shortcut,multiclass_log_loss,1.1301466900250836,3587,915,653,163,0,0,0.0
3,20260933,augmentation_family_grouped,color_shortcut,family_accuracy,0.4601226993865031,3587,915,653,163,0,0,0.0
3,20260933,augmentation_family_grouped,color_shortcut,family_balanced_accuracy,0.5452614379084967,3587,915,653,163,0,0,0.0
3,20260933,augmentation_family_grouped,color_shortcut,family_macro_f1,0.40403163080114074,3587,915,653,163,0,0,0.0
3,20260933,augmentation_family_grouped,color_shortcut,family_macro_ovr_auroc,0.7356991480291006,3587,915,653,163,0,0,0.0
3,20260933,augmentation_family_grouped,color_shortcut,family_multiclass_log_loss,1.160122643860588,3587,915,653,163,0,0,0.0
3,20260933,augmentation_family_grouped,resnet18,accuracy,0.66775956284153,3587,915,653,163,0,0,0.0
3,20260933,augmentation_family_grouped,resnet18,balanced_accuracy,0.6689983785855287,3587,915,653,163,0,0,0.0
3,20260933,augmentation_family_grouped,resnet18,macro_f1,0.6775019153678339,3587,915,653,163,0,0,0.0
3,20260933,augmentation_family_grouped,resnet18,macro_ovr_auroc,0.8626599770419449,3587,915,653,163,0,0,0.0
3,20260933,augmentation_family_grouped,resnet18,multiclass_log_loss,0.9499736588623302,3587,915,653,163,0,0,0.0
3,20260933,augmentation_family_grouped,resnet18,family_accuracy,0.6871165644171779,3587,915,653,163,0,0,0.0
3,20260933,augmentation_family_grouped,resnet18,family_balanced_accuracy,0.700671101774043,3587,915,653,163,0,0,0.0
3,20260933,augmentation_family_grouped,resnet18,family_macro_f1,0.6321541075926329,3587,915,653,163,0,0,0.0
3,20260933,augmentation_family_grouped,resnet18,family_macro_ovr_auroc,0.8830573948324286,3587,915,653,163,0,0,0.0
3,20260933,augmentation_family_grouped,resnet18,family_multiclass_log_loss,0.6828726769214267,3587,915,653,163,0,0,0.0
4,20260934,ordinary_file_random,color_shortcut,accuracy,0.6637069922308546,3601,901,811,491,486,886,0.9833518312985572
4,20260934,ordinary_file_random,color_shortcut,balanced_accuracy,0.6982521239591516,3601,901,811,491,486,886,0.9833518312985572
4,20260934,ordinary_file_random,color_shortcut,macro_f1,0.6791684410577036,3601,901,811,491,486,886,0.9833518312985572
4,20260934,ordinary_file_random,color_shortcut,macro_ovr_auroc,0.8667001795136453,3601,901,811,491,486,886,0.9833518312985572
4,20260934,ordinary_file_random,color_shortcut,multiclass_log_loss,0.8405071615572576,3601,901,811,491,486,886,0.9833518312985572
4,20260934,ordinary_file_random,color_shortcut,family_accuracy,0.5906313645621182,3601,901,811,491,486,886,0.9833518312985572
4,20260934,ordinary_file_random,color_shortcut,family_balanced_accuracy,0.7046882855706385,3601,901,811,491,486,886,0.9833518312985572
4,20260934,ordinary_file_random,color_shortcut,family_macro_f1,0.5760316257321083,3601,901,811,491,486,886,0.9833518312985572
4,20260934,ordinary_file_random,color_shortcut,family_macro_ovr_auroc,0.8508698072682738,3601,901,811,491,486,886,0.9833518312985572
4,20260934,ordinary_file_random,color_shortcut,family_multiclass_log_loss,0.9366479248928556,3601,901,811,491,486,886,0.9833518312985572
4,20260934,ordinary_file_random,resnet18,accuracy,0.8124306326304107,3601,901,811,491,486,886,0.9833518312985572
4,20260934,ordinary_file_random,resnet18,balanced_accuracy,0.8284520492224667,3601,901,811,491,486,886,0.9833518312985572
4,20260934,ordinary_file_random,resnet18,macro_f1,0.8264730247059721,3601,901,811,491,486,886,0.9833518312985572
4,20260934,ordinary_file_random,resnet18,macro_ovr_auroc,0.9507329886566711,3601,901,811,491,486,886,0.9833518312985572
4,20260934,ordinary_file_random,resnet18,multiclass_log_loss,0.49592274586466745,3601,901,811,491,486,886,0.9833518312985572
4,20260934,ordinary_file_random,resnet18,family_accuracy,0.7983706720977597,3601,901,811,491,486,886,0.9833518312985572
4,20260934,ordinary_file_random,resnet18,family_balanced_accuracy,0.8612258044243339,3601,901,811,491,486,886,0.9833518312985572
4,20260934,ordinary_file_random,resnet18,family_macro_f1,0.8060365818782724,3601,901,811,491,486,886,0.9833518312985572
4,20260934,ordinary_file_random,resnet18,family_macro_ovr_auroc,0.9514907374547015,3601,901,811,491,486,886,0.9833518312985572
4,20260934,ordinary_file_random,resnet18,family_multiclass_log_loss,0.5365069418786894,3601,901,811,491,486,886,0.9833518312985572
4,20260934,augmentation_family_grouped,color_shortcut,accuracy,0.43907793633369924,3591,911,653,163,0,0,0.0
4,20260934,augmentation_family_grouped,color_shortcut,balanced_accuracy,0.4594438473819833,3591,911,653,163,0,0,0.0
4,20260934,augmentation_family_grouped,color_shortcut,macro_f1,0.4518798979478294,3591,911,653,163,0,0,0.0
4,20260934,augmentation_family_grouped,color_shortcut,macro_ovr_auroc,0.6893061750993528,3591,911,653,163,0,0,0.0
4,20260934,augmentation_family_grouped,color_shortcut,multiclass_log_loss,1.4529771956856734,3591,911,653,163,0,0,0.0
4,20260934,augmentation_family_grouped,color_shortcut,family_accuracy,0.44171779141104295,3591,911,653,163,0,0,0.0
4,20260934,augmentation_family_grouped,color_shortcut,family_balanced_accuracy,0.484780578898226,3591,911,653,163,0,0,0.0
4,20260934,augmentation_family_grouped,color_shortcut,family_macro_f1,0.37279525131051494,3591,911,653,163,0,0,0.0
4,20260934,augmentation_family_grouped,color_shortcut,family_macro_ovr_auroc,0.6731011484397922,3591,911,653,163,0,0,0.0
4,20260934,augmentation_family_grouped,color_shortcut,family_multiclass_log_loss,1.2463596441175957,3591,911,653,163,0,0,0.0
4,20260934,augmentation_family_grouped,resnet18,accuracy,0.712403951701427,3591,911,653,163,0,0,0.0
4,20260934,augmentation_family_grouped,resnet18,balanced_accuracy,0.7040248638052685,3591,911,653,163,0,0,0.0
4,20260934,augmentation_family_grouped,resnet18,macro_f1,0.7163466763162851,3591,911,653,163,0,0,0.0
4,20260934,augmentation_family_grouped,resnet18,macro_ovr_auroc,0.8984767888841982,3591,911,653,163,0,0,0.0
4,20260934,augmentation_family_grouped,resnet18,multiclass_log_loss,0.7850457332386724,3591,911,653,163,0,0,0.0
4,20260934,augmentation_family_grouped,resnet18,family_accuracy,0.7975460122699386,3591,911,653,163,0,0,0.0
4,20260934,augmentation_family_grouped,resnet18,family_balanced_accuracy,0.7232784780578898,3591,911,653,163,0,0,0.0
4,20260934,augmentation_family_grouped,resnet18,family_macro_f1,0.7447916666666667,3591,911,653,163,0,0,0.0
4,20260934,augmentation_family_grouped,resnet18,family_macro_ovr_auroc,0.930677529630203,3591,911,653,163,0,0,0.0
4,20260934,augmentation_family_grouped,resnet18,family_multiclass_log_loss,0.5797479390044593,3591,911,653,163,0,0,0.0
5,20260935,ordinary_file_random,color_shortcut,accuracy,0.6681465038845728,3601,901,814,487,485,895,0.9933407325194229
5,20260935,ordinary_file_random,color_shortcut,balanced_accuracy,0.7040823669359719,3601,901,814,487,485,895,0.9933407325194229
5,20260935,ordinary_file_random,color_shortcut,macro_f1,0.6819063031352626,3601,901,814,487,485,895,0.9933407325194229
5,20260935,ordinary_file_random,color_shortcut,macro_ovr_auroc,0.8737791924542353,3601,901,814,487,485,895,0.9933407325194229
5,20260935,ordinary_file_random,color_shortcut,multiclass_log_loss,0.8215700240755044,3601,901,814,487,485,895,0.9933407325194229
5,20260935,ordinary_file_random,color_shortcut,family_accuracy,0.6160164271047228,3601,901,814,487,485,895,0.9933407325194229
5,20260935,ordinary_file_random,color_shortcut,family_balanced_accuracy,0.7231240168946573,3601,901,814,487,485,895,0.9933407325194229
5,20260935,ordinary_file_random,color_shortcut,family_macro_f1,0.5989115073506112,3601,901,814,487,485,895,0.9933407325194229
5,20260935,ordinary_file_random,color_shortcut,family_macro_ovr_auroc,0.8610032097623517,3601,901,814,487,485,895,0.9933407325194229
5,20260935,ordinary_file_random,color_shortcut,family_multiclass_log_loss,0.9090607564743034,3601,901,814,487,485,895,0.9933407325194229
5,20260935,ordinary_file_random,resnet18,accuracy,0.8312985571587126,3601,901,814,487,485,895,0.9933407325194229
5,20260935,ordinary_file_random,resnet18,balanced_accuracy,0.8441396658972231,3601,901,814,487,485,895,0.9933407325194229
5,20260935,ordinary_file_random,resnet18,macro_f1,0.8427896729332136,3601,901,814,487,485,895,0.9933407325194229
5,20260935,ordinary_file_random,resnet18,macro_ovr_auroc,0.9550687608548396,3601,901,814,487,485,895,0.9933407325194229
5,20260935,ordinary_file_random,resnet18,multiclass_log_loss,0.4807640961299059,3601,901,814,487,485,895,0.9933407325194229
5,20260935,ordinary_file_random,resnet18,family_accuracy,0.8521560574948666,3601,901,814,487,485,895,0.9933407325194229
5,20260935,ordinary_file_random,resnet18,family_balanced_accuracy,0.8888005216712984,3601,901,814,487,485,895,0.9933407325194229
5,20260935,ordinary_file_random,resnet18,family_macro_f1,0.8623071574510874,3601,901,814,487,485,895,0.9933407325194229
5,20260935,ordinary_file_random,resnet18,family_macro_ovr_auroc,0.9597797608400339,3601,901,814,487,485,895,0.9933407325194229
5,20260935,ordinary_file_random,resnet18,family_multiclass_log_loss,0.4870211891510511,3601,901,814,487,485,895,0.9933407325194229
5,20260935,augmentation_family_grouped,color_shortcut,accuracy,0.37719298245614036,3590,912,653,163,0,0,0.0
5,20260935,augmentation_family_grouped,color_shortcut,balanced_accuracy,0.3656447673371709,3590,912,653,163,0,0,0.0
5,20260935,augmentation_family_grouped,color_shortcut,macro_f1,0.37230135359651406,3590,912,653,163,0,0,0.0
5,20260935,augmentation_family_grouped,color_shortcut,macro_ovr_auroc,0.6702356226584403,3590,912,653,163,0,0,0.0
5,20260935,augmentation_family_grouped,color_shortcut,multiclass_log_loss,1.4304904090097206,3590,912,653,163,0,0,0.0
5,20260935,augmentation_family_grouped,color_shortcut,family_accuracy,0.4171779141104294,3590,912,653,163,0,0,0.0
5,20260935,augmentation_family_grouped,color_shortcut,family_balanced_accuracy,0.3666549953314659,3590,912,653,163,0,0,0.0
5,20260935,augmentation_family_grouped,color_shortcut,family_macro_f1,0.33624959270120564,3590,912,653,163,0,0,0.0
5,20260935,augmentation_family_grouped,color_shortcut,family_macro_ovr_auroc,0.6745128552885864,3590,912,653,163,0,0,0.0
5,20260935,augmentation_family_grouped,color_shortcut,family_multiclass_log_loss,1.135546980569871,3590,912,653,163,0,0,0.0
5,20260935,augmentation_family_grouped,resnet18,accuracy,0.668859649122807,3590,912,653,163,0,0,0.0
5,20260935,augmentation_family_grouped,resnet18,balanced_accuracy,0.6363054647157569,3590,912,653,163,0,0,0.0
5,20260935,augmentation_family_grouped,resnet18,macro_f1,0.6360630762761826,3590,912,653,163,0,0,0.0
5,20260935,augmentation_family_grouped,resnet18,macro_ovr_auroc,0.8581671513998999,3590,912,653,163,0,0,0.0
5,20260935,augmentation_family_grouped,resnet18,multiclass_log_loss,1.0523509560876347,3590,912,653,163,0,0,0.0
5,20260935,augmentation_family_grouped,resnet18,family_accuracy,0.7975460122699386,3590,912,653,163,0,0,0.0
5,20260935,augmentation_family_grouped,resnet18,family_balanced_accuracy,0.6685749299719888,3590,912,653,163,0,0,0.0
5,20260935,augmentation_family_grouped,resnet18,family_macro_f1,0.6664254590725178,3590,912,653,163,0,0,0.0
5,20260935,augmentation_family_grouped,resnet18,family_macro_ovr_auroc,0.9040313677393725,3590,912,653,163,0,0,0.0
5,20260935,augmentation_family_grouped,resnet18,family_multiclass_log_loss,0.5457671829874366,3590,912,653,163,0,0,0.0
6,20260936,ordinary_file_random,color_shortcut,accuracy,0.6692563817980022,3601,901,809,490,483,880,0.97669256381798
6,20260936,ordinary_file_random,color_shortcut,balanced_accuracy,0.7046660533426332,3601,901,809,490,483,880,0.97669256381798
6,20260936,ordinary_file_random,color_shortcut,macro_f1,0.6840725738072926,3601,901,809,490,483,880,0.97669256381798
6,20260936,ordinary_file_random,color_shortcut,macro_ovr_auroc,0.8748478026437229,3601,901,809,490,483,880,0.97669256381798
6,20260936,ordinary_file_random,color_shortcut,multiclass_log_loss,0.8184508712518408,3601,901,809,490,483,880,0.97669256381798
6,20260936,ordinary_file_random,color_shortcut,family_accuracy,0.5979591836734693,3601,901,809,490,483,880,0.97669256381798
6,20260936,ordinary_file_random,color_shortcut,family_balanced_accuracy,0.7173247941301507,3601,901,809,490,483,880,0.97669256381798
6,20260936,ordinary_file_random,color_shortcut,family_macro_f1,0.587993672993673,3601,901,809,490,483,880,0.97669256381798
6,20260936,ordinary_file_random,color_shortcut,family_macro_ovr_auroc,0.8578054055970926,3601,901,809,490,483,880,0.97669256381798
6,20260936,ordinary_file_random,color_shortcut,family_multiclass_log_loss,0.928283261187704,3601,901,809,490,483,880,0.97669256381798
6,20260936,ordinary_file_random,resnet18,accuracy,0.8213096559378469,3601,901,809,490,483,880,0.97669256381798
6,20260936,ordinary_file_random,resnet18,balanced_accuracy,0.8375853186567838,3601,901,809,490,483,880,0.97669256381798
6,20260936,ordinary_file_random,resnet18,macro_f1,0.8316199391460332,3601,901,809,490,483,880,0.97669256381798
6,20260936,ordinary_file_random,resnet18,macro_ovr_auroc,0.9566183121734642,3601,901,809,490,483,880,0.97669256381798
6,20260936,ordinary_file_random,resnet18,multiclass_log_loss,0.4717847912717323,3601,901,809,490,483,880,0.97669256381798
6,20260936,ordinary_file_random,resnet18,family_accuracy,0.810204081632653,3601,901,809,490,483,880,0.97669256381798
6,20260936,ordinary_file_random,resnet18,family_balanced_accuracy,0.8638624017886665,3601,901,809,490,483,880,0.97669256381798
6,20260936,ordinary_file_random,resnet18,family_macro_f1,0.8095092491275165,3601,901,809,490,483,880,0.97669256381798
6,20260936,ordinary_file_random,resnet18,family_macro_ovr_auroc,0.9543387412902093,3601,901,809,490,483,880,0.97669256381798
6,20260936,ordinary_file_random,resnet18,family_multiclass_log_loss,0.5111929787243901,3601,901,809,490,483,880,0.97669256381798
6,20260936,augmentation_family_grouped,color_shortcut,accuracy,0.5071193866374589,3589,913,653,163,0,0,0.0
6,20260936,augmentation_family_grouped,color_shortcut,balanced_accuracy,0.5195839382484797,3589,913,653,163,0,0,0.0
6,20260936,augmentation_family_grouped,color_shortcut,macro_f1,0.5187600800360748,3589,913,653,163,0,0,0.0
6,20260936,augmentation_family_grouped,color_shortcut,macro_ovr_auroc,0.7370606061424583,3589,913,653,163,0,0,0.0
6,20260936,augmentation_family_grouped,color_shortcut,multiclass_log_loss,1.272540779768775,3589,913,653,163,0,0,0.0
6,20260936,augmentation_family_grouped,color_shortcut,family_accuracy,0.5398773006134969,3589,913,653,163,0,0,0.0
6,20260936,augmentation_family_grouped,color_shortcut,family_balanced_accuracy,0.5443102240896359,3589,913,653,163,0,0,0.0
6,20260936,augmentation_family_grouped,color_shortcut,family_macro_f1,0.445975241134626,3589,913,653,163,0,0,0.0
6,20260936,augmentation_family_grouped,color_shortcut,family_macro_ovr_auroc,0.7394575423046783,3589,913,653,163,0,0,0.0
6,20260936,augmentation_family_grouped,color_shortcut,family_multiclass_log_loss,1.1111064888313897,3589,913,653,163,0,0,0.0
6,20260936,augmentation_family_grouped,resnet18,accuracy,0.6933187294633077,3589,913,653,163,0,0,0.0
6,20260936,augmentation_family_grouped,resnet18,balanced_accuracy,0.6786589808232617,3589,913,653,163,0,0,0.0
6,20260936,augmentation_family_grouped,resnet18,macro_f1,0.6861360661879624,3589,913,653,163,0,0,0.0
6,20260936,augmentation_family_grouped,resnet18,macro_ovr_auroc,0.8827025890856842,3589,913,653,163,0,0,0.0
6,20260936,augmentation_family_grouped,resnet18,multiclass_log_loss,0.8805837730996646,3589,913,653,163,0,0,0.0
6,20260936,augmentation_family_grouped,resnet18,family_accuracy,0.8282208588957055,3589,913,653,163,0,0,0.0
6,20260936,augmentation_family_grouped,resnet18,family_balanced_accuracy,0.7382703081232493,3589,913,653,163,0,0,0.0
6,20260936,augmentation_family_grouped,resnet18,family_macro_f1,0.7260472370766489,3589,913,653,163,0,0,0.0
6,20260936,augmentation_family_grouped,resnet18,family_macro_ovr_auroc,0.9254763760461878,3589,913,653,163,0,0,0.0
6,20260936,augmentation_family_grouped,resnet18,family_multiclass_log_loss,0.5546083749440273,3589,913,653,163,0,0,0.0
7,20260937,ordinary_file_random,color_shortcut,accuracy,0.6625971143174251,3601,901,813,480,477,892,0.9900110987791343
7,20260937,ordinary_file_random,color_shortcut,balanced_accuracy,0.698553117234548,3601,901,813,480,477,892,0.9900110987791343
7,20260937,ordinary_file_random,color_shortcut,macro_f1,0.6764753922426001,3601,901,813,480,477,892,0.9900110987791343
7,20260937,ordinary_file_random,color_shortcut,macro_ovr_auroc,0.8729919372018128,3601,901,813,480,477,892,0.9900110987791343
7,20260937,ordinary_file_random,color_shortcut,multiclass_log_loss,0.8245424621621583,3601,901,813,480,477,892,0.9900110987791343
7,20260937,ordinary_file_random,color_shortcut,family_accuracy,0.6,3601,901,813,480,477,892,0.9900110987791343
7,20260937,ordinary_file_random,color_shortcut,family_balanced_accuracy,0.7132226277811908,3601,901,813,480,477,892,0.9900110987791343
7,20260937,ordinary_file_random,color_shortcut,family_macro_f1,0.5886603941167203,3601,901,813,480,477,892,0.9900110987791343
7,20260937,ordinary_file_random,color_shortcut,family_macro_ovr_auroc,0.8595891145900729,3601,901,813,480,477,892,0.9900110987791343
7,20260937,ordinary_file_random,color_shortcut,family_multiclass_log_loss,0.9097275154803531,3601,901,813,480,477,892,0.9900110987791343
7,20260937,ordinary_file_random,resnet18,accuracy,0.8168701442841287,3601,901,813,480,477,892,0.9900110987791343
7,20260937,ordinary_file_random,resnet18,balanced_accuracy,0.8324223921821815,3601,901,813,480,477,892,0.9900110987791343
7,20260937,ordinary_file_random,resnet18,macro_f1,0.8302516617964386,3601,901,813,480,477,892,0.9900110987791343
7,20260937,ordinary_file_random,resnet18,macro_ovr_auroc,0.953873976258729,3601,901,813,480,477,892,0.9900110987791343
7,20260937,ordinary_file_random,resnet18,multiclass_log_loss,0.48709738136962344,3601,901,813,480,477,892,0.9900110987791343
7,20260937,ordinary_file_random,resnet18,family_accuracy,0.81875,3601,901,813,480,477,892,0.9900110987791343
7,20260937,ordinary_file_random,resnet18,family_balanced_accuracy,0.8651453687976582,3601,901,813,480,477,892,0.9900110987791343
7,20260937,ordinary_file_random,resnet18,family_macro_f1,0.8333157227387997,3601,901,813,480,477,892,0.9900110987791343
7,20260937,ordinary_file_random,resnet18,family_macro_ovr_auroc,0.9550869054422384,3601,901,813,480,477,892,0.9900110987791343
7,20260937,ordinary_file_random,resnet18,family_multiclass_log_loss,0.5016103567490495,3601,901,813,480,477,892,0.9900110987791343
7,20260937,augmentation_family_grouped,color_shortcut,accuracy,0.4223669923995657,3581,921,653,163,0,0,0.0
7,20260937,augmentation_family_grouped,color_shortcut,balanced_accuracy,0.42841623496520226,3581,921,653,163,0,0,0.0
7,20260937,augmentation_family_grouped,color_shortcut,macro_f1,0.43316876703816504,3581,921,653,163,0,0,0.0
7,20260937,augmentation_family_grouped,color_shortcut,macro_ovr_auroc,0.6541678284650693,3581,921,653,163,0,0,0.0
7,20260937,augmentation_family_grouped,color_shortcut,multiclass_log_loss,1.5495609655169533,3581,921,653,163,0,0,0.0
7,20260937,augmentation_family_grouped,color_shortcut,family_accuracy,0.43558282208588955,3581,921,653,163,0,0,0.0
7,20260937,augmentation_family_grouped,color_shortcut,family_balanced_accuracy,0.43322829131652657,3581,921,653,163,0,0,0.0
7,20260937,augmentation_family_grouped,color_shortcut,family_macro_f1,0.35963912565676887,3581,921,653,163,0,0,0.0
7,20260937,augmentation_family_grouped,color_shortcut,family_macro_ovr_auroc,0.6381389715771533,3581,921,653,163,0,0,0.0
7,20260937,augmentation_family_grouped,color_shortcut,family_multiclass_log_loss,1.2249824642609852,3581,921,653,163,0,0,0.0
7,20260937,augmentation_family_grouped,resnet18,accuracy,0.6851248642779587,3581,921,653,163,0,0,0.0
7,20260937,augmentation_family_grouped,resnet18,balanced_accuracy,0.6771171581526987,3581,921,653,163,0,0,0.0
7,20260937,augmentation_family_grouped,resnet18,macro_f1,0.6887862984431895,3581,921,653,163,0,0,0.0
7,20260937,augmentation_family_grouped,resnet18,macro_ovr_auroc,0.8964354270789502,3581,921,653,163,0,0,0.0
7,20260937,augmentation_family_grouped,resnet18,multiclass_log_loss,0.7983305490002385,3581,921,653,163,0,0,0.0
7,20260937,augmentation_family_grouped,resnet18,family_accuracy,0.7730061349693251,3581,921,653,163,0,0,0.0
7,20260937,augmentation_family_grouped,resnet18,family_balanced_accuracy,0.7540324463118581,3581,921,653,163,0,0,0.0
7,20260937,augmentation_family_grouped,resnet18,family_macro_f1,0.6943181818181817,3581,921,653,163,0,0,0.0
7,20260937,augmentation_family_grouped,resnet18,family_macro_ovr_auroc,0.93034571938333,3581,921,653,163,0,0,0.0
7,20260937,augmentation_family_grouped,resnet18,family_multiclass_log_loss,0.5941341806234662,3581,921,653,163,0,0,0.0
8,20260938,ordinary_file_random,color_shortcut,accuracy,0.6770255271920089,3601,901,810,489,483,881,0.9778024417314095
8,20260938,ordinary_file_random,color_shortcut,balanced_accuracy,0.7120171322772936,3601,901,810,489,483,881,0.9778024417314095
8,20260938,ordinary_file_random,color_shortcut,macro_f1,0.6885619804181291,3601,901,810,489,483,881,0.9778024417314095
8,20260938,ordinary_file_random,color_shortcut,macro_ovr_auroc,0.8854654616399754,3601,901,810,489,483,881,0.9778024417314095
8,20260938,ordinary_file_random,color_shortcut,multiclass_log_loss,0.7991416087149938,3601,901,810,489,483,881,0.9778024417314095
8,20260938,ordinary_file_random,color_shortcut,family_accuracy,0.6175869120654397,3601,901,810,489,483,881,0.9778024417314095
8,20260938,ordinary_file_random,color_shortcut,family_balanced_accuracy,0.722513872509174,3601,901,810,489,483,881,0.9778024417314095
8,20260938,ordinary_file_random,color_shortcut,family_macro_f1,0.5947369584500928,3601,901,810,489,483,881,0.9778024417314095
8,20260938,ordinary_file_random,color_shortcut,family_macro_ovr_auroc,0.8691773920967039,3601,901,810,489,483,881,0.9778024417314095
8,20260938,ordinary_file_random,color_shortcut,family_multiclass_log_loss,0.88606797782144,3601,901,810,489,483,881,0.9778024417314095
8,20260938,ordinary_file_random,resnet18,accuracy,0.8168701442841287,3601,901,810,489,483,881,0.9778024417314095
8,20260938,ordinary_file_random,resnet18,balanced_accuracy,0.8339364594217317,3601,901,810,489,483,881,0.9778024417314095
8,20260938,ordinary_file_random,resnet18,macro_f1,0.8273402309959514,3601,901,810,489,483,881,0.9778024417314095
8,20260938,ordinary_file_random,resnet18,macro_ovr_auroc,0.9587805254496948,3601,901,810,489,483,881,0.9778024417314095
8,20260938,ordinary_file_random,resnet18,multiclass_log_loss,0.45699719289721885,3601,901,810,489,483,881,0.9778024417314095
8,20260938,ordinary_file_random,resnet18,family_accuracy,0.7955010224948875,3601,901,810,489,483,881,0.9778024417314095
8,20260938,ordinary_file_random,resnet18,family_balanced_accuracy,0.8550739005752608,3601,901,810,489,483,881,0.9778024417314095
8,20260938,ordinary_file_random,resnet18,family_macro_f1,0.7923706718363606,3601,901,810,489,483,881,0.9778024417314095
8,20260938,ordinary_file_random,resnet18,family_macro_ovr_auroc,0.9510121655697057,3601,901,810,489,483,881,0.9778024417314095
8,20260938,ordinary_file_random,resnet18,family_multiclass_log_loss,0.5213341685765945,3601,901,810,489,483,881,0.9778024417314095
8,20260938,augmentation_family_grouped,color_shortcut,accuracy,0.4538545059717698,3581,921,653,163,0,0,0.0
8,20260938,augmentation_family_grouped,color_shortcut,balanced_accuracy,0.43648983885051995,3581,921,653,163,0,0,0.0
8,20260938,augmentation_family_grouped,color_shortcut,macro_f1,0.4407322553909656,3581,921,653,163,0,0,0.0
8,20260938,augmentation_family_grouped,color_shortcut,macro_ovr_auroc,0.7287834017161265,3581,921,653,163,0,0,0.0
8,20260938,augmentation_family_grouped,color_shortcut,multiclass_log_loss,1.2780385612884682,3581,921,653,163,0,0,0.0
8,20260938,augmentation_family_grouped,color_shortcut,family_accuracy,0.4785276073619632,3581,921,653,163,0,0,0.0
8,20260938,augmentation_family_grouped,color_shortcut,family_balanced_accuracy,0.44414098972922506,3581,921,653,163,0,0,0.0
8,20260938,augmentation_family_grouped,color_shortcut,family_macro_f1,0.3855410776274085,3581,921,653,163,0,0,0.0
8,20260938,augmentation_family_grouped,color_shortcut,family_macro_ovr_auroc,0.7270702078654347,3581,921,653,163,0,0,0.0
8,20260938,augmentation_family_grouped,color_shortcut,family_multiclass_log_loss,1.086556435863175,3581,921,653,163,0,0,0.0
8,20260938,augmentation_family_grouped,resnet18,accuracy,0.6666666666666666,3581,921,653,163,0,0,0.0
8,20260938,augmentation_family_grouped,resnet18,balanced_accuracy,0.6597139127202178,3581,921,653,163,0,0,0.0
8,20260938,augmentation_family_grouped,resnet18,macro_f1,0.6665972127677541,3581,921,653,163,0,0,0.0
8,20260938,augmentation_family_grouped,resnet18,macro_ovr_auroc,0.8753920781074522,3581,921,653,163,0,0,0.0
8,20260938,augmentation_family_grouped,resnet18,multiclass_log_loss,0.9050782930271456,3581,921,653,163,0,0,0.0
8,20260938,augmentation_family_grouped,resnet18,family_accuracy,0.7423312883435583,3581,921,653,163,0,0,0.0
8,20260938,augmentation_family_grouped,resnet18,family_balanced_accuracy,0.6891923436041083,3581,921,653,163,0,0,0.0
8,20260938,augmentation_family_grouped,resnet18,family_macro_f1,0.6395873385930867,3581,921,653,163,0,0,0.0
8,20260938,augmentation_family_grouped,resnet18,family_macro_ovr_auroc,0.9201619457982322,3581,921,653,163,0,0,0.0
8,20260938,augmentation_family_grouped,resnet18,family_multiclass_log_loss,0.6237815379021652,3581,921,653,163,0,0,0.0
9,20260939,ordinary_file_random,color_shortcut,accuracy,0.6670366259711432,3601,901,810,485,479,882,0.978912319644839
9,20260939,ordinary_file_random,color_shortcut,balanced_accuracy,0.7015454214093045,3601,901,810,485,479,882,0.978912319644839
9,20260939,ordinary_file_random,color_shortcut,macro_f1,0.6811591377848192,3601,901,810,485,479,882,0.978912319644839
9,20260939,ordinary_file_random,color_shortcut,macro_ovr_auroc,0.880493577067933,3601,901,810,485,479,882,0.978912319644839
9,20260939,ordinary_file_random,color_shortcut,multiclass_log_loss,0.8097940206370706,3601,901,810,485,479,882,0.978912319644839
9,20260939,ordinary_file_random,color_shortcut,family_accuracy,0.6123711340206186,3601,901,810,485,479,882,0.978912319644839
9,20260939,ordinary_file_random,color_shortcut,family_balanced_accuracy,0.718532946093798,3601,901,810,485,479,882,0.978912319644839
9,20260939,ordinary_file_random,color_shortcut,family_macro_f1,0.5952815686337792,3601,901,810,485,479,882,0.978912319644839
9,20260939,ordinary_file_random,color_shortcut,family_macro_ovr_auroc,0.8665917748025181,3601,901,810,485,479,882,0.978912319644839
9,20260939,ordinary_file_random,color_shortcut,family_multiclass_log_loss,0.8998090851301157,3601,901,810,485,479,882,0.978912319644839
9,20260939,ordinary_file_random,resnet18,accuracy,0.8335183129855716,3601,901,810,485,479,882,0.978912319644839
9,20260939,ordinary_file_random,resnet18,balanced_accuracy,0.8478137358338397,3601,901,810,485,479,882,0.978912319644839
9,20260939,ordinary_file_random,resnet18,macro_f1,0.8450680167791058,3601,901,810,485,479,882,0.978912319644839
9,20260939,ordinary_file_random,resnet18,macro_ovr_auroc,0.9538546128604704,3601,901,810,485,479,882,0.978912319644839
9,20260939,ordinary_file_random,resnet18,multiclass_log_loss,0.48528569400685556,3601,901,810,485,479,882,0.978912319644839
9,20260939,ordinary_file_random,resnet18,family_accuracy,0.8288659793814434,3601,901,810,485,479,882,0.978912319644839
9,20260939,ordinary_file_random,resnet18,family_balanced_accuracy,0.8738100451779458,3601,901,810,485,479,882,0.978912319644839
9,20260939,ordinary_file_random,resnet18,family_macro_f1,0.8306994047619048,3601,901,810,485,479,882,0.978912319644839
9,20260939,ordinary_file_random,resnet18,family_macro_ovr_auroc,0.9569199115557274,3601,901,810,485,479,882,0.978912319644839
9,20260939,ordinary_file_random,resnet18,family_multiclass_log_loss,0.5036350910499929,3601,901,810,485,479,882,0.978912319644839
9,20260939,augmentation_family_grouped,color_shortcut,accuracy,0.3677277716794731,3591,911,653,163,0,0,0.0
9,20260939,augmentation_family_grouped,color_shortcut,balanced_accuracy,0.3575931300169237,3591,911,653,163,0,0,0.0
9,20260939,augmentation_family_grouped,color_shortcut,macro_f1,0.358142916465513,3591,911,653,163,0,0,0.0
9,20260939,augmentation_family_grouped,color_shortcut,macro_ovr_auroc,0.650153987378074,3591,911,653,163,0,0,0.0
9,20260939,augmentation_family_grouped,color_shortcut,multiclass_log_loss,1.6073062863842664,3591,911,653,163,0,0,0.0
9,20260939,augmentation_family_grouped,color_shortcut,family_accuracy,0.43558282208588955,3591,911,653,163,0,0,0.0
9,20260939,augmentation_family_grouped,color_shortcut,family_balanced_accuracy,0.3535830999066293,3591,911,653,163,0,0,0.0
9,20260939,augmentation_family_grouped,color_shortcut,family_macro_f1,0.32068335399625525,3591,911,653,163,0,0,0.0
9,20260939,augmentation_family_grouped,color_shortcut,family_macro_ovr_auroc,0.650037050185525,3591,911,653,163,0,0,0.0
9,20260939,augmentation_family_grouped,color_shortcut,family_multiclass_log_loss,1.2860110691393416,3591,911,653,163,0,0,0.0
9,20260939,augmentation_family_grouped,resnet18,accuracy,0.6893523600439078,3591,911,653,163,0,0,0.0
9,20260939,augmentation_family_grouped,resnet18,balanced_accuracy,0.6723886183627829,3591,911,653,163,0,0,0.0
9,20260939,augmentation_family_grouped,resnet18,macro_f1,0.6855736308683313,3591,911,653,163,0,0,0.0
9,20260939,augmentation_family_grouped,resnet18,macro_ovr_auroc,0.8726036947929184,3591,911,653,163,0,0,0.0
9,20260939,augmentation_family_grouped,resnet18,multiclass_log_loss,0.9430629808830465,3591,911,653,163,0,0,0.0
9,20260939,augmentation_family_grouped,resnet18,family_accuracy,0.803680981595092,3591,911,653,163,0,0,0.0
9,20260939,augmentation_family_grouped,resnet18,family_balanced_accuracy,0.7295518207282914,3591,911,653,163,0,0,0.0
9,20260939,augmentation_family_grouped,resnet18,family_macro_f1,0.7172524722983439,3591,911,653,163,0,0,0.0
9,20260939,augmentation_family_grouped,resnet18,family_macro_ovr_auroc,0.9116411988349586,3591,911,653,163,0,0,0.0
9,20260939,augmentation_family_grouped,resnet18,family_multiclass_log_loss,0.604979427168798,3591,911,653,163,0,0,0.0
10,20260940,ordinary_file_random,color_shortcut,accuracy,0.6703662597114317,3601,901,812,485,481,889,0.9866814650388457
10,20260940,ordinary_file_random,color_shortcut,balanced_accuracy,0.7056056903857221,3601,901,812,485,481,889,0.9866814650388457
10,20260940,ordinary_file_random,color_shortcut,macro_f1,0.6844518021605772,3601,901,812,485,481,889,0.9866814650388457
10,20260940,ordinary_file_random,color_shortcut,macro_ovr_auroc,0.8693185728919107,3601,901,812,485,481,889,0.9866814650388457
10,20260940,ordinary_file_random,color_shortcut,multiclass_log_loss,0.8397765122315846,3601,901,812,485,481,889,0.9866814650388457
10,20260940,ordinary_file_random,color_shortcut,family_accuracy,0.6020618556701031,3601,901,812,485,481,889,0.9866814650388457
10,20260940,ordinary_file_random,color_shortcut,family_balanced_accuracy,0.7085205992509364,3601,901,812,485,481,889,0.9866814650388457
10,20260940,ordinary_file_random,color_shortcut,family_macro_f1,0.5912045793384874,3601,901,812,485,481,889,0.9866814650388457
10,20260940,ordinary_file_random,color_shortcut,family_macro_ovr_auroc,0.8582115661549583,3601,901,812,485,481,889,0.9866814650388457
10,20260940,ordinary_file_random,color_shortcut,family_multiclass_log_loss,0.9150432414411633,3601,901,812,485,481,889,0.9866814650388457
10,20260940,ordinary_file_random,resnet18,accuracy,0.8246392896781354,3601,901,812,485,481,889,0.9866814650388457
10,20260940,ordinary_file_random,resnet18,balanced_accuracy,0.8383133866972716,3601,901,812,485,481,889,0.9866814650388457
10,20260940,ordinary_file_random,resnet18,macro_f1,0.8354761109017355,3601,901,812,485,481,889,0.9866814650388457
10,20260940,ordinary_file_random,resnet18,macro_ovr_auroc,0.9549481159758944,3601,901,812,485,481,889,0.9866814650388457
10,20260940,ordinary_file_random,resnet18,multiclass_log_loss,0.4758136132406828,3601,901,812,485,481,889,0.9866814650388457
10,20260940,ordinary_file_random,resnet18,family_accuracy,0.8185567010309278,3601,901,812,485,481,889,0.9866814650388457
10,20260940,ordinary_file_random,resnet18,family_balanced_accuracy,0.8665868032606301,3601,901,812,485,481,889,0.9866814650388457
10,20260940,ordinary_file_random,resnet18,family_macro_f1,0.8207886904761905,3601,901,812,485,481,889,0.9866814650388457
10,20260940,ordinary_file_random,resnet18,family_macro_ovr_auroc,0.9549138907538678,3601,901,812,485,481,889,0.9866814650388457
10,20260940,ordinary_file_random,resnet18,family_multiclass_log_loss,0.5071903435587335,3601,901,812,485,481,889,0.9866814650388457
10,20260940,augmentation_family_grouped,color_shortcut,accuracy,0.3910186199342826,3589,913,653,163,0,0,0.0
10,20260940,augmentation_family_grouped,color_shortcut,balanced_accuracy,0.3783860081340096,3589,913,653,163,0,0,0.0
10,20260940,augmentation_family_grouped,color_shortcut,macro_f1,0.384190264940518,3589,913,653,163,0,0,0.0
10,20260940,augmentation_family_grouped,color_shortcut,macro_ovr_auroc,0.7115648002855143,3589,913,653,163,0,0,0.0
10,20260940,augmentation_family_grouped,color_shortcut,multiclass_log_loss,1.324173672095644,3589,913,653,163,0,0,0.0
10,20260940,augmentation_family_grouped,color_shortcut,family_accuracy,0.43558282208588955,3589,913,653,163,0,0,0.0
10,20260940,augmentation_family_grouped,color_shortcut,family_balanced_accuracy,0.3691001400560224,3589,913,653,163,0,0,0.0
10,20260940,augmentation_family_grouped,color_shortcut,family_macro_f1,0.3318005505505506,3589,913,653,163,0,0,0.0
10,20260940,augmentation_family_grouped,color_shortcut,family_macro_ovr_auroc,0.7112166861962672,3589,913,653,163,0,0,0.0
10,20260940,augmentation_family_grouped,color_shortcut,family_multiclass_log_loss,1.2257226285538954,3589,913,653,163,0,0,0.0
10,20260940,augmentation_family_grouped,resnet18,accuracy,0.624315443592552,3589,913,653,163,0,0,0.0
10,20260940,augmentation_family_grouped,resnet18,balanced_accuracy,0.5941987365791512,3589,913,653,163,0,0,0.0
10,20260940,augmentation_family_grouped,resnet18,macro_f1,0.5961680768177591,3589,913,653,163,0,0,0.0
10,20260940,augmentation_family_grouped,resnet18,macro_ovr_auroc,0.8384220750184068,3589,913,653,163,0,0,0.0
10,20260940,augmentation_family_grouped,resnet18,multiclass_log_loss,1.2056323897123404,3589,913,653,163,0,0,0.0
10,20260940,augmentation_family_grouped,resnet18,family_accuracy,0.754601226993865,3589,913,653,163,0,0,0.0
10,20260940,augmentation_family_grouped,resnet18,family_balanced_accuracy,0.5996265172735761,3589,913,653,163,0,0,0.0
10,20260940,augmentation_family_grouped,resnet18,family_macro_f1,0.6288188836532965,3589,913,653,163,0,0,0.0
10,20260940,augmentation_family_grouped,resnet18,family_macro_ovr_auroc,0.8792581483861189,3589,913,653,163,0,0,0.0
10,20260940,augmentation_family_grouped,resnet18,family_multiclass_log_loss,0.6552829699899707,3589,913,653,163,0,0,0.0
11,20260941,ordinary_file_random,color_shortcut,accuracy,0.6914539400665927,3601,901,808,482,474,875,0.9711431742508324
11,20260941,ordinary_file_random,color_shortcut,balanced_accuracy,0.7249774948559671,3601,901,808,482,474,875,0.9711431742508324
11,20260941,ordinary_file_random,color_shortcut,macro_f1,0.7018453570973953,3601,901,808,482,474,875,0.9711431742508324
11,20260941,ordinary_file_random,color_shortcut,macro_ovr_auroc,0.8885291381874623,3601,901,808,482,474,875,0.9711431742508324
11,20260941,ordinary_file_random,color_shortcut,multiclass_log_loss,0.7974054986071708,3601,901,808,482,474,875,0.9711431742508324
11,20260941,ordinary_file_random,color_shortcut,family_accuracy,0.6265560165975104,3601,901,808,482,474,875,0.9711431742508324
11,20260941,ordinary_file_random,color_shortcut,family_balanced_accuracy,0.732859545052074,3601,901,808,482,474,875,0.9711431742508324
11,20260941,ordinary_file_random,color_shortcut,family_macro_f1,0.605002248342994,3601,901,808,482,474,875,0.9711431742508324
11,20260941,ordinary_file_random,color_shortcut,family_macro_ovr_auroc,0.8680163365476631,3601,901,808,482,474,875,0.9711431742508324
11,20260941,ordinary_file_random,color_shortcut,family_multiclass_log_loss,0.9030581044641879,3601,901,808,482,474,875,0.9711431742508324
11,20260941,ordinary_file_random,resnet18,accuracy,0.8079911209766926,3601,901,808,482,474,875,0.9711431742508324
11,20260941,ordinary_file_random,resnet18,balanced_accuracy,0.8228770983702123,3601,901,808,482,474,875,0.9711431742508324
11,20260941,ordinary_file_random,resnet18,macro_f1,0.8217611259833868,3601,901,808,482,474,875,0.9711431742508324
11,20260941,ordinary_file_random,resnet18,macro_ovr_auroc,0.9505811192156723,3601,901,808,482,474,875,0.9711431742508324
11,20260941,ordinary_file_random,resnet18,multiclass_log_loss,0.4990928213730069,3601,901,808,482,474,875,0.9711431742508324
11,20260941,ordinary_file_random,resnet18,family_accuracy,0.7987551867219918,3601,901,808,482,474,875,0.9711431742508324
11,20260941,ordinary_file_random,resnet18,family_balanced_accuracy,0.8528062500744482,3601,901,808,482,474,875,0.9711431742508324
11,20260941,ordinary_file_random,resnet18,family_macro_f1,0.8054933675676319,3601,901,808,482,474,875,0.9711431742508324
11,20260941,ordinary_file_random,resnet18,family_macro_ovr_auroc,0.9502353953511002,3601,901,808,482,474,875,0.9711431742508324
11,20260941,ordinary_file_random,resnet18,family_multiclass_log_loss,0.527459220646989,3601,901,808,482,474,875,0.9711431742508324
11,20260941,augmentation_family_grouped,color_shortcut,accuracy,0.45076586433260396,3588,914,653,163,0,0,0.0
11,20260941,augmentation_family_grouped,color_shortcut,balanced_accuracy,0.4452335357672734,3588,914,653,163,0,0,0.0
11,20260941,augmentation_family_grouped,color_shortcut,macro_f1,0.4530212183374416,3588,914,653,163,0,0,0.0
11,20260941,augmentation_family_grouped,color_shortcut,macro_ovr_auroc,0.7511089249947243,3588,914,653,163,0,0,0.0
11,20260941,augmentation_family_grouped,color_shortcut,multiclass_log_loss,1.1832046459135093,3588,914,653,163,0,0,0.0
11,20260941,augmentation_family_grouped,color_shortcut,family_accuracy,0.49693251533742333,3588,914,653,163,0,0,0.0
11,20260941,augmentation_family_grouped,color_shortcut,family_balanced_accuracy,0.4687324929971988,3588,914,653,163,0,0,0.0
11,20260941,augmentation_family_grouped,color_shortcut,family_macro_f1,0.389630754716003,3588,914,653,163,0,0,0.0
11,20260941,augmentation_family_grouped,color_shortcut,family_macro_ovr_auroc,0.7483958032418685,3588,914,653,163,0,0,0.0
11,20260941,augmentation_family_grouped,color_shortcut,family_multiclass_log_loss,1.0665766069857432,3588,914,653,163,0,0,0.0
11,20260941,augmentation_family_grouped,resnet18,accuracy,0.6739606126914661,3588,914,653,163,0,0,0.0
11,20260941,augmentation_family_grouped,resnet18,balanced_accuracy,0.6659334545145494,3588,914,653,163,0,0,0.0
11,20260941,augmentation_family_grouped,resnet18,macro_f1,0.6795165592301166,3588,914,653,163,0,0,0.0
11,20260941,augmentation_family_grouped,resnet18,macro_ovr_auroc,0.8834044789092009,3588,914,653,163,0,0,0.0
11,20260941,augmentation_family_grouped,resnet18,multiclass_log_loss,0.8423102957224197,3588,914,653,163,0,0,0.0
11,20260941,augmentation_family_grouped,resnet18,family_accuracy,0.754601226993865,3588,914,653,163,0,0,0.0
11,20260941,augmentation_family_grouped,resnet18,family_balanced_accuracy,0.6886963118580766,3588,914,653,163,0,0,0.0
11,20260941,augmentation_family_grouped,resnet18,family_macro_f1,0.6723628691983122,3588,914,653,163,0,0,0.0
11,20260941,augmentation_family_grouped,resnet18,family_macro_ovr_auroc,0.9149928353960837,3588,914,653,163,0,0,0.0
11,20260941,augmentation_family_grouped,resnet18,family_multiclass_log_loss,0.6333125580496957,3588,914,653,163,0,0,0.0
12,20260942,ordinary_file_random,color_shortcut,accuracy,0.6648168701442841,3601,901,811,497,492,886,0.9833518312985572
12,20260942,ordinary_file_random,color_shortcut,balanced_accuracy,0.6992635132756806,3601,901,811,497,492,886,0.9833518312985572
12,20260942,ordinary_file_random,color_shortcut,macro_f1,0.6815387391252877,3601,901,811,497,492,886,0.9833518312985572
12,20260942,ordinary_file_random,color_shortcut,macro_ovr_auroc,0.8746838500762774,3601,901,811,497,492,886,0.9833518312985572
12,20260942,ordinary_file_random,color_shortcut,multiclass_log_loss,0.8170430156149937,3601,901,811,497,492,886,0.9833518312985572
12,20260942,ordinary_file_random,color_shortcut,family_accuracy,0.6116700201207244,3601,901,811,497,492,886,0.9833518312985572
12,20260942,ordinary_file_random,color_shortcut,family_balanced_accuracy,0.7144636276165061,3601,901,811,497,492,886,0.9833518312985572
12,20260942,ordinary_file_random,color_shortcut,family_macro_f1,0.5894853958326812,3601,901,811,497,492,886,0.9833518312985572
12,20260942,ordinary_file_random,color_shortcut,family_macro_ovr_auroc,0.8560676075726803,3601,901,811,497,492,886,0.9833518312985572
12,20260942,ordinary_file_random,color_shortcut,family_multiclass_log_loss,0.9271941106527577,3601,901,811,497,492,886,0.9833518312985572
12,20260942,ordinary_file_random,resnet18,accuracy,0.8201997780244173,3601,901,811,497,492,886,0.9833518312985572
12,20260942,ordinary_file_random,resnet18,balanced_accuracy,0.8365349052429614,3601,901,811,497,492,886,0.9833518312985572
12,20260942,ordinary_file_random,resnet18,macro_f1,0.8307918607178681,3601,901,811,497,492,886,0.9833518312985572
12,20260942,ordinary_file_random,resnet18,macro_ovr_auroc,0.9543531987259855,3601,901,811,497,492,886,0.9833518312985572
12,20260942,ordinary_file_random,resnet18,multiclass_log_loss,0.4850753763554713,3601,901,811,497,492,886,0.9833518312985572
12,20260942,ordinary_file_random,resnet18,family_accuracy,0.8148893360160966,3601,901,811,497,492,886,0.9833518312985572
12,20260942,ordinary_file_random,resnet18,family_balanced_accuracy,0.8654072036744549,3601,901,811,497,492,886,0.9833518312985572
12,20260942,ordinary_file_random,resnet18,family_macro_f1,0.7934462450369675,3601,901,811,497,492,886,0.9833518312985572
12,20260942,ordinary_file_random,resnet18,family_macro_ovr_auroc,0.9491049912101055,3601,901,811,497,492,886,0.9833518312985572
12,20260942,ordinary_file_random,resnet18,family_multiclass_log_loss,0.5449947369069349,3601,901,811,497,492,886,0.9833518312985572
12,20260942,augmentation_family_grouped,color_shortcut,accuracy,0.4465065502183406,3586,916,653,163,0,0,0.0
12,20260942,augmentation_family_grouped,color_shortcut,balanced_accuracy,0.4343133367495996,3586,916,653,163,0,0,0.0
12,20260942,augmentation_family_grouped,color_shortcut,macro_f1,0.43406015338357296,3586,916,653,163,0,0,0.0
12,20260942,augmentation_family_grouped,color_shortcut,macro_ovr_auroc,0.7371678632541221,3586,916,653,163,0,0,0.0
12,20260942,augmentation_family_grouped,color_shortcut,multiclass_log_loss,1.2422877329484732,3586,916,653,163,0,0,0.0
12,20260942,augmentation_family_grouped,color_shortcut,family_accuracy,0.4723926380368098,3586,916,653,163,0,0,0.0
12,20260942,augmentation_family_grouped,color_shortcut,family_balanced_accuracy,0.44300887021475255,3586,916,653,163,0,0,0.0
12,20260942,augmentation_family_grouped,color_shortcut,family_macro_f1,0.37717848609909266,3586,916,653,163,0,0,0.0
12,20260942,augmentation_family_grouped,color_shortcut,family_macro_ovr_auroc,0.729438485922408,3586,916,653,163,0,0,0.0
12,20260942,augmentation_family_grouped,color_shortcut,family_multiclass_log_loss,1.118734996305292,3586,916,653,163,0,0,0.0
12,20260942,augmentation_family_grouped,resnet18,accuracy,0.7259825327510917,3586,916,653,163,0,0,0.0
12,20260942,augmentation_family_grouped,resnet18,balanced_accuracy,0.7446875934837806,3586,916,653,163,0,0,0.0
12,20260942,augmentation_family_grouped,resnet18,macro_f1,0.7373355501922956,3586,916,653,163,0,0,0.0
12,20260942,augmentation_family_grouped,resnet18,macro_ovr_auroc,0.9133258107537046,3586,916,653,163,0,0,0.0
12,20260942,augmentation_family_grouped,resnet18,multiclass_log_loss,0.6821285197572686,3586,916,653,163,0,0,0.0
12,20260942,augmentation_family_grouped,resnet18,family_accuracy,0.7300613496932515,3586,916,653,163,0,0,0.0
12,20260942,augmentation_family_grouped,resnet18,family_balanced_accuracy,0.7823412698412698,3586,916,653,163,0,0,0.0
12,20260942,augmentation_family_grouped,resnet18,family_macro_f1,0.6981776081148561,3586,916,653,163,0,0,0.0
12,20260942,augmentation_family_grouped,resnet18,family_macro_ovr_auroc,0.9216315891239115,3586,916,653,163,0,0,0.0
12,20260942,augmentation_family_grouped,resnet18,family_multiclass_log_loss,0.6502593649919785,3586,916,653,163,0,0,0.0
13,20260943,ordinary_file_random,color_shortcut,accuracy,0.6736958934517203,3601,901,812,498,494,889,0.9866814650388457
13,20260943,ordinary_file_random,color_shortcut,balanced_accuracy,0.7080456729373849,3601,901,812,498,494,889,0.9866814650388457
13,20260943,ordinary_file_random,color_shortcut,macro_f1,0.6851043578350882,3601,901,812,498,494,889,0.9866814650388457
13,20260943,ordinary_file_random,color_shortcut,macro_ovr_auroc,0.8805169887359424,3601,901,812,498,494,889,0.9866814650388457
13,20260943,ordinary_file_random,color_shortcut,multiclass_log_loss,0.8115845762283589,3601,901,812,498,494,889,0.9866814650388457
13,20260943,ordinary_file_random,color_shortcut,family_accuracy,0.6144578313253012,3601,901,812,498,494,889,0.9866814650388457
13,20260943,ordinary_file_random,color_shortcut,family_balanced_accuracy,0.7226504245108896,3601,901,812,498,494,889,0.9866814650388457
13,20260943,ordinary_file_random,color_shortcut,family_macro_f1,0.5968641270913851,3601,901,812,498,494,889,0.9866814650388457
13,20260943,ordinary_file_random,color_shortcut,family_macro_ovr_auroc,0.8617987166270094,3601,901,812,498,494,889,0.9866814650388457
13,20260943,ordinary_file_random,color_shortcut,family_multiclass_log_loss,0.9137895607757247,3601,901,812,498,494,889,0.9866814650388457
13,20260943,ordinary_file_random,resnet18,accuracy,0.7924528301886793,3601,901,812,498,494,889,0.9866814650388457
13,20260943,ordinary_file_random,resnet18,balanced_accuracy,0.809325390071152,3601,901,812,498,494,889,0.9866814650388457
13,20260943,ordinary_file_random,resnet18,macro_f1,0.803705846597087,3601,901,812,498,494,889,0.9866814650388457
13,20260943,ordinary_file_random,resnet18,macro_ovr_auroc,0.9539378226247242,3601,901,812,498,494,889,0.9866814650388457
13,20260943,ordinary_file_random,resnet18,multiclass_log_loss,0.4863189648852238,3601,901,812,498,494,889,0.9866814650388457
13,20260943,ordinary_file_random,resnet18,family_accuracy,0.785140562248996,3601,901,812,498,494,889,0.9866814650388457
13,20260943,ordinary_file_random,resnet18,family_balanced_accuracy,0.8342857142857143,3601,901,812,498,494,889,0.9866814650388457
13,20260943,ordinary_file_random,resnet18,family_macro_f1,0.7706546254865583,3601,901,812,498,494,889,0.9866814650388457
13,20260943,ordinary_file_random,resnet18,family_macro_ovr_auroc,0.9553171631624675,3601,901,812,498,494,889,0.9866814650388457
13,20260943,ordinary_file_random,resnet18,family_multiclass_log_loss,0.49648710376263505,3601,901,812,498,494,889,0.9866814650388457
13,20260943,augmentation_family_grouped,color_shortcut,accuracy,0.4489130434782609,3582,920,653,163,0,0,0.0
13,20260943,augmentation_family_grouped,color_shortcut,balanced_accuracy,0.4360854936289762,3582,920,653,163,0,0,0.0
13,20260943,augmentation_family_grouped,color_shortcut,macro_f1,0.4430690950033392,3582,920,653,163,0,0,0.0
13,20260943,augmentation_family_grouped,color_shortcut,macro_ovr_auroc,0.6719108015017118,3582,920,653,163,0,0,0.0
13,20260943,augmentation_family_grouped,color_shortcut,multiclass_log_loss,1.49670079188132,3582,920,653,163,0,0,0.0
13,20260943,augmentation_family_grouped,color_shortcut,family_accuracy,0.5030674846625767,3582,920,653,163,0,0,0.0
13,20260943,augmentation_family_grouped,color_shortcut,family_balanced_accuracy,0.4245856676003735,3582,920,653,163,0,0,0.0
13,20260943,augmentation_family_grouped,color_shortcut,family_macro_f1,0.3861804371288654,3582,920,653,163,0,0,0.0
13,20260943,augmentation_family_grouped,color_shortcut,family_macro_ovr_auroc,0.6746467053457366,3582,920,653,163,0,0,0.0
13,20260943,augmentation_family_grouped,color_shortcut,family_multiclass_log_loss,1.189623183078835,3582,920,653,163,0,0,0.0
13,20260943,augmentation_family_grouped,resnet18,accuracy,0.6989130434782609,3582,920,653,163,0,0,0.0
13,20260943,augmentation_family_grouped,resnet18,balanced_accuracy,0.6927701226916261,3582,920,653,163,0,0,0.0
13,20260943,augmentation_family_grouped,resnet18,macro_f1,0.7015630503450191,3582,920,653,163,0,0,0.0
13,20260943,augmentation_family_grouped,resnet18,macro_ovr_auroc,0.8906326464078711,3582,920,653,163,0,0,0.0
13,20260943,augmentation_family_grouped,resnet18,multiclass_log_loss,0.8129215119073542,3582,920,653,163,0,0,0.0
13,20260943,augmentation_family_grouped,resnet18,family_accuracy,0.7361963190184049,3582,920,653,163,0,0,0.0
13,20260943,augmentation_family_grouped,resnet18,family_balanced_accuracy,0.75218837535014,3582,920,653,163,0,0,0.0
13,20260943,augmentation_family_grouped,resnet18,family_macro_f1,0.6791944676118988,3582,920,653,163,0,0,0.0
13,20260943,augmentation_family_grouped,resnet18,family_macro_ovr_auroc,0.9155631331116604,3582,920,653,163,0,0,0.0
13,20260943,augmentation_family_grouped,resnet18,family_multiclass_log_loss,0.6470105469796666,3582,920,653,163,0,0,0.0
14,20260944,ordinary_file_random,color_shortcut,accuracy,0.6592674805771365,3601,901,813,486,483,892,0.9900110987791343
14,20260944,ordinary_file_random,color_shortcut,balanced_accuracy,0.6946227729131775,3601,901,813,486,483,892,0.9900110987791343
14,20260944,ordinary_file_random,color_shortcut,macro_f1,0.6738781859561105,3601,901,813,486,483,892,0.9900110987791343
14,20260944,ordinary_file_random,color_shortcut,macro_ovr_auroc,0.8760373608097864,3601,901,813,486,483,892,0.9900110987791343
14,20260944,ordinary_file_random,color_shortcut,multiclass_log_loss,0.819386594705713,3601,901,813,486,483,892,0.9900110987791343
14,20260944,ordinary_file_random,color_shortcut,family_accuracy,0.6172839506172839,3601,901,813,486,483,892,0.9900110987791343
14,20260944,ordinary_file_random,color_shortcut,family_balanced_accuracy,0.7203710293371289,3601,901,813,486,483,892,0.9900110987791343
14,20260944,ordinary_file_random,color_shortcut,family_macro_f1,0.5962689122471732,3601,901,813,486,483,892,0.9900110987791343
14,20260944,ordinary_file_random,color_shortcut,family_macro_ovr_auroc,0.8669214361113765,3601,901,813,486,483,892,0.9900110987791343
14,20260944,ordinary_file_random,color_shortcut,family_multiclass_log_loss,0.9015257200140092,3601,901,813,486,483,892,0.9900110987791343
14,20260944,ordinary_file_random,resnet18,accuracy,0.806881243063263,3601,901,813,486,483,892,0.9900110987791343
14,20260944,ordinary_file_random,resnet18,balanced_accuracy,0.8201910799041839,3601,901,813,486,483,892,0.9900110987791343
14,20260944,ordinary_file_random,resnet18,macro_f1,0.8180290185684234,3601,901,813,486,483,892,0.9900110987791343
14,20260944,ordinary_file_random,resnet18,macro_ovr_auroc,0.957731835886332,3601,901,813,486,483,892,0.9900110987791343
14,20260944,ordinary_file_random,resnet18,multiclass_log_loss,0.4709645539759729,3601,901,813,486,483,892,0.9900110987791343
14,20260944,ordinary_file_random,resnet18,family_accuracy,0.8065843621399177,3601,901,813,486,483,892,0.9900110987791343
14,20260944,ordinary_file_random,resnet18,family_balanced_accuracy,0.8619163246380299,3601,901,813,486,483,892,0.9900110987791343
14,20260944,ordinary_file_random,resnet18,family_macro_f1,0.7984810764351975,3601,901,813,486,483,892,0.9900110987791343
14,20260944,ordinary_file_random,resnet18,family_macro_ovr_auroc,0.9578862586533449,3601,901,813,486,483,892,0.9900110987791343
14,20260944,ordinary_file_random,resnet18,family_multiclass_log_loss,0.5068168599494302,3601,901,813,486,483,892,0.9900110987791343
14,20260944,augmentation_family_grouped,color_shortcut,accuracy,0.42950819672131146,3587,915,653,163,0,0,0.0
14,20260944,augmentation_family_grouped,color_shortcut,balanced_accuracy,0.41368100666439545,3587,915,653,163,0,0,0.0
14,20260944,augmentation_family_grouped,color_shortcut,macro_f1,0.42262900653380225,3587,915,653,163,0,0,0.0
14,20260944,augmentation_family_grouped,color_shortcut,macro_ovr_auroc,0.7081517423574465,3587,915,653,163,0,0,0.0
14,20260944,augmentation_family_grouped,color_shortcut,multiclass_log_loss,1.3594113934744685,3587,915,653,163,0,0,0.0
14,20260944,augmentation_family_grouped,color_shortcut,family_accuracy,0.4785276073619632,3587,915,653,163,0,0,0.0
14,20260944,augmentation_family_grouped,color_shortcut,family_balanced_accuracy,0.41463001867413635,3587,915,653,163,0,0,0.0
14,20260944,augmentation_family_grouped,color_shortcut,family_macro_f1,0.3722158886312754,3587,915,653,163,0,0,0.0
14,20260944,augmentation_family_grouped,color_shortcut,family_macro_ovr_auroc,0.7067787583693658,3587,915,653,163,0,0,0.0
14,20260944,augmentation_family_grouped,color_shortcut,family_multiclass_log_loss,1.1441564098362516,3587,915,653,163,0,0,0.0
14,20260944,augmentation_family_grouped,resnet18,accuracy,0.6612021857923497,3587,915,653,163,0,0,0.0
14,20260944,augmentation_family_grouped,resnet18,balanced_accuracy,0.6469016437678148,3587,915,653,163,0,0,0.0
14,20260944,augmentation_family_grouped,resnet18,macro_f1,0.6543834494293209,3587,915,653,163,0,0,0.0
14,20260944,augmentation_family_grouped,resnet18,macro_ovr_auroc,0.8852779242414702,3587,915,653,163,0,0,0.0
14,20260944,augmentation_family_grouped,resnet18,multiclass_log_loss,0.8565934088050161,3587,915,653,163,0,0,0.0
14,20260944,augmentation_family_grouped,resnet18,family_accuracy,0.7730061349693251,3587,915,653,163,0,0,0.0
14,20260944,augmentation_family_grouped,resnet18,family_balanced_accuracy,0.6959967320261438,3587,915,653,163,0,0,0.0
14,20260944,augmentation_family_grouped,resnet18,family_macro_f1,0.6911934228335697,3587,915,653,163,0,0,0.0
14,20260944,augmentation_family_grouped,resnet18,family_macro_ovr_auroc,0.9236252050554775,3587,915,653,163,0,0,0.0
14,20260944,augmentation_family_grouped,resnet18,family_multiclass_log_loss,0.5864936967142287,3587,915,653,163,0,0,0.0
15,20260945,ordinary_file_random,color_shortcut,accuracy,0.6770255271920089,3601,901,811,482,477,885,0.9822419533851277
15,20260945,ordinary_file_random,color_shortcut,balanced_accuracy,0.7106173111605754,3601,901,811,482,477,885,0.9822419533851277
15,20260945,ordinary_file_random,color_shortcut,macro_f1,0.6887818455077174,3601,901,811,482,477,885,0.9822419533851277
15,20260945,ordinary_file_random,color_shortcut,macro_ovr_auroc,0.8795604077792603,3601,901,811,482,477,885,0.9822419533851277
15,20260945,ordinary_file_random,color_shortcut,multiclass_log_loss,0.8145488551350241,3601,901,811,482,477,885,0.9822419533851277
15,20260945,ordinary_file_random,color_shortcut,family_accuracy,0.6161825726141079,3601,901,811,482,477,885,0.9822419533851277
15,20260945,ordinary_file_random,color_shortcut,family_balanced_accuracy,0.7200914554481317,3601,901,811,482,477,885,0.9822419533851277
15,20260945,ordinary_file_random,color_shortcut,family_macro_f1,0.6009715717146058,3601,901,811,482,477,885,0.9822419533851277
15,20260945,ordinary_file_random,color_shortcut,family_macro_ovr_auroc,0.8661617582778457,3601,901,811,482,477,885,0.9822419533851277
15,20260945,ordinary_file_random,color_shortcut,family_multiclass_log_loss,0.8983242480150037,3601,901,811,482,477,885,0.9822419533851277
15,20260945,ordinary_file_random,resnet18,accuracy,0.8168701442841287,3601,901,811,482,477,885,0.9822419533851277
15,20260945,ordinary_file_random,resnet18,balanced_accuracy,0.8308616492507497,3601,901,811,482,477,885,0.9822419533851277
15,20260945,ordinary_file_random,resnet18,macro_f1,0.8282300701205874,3601,901,811,482,477,885,0.9822419533851277
15,20260945,ordinary_file_random,resnet18,macro_ovr_auroc,0.9535059006190238,3601,901,811,482,477,885,0.9822419533851277
15,20260945,ordinary_file_random,resnet18,multiclass_log_loss,0.490310266921787,3601,901,811,482,477,885,0.9822419533851277
15,20260945,ordinary_file_random,resnet18,family_accuracy,0.8008298755186722,3601,901,811,482,477,885,0.9822419533851277
15,20260945,ordinary_file_random,resnet18,family_balanced_accuracy,0.8560145022210608,3601,901,811,482,477,885,0.9822419533851277
15,20260945,ordinary_file_random,resnet18,family_macro_f1,0.8125194705396712,3601,901,811,482,477,885,0.9822419533851277
15,20260945,ordinary_file_random,resnet18,family_macro_ovr_auroc,0.9497069186677832,3601,901,811,482,477,885,0.9822419533851277
15,20260945,ordinary_file_random,resnet18,family_multiclass_log_loss,0.5414334308888347,3601,901,811,482,477,885,0.9822419533851277
15,20260945,augmentation_family_grouped,color_shortcut,accuracy,0.5708061002178649,3584,918,653,163,0,0,0.0
15,20260945,augmentation_family_grouped,color_shortcut,balanced_accuracy,0.591182227181749,3584,918,653,163,0,0,0.0
15,20260945,augmentation_family_grouped,color_shortcut,macro_f1,0.5854246241218588,3584,918,653,163,0,0,0.0
15,20260945,augmentation_family_grouped,color_shortcut,macro_ovr_auroc,0.8166920107012755,3584,918,653,163,0,0,0.0
15,20260945,augmentation_family_grouped,color_shortcut,multiclass_log_loss,0.9632339389850688,3584,918,653,163,0,0,0.0
15,20260945,augmentation_family_grouped,color_shortcut,family_accuracy,0.5214723926380368,3584,918,653,163,0,0,0.0
15,20260945,augmentation_family_grouped,color_shortcut,family_balanced_accuracy,0.5917483660130719,3584,918,653,163,0,0,0.0
15,20260945,augmentation_family_grouped,color_shortcut,family_macro_f1,0.4505942960621568,3584,918,653,163,0,0,0.0
15,20260945,augmentation_family_grouped,color_shortcut,family_macro_ovr_auroc,0.7901557051967417,3584,918,653,163,0,0,0.0
15,20260945,augmentation_family_grouped,color_shortcut,family_multiclass_log_loss,1.0707299147596347,3584,918,653,163,0,0,0.0
15,20260945,augmentation_family_grouped,resnet18,accuracy,0.7505446623093682,3584,918,653,163,0,0,0.0
15,20260945,augmentation_family_grouped,resnet18,balanced_accuracy,0.7554714207272792,3584,918,653,163,0,0,0.0
15,20260945,augmentation_family_grouped,resnet18,macro_f1,0.758234009705708,3584,918,653,163,0,0,0.0
15,20260945,augmentation_family_grouped,resnet18,macro_ovr_auroc,0.9178890108093629,3584,918,653,163,0,0,0.0
15,20260945,augmentation_family_grouped,resnet18,multiclass_log_loss,0.6881477575373467,3584,918,653,163,0,0,0.0
15,20260945,augmentation_family_grouped,resnet18,family_accuracy,0.8098159509202454,3584,918,653,163,0,0,0.0
15,20260945,augmentation_family_grouped,resnet18,family_balanced_accuracy,0.8014764239028945,3584,918,653,163,0,0,0.0
15,20260945,augmentation_family_grouped,resnet18,family_macro_f1,0.7526162790697675,3584,918,653,163,0,0,0.0
15,20260945,augmentation_family_grouped,resnet18,family_macro_ovr_auroc,0.9414386297625343,3584,918,653,163,0,0,0.0
15,20260945,augmentation_family_grouped,resnet18,family_multiclass_log_loss,0.5921149490404045,3584,918,653,163,0,0,0.0
16,20260946,ordinary_file_random,color_shortcut,accuracy,0.660377358490566,3601,901,813,485,482,892,0.9900110987791343
16,20260946,ordinary_file_random,color_shortcut,balanced_accuracy,0.6960873093450344,3601,901,813,485,482,892,0.9900110987791343
16,20260946,ordinary_file_random,color_shortcut,macro_f1,0.672951378396286,3601,901,813,485,482,892,0.9900110987791343
16,20260946,ordinary_file_random,color_shortcut,macro_ovr_auroc,0.8689995482286125,3601,901,813,485,482,892,0.9900110987791343
16,20260946,ordinary_file_random,color_shortcut,multiclass_log_loss,0.8453212687867669,3601,901,813,485,482,892,0.9900110987791343
16,20260946,ordinary_file_random,color_shortcut,family_accuracy,0.6082474226804123,3601,901,813,485,482,892,0.9900110987791343
16,20260946,ordinary_file_random,color_shortcut,family_balanced_accuracy,0.7206298055178652,3601,901,813,485,482,892,0.9900110987791343
16,20260946,ordinary_file_random,color_shortcut,family_macro_f1,0.5892086925430253,3601,901,813,485,482,892,0.9900110987791343
16,20260946,ordinary_file_random,color_shortcut,family_macro_ovr_auroc,0.8589013456853585,3601,901,813,485,482,892,0.9900110987791343
16,20260946,ordinary_file_random,color_shortcut,family_multiclass_log_loss,0.9201600211926347,3601,901,813,485,482,892,0.9900110987791343
16,20260946,ordinary_file_random,resnet18,accuracy,0.8091009988901221,3601,901,813,485,482,892,0.9900110987791343
16,20260946,ordinary_file_random,resnet18,balanced_accuracy,0.8238052464427129,3601,901,813,485,482,892,0.9900110987791343
16,20260946,ordinary_file_random,resnet18,macro_f1,0.8213852848908875,3601,901,813,485,482,892,0.9900110987791343
16,20260946,ordinary_file_random,resnet18,macro_ovr_auroc,0.9542154883851869,3601,901,813,485,482,892,0.9900110987791343
16,20260946,ordinary_file_random,resnet18,multiclass_log_loss,0.4831986398734814,3601,901,813,485,482,892,0.9900110987791343
16,20260946,ordinary_file_random,resnet18,family_accuracy,0.8123711340206186,3601,901,813,485,482,892,0.9900110987791343
16,20260946,ordinary_file_random,resnet18,family_balanced_accuracy,0.8648882439183043,3601,901,813,485,482,892,0.9900110987791343
16,20260946,ordinary_file_random,resnet18,family_macro_f1,0.8106111334315432,3601,901,813,485,482,892,0.9900110987791343
16,20260946,ordinary_file_random,resnet18,family_macro_ovr_auroc,0.9545511446346074,3601,901,813,485,482,892,0.9900110987791343
16,20260946,ordinary_file_random,resnet18,family_multiclass_log_loss,0.51074255385988,3601,901,813,485,482,892,0.9900110987791343
16,20260946,augmentation_family_grouped,color_shortcut,accuracy,0.4556407447973713,3589,913,653,163,0,0,0.0
16,20260946,augmentation_family_grouped,color_shortcut,balanced_accuracy,0.417198838196696,3589,913,653,163,0,0,0.0
16,20260946,augmentation_family_grouped,color_shortcut,macro_f1,0.3832972477276982,3589,913,653,163,0,0,0.0
16,20260946,augmentation_family_grouped,color_shortcut,macro_ovr_auroc,0.6877754056181532,3589,913,653,163,0,0,0.0
16,20260946,augmentation_family_grouped,color_shortcut,multiclass_log_loss,1.5518646803405527,3589,913,653,163,0,0,0.0
16,20260946,augmentation_family_grouped,color_shortcut,family_accuracy,0.558282208588957,3589,913,653,163,0,0,0.0
16,20260946,augmentation_family_grouped,color_shortcut,family_balanced_accuracy,0.42919584500466856,3589,913,653,163,0,0,0.0
16,20260946,augmentation_family_grouped,color_shortcut,family_macro_f1,0.40067802822063403,3589,913,653,163,0,0,0.0
16,20260946,augmentation_family_grouped,color_shortcut,family_macro_ovr_auroc,0.6883949292489925,3589,913,653,163,0,0,0.0
16,20260946,augmentation_family_grouped,color_shortcut,family_multiclass_log_loss,1.07637457411589,3589,913,653,163,0,0,0.0
16,20260946,augmentation_family_grouped,resnet18,accuracy,0.664841182913472,3589,913,653,163,0,0,0.0
16,20260946,augmentation_family_grouped,resnet18,balanced_accuracy,0.6658225093859322,3589,913,653,163,0,0,0.0
16,20260946,augmentation_family_grouped,resnet18,macro_f1,0.6715118339842037,3589,913,653,163,0,0,0.0
16,20260946,augmentation_family_grouped,resnet18,macro_ovr_auroc,0.8833848768708711,3589,913,653,163,0,0,0.0
16,20260946,augmentation_family_grouped,resnet18,multiclass_log_loss,0.8195577486481472,3589,913,653,163,0,0,0.0
16,20260946,augmentation_family_grouped,resnet18,family_accuracy,0.7607361963190185,3589,913,653,163,0,0,0.0
16,20260946,augmentation_family_grouped,resnet18,family_balanced_accuracy,0.7593837535014006,3589,913,653,163,0,0,0.0
16,20260946,augmentation_family_grouped,resnet18,family_macro_f1,0.6982285399709016,3589,913,653,163,0,0,0.0
16,20260946,augmentation_family_grouped,resnet18,family_macro_ovr_auroc,0.916256636817228,3589,913,653,163,0,0,0.0
16,20260946,augmentation_family_grouped,resnet18,family_multiclass_log_loss,0.6570084570448305,3589,913,653,163,0,0,0.0
17,20260947,ordinary_file_random,color_shortcut,accuracy,0.6492785793562708,3601,901,812,488,484,888,0.9855715871254163
17,20260947,ordinary_file_random,color_shortcut,balanced_accuracy,0.6857957737493146,3601,901,812,488,484,888,0.9855715871254163
17,20260947,ordinary_file_random,color_shortcut,macro_f1,0.6683227617233212,3601,901,812,488,484,888,0.9855715871254163
17,20260947,ordinary_file_random,color_shortcut,macro_ovr_auroc,0.876207251638237,3601,901,812,488,484,888,0.9855715871254163
17,20260947,ordinary_file_random,color_shortcut,multiclass_log_loss,0.8203028767101649,3601,901,812,488,484,888,0.9855715871254163
17,20260947,ordinary_file_random,color_shortcut,family_accuracy,0.5922131147540983,3601,901,812,488,484,888,0.9855715871254163
17,20260947,ordinary_file_random,color_shortcut,family_balanced_accuracy,0.6957834725671709,3601,901,812,488,484,888,0.9855715871254163
17,20260947,ordinary_file_random,color_shortcut,family_macro_f1,0.587702499325368,3601,901,812,488,484,888,0.9855715871254163
17,20260947,ordinary_file_random,color_shortcut,family_macro_ovr_auroc,0.8645942697182956,3601,901,812,488,484,888,0.9855715871254163
17,20260947,ordinary_file_random,color_shortcut,family_multiclass_log_loss,0.8954909769687619,3601,901,812,488,484,888,0.9855715871254163
17,20260947,ordinary_file_random,resnet18,accuracy,0.806881243063263,3601,901,812,488,484,888,0.9855715871254163
17,20260947,ordinary_file_random,resnet18,balanced_accuracy,0.8225393137579107,3601,901,812,488,484,888,0.9855715871254163
17,20260947,ordinary_file_random,resnet18,macro_f1,0.8213306638566614,3601,901,812,488,484,888,0.9855715871254163
17,20260947,ordinary_file_random,resnet18,macro_ovr_auroc,0.9490546096464884,3601,901,812,488,484,888,0.9855715871254163
17,20260947,ordinary_file_random,resnet18,multiclass_log_loss,0.5098347555930823,3601,901,812,488,484,888,0.9855715871254163
17,20260947,ordinary_file_random,resnet18,family_accuracy,0.8114754098360656,3601,901,812,488,484,888,0.9855715871254163
17,20260947,ordinary_file_random,resnet18,family_balanced_accuracy,0.8662118417681217,3601,901,812,488,484,888,0.9855715871254163
17,20260947,ordinary_file_random,resnet18,family_macro_f1,0.8264158272378074,3601,901,812,488,484,888,0.9855715871254163
17,20260947,ordinary_file_random,resnet18,family_macro_ovr_auroc,0.9524797866847143,3601,901,812,488,484,888,0.9855715871254163
17,20260947,ordinary_file_random,resnet18,family_multiclass_log_loss,0.5237604607384524,3601,901,812,488,484,888,0.9855715871254163
17,20260947,augmentation_family_grouped,color_shortcut,accuracy,0.5065502183406113,3586,916,653,163,0,0,0.0
17,20260947,augmentation_family_grouped,color_shortcut,balanced_accuracy,0.5215291883735571,3586,916,653,163,0,0,0.0
17,20260947,augmentation_family_grouped,color_shortcut,macro_f1,0.5196567442119013,3586,916,653,163,0,0,0.0
17,20260947,augmentation_family_grouped,color_shortcut,macro_ovr_auroc,0.7800004956592622,3586,916,653,163,0,0,0.0
17,20260947,augmentation_family_grouped,color_shortcut,multiclass_log_loss,1.105162251133021,3586,916,653,163,0,0,0.0
17,20260947,augmentation_family_grouped,color_shortcut,family_accuracy,0.5030674846625767,3586,916,653,163,0,0,0.0
17,20260947,augmentation_family_grouped,color_shortcut,family_balanced_accuracy,0.5516048085901026,3586,916,653,163,0,0,0.0
17,20260947,augmentation_family_grouped,color_shortcut,family_macro_f1,0.42099922104898735,3586,916,653,163,0,0,0.0
17,20260947,augmentation_family_grouped,color_shortcut,family_macro_ovr_auroc,0.7694197530998734,3586,916,653,163,0,0,0.0
17,20260947,augmentation_family_grouped,color_shortcut,family_multiclass_log_loss,1.098388358973507,3586,916,653,163,0,0,0.0
17,20260947,augmentation_family_grouped,resnet18,accuracy,0.730349344978166,3586,916,653,163,0,0,0.0
17,20260947,augmentation_family_grouped,resnet18,balanced_accuracy,0.7368167513909559,3586,916,653,163,0,0,0.0
17,20260947,augmentation_family_grouped,resnet18,macro_f1,0.737326746703269,3586,916,653,163,0,0,0.0
17,20260947,augmentation_family_grouped,resnet18,macro_ovr_auroc,0.9214205683043272,3586,916,653,163,0,0,0.0
17,20260947,augmentation_family_grouped,resnet18,multiclass_log_loss,0.6576606800902276,3586,916,653,163,0,0,0.0
17,20260947,augmentation_family_grouped,resnet18,family_accuracy,0.8159509202453987,3586,916,653,163,0,0,0.0
17,20260947,augmentation_family_grouped,resnet18,family_balanced_accuracy,0.8530287114845939,3586,916,653,163,0,0,0.0
17,20260947,augmentation_family_grouped,resnet18,family_macro_f1,0.7758580607300851,3586,916,653,163,0,0,0.0
17,20260947,augmentation_family_grouped,resnet18,family_macro_ovr_auroc,0.950143616547001,3586,916,653,163,0,0,0.0
17,20260947,augmentation_family_grouped,resnet18,family_multiclass_log_loss,0.549997742634517,3586,916,653,163,0,0,0.0
18,20260948,ordinary_file_random,color_shortcut,accuracy,0.6847946725860156,3601,901,815,476,475,898,0.9966703662597114
18,20260948,ordinary_file_random,color_shortcut,balanced_accuracy,0.7187715595497458,3601,901,815,476,475,898,0.9966703662597114
18,20260948,ordinary_file_random,color_shortcut,macro_f1,0.6986654290949799,3601,901,815,476,475,898,0.9966703662597114
18,20260948,ordinary_file_random,color_shortcut,macro_ovr_auroc,0.8821832824274723,3601,901,815,476,475,898,0.9966703662597114
18,20260948,ordinary_file_random,color_shortcut,multiclass_log_loss,0.8075173172055153,3601,901,815,476,475,898,0.9966703662597114
18,20260948,ordinary_file_random,color_shortcut,family_accuracy,0.6176470588235294,3601,901,815,476,475,898,0.9966703662597114
18,20260948,ordinary_file_random,color_shortcut,family_balanced_accuracy,0.7244596111474915,3601,901,815,476,475,898,0.9966703662597114
18,20260948,ordinary_file_random,color_shortcut,family_macro_f1,0.6062371743276266,3601,901,815,476,475,898,0.9966703662597114
18,20260948,ordinary_file_random,color_shortcut,family_macro_ovr_auroc,0.8645888872608629,3601,901,815,476,475,898,0.9966703662597114
18,20260948,ordinary_file_random,color_shortcut,family_multiclass_log_loss,0.896805503329531,3601,901,815,476,475,898,0.9966703662597114
18,20260948,ordinary_file_random,resnet18,accuracy,0.8257491675915649,3601,901,815,476,475,898,0.9966703662597114
18,20260948,ordinary_file_random,resnet18,balanced_accuracy,0.8401530220498693,3601,901,815,476,475,898,0.9966703662597114
18,20260948,ordinary_file_random,resnet18,macro_f1,0.8367047952136746,3601,901,815,476,475,898,0.9966703662597114
18,20260948,ordinary_file_random,resnet18,macro_ovr_auroc,0.9569350872160085,3601,901,815,476,475,898,0.9966703662597114
18,20260948,ordinary_file_random,resnet18,multiclass_log_loss,0.47486414828331897,3601,901,815,476,475,898,0.9966703662597114
18,20260948,ordinary_file_random,resnet18,family_accuracy,0.8088235294117647,3601,901,815,476,475,898,0.9966703662597114
18,20260948,ordinary_file_random,resnet18,family_balanced_accuracy,0.8702548422896,3601,901,815,476,475,898,0.9966703662597114
18,20260948,ordinary_file_random,resnet18,family_macro_f1,0.807443879701328,3601,901,815,476,475,898,0.9966703662597114
18,20260948,ordinary_file_random,resnet18,family_macro_ovr_auroc,0.9494298511568997,3601,901,815,476,475,898,0.9966703662597114
18,20260948,ordinary_file_random,resnet18,family_multiclass_log_loss,0.5333033359337,3601,901,815,476,475,898,0.9966703662597114
18,20260948,augmentation_family_grouped,color_shortcut,accuracy,0.432194046306505,3595,907,653,163,0,0,0.0
18,20260948,augmentation_family_grouped,color_shortcut,balanced_accuracy,0.41544079670154666,3595,907,653,163,0,0,0.0
18,20260948,augmentation_family_grouped,color_shortcut,macro_f1,0.4210918643276784,3595,907,653,163,0,0,0.0
18,20260948,augmentation_family_grouped,color_shortcut,macro_ovr_auroc,0.6834020061847149,3595,907,653,163,0,0,0.0
18,20260948,augmentation_family_grouped,color_shortcut,multiclass_log_loss,1.5009098171259163,3595,907,653,163,0,0,0.0
18,20260948,augmentation_family_grouped,color_shortcut,family_accuracy,0.4601226993865031,3595,907,653,163,0,0,0.0
18,20260948,augmentation_family_grouped,color_shortcut,family_balanced_accuracy,0.4121848739495798,3595,907,653,163,0,0,0.0
18,20260948,augmentation_family_grouped,color_shortcut,family_macro_f1,0.3589554242749732,3595,907,653,163,0,0,0.0
18,20260948,augmentation_family_grouped,color_shortcut,family_macro_ovr_auroc,0.6871261289200071,3595,907,653,163,0,0,0.0
18,20260948,augmentation_family_grouped,color_shortcut,family_multiclass_log_loss,1.2432150711967562,3595,907,653,163,0,0,0.0
18,20260948,augmentation_family_grouped,resnet18,accuracy,0.6990077177508269,3595,907,653,163,0,0,0.0
18,20260948,augmentation_family_grouped,resnet18,balanced_accuracy,0.7085089581391611,3595,907,653,163,0,0,0.0
18,20260948,augmentation_family_grouped,resnet18,macro_f1,0.7084597296074164,3595,907,653,163,0,0,0.0
18,20260948,augmentation_family_grouped,resnet18,macro_ovr_auroc,0.9026310410209573,3595,907,653,163,0,0,0.0
18,20260948,augmentation_family_grouped,resnet18,multiclass_log_loss,0.7510569509392336,3595,907,653,163,0,0,0.0
18,20260948,augmentation_family_grouped,resnet18,family_accuracy,0.7852760736196319,3595,907,653,163,0,0,0.0
18,20260948,augmentation_family_grouped,resnet18,family_balanced_accuracy,0.810049019607843,3595,907,653,163,0,0,0.0
18,20260948,augmentation_family_grouped,resnet18,family_macro_f1,0.7263138679118388,3595,907,653,163,0,0,0.0
18,20260948,augmentation_family_grouped,resnet18,family_macro_ovr_auroc,0.9306186644326081,3595,907,653,163,0,0,0.0
18,20260948,augmentation_family_grouped,resnet18,family_multiclass_log_loss,0.5926232407441574,3595,907,653,163,0,0,0.0
19,20260949,ordinary_file_random,color_shortcut,accuracy,0.6648168701442841,3601,901,811,491,486,886,0.9833518312985572
19,20260949,ordinary_file_random,color_shortcut,balanced_accuracy,0.6991322175089172,3601,901,811,491,486,886,0.9833518312985572
19,20260949,ordinary_file_random,color_shortcut,macro_f1,0.6815393926557752,3601,901,811,491,486,886,0.9833518312985572
19,20260949,ordinary_file_random,color_shortcut,macro_ovr_auroc,0.8773189006379953,3601,901,811,491,486,886,0.9833518312985572
19,20260949,ordinary_file_random,color_shortcut,multiclass_log_loss,0.8173447095773199,3601,901,811,491,486,886,0.9833518312985572
19,20260949,ordinary_file_random,color_shortcut,family_accuracy,0.6313645621181263,3601,901,811,491,486,886,0.9833518312985572
19,20260949,ordinary_file_random,color_shortcut,family_balanced_accuracy,0.7330718340974417,3601,901,811,491,486,886,0.9833518312985572
19,20260949,ordinary_file_random,color_shortcut,family_macro_f1,0.6183584331355163,3601,901,811,491,486,886,0.9833518312985572
19,20260949,ordinary_file_random,color_shortcut,family_macro_ovr_auroc,0.8672335136768226,3601,901,811,491,486,886,0.9833518312985572
19,20260949,ordinary_file_random,color_shortcut,family_multiclass_log_loss,0.8929731209691811,3601,901,811,491,486,886,0.9833518312985572
19,20260949,ordinary_file_random,resnet18,accuracy,0.8002219755826859,3601,901,811,491,486,886,0.9833518312985572
19,20260949,ordinary_file_random,resnet18,balanced_accuracy,0.8178809013960522,3601,901,811,491,486,886,0.9833518312985572
19,20260949,ordinary_file_random,resnet18,macro_f1,0.813102068942526,3601,901,811,491,486,886,0.9833518312985572
19,20260949,ordinary_file_random,resnet18,macro_ovr_auroc,0.948536673587977,3601,901,811,491,486,886,0.9833518312985572
19,20260949,ordinary_file_random,resnet18,multiclass_log_loss,0.5094778275499061,3601,901,811,491,486,886,0.9833518312985572
19,20260949,ordinary_file_random,resnet18,family_accuracy,0.7983706720977597,3601,901,811,491,486,886,0.9833518312985572
19,20260949,ordinary_file_random,resnet18,family_balanced_accuracy,0.8549323117161742,3601,901,811,491,486,886,0.9833518312985572
19,20260949,ordinary_file_random,resnet18,family_macro_f1,0.7943436072101573,3601,901,811,491,486,886,0.9833518312985572
19,20260949,ordinary_file_random,resnet18,family_macro_ovr_auroc,0.9488409420604076,3601,901,811,491,486,886,0.9833518312985572
19,20260949,ordinary_file_random,resnet18,family_multiclass_log_loss,0.539404312939513,3601,901,811,491,486,886,0.9833518312985572
19,20260949,augmentation_family_grouped,color_shortcut,accuracy,0.44940152339499456,3583,919,653,163,0,0,0.0
19,20260949,augmentation_family_grouped,color_shortcut,balanced_accuracy,0.45108675990096214,3583,919,653,163,0,0,0.0
19,20260949,augmentation_family_grouped,color_shortcut,macro_f1,0.45214292454963245,3583,919,653,163,0,0,0.0
19,20260949,augmentation_family_grouped,color_shortcut,macro_ovr_auroc,0.7066080225445808,3583,919,653,163,0,0,0.0
19,20260949,augmentation_family_grouped,color_shortcut,multiclass_log_loss,1.4051295898552365,3583,919,653,163,0,0,0.0
19,20260949,augmentation_family_grouped,color_shortcut,family_accuracy,0.5214723926380368,3583,919,653,163,0,0,0.0
19,20260949,augmentation_family_grouped,color_shortcut,family_balanced_accuracy,0.4570786647992531,3583,919,653,163,0,0,0.0
19,20260949,augmentation_family_grouped,color_shortcut,family_macro_f1,0.3932695679297283,3583,919,653,163,0,0,0.0
19,20260949,augmentation_family_grouped,color_shortcut,family_macro_ovr_auroc,0.7068768328654553,3583,919,653,163,0,0,0.0
19,20260949,augmentation_family_grouped,color_shortcut,family_multiclass_log_loss,1.1618413282106055,3583,919,653,163,0,0,0.0
19,20260949,augmentation_family_grouped,resnet18,accuracy,0.6583242655059848,3583,919,653,163,0,0,0.0
19,20260949,augmentation_family_grouped,resnet18,balanced_accuracy,0.6539717939462693,3583,919,653,163,0,0,0.0
19,20260949,augmentation_family_grouped,resnet18,macro_f1,0.6598611366521502,3583,919,653,163,0,0,0.0
19,20260949,augmentation_family_grouped,resnet18,macro_ovr_auroc,0.8727406852408753,3583,919,653,163,0,0,0.0
19,20260949,augmentation_family_grouped,resnet18,multiclass_log_loss,0.8838278543597426,3583,919,653,163,0,0,0.0
19,20260949,augmentation_family_grouped,resnet18,family_accuracy,0.7239263803680982,3583,919,653,163,0,0,0.0
19,20260949,augmentation_family_grouped,resnet18,family_balanced_accuracy,0.64781162464986,3583,919,653,163,0,0,0.0
19,20260949,augmentation_family_grouped,resnet18,family_macro_f1,0.5994625933181553,3583,919,653,163,0,0,0.0
19,20260949,augmentation_family_grouped,resnet18,family_macro_ovr_auroc,0.9053127281501473,3583,919,653,163,0,0,0.0
19,20260949,augmentation_family_grouped,resnet18,family_multiclass_log_loss,0.6699348056651387,3583,919,653,163,0,0,0.0
20,20260950,ordinary_file_random,color_shortcut,accuracy,0.660377358490566,3601,901,813,481,478,892,0.9900110987791343
20,20260950,ordinary_file_random,color_shortcut,balanced_accuracy,0.6972743244674413,3601,901,813,481,478,892,0.9900110987791343
20,20260950,ordinary_file_random,color_shortcut,macro_f1,0.6725028137781293,3601,901,813,481,478,892,0.9900110987791343
20,20260950,ordinary_file_random,color_shortcut,macro_ovr_auroc,0.8715058386684811,3601,901,813,481,478,892,0.9900110987791343
20,20260950,ordinary_file_random,color_shortcut,multiclass_log_loss,0.8358402834286629,3601,901,813,481,478,892,0.9900110987791343
20,20260950,ordinary_file_random,color_shortcut,family_accuracy,0.6112266112266113,3601,901,813,481,478,892,0.9900110987791343
20,20260950,ordinary_file_random,color_shortcut,family_balanced_accuracy,0.7181818181818183,3601,901,813,481,478,892,0.9900110987791343
20,20260950,ordinary_file_random,color_shortcut,family_macro_f1,0.5919786066858472,3601,901,813,481,478,892,0.9900110987791343
20,20260950,ordinary_file_random,color_shortcut,family_macro_ovr_auroc,0.8617933158106825,3601,901,813,481,478,892,0.9900110987791343
20,20260950,ordinary_file_random,color_shortcut,family_multiclass_log_loss,0.9200659024040239,3601,901,813,481,478,892,0.9900110987791343
20,20260950,ordinary_file_random,resnet18,accuracy,0.8257491675915649,3601,901,813,481,478,892,0.9900110987791343
20,20260950,ordinary_file_random,resnet18,balanced_accuracy,0.8408503322239389,3601,901,813,481,478,892,0.9900110987791343
20,20260950,ordinary_file_random,resnet18,macro_f1,0.8359532957579479,3601,901,813,481,478,892,0.9900110987791343
20,20260950,ordinary_file_random,resnet18,macro_ovr_auroc,0.9547971509290445,3601,901,813,481,478,892,0.9900110987791343
20,20260950,ordinary_file_random,resnet18,multiclass_log_loss,0.4834604850203484,3601,901,813,481,478,892,0.9900110987791343
20,20260950,ordinary_file_random,resnet18,family_accuracy,0.8024948024948025,3601,901,813,481,478,892,0.9900110987791343
20,20260950,ordinary_file_random,resnet18,family_balanced_accuracy,0.8515186839702622,3601,901,813,481,478,892,0.9900110987791343
20,20260950,ordinary_file_random,resnet18,family_macro_f1,0.7957949216880922,3601,901,813,481,478,892,0.9900110987791343
20,20260950,ordinary_file_random,resnet18,family_macro_ovr_auroc,0.9535095338825172,3601,901,813,481,478,892,0.9900110987791343
20,20260950,ordinary_file_random,resnet18,family_multiclass_log_loss,0.5111456560695591,3601,901,813,481,478,892,0.9900110987791343
20,20260950,augmentation_family_grouped,color_shortcut,accuracy,0.36363636363636365,3589,913,653,163,0,0,0.0
20,20260950,augmentation_family_grouped,color_shortcut,balanced_accuracy,0.3317066771612226,3589,913,653,163,0,0,0.0
20,20260950,augmentation_family_grouped,color_shortcut,macro_f1,0.3076451178224845,3589,913,653,163,0,0,0.0
20,20260950,augmentation_family_grouped,color_shortcut,macro_ovr_auroc,0.6254384736372678,3589,913,653,163,0,0,0.0
20,20260950,augmentation_family_grouped,color_shortcut,multiclass_log_loss,1.6959584015273659,3589,913,653,163,0,0,0.0
20,20260950,augmentation_family_grouped,color_shortcut,family_accuracy,0.44785276073619634,3589,913,653,163,0,0,0.0
20,20260950,augmentation_family_grouped,color_shortcut,family_balanced_accuracy,0.33398692810457514,3589,913,653,163,0,0,0.0
20,20260950,augmentation_family_grouped,color_shortcut,family_macro_f1,0.3240307916111044,3589,913,653,163,0,0,0.0
20,20260950,augmentation_family_grouped,color_shortcut,family_macro_ovr_auroc,0.6381892484583174,3589,913,653,163,0,0,0.0
20,20260950,augmentation_family_grouped,color_shortcut,family_multiclass_log_loss,1.1480495454443334,3589,913,653,163,0,0,0.0
20,20260950,augmentation_family_grouped,resnet18,accuracy,0.6418400876232202,3589,913,653,163,0,0,0.0
20,20260950,augmentation_family_grouped,resnet18,balanced_accuracy,0.6133429969447969,3589,913,653,163,0,0,0.0
20,20260950,augmentation_family_grouped,resnet18,macro_f1,0.6165358921783538,3589,913,653,163,0,0,0.0
20,20260950,augmentation_family_grouped,resnet18,macro_ovr_auroc,0.8608294036925594,3589,913,653,163,0,0,0.0
20,20260950,augmentation_family_grouped,resnet18,multiclass_log_loss,1.0051992450104024,3589,913,653,163,0,0,0.0
20,20260950,augmentation_family_grouped,resnet18,family_accuracy,0.7668711656441718,3589,913,653,163,0,0,0.0
20,20260950,augmentation_family_grouped,resnet18,family_balanced_accuracy,0.7119047619047619,3589,913,653,163,0,0,0.0
20,20260950,augmentation_family_grouped,resnet18,family_macro_f1,0.6763012603973703,3589,913,653,163,0,0,0.0
20,20260950,augmentation_family_grouped,resnet18,family_macro_ovr_auroc,0.9089751892678368,3589,913,653,163,0,0,0.0
20,20260950,augmentation_family_grouped,resnet18,family_multiclass_log_loss,0.6355429573738992,3589,913,653,163,0,0,0.0
21,20260951,ordinary_file_random,color_shortcut,accuracy,0.655937846836848,3601,901,811,493,488,886,0.9833518312985572
21,20260951,ordinary_file_random,color_shortcut,balanced_accuracy,0.6936484431735657,3601,901,811,493,488,886,0.9833518312985572
21,20260951,ordinary_file_random,color_shortcut,macro_f1,0.6652611447853303,3601,901,811,493,488,886,0.9833518312985572
21,20260951,ordinary_file_random,color_shortcut,macro_ovr_auroc,0.8814463851710873,3601,901,811,493,488,886,0.9833518312985572
21,20260951,ordinary_file_random,color_shortcut,multiclass_log_loss,0.8095482090925724,3601,901,811,493,488,886,0.9833518312985572
21,20260951,ordinary_file_random,color_shortcut,family_accuracy,0.5760649087221096,3601,901,811,493,488,886,0.9833518312985572
21,20260951,ordinary_file_random,color_shortcut,family_balanced_accuracy,0.6955111469103225,3601,901,811,493,488,886,0.9833518312985572
21,20260951,ordinary_file_random,color_shortcut,family_macro_f1,0.5543747999841786,3601,901,811,493,488,886,0.9833518312985572
21,20260951,ordinary_file_random,color_shortcut,family_macro_ovr_auroc,0.8662912623767904,3601,901,811,493,488,886,0.9833518312985572
21,20260951,ordinary_file_random,color_shortcut,family_multiclass_log_loss,0.9105055145367293,3601,901,811,493,488,886,0.9833518312985572
21,20260951,ordinary_file_random,resnet18,accuracy,0.8146503884572697,3601,901,811,493,488,886,0.9833518312985572
21,20260951,ordinary_file_random,resnet18,balanced_accuracy,0.8273571716495239,3601,901,811,493,488,886,0.9833518312985572
21,20260951,ordinary_file_random,resnet18,macro_f1,0.8263457993139578,3601,901,811,493,488,886,0.9833518312985572
21,20260951,ordinary_file_random,resnet18,macro_ovr_auroc,0.9554485511840102,3601,901,811,493,488,886,0.9833518312985572
21,20260951,ordinary_file_random,resnet18,multiclass_log_loss,0.47862347490919155,3601,901,811,493,488,886,0.9833518312985572
21,20260951,ordinary_file_random,resnet18,family_accuracy,0.8073022312373225,3601,901,811,493,488,886,0.9833518312985572
21,20260951,ordinary_file_random,resnet18,family_balanced_accuracy,0.8595818178708212,3601,901,811,493,488,886,0.9833518312985572
21,20260951,ordinary_file_random,resnet18,family_macro_f1,0.8143053833179941,3601,901,811,493,488,886,0.9833518312985572
21,20260951,ordinary_file_random,resnet18,family_macro_ovr_auroc,0.9554516368116359,3601,901,811,493,488,886,0.9833518312985572
21,20260951,ordinary_file_random,resnet18,family_multiclass_log_loss,0.506892942251009,3601,901,811,493,488,886,0.9833518312985572
21,20260951,augmentation_family_grouped,color_shortcut,accuracy,0.42951541850220265,3594,908,653,163,0,0,0.0
21,20260951,augmentation_family_grouped,color_shortcut,balanced_accuracy,0.42619638092916273,3594,908,653,163,0,0,0.0
21,20260951,augmentation_family_grouped,color_shortcut,macro_f1,0.4347695118112804,3594,908,653,163,0,0,0.0
21,20260951,augmentation_family_grouped,color_shortcut,macro_ovr_auroc,0.7200479353782545,3594,908,653,163,0,0,0.0
21,20260951,augmentation_family_grouped,color_shortcut,multiclass_log_loss,1.2952515157946276,3594,908,653,163,0,0,0.0
21,20260951,augmentation_family_grouped,color_shortcut,family_accuracy,0.4785276073619632,3594,908,653,163,0,0,0.0
21,20260951,augmentation_family_grouped,color_shortcut,family_balanced_accuracy,0.44620098039215683,3594,908,653,163,0,0,0.0
21,20260951,augmentation_family_grouped,color_shortcut,family_macro_f1,0.37728551336146277,3594,908,653,163,0,0,0.0
21,20260951,augmentation_family_grouped,color_shortcut,family_macro_ovr_auroc,0.7190100226073344,3594,908,653,163,0,0,0.0
21,20260951,augmentation_family_grouped,color_shortcut,family_multiclass_log_loss,1.0714752766737423,3594,908,653,163,0,0,0.0
21,20260951,augmentation_family_grouped,resnet18,accuracy,0.6773127753303965,3594,908,653,163,0,0,0.0
21,20260951,augmentation_family_grouped,resnet18,balanced_accuracy,0.6594882304693839,3594,908,653,163,0,0,0.0
21,20260951,augmentation_family_grouped,resnet18,macro_f1,0.6676720172180897,3594,908,653,163,0,0,0.0
21,20260951,augmentation_family_grouped,resnet18,macro_ovr_auroc,0.8770339272351986,3594,908,653,163,0,0,0.0
21,20260951,augmentation_family_grouped,resnet18,multiclass_log_loss,0.9455378778808353,3594,908,653,163,0,0,0.0
21,20260951,augmentation_family_grouped,resnet18,family_accuracy,0.7975460122699386,3594,908,653,163,0,0,0.0
21,20260951,augmentation_family_grouped,resnet18,family_balanced_accuracy,0.7077614379084968,3594,908,653,163,0,0,0.0
21,20260951,augmentation_family_grouped,resnet18,family_macro_f1,0.6919999183658422,3594,908,653,163,0,0,0.0
21,20260951,augmentation_family_grouped,resnet18,family_macro_ovr_auroc,0.9284701539074187,3594,908,653,163,0,0,0.0
21,20260951,augmentation_family_grouped,resnet18,family_multiclass_log_loss,0.5437406608097175,3594,908,653,163,0,0,0.0
22,20260952,ordinary_file_random,color_shortcut,accuracy,0.6526082130965594,3601,901,811,502,497,886,0.9833518312985572
22,20260952,ordinary_file_random,color_shortcut,balanced_accuracy,0.6889497562142141,3601,901,811,502,497,886,0.9833518312985572
22,20260952,ordinary_file_random,color_shortcut,macro_f1,0.6669593003382097,3601,901,811,502,497,886,0.9833518312985572
22,20260952,ordinary_file_random,color_shortcut,macro_ovr_auroc,0.867652306971235,3601,901,811,502,497,886,0.9833518312985572
22,20260952,ordinary_file_random,color_shortcut,multiclass_log_loss,0.841119478553182,3601,901,811,502,497,886,0.9833518312985572
22,20260952,ordinary_file_random,color_shortcut,family_accuracy,0.599601593625498,3601,901,811,502,497,886,0.9833518312985572
22,20260952,ordinary_file_random,color_shortcut,family_balanced_accuracy,0.7065770827006782,3601,901,811,502,497,886,0.9833518312985572
22,20260952,ordinary_file_random,color_shortcut,family_macro_f1,0.5839153520499539,3601,901,811,502,497,886,0.9833518312985572
22,20260952,ordinary_file_random,color_shortcut,family_macro_ovr_auroc,0.8582974030560881,3601,901,811,502,497,886,0.9833518312985572
22,20260952,ordinary_file_random,color_shortcut,family_multiclass_log_loss,0.9141215171370757,3601,901,811,502,497,886,0.9833518312985572
22,20260952,ordinary_file_random,resnet18,accuracy,0.8235294117647058,3601,901,811,502,497,886,0.9833518312985572
22,20260952,ordinary_file_random,resnet18,balanced_accuracy,0.8386844012296276,3601,901,811,502,497,886,0.9833518312985572
22,20260952,ordinary_file_random,resnet18,macro_f1,0.83341100349261,3601,901,811,502,497,886,0.9833518312985572
22,20260952,ordinary_file_random,resnet18,macro_ovr_auroc,0.9599338701081912,3601,901,811,502,497,886,0.9833518312985572
22,20260952,ordinary_file_random,resnet18,multiclass_log_loss,0.4617810157486693,3601,901,811,502,497,886,0.9833518312985572
22,20260952,ordinary_file_random,resnet18,family_accuracy,0.8127490039840638,3601,901,811,502,497,886,0.9833518312985572
22,20260952,ordinary_file_random,resnet18,family_balanced_accuracy,0.8666207539803046,3601,901,811,502,497,886,0.9833518312985572
22,20260952,ordinary_file_random,resnet18,family_macro_f1,0.8071131564617591,3601,901,811,502,497,886,0.9833518312985572
22,20260952,ordinary_file_random,resnet18,family_macro_ovr_auroc,0.9578889905211148,3601,901,811,502,497,886,0.9833518312985572
22,20260952,ordinary_file_random,resnet18,family_multiclass_log_loss,0.49723102177011663,3601,901,811,502,497,886,0.9833518312985572
22,20260952,augmentation_family_grouped,color_shortcut,accuracy,0.3918770581778266,3591,911,653,163,0,0,0.0
22,20260952,augmentation_family_grouped,color_shortcut,balanced_accuracy,0.35710725367588114,3591,911,653,163,0,0,0.0
22,20260952,augmentation_family_grouped,color_shortcut,macro_f1,0.33226949516724147,3591,911,653,163,0,0,0.0
22,20260952,augmentation_family_grouped,color_shortcut,macro_ovr_auroc,0.67473258266302,3591,911,653,163,0,0,0.0
22,20260952,augmentation_family_grouped,color_shortcut,multiclass_log_loss,1.4333228407868404,3591,911,653,163,0,0,0.0
22,20260952,augmentation_family_grouped,color_shortcut,family_accuracy,0.5030674846625767,3591,911,653,163,0,0,0.0
22,20260952,augmentation_family_grouped,color_shortcut,family_balanced_accuracy,0.36835901027077494,3591,911,653,163,0,0,0.0
22,20260952,augmentation_family_grouped,color_shortcut,family_macro_f1,0.35736921031038676,3591,911,653,163,0,0,0.0
22,20260952,augmentation_family_grouped,color_shortcut,family_macro_ovr_auroc,0.7017102464093946,3591,911,653,163,0,0,0.0
22,20260952,augmentation_family_grouped,color_shortcut,family_multiclass_log_loss,1.0942179144929478,3591,911,653,163,0,0,0.0
22,20260952,augmentation_family_grouped,resnet18,accuracy,0.6454445664105378,3591,911,653,163,0,0,0.0
22,20260952,augmentation_family_grouped,resnet18,balanced_accuracy,0.6176710874126204,3591,911,653,163,0,0,0.0
22,20260952,augmentation_family_grouped,resnet18,macro_f1,0.619209150654237,3591,911,653,163,0,0,0.0
22,20260952,augmentation_family_grouped,resnet18,macro_ovr_auroc,0.8515757223472404,3591,911,653,163,0,0,0.0
22,20260952,augmentation_family_grouped,resnet18,multiclass_log_loss,1.050142593692289,3591,911,653,163,0,0,0.0
22,20260952,augmentation_family_grouped,resnet18,family_accuracy,0.7791411042944786,3591,911,653,163,0,0,0.0
22,20260952,augmentation_family_grouped,resnet18,family_balanced_accuracy,0.6536589635854342,3591,911,653,163,0,0,0.0
22,20260952,augmentation_family_grouped,resnet18,family_macro_f1,0.6307561396651684,3591,911,653,163,0,0,0.0
22,20260952,augmentation_family_grouped,resnet18,family_macro_ovr_auroc,0.8891982747674141,3591,911,653,163,0,0,0.0
22,20260952,augmentation_family_grouped,resnet18,family_multiclass_log_loss,0.6432309141378861,3591,911,653,163,0,0,0.0
23,20260953,ordinary_file_random,color_shortcut,accuracy,0.6703662597114317,3601,901,813,494,491,891,0.9889012208657048
23,20260953,ordinary_file_random,color_shortcut,balanced_accuracy,0.7051647597696485,3601,901,813,494,491,891,0.9889012208657048
23,20260953,ordinary_file_random,color_shortcut,macro_f1,0.6874536940400426,3601,901,813,494,491,891,0.9889012208657048
23,20260953,ordinary_file_random,color_shortcut,macro_ovr_auroc,0.8794045762938877,3601,901,813,494,491,891,0.9889012208657048
23,20260953,ordinary_file_random,color_shortcut,multiclass_log_loss,0.8499620307383705,3601,901,813,494,491,891,0.9889012208657048
23,20260953,ordinary_file_random,color_shortcut,family_accuracy,0.6072874493927125,3601,901,813,494,491,891,0.9889012208657048
23,20260953,ordinary_file_random,color_shortcut,family_balanced_accuracy,0.7147089693920077,3601,901,813,494,491,891,0.9889012208657048
23,20260953,ordinary_file_random,color_shortcut,family_macro_f1,0.6017911585642955,3601,901,813,494,491,891,0.9889012208657048
23,20260953,ordinary_file_random,color_shortcut,family_macro_ovr_auroc,0.8630999479007722,3601,901,813,494,491,891,0.9889012208657048
23,20260953,ordinary_file_random,color_shortcut,family_multiclass_log_loss,0.9340013130868046,3601,901,813,494,491,891,0.9889012208657048
23,20260953,ordinary_file_random,resnet18,accuracy,0.8179800221975583,3601,901,813,494,491,891,0.9889012208657048
23,20260953,ordinary_file_random,resnet18,balanced_accuracy,0.835977771702817,3601,901,813,494,491,891,0.9889012208657048
23,20260953,ordinary_file_random,resnet18,macro_f1,0.8298431584089891,3601,901,813,494,491,891,0.9889012208657048
23,20260953,ordinary_file_random,resnet18,macro_ovr_auroc,0.9546071307487535,3601,901,813,494,491,891,0.9889012208657048
23,20260953,ordinary_file_random,resnet18,multiclass_log_loss,0.4845516204151708,3601,901,813,494,491,891,0.9889012208657048
23,20260953,ordinary_file_random,resnet18,family_accuracy,0.8016194331983806,3601,901,813,494,491,891,0.9889012208657048
23,20260953,ordinary_file_random,resnet18,family_balanced_accuracy,0.8602215722289965,3601,901,813,494,491,891,0.9889012208657048
23,20260953,ordinary_file_random,resnet18,family_macro_f1,0.7928052113085623,3601,901,813,494,491,891,0.9889012208657048
23,20260953,ordinary_file_random,resnet18,family_macro_ovr_auroc,0.9542788963103054,3601,901,813,494,491,891,0.9889012208657048
23,20260953,ordinary_file_random,resnet18,family_multiclass_log_loss,0.526557272896328,3601,901,813,494,491,891,0.9889012208657048
23,20260953,augmentation_family_grouped,color_shortcut,accuracy,0.4676180021953897,3591,911,653,163,0,0,0.0
23,20260953,augmentation_family_grouped,color_shortcut,balanced_accuracy,0.4688340950853099,3591,911,653,163,0,0,0.0
23,20260953,augmentation_family_grouped,color_shortcut,macro_f1,0.47557419373529697,3591,911,653,163,0,0,0.0
23,20260953,augmentation_family_grouped,color_shortcut,macro_ovr_auroc,0.7298000446395684,3591,911,653,163,0,0,0.0
23,20260953,augmentation_family_grouped,color_shortcut,multiclass_log_loss,1.25630556531254,3591,911,653,163,0,0,0.0
23,20260953,augmentation_family_grouped,color_shortcut,family_accuracy,0.5030674846625767,3591,911,653,163,0,0,0.0
23,20260953,augmentation_family_grouped,color_shortcut,family_balanced_accuracy,0.46558123249299715,3591,911,653,163,0,0,0.0
23,20260953,augmentation_family_grouped,color_shortcut,family_macro_f1,0.3995949608017223,3591,911,653,163,0,0,0.0
23,20260953,augmentation_family_grouped,color_shortcut,family_macro_ovr_auroc,0.7212511380824742,3591,911,653,163,0,0,0.0
23,20260953,augmentation_family_grouped,color_shortcut,family_multiclass_log_loss,1.1083051769606034,3591,911,653,163,0,0,0.0
23,20260953,augmentation_family_grouped,resnet18,accuracy,0.6970362239297475,3591,911,653,163,0,0,0.0
23,20260953,augmentation_family_grouped,resnet18,balanced_accuracy,0.6860140940100128,3591,911,653,163,0,0,0.0
23,20260953,augmentation_family_grouped,resnet18,macro_f1,0.6949030925849078,3591,911,653,163,0,0,0.0
23,20260953,augmentation_family_grouped,resnet18,macro_ovr_auroc,0.8822656619462299,3591,911,653,163,0,0,0.0
23,20260953,augmentation_family_grouped,resnet18,multiclass_log_loss,0.8663191054061417,3591,911,653,163,0,0,0.0
23,20260953,augmentation_family_grouped,resnet18,family_accuracy,0.7607361963190185,3591,911,653,163,0,0,0.0
23,20260953,augmentation_family_grouped,resnet18,family_balanced_accuracy,0.7013480392156863,3591,911,653,163,0,0,0.0
23,20260953,augmentation_family_grouped,resnet18,family_macro_f1,0.6565135478916169,3591,911,653,163,0,0,0.0
23,20260953,augmentation_family_grouped,resnet18,family_macro_ovr_auroc,0.9156273839575069,3591,911,653,163,0,0,0.0
23,20260953,augmentation_family_grouped,resnet18,family_multiclass_log_loss,0.6498664427395358,3591,911,653,163,0,0,0.0
24,20260954,ordinary_file_random,color_shortcut,accuracy,0.6548279689234184,3601,901,814,491,489,895,0.9933407325194229
24,20260954,ordinary_file_random,color_shortcut,balanced_accuracy,0.6923608747125394,3601,901,814,491,489,895,0.9933407325194229
24,20260954,ordinary_file_random,color_shortcut,macro_f1,0.6662036556748511,3601,901,814,491,489,895,0.9933407325194229
24,20260954,ordinary_file_random,color_shortcut,macro_ovr_auroc,0.8742677418068928,3601,901,814,491,489,895,0.9933407325194229
24,20260954,ordinary_file_random,color_shortcut,multiclass_log_loss,0.8229189731861271,3601,901,814,491,489,895,0.9933407325194229
24,20260954,ordinary_file_random,color_shortcut,family_accuracy,0.594704684317719,3601,901,814,491,489,895,0.9933407325194229
24,20260954,ordinary_file_random,color_shortcut,family_balanced_accuracy,0.7075538366251116,3601,901,814,491,489,895,0.9933407325194229
24,20260954,ordinary_file_random,color_shortcut,family_macro_f1,0.5732926762425314,3601,901,814,491,489,895,0.9933407325194229
24,20260954,ordinary_file_random,color_shortcut,family_macro_ovr_auroc,0.8567692349322673,3601,901,814,491,489,895,0.9933407325194229
24,20260954,ordinary_file_random,color_shortcut,family_multiclass_log_loss,0.9244361147399932,3601,901,814,491,489,895,0.9933407325194229
24,20260954,ordinary_file_random,resnet18,accuracy,0.8157602663706992,3601,901,814,491,489,895,0.9933407325194229
24,20260954,ordinary_file_random,resnet18,balanced_accuracy,0.8291456503511898,3601,901,814,491,489,895,0.9933407325194229
24,20260954,ordinary_file_random,resnet18,macro_f1,0.8258002384152505,3601,901,814,491,489,895,0.9933407325194229
24,20260954,ordinary_file_random,resnet18,macro_ovr_auroc,0.9557640237839713,3601,901,814,491,489,895,0.9933407325194229
24,20260954,ordinary_file_random,resnet18,multiclass_log_loss,0.47860636634997294,3601,901,814,491,489,895,0.9933407325194229
24,20260954,ordinary_file_random,resnet18,family_accuracy,0.8004073319755601,3601,901,814,491,489,895,0.9933407325194229
24,20260954,ordinary_file_random,resnet18,family_balanced_accuracy,0.8604077964956097,3601,901,814,491,489,895,0.9933407325194229
24,20260954,ordinary_file_random,resnet18,family_macro_f1,0.7965921085837964,3601,901,814,491,489,895,0.9933407325194229
24,20260954,ordinary_file_random,resnet18,family_macro_ovr_auroc,0.9524066637785268,3601,901,814,491,489,895,0.9933407325194229
24,20260954,ordinary_file_random,resnet18,family_multiclass_log_loss,0.5254393204601632,3601,901,814,491,489,895,0.9933407325194229
24,20260954,augmentation_family_grouped,color_shortcut,accuracy,0.4342105263157895,3590,912,653,163,0,0,0.0
24,20260954,augmentation_family_grouped,color_shortcut,balanced_accuracy,0.4185198153335408,3590,912,653,163,0,0,0.0
24,20260954,augmentation_family_grouped,color_shortcut,macro_f1,0.4224081091371025,3590,912,653,163,0,0,0.0
24,20260954,augmentation_family_grouped,color_shortcut,macro_ovr_auroc,0.7068618077002086,3590,912,653,163,0,0,0.0
24,20260954,augmentation_family_grouped,color_shortcut,multiclass_log_loss,1.4003850653819883,3590,912,653,163,0,0,0.0
24,20260954,augmentation_family_grouped,color_shortcut,family_accuracy,0.49079754601226994,3590,912,653,163,0,0,0.0
24,20260954,augmentation_family_grouped,color_shortcut,family_balanced_accuracy,0.4205123716153128,3590,912,653,163,0,0,0.0
24,20260954,augmentation_family_grouped,color_shortcut,family_macro_f1,0.37839720117240283,3590,912,653,163,0,0,0.0
24,20260954,augmentation_family_grouped,color_shortcut,family_macro_ovr_auroc,0.7107840945215484,3590,912,653,163,0,0,0.0
24,20260954,augmentation_family_grouped,color_shortcut,family_multiclass_log_loss,1.1129119509256082,3590,912,653,163,0,0,0.0
24,20260954,augmentation_family_grouped,resnet18,accuracy,0.7192982456140351,3590,912,653,163,0,0,0.0
24,20260954,augmentation_family_grouped,resnet18,balanced_accuracy,0.71544031192724,3590,912,653,163,0,0,0.0
24,20260954,augmentation_family_grouped,resnet18,macro_f1,0.7253206155753642,3590,912,653,163,0,0,0.0
24,20260954,augmentation_family_grouped,resnet18,macro_ovr_auroc,0.8829983555923462,3590,912,653,163,0,0,0.0
24,20260954,augmentation_family_grouped,resnet18,multiclass_log_loss,0.8495878339433066,3590,912,653,163,0,0,0.0
24,20260954,augmentation_family_grouped,resnet18,family_accuracy,0.803680981595092,3590,912,653,163,0,0,0.0
24,20260954,augmentation_family_grouped,resnet18,family_balanced_accuracy,0.7936799719887956,3590,912,653,163,0,0,0.0
24,20260954,augmentation_family_grouped,resnet18,family_macro_f1,0.7396150413629465,3590,912,653,163,0,0,0.0
24,20260954,augmentation_family_grouped,resnet18,family_macro_ovr_auroc,0.9091237794143788,3590,912,653,163,0,0,0.0
24,20260954,augmentation_family_grouped,resnet18,family_multiclass_log_loss,0.5639953151181587,3590,912,653,163,0,0,0.0
25,20260955,ordinary_file_random,color_shortcut,accuracy,0.6614872364039955,3601,901,811,483,478,886,0.9833518312985572
25,20260955,ordinary_file_random,color_shortcut,balanced_accuracy,0.6983668641067537,3601,901,811,483,478,886,0.9833518312985572
25,20260955,ordinary_file_random,color_shortcut,macro_f1,0.6750951710001843,3601,901,811,483,478,886,0.9833518312985572
25,20260955,ordinary_file_random,color_shortcut,macro_ovr_auroc,0.8772544461715717,3601,901,811,483,478,886,0.9833518312985572
25,20260955,ordinary_file_random,color_shortcut,multiclass_log_loss,0.8151580581637379,3601,901,811,483,478,886,0.9833518312985572
25,20260955,ordinary_file_random,color_shortcut,family_accuracy,0.587991718426501,3601,901,811,483,478,886,0.9833518312985572
25,20260955,ordinary_file_random,color_shortcut,family_balanced_accuracy,0.7067162703717927,3601,901,811,483,478,886,0.9833518312985572
25,20260955,ordinary_file_random,color_shortcut,family_macro_f1,0.5788849573093158,3601,901,811,483,478,886,0.9833518312985572
25,20260955,ordinary_file_random,color_shortcut,family_macro_ovr_auroc,0.858925024205515,3601,901,811,483,478,886,0.9833518312985572
25,20260955,ordinary_file_random,color_shortcut,family_multiclass_log_loss,0.922174793988382,3601,901,811,483,478,886,0.9833518312985572
25,20260955,ordinary_file_random,resnet18,accuracy,0.804661487236404,3601,901,811,483,478,886,0.9833518312985572
25,20260955,ordinary_file_random,resnet18,balanced_accuracy,0.818454590555358,3601,901,811,483,478,886,0.9833518312985572
25,20260955,ordinary_file_random,resnet18,macro_f1,0.8139163987155764,3601,901,811,483,478,886,0.9833518312985572
25,20260955,ordinary_file_random,resnet18,macro_ovr_auroc,0.9515346109041429,3601,901,811,483,478,886,0.9833518312985572
25,20260955,ordinary_file_random,resnet18,multiclass_log_loss,0.5039502595239226,3601,901,811,483,478,886,0.9833518312985572
25,20260955,ordinary_file_random,resnet18,family_accuracy,0.7805383022774327,3601,901,811,483,478,886,0.9833518312985572
25,20260955,ordinary_file_random,resnet18,family_balanced_accuracy,0.843664224563314,3601,901,811,483,478,886,0.9833518312985572
25,20260955,ordinary_file_random,resnet18,family_macro_f1,0.7721851659453699,3601,901,811,483,478,886,0.9833518312985572
25,20260955,ordinary_file_random,resnet18,family_macro_ovr_auroc,0.9489961274289679,3601,901,811,483,478,886,0.9833518312985572
25,20260955,ordinary_file_random,resnet18,family_multiclass_log_loss,0.5514165133368131,3601,901,811,483,478,886,0.9833518312985572
25,20260955,augmentation_family_grouped,color_shortcut,accuracy,0.4155701754385965,3590,912,653,163,0,0,0.0
25,20260955,augmentation_family_grouped,color_shortcut,balanced_accuracy,0.40030034617646737,3590,912,653,163,0,0,0.0
25,20260955,augmentation_family_grouped,color_shortcut,macro_f1,0.4040009753425036,3590,912,653,163,0,0,0.0
25,20260955,augmentation_family_grouped,color_shortcut,macro_ovr_auroc,0.6864607191168293,3590,912,653,163,0,0,0.0
25,20260955,augmentation_family_grouped,color_shortcut,multiclass_log_loss,1.3798691136343384,3590,912,653,163,0,0,0.0
25,20260955,augmentation_family_grouped,color_shortcut,family_accuracy,0.48466257668711654,3590,912,653,163,0,0,0.0
25,20260955,augmentation_family_grouped,color_shortcut,family_balanced_accuracy,0.4127159197012138,3590,912,653,163,0,0,0.0
25,20260955,augmentation_family_grouped,color_shortcut,family_macro_f1,0.38215044312605295,3590,912,653,163,0,0,0.0
25,20260955,augmentation_family_grouped,color_shortcut,family_macro_ovr_auroc,0.6774399602079589,3590,912,653,163,0,0,0.0
25,20260955,augmentation_family_grouped,color_shortcut,family_multiclass_log_loss,1.1760802763279938,3590,912,653,163,0,0,0.0
25,20260955,augmentation_family_grouped,resnet18,accuracy,0.7083333333333334,3590,912,653,163,0,0,0.0
25,20260955,augmentation_family_grouped,resnet18,balanced_accuracy,0.7064785821163531,3590,912,653,163,0,0,0.0
25,20260955,augmentation_family_grouped,resnet18,macro_f1,0.7149488504843686,3590,912,653,163,0,0,0.0
25,20260955,augmentation_family_grouped,resnet18,macro_ovr_auroc,0.9033295576893094,3590,912,653,163,0,0,0.0
25,20260955,augmentation_family_grouped,resnet18,multiclass_log_loss,0.745192492692723,3590,912,653,163,0,0,0.0
25,20260955,augmentation_family_grouped,resnet18,family_accuracy,0.7791411042944786,3590,912,653,163,0,0,0.0
25,20260955,augmentation_family_grouped,resnet18,family_balanced_accuracy,0.7898167600373482,3590,912,653,163,0,0,0.0
25,20260955,augmentation_family_grouped,resnet18,family_macro_f1,0.7176307560433667,3590,912,653,163,0,0,0.0
25,20260955,augmentation_family_grouped,resnet18,family_macro_ovr_auroc,0.9267194206217024,3590,912,653,163,0,0,0.0
25,20260955,augmentation_family_grouped,resnet18,family_multiclass_log_loss,0.6155072460909056,3590,912,653,163,0,0,0.0
26,20260956,ordinary_file_random,color_shortcut,accuracy,0.6681465038845728,3601,901,810,497,491,882,0.978912319644839
26,20260956,ordinary_file_random,color_shortcut,balanced_accuracy,0.7019838645334677,3601,901,810,497,491,882,0.978912319644839
26,20260956,ordinary_file_random,color_shortcut,macro_f1,0.6821511730630407,3601,901,810,497,491,882,0.978912319644839
26,20260956,ordinary_file_random,color_shortcut,macro_ovr_auroc,0.883998840763756,3601,901,810,497,491,882,0.978912319644839
26,20260956,ordinary_file_random,color_shortcut,multiclass_log_loss,0.8036315254387213,3601,901,810,497,491,882,0.978912319644839
26,20260956,ordinary_file_random,color_shortcut,family_accuracy,0.6116700201207244,3601,901,810,497,491,882,0.978912319644839
26,20260956,ordinary_file_random,color_shortcut,family_balanced_accuracy,0.717549121411633,3601,901,810,497,491,882,0.978912319644839
26,20260956,ordinary_file_random,color_shortcut,family_macro_f1,0.5935124732235159,3601,901,810,497,491,882,0.978912319644839
26,20260956,ordinary_file_random,color_shortcut,family_macro_ovr_auroc,0.8695089141948248,3601,901,810,497,491,882,0.978912319644839
26,20260956,ordinary_file_random,color_shortcut,family_multiclass_log_loss,0.894415246805139,3601,901,810,497,491,882,0.978912319644839
26,20260956,ordinary_file_random,resnet18,accuracy,0.8168701442841287,3601,901,810,497,491,882,0.978912319644839
26,20260956,ordinary_file_random,resnet18,balanced_accuracy,0.8330531508513899,3601,901,810,497,491,882,0.978912319644839
26,20260956,ordinary_file_random,resnet18,macro_f1,0.8290456979402238,3601,901,810,497,491,882,0.978912319644839
26,20260956,ordinary_file_random,resnet18,macro_ovr_auroc,0.9527300921500349,3601,901,810,497,491,882,0.978912319644839
26,20260956,ordinary_file_random,resnet18,multiclass_log_loss,0.49335762477008466,3601,901,810,497,491,882,0.978912319644839
26,20260956,ordinary_file_random,resnet18,family_accuracy,0.7947686116700201,3601,901,810,497,491,882,0.978912319644839
26,20260956,ordinary_file_random,resnet18,family_balanced_accuracy,0.8491836419071186,3601,901,810,497,491,882,0.978912319644839
26,20260956,ordinary_file_random,resnet18,family_macro_f1,0.7831992551788576,3601,901,810,497,491,882,0.978912319644839
26,20260956,ordinary_file_random,resnet18,family_macro_ovr_auroc,0.951845265765163,3601,901,810,497,491,882,0.978912319644839
26,20260956,ordinary_file_random,resnet18,family_multiclass_log_loss,0.5248491982578162,3601,901,810,497,491,882,0.978912319644839
26,20260956,augmentation_family_grouped,color_shortcut,accuracy,0.4835164835164835,3592,910,653,163,0,0,0.0
26,20260956,augmentation_family_grouped,color_shortcut,balanced_accuracy,0.5053470838819112,3592,910,653,163,0,0,0.0
26,20260956,augmentation_family_grouped,color_shortcut,macro_f1,0.5043376810255792,3592,910,653,163,0,0,0.0
26,20260956,augmentation_family_grouped,color_shortcut,macro_ovr_auroc,0.7200449499944186,3592,910,653,163,0,0,0.0
26,20260956,augmentation_family_grouped,color_shortcut,multiclass_log_loss,1.3317340462896796,3592,910,653,163,0,0,0.0
26,20260956,augmentation_family_grouped,color_shortcut,family_accuracy,0.4539877300613497,3592,910,653,163,0,0,0.0
26,20260956,augmentation_family_grouped,color_shortcut,family_balanced_accuracy,0.4955182072829131,3592,910,653,163,0,0,0.0
26,20260956,augmentation_family_grouped,color_shortcut,family_macro_f1,0.39284375842961544,3592,910,653,163,0,0,0.0
26,20260956,augmentation_family_grouped,color_shortcut,family_macro_ovr_auroc,0.6954849707077084,3592,910,653,163,0,0,0.0
26,20260956,augmentation_family_grouped,color_shortcut,family_multiclass_log_loss,1.1894069265176017,3592,910,653,163,0,0,0.0
26,20260956,augmentation_family_grouped,resnet18,accuracy,0.778021978021978,3592,910,653,163,0,0,0.0
26,20260956,augmentation_family_grouped,resnet18,balanced_accuracy,0.7928256176162064,3592,910,653,163,0,0,0.0
26,20260956,augmentation_family_grouped,resnet18,macro_f1,0.7870010546873802,3592,910,653,163,0,0,0.0
26,20260956,augmentation_family_grouped,resnet18,macro_ovr_auroc,0.9365906359220247,3592,910,653,163,0,0,0.0
26,20260956,augmentation_family_grouped,resnet18,multiclass_log_loss,0.5852033267819159,3592,910,653,163,0,0,0.0
26,20260956,augmentation_family_grouped,resnet18,family_accuracy,0.8282208588957055,3592,910,653,163,0,0,0.0
26,20260956,augmentation_family_grouped,resnet18,family_balanced_accuracy,0.8695728291316527,3592,910,653,163,0,0,0.0
26,20260956,augmentation_family_grouped,resnet18,family_macro_f1,0.7877198300506694,3592,910,653,163,0,0,0.0
26,20260956,augmentation_family_grouped,resnet18,family_macro_ovr_auroc,0.9515227310876919,3592,910,653,163,0,0,0.0
26,20260956,augmentation_family_grouped,resnet18,family_multiclass_log_loss,0.5519119030620088,3592,910,653,163,0,0,0.0
27,20260957,ordinary_file_random,color_shortcut,accuracy,0.6637069922308546,3601,901,814,491,489,895,0.9933407325194229
27,20260957,ordinary_file_random,color_shortcut,balanced_accuracy,0.7002040119674413,3601,901,814,491,489,895,0.9933407325194229
27,20260957,ordinary_file_random,color_shortcut,macro_f1,0.6777165950892556,3601,901,814,491,489,895,0.9933407325194229
27,20260957,ordinary_file_random,color_shortcut,macro_ovr_auroc,0.8768446296242807,3601,901,814,491,489,895,0.9933407325194229
27,20260957,ordinary_file_random,color_shortcut,multiclass_log_loss,0.8162259036848819,3601,901,814,491,489,895,0.9933407325194229
27,20260957,ordinary_file_random,color_shortcut,family_accuracy,0.5987780040733197,3601,901,814,491,489,895,0.9933407325194229
27,20260957,ordinary_file_random,color_shortcut,family_balanced_accuracy,0.7155618544697055,3601,901,814,491,489,895,0.9933407325194229
27,20260957,ordinary_file_random,color_shortcut,family_macro_f1,0.5826769495083661,3601,901,814,491,489,895,0.9933407325194229
27,20260957,ordinary_file_random,color_shortcut,family_macro_ovr_auroc,0.861964367034372,3601,901,814,491,489,895,0.9933407325194229
27,20260957,ordinary_file_random,color_shortcut,family_multiclass_log_loss,0.9109809333078229,3601,901,814,491,489,895,0.9933407325194229
27,20260957,ordinary_file_random,resnet18,accuracy,0.8246392896781354,3601,901,814,491,489,895,0.9933407325194229
27,20260957,ordinary_file_random,resnet18,balanced_accuracy,0.8417552765705048,3601,901,814,491,489,895,0.9933407325194229
27,20260957,ordinary_file_random,resnet18,macro_f1,0.8346489988129016,3601,901,814,491,489,895,0.9933407325194229
27,20260957,ordinary_file_random,resnet18,macro_ovr_auroc,0.9595246917303213,3601,901,814,491,489,895,0.9933407325194229
27,20260957,ordinary_file_random,resnet18,multiclass_log_loss,0.4598720128834732,3601,901,814,491,489,895,0.9933407325194229
27,20260957,ordinary_file_random,resnet18,family_accuracy,0.8004073319755601,3601,901,814,491,489,895,0.9933407325194229
27,20260957,ordinary_file_random,resnet18,family_balanced_accuracy,0.8617613508409168,3601,901,814,491,489,895,0.9933407325194229
27,20260957,ordinary_file_random,resnet18,family_macro_f1,0.7944809467156968,3601,901,814,491,489,895,0.9933407325194229
27,20260957,ordinary_file_random,resnet18,family_macro_ovr_auroc,0.957090206999105,3601,901,814,491,489,895,0.9933407325194229
27,20260957,ordinary_file_random,resnet18,family_multiclass_log_loss,0.5085706596196651,3601,901,814,491,489,895,0.9933407325194229
27,20260957,augmentation_family_grouped,color_shortcut,accuracy,0.4318429661941112,3585,917,653,163,0,0,0.0
27,20260957,augmentation_family_grouped,color_shortcut,balanced_accuracy,0.4365607942755323,3585,917,653,163,0,0,0.0
27,20260957,augmentation_family_grouped,color_shortcut,macro_f1,0.44449483084268526,3585,917,653,163,0,0,0.0
27,20260957,augmentation_family_grouped,color_shortcut,macro_ovr_auroc,0.6889584971195984,3585,917,653,163,0,0,0.0
27,20260957,augmentation_family_grouped,color_shortcut,multiclass_log_loss,1.4745206309453183,3585,917,653,163,0,0,0.0
27,20260957,augmentation_family_grouped,color_shortcut,family_accuracy,0.4662576687116564,3585,917,653,163,0,0,0.0
27,20260957,augmentation_family_grouped,color_shortcut,family_balanced_accuracy,0.4339402427637722,3585,917,653,163,0,0,0.0
27,20260957,augmentation_family_grouped,color_shortcut,family_macro_f1,0.36921572342464837,3585,917,653,163,0,0,0.0
27,20260957,augmentation_family_grouped,color_shortcut,family_macro_ovr_auroc,0.6815063443030681,3585,917,653,163,0,0,0.0
27,20260957,augmentation_family_grouped,color_shortcut,family_multiclass_log_loss,1.193417879413016,3585,917,653,163,0,0,0.0
27,20260957,augmentation_family_grouped,resnet18,accuracy,0.6215921483097055,3585,917,653,163,0,0,0.0
27,20260957,augmentation_family_grouped,resnet18,balanced_accuracy,0.6087710306550761,3585,917,653,163,0,0,0.0
27,20260957,augmentation_family_grouped,resnet18,macro_f1,0.6223490626277848,3585,917,653,163,0,0,0.0
27,20260957,augmentation_family_grouped,resnet18,macro_ovr_auroc,0.8355599446985945,3585,917,653,163,0,0,0.0
27,20260957,augmentation_family_grouped,resnet18,multiclass_log_loss,1.1229001033414716,3585,917,653,163,0,0,0.0
27,20260957,augmentation_family_grouped,resnet18,family_accuracy,0.7177914110429447,3585,917,653,163,0,0,0.0
27,20260957,augmentation_family_grouped,resnet18,family_balanced_accuracy,0.6603874883286648,3585,917,653,163,0,0,0.0
27,20260957,augmentation_family_grouped,resnet18,family_macro_f1,0.6466859716859716,3585,917,653,163,0,0,0.0
27,20260957,augmentation_family_grouped,resnet18,family_macro_ovr_auroc,0.873754667187871,3585,917,653,163,0,0,0.0
27,20260957,augmentation_family_grouped,resnet18,family_multiclass_log_loss,0.7126904285746478,3585,917,653,163,0,0,0.0
28,20260958,ordinary_file_random,color_shortcut,accuracy,0.6781354051054383,3601,901,810,503,497,883,0.9800221975582686
28,20260958,ordinary_file_random,color_shortcut,balanced_accuracy,0.7118996788530226,3601,901,810,503,497,883,0.9800221975582686
28,20260958,ordinary_file_random,color_shortcut,macro_f1,0.6933667871697397,3601,901,810,503,497,883,0.9800221975582686
28,20260958,ordinary_file_random,color_shortcut,macro_ovr_auroc,0.8781149275428651,3601,901,810,503,497,883,0.9800221975582686
28,20260958,ordinary_file_random,color_shortcut,multiclass_log_loss,0.8178102978151034,3601,901,810,503,497,883,0.9800221975582686
28,20260958,ordinary_file_random,color_shortcut,family_accuracy,0.6182902584493042,3601,901,810,503,497,883,0.9800221975582686
28,20260958,ordinary_file_random,color_shortcut,family_balanced_accuracy,0.7253017062005825,3601,901,810,503,497,883,0.9800221975582686
28,20260958,ordinary_file_random,color_shortcut,family_macro_f1,0.6135040365854951,3601,901,810,503,497,883,0.9800221975582686
28,20260958,ordinary_file_random,color_shortcut,family_macro_ovr_auroc,0.8651602783806109,3601,901,810,503,497,883,0.9800221975582686
28,20260958,ordinary_file_random,color_shortcut,family_multiclass_log_loss,0.8939468858294288,3601,901,810,503,497,883,0.9800221975582686
28,20260958,ordinary_file_random,resnet18,accuracy,0.8312985571587126,3601,901,810,503,497,883,0.9800221975582686
28,20260958,ordinary_file_random,resnet18,balanced_accuracy,0.8458376328926632,3601,901,810,503,497,883,0.9800221975582686
28,20260958,ordinary_file_random,resnet18,macro_f1,0.8417119787561711,3601,901,810,503,497,883,0.9800221975582686
28,20260958,ordinary_file_random,resnet18,macro_ovr_auroc,0.9584925786131325,3601,901,810,503,497,883,0.9800221975582686
28,20260958,ordinary_file_random,resnet18,multiclass_log_loss,0.46834595477794266,3601,901,810,503,497,883,0.9800221975582686
28,20260958,ordinary_file_random,resnet18,family_accuracy,0.831013916500994,3601,901,810,503,497,883,0.9800221975582686
28,20260958,ordinary_file_random,resnet18,family_balanced_accuracy,0.8763394714939658,3601,901,810,503,497,883,0.9800221975582686
28,20260958,ordinary_file_random,resnet18,family_macro_f1,0.8272995463777307,3601,901,810,503,497,883,0.9800221975582686
28,20260958,ordinary_file_random,resnet18,family_macro_ovr_auroc,0.9595326211052353,3601,901,810,503,497,883,0.9800221975582686
28,20260958,ordinary_file_random,resnet18,family_multiclass_log_loss,0.4943335745504361,3601,901,810,503,497,883,0.9800221975582686
28,20260958,augmentation_family_grouped,color_shortcut,accuracy,0.3912568306010929,3587,915,653,163,0,0,0.0
28,20260958,augmentation_family_grouped,color_shortcut,balanced_accuracy,0.37871756272230006,3587,915,653,163,0,0,0.0
28,20260958,augmentation_family_grouped,color_shortcut,macro_f1,0.3834917854551356,3587,915,653,163,0,0,0.0
28,20260958,augmentation_family_grouped,color_shortcut,macro_ovr_auroc,0.6571965768004059,3587,915,653,163,0,0,0.0
28,20260958,augmentation_family_grouped,color_shortcut,multiclass_log_loss,1.5220469832155175,3587,915,653,163,0,0,0.0
28,20260958,augmentation_family_grouped,color_shortcut,family_accuracy,0.4294478527607362,3587,915,653,163,0,0,0.0
28,20260958,augmentation_family_grouped,color_shortcut,family_balanced_accuracy,0.3786297852474323,3587,915,653,163,0,0,0.0
28,20260958,augmentation_family_grouped,color_shortcut,family_macro_f1,0.33461155072997173,3587,915,653,163,0,0,0.0
28,20260958,augmentation_family_grouped,color_shortcut,family_macro_ovr_auroc,0.6579425701532435,3587,915,653,163,0,0,0.0
28,20260958,augmentation_family_grouped,color_shortcut,family_multiclass_log_loss,1.2333226345390547,3587,915,653,163,0,0,0.0
28,20260958,augmentation_family_grouped,resnet18,accuracy,0.6491803278688525,3587,915,653,163,0,0,0.0
28,20260958,augmentation_family_grouped,resnet18,balanced_accuracy,0.6381341959580451,3587,915,653,163,0,0,0.0
28,20260958,augmentation_family_grouped,resnet18,macro_f1,0.6487101214672997,3587,915,653,163,0,0,0.0
28,20260958,augmentation_family_grouped,resnet18,macro_ovr_auroc,0.8409984647973929,3587,915,653,163,0,0,0.0
28,20260958,augmentation_family_grouped,resnet18,multiclass_log_loss,1.098370991216843,3587,915,653,163,0,0,0.0
28,20260958,augmentation_family_grouped,resnet18,family_accuracy,0.7177914110429447,3587,915,653,163,0,0,0.0
28,20260958,augmentation_family_grouped,resnet18,family_balanced_accuracy,0.643061391223156,3587,915,653,163,0,0,0.0
28,20260958,augmentation_family_grouped,resnet18,family_macro_f1,0.6091699155295647,3587,915,653,163,0,0,0.0
28,20260958,augmentation_family_grouped,resnet18,family_macro_ovr_auroc,0.8822581056541792,3587,915,653,163,0,0,0.0
28,20260958,augmentation_family_grouped,resnet18,family_multiclass_log_loss,0.6924580664260656,3587,915,653,163,0,0,0.0
29,20260959,ordinary_file_random,color_shortcut,accuracy,0.6748057713651499,3601,901,811,481,476,886,0.9833518312985572
29,20260959,ordinary_file_random,color_shortcut,balanced_accuracy,0.7102628657558702,3601,901,811,481,476,886,0.9833518312985572
29,20260959,ordinary_file_random,color_shortcut,macro_f1,0.6878525493544887,3601,901,811,481,476,886,0.9833518312985572
29,20260959,ordinary_file_random,color_shortcut,macro_ovr_auroc,0.8846787099598871,3601,901,811,481,476,886,0.9833518312985572
29,20260959,ordinary_file_random,color_shortcut,multiclass_log_loss,0.8007170915811045,3601,901,811,481,476,886,0.9833518312985572
29,20260959,ordinary_file_random,color_shortcut,family_accuracy,0.5966735966735967,3601,901,811,481,476,886,0.9833518312985572
29,20260959,ordinary_file_random,color_shortcut,family_balanced_accuracy,0.711090964446399,3601,901,811,481,476,886,0.9833518312985572
29,20260959,ordinary_file_random,color_shortcut,family_macro_f1,0.5896546595944635,3601,901,811,481,476,886,0.9833518312985572
29,20260959,ordinary_file_random,color_shortcut,family_macro_ovr_auroc,0.8648267800168017,3601,901,811,481,476,886,0.9833518312985572
29,20260959,ordinary_file_random,color_shortcut,family_multiclass_log_loss,0.9065137060860722,3601,901,811,481,476,886,0.9833518312985572
29,20260959,ordinary_file_random,resnet18,accuracy,0.8412874583795783,3601,901,811,481,476,886,0.9833518312985572
29,20260959,ordinary_file_random,resnet18,balanced_accuracy,0.8534779768388837,3601,901,811,481,476,886,0.9833518312985572
29,20260959,ordinary_file_random,resnet18,macro_f1,0.8531561127653985,3601,901,811,481,476,886,0.9833518312985572
29,20260959,ordinary_file_random,resnet18,macro_ovr_auroc,0.9661025396519279,3601,901,811,481,476,886,0.9833518312985572
29,20260959,ordinary_file_random,resnet18,multiclass_log_loss,0.42721610095705365,3601,901,811,481,476,886,0.9833518312985572
29,20260959,ordinary_file_random,resnet18,family_accuracy,0.8191268191268192,3601,901,811,481,476,886,0.9833518312985572
29,20260959,ordinary_file_random,resnet18,family_balanced_accuracy,0.8696319474983931,3601,901,811,481,476,886,0.9833518312985572
29,20260959,ordinary_file_random,resnet18,family_macro_f1,0.8377030387871535,3601,901,811,481,476,886,0.9833518312985572
29,20260959,ordinary_file_random,resnet18,family_macro_ovr_auroc,0.9596935765987504,3601,901,811,481,476,886,0.9833518312985572
29,20260959,ordinary_file_random,resnet18,family_multiclass_log_loss,0.4836323499191815,3601,901,811,481,476,886,0.9833518312985572
29,20260959,augmentation_family_grouped,color_shortcut,accuracy,0.515778019586507,3583,919,653,163,0,0,0.0
29,20260959,augmentation_family_grouped,color_shortcut,balanced_accuracy,0.49438031310085007,3583,919,653,163,0,0,0.0
29,20260959,augmentation_family_grouped,color_shortcut,macro_f1,0.49620359663882235,3583,919,653,163,0,0,0.0
29,20260959,augmentation_family_grouped,color_shortcut,macro_ovr_auroc,0.7701181035094733,3583,919,653,163,0,0,0.0
29,20260959,augmentation_family_grouped,color_shortcut,multiclass_log_loss,1.1847117812545584,3583,919,653,163,0,0,0.0
29,20260959,augmentation_family_grouped,color_shortcut,family_accuracy,0.5705521472392638,3583,919,653,163,0,0,0.0
29,20260959,augmentation_family_grouped,color_shortcut,family_balanced_accuracy,0.5086309523809524,3583,919,653,163,0,0,0.0
29,20260959,augmentation_family_grouped,color_shortcut,family_macro_f1,0.4503796546451795,3583,919,653,163,0,0,0.0
29,20260959,augmentation_family_grouped,color_shortcut,family_macro_ovr_auroc,0.7729931149011442,3583,919,653,163,0,0,0.0
29,20260959,augmentation_family_grouped,color_shortcut,family_multiclass_log_loss,1.017271651889515,3583,919,653,163,0,0,0.0
29,20260959,augmentation_family_grouped,resnet18,accuracy,0.6670293797606094,3583,919,653,163,0,0,0.0
29,20260959,augmentation_family_grouped,resnet18,balanced_accuracy,0.6368951239032199,3583,919,653,163,0,0,0.0
29,20260959,augmentation_family_grouped,resnet18,macro_f1,0.637652968621862,3583,919,653,163,0,0,0.0
29,20260959,augmentation_family_grouped,resnet18,macro_ovr_auroc,0.854183978460355,3583,919,653,163,0,0,0.0
29,20260959,augmentation_family_grouped,resnet18,multiclass_log_loss,1.100575779127032,3583,919,653,163,0,0,0.0
29,20260959,augmentation_family_grouped,resnet18,family_accuracy,0.7914110429447853,3583,919,653,163,0,0,0.0
29,20260959,augmentation_family_grouped,resnet18,family_balanced_accuracy,0.6750583566760038,3583,919,653,163,0,0,0.0
29,20260959,augmentation_family_grouped,resnet18,family_macro_f1,0.6602113363803273,3583,919,653,163,0,0,0.0
29,20260959,augmentation_family_grouped,resnet18,family_macro_ovr_auroc,0.9082305046709259,3583,919,653,163,0,0,0.0
29,20260959,augmentation_family_grouped,resnet18,family_multiclass_log_loss,0.5688012074977826,3583,919,653,163,0,0,0.0
