repetition,seed,dose,feature_model,endpoint,evaluation_panel,class,class_name,test_families,recall
0,20261002,0,resnet18,four_class,probe,0,healthy,85,0.823529411765
0,20261002,0,resnet18,four_class,probe,1,iris_yellow_virus,56,0.625
0,20261002,0,resnet18,four_class,probe,2,purple_blotch,4,0.5
0,20261002,0,resnet18,four_class,probe,3,stemphylium_colletotrichum_leaf_blight,18,0.777777777778
0,20261002,0,resnet18,four_class,sentinel,0,healthy,43,0.813953488372
0,20261002,0,resnet18,four_class,sentinel,1,iris_yellow_virus,28,0.535714285714
0,20261002,0,resnet18,four_class,sentinel,2,purple_blotch,2,0.5
0,20261002,0,resnet18,four_class,sentinel,3,stemphylium_colletotrichum_leaf_blight,9,0.888888888889
0,20261002,0,resnet18,binary_healthy_affected,probe,0,healthy,85,0.811764705882
0,20261002,0,resnet18,binary_healthy_affected,probe,1,affected,78,0.730769230769
0,20261002,0,resnet18,binary_healthy_affected,sentinel,0,healthy,43,0.837209302326
0,20261002,0,resnet18,binary_healthy_affected,sentinel,1,affected,39,0.794871794872
0,20261002,0,color_shortcut,four_class,probe,0,healthy,85,0.482352941176
0,20261002,0,color_shortcut,four_class,probe,1,iris_yellow_virus,56,0.321428571429
0,20261002,0,color_shortcut,four_class,probe,2,purple_blotch,4,0.75
0,20261002,0,color_shortcut,four_class,probe,3,stemphylium_colletotrichum_leaf_blight,18,0.277777777778
0,20261002,0,color_shortcut,four_class,sentinel,0,healthy,43,0.511627906977
0,20261002,0,color_shortcut,four_class,sentinel,1,iris_yellow_virus,28,0.571428571429
0,20261002,0,color_shortcut,four_class,sentinel,2,purple_blotch,2,0
0,20261002,0,color_shortcut,four_class,sentinel,3,stemphylium_colletotrichum_leaf_blight,9,0.222222222222
0,20261002,0,color_shortcut,binary_healthy_affected,probe,0,healthy,85,0.623529411765
0,20261002,0,color_shortcut,binary_healthy_affected,probe,1,affected,78,0.602564102564
0,20261002,0,color_shortcut,binary_healthy_affected,sentinel,0,healthy,43,0.744186046512
0,20261002,0,color_shortcut,binary_healthy_affected,sentinel,1,affected,39,0.74358974359
0,20261002,0.5,resnet18,four_class,probe,0,healthy,85,0.764705882353
0,20261002,0.5,resnet18,four_class,probe,1,iris_yellow_virus,56,0.660714285714
0,20261002,0.5,resnet18,four_class,probe,2,purple_blotch,4,0.25
0,20261002,0.5,resnet18,four_class,probe,3,stemphylium_colletotrichum_leaf_blight,18,0.666666666667
0,20261002,0.5,resnet18,four_class,sentinel,0,healthy,43,0.767441860465
0,20261002,0.5,resnet18,four_class,sentinel,1,iris_yellow_virus,28,0.607142857143
0,20261002,0.5,resnet18,four_class,sentinel,2,purple_blotch,2,0.5
0,20261002,0.5,resnet18,four_class,sentinel,3,stemphylium_colletotrichum_leaf_blight,9,1
0,20261002,0.5,resnet18,binary_healthy_affected,probe,0,healthy,85,0.8
0,20261002,0.5,resnet18,binary_healthy_affected,probe,1,affected,78,0.769230769231
0,20261002,0.5,resnet18,binary_healthy_affected,sentinel,0,healthy,43,0.813953488372
0,20261002,0.5,resnet18,binary_healthy_affected,sentinel,1,affected,39,0.846153846154
0,20261002,0.5,color_shortcut,four_class,probe,0,healthy,85,0.494117647059
0,20261002,0.5,color_shortcut,four_class,probe,1,iris_yellow_virus,56,0.357142857143
0,20261002,0.5,color_shortcut,four_class,probe,2,purple_blotch,4,1
0,20261002,0.5,color_shortcut,four_class,probe,3,stemphylium_colletotrichum_leaf_blight,18,0.5
0,20261002,0.5,color_shortcut,four_class,sentinel,0,healthy,43,0.46511627907
0,20261002,0.5,color_shortcut,four_class,sentinel,1,iris_yellow_virus,28,0.571428571429
0,20261002,0.5,color_shortcut,four_class,sentinel,2,purple_blotch,2,0.5
0,20261002,0.5,color_shortcut,four_class,sentinel,3,stemphylium_colletotrichum_leaf_blight,9,0.444444444444
0,20261002,0.5,color_shortcut,binary_healthy_affected,probe,0,healthy,85,0.694117647059
0,20261002,0.5,color_shortcut,binary_healthy_affected,probe,1,affected,78,0.666666666667
0,20261002,0.5,color_shortcut,binary_healthy_affected,sentinel,0,healthy,43,0.720930232558
0,20261002,0.5,color_shortcut,binary_healthy_affected,sentinel,1,affected,39,0.794871794872
0,20261002,1,resnet18,four_class,probe,0,healthy,85,0.835294117647
0,20261002,1,resnet18,four_class,probe,1,iris_yellow_virus,56,0.714285714286
0,20261002,1,resnet18,four_class,probe,2,purple_blotch,4,0.25
0,20261002,1,resnet18,four_class,probe,3,stemphylium_colletotrichum_leaf_blight,18,0.777777777778
0,20261002,1,resnet18,four_class,sentinel,0,healthy,43,0.790697674419
0,20261002,1,resnet18,four_class,sentinel,1,iris_yellow_virus,28,0.678571428571
0,20261002,1,resnet18,four_class,sentinel,2,purple_blotch,2,0.5
0,20261002,1,resnet18,four_class,sentinel,3,stemphylium_colletotrichum_leaf_blight,9,0.888888888889
0,20261002,1,resnet18,binary_healthy_affected,probe,0,healthy,85,0.847058823529
0,20261002,1,resnet18,binary_healthy_affected,probe,1,affected,78,0.807692307692
0,20261002,1,resnet18,binary_healthy_affected,sentinel,0,healthy,43,0.790697674419
0,20261002,1,resnet18,binary_healthy_affected,sentinel,1,affected,39,0.871794871795
0,20261002,1,color_shortcut,four_class,probe,0,healthy,85,0.564705882353
0,20261002,1,color_shortcut,four_class,probe,1,iris_yellow_virus,56,0.517857142857
0,20261002,1,color_shortcut,four_class,probe,2,purple_blotch,4,1
0,20261002,1,color_shortcut,four_class,probe,3,stemphylium_colletotrichum_leaf_blight,18,0.666666666667
0,20261002,1,color_shortcut,four_class,sentinel,0,healthy,43,0.558139534884
0,20261002,1,color_shortcut,four_class,sentinel,1,iris_yellow_virus,28,0.535714285714
0,20261002,1,color_shortcut,four_class,sentinel,2,purple_blotch,2,0.5
0,20261002,1,color_shortcut,four_class,sentinel,3,stemphylium_colletotrichum_leaf_blight,9,0.444444444444
0,20261002,1,color_shortcut,binary_healthy_affected,probe,0,healthy,85,0.729411764706
0,20261002,1,color_shortcut,binary_healthy_affected,probe,1,affected,78,0.705128205128
0,20261002,1,color_shortcut,binary_healthy_affected,sentinel,0,healthy,43,0.651162790698
0,20261002,1,color_shortcut,binary_healthy_affected,sentinel,1,affected,39,0.820512820513
1,20261003,0,resnet18,four_class,probe,0,healthy,85,0.858823529412
1,20261003,0,resnet18,four_class,probe,1,iris_yellow_virus,56,0.607142857143
1,20261003,0,resnet18,four_class,probe,2,purple_blotch,4,0.25
1,20261003,0,resnet18,four_class,probe,3,stemphylium_colletotrichum_leaf_blight,18,0.444444444444
1,20261003,0,resnet18,four_class,sentinel,0,healthy,43,0.744186046512
1,20261003,0,resnet18,four_class,sentinel,1,iris_yellow_virus,28,0.678571428571
1,20261003,0,resnet18,four_class,sentinel,2,purple_blotch,2,0
1,20261003,0,resnet18,four_class,sentinel,3,stemphylium_colletotrichum_leaf_blight,9,0.888888888889
1,20261003,0,resnet18,binary_healthy_affected,probe,0,healthy,85,0.905882352941
1,20261003,0,resnet18,binary_healthy_affected,probe,1,affected,78,0.769230769231
1,20261003,0,resnet18,binary_healthy_affected,sentinel,0,healthy,43,0.837209302326
1,20261003,0,resnet18,binary_healthy_affected,sentinel,1,affected,39,0.769230769231
1,20261003,0,color_shortcut,four_class,probe,0,healthy,85,0.552941176471
1,20261003,0,color_shortcut,four_class,probe,1,iris_yellow_virus,56,0.410714285714
1,20261003,0,color_shortcut,four_class,probe,2,purple_blotch,4,0
1,20261003,0,color_shortcut,four_class,probe,3,stemphylium_colletotrichum_leaf_blight,18,0.388888888889
1,20261003,0,color_shortcut,four_class,sentinel,0,healthy,43,0.441860465116
1,20261003,0,color_shortcut,four_class,sentinel,1,iris_yellow_virus,28,0.357142857143
1,20261003,0,color_shortcut,four_class,sentinel,2,purple_blotch,2,1
1,20261003,0,color_shortcut,four_class,sentinel,3,stemphylium_colletotrichum_leaf_blight,9,0.555555555556
1,20261003,0,color_shortcut,binary_healthy_affected,probe,0,healthy,85,0.694117647059
1,20261003,0,color_shortcut,binary_healthy_affected,probe,1,affected,78,0.679487179487
1,20261003,0,color_shortcut,binary_healthy_affected,sentinel,0,healthy,43,0.674418604651
1,20261003,0,color_shortcut,binary_healthy_affected,sentinel,1,affected,39,0.666666666667
1,20261003,0.5,resnet18,four_class,probe,0,healthy,85,0.858823529412
1,20261003,0.5,resnet18,four_class,probe,1,iris_yellow_virus,56,0.732142857143
1,20261003,0.5,resnet18,four_class,probe,2,purple_blotch,4,0.75
1,20261003,0.5,resnet18,four_class,probe,3,stemphylium_colletotrichum_leaf_blight,18,0.666666666667
1,20261003,0.5,resnet18,four_class,sentinel,0,healthy,43,0.720930232558
1,20261003,0.5,resnet18,four_class,sentinel,1,iris_yellow_virus,28,0.607142857143
1,20261003,0.5,resnet18,four_class,sentinel,2,purple_blotch,2,0
1,20261003,0.5,resnet18,four_class,sentinel,3,stemphylium_colletotrichum_leaf_blight,9,0.888888888889
1,20261003,0.5,resnet18,binary_healthy_affected,probe,0,healthy,85,0.905882352941
1,20261003,0.5,resnet18,binary_healthy_affected,probe,1,affected,78,0.807692307692
1,20261003,0.5,resnet18,binary_healthy_affected,sentinel,0,healthy,43,0.767441860465
1,20261003,0.5,resnet18,binary_healthy_affected,sentinel,1,affected,39,0.820512820513
1,20261003,0.5,color_shortcut,four_class,probe,0,healthy,85,0.576470588235
1,20261003,0.5,color_shortcut,four_class,probe,1,iris_yellow_virus,56,0.428571428571
1,20261003,0.5,color_shortcut,four_class,probe,2,purple_blotch,4,0.5
1,20261003,0.5,color_shortcut,four_class,probe,3,stemphylium_colletotrichum_leaf_blight,18,0.666666666667
1,20261003,0.5,color_shortcut,four_class,sentinel,0,healthy,43,0.441860465116
1,20261003,0.5,color_shortcut,four_class,sentinel,1,iris_yellow_virus,28,0.392857142857
1,20261003,0.5,color_shortcut,four_class,sentinel,2,purple_blotch,2,1
1,20261003,0.5,color_shortcut,four_class,sentinel,3,stemphylium_colletotrichum_leaf_blight,9,0.555555555556
1,20261003,0.5,color_shortcut,binary_healthy_affected,probe,0,healthy,85,0.717647058824
1,20261003,0.5,color_shortcut,binary_healthy_affected,probe,1,affected,78,0.679487179487
1,20261003,0.5,color_shortcut,binary_healthy_affected,sentinel,0,healthy,43,0.604651162791
1,20261003,0.5,color_shortcut,binary_healthy_affected,sentinel,1,affected,39,0.641025641026
1,20261003,1,resnet18,four_class,probe,0,healthy,85,0.905882352941
1,20261003,1,resnet18,four_class,probe,1,iris_yellow_virus,56,0.767857142857
1,20261003,1,resnet18,four_class,probe,2,purple_blotch,4,1
1,20261003,1,resnet18,four_class,probe,3,stemphylium_colletotrichum_leaf_blight,18,0.722222222222
1,20261003,1,resnet18,four_class,sentinel,0,healthy,43,0.720930232558
1,20261003,1,resnet18,four_class,sentinel,1,iris_yellow_virus,28,0.678571428571
1,20261003,1,resnet18,four_class,sentinel,2,purple_blotch,2,0.5
1,20261003,1,resnet18,four_class,sentinel,3,stemphylium_colletotrichum_leaf_blight,9,0.777777777778
1,20261003,1,resnet18,binary_healthy_affected,probe,0,healthy,85,0.929411764706
1,20261003,1,resnet18,binary_healthy_affected,probe,1,affected,78,0.820512820513
1,20261003,1,resnet18,binary_healthy_affected,sentinel,0,healthy,43,0.744186046512
1,20261003,1,resnet18,binary_healthy_affected,sentinel,1,affected,39,0.820512820513
1,20261003,1,color_shortcut,four_class,probe,0,healthy,85,0.635294117647
1,20261003,1,color_shortcut,four_class,probe,1,iris_yellow_virus,56,0.589285714286
1,20261003,1,color_shortcut,four_class,probe,2,purple_blotch,4,1
1,20261003,1,color_shortcut,four_class,probe,3,stemphylium_colletotrichum_leaf_blight,18,0.777777777778
1,20261003,1,color_shortcut,four_class,sentinel,0,healthy,43,0.441860465116
1,20261003,1,color_shortcut,four_class,sentinel,1,iris_yellow_virus,28,0.428571428571
1,20261003,1,color_shortcut,four_class,sentinel,2,purple_blotch,2,1
1,20261003,1,color_shortcut,four_class,sentinel,3,stemphylium_colletotrichum_leaf_blight,9,0.777777777778
1,20261003,1,color_shortcut,binary_healthy_affected,probe,0,healthy,85,0.764705882353
1,20261003,1,color_shortcut,binary_healthy_affected,probe,1,affected,78,0.730769230769
1,20261003,1,color_shortcut,binary_healthy_affected,sentinel,0,healthy,43,0.627906976744
1,20261003,1,color_shortcut,binary_healthy_affected,sentinel,1,affected,39,0.692307692308
2,20261004,0,resnet18,four_class,probe,0,healthy,85,0.811764705882
2,20261004,0,resnet18,four_class,probe,1,iris_yellow_virus,56,0.75
2,20261004,0,resnet18,four_class,probe,2,purple_blotch,4,0.25
2,20261004,0,resnet18,four_class,probe,3,stemphylium_colletotrichum_leaf_blight,18,0.611111111111
2,20261004,0,resnet18,four_class,sentinel,0,healthy,43,0.744186046512
2,20261004,0,resnet18,four_class,sentinel,1,iris_yellow_virus,28,0.75
2,20261004,0,resnet18,four_class,sentinel,2,purple_blotch,2,0
2,20261004,0,resnet18,four_class,sentinel,3,stemphylium_colletotrichum_leaf_blight,9,0.666666666667
2,20261004,0,resnet18,binary_healthy_affected,probe,0,healthy,85,0.811764705882
2,20261004,0,resnet18,binary_healthy_affected,probe,1,affected,78,0.833333333333
2,20261004,0,resnet18,binary_healthy_affected,sentinel,0,healthy,43,0.813953488372
2,20261004,0,resnet18,binary_healthy_affected,sentinel,1,affected,39,0.769230769231
2,20261004,0,color_shortcut,four_class,probe,0,healthy,85,0.564705882353
2,20261004,0,color_shortcut,four_class,probe,1,iris_yellow_virus,56,0.535714285714
2,20261004,0,color_shortcut,four_class,probe,2,purple_blotch,4,0.25
2,20261004,0,color_shortcut,four_class,probe,3,stemphylium_colletotrichum_leaf_blight,18,0.444444444444
2,20261004,0,color_shortcut,four_class,sentinel,0,healthy,43,0.53488372093
2,20261004,0,color_shortcut,four_class,sentinel,1,iris_yellow_virus,28,0.357142857143
2,20261004,0,color_shortcut,four_class,sentinel,2,purple_blotch,2,0
2,20261004,0,color_shortcut,four_class,sentinel,3,stemphylium_colletotrichum_leaf_blight,9,0.555555555556
2,20261004,0,color_shortcut,binary_healthy_affected,probe,0,healthy,85,0.658823529412
2,20261004,0,color_shortcut,binary_healthy_affected,probe,1,affected,78,0.692307692308
2,20261004,0,color_shortcut,binary_healthy_affected,sentinel,0,healthy,43,0.604651162791
2,20261004,0,color_shortcut,binary_healthy_affected,sentinel,1,affected,39,0.589743589744
2,20261004,0.5,resnet18,four_class,probe,0,healthy,85,0.835294117647
2,20261004,0.5,resnet18,four_class,probe,1,iris_yellow_virus,56,0.785714285714
2,20261004,0.5,resnet18,four_class,probe,2,purple_blotch,4,0.5
2,20261004,0.5,resnet18,four_class,probe,3,stemphylium_colletotrichum_leaf_blight,18,0.722222222222
2,20261004,0.5,resnet18,four_class,sentinel,0,healthy,43,0.744186046512
2,20261004,0.5,resnet18,four_class,sentinel,1,iris_yellow_virus,28,0.571428571429
2,20261004,0.5,resnet18,four_class,sentinel,2,purple_blotch,2,0
2,20261004,0.5,resnet18,four_class,sentinel,3,stemphylium_colletotrichum_leaf_blight,9,0.666666666667
2,20261004,0.5,resnet18,binary_healthy_affected,probe,0,healthy,85,0.858823529412
2,20261004,0.5,resnet18,binary_healthy_affected,probe,1,affected,78,0.858974358974
2,20261004,0.5,resnet18,binary_healthy_affected,sentinel,0,healthy,43,0.837209302326
2,20261004,0.5,resnet18,binary_healthy_affected,sentinel,1,affected,39,0.74358974359
2,20261004,0.5,color_shortcut,four_class,probe,0,healthy,85,0.611764705882
2,20261004,0.5,color_shortcut,four_class,probe,1,iris_yellow_virus,56,0.607142857143
2,20261004,0.5,color_shortcut,four_class,probe,2,purple_blotch,4,0.75
2,20261004,0.5,color_shortcut,four_class,probe,3,stemphylium_colletotrichum_leaf_blight,18,0.611111111111
2,20261004,0.5,color_shortcut,four_class,sentinel,0,healthy,43,0.511627906977
2,20261004,0.5,color_shortcut,four_class,sentinel,1,iris_yellow_virus,28,0.321428571429
2,20261004,0.5,color_shortcut,four_class,sentinel,2,purple_blotch,2,0
2,20261004,0.5,color_shortcut,four_class,sentinel,3,stemphylium_colletotrichum_leaf_blight,9,0.555555555556
2,20261004,0.5,color_shortcut,binary_healthy_affected,probe,0,healthy,85,0.658823529412
2,20261004,0.5,color_shortcut,binary_healthy_affected,probe,1,affected,78,0.782051282051
2,20261004,0.5,color_shortcut,binary_healthy_affected,sentinel,0,healthy,43,0.581395348837
2,20261004,0.5,color_shortcut,binary_healthy_affected,sentinel,1,affected,39,0.615384615385
2,20261004,1,resnet18,four_class,probe,0,healthy,85,0.823529411765
2,20261004,1,resnet18,four_class,probe,1,iris_yellow_virus,56,0.767857142857
2,20261004,1,resnet18,four_class,probe,2,purple_blotch,4,0.75
2,20261004,1,resnet18,four_class,probe,3,stemphylium_colletotrichum_leaf_blight,18,0.833333333333
2,20261004,1,resnet18,four_class,sentinel,0,healthy,43,0.813953488372
2,20261004,1,resnet18,four_class,sentinel,1,iris_yellow_virus,28,0.642857142857
2,20261004,1,resnet18,four_class,sentinel,2,purple_blotch,2,0
2,20261004,1,resnet18,four_class,sentinel,3,stemphylium_colletotrichum_leaf_blight,9,0.555555555556
2,20261004,1,resnet18,binary_healthy_affected,probe,0,healthy,85,0.882352941176
2,20261004,1,resnet18,binary_healthy_affected,probe,1,affected,78,0.846153846154
2,20261004,1,resnet18,binary_healthy_affected,sentinel,0,healthy,43,0.906976744186
2,20261004,1,resnet18,binary_healthy_affected,sentinel,1,affected,39,0.769230769231
2,20261004,1,color_shortcut,four_class,probe,0,healthy,85,0.588235294118
2,20261004,1,color_shortcut,four_class,probe,1,iris_yellow_virus,56,0.642857142857
2,20261004,1,color_shortcut,four_class,probe,2,purple_blotch,4,0.75
2,20261004,1,color_shortcut,four_class,probe,3,stemphylium_colletotrichum_leaf_blight,18,0.833333333333
2,20261004,1,color_shortcut,four_class,sentinel,0,healthy,43,0.46511627907
2,20261004,1,color_shortcut,four_class,sentinel,1,iris_yellow_virus,28,0.392857142857
2,20261004,1,color_shortcut,four_class,sentinel,2,purple_blotch,2,0
2,20261004,1,color_shortcut,four_class,sentinel,3,stemphylium_colletotrichum_leaf_blight,9,0.555555555556
2,20261004,1,color_shortcut,binary_healthy_affected,probe,0,healthy,85,0.717647058824
2,20261004,1,color_shortcut,binary_healthy_affected,probe,1,affected,78,0.794871794872
2,20261004,1,color_shortcut,binary_healthy_affected,sentinel,0,healthy,43,0.581395348837
2,20261004,1,color_shortcut,binary_healthy_affected,sentinel,1,affected,39,0.538461538462
3,20261005,0,resnet18,four_class,probe,0,healthy,85,0.811764705882
3,20261005,0,resnet18,four_class,probe,1,iris_yellow_virus,56,0.696428571429
3,20261005,0,resnet18,four_class,probe,2,purple_blotch,4,0.5
3,20261005,0,resnet18,four_class,probe,3,stemphylium_colletotrichum_leaf_blight,18,0.5
3,20261005,0,resnet18,four_class,sentinel,0,healthy,43,0.720930232558
3,20261005,0,resnet18,four_class,sentinel,1,iris_yellow_virus,28,0.607142857143
3,20261005,0,resnet18,four_class,sentinel,2,purple_blotch,2,0
3,20261005,0,resnet18,four_class,sentinel,3,stemphylium_colletotrichum_leaf_blight,9,0.666666666667
3,20261005,0,resnet18,binary_healthy_affected,probe,0,healthy,85,0.835294117647
3,20261005,0,resnet18,binary_healthy_affected,probe,1,affected,78,0.833333333333
3,20261005,0,resnet18,binary_healthy_affected,sentinel,0,healthy,43,0.837209302326
3,20261005,0,resnet18,binary_healthy_affected,sentinel,1,affected,39,0.74358974359
3,20261005,0,color_shortcut,four_class,probe,0,healthy,85,0.458823529412
3,20261005,0,color_shortcut,four_class,probe,1,iris_yellow_virus,56,0.464285714286
3,20261005,0,color_shortcut,four_class,probe,2,purple_blotch,4,0
3,20261005,0,color_shortcut,four_class,probe,3,stemphylium_colletotrichum_leaf_blight,18,0.333333333333
3,20261005,0,color_shortcut,four_class,sentinel,0,healthy,43,0.627906976744
3,20261005,0,color_shortcut,four_class,sentinel,1,iris_yellow_virus,28,0.357142857143
3,20261005,0,color_shortcut,four_class,sentinel,2,purple_blotch,2,0.5
3,20261005,0,color_shortcut,four_class,sentinel,3,stemphylium_colletotrichum_leaf_blight,9,0.555555555556
3,20261005,0,color_shortcut,binary_healthy_affected,probe,0,healthy,85,0.670588235294
3,20261005,0,color_shortcut,binary_healthy_affected,probe,1,affected,78,0.602564102564
3,20261005,0,color_shortcut,binary_healthy_affected,sentinel,0,healthy,43,0.674418604651
3,20261005,0,color_shortcut,binary_healthy_affected,sentinel,1,affected,39,0.717948717949
3,20261005,0.5,resnet18,four_class,probe,0,healthy,85,0.835294117647
3,20261005,0.5,resnet18,four_class,probe,1,iris_yellow_virus,56,0.678571428571
3,20261005,0.5,resnet18,four_class,probe,2,purple_blotch,4,0.75
3,20261005,0.5,resnet18,four_class,probe,3,stemphylium_colletotrichum_leaf_blight,18,0.611111111111
3,20261005,0.5,resnet18,four_class,sentinel,0,healthy,43,0.674418604651
3,20261005,0.5,resnet18,four_class,sentinel,1,iris_yellow_virus,28,0.642857142857
3,20261005,0.5,resnet18,four_class,sentinel,2,purple_blotch,2,0
3,20261005,0.5,resnet18,four_class,sentinel,3,stemphylium_colletotrichum_leaf_blight,9,0.777777777778
3,20261005,0.5,resnet18,binary_healthy_affected,probe,0,healthy,85,0.847058823529
3,20261005,0.5,resnet18,binary_healthy_affected,probe,1,affected,78,0.833333333333
3,20261005,0.5,resnet18,binary_healthy_affected,sentinel,0,healthy,43,0.813953488372
3,20261005,0.5,resnet18,binary_healthy_affected,sentinel,1,affected,39,0.769230769231
3,20261005,0.5,color_shortcut,four_class,probe,0,healthy,85,0.552941176471
3,20261005,0.5,color_shortcut,four_class,probe,1,iris_yellow_virus,56,0.517857142857
3,20261005,0.5,color_shortcut,four_class,probe,2,purple_blotch,4,0.5
3,20261005,0.5,color_shortcut,four_class,probe,3,stemphylium_colletotrichum_leaf_blight,18,0.555555555556
3,20261005,0.5,color_shortcut,four_class,sentinel,0,healthy,43,0.581395348837
3,20261005,0.5,color_shortcut,four_class,sentinel,1,iris_yellow_virus,28,0.464285714286
3,20261005,0.5,color_shortcut,four_class,sentinel,2,purple_blotch,2,0
3,20261005,0.5,color_shortcut,four_class,sentinel,3,stemphylium_colletotrichum_leaf_blight,9,0.555555555556
3,20261005,0.5,color_shortcut,binary_healthy_affected,probe,0,healthy,85,0.670588235294
3,20261005,0.5,color_shortcut,binary_healthy_affected,probe,1,affected,78,0.692307692308
3,20261005,0.5,color_shortcut,binary_healthy_affected,sentinel,0,healthy,43,0.651162790698
3,20261005,0.5,color_shortcut,binary_healthy_affected,sentinel,1,affected,39,0.692307692308
3,20261005,1,resnet18,four_class,probe,0,healthy,85,0.858823529412
3,20261005,1,resnet18,four_class,probe,1,iris_yellow_virus,56,0.732142857143
3,20261005,1,resnet18,four_class,probe,2,purple_blotch,4,0.75
3,20261005,1,resnet18,four_class,probe,3,stemphylium_colletotrichum_leaf_blight,18,0.666666666667
3,20261005,1,resnet18,four_class,sentinel,0,healthy,43,0.767441860465
3,20261005,1,resnet18,four_class,sentinel,1,iris_yellow_virus,28,0.535714285714
3,20261005,1,resnet18,four_class,sentinel,2,purple_blotch,2,0
3,20261005,1,resnet18,four_class,sentinel,3,stemphylium_colletotrichum_leaf_blight,9,0.666666666667
3,20261005,1,resnet18,binary_healthy_affected,probe,0,healthy,85,0.870588235294
3,20261005,1,resnet18,binary_healthy_affected,probe,1,affected,78,0.858974358974
3,20261005,1,resnet18,binary_healthy_affected,sentinel,0,healthy,43,0.813953488372
3,20261005,1,resnet18,binary_healthy_affected,sentinel,1,affected,39,0.717948717949
3,20261005,1,color_shortcut,four_class,probe,0,healthy,85,0.494117647059
3,20261005,1,color_shortcut,four_class,probe,1,iris_yellow_virus,56,0.589285714286
3,20261005,1,color_shortcut,four_class,probe,2,purple_blotch,4,1
3,20261005,1,color_shortcut,four_class,probe,3,stemphylium_colletotrichum_leaf_blight,18,0.833333333333
3,20261005,1,color_shortcut,four_class,sentinel,0,healthy,43,0.511627906977
3,20261005,1,color_shortcut,four_class,sentinel,1,iris_yellow_virus,28,0.5
3,20261005,1,color_shortcut,four_class,sentinel,2,purple_blotch,2,0
3,20261005,1,color_shortcut,four_class,sentinel,3,stemphylium_colletotrichum_leaf_blight,9,0.444444444444
3,20261005,1,color_shortcut,binary_healthy_affected,probe,0,healthy,85,0.682352941176
3,20261005,1,color_shortcut,binary_healthy_affected,probe,1,affected,78,0.653846153846
3,20261005,1,color_shortcut,binary_healthy_affected,sentinel,0,healthy,43,0.627906976744
3,20261005,1,color_shortcut,binary_healthy_affected,sentinel,1,affected,39,0.717948717949
4,20261006,0,resnet18,four_class,probe,0,healthy,85,0.847058823529
4,20261006,0,resnet18,four_class,probe,1,iris_yellow_virus,56,0.678571428571
4,20261006,0,resnet18,four_class,probe,2,purple_blotch,4,0.75
4,20261006,0,resnet18,four_class,probe,3,stemphylium_colletotrichum_leaf_blight,18,0.5
4,20261006,0,resnet18,four_class,sentinel,0,healthy,43,0.837209302326
4,20261006,0,resnet18,four_class,sentinel,1,iris_yellow_virus,28,0.607142857143
4,20261006,0,resnet18,four_class,sentinel,2,purple_blotch,2,1
4,20261006,0,resnet18,four_class,sentinel,3,stemphylium_colletotrichum_leaf_blight,9,0.666666666667
4,20261006,0,resnet18,binary_healthy_affected,probe,0,healthy,85,0.870588235294
4,20261006,0,resnet18,binary_healthy_affected,probe,1,affected,78,0.833333333333
4,20261006,0,resnet18,binary_healthy_affected,sentinel,0,healthy,43,0.837209302326
4,20261006,0,resnet18,binary_healthy_affected,sentinel,1,affected,39,0.74358974359
4,20261006,0,color_shortcut,four_class,probe,0,healthy,85,0.517647058824
4,20261006,0,color_shortcut,four_class,probe,1,iris_yellow_virus,56,0.410714285714
4,20261006,0,color_shortcut,four_class,probe,2,purple_blotch,4,0.5
4,20261006,0,color_shortcut,four_class,probe,3,stemphylium_colletotrichum_leaf_blight,18,0.444444444444
4,20261006,0,color_shortcut,four_class,sentinel,0,healthy,43,0.511627906977
4,20261006,0,color_shortcut,four_class,sentinel,1,iris_yellow_virus,28,0.428571428571
4,20261006,0,color_shortcut,four_class,sentinel,2,purple_blotch,2,1
4,20261006,0,color_shortcut,four_class,sentinel,3,stemphylium_colletotrichum_leaf_blight,9,0.444444444444
4,20261006,0,color_shortcut,binary_healthy_affected,probe,0,healthy,85,0.635294117647
4,20261006,0,color_shortcut,binary_healthy_affected,probe,1,affected,78,0.615384615385
4,20261006,0,color_shortcut,binary_healthy_affected,sentinel,0,healthy,43,0.651162790698
4,20261006,0,color_shortcut,binary_healthy_affected,sentinel,1,affected,39,0.615384615385
4,20261006,0.5,resnet18,four_class,probe,0,healthy,85,0.811764705882
4,20261006,0.5,resnet18,four_class,probe,1,iris_yellow_virus,56,0.767857142857
4,20261006,0.5,resnet18,four_class,probe,2,purple_blotch,4,0.75
4,20261006,0.5,resnet18,four_class,probe,3,stemphylium_colletotrichum_leaf_blight,18,0.666666666667
4,20261006,0.5,resnet18,four_class,sentinel,0,healthy,43,0.790697674419
4,20261006,0.5,resnet18,four_class,sentinel,1,iris_yellow_virus,28,0.642857142857
4,20261006,0.5,resnet18,four_class,sentinel,2,purple_blotch,2,1
4,20261006,0.5,resnet18,four_class,sentinel,3,stemphylium_colletotrichum_leaf_blight,9,0.777777777778
4,20261006,0.5,resnet18,binary_healthy_affected,probe,0,healthy,85,0.858823529412
4,20261006,0.5,resnet18,binary_healthy_affected,probe,1,affected,78,0.871794871795
4,20261006,0.5,resnet18,binary_healthy_affected,sentinel,0,healthy,43,0.813953488372
4,20261006,0.5,resnet18,binary_healthy_affected,sentinel,1,affected,39,0.769230769231
4,20261006,0.5,color_shortcut,four_class,probe,0,healthy,85,0.529411764706
4,20261006,0.5,color_shortcut,four_class,probe,1,iris_yellow_virus,56,0.482142857143
4,20261006,0.5,color_shortcut,four_class,probe,2,purple_blotch,4,0.75
4,20261006,0.5,color_shortcut,four_class,probe,3,stemphylium_colletotrichum_leaf_blight,18,0.555555555556
4,20261006,0.5,color_shortcut,four_class,sentinel,0,healthy,43,0.418604651163
4,20261006,0.5,color_shortcut,four_class,sentinel,1,iris_yellow_virus,28,0.571428571429
4,20261006,0.5,color_shortcut,four_class,sentinel,2,purple_blotch,2,1
4,20261006,0.5,color_shortcut,four_class,sentinel,3,stemphylium_colletotrichum_leaf_blight,9,0.444444444444
4,20261006,0.5,color_shortcut,binary_healthy_affected,probe,0,healthy,85,0.647058823529
4,20261006,0.5,color_shortcut,binary_healthy_affected,probe,1,affected,78,0.653846153846
4,20261006,0.5,color_shortcut,binary_healthy_affected,sentinel,0,healthy,43,0.674418604651
4,20261006,0.5,color_shortcut,binary_healthy_affected,sentinel,1,affected,39,0.692307692308
4,20261006,1,resnet18,four_class,probe,0,healthy,85,0.858823529412
4,20261006,1,resnet18,four_class,probe,1,iris_yellow_virus,56,0.767857142857
4,20261006,1,resnet18,four_class,probe,2,purple_blotch,4,0.75
4,20261006,1,resnet18,four_class,probe,3,stemphylium_colletotrichum_leaf_blight,18,0.777777777778
4,20261006,1,resnet18,four_class,sentinel,0,healthy,43,0.813953488372
4,20261006,1,resnet18,four_class,sentinel,1,iris_yellow_virus,28,0.571428571429
4,20261006,1,resnet18,four_class,sentinel,2,purple_blotch,2,1
4,20261006,1,resnet18,four_class,sentinel,3,stemphylium_colletotrichum_leaf_blight,9,0.888888888889
4,20261006,1,resnet18,binary_healthy_affected,probe,0,healthy,85,0.870588235294
4,20261006,1,resnet18,binary_healthy_affected,probe,1,affected,78,0.871794871795
4,20261006,1,resnet18,binary_healthy_affected,sentinel,0,healthy,43,0.860465116279
4,20261006,1,resnet18,binary_healthy_affected,sentinel,1,affected,39,0.769230769231
4,20261006,1,color_shortcut,four_class,probe,0,healthy,85,0.517647058824
4,20261006,1,color_shortcut,four_class,probe,1,iris_yellow_virus,56,0.5
4,20261006,1,color_shortcut,four_class,probe,2,purple_blotch,4,1
4,20261006,1,color_shortcut,four_class,probe,3,stemphylium_colletotrichum_leaf_blight,18,0.722222222222
4,20261006,1,color_shortcut,four_class,sentinel,0,healthy,43,0.372093023256
4,20261006,1,color_shortcut,four_class,sentinel,1,iris_yellow_virus,28,0.571428571429
4,20261006,1,color_shortcut,four_class,sentinel,2,purple_blotch,2,1
4,20261006,1,color_shortcut,four_class,sentinel,3,stemphylium_colletotrichum_leaf_blight,9,0.555555555556
4,20261006,1,color_shortcut,binary_healthy_affected,probe,0,healthy,85,0.682352941176
4,20261006,1,color_shortcut,binary_healthy_affected,probe,1,affected,78,0.730769230769
4,20261006,1,color_shortcut,binary_healthy_affected,sentinel,0,healthy,43,0.604651162791
4,20261006,1,color_shortcut,binary_healthy_affected,sentinel,1,affected,39,0.564102564103
5,20261007,0,resnet18,four_class,probe,0,healthy,85,0.776470588235
5,20261007,0,resnet18,four_class,probe,1,iris_yellow_virus,56,0.696428571429
5,20261007,0,resnet18,four_class,probe,2,purple_blotch,4,0
5,20261007,0,resnet18,four_class,probe,3,stemphylium_colletotrichum_leaf_blight,18,0.444444444444
5,20261007,0,resnet18,four_class,sentinel,0,healthy,43,0.883720930233
5,20261007,0,resnet18,four_class,sentinel,1,iris_yellow_virus,28,0.642857142857
5,20261007,0,resnet18,four_class,sentinel,2,purple_blotch,2,0.5
5,20261007,0,resnet18,four_class,sentinel,3,stemphylium_colletotrichum_leaf_blight,9,0.777777777778
5,20261007,0,resnet18,binary_healthy_affected,probe,0,healthy,85,0.847058823529
5,20261007,0,resnet18,binary_healthy_affected,probe,1,affected,78,0.820512820513
5,20261007,0,resnet18,binary_healthy_affected,sentinel,0,healthy,43,0.906976744186
5,20261007,0,resnet18,binary_healthy_affected,sentinel,1,affected,39,0.717948717949
5,20261007,0,color_shortcut,four_class,probe,0,healthy,85,0.541176470588
5,20261007,0,color_shortcut,four_class,probe,1,iris_yellow_virus,56,0.464285714286
5,20261007,0,color_shortcut,four_class,probe,2,purple_blotch,4,0.25
5,20261007,0,color_shortcut,four_class,probe,3,stemphylium_colletotrichum_leaf_blight,18,0.444444444444
5,20261007,0,color_shortcut,four_class,sentinel,0,healthy,43,0.53488372093
5,20261007,0,color_shortcut,four_class,sentinel,1,iris_yellow_virus,28,0.571428571429
5,20261007,0,color_shortcut,four_class,sentinel,2,purple_blotch,2,0
5,20261007,0,color_shortcut,four_class,sentinel,3,stemphylium_colletotrichum_leaf_blight,9,0.555555555556
5,20261007,0,color_shortcut,binary_healthy_affected,probe,0,healthy,85,0.611764705882
5,20261007,0,color_shortcut,binary_healthy_affected,probe,1,affected,78,0.679487179487
5,20261007,0,color_shortcut,binary_healthy_affected,sentinel,0,healthy,43,0.558139534884
5,20261007,0,color_shortcut,binary_healthy_affected,sentinel,1,affected,39,0.820512820513
5,20261007,0.5,resnet18,four_class,probe,0,healthy,85,0.776470588235
5,20261007,0.5,resnet18,four_class,probe,1,iris_yellow_virus,56,0.732142857143
5,20261007,0.5,resnet18,four_class,probe,2,purple_blotch,4,0.5
5,20261007,0.5,resnet18,four_class,probe,3,stemphylium_colletotrichum_leaf_blight,18,0.611111111111
5,20261007,0.5,resnet18,four_class,sentinel,0,healthy,43,0.906976744186
5,20261007,0.5,resnet18,four_class,sentinel,1,iris_yellow_virus,28,0.642857142857
5,20261007,0.5,resnet18,four_class,sentinel,2,purple_blotch,2,0.5
5,20261007,0.5,resnet18,four_class,sentinel,3,stemphylium_colletotrichum_leaf_blight,9,0.888888888889
5,20261007,0.5,resnet18,binary_healthy_affected,probe,0,healthy,85,0.858823529412
5,20261007,0.5,resnet18,binary_healthy_affected,probe,1,affected,78,0.833333333333
5,20261007,0.5,resnet18,binary_healthy_affected,sentinel,0,healthy,43,0.906976744186
5,20261007,0.5,resnet18,binary_healthy_affected,sentinel,1,affected,39,0.794871794872
5,20261007,0.5,color_shortcut,four_class,probe,0,healthy,85,0.505882352941
5,20261007,0.5,color_shortcut,four_class,probe,1,iris_yellow_virus,56,0.482142857143
5,20261007,0.5,color_shortcut,four_class,probe,2,purple_blotch,4,0.75
5,20261007,0.5,color_shortcut,four_class,probe,3,stemphylium_colletotrichum_leaf_blight,18,0.611111111111
5,20261007,0.5,color_shortcut,four_class,sentinel,0,healthy,43,0.46511627907
5,20261007,0.5,color_shortcut,four_class,sentinel,1,iris_yellow_virus,28,0.428571428571
5,20261007,0.5,color_shortcut,four_class,sentinel,2,purple_blotch,2,0
5,20261007,0.5,color_shortcut,four_class,sentinel,3,stemphylium_colletotrichum_leaf_blight,9,0.444444444444
5,20261007,0.5,color_shortcut,binary_healthy_affected,probe,0,healthy,85,0.635294117647
5,20261007,0.5,color_shortcut,binary_healthy_affected,probe,1,affected,78,0.769230769231
5,20261007,0.5,color_shortcut,binary_healthy_affected,sentinel,0,healthy,43,0.604651162791
5,20261007,0.5,color_shortcut,binary_healthy_affected,sentinel,1,affected,39,0.769230769231
5,20261007,1,resnet18,four_class,probe,0,healthy,85,0.835294117647
5,20261007,1,resnet18,four_class,probe,1,iris_yellow_virus,56,0.732142857143
5,20261007,1,resnet18,four_class,probe,2,purple_blotch,4,0.75
5,20261007,1,resnet18,four_class,probe,3,stemphylium_colletotrichum_leaf_blight,18,0.666666666667
5,20261007,1,resnet18,four_class,sentinel,0,healthy,43,0.883720930233
5,20261007,1,resnet18,four_class,sentinel,1,iris_yellow_virus,28,0.678571428571
5,20261007,1,resnet18,four_class,sentinel,2,purple_blotch,2,0.5
5,20261007,1,resnet18,four_class,sentinel,3,stemphylium_colletotrichum_leaf_blight,9,0.777777777778
5,20261007,1,resnet18,binary_healthy_affected,probe,0,healthy,85,0.858823529412
5,20261007,1,resnet18,binary_healthy_affected,probe,1,affected,78,0.833333333333
5,20261007,1,resnet18,binary_healthy_affected,sentinel,0,healthy,43,0.93023255814
5,20261007,1,resnet18,binary_healthy_affected,sentinel,1,affected,39,0.794871794872
5,20261007,1,color_shortcut,four_class,probe,0,healthy,85,0.6
5,20261007,1,color_shortcut,four_class,probe,1,iris_yellow_virus,56,0.517857142857
5,20261007,1,color_shortcut,four_class,probe,2,purple_blotch,4,1
5,20261007,1,color_shortcut,four_class,probe,3,stemphylium_colletotrichum_leaf_blight,18,0.777777777778
5,20261007,1,color_shortcut,four_class,sentinel,0,healthy,43,0.488372093023
5,20261007,1,color_shortcut,four_class,sentinel,1,iris_yellow_virus,28,0.464285714286
5,20261007,1,color_shortcut,four_class,sentinel,2,purple_blotch,2,0
5,20261007,1,color_shortcut,four_class,sentinel,3,stemphylium_colletotrichum_leaf_blight,9,0.444444444444
5,20261007,1,color_shortcut,binary_healthy_affected,probe,0,healthy,85,0.705882352941
5,20261007,1,color_shortcut,binary_healthy_affected,probe,1,affected,78,0.820512820513
5,20261007,1,color_shortcut,binary_healthy_affected,sentinel,0,healthy,43,0.581395348837
5,20261007,1,color_shortcut,binary_healthy_affected,sentinel,1,affected,39,0.717948717949
6,20261008,0,resnet18,four_class,probe,0,healthy,85,0.788235294118
6,20261008,0,resnet18,four_class,probe,1,iris_yellow_virus,56,0.642857142857
6,20261008,0,resnet18,four_class,probe,2,purple_blotch,4,0.5
6,20261008,0,resnet18,four_class,probe,3,stemphylium_colletotrichum_leaf_blight,18,0.611111111111
6,20261008,0,resnet18,four_class,sentinel,0,healthy,43,0.837209302326
6,20261008,0,resnet18,four_class,sentinel,1,iris_yellow_virus,28,0.714285714286
6,20261008,0,resnet18,four_class,sentinel,2,purple_blotch,2,0
6,20261008,0,resnet18,four_class,sentinel,3,stemphylium_colletotrichum_leaf_blight,9,0.555555555556
6,20261008,0,resnet18,binary_healthy_affected,probe,0,healthy,85,0.835294117647
6,20261008,0,resnet18,binary_healthy_affected,probe,1,affected,78,0.820512820513
6,20261008,0,resnet18,binary_healthy_affected,sentinel,0,healthy,43,0.883720930233
6,20261008,0,resnet18,binary_healthy_affected,sentinel,1,affected,39,0.871794871795
6,20261008,0,color_shortcut,four_class,probe,0,healthy,85,0.435294117647
6,20261008,0,color_shortcut,four_class,probe,1,iris_yellow_virus,56,0.357142857143
6,20261008,0,color_shortcut,four_class,probe,2,purple_blotch,4,0
6,20261008,0,color_shortcut,four_class,probe,3,stemphylium_colletotrichum_leaf_blight,18,0.444444444444
6,20261008,0,color_shortcut,four_class,sentinel,0,healthy,43,0.46511627907
6,20261008,0,color_shortcut,four_class,sentinel,1,iris_yellow_virus,28,0.428571428571
6,20261008,0,color_shortcut,four_class,sentinel,2,purple_blotch,2,0
6,20261008,0,color_shortcut,four_class,sentinel,3,stemphylium_colletotrichum_leaf_blight,9,0.666666666667
6,20261008,0,color_shortcut,binary_healthy_affected,probe,0,healthy,85,0.588235294118
6,20261008,0,color_shortcut,binary_healthy_affected,probe,1,affected,78,0.628205128205
6,20261008,0,color_shortcut,binary_healthy_affected,sentinel,0,healthy,43,0.53488372093
6,20261008,0,color_shortcut,binary_healthy_affected,sentinel,1,affected,39,0.769230769231
6,20261008,0.5,resnet18,four_class,probe,0,healthy,85,0.8
6,20261008,0.5,resnet18,four_class,probe,1,iris_yellow_virus,56,0.696428571429
6,20261008,0.5,resnet18,four_class,probe,2,purple_blotch,4,0.75
6,20261008,0.5,resnet18,four_class,probe,3,stemphylium_colletotrichum_leaf_blight,18,0.722222222222
6,20261008,0.5,resnet18,four_class,sentinel,0,healthy,43,0.837209302326
6,20261008,0.5,resnet18,four_class,sentinel,1,iris_yellow_virus,28,0.642857142857
6,20261008,0.5,resnet18,four_class,sentinel,2,purple_blotch,2,0
6,20261008,0.5,resnet18,four_class,sentinel,3,stemphylium_colletotrichum_leaf_blight,9,0.666666666667
6,20261008,0.5,resnet18,binary_healthy_affected,probe,0,healthy,85,0.8
6,20261008,0.5,resnet18,binary_healthy_affected,probe,1,affected,78,0.858974358974
6,20261008,0.5,resnet18,binary_healthy_affected,sentinel,0,healthy,43,0.883720930233
6,20261008,0.5,resnet18,binary_healthy_affected,sentinel,1,affected,39,0.846153846154
6,20261008,0.5,color_shortcut,four_class,probe,0,healthy,85,0.529411764706
6,20261008,0.5,color_shortcut,four_class,probe,1,iris_yellow_virus,56,0.392857142857
6,20261008,0.5,color_shortcut,four_class,probe,2,purple_blotch,4,0.75
6,20261008,0.5,color_shortcut,four_class,probe,3,stemphylium_colletotrichum_leaf_blight,18,0.666666666667
6,20261008,0.5,color_shortcut,four_class,sentinel,0,healthy,43,0.418604651163
6,20261008,0.5,color_shortcut,four_class,sentinel,1,iris_yellow_virus,28,0.535714285714
6,20261008,0.5,color_shortcut,four_class,sentinel,2,purple_blotch,2,0.5
6,20261008,0.5,color_shortcut,four_class,sentinel,3,stemphylium_colletotrichum_leaf_blight,9,0.444444444444
6,20261008,0.5,color_shortcut,binary_healthy_affected,probe,0,healthy,85,0.647058823529
6,20261008,0.5,color_shortcut,binary_healthy_affected,probe,1,affected,78,0.705128205128
6,20261008,0.5,color_shortcut,binary_healthy_affected,sentinel,0,healthy,43,0.488372093023
6,20261008,0.5,color_shortcut,binary_healthy_affected,sentinel,1,affected,39,0.794871794872
6,20261008,1,resnet18,four_class,probe,0,healthy,85,0.8
6,20261008,1,resnet18,four_class,probe,1,iris_yellow_virus,56,0.732142857143
6,20261008,1,resnet18,four_class,probe,2,purple_blotch,4,0.75
6,20261008,1,resnet18,four_class,probe,3,stemphylium_colletotrichum_leaf_blight,18,0.722222222222
6,20261008,1,resnet18,four_class,sentinel,0,healthy,43,0.813953488372
6,20261008,1,resnet18,four_class,sentinel,1,iris_yellow_virus,28,0.714285714286
6,20261008,1,resnet18,four_class,sentinel,2,purple_blotch,2,0
6,20261008,1,resnet18,four_class,sentinel,3,stemphylium_colletotrichum_leaf_blight,9,0.666666666667
6,20261008,1,resnet18,binary_healthy_affected,probe,0,healthy,85,0.823529411765
6,20261008,1,resnet18,binary_healthy_affected,probe,1,affected,78,0.871794871795
6,20261008,1,resnet18,binary_healthy_affected,sentinel,0,healthy,43,0.860465116279
6,20261008,1,resnet18,binary_healthy_affected,sentinel,1,affected,39,0.846153846154
6,20261008,1,color_shortcut,four_class,probe,0,healthy,85,0.564705882353
6,20261008,1,color_shortcut,four_class,probe,1,iris_yellow_virus,56,0.410714285714
6,20261008,1,color_shortcut,four_class,probe,2,purple_blotch,4,1
6,20261008,1,color_shortcut,four_class,probe,3,stemphylium_colletotrichum_leaf_blight,18,0.777777777778
6,20261008,1,color_shortcut,four_class,sentinel,0,healthy,43,0.441860465116
6,20261008,1,color_shortcut,four_class,sentinel,1,iris_yellow_virus,28,0.428571428571
6,20261008,1,color_shortcut,four_class,sentinel,2,purple_blotch,2,0.5
6,20261008,1,color_shortcut,four_class,sentinel,3,stemphylium_colletotrichum_leaf_blight,9,0.666666666667
6,20261008,1,color_shortcut,binary_healthy_affected,probe,0,healthy,85,0.635294117647
6,20261008,1,color_shortcut,binary_healthy_affected,probe,1,affected,78,0.679487179487
6,20261008,1,color_shortcut,binary_healthy_affected,sentinel,0,healthy,43,0.53488372093
6,20261008,1,color_shortcut,binary_healthy_affected,sentinel,1,affected,39,0.769230769231
7,20261009,0,resnet18,four_class,probe,0,healthy,85,0.741176470588
7,20261009,0,resnet18,four_class,probe,1,iris_yellow_virus,56,0.803571428571
7,20261009,0,resnet18,four_class,probe,2,purple_blotch,4,0
7,20261009,0,resnet18,four_class,probe,3,stemphylium_colletotrichum_leaf_blight,18,0.5
7,20261009,0,resnet18,four_class,sentinel,0,healthy,43,0.767441860465
7,20261009,0,resnet18,four_class,sentinel,1,iris_yellow_virus,28,0.642857142857
7,20261009,0,resnet18,four_class,sentinel,2,purple_blotch,2,0
7,20261009,0,resnet18,four_class,sentinel,3,stemphylium_colletotrichum_leaf_blight,9,0.666666666667
7,20261009,0,resnet18,binary_healthy_affected,probe,0,healthy,85,0.741176470588
7,20261009,0,resnet18,binary_healthy_affected,probe,1,affected,78,0.897435897436
7,20261009,0,resnet18,binary_healthy_affected,sentinel,0,healthy,43,0.813953488372
7,20261009,0,resnet18,binary_healthy_affected,sentinel,1,affected,39,0.769230769231
7,20261009,0,color_shortcut,four_class,probe,0,healthy,85,0.447058823529
7,20261009,0,color_shortcut,four_class,probe,1,iris_yellow_virus,56,0.571428571429
7,20261009,0,color_shortcut,four_class,probe,2,purple_blotch,4,0.25
7,20261009,0,color_shortcut,four_class,probe,3,stemphylium_colletotrichum_leaf_blight,18,0.5
7,20261009,0,color_shortcut,four_class,sentinel,0,healthy,43,0.488372093023
7,20261009,0,color_shortcut,four_class,sentinel,1,iris_yellow_virus,28,0.285714285714
7,20261009,0,color_shortcut,four_class,sentinel,2,purple_blotch,2,0
7,20261009,0,color_shortcut,four_class,sentinel,3,stemphylium_colletotrichum_leaf_blight,9,0.555555555556
7,20261009,0,color_shortcut,binary_healthy_affected,probe,0,healthy,85,0.635294117647
7,20261009,0,color_shortcut,binary_healthy_affected,probe,1,affected,78,0.794871794872
7,20261009,0,color_shortcut,binary_healthy_affected,sentinel,0,healthy,43,0.604651162791
7,20261009,0,color_shortcut,binary_healthy_affected,sentinel,1,affected,39,0.769230769231
7,20261009,0.5,resnet18,four_class,probe,0,healthy,85,0.764705882353
7,20261009,0.5,resnet18,four_class,probe,1,iris_yellow_virus,56,0.75
7,20261009,0.5,resnet18,four_class,probe,2,purple_blotch,4,0
7,20261009,0.5,resnet18,four_class,probe,3,stemphylium_colletotrichum_leaf_blight,18,0.666666666667
7,20261009,0.5,resnet18,four_class,sentinel,0,healthy,43,0.837209302326
7,20261009,0.5,resnet18,four_class,sentinel,1,iris_yellow_virus,28,0.642857142857
7,20261009,0.5,resnet18,four_class,sentinel,2,purple_blotch,2,0
7,20261009,0.5,resnet18,four_class,sentinel,3,stemphylium_colletotrichum_leaf_blight,9,0.666666666667
7,20261009,0.5,resnet18,binary_healthy_affected,probe,0,healthy,85,0.752941176471
7,20261009,0.5,resnet18,binary_healthy_affected,probe,1,affected,78,0.897435897436
7,20261009,0.5,resnet18,binary_healthy_affected,sentinel,0,healthy,43,0.837209302326
7,20261009,0.5,resnet18,binary_healthy_affected,sentinel,1,affected,39,0.74358974359
7,20261009,0.5,color_shortcut,four_class,probe,0,healthy,85,0.447058823529
7,20261009,0.5,color_shortcut,four_class,probe,1,iris_yellow_virus,56,0.678571428571
7,20261009,0.5,color_shortcut,four_class,probe,2,purple_blotch,4,0.5
7,20261009,0.5,color_shortcut,four_class,probe,3,stemphylium_colletotrichum_leaf_blight,18,0.666666666667
7,20261009,0.5,color_shortcut,four_class,sentinel,0,healthy,43,0.46511627907
7,20261009,0.5,color_shortcut,four_class,sentinel,1,iris_yellow_virus,28,0.357142857143
7,20261009,0.5,color_shortcut,four_class,sentinel,2,purple_blotch,2,0
7,20261009,0.5,color_shortcut,four_class,sentinel,3,stemphylium_colletotrichum_leaf_blight,9,0.444444444444
7,20261009,0.5,color_shortcut,binary_healthy_affected,probe,0,healthy,85,0.670588235294
7,20261009,0.5,color_shortcut,binary_healthy_affected,probe,1,affected,78,0.807692307692
7,20261009,0.5,color_shortcut,binary_healthy_affected,sentinel,0,healthy,43,0.744186046512
7,20261009,0.5,color_shortcut,binary_healthy_affected,sentinel,1,affected,39,0.769230769231
7,20261009,1,resnet18,four_class,probe,0,healthy,85,0.811764705882
7,20261009,1,resnet18,four_class,probe,1,iris_yellow_virus,56,0.767857142857
7,20261009,1,resnet18,four_class,probe,2,purple_blotch,4,0.5
7,20261009,1,resnet18,four_class,probe,3,stemphylium_colletotrichum_leaf_blight,18,0.833333333333
7,20261009,1,resnet18,four_class,sentinel,0,healthy,43,0.860465116279
7,20261009,1,resnet18,four_class,sentinel,1,iris_yellow_virus,28,0.607142857143
7,20261009,1,resnet18,four_class,sentinel,2,purple_blotch,2,0
7,20261009,1,resnet18,four_class,sentinel,3,stemphylium_colletotrichum_leaf_blight,9,0.555555555556
7,20261009,1,resnet18,binary_healthy_affected,probe,0,healthy,85,0.811764705882
7,20261009,1,resnet18,binary_healthy_affected,probe,1,affected,78,0.871794871795
7,20261009,1,resnet18,binary_healthy_affected,sentinel,0,healthy,43,0.883720930233
7,20261009,1,resnet18,binary_healthy_affected,sentinel,1,affected,39,0.74358974359
7,20261009,1,color_shortcut,four_class,probe,0,healthy,85,0.482352941176
7,20261009,1,color_shortcut,four_class,probe,1,iris_yellow_virus,56,0.607142857143
7,20261009,1,color_shortcut,four_class,probe,2,purple_blotch,4,1
7,20261009,1,color_shortcut,four_class,probe,3,stemphylium_colletotrichum_leaf_blight,18,0.833333333333
7,20261009,1,color_shortcut,four_class,sentinel,0,healthy,43,0.488372093023
7,20261009,1,color_shortcut,four_class,sentinel,1,iris_yellow_virus,28,0.428571428571
7,20261009,1,color_shortcut,four_class,sentinel,2,purple_blotch,2,0
7,20261009,1,color_shortcut,four_class,sentinel,3,stemphylium_colletotrichum_leaf_blight,9,0.222222222222
7,20261009,1,color_shortcut,binary_healthy_affected,probe,0,healthy,85,0.694117647059
7,20261009,1,color_shortcut,binary_healthy_affected,probe,1,affected,78,0.858974358974
7,20261009,1,color_shortcut,binary_healthy_affected,sentinel,0,healthy,43,0.697674418605
7,20261009,1,color_shortcut,binary_healthy_affected,sentinel,1,affected,39,0.769230769231
8,20261010,0,resnet18,four_class,probe,0,healthy,85,0.811764705882
8,20261010,0,resnet18,four_class,probe,1,iris_yellow_virus,56,0.678571428571
8,20261010,0,resnet18,four_class,probe,2,purple_blotch,4,0.75
8,20261010,0,resnet18,four_class,probe,3,stemphylium_colletotrichum_leaf_blight,18,0.833333333333
8,20261010,0,resnet18,four_class,sentinel,0,healthy,43,0.790697674419
8,20261010,0,resnet18,four_class,sentinel,1,iris_yellow_virus,28,0.714285714286
8,20261010,0,resnet18,four_class,sentinel,2,purple_blotch,2,0.5
8,20261010,0,resnet18,four_class,sentinel,3,stemphylium_colletotrichum_leaf_blight,9,0.333333333333
8,20261010,0,resnet18,binary_healthy_affected,probe,0,healthy,85,0.847058823529
8,20261010,0,resnet18,binary_healthy_affected,probe,1,affected,78,0.846153846154
8,20261010,0,resnet18,binary_healthy_affected,sentinel,0,healthy,43,0.813953488372
8,20261010,0,resnet18,binary_healthy_affected,sentinel,1,affected,39,0.846153846154
8,20261010,0,color_shortcut,four_class,probe,0,healthy,85,0.494117647059
8,20261010,0,color_shortcut,four_class,probe,1,iris_yellow_virus,56,0.357142857143
8,20261010,0,color_shortcut,four_class,probe,2,purple_blotch,4,0.75
8,20261010,0,color_shortcut,four_class,probe,3,stemphylium_colletotrichum_leaf_blight,18,0.666666666667
8,20261010,0,color_shortcut,four_class,sentinel,0,healthy,43,0.511627906977
8,20261010,0,color_shortcut,four_class,sentinel,1,iris_yellow_virus,28,0.357142857143
8,20261010,0,color_shortcut,four_class,sentinel,2,purple_blotch,2,0.5
8,20261010,0,color_shortcut,four_class,sentinel,3,stemphylium_colletotrichum_leaf_blight,9,0
8,20261010,0,color_shortcut,binary_healthy_affected,probe,0,healthy,85,0.694117647059
8,20261010,0,color_shortcut,binary_healthy_affected,probe,1,affected,78,0.705128205128
8,20261010,0,color_shortcut,binary_healthy_affected,sentinel,0,healthy,43,0.674418604651
8,20261010,0,color_shortcut,binary_healthy_affected,sentinel,1,affected,39,0.564102564103
8,20261010,0.5,resnet18,four_class,probe,0,healthy,85,0.835294117647
8,20261010,0.5,resnet18,four_class,probe,1,iris_yellow_virus,56,0.660714285714
8,20261010,0.5,resnet18,four_class,probe,2,purple_blotch,4,1
8,20261010,0.5,resnet18,four_class,probe,3,stemphylium_colletotrichum_leaf_blight,18,0.944444444444
8,20261010,0.5,resnet18,four_class,sentinel,0,healthy,43,0.744186046512
8,20261010,0.5,resnet18,four_class,sentinel,1,iris_yellow_virus,28,0.714285714286
8,20261010,0.5,resnet18,four_class,sentinel,2,purple_blotch,2,0.5
8,20261010,0.5,resnet18,four_class,sentinel,3,stemphylium_colletotrichum_leaf_blight,9,0.333333333333
8,20261010,0.5,resnet18,binary_healthy_affected,probe,0,healthy,85,0.858823529412
8,20261010,0.5,resnet18,binary_healthy_affected,probe,1,affected,78,0.846153846154
8,20261010,0.5,resnet18,binary_healthy_affected,sentinel,0,healthy,43,0.837209302326
8,20261010,0.5,resnet18,binary_healthy_affected,sentinel,1,affected,39,0.820512820513
8,20261010,0.5,color_shortcut,four_class,probe,0,healthy,85,0.505882352941
8,20261010,0.5,color_shortcut,four_class,probe,1,iris_yellow_virus,56,0.464285714286
8,20261010,0.5,color_shortcut,four_class,probe,2,purple_blotch,4,1
8,20261010,0.5,color_shortcut,four_class,probe,3,stemphylium_colletotrichum_leaf_blight,18,0.722222222222
8,20261010,0.5,color_shortcut,four_class,sentinel,0,healthy,43,0.511627906977
8,20261010,0.5,color_shortcut,four_class,sentinel,1,iris_yellow_virus,28,0.321428571429
8,20261010,0.5,color_shortcut,four_class,sentinel,2,purple_blotch,2,0.5
8,20261010,0.5,color_shortcut,four_class,sentinel,3,stemphylium_colletotrichum_leaf_blight,9,0
8,20261010,0.5,color_shortcut,binary_healthy_affected,probe,0,healthy,85,0.670588235294
8,20261010,0.5,color_shortcut,binary_healthy_affected,probe,1,affected,78,0.717948717949
8,20261010,0.5,color_shortcut,binary_healthy_affected,sentinel,0,healthy,43,0.674418604651
8,20261010,0.5,color_shortcut,binary_healthy_affected,sentinel,1,affected,39,0.589743589744
8,20261010,1,resnet18,four_class,probe,0,healthy,85,0.870588235294
8,20261010,1,resnet18,four_class,probe,1,iris_yellow_virus,56,0.714285714286
8,20261010,1,resnet18,four_class,probe,2,purple_blotch,4,1
8,20261010,1,resnet18,four_class,probe,3,stemphylium_colletotrichum_leaf_blight,18,0.944444444444
8,20261010,1,resnet18,four_class,sentinel,0,healthy,43,0.813953488372
8,20261010,1,resnet18,four_class,sentinel,1,iris_yellow_virus,28,0.642857142857
8,20261010,1,resnet18,four_class,sentinel,2,purple_blotch,2,0.5
8,20261010,1,resnet18,four_class,sentinel,3,stemphylium_colletotrichum_leaf_blight,9,0.444444444444
8,20261010,1,resnet18,binary_healthy_affected,probe,0,healthy,85,0.894117647059
8,20261010,1,resnet18,binary_healthy_affected,probe,1,affected,78,0.833333333333
8,20261010,1,resnet18,binary_healthy_affected,sentinel,0,healthy,43,0.860465116279
8,20261010,1,resnet18,binary_healthy_affected,sentinel,1,affected,39,0.794871794872
8,20261010,1,color_shortcut,four_class,probe,0,healthy,85,0.564705882353
8,20261010,1,color_shortcut,four_class,probe,1,iris_yellow_virus,56,0.571428571429
8,20261010,1,color_shortcut,four_class,probe,2,purple_blotch,4,1
8,20261010,1,color_shortcut,four_class,probe,3,stemphylium_colletotrichum_leaf_blight,18,0.722222222222
8,20261010,1,color_shortcut,four_class,sentinel,0,healthy,43,0.488372093023
8,20261010,1,color_shortcut,four_class,sentinel,1,iris_yellow_virus,28,0.392857142857
8,20261010,1,color_shortcut,four_class,sentinel,2,purple_blotch,2,0
8,20261010,1,color_shortcut,four_class,sentinel,3,stemphylium_colletotrichum_leaf_blight,9,0
8,20261010,1,color_shortcut,binary_healthy_affected,probe,0,healthy,85,0.729411764706
8,20261010,1,color_shortcut,binary_healthy_affected,probe,1,affected,78,0.75641025641
8,20261010,1,color_shortcut,binary_healthy_affected,sentinel,0,healthy,43,0.627906976744
8,20261010,1,color_shortcut,binary_healthy_affected,sentinel,1,affected,39,0.564102564103
9,20261011,0,resnet18,four_class,probe,0,healthy,85,0.788235294118
9,20261011,0,resnet18,four_class,probe,1,iris_yellow_virus,56,0.625
9,20261011,0,resnet18,four_class,probe,2,purple_blotch,4,0.5
9,20261011,0,resnet18,four_class,probe,3,stemphylium_colletotrichum_leaf_blight,18,0.666666666667
9,20261011,0,resnet18,four_class,sentinel,0,healthy,43,0.860465116279
9,20261011,0,resnet18,four_class,sentinel,1,iris_yellow_virus,28,0.714285714286
9,20261011,0,resnet18,four_class,sentinel,2,purple_blotch,2,0
9,20261011,0,resnet18,four_class,sentinel,3,stemphylium_colletotrichum_leaf_blight,9,0.333333333333
9,20261011,0,resnet18,binary_healthy_affected,probe,0,healthy,85,0.835294117647
9,20261011,0,resnet18,binary_healthy_affected,probe,1,affected,78,0.820512820513
9,20261011,0,resnet18,binary_healthy_affected,sentinel,0,healthy,43,0.906976744186
9,20261011,0,resnet18,binary_healthy_affected,sentinel,1,affected,39,0.846153846154
9,20261011,0,color_shortcut,four_class,probe,0,healthy,85,0.447058823529
9,20261011,0,color_shortcut,four_class,probe,1,iris_yellow_virus,56,0.375
9,20261011,0,color_shortcut,four_class,probe,2,purple_blotch,4,0.75
9,20261011,0,color_shortcut,four_class,probe,3,stemphylium_colletotrichum_leaf_blight,18,0.722222222222
9,20261011,0,color_shortcut,four_class,sentinel,0,healthy,43,0.511627906977
9,20261011,0,color_shortcut,four_class,sentinel,1,iris_yellow_virus,28,0.571428571429
9,20261011,0,color_shortcut,four_class,sentinel,2,purple_blotch,2,0
9,20261011,0,color_shortcut,four_class,sentinel,3,stemphylium_colletotrichum_leaf_blight,9,0.333333333333
9,20261011,0,color_shortcut,binary_healthy_affected,probe,0,healthy,85,0.505882352941
9,20261011,0,color_shortcut,binary_healthy_affected,probe,1,affected,78,0.705128205128
9,20261011,0,color_shortcut,binary_healthy_affected,sentinel,0,healthy,43,0.651162790698
9,20261011,0,color_shortcut,binary_healthy_affected,sentinel,1,affected,39,0.74358974359
9,20261011,0.5,resnet18,four_class,probe,0,healthy,85,0.823529411765
9,20261011,0.5,resnet18,four_class,probe,1,iris_yellow_virus,56,0.642857142857
9,20261011,0.5,resnet18,four_class,probe,2,purple_blotch,4,0.5
9,20261011,0.5,resnet18,four_class,probe,3,stemphylium_colletotrichum_leaf_blight,18,0.666666666667
9,20261011,0.5,resnet18,four_class,sentinel,0,healthy,43,0.790697674419
9,20261011,0.5,resnet18,four_class,sentinel,1,iris_yellow_virus,28,0.678571428571
9,20261011,0.5,resnet18,four_class,sentinel,2,purple_blotch,2,0
9,20261011,0.5,resnet18,four_class,sentinel,3,stemphylium_colletotrichum_leaf_blight,9,0.555555555556
9,20261011,0.5,resnet18,binary_healthy_affected,probe,0,healthy,85,0.882352941176
9,20261011,0.5,resnet18,binary_healthy_affected,probe,1,affected,78,0.833333333333
9,20261011,0.5,resnet18,binary_healthy_affected,sentinel,0,healthy,43,0.906976744186
9,20261011,0.5,resnet18,binary_healthy_affected,sentinel,1,affected,39,0.871794871795
9,20261011,0.5,color_shortcut,four_class,probe,0,healthy,85,0.447058823529
9,20261011,0.5,color_shortcut,four_class,probe,1,iris_yellow_virus,56,0.446428571429
9,20261011,0.5,color_shortcut,four_class,probe,2,purple_blotch,4,0.75
9,20261011,0.5,color_shortcut,four_class,probe,3,stemphylium_colletotrichum_leaf_blight,18,0.722222222222
9,20261011,0.5,color_shortcut,four_class,sentinel,0,healthy,43,0.488372093023
9,20261011,0.5,color_shortcut,four_class,sentinel,1,iris_yellow_virus,28,0.571428571429
9,20261011,0.5,color_shortcut,four_class,sentinel,2,purple_blotch,2,0
9,20261011,0.5,color_shortcut,four_class,sentinel,3,stemphylium_colletotrichum_leaf_blight,9,0.333333333333
9,20261011,0.5,color_shortcut,binary_healthy_affected,probe,0,healthy,85,0.552941176471
9,20261011,0.5,color_shortcut,binary_healthy_affected,probe,1,affected,78,0.74358974359
9,20261011,0.5,color_shortcut,binary_healthy_affected,sentinel,0,healthy,43,0.604651162791
9,20261011,0.5,color_shortcut,binary_healthy_affected,sentinel,1,affected,39,0.74358974359
9,20261011,1,resnet18,four_class,probe,0,healthy,85,0.870588235294
9,20261011,1,resnet18,four_class,probe,1,iris_yellow_virus,56,0.696428571429
9,20261011,1,resnet18,four_class,probe,2,purple_blotch,4,1
9,20261011,1,resnet18,four_class,probe,3,stemphylium_colletotrichum_leaf_blight,18,0.722222222222
9,20261011,1,resnet18,four_class,sentinel,0,healthy,43,0.790697674419
9,20261011,1,resnet18,four_class,sentinel,1,iris_yellow_virus,28,0.678571428571
9,20261011,1,resnet18,four_class,sentinel,2,purple_blotch,2,0
9,20261011,1,resnet18,four_class,sentinel,3,stemphylium_colletotrichum_leaf_blight,9,0.555555555556
9,20261011,1,resnet18,binary_healthy_affected,probe,0,healthy,85,0.894117647059
9,20261011,1,resnet18,binary_healthy_affected,probe,1,affected,78,0.794871794872
9,20261011,1,resnet18,binary_healthy_affected,sentinel,0,healthy,43,0.860465116279
9,20261011,1,resnet18,binary_healthy_affected,sentinel,1,affected,39,0.794871794872
9,20261011,1,color_shortcut,four_class,probe,0,healthy,85,0.505882352941
9,20261011,1,color_shortcut,four_class,probe,1,iris_yellow_virus,56,0.517857142857
9,20261011,1,color_shortcut,four_class,probe,2,purple_blotch,4,1
9,20261011,1,color_shortcut,four_class,probe,3,stemphylium_colletotrichum_leaf_blight,18,0.777777777778
9,20261011,1,color_shortcut,four_class,sentinel,0,healthy,43,0.395348837209
9,20261011,1,color_shortcut,four_class,sentinel,1,iris_yellow_virus,28,0.535714285714
9,20261011,1,color_shortcut,four_class,sentinel,2,purple_blotch,2,0
9,20261011,1,color_shortcut,four_class,sentinel,3,stemphylium_colletotrichum_leaf_blight,9,0.333333333333
9,20261011,1,color_shortcut,binary_healthy_affected,probe,0,healthy,85,0.682352941176
9,20261011,1,color_shortcut,binary_healthy_affected,probe,1,affected,78,0.807692307692
9,20261011,1,color_shortcut,binary_healthy_affected,sentinel,0,healthy,43,0.581395348837
9,20261011,1,color_shortcut,binary_healthy_affected,sentinel,1,affected,39,0.666666666667
10,20261012,0,resnet18,four_class,probe,0,healthy,85,0.8
10,20261012,0,resnet18,four_class,probe,1,iris_yellow_virus,56,0.732142857143
10,20261012,0,resnet18,four_class,probe,2,purple_blotch,4,0.5
10,20261012,0,resnet18,four_class,probe,3,stemphylium_colletotrichum_leaf_blight,18,0.5
10,20261012,0,resnet18,four_class,sentinel,0,healthy,43,0.790697674419
10,20261012,0,resnet18,four_class,sentinel,1,iris_yellow_virus,28,0.642857142857
10,20261012,0,resnet18,four_class,sentinel,2,purple_blotch,2,1
10,20261012,0,resnet18,four_class,sentinel,3,stemphylium_colletotrichum_leaf_blight,9,0.888888888889
10,20261012,0,resnet18,binary_healthy_affected,probe,0,healthy,85,0.858823529412
10,20261012,0,resnet18,binary_healthy_affected,probe,1,affected,78,0.769230769231
10,20261012,0,resnet18,binary_healthy_affected,sentinel,0,healthy,43,0.790697674419
10,20261012,0,resnet18,binary_healthy_affected,sentinel,1,affected,39,0.871794871795
10,20261012,0,color_shortcut,four_class,probe,0,healthy,85,0.435294117647
10,20261012,0,color_shortcut,four_class,probe,1,iris_yellow_virus,56,0.446428571429
10,20261012,0,color_shortcut,four_class,probe,2,purple_blotch,4,0.25
10,20261012,0,color_shortcut,four_class,probe,3,stemphylium_colletotrichum_leaf_blight,18,0.5
10,20261012,0,color_shortcut,four_class,sentinel,0,healthy,43,0.53488372093
10,20261012,0,color_shortcut,four_class,sentinel,1,iris_yellow_virus,28,0.678571428571
10,20261012,0,color_shortcut,four_class,sentinel,2,purple_blotch,2,0.5
10,20261012,0,color_shortcut,four_class,sentinel,3,stemphylium_colletotrichum_leaf_blight,9,0.555555555556
10,20261012,0,color_shortcut,binary_healthy_affected,probe,0,healthy,85,0.541176470588
10,20261012,0,color_shortcut,binary_healthy_affected,probe,1,affected,78,0.692307692308
10,20261012,0,color_shortcut,binary_healthy_affected,sentinel,0,healthy,43,0.697674418605
10,20261012,0,color_shortcut,binary_healthy_affected,sentinel,1,affected,39,0.769230769231
10,20261012,0.5,resnet18,four_class,probe,0,healthy,85,0.823529411765
10,20261012,0.5,resnet18,four_class,probe,1,iris_yellow_virus,56,0.696428571429
10,20261012,0.5,resnet18,four_class,probe,2,purple_blotch,4,0.5
10,20261012,0.5,resnet18,four_class,probe,3,stemphylium_colletotrichum_leaf_blight,18,0.777777777778
10,20261012,0.5,resnet18,four_class,sentinel,0,healthy,43,0.767441860465
10,20261012,0.5,resnet18,four_class,sentinel,1,iris_yellow_virus,28,0.642857142857
10,20261012,0.5,resnet18,four_class,sentinel,2,purple_blotch,2,0.5
10,20261012,0.5,resnet18,four_class,sentinel,3,stemphylium_colletotrichum_leaf_blight,9,0.888888888889
10,20261012,0.5,resnet18,binary_healthy_affected,probe,0,healthy,85,0.882352941176
10,20261012,0.5,resnet18,binary_healthy_affected,probe,1,affected,78,0.833333333333
10,20261012,0.5,resnet18,binary_healthy_affected,sentinel,0,healthy,43,0.837209302326
10,20261012,0.5,resnet18,binary_healthy_affected,sentinel,1,affected,39,0.871794871795
10,20261012,0.5,color_shortcut,four_class,probe,0,healthy,85,0.482352941176
10,20261012,0.5,color_shortcut,four_class,probe,1,iris_yellow_virus,56,0.446428571429
10,20261012,0.5,color_shortcut,four_class,probe,2,purple_blotch,4,0.75
10,20261012,0.5,color_shortcut,four_class,probe,3,stemphylium_colletotrichum_leaf_blight,18,0.611111111111
10,20261012,0.5,color_shortcut,four_class,sentinel,0,healthy,43,0.488372093023
10,20261012,0.5,color_shortcut,four_class,sentinel,1,iris_yellow_virus,28,0.5
10,20261012,0.5,color_shortcut,four_class,sentinel,2,purple_blotch,2,0.5
10,20261012,0.5,color_shortcut,four_class,sentinel,3,stemphylium_colletotrichum_leaf_blight,9,0.555555555556
10,20261012,0.5,color_shortcut,binary_healthy_affected,probe,0,healthy,85,0.6
10,20261012,0.5,color_shortcut,binary_healthy_affected,probe,1,affected,78,0.717948717949
10,20261012,0.5,color_shortcut,binary_healthy_affected,sentinel,0,healthy,43,0.767441860465
10,20261012,0.5,color_shortcut,binary_healthy_affected,sentinel,1,affected,39,0.692307692308
10,20261012,1,resnet18,four_class,probe,0,healthy,85,0.858823529412
10,20261012,1,resnet18,four_class,probe,1,iris_yellow_virus,56,0.75
10,20261012,1,resnet18,four_class,probe,2,purple_blotch,4,0.75
10,20261012,1,resnet18,four_class,probe,3,stemphylium_colletotrichum_leaf_blight,18,0.777777777778
10,20261012,1,resnet18,four_class,sentinel,0,healthy,43,0.744186046512
10,20261012,1,resnet18,four_class,sentinel,1,iris_yellow_virus,28,0.678571428571
10,20261012,1,resnet18,four_class,sentinel,2,purple_blotch,2,0.5
10,20261012,1,resnet18,four_class,sentinel,3,stemphylium_colletotrichum_leaf_blight,9,0.888888888889
10,20261012,1,resnet18,binary_healthy_affected,probe,0,healthy,85,0.882352941176
10,20261012,1,resnet18,binary_healthy_affected,probe,1,affected,78,0.833333333333
10,20261012,1,resnet18,binary_healthy_affected,sentinel,0,healthy,43,0.790697674419
10,20261012,1,resnet18,binary_healthy_affected,sentinel,1,affected,39,0.897435897436
10,20261012,1,color_shortcut,four_class,probe,0,healthy,85,0.505882352941
10,20261012,1,color_shortcut,four_class,probe,1,iris_yellow_virus,56,0.517857142857
10,20261012,1,color_shortcut,four_class,probe,2,purple_blotch,4,1
10,20261012,1,color_shortcut,four_class,probe,3,stemphylium_colletotrichum_leaf_blight,18,0.777777777778
10,20261012,1,color_shortcut,four_class,sentinel,0,healthy,43,0.604651162791
10,20261012,1,color_shortcut,four_class,sentinel,1,iris_yellow_virus,28,0.535714285714
10,20261012,1,color_shortcut,four_class,sentinel,2,purple_blotch,2,0.5
10,20261012,1,color_shortcut,four_class,sentinel,3,stemphylium_colletotrichum_leaf_blight,9,0.555555555556
10,20261012,1,color_shortcut,binary_healthy_affected,probe,0,healthy,85,0.647058823529
10,20261012,1,color_shortcut,binary_healthy_affected,probe,1,affected,78,0.769230769231
10,20261012,1,color_shortcut,binary_healthy_affected,sentinel,0,healthy,43,0.674418604651
10,20261012,1,color_shortcut,binary_healthy_affected,sentinel,1,affected,39,0.769230769231
11,20261013,0,resnet18,four_class,probe,0,healthy,85,0.741176470588
11,20261013,0,resnet18,four_class,probe,1,iris_yellow_virus,56,0.607142857143
11,20261013,0,resnet18,four_class,probe,2,purple_blotch,4,0.5
11,20261013,0,resnet18,four_class,probe,3,stemphylium_colletotrichum_leaf_blight,18,0.5
11,20261013,0,resnet18,four_class,sentinel,0,healthy,43,0.767441860465
11,20261013,0,resnet18,four_class,sentinel,1,iris_yellow_virus,28,0.785714285714
11,20261013,0,resnet18,four_class,sentinel,2,purple_blotch,2,0.5
11,20261013,0,resnet18,four_class,sentinel,3,stemphylium_colletotrichum_leaf_blight,9,0.444444444444
11,20261013,0,resnet18,binary_healthy_affected,probe,0,healthy,85,0.811764705882
11,20261013,0,resnet18,binary_healthy_affected,probe,1,affected,78,0.75641025641
11,20261013,0,resnet18,binary_healthy_affected,sentinel,0,healthy,43,0.813953488372
11,20261013,0,resnet18,binary_healthy_affected,sentinel,1,affected,39,0.846153846154
11,20261013,0,color_shortcut,four_class,probe,0,healthy,85,0.447058823529
11,20261013,0,color_shortcut,four_class,probe,1,iris_yellow_virus,56,0.428571428571
11,20261013,0,color_shortcut,four_class,probe,2,purple_blotch,4,0.25
11,20261013,0,color_shortcut,four_class,probe,3,stemphylium_colletotrichum_leaf_blight,18,0.277777777778
11,20261013,0,color_shortcut,four_class,sentinel,0,healthy,43,0.441860465116
11,20261013,0,color_shortcut,four_class,sentinel,1,iris_yellow_virus,28,0.535714285714
11,20261013,0,color_shortcut,four_class,sentinel,2,purple_blotch,2,0
11,20261013,0,color_shortcut,four_class,sentinel,3,stemphylium_colletotrichum_leaf_blight,9,0.555555555556
11,20261013,0,color_shortcut,binary_healthy_affected,probe,0,healthy,85,0.564705882353
11,20261013,0,color_shortcut,binary_healthy_affected,probe,1,affected,78,0.641025641026
11,20261013,0,color_shortcut,binary_healthy_affected,sentinel,0,healthy,43,0.558139534884
11,20261013,0,color_shortcut,binary_healthy_affected,sentinel,1,affected,39,0.769230769231
11,20261013,0.5,resnet18,four_class,probe,0,healthy,85,0.752941176471
11,20261013,0.5,resnet18,four_class,probe,1,iris_yellow_virus,56,0.589285714286
11,20261013,0.5,resnet18,four_class,probe,2,purple_blotch,4,0.5
11,20261013,0.5,resnet18,four_class,probe,3,stemphylium_colletotrichum_leaf_blight,18,0.722222222222
11,20261013,0.5,resnet18,four_class,sentinel,0,healthy,43,0.767441860465
11,20261013,0.5,resnet18,four_class,sentinel,1,iris_yellow_virus,28,0.714285714286
11,20261013,0.5,resnet18,four_class,sentinel,2,purple_blotch,2,0
11,20261013,0.5,resnet18,four_class,sentinel,3,stemphylium_colletotrichum_leaf_blight,9,0.444444444444
11,20261013,0.5,resnet18,binary_healthy_affected,probe,0,healthy,85,0.8
11,20261013,0.5,resnet18,binary_healthy_affected,probe,1,affected,78,0.769230769231
11,20261013,0.5,resnet18,binary_healthy_affected,sentinel,0,healthy,43,0.837209302326
11,20261013,0.5,resnet18,binary_healthy_affected,sentinel,1,affected,39,0.74358974359
11,20261013,0.5,color_shortcut,four_class,probe,0,healthy,85,0.529411764706
11,20261013,0.5,color_shortcut,four_class,probe,1,iris_yellow_virus,56,0.571428571429
11,20261013,0.5,color_shortcut,four_class,probe,2,purple_blotch,4,0.5
11,20261013,0.5,color_shortcut,four_class,probe,3,stemphylium_colletotrichum_leaf_blight,18,0.388888888889
11,20261013,0.5,color_shortcut,four_class,sentinel,0,healthy,43,0.488372093023
11,20261013,0.5,color_shortcut,four_class,sentinel,1,iris_yellow_virus,28,0.607142857143
11,20261013,0.5,color_shortcut,four_class,sentinel,2,purple_blotch,2,0
11,20261013,0.5,color_shortcut,four_class,sentinel,3,stemphylium_colletotrichum_leaf_blight,9,0.444444444444
11,20261013,0.5,color_shortcut,binary_healthy_affected,probe,0,healthy,85,0.682352941176
11,20261013,0.5,color_shortcut,binary_healthy_affected,probe,1,affected,78,0.692307692308
11,20261013,0.5,color_shortcut,binary_healthy_affected,sentinel,0,healthy,43,0.604651162791
11,20261013,0.5,color_shortcut,binary_healthy_affected,sentinel,1,affected,39,0.74358974359
11,20261013,1,resnet18,four_class,probe,0,healthy,85,0.788235294118
11,20261013,1,resnet18,four_class,probe,1,iris_yellow_virus,56,0.75
11,20261013,1,resnet18,four_class,probe,2,purple_blotch,4,1
11,20261013,1,resnet18,four_class,probe,3,stemphylium_colletotrichum_leaf_blight,18,0.888888888889
11,20261013,1,resnet18,four_class,sentinel,0,healthy,43,0.813953488372
11,20261013,1,resnet18,four_class,sentinel,1,iris_yellow_virus,28,0.678571428571
11,20261013,1,resnet18,four_class,sentinel,2,purple_blotch,2,0
11,20261013,1,resnet18,four_class,sentinel,3,stemphylium_colletotrichum_leaf_blight,9,0.444444444444
11,20261013,1,resnet18,binary_healthy_affected,probe,0,healthy,85,0.858823529412
11,20261013,1,resnet18,binary_healthy_affected,probe,1,affected,78,0.871794871795
11,20261013,1,resnet18,binary_healthy_affected,sentinel,0,healthy,43,0.837209302326
11,20261013,1,resnet18,binary_healthy_affected,sentinel,1,affected,39,0.74358974359
11,20261013,1,color_shortcut,four_class,probe,0,healthy,85,0.6
11,20261013,1,color_shortcut,four_class,probe,1,iris_yellow_virus,56,0.607142857143
11,20261013,1,color_shortcut,four_class,probe,2,purple_blotch,4,1
11,20261013,1,color_shortcut,four_class,probe,3,stemphylium_colletotrichum_leaf_blight,18,0.611111111111
11,20261013,1,color_shortcut,four_class,sentinel,0,healthy,43,0.488372093023
11,20261013,1,color_shortcut,four_class,sentinel,1,iris_yellow_virus,28,0.607142857143
11,20261013,1,color_shortcut,four_class,sentinel,2,purple_blotch,2,0
11,20261013,1,color_shortcut,four_class,sentinel,3,stemphylium_colletotrichum_leaf_blight,9,0.555555555556
11,20261013,1,color_shortcut,binary_healthy_affected,probe,0,healthy,85,0.729411764706
11,20261013,1,color_shortcut,binary_healthy_affected,probe,1,affected,78,0.782051282051
11,20261013,1,color_shortcut,binary_healthy_affected,sentinel,0,healthy,43,0.558139534884
11,20261013,1,color_shortcut,binary_healthy_affected,sentinel,1,affected,39,0.74358974359
12,20261014,0,resnet18,four_class,probe,0,healthy,85,0.788235294118
12,20261014,0,resnet18,four_class,probe,1,iris_yellow_virus,56,0.678571428571
12,20261014,0,resnet18,four_class,probe,2,purple_blotch,4,0.5
12,20261014,0,resnet18,four_class,probe,3,stemphylium_colletotrichum_leaf_blight,18,0.5
12,20261014,0,resnet18,four_class,sentinel,0,healthy,43,0.674418604651
12,20261014,0,resnet18,four_class,sentinel,1,iris_yellow_virus,28,0.535714285714
12,20261014,0,resnet18,four_class,sentinel,2,purple_blotch,2,0.5
12,20261014,0,resnet18,four_class,sentinel,3,stemphylium_colletotrichum_leaf_blight,9,0.777777777778
12,20261014,0,resnet18,binary_healthy_affected,probe,0,healthy,85,0.811764705882
12,20261014,0,resnet18,binary_healthy_affected,probe,1,affected,78,0.782051282051
12,20261014,0,resnet18,binary_healthy_affected,sentinel,0,healthy,43,0.697674418605
12,20261014,0,resnet18,binary_healthy_affected,sentinel,1,affected,39,0.794871794872
12,20261014,0,color_shortcut,four_class,probe,0,healthy,85,0.505882352941
12,20261014,0,color_shortcut,four_class,probe,1,iris_yellow_virus,56,0.357142857143
12,20261014,0,color_shortcut,four_class,probe,2,purple_blotch,4,0.25
12,20261014,0,color_shortcut,four_class,probe,3,stemphylium_colletotrichum_leaf_blight,18,0.388888888889
12,20261014,0,color_shortcut,four_class,sentinel,0,healthy,43,0.651162790698
12,20261014,0,color_shortcut,four_class,sentinel,1,iris_yellow_virus,28,0.428571428571
12,20261014,0,color_shortcut,four_class,sentinel,2,purple_blotch,2,0.5
12,20261014,0,color_shortcut,four_class,sentinel,3,stemphylium_colletotrichum_leaf_blight,9,0.444444444444
12,20261014,0,color_shortcut,binary_healthy_affected,probe,0,healthy,85,0.611764705882
12,20261014,0,color_shortcut,binary_healthy_affected,probe,1,affected,78,0.615384615385
12,20261014,0,color_shortcut,binary_healthy_affected,sentinel,0,healthy,43,0.790697674419
12,20261014,0,color_shortcut,binary_healthy_affected,sentinel,1,affected,39,0.692307692308
12,20261014,0.5,resnet18,four_class,probe,0,healthy,85,0.835294117647
12,20261014,0.5,resnet18,four_class,probe,1,iris_yellow_virus,56,0.767857142857
12,20261014,0.5,resnet18,four_class,probe,2,purple_blotch,4,0.75
12,20261014,0.5,resnet18,four_class,probe,3,stemphylium_colletotrichum_leaf_blight,18,0.611111111111
12,20261014,0.5,resnet18,four_class,sentinel,0,healthy,43,0.674418604651
12,20261014,0.5,resnet18,four_class,sentinel,1,iris_yellow_virus,28,0.5
12,20261014,0.5,resnet18,four_class,sentinel,2,purple_blotch,2,0
12,20261014,0.5,resnet18,four_class,sentinel,3,stemphylium_colletotrichum_leaf_blight,9,0.777777777778
12,20261014,0.5,resnet18,binary_healthy_affected,probe,0,healthy,85,0.870588235294
12,20261014,0.5,resnet18,binary_healthy_affected,probe,1,affected,78,0.820512820513
12,20261014,0.5,resnet18,binary_healthy_affected,sentinel,0,healthy,43,0.674418604651
12,20261014,0.5,resnet18,binary_healthy_affected,sentinel,1,affected,39,0.794871794872
12,20261014,0.5,color_shortcut,four_class,probe,0,healthy,85,0.482352941176
12,20261014,0.5,color_shortcut,four_class,probe,1,iris_yellow_virus,56,0.410714285714
12,20261014,0.5,color_shortcut,four_class,probe,2,purple_blotch,4,0.5
12,20261014,0.5,color_shortcut,four_class,probe,3,stemphylium_colletotrichum_leaf_blight,18,0.611111111111
12,20261014,0.5,color_shortcut,four_class,sentinel,0,healthy,43,0.627906976744
12,20261014,0.5,color_shortcut,four_class,sentinel,1,iris_yellow_virus,28,0.357142857143
12,20261014,0.5,color_shortcut,four_class,sentinel,2,purple_blotch,2,0
12,20261014,0.5,color_shortcut,four_class,sentinel,3,stemphylium_colletotrichum_leaf_blight,9,0.555555555556
12,20261014,0.5,color_shortcut,binary_healthy_affected,probe,0,healthy,85,0.647058823529
12,20261014,0.5,color_shortcut,binary_healthy_affected,probe,1,affected,78,0.628205128205
12,20261014,0.5,color_shortcut,binary_healthy_affected,sentinel,0,healthy,43,0.767441860465
12,20261014,0.5,color_shortcut,binary_healthy_affected,sentinel,1,affected,39,0.717948717949
12,20261014,1,resnet18,four_class,probe,0,healthy,85,0.858823529412
12,20261014,1,resnet18,four_class,probe,1,iris_yellow_virus,56,0.75
12,20261014,1,resnet18,four_class,probe,2,purple_blotch,4,1
12,20261014,1,resnet18,four_class,probe,3,stemphylium_colletotrichum_leaf_blight,18,0.833333333333
12,20261014,1,resnet18,four_class,sentinel,0,healthy,43,0.627906976744
12,20261014,1,resnet18,four_class,sentinel,1,iris_yellow_virus,28,0.607142857143
12,20261014,1,resnet18,four_class,sentinel,2,purple_blotch,2,0
12,20261014,1,resnet18,four_class,sentinel,3,stemphylium_colletotrichum_leaf_blight,9,0.888888888889
12,20261014,1,resnet18,binary_healthy_affected,probe,0,healthy,85,0.894117647059
12,20261014,1,resnet18,binary_healthy_affected,probe,1,affected,78,0.794871794872
12,20261014,1,resnet18,binary_healthy_affected,sentinel,0,healthy,43,0.651162790698
12,20261014,1,resnet18,binary_healthy_affected,sentinel,1,affected,39,0.769230769231
12,20261014,1,color_shortcut,four_class,probe,0,healthy,85,0.505882352941
12,20261014,1,color_shortcut,four_class,probe,1,iris_yellow_virus,56,0.571428571429
12,20261014,1,color_shortcut,four_class,probe,2,purple_blotch,4,1
12,20261014,1,color_shortcut,four_class,probe,3,stemphylium_colletotrichum_leaf_blight,18,0.722222222222
12,20261014,1,color_shortcut,four_class,sentinel,0,healthy,43,0.46511627907
12,20261014,1,color_shortcut,four_class,sentinel,1,iris_yellow_virus,28,0.25
12,20261014,1,color_shortcut,four_class,sentinel,2,purple_blotch,2,0
12,20261014,1,color_shortcut,four_class,sentinel,3,stemphylium_colletotrichum_leaf_blight,9,0.666666666667
12,20261014,1,color_shortcut,binary_healthy_affected,probe,0,healthy,85,0.705882352941
12,20261014,1,color_shortcut,binary_healthy_affected,probe,1,affected,78,0.692307692308
12,20261014,1,color_shortcut,binary_healthy_affected,sentinel,0,healthy,43,0.697674418605
12,20261014,1,color_shortcut,binary_healthy_affected,sentinel,1,affected,39,0.692307692308
13,20261015,0,resnet18,four_class,probe,0,healthy,85,0.776470588235
13,20261015,0,resnet18,four_class,probe,1,iris_yellow_virus,56,0.625
13,20261015,0,resnet18,four_class,probe,2,purple_blotch,4,0.75
13,20261015,0,resnet18,four_class,probe,3,stemphylium_colletotrichum_leaf_blight,18,0.555555555556
13,20261015,0,resnet18,four_class,sentinel,0,healthy,43,0.744186046512
13,20261015,0,resnet18,four_class,sentinel,1,iris_yellow_virus,28,0.75
13,20261015,0,resnet18,four_class,sentinel,2,purple_blotch,2,0
13,20261015,0,resnet18,four_class,sentinel,3,stemphylium_colletotrichum_leaf_blight,9,0.444444444444
13,20261015,0,resnet18,binary_healthy_affected,probe,0,healthy,85,0.776470588235
13,20261015,0,resnet18,binary_healthy_affected,probe,1,affected,78,0.833333333333
13,20261015,0,resnet18,binary_healthy_affected,sentinel,0,healthy,43,0.767441860465
13,20261015,0,resnet18,binary_healthy_affected,sentinel,1,affected,39,0.74358974359
13,20261015,0,color_shortcut,four_class,probe,0,healthy,85,0.435294117647
13,20261015,0,color_shortcut,four_class,probe,1,iris_yellow_virus,56,0.482142857143
13,20261015,0,color_shortcut,four_class,probe,2,purple_blotch,4,0.25
13,20261015,0,color_shortcut,four_class,probe,3,stemphylium_colletotrichum_leaf_blight,18,0.333333333333
13,20261015,0,color_shortcut,four_class,sentinel,0,healthy,43,0.279069767442
13,20261015,0,color_shortcut,four_class,sentinel,1,iris_yellow_virus,28,0.5
13,20261015,0,color_shortcut,four_class,sentinel,2,purple_blotch,2,0
13,20261015,0,color_shortcut,four_class,sentinel,3,stemphylium_colletotrichum_leaf_blight,9,0.222222222222
13,20261015,0,color_shortcut,binary_healthy_affected,probe,0,healthy,85,0.623529411765
13,20261015,0,color_shortcut,binary_healthy_affected,probe,1,affected,78,0.692307692308
13,20261015,0,color_shortcut,binary_healthy_affected,sentinel,0,healthy,43,0.511627906977
13,20261015,0,color_shortcut,binary_healthy_affected,sentinel,1,affected,39,0.74358974359
13,20261015,0.5,resnet18,four_class,probe,0,healthy,85,0.764705882353
13,20261015,0.5,resnet18,four_class,probe,1,iris_yellow_virus,56,0.75
13,20261015,0.5,resnet18,four_class,probe,2,purple_blotch,4,1
13,20261015,0.5,resnet18,four_class,probe,3,stemphylium_colletotrichum_leaf_blight,18,0.611111111111
13,20261015,0.5,resnet18,four_class,sentinel,0,healthy,43,0.674418604651
13,20261015,0.5,resnet18,four_class,sentinel,1,iris_yellow_virus,28,0.75
13,20261015,0.5,resnet18,four_class,sentinel,2,purple_blotch,2,0
13,20261015,0.5,resnet18,four_class,sentinel,3,stemphylium_colletotrichum_leaf_blight,9,0.444444444444
13,20261015,0.5,resnet18,binary_healthy_affected,probe,0,healthy,85,0.835294117647
13,20261015,0.5,resnet18,binary_healthy_affected,probe,1,affected,78,0.858974358974
13,20261015,0.5,resnet18,binary_healthy_affected,sentinel,0,healthy,43,0.790697674419
13,20261015,0.5,resnet18,binary_healthy_affected,sentinel,1,affected,39,0.769230769231
13,20261015,0.5,color_shortcut,four_class,probe,0,healthy,85,0.423529411765
13,20261015,0.5,color_shortcut,four_class,probe,1,iris_yellow_virus,56,0.535714285714
13,20261015,0.5,color_shortcut,four_class,probe,2,purple_blotch,4,0.75
13,20261015,0.5,color_shortcut,four_class,probe,3,stemphylium_colletotrichum_leaf_blight,18,0.5
13,20261015,0.5,color_shortcut,four_class,sentinel,0,healthy,43,0.325581395349
13,20261015,0.5,color_shortcut,four_class,sentinel,1,iris_yellow_virus,28,0.535714285714
13,20261015,0.5,color_shortcut,four_class,sentinel,2,purple_blotch,2,0
13,20261015,0.5,color_shortcut,four_class,sentinel,3,stemphylium_colletotrichum_leaf_blight,9,0.222222222222
13,20261015,0.5,color_shortcut,binary_healthy_affected,probe,0,healthy,85,0.647058823529
13,20261015,0.5,color_shortcut,binary_healthy_affected,probe,1,affected,78,0.692307692308
13,20261015,0.5,color_shortcut,binary_healthy_affected,sentinel,0,healthy,43,0.558139534884
13,20261015,0.5,color_shortcut,binary_healthy_affected,sentinel,1,affected,39,0.74358974359
13,20261015,1,resnet18,four_class,probe,0,healthy,85,0.847058823529
13,20261015,1,resnet18,four_class,probe,1,iris_yellow_virus,56,0.767857142857
13,20261015,1,resnet18,four_class,probe,2,purple_blotch,4,1
13,20261015,1,resnet18,four_class,probe,3,stemphylium_colletotrichum_leaf_blight,18,0.611111111111
13,20261015,1,resnet18,four_class,sentinel,0,healthy,43,0.720930232558
13,20261015,1,resnet18,four_class,sentinel,1,iris_yellow_virus,28,0.714285714286
13,20261015,1,resnet18,four_class,sentinel,2,purple_blotch,2,0
13,20261015,1,resnet18,four_class,sentinel,3,stemphylium_colletotrichum_leaf_blight,9,0.444444444444
13,20261015,1,resnet18,binary_healthy_affected,probe,0,healthy,85,0.858823529412
13,20261015,1,resnet18,binary_healthy_affected,probe,1,affected,78,0.871794871795
13,20261015,1,resnet18,binary_healthy_affected,sentinel,0,healthy,43,0.790697674419
13,20261015,1,resnet18,binary_healthy_affected,sentinel,1,affected,39,0.769230769231
13,20261015,1,color_shortcut,four_class,probe,0,healthy,85,0.517647058824
13,20261015,1,color_shortcut,four_class,probe,1,iris_yellow_virus,56,0.535714285714
13,20261015,1,color_shortcut,four_class,probe,2,purple_blotch,4,1
13,20261015,1,color_shortcut,four_class,probe,3,stemphylium_colletotrichum_leaf_blight,18,0.722222222222
13,20261015,1,color_shortcut,four_class,sentinel,0,healthy,43,0.372093023256
13,20261015,1,color_shortcut,four_class,sentinel,1,iris_yellow_virus,28,0.571428571429
13,20261015,1,color_shortcut,four_class,sentinel,2,purple_blotch,2,0
13,20261015,1,color_shortcut,four_class,sentinel,3,stemphylium_colletotrichum_leaf_blight,9,0.333333333333
13,20261015,1,color_shortcut,binary_healthy_affected,probe,0,healthy,85,0.717647058824
13,20261015,1,color_shortcut,binary_healthy_affected,probe,1,affected,78,0.705128205128
13,20261015,1,color_shortcut,binary_healthy_affected,sentinel,0,healthy,43,0.558139534884
13,20261015,1,color_shortcut,binary_healthy_affected,sentinel,1,affected,39,0.666666666667
14,20261016,0,resnet18,four_class,probe,0,healthy,85,0.752941176471
14,20261016,0,resnet18,four_class,probe,1,iris_yellow_virus,56,0.589285714286
14,20261016,0,resnet18,four_class,probe,2,purple_blotch,4,0.75
14,20261016,0,resnet18,four_class,probe,3,stemphylium_colletotrichum_leaf_blight,18,0.722222222222
14,20261016,0,resnet18,four_class,sentinel,0,healthy,43,0.767441860465
14,20261016,0,resnet18,four_class,sentinel,1,iris_yellow_virus,28,0.642857142857
14,20261016,0,resnet18,four_class,sentinel,2,purple_blotch,2,0.5
14,20261016,0,resnet18,four_class,sentinel,3,stemphylium_colletotrichum_leaf_blight,9,0.444444444444
14,20261016,0,resnet18,binary_healthy_affected,probe,0,healthy,85,0.8
14,20261016,0,resnet18,binary_healthy_affected,probe,1,affected,78,0.820512820513
14,20261016,0,resnet18,binary_healthy_affected,sentinel,0,healthy,43,0.813953488372
14,20261016,0,resnet18,binary_healthy_affected,sentinel,1,affected,39,0.794871794872
14,20261016,0,color_shortcut,four_class,probe,0,healthy,85,0.470588235294
14,20261016,0,color_shortcut,four_class,probe,1,iris_yellow_virus,56,0.375
14,20261016,0,color_shortcut,four_class,probe,2,purple_blotch,4,0.5
14,20261016,0,color_shortcut,four_class,probe,3,stemphylium_colletotrichum_leaf_blight,18,0.555555555556
14,20261016,0,color_shortcut,four_class,sentinel,0,healthy,43,0.441860465116
14,20261016,0,color_shortcut,four_class,sentinel,1,iris_yellow_virus,28,0.321428571429
14,20261016,0,color_shortcut,four_class,sentinel,2,purple_blotch,2,0
14,20261016,0,color_shortcut,four_class,sentinel,3,stemphylium_colletotrichum_leaf_blight,9,0.444444444444
14,20261016,0,color_shortcut,binary_healthy_affected,probe,0,healthy,85,0.647058823529
14,20261016,0,color_shortcut,binary_healthy_affected,probe,1,affected,78,0.602564102564
14,20261016,0,color_shortcut,binary_healthy_affected,sentinel,0,healthy,43,0.604651162791
14,20261016,0,color_shortcut,binary_healthy_affected,sentinel,1,affected,39,0.666666666667
14,20261016,0.5,resnet18,four_class,probe,0,healthy,85,0.705882352941
14,20261016,0.5,resnet18,four_class,probe,1,iris_yellow_virus,56,0.678571428571
14,20261016,0.5,resnet18,four_class,probe,2,purple_blotch,4,0.75
14,20261016,0.5,resnet18,four_class,probe,3,stemphylium_colletotrichum_leaf_blight,18,0.777777777778
14,20261016,0.5,resnet18,four_class,sentinel,0,healthy,43,0.790697674419
14,20261016,0.5,resnet18,four_class,sentinel,1,iris_yellow_virus,28,0.678571428571
14,20261016,0.5,resnet18,four_class,sentinel,2,purple_blotch,2,0.5
14,20261016,0.5,resnet18,four_class,sentinel,3,stemphylium_colletotrichum_leaf_blight,9,0.666666666667
14,20261016,0.5,resnet18,binary_healthy_affected,probe,0,healthy,85,0.752941176471
14,20261016,0.5,resnet18,binary_healthy_affected,probe,1,affected,78,0.846153846154
14,20261016,0.5,resnet18,binary_healthy_affected,sentinel,0,healthy,43,0.813953488372
14,20261016,0.5,resnet18,binary_healthy_affected,sentinel,1,affected,39,0.769230769231
14,20261016,0.5,color_shortcut,four_class,probe,0,healthy,85,0.482352941176
14,20261016,0.5,color_shortcut,four_class,probe,1,iris_yellow_virus,56,0.392857142857
14,20261016,0.5,color_shortcut,four_class,probe,2,purple_blotch,4,0.5
14,20261016,0.5,color_shortcut,four_class,probe,3,stemphylium_colletotrichum_leaf_blight,18,0.611111111111
14,20261016,0.5,color_shortcut,four_class,sentinel,0,healthy,43,0.53488372093
14,20261016,0.5,color_shortcut,four_class,sentinel,1,iris_yellow_virus,28,0.285714285714
14,20261016,0.5,color_shortcut,four_class,sentinel,2,purple_blotch,2,0
14,20261016,0.5,color_shortcut,four_class,sentinel,3,stemphylium_colletotrichum_leaf_blight,9,0.444444444444
14,20261016,0.5,color_shortcut,binary_healthy_affected,probe,0,healthy,85,0.658823529412
14,20261016,0.5,color_shortcut,binary_healthy_affected,probe,1,affected,78,0.666666666667
14,20261016,0.5,color_shortcut,binary_healthy_affected,sentinel,0,healthy,43,0.581395348837
14,20261016,0.5,color_shortcut,binary_healthy_affected,sentinel,1,affected,39,0.615384615385
14,20261016,1,resnet18,four_class,probe,0,healthy,85,0.764705882353
14,20261016,1,resnet18,four_class,probe,1,iris_yellow_virus,56,0.75
14,20261016,1,resnet18,four_class,probe,2,purple_blotch,4,1
14,20261016,1,resnet18,four_class,probe,3,stemphylium_colletotrichum_leaf_blight,18,0.777777777778
14,20261016,1,resnet18,four_class,sentinel,0,healthy,43,0.813953488372
14,20261016,1,resnet18,four_class,sentinel,1,iris_yellow_virus,28,0.714285714286
14,20261016,1,resnet18,four_class,sentinel,2,purple_blotch,2,0.5
14,20261016,1,resnet18,four_class,sentinel,3,stemphylium_colletotrichum_leaf_blight,9,0.777777777778
14,20261016,1,resnet18,binary_healthy_affected,probe,0,healthy,85,0.811764705882
14,20261016,1,resnet18,binary_healthy_affected,probe,1,affected,78,0.871794871795
14,20261016,1,resnet18,binary_healthy_affected,sentinel,0,healthy,43,0.837209302326
14,20261016,1,resnet18,binary_healthy_affected,sentinel,1,affected,39,0.794871794872
14,20261016,1,color_shortcut,four_class,probe,0,healthy,85,0.541176470588
14,20261016,1,color_shortcut,four_class,probe,1,iris_yellow_virus,56,0.482142857143
14,20261016,1,color_shortcut,four_class,probe,2,purple_blotch,4,1
14,20261016,1,color_shortcut,four_class,probe,3,stemphylium_colletotrichum_leaf_blight,18,0.666666666667
14,20261016,1,color_shortcut,four_class,sentinel,0,healthy,43,0.511627906977
14,20261016,1,color_shortcut,four_class,sentinel,1,iris_yellow_virus,28,0.285714285714
14,20261016,1,color_shortcut,four_class,sentinel,2,purple_blotch,2,0
14,20261016,1,color_shortcut,four_class,sentinel,3,stemphylium_colletotrichum_leaf_blight,9,0.444444444444
14,20261016,1,color_shortcut,binary_healthy_affected,probe,0,healthy,85,0.635294117647
14,20261016,1,color_shortcut,binary_healthy_affected,probe,1,affected,78,0.679487179487
14,20261016,1,color_shortcut,binary_healthy_affected,sentinel,0,healthy,43,0.627906976744
14,20261016,1,color_shortcut,binary_healthy_affected,sentinel,1,affected,39,0.641025641026
15,20261017,0,resnet18,four_class,probe,0,healthy,85,0.811764705882
15,20261017,0,resnet18,four_class,probe,1,iris_yellow_virus,56,0.75
15,20261017,0,resnet18,four_class,probe,2,purple_blotch,4,0.5
15,20261017,0,resnet18,four_class,probe,3,stemphylium_colletotrichum_leaf_blight,18,0.611111111111
15,20261017,0,resnet18,four_class,sentinel,0,healthy,43,0.767441860465
15,20261017,0,resnet18,four_class,sentinel,1,iris_yellow_virus,28,0.714285714286
15,20261017,0,resnet18,four_class,sentinel,2,purple_blotch,2,0.5
15,20261017,0,resnet18,four_class,sentinel,3,stemphylium_colletotrichum_leaf_blight,9,0.555555555556
15,20261017,0,resnet18,binary_healthy_affected,probe,0,healthy,85,0.823529411765
15,20261017,0,resnet18,binary_healthy_affected,probe,1,affected,78,0.871794871795
15,20261017,0,resnet18,binary_healthy_affected,sentinel,0,healthy,43,0.906976744186
15,20261017,0,resnet18,binary_healthy_affected,sentinel,1,affected,39,0.820512820513
15,20261017,0,color_shortcut,four_class,probe,0,healthy,85,0.470588235294
15,20261017,0,color_shortcut,four_class,probe,1,iris_yellow_virus,56,0.321428571429
15,20261017,0,color_shortcut,four_class,probe,2,purple_blotch,4,0.25
15,20261017,0,color_shortcut,four_class,probe,3,stemphylium_colletotrichum_leaf_blight,18,0.333333333333
15,20261017,0,color_shortcut,four_class,sentinel,0,healthy,43,0.395348837209
15,20261017,0,color_shortcut,four_class,sentinel,1,iris_yellow_virus,28,0.392857142857
15,20261017,0,color_shortcut,four_class,sentinel,2,purple_blotch,2,0.5
15,20261017,0,color_shortcut,four_class,sentinel,3,stemphylium_colletotrichum_leaf_blight,9,0.333333333333
15,20261017,0,color_shortcut,binary_healthy_affected,probe,0,healthy,85,0.623529411765
15,20261017,0,color_shortcut,binary_healthy_affected,probe,1,affected,78,0.5
15,20261017,0,color_shortcut,binary_healthy_affected,sentinel,0,healthy,43,0.581395348837
15,20261017,0,color_shortcut,binary_healthy_affected,sentinel,1,affected,39,0.717948717949
15,20261017,0.5,resnet18,four_class,probe,0,healthy,85,0.835294117647
15,20261017,0.5,resnet18,four_class,probe,1,iris_yellow_virus,56,0.803571428571
15,20261017,0.5,resnet18,four_class,probe,2,purple_blotch,4,0.75
15,20261017,0.5,resnet18,four_class,probe,3,stemphylium_colletotrichum_leaf_blight,18,0.777777777778
15,20261017,0.5,resnet18,four_class,sentinel,0,healthy,43,0.813953488372
15,20261017,0.5,resnet18,four_class,sentinel,1,iris_yellow_virus,28,0.75
15,20261017,0.5,resnet18,four_class,sentinel,2,purple_blotch,2,0.5
15,20261017,0.5,resnet18,four_class,sentinel,3,stemphylium_colletotrichum_leaf_blight,9,0.444444444444
15,20261017,0.5,resnet18,binary_healthy_affected,probe,0,healthy,85,0.870588235294
15,20261017,0.5,resnet18,binary_healthy_affected,probe,1,affected,78,0.858974358974
15,20261017,0.5,resnet18,binary_healthy_affected,sentinel,0,healthy,43,0.883720930233
15,20261017,0.5,resnet18,binary_healthy_affected,sentinel,1,affected,39,0.846153846154
15,20261017,0.5,color_shortcut,four_class,probe,0,healthy,85,0.576470588235
15,20261017,0.5,color_shortcut,four_class,probe,1,iris_yellow_virus,56,0.375
15,20261017,0.5,color_shortcut,four_class,probe,2,purple_blotch,4,0.5
15,20261017,0.5,color_shortcut,four_class,probe,3,stemphylium_colletotrichum_leaf_blight,18,0.5
15,20261017,0.5,color_shortcut,four_class,sentinel,0,healthy,43,0.348837209302
15,20261017,0.5,color_shortcut,four_class,sentinel,1,iris_yellow_virus,28,0.5
15,20261017,0.5,color_shortcut,four_class,sentinel,2,purple_blotch,2,0.5
15,20261017,0.5,color_shortcut,four_class,sentinel,3,stemphylium_colletotrichum_leaf_blight,9,0.555555555556
15,20261017,0.5,color_shortcut,binary_healthy_affected,probe,0,healthy,85,0.670588235294
15,20261017,0.5,color_shortcut,binary_healthy_affected,probe,1,affected,78,0.564102564103
15,20261017,0.5,color_shortcut,binary_healthy_affected,sentinel,0,healthy,43,0.604651162791
15,20261017,0.5,color_shortcut,binary_healthy_affected,sentinel,1,affected,39,0.615384615385
15,20261017,1,resnet18,four_class,probe,0,healthy,85,0.870588235294
15,20261017,1,resnet18,four_class,probe,1,iris_yellow_virus,56,0.857142857143
15,20261017,1,resnet18,four_class,probe,2,purple_blotch,4,0.75
15,20261017,1,resnet18,four_class,probe,3,stemphylium_colletotrichum_leaf_blight,18,0.833333333333
15,20261017,1,resnet18,four_class,sentinel,0,healthy,43,0.790697674419
15,20261017,1,resnet18,four_class,sentinel,1,iris_yellow_virus,28,0.714285714286
15,20261017,1,resnet18,four_class,sentinel,2,purple_blotch,2,0.5
15,20261017,1,resnet18,four_class,sentinel,3,stemphylium_colletotrichum_leaf_blight,9,0.444444444444
15,20261017,1,resnet18,binary_healthy_affected,probe,0,healthy,85,0.905882352941
15,20261017,1,resnet18,binary_healthy_affected,probe,1,affected,78,0.910256410256
15,20261017,1,resnet18,binary_healthy_affected,sentinel,0,healthy,43,0.837209302326
15,20261017,1,resnet18,binary_healthy_affected,sentinel,1,affected,39,0.820512820513
15,20261017,1,color_shortcut,four_class,probe,0,healthy,85,0.552941176471
15,20261017,1,color_shortcut,four_class,probe,1,iris_yellow_virus,56,0.410714285714
15,20261017,1,color_shortcut,four_class,probe,2,purple_blotch,4,1
15,20261017,1,color_shortcut,four_class,probe,3,stemphylium_colletotrichum_leaf_blight,18,0.666666666667
15,20261017,1,color_shortcut,four_class,sentinel,0,healthy,43,0.395348837209
15,20261017,1,color_shortcut,four_class,sentinel,1,iris_yellow_virus,28,0.357142857143
15,20261017,1,color_shortcut,four_class,sentinel,2,purple_blotch,2,0.5
15,20261017,1,color_shortcut,four_class,sentinel,3,stemphylium_colletotrichum_leaf_blight,9,0.555555555556
15,20261017,1,color_shortcut,binary_healthy_affected,probe,0,healthy,85,0.623529411765
15,20261017,1,color_shortcut,binary_healthy_affected,probe,1,affected,78,0.679487179487
15,20261017,1,color_shortcut,binary_healthy_affected,sentinel,0,healthy,43,0.558139534884
15,20261017,1,color_shortcut,binary_healthy_affected,sentinel,1,affected,39,0.717948717949
16,20261018,0,resnet18,four_class,probe,0,healthy,85,0.835294117647
16,20261018,0,resnet18,four_class,probe,1,iris_yellow_virus,56,0.589285714286
16,20261018,0,resnet18,four_class,probe,2,purple_blotch,4,0.5
16,20261018,0,resnet18,four_class,probe,3,stemphylium_colletotrichum_leaf_blight,18,0.444444444444
16,20261018,0,resnet18,four_class,sentinel,0,healthy,43,0.813953488372
16,20261018,0,resnet18,four_class,sentinel,1,iris_yellow_virus,28,0.678571428571
16,20261018,0,resnet18,four_class,sentinel,2,purple_blotch,2,0
16,20261018,0,resnet18,four_class,sentinel,3,stemphylium_colletotrichum_leaf_blight,9,0.666666666667
16,20261018,0,resnet18,binary_healthy_affected,probe,0,healthy,85,0.847058823529
16,20261018,0,resnet18,binary_healthy_affected,probe,1,affected,78,0.769230769231
16,20261018,0,resnet18,binary_healthy_affected,sentinel,0,healthy,43,0.906976744186
16,20261018,0,resnet18,binary_healthy_affected,sentinel,1,affected,39,0.717948717949
16,20261018,0,color_shortcut,four_class,probe,0,healthy,85,0.670588235294
16,20261018,0,color_shortcut,four_class,probe,1,iris_yellow_virus,56,0.410714285714
16,20261018,0,color_shortcut,four_class,probe,2,purple_blotch,4,0.5
16,20261018,0,color_shortcut,four_class,probe,3,stemphylium_colletotrichum_leaf_blight,18,0.444444444444
16,20261018,0,color_shortcut,four_class,sentinel,0,healthy,43,0.581395348837
16,20261018,0,color_shortcut,four_class,sentinel,1,iris_yellow_virus,28,0.5
16,20261018,0,color_shortcut,four_class,sentinel,2,purple_blotch,2,0.5
16,20261018,0,color_shortcut,four_class,sentinel,3,stemphylium_colletotrichum_leaf_blight,9,0.333333333333
16,20261018,0,color_shortcut,binary_healthy_affected,probe,0,healthy,85,0.729411764706
16,20261018,0,color_shortcut,binary_healthy_affected,probe,1,affected,78,0.589743589744
16,20261018,0,color_shortcut,binary_healthy_affected,sentinel,0,healthy,43,0.697674418605
16,20261018,0,color_shortcut,binary_healthy_affected,sentinel,1,affected,39,0.769230769231
16,20261018,0.5,resnet18,four_class,probe,0,healthy,85,0.835294117647
16,20261018,0.5,resnet18,four_class,probe,1,iris_yellow_virus,56,0.607142857143
16,20261018,0.5,resnet18,four_class,probe,2,purple_blotch,4,0.5
16,20261018,0.5,resnet18,four_class,probe,3,stemphylium_colletotrichum_leaf_blight,18,0.5
16,20261018,0.5,resnet18,four_class,sentinel,0,healthy,43,0.837209302326
16,20261018,0.5,resnet18,four_class,sentinel,1,iris_yellow_virus,28,0.714285714286
16,20261018,0.5,resnet18,four_class,sentinel,2,purple_blotch,2,0
16,20261018,0.5,resnet18,four_class,sentinel,3,stemphylium_colletotrichum_leaf_blight,9,0.555555555556
16,20261018,0.5,resnet18,binary_healthy_affected,probe,0,healthy,85,0.847058823529
16,20261018,0.5,resnet18,binary_healthy_affected,probe,1,affected,78,0.794871794872
16,20261018,0.5,resnet18,binary_healthy_affected,sentinel,0,healthy,43,0.883720930233
16,20261018,0.5,resnet18,binary_healthy_affected,sentinel,1,affected,39,0.769230769231
16,20261018,0.5,color_shortcut,four_class,probe,0,healthy,85,0.611764705882
16,20261018,0.5,color_shortcut,four_class,probe,1,iris_yellow_virus,56,0.375
16,20261018,0.5,color_shortcut,four_class,probe,2,purple_blotch,4,0.75
16,20261018,0.5,color_shortcut,four_class,probe,3,stemphylium_colletotrichum_leaf_blight,18,0.666666666667
16,20261018,0.5,color_shortcut,four_class,sentinel,0,healthy,43,0.46511627907
16,20261018,0.5,color_shortcut,four_class,sentinel,1,iris_yellow_virus,28,0.464285714286
16,20261018,0.5,color_shortcut,four_class,sentinel,2,purple_blotch,2,0.5
16,20261018,0.5,color_shortcut,four_class,sentinel,3,stemphylium_colletotrichum_leaf_blight,9,0.333333333333
16,20261018,0.5,color_shortcut,binary_healthy_affected,probe,0,healthy,85,0.741176470588
16,20261018,0.5,color_shortcut,binary_healthy_affected,probe,1,affected,78,0.641025641026
16,20261018,0.5,color_shortcut,binary_healthy_affected,sentinel,0,healthy,43,0.697674418605
16,20261018,0.5,color_shortcut,binary_healthy_affected,sentinel,1,affected,39,0.769230769231
16,20261018,1,resnet18,four_class,probe,0,healthy,85,0.847058823529
16,20261018,1,resnet18,four_class,probe,1,iris_yellow_virus,56,0.660714285714
16,20261018,1,resnet18,four_class,probe,2,purple_blotch,4,0.5
16,20261018,1,resnet18,four_class,probe,3,stemphylium_colletotrichum_leaf_blight,18,0.555555555556
16,20261018,1,resnet18,four_class,sentinel,0,healthy,43,0.813953488372
16,20261018,1,resnet18,four_class,sentinel,1,iris_yellow_virus,28,0.678571428571
16,20261018,1,resnet18,four_class,sentinel,2,purple_blotch,2,0
16,20261018,1,resnet18,four_class,sentinel,3,stemphylium_colletotrichum_leaf_blight,9,0.444444444444
16,20261018,1,resnet18,binary_healthy_affected,probe,0,healthy,85,0.858823529412
16,20261018,1,resnet18,binary_healthy_affected,probe,1,affected,78,0.794871794872
16,20261018,1,resnet18,binary_healthy_affected,sentinel,0,healthy,43,0.837209302326
16,20261018,1,resnet18,binary_healthy_affected,sentinel,1,affected,39,0.717948717949
16,20261018,1,color_shortcut,four_class,probe,0,healthy,85,0.658823529412
16,20261018,1,color_shortcut,four_class,probe,1,iris_yellow_virus,56,0.446428571429
16,20261018,1,color_shortcut,four_class,probe,2,purple_blotch,4,1
16,20261018,1,color_shortcut,four_class,probe,3,stemphylium_colletotrichum_leaf_blight,18,0.888888888889
16,20261018,1,color_shortcut,four_class,sentinel,0,healthy,43,0.511627906977
16,20261018,1,color_shortcut,four_class,sentinel,1,iris_yellow_virus,28,0.464285714286
16,20261018,1,color_shortcut,four_class,sentinel,2,purple_blotch,2,0.5
16,20261018,1,color_shortcut,four_class,sentinel,3,stemphylium_colletotrichum_leaf_blight,9,0.444444444444
16,20261018,1,color_shortcut,binary_healthy_affected,probe,0,healthy,85,0.752941176471
16,20261018,1,color_shortcut,binary_healthy_affected,probe,1,affected,78,0.666666666667
16,20261018,1,color_shortcut,binary_healthy_affected,sentinel,0,healthy,43,0.674418604651
16,20261018,1,color_shortcut,binary_healthy_affected,sentinel,1,affected,39,0.769230769231
17,20261019,0,resnet18,four_class,probe,0,healthy,85,0.8
17,20261019,0,resnet18,four_class,probe,1,iris_yellow_virus,56,0.678571428571
17,20261019,0,resnet18,four_class,probe,2,purple_blotch,4,0.25
17,20261019,0,resnet18,four_class,probe,3,stemphylium_colletotrichum_leaf_blight,18,0.722222222222
17,20261019,0,resnet18,four_class,sentinel,0,healthy,43,0.93023255814
17,20261019,0,resnet18,four_class,sentinel,1,iris_yellow_virus,28,0.714285714286
17,20261019,0,resnet18,four_class,sentinel,2,purple_blotch,2,0.5
17,20261019,0,resnet18,four_class,sentinel,3,stemphylium_colletotrichum_leaf_blight,9,0.333333333333
17,20261019,0,resnet18,binary_healthy_affected,probe,0,healthy,85,0.8
17,20261019,0,resnet18,binary_healthy_affected,probe,1,affected,78,0.858974358974
17,20261019,0,resnet18,binary_healthy_affected,sentinel,0,healthy,43,0.976744186047
17,20261019,0,resnet18,binary_healthy_affected,sentinel,1,affected,39,0.769230769231
17,20261019,0,color_shortcut,four_class,probe,0,healthy,85,0.435294117647
17,20261019,0,color_shortcut,four_class,probe,1,iris_yellow_virus,56,0.535714285714
17,20261019,0,color_shortcut,four_class,probe,2,purple_blotch,4,0.25
17,20261019,0,color_shortcut,four_class,probe,3,stemphylium_colletotrichum_leaf_blight,18,0.5
17,20261019,0,color_shortcut,four_class,sentinel,0,healthy,43,0.53488372093
17,20261019,0,color_shortcut,four_class,sentinel,1,iris_yellow_virus,28,0.214285714286
17,20261019,0,color_shortcut,four_class,sentinel,2,purple_blotch,2,0.5
17,20261019,0,color_shortcut,four_class,sentinel,3,stemphylium_colletotrichum_leaf_blight,9,0.111111111111
17,20261019,0,color_shortcut,binary_healthy_affected,probe,0,healthy,85,0.576470588235
17,20261019,0,color_shortcut,binary_healthy_affected,probe,1,affected,78,0.730769230769
17,20261019,0,color_shortcut,binary_healthy_affected,sentinel,0,healthy,43,0.790697674419
17,20261019,0,color_shortcut,binary_healthy_affected,sentinel,1,affected,39,0.487179487179
17,20261019,0.5,resnet18,four_class,probe,0,healthy,85,0.811764705882
17,20261019,0.5,resnet18,four_class,probe,1,iris_yellow_virus,56,0.732142857143
17,20261019,0.5,resnet18,four_class,probe,2,purple_blotch,4,0.5
17,20261019,0.5,resnet18,four_class,probe,3,stemphylium_colletotrichum_leaf_blight,18,0.722222222222
17,20261019,0.5,resnet18,four_class,sentinel,0,healthy,43,0.953488372093
17,20261019,0.5,resnet18,four_class,sentinel,1,iris_yellow_virus,28,0.75
17,20261019,0.5,resnet18,four_class,sentinel,2,purple_blotch,2,0.5
17,20261019,0.5,resnet18,four_class,sentinel,3,stemphylium_colletotrichum_leaf_blight,9,0.222222222222
17,20261019,0.5,resnet18,binary_healthy_affected,probe,0,healthy,85,0.870588235294
17,20261019,0.5,resnet18,binary_healthy_affected,probe,1,affected,78,0.884615384615
17,20261019,0.5,resnet18,binary_healthy_affected,sentinel,0,healthy,43,0.976744186047
17,20261019,0.5,resnet18,binary_healthy_affected,sentinel,1,affected,39,0.769230769231
17,20261019,0.5,color_shortcut,four_class,probe,0,healthy,85,0.423529411765
17,20261019,0.5,color_shortcut,four_class,probe,1,iris_yellow_virus,56,0.625
17,20261019,0.5,color_shortcut,four_class,probe,2,purple_blotch,4,0.5
17,20261019,0.5,color_shortcut,four_class,probe,3,stemphylium_colletotrichum_leaf_blight,18,0.555555555556
17,20261019,0.5,color_shortcut,four_class,sentinel,0,healthy,43,0.511627906977
17,20261019,0.5,color_shortcut,four_class,sentinel,1,iris_yellow_virus,28,0.142857142857
17,20261019,0.5,color_shortcut,four_class,sentinel,2,purple_blotch,2,0.5
17,20261019,0.5,color_shortcut,four_class,sentinel,3,stemphylium_colletotrichum_leaf_blight,9,0.111111111111
17,20261019,0.5,color_shortcut,binary_healthy_affected,probe,0,healthy,85,0.647058823529
17,20261019,0.5,color_shortcut,binary_healthy_affected,probe,1,affected,78,0.75641025641
17,20261019,0.5,color_shortcut,binary_healthy_affected,sentinel,0,healthy,43,0.720930232558
17,20261019,0.5,color_shortcut,binary_healthy_affected,sentinel,1,affected,39,0.461538461538
17,20261019,1,resnet18,four_class,probe,0,healthy,85,0.858823529412
17,20261019,1,resnet18,four_class,probe,1,iris_yellow_virus,56,0.821428571429
17,20261019,1,resnet18,four_class,probe,2,purple_blotch,4,0.75
17,20261019,1,resnet18,four_class,probe,3,stemphylium_colletotrichum_leaf_blight,18,0.666666666667
17,20261019,1,resnet18,four_class,sentinel,0,healthy,43,0.953488372093
17,20261019,1,resnet18,four_class,sentinel,1,iris_yellow_virus,28,0.642857142857
17,20261019,1,resnet18,four_class,sentinel,2,purple_blotch,2,0.5
17,20261019,1,resnet18,four_class,sentinel,3,stemphylium_colletotrichum_leaf_blight,9,0.222222222222
17,20261019,1,resnet18,binary_healthy_affected,probe,0,healthy,85,0.847058823529
17,20261019,1,resnet18,binary_healthy_affected,probe,1,affected,78,0.884615384615
17,20261019,1,resnet18,binary_healthy_affected,sentinel,0,healthy,43,0.976744186047
17,20261019,1,resnet18,binary_healthy_affected,sentinel,1,affected,39,0.820512820513
17,20261019,1,color_shortcut,four_class,probe,0,healthy,85,0.482352941176
17,20261019,1,color_shortcut,four_class,probe,1,iris_yellow_virus,56,0.642857142857
17,20261019,1,color_shortcut,four_class,probe,2,purple_blotch,4,1
17,20261019,1,color_shortcut,four_class,probe,3,stemphylium_colletotrichum_leaf_blight,18,0.666666666667
17,20261019,1,color_shortcut,four_class,sentinel,0,healthy,43,0.581395348837
17,20261019,1,color_shortcut,four_class,sentinel,1,iris_yellow_virus,28,0.178571428571
17,20261019,1,color_shortcut,four_class,sentinel,2,purple_blotch,2,0.5
17,20261019,1,color_shortcut,four_class,sentinel,3,stemphylium_colletotrichum_leaf_blight,9,0.111111111111
17,20261019,1,color_shortcut,binary_healthy_affected,probe,0,healthy,85,0.694117647059
17,20261019,1,color_shortcut,binary_healthy_affected,probe,1,affected,78,0.730769230769
17,20261019,1,color_shortcut,binary_healthy_affected,sentinel,0,healthy,43,0.697674418605
17,20261019,1,color_shortcut,binary_healthy_affected,sentinel,1,affected,39,0.461538461538
18,20261020,0,resnet18,four_class,probe,0,healthy,85,0.835294117647
18,20261020,0,resnet18,four_class,probe,1,iris_yellow_virus,56,0.767857142857
18,20261020,0,resnet18,four_class,probe,2,purple_blotch,4,0.75
18,20261020,0,resnet18,four_class,probe,3,stemphylium_colletotrichum_leaf_blight,18,0.444444444444
18,20261020,0,resnet18,four_class,sentinel,0,healthy,43,0.813953488372
18,20261020,0,resnet18,four_class,sentinel,1,iris_yellow_virus,28,0.571428571429
18,20261020,0,resnet18,four_class,sentinel,2,purple_blotch,2,1
18,20261020,0,resnet18,four_class,sentinel,3,stemphylium_colletotrichum_leaf_blight,9,0.555555555556
18,20261020,0,resnet18,binary_healthy_affected,probe,0,healthy,85,0.811764705882
18,20261020,0,resnet18,binary_healthy_affected,probe,1,affected,78,0.807692307692
18,20261020,0,resnet18,binary_healthy_affected,sentinel,0,healthy,43,0.860465116279
18,20261020,0,resnet18,binary_healthy_affected,sentinel,1,affected,39,0.769230769231
18,20261020,0,color_shortcut,four_class,probe,0,healthy,85,0.529411764706
18,20261020,0,color_shortcut,four_class,probe,1,iris_yellow_virus,56,0.375
18,20261020,0,color_shortcut,four_class,probe,2,purple_blotch,4,0.25
18,20261020,0,color_shortcut,four_class,probe,3,stemphylium_colletotrichum_leaf_blight,18,0.722222222222
18,20261020,0,color_shortcut,four_class,sentinel,0,healthy,43,0.511627906977
18,20261020,0,color_shortcut,four_class,sentinel,1,iris_yellow_virus,28,0.464285714286
18,20261020,0,color_shortcut,four_class,sentinel,2,purple_blotch,2,1
18,20261020,0,color_shortcut,four_class,sentinel,3,stemphylium_colletotrichum_leaf_blight,9,0.555555555556
18,20261020,0,color_shortcut,binary_healthy_affected,probe,0,healthy,85,0.635294117647
18,20261020,0,color_shortcut,binary_healthy_affected,probe,1,affected,78,0.641025641026
18,20261020,0,color_shortcut,binary_healthy_affected,sentinel,0,healthy,43,0.627906976744
18,20261020,0,color_shortcut,binary_healthy_affected,sentinel,1,affected,39,0.692307692308
18,20261020,0.5,resnet18,four_class,probe,0,healthy,85,0.8
18,20261020,0.5,resnet18,four_class,probe,1,iris_yellow_virus,56,0.714285714286
18,20261020,0.5,resnet18,four_class,probe,2,purple_blotch,4,0.75
18,20261020,0.5,resnet18,four_class,probe,3,stemphylium_colletotrichum_leaf_blight,18,0.555555555556
18,20261020,0.5,resnet18,four_class,sentinel,0,healthy,43,0.767441860465
18,20261020,0.5,resnet18,four_class,sentinel,1,iris_yellow_virus,28,0.535714285714
18,20261020,0.5,resnet18,four_class,sentinel,2,purple_blotch,2,1
18,20261020,0.5,resnet18,four_class,sentinel,3,stemphylium_colletotrichum_leaf_blight,9,0.666666666667
18,20261020,0.5,resnet18,binary_healthy_affected,probe,0,healthy,85,0.776470588235
18,20261020,0.5,resnet18,binary_healthy_affected,probe,1,affected,78,0.794871794872
18,20261020,0.5,resnet18,binary_healthy_affected,sentinel,0,healthy,43,0.813953488372
18,20261020,0.5,resnet18,binary_healthy_affected,sentinel,1,affected,39,0.820512820513
18,20261020,0.5,color_shortcut,four_class,probe,0,healthy,85,0.470588235294
18,20261020,0.5,color_shortcut,four_class,probe,1,iris_yellow_virus,56,0.464285714286
18,20261020,0.5,color_shortcut,four_class,probe,2,purple_blotch,4,0.75
18,20261020,0.5,color_shortcut,four_class,probe,3,stemphylium_colletotrichum_leaf_blight,18,0.666666666667
18,20261020,0.5,color_shortcut,four_class,sentinel,0,healthy,43,0.511627906977
18,20261020,0.5,color_shortcut,four_class,sentinel,1,iris_yellow_virus,28,0.5
18,20261020,0.5,color_shortcut,four_class,sentinel,2,purple_blotch,2,1
18,20261020,0.5,color_shortcut,four_class,sentinel,3,stemphylium_colletotrichum_leaf_blight,9,0.444444444444
18,20261020,0.5,color_shortcut,binary_healthy_affected,probe,0,healthy,85,0.611764705882
18,20261020,0.5,color_shortcut,binary_healthy_affected,probe,1,affected,78,0.705128205128
18,20261020,0.5,color_shortcut,binary_healthy_affected,sentinel,0,healthy,43,0.581395348837
18,20261020,0.5,color_shortcut,binary_healthy_affected,sentinel,1,affected,39,0.717948717949
18,20261020,1,resnet18,four_class,probe,0,healthy,85,0.858823529412
18,20261020,1,resnet18,four_class,probe,1,iris_yellow_virus,56,0.785714285714
18,20261020,1,resnet18,four_class,probe,2,purple_blotch,4,1
18,20261020,1,resnet18,four_class,probe,3,stemphylium_colletotrichum_leaf_blight,18,0.666666666667
18,20261020,1,resnet18,four_class,sentinel,0,healthy,43,0.720930232558
18,20261020,1,resnet18,four_class,sentinel,1,iris_yellow_virus,28,0.571428571429
18,20261020,1,resnet18,four_class,sentinel,2,purple_blotch,2,1
18,20261020,1,resnet18,four_class,sentinel,3,stemphylium_colletotrichum_leaf_blight,9,0.666666666667
18,20261020,1,resnet18,binary_healthy_affected,probe,0,healthy,85,0.823529411765
18,20261020,1,resnet18,binary_healthy_affected,probe,1,affected,78,0.794871794872
18,20261020,1,resnet18,binary_healthy_affected,sentinel,0,healthy,43,0.767441860465
18,20261020,1,resnet18,binary_healthy_affected,sentinel,1,affected,39,0.820512820513
18,20261020,1,color_shortcut,four_class,probe,0,healthy,85,0.611764705882
18,20261020,1,color_shortcut,four_class,probe,1,iris_yellow_virus,56,0.464285714286
18,20261020,1,color_shortcut,four_class,probe,2,purple_blotch,4,1
18,20261020,1,color_shortcut,four_class,probe,3,stemphylium_colletotrichum_leaf_blight,18,0.888888888889
18,20261020,1,color_shortcut,four_class,sentinel,0,healthy,43,0.604651162791
18,20261020,1,color_shortcut,four_class,sentinel,1,iris_yellow_virus,28,0.428571428571
18,20261020,1,color_shortcut,four_class,sentinel,2,purple_blotch,2,0.5
18,20261020,1,color_shortcut,four_class,sentinel,3,stemphylium_colletotrichum_leaf_blight,9,0.666666666667
18,20261020,1,color_shortcut,binary_healthy_affected,probe,0,healthy,85,0.694117647059
18,20261020,1,color_shortcut,binary_healthy_affected,probe,1,affected,78,0.679487179487
18,20261020,1,color_shortcut,binary_healthy_affected,sentinel,0,healthy,43,0.674418604651
18,20261020,1,color_shortcut,binary_healthy_affected,sentinel,1,affected,39,0.717948717949
19,20261021,0,resnet18,four_class,probe,0,healthy,85,0.764705882353
19,20261021,0,resnet18,four_class,probe,1,iris_yellow_virus,56,0.696428571429
19,20261021,0,resnet18,four_class,probe,2,purple_blotch,4,0.75
19,20261021,0,resnet18,four_class,probe,3,stemphylium_colletotrichum_leaf_blight,18,0.666666666667
19,20261021,0,resnet18,four_class,sentinel,0,healthy,43,0.860465116279
19,20261021,0,resnet18,four_class,sentinel,1,iris_yellow_virus,28,0.678571428571
19,20261021,0,resnet18,four_class,sentinel,2,purple_blotch,2,0.5
19,20261021,0,resnet18,four_class,sentinel,3,stemphylium_colletotrichum_leaf_blight,9,0.555555555556
19,20261021,0,resnet18,binary_healthy_affected,probe,0,healthy,85,0.788235294118
19,20261021,0,resnet18,binary_healthy_affected,probe,1,affected,78,0.833333333333
19,20261021,0,resnet18,binary_healthy_affected,sentinel,0,healthy,43,0.837209302326
19,20261021,0,resnet18,binary_healthy_affected,sentinel,1,affected,39,0.74358974359
19,20261021,0,color_shortcut,four_class,probe,0,healthy,85,0.435294117647
19,20261021,0,color_shortcut,four_class,probe,1,iris_yellow_virus,56,0.5
19,20261021,0,color_shortcut,four_class,probe,2,purple_blotch,4,0
19,20261021,0,color_shortcut,four_class,probe,3,stemphylium_colletotrichum_leaf_blight,18,0.444444444444
19,20261021,0,color_shortcut,four_class,sentinel,0,healthy,43,0.418604651163
19,20261021,0,color_shortcut,four_class,sentinel,1,iris_yellow_virus,28,0.464285714286
19,20261021,0,color_shortcut,four_class,sentinel,2,purple_blotch,2,0
19,20261021,0,color_shortcut,four_class,sentinel,3,stemphylium_colletotrichum_leaf_blight,9,0.222222222222
19,20261021,0,color_shortcut,binary_healthy_affected,probe,0,healthy,85,0.588235294118
19,20261021,0,color_shortcut,binary_healthy_affected,probe,1,affected,78,0.717948717949
19,20261021,0,color_shortcut,binary_healthy_affected,sentinel,0,healthy,43,0.674418604651
19,20261021,0,color_shortcut,binary_healthy_affected,sentinel,1,affected,39,0.564102564103
19,20261021,0.5,resnet18,four_class,probe,0,healthy,85,0.8
19,20261021,0.5,resnet18,four_class,probe,1,iris_yellow_virus,56,0.678571428571
19,20261021,0.5,resnet18,four_class,probe,2,purple_blotch,4,1
19,20261021,0.5,resnet18,four_class,probe,3,stemphylium_colletotrichum_leaf_blight,18,0.833333333333
19,20261021,0.5,resnet18,four_class,sentinel,0,healthy,43,0.860465116279
19,20261021,0.5,resnet18,four_class,sentinel,1,iris_yellow_virus,28,0.642857142857
19,20261021,0.5,resnet18,four_class,sentinel,2,purple_blotch,2,0
19,20261021,0.5,resnet18,four_class,sentinel,3,stemphylium_colletotrichum_leaf_blight,9,0.777777777778
19,20261021,0.5,resnet18,binary_healthy_affected,probe,0,healthy,85,0.8
19,20261021,0.5,resnet18,binary_healthy_affected,probe,1,affected,78,0.858974358974
19,20261021,0.5,resnet18,binary_healthy_affected,sentinel,0,healthy,43,0.837209302326
19,20261021,0.5,resnet18,binary_healthy_affected,sentinel,1,affected,39,0.692307692308
19,20261021,0.5,color_shortcut,four_class,probe,0,healthy,85,0.435294117647
19,20261021,0.5,color_shortcut,four_class,probe,1,iris_yellow_virus,56,0.553571428571
19,20261021,0.5,color_shortcut,four_class,probe,2,purple_blotch,4,0.5
19,20261021,0.5,color_shortcut,four_class,probe,3,stemphylium_colletotrichum_leaf_blight,18,0.722222222222
19,20261021,0.5,color_shortcut,four_class,sentinel,0,healthy,43,0.441860465116
19,20261021,0.5,color_shortcut,four_class,sentinel,1,iris_yellow_virus,28,0.428571428571
19,20261021,0.5,color_shortcut,four_class,sentinel,2,purple_blotch,2,0.5
19,20261021,0.5,color_shortcut,four_class,sentinel,3,stemphylium_colletotrichum_leaf_blight,9,0.444444444444
19,20261021,0.5,color_shortcut,binary_healthy_affected,probe,0,healthy,85,0.611764705882
19,20261021,0.5,color_shortcut,binary_healthy_affected,probe,1,affected,78,0.74358974359
19,20261021,0.5,color_shortcut,binary_healthy_affected,sentinel,0,healthy,43,0.581395348837
19,20261021,0.5,color_shortcut,binary_healthy_affected,sentinel,1,affected,39,0.564102564103
19,20261021,1,resnet18,four_class,probe,0,healthy,85,0.823529411765
19,20261021,1,resnet18,four_class,probe,1,iris_yellow_virus,56,0.714285714286
19,20261021,1,resnet18,four_class,probe,2,purple_blotch,4,1
19,20261021,1,resnet18,four_class,probe,3,stemphylium_colletotrichum_leaf_blight,18,0.833333333333
19,20261021,1,resnet18,four_class,sentinel,0,healthy,43,0.883720930233
19,20261021,1,resnet18,four_class,sentinel,1,iris_yellow_virus,28,0.642857142857
19,20261021,1,resnet18,four_class,sentinel,2,purple_blotch,2,0
19,20261021,1,resnet18,four_class,sentinel,3,stemphylium_colletotrichum_leaf_blight,9,0.777777777778
19,20261021,1,resnet18,binary_healthy_affected,probe,0,healthy,85,0.847058823529
19,20261021,1,resnet18,binary_healthy_affected,probe,1,affected,78,0.833333333333
19,20261021,1,resnet18,binary_healthy_affected,sentinel,0,healthy,43,0.860465116279
19,20261021,1,resnet18,binary_healthy_affected,sentinel,1,affected,39,0.74358974359
19,20261021,1,color_shortcut,four_class,probe,0,healthy,85,0.494117647059
19,20261021,1,color_shortcut,four_class,probe,1,iris_yellow_virus,56,0.589285714286
19,20261021,1,color_shortcut,four_class,probe,2,purple_blotch,4,1
19,20261021,1,color_shortcut,four_class,probe,3,stemphylium_colletotrichum_leaf_blight,18,0.722222222222
19,20261021,1,color_shortcut,four_class,sentinel,0,healthy,43,0.441860465116
19,20261021,1,color_shortcut,four_class,sentinel,1,iris_yellow_virus,28,0.392857142857
19,20261021,1,color_shortcut,four_class,sentinel,2,purple_blotch,2,0.5
19,20261021,1,color_shortcut,four_class,sentinel,3,stemphylium_colletotrichum_leaf_blight,9,0.222222222222
19,20261021,1,color_shortcut,binary_healthy_affected,probe,0,healthy,85,0.670588235294
19,20261021,1,color_shortcut,binary_healthy_affected,probe,1,affected,78,0.75641025641
19,20261021,1,color_shortcut,binary_healthy_affected,sentinel,0,healthy,43,0.581395348837
19,20261021,1,color_shortcut,binary_healthy_affected,sentinel,1,affected,39,0.538461538462
20,20261022,0,resnet18,four_class,probe,0,healthy,85,0.847058823529
20,20261022,0,resnet18,four_class,probe,1,iris_yellow_virus,56,0.714285714286
20,20261022,0,resnet18,four_class,probe,2,purple_blotch,4,0.75
20,20261022,0,resnet18,four_class,probe,3,stemphylium_colletotrichum_leaf_blight,18,0.388888888889
20,20261022,0,resnet18,four_class,sentinel,0,healthy,43,0.860465116279
20,20261022,0,resnet18,four_class,sentinel,1,iris_yellow_virus,28,0.678571428571
20,20261022,0,resnet18,four_class,sentinel,2,purple_blotch,2,0
20,20261022,0,resnet18,four_class,sentinel,3,stemphylium_colletotrichum_leaf_blight,9,0.666666666667
20,20261022,0,resnet18,binary_healthy_affected,probe,0,healthy,85,0.882352941176
20,20261022,0,resnet18,binary_healthy_affected,probe,1,affected,78,0.846153846154
20,20261022,0,resnet18,binary_healthy_affected,sentinel,0,healthy,43,0.883720930233
20,20261022,0,resnet18,binary_healthy_affected,sentinel,1,affected,39,0.846153846154
20,20261022,0,color_shortcut,four_class,probe,0,healthy,85,0.458823529412
20,20261022,0,color_shortcut,four_class,probe,1,iris_yellow_virus,56,0.482142857143
20,20261022,0,color_shortcut,four_class,probe,2,purple_blotch,4,0
20,20261022,0,color_shortcut,four_class,probe,3,stemphylium_colletotrichum_leaf_blight,18,0.277777777778
20,20261022,0,color_shortcut,four_class,sentinel,0,healthy,43,0.441860465116
20,20261022,0,color_shortcut,four_class,sentinel,1,iris_yellow_virus,28,0.607142857143
20,20261022,0,color_shortcut,four_class,sentinel,2,purple_blotch,2,0
20,20261022,0,color_shortcut,four_class,sentinel,3,stemphylium_colletotrichum_leaf_blight,9,0.222222222222
20,20261022,0,color_shortcut,binary_healthy_affected,probe,0,healthy,85,0.611764705882
20,20261022,0,color_shortcut,binary_healthy_affected,probe,1,affected,78,0.692307692308
20,20261022,0,color_shortcut,binary_healthy_affected,sentinel,0,healthy,43,0.674418604651
20,20261022,0,color_shortcut,binary_healthy_affected,sentinel,1,affected,39,0.641025641026
20,20261022,0.5,resnet18,four_class,probe,0,healthy,85,0.847058823529
20,20261022,0.5,resnet18,four_class,probe,1,iris_yellow_virus,56,0.732142857143
20,20261022,0.5,resnet18,four_class,probe,2,purple_blotch,4,0.75
20,20261022,0.5,resnet18,four_class,probe,3,stemphylium_colletotrichum_leaf_blight,18,0.555555555556
20,20261022,0.5,resnet18,four_class,sentinel,0,healthy,43,0.883720930233
20,20261022,0.5,resnet18,four_class,sentinel,1,iris_yellow_virus,28,0.642857142857
20,20261022,0.5,resnet18,four_class,sentinel,2,purple_blotch,2,0
20,20261022,0.5,resnet18,four_class,sentinel,3,stemphylium_colletotrichum_leaf_blight,9,0.777777777778
20,20261022,0.5,resnet18,binary_healthy_affected,probe,0,healthy,85,0.905882352941
20,20261022,0.5,resnet18,binary_healthy_affected,probe,1,affected,78,0.884615384615
20,20261022,0.5,resnet18,binary_healthy_affected,sentinel,0,healthy,43,0.906976744186
20,20261022,0.5,resnet18,binary_healthy_affected,sentinel,1,affected,39,0.769230769231
20,20261022,0.5,color_shortcut,four_class,probe,0,healthy,85,0.517647058824
20,20261022,0.5,color_shortcut,four_class,probe,1,iris_yellow_virus,56,0.571428571429
20,20261022,0.5,color_shortcut,four_class,probe,2,purple_blotch,4,0.5
20,20261022,0.5,color_shortcut,four_class,probe,3,stemphylium_colletotrichum_leaf_blight,18,0.277777777778
20,20261022,0.5,color_shortcut,four_class,sentinel,0,healthy,43,0.46511627907
20,20261022,0.5,color_shortcut,four_class,sentinel,1,iris_yellow_virus,28,0.642857142857
20,20261022,0.5,color_shortcut,four_class,sentinel,2,purple_blotch,2,0
20,20261022,0.5,color_shortcut,four_class,sentinel,3,stemphylium_colletotrichum_leaf_blight,9,0.222222222222
20,20261022,0.5,color_shortcut,binary_healthy_affected,probe,0,healthy,85,0.658823529412
20,20261022,0.5,color_shortcut,binary_healthy_affected,probe,1,affected,78,0.705128205128
20,20261022,0.5,color_shortcut,binary_healthy_affected,sentinel,0,healthy,43,0.720930232558
20,20261022,0.5,color_shortcut,binary_healthy_affected,sentinel,1,affected,39,0.666666666667
20,20261022,1,resnet18,four_class,probe,0,healthy,85,0.823529411765
20,20261022,1,resnet18,four_class,probe,1,iris_yellow_virus,56,0.785714285714
20,20261022,1,resnet18,four_class,probe,2,purple_blotch,4,0.75
20,20261022,1,resnet18,four_class,probe,3,stemphylium_colletotrichum_leaf_blight,18,0.666666666667
20,20261022,1,resnet18,four_class,sentinel,0,healthy,43,0.883720930233
20,20261022,1,resnet18,four_class,sentinel,1,iris_yellow_virus,28,0.75
20,20261022,1,resnet18,four_class,sentinel,2,purple_blotch,2,0
20,20261022,1,resnet18,four_class,sentinel,3,stemphylium_colletotrichum_leaf_blight,9,0.777777777778
20,20261022,1,resnet18,binary_healthy_affected,probe,0,healthy,85,0.905882352941
20,20261022,1,resnet18,binary_healthy_affected,probe,1,affected,78,0.910256410256
20,20261022,1,resnet18,binary_healthy_affected,sentinel,0,healthy,43,0.906976744186
20,20261022,1,resnet18,binary_healthy_affected,sentinel,1,affected,39,0.794871794872
20,20261022,1,color_shortcut,four_class,probe,0,healthy,85,0.494117647059
20,20261022,1,color_shortcut,four_class,probe,1,iris_yellow_virus,56,0.625
20,20261022,1,color_shortcut,four_class,probe,2,purple_blotch,4,1
20,20261022,1,color_shortcut,four_class,probe,3,stemphylium_colletotrichum_leaf_blight,18,0.5
20,20261022,1,color_shortcut,four_class,sentinel,0,healthy,43,0.46511627907
20,20261022,1,color_shortcut,four_class,sentinel,1,iris_yellow_virus,28,0.464285714286
20,20261022,1,color_shortcut,four_class,sentinel,2,purple_blotch,2,0
20,20261022,1,color_shortcut,four_class,sentinel,3,stemphylium_colletotrichum_leaf_blight,9,0.222222222222
20,20261022,1,color_shortcut,binary_healthy_affected,probe,0,healthy,85,0.670588235294
20,20261022,1,color_shortcut,binary_healthy_affected,probe,1,affected,78,0.75641025641
20,20261022,1,color_shortcut,binary_healthy_affected,sentinel,0,healthy,43,0.651162790698
20,20261022,1,color_shortcut,binary_healthy_affected,sentinel,1,affected,39,0.615384615385
21,20261023,0,resnet18,four_class,probe,0,healthy,85,0.823529411765
21,20261023,0,resnet18,four_class,probe,1,iris_yellow_virus,56,0.767857142857
21,20261023,0,resnet18,four_class,probe,2,purple_blotch,4,0.25
21,20261023,0,resnet18,four_class,probe,3,stemphylium_colletotrichum_leaf_blight,18,0.666666666667
21,20261023,0,resnet18,four_class,sentinel,0,healthy,43,0.790697674419
21,20261023,0,resnet18,four_class,sentinel,1,iris_yellow_virus,28,0.678571428571
21,20261023,0,resnet18,four_class,sentinel,2,purple_blotch,2,0.5
21,20261023,0,resnet18,four_class,sentinel,3,stemphylium_colletotrichum_leaf_blight,9,0.333333333333
21,20261023,0,resnet18,binary_healthy_affected,probe,0,healthy,85,0.870588235294
21,20261023,0,resnet18,binary_healthy_affected,probe,1,affected,78,0.871794871795
21,20261023,0,resnet18,binary_healthy_affected,sentinel,0,healthy,43,0.860465116279
21,20261023,0,resnet18,binary_healthy_affected,sentinel,1,affected,39,0.74358974359
21,20261023,0,color_shortcut,four_class,probe,0,healthy,85,0.470588235294
21,20261023,0,color_shortcut,four_class,probe,1,iris_yellow_virus,56,0.535714285714
21,20261023,0,color_shortcut,four_class,probe,2,purple_blotch,4,0.25
21,20261023,0,color_shortcut,four_class,probe,3,stemphylium_colletotrichum_leaf_blight,18,0.222222222222
21,20261023,0,color_shortcut,four_class,sentinel,0,healthy,43,0.372093023256
21,20261023,0,color_shortcut,four_class,sentinel,1,iris_yellow_virus,28,0.75
21,20261023,0,color_shortcut,four_class,sentinel,2,purple_blotch,2,0
21,20261023,0,color_shortcut,four_class,sentinel,3,stemphylium_colletotrichum_leaf_blight,9,0.333333333333
21,20261023,0,color_shortcut,binary_healthy_affected,probe,0,healthy,85,0.6
21,20261023,0,color_shortcut,binary_healthy_affected,probe,1,affected,78,0.794871794872
21,20261023,0,color_shortcut,binary_healthy_affected,sentinel,0,healthy,43,0.53488372093
21,20261023,0,color_shortcut,binary_healthy_affected,sentinel,1,affected,39,0.820512820513
21,20261023,0.5,resnet18,four_class,probe,0,healthy,85,0.882352941176
21,20261023,0.5,resnet18,four_class,probe,1,iris_yellow_virus,56,0.785714285714
21,20261023,0.5,resnet18,four_class,probe,2,purple_blotch,4,0.25
21,20261023,0.5,resnet18,four_class,probe,3,stemphylium_colletotrichum_leaf_blight,18,0.666666666667
21,20261023,0.5,resnet18,four_class,sentinel,0,healthy,43,0.813953488372
21,20261023,0.5,resnet18,four_class,sentinel,1,iris_yellow_virus,28,0.642857142857
21,20261023,0.5,resnet18,four_class,sentinel,2,purple_blotch,2,0.5
21,20261023,0.5,resnet18,four_class,sentinel,3,stemphylium_colletotrichum_leaf_blight,9,0.333333333333
21,20261023,0.5,resnet18,binary_healthy_affected,probe,0,healthy,85,0.894117647059
21,20261023,0.5,resnet18,binary_healthy_affected,probe,1,affected,78,0.846153846154
21,20261023,0.5,resnet18,binary_healthy_affected,sentinel,0,healthy,43,0.860465116279
21,20261023,0.5,resnet18,binary_healthy_affected,sentinel,1,affected,39,0.74358974359
21,20261023,0.5,color_shortcut,four_class,probe,0,healthy,85,0.458823529412
21,20261023,0.5,color_shortcut,four_class,probe,1,iris_yellow_virus,56,0.625
21,20261023,0.5,color_shortcut,four_class,probe,2,purple_blotch,4,0.75
21,20261023,0.5,color_shortcut,four_class,probe,3,stemphylium_colletotrichum_leaf_blight,18,0.388888888889
21,20261023,0.5,color_shortcut,four_class,sentinel,0,healthy,43,0.418604651163
21,20261023,0.5,color_shortcut,four_class,sentinel,1,iris_yellow_virus,28,0.642857142857
21,20261023,0.5,color_shortcut,four_class,sentinel,2,purple_blotch,2,0.5
21,20261023,0.5,color_shortcut,four_class,sentinel,3,stemphylium_colletotrichum_leaf_blight,9,0.222222222222
21,20261023,0.5,color_shortcut,binary_healthy_affected,probe,0,healthy,85,0.552941176471
21,20261023,0.5,color_shortcut,binary_healthy_affected,probe,1,affected,78,0.833333333333
21,20261023,0.5,color_shortcut,binary_healthy_affected,sentinel,0,healthy,43,0.581395348837
21,20261023,0.5,color_shortcut,binary_healthy_affected,sentinel,1,affected,39,0.794871794872
21,20261023,1,resnet18,four_class,probe,0,healthy,85,0.870588235294
21,20261023,1,resnet18,four_class,probe,1,iris_yellow_virus,56,0.767857142857
21,20261023,1,resnet18,four_class,probe,2,purple_blotch,4,0.5
21,20261023,1,resnet18,four_class,probe,3,stemphylium_colletotrichum_leaf_blight,18,0.833333333333
21,20261023,1,resnet18,four_class,sentinel,0,healthy,43,0.837209302326
21,20261023,1,resnet18,four_class,sentinel,1,iris_yellow_virus,28,0.571428571429
21,20261023,1,resnet18,four_class,sentinel,2,purple_blotch,2,0
21,20261023,1,resnet18,four_class,sentinel,3,stemphylium_colletotrichum_leaf_blight,9,0.444444444444
21,20261023,1,resnet18,binary_healthy_affected,probe,0,healthy,85,0.894117647059
21,20261023,1,resnet18,binary_healthy_affected,probe,1,affected,78,0.846153846154
21,20261023,1,resnet18,binary_healthy_affected,sentinel,0,healthy,43,0.860465116279
21,20261023,1,resnet18,binary_healthy_affected,sentinel,1,affected,39,0.74358974359
21,20261023,1,color_shortcut,four_class,probe,0,healthy,85,0.588235294118
21,20261023,1,color_shortcut,four_class,probe,1,iris_yellow_virus,56,0.625
21,20261023,1,color_shortcut,four_class,probe,2,purple_blotch,4,1
21,20261023,1,color_shortcut,four_class,probe,3,stemphylium_colletotrichum_leaf_blight,18,0.611111111111
21,20261023,1,color_shortcut,four_class,sentinel,0,healthy,43,0.395348837209
21,20261023,1,color_shortcut,four_class,sentinel,1,iris_yellow_virus,28,0.607142857143
21,20261023,1,color_shortcut,four_class,sentinel,2,purple_blotch,2,0.5
21,20261023,1,color_shortcut,four_class,sentinel,3,stemphylium_colletotrichum_leaf_blight,9,0.222222222222
21,20261023,1,color_shortcut,binary_healthy_affected,probe,0,healthy,85,0.705882352941
21,20261023,1,color_shortcut,binary_healthy_affected,probe,1,affected,78,0.846153846154
21,20261023,1,color_shortcut,binary_healthy_affected,sentinel,0,healthy,43,0.558139534884
21,20261023,1,color_shortcut,binary_healthy_affected,sentinel,1,affected,39,0.74358974359
22,20261024,0,resnet18,four_class,probe,0,healthy,85,0.811764705882
22,20261024,0,resnet18,four_class,probe,1,iris_yellow_virus,56,0.75
22,20261024,0,resnet18,four_class,probe,2,purple_blotch,4,0.5
22,20261024,0,resnet18,four_class,probe,3,stemphylium_colletotrichum_leaf_blight,18,0.666666666667
22,20261024,0,resnet18,four_class,sentinel,0,healthy,43,0.767441860465
22,20261024,0,resnet18,four_class,sentinel,1,iris_yellow_virus,28,0.642857142857
22,20261024,0,resnet18,four_class,sentinel,2,purple_blotch,2,0.5
22,20261024,0,resnet18,four_class,sentinel,3,stemphylium_colletotrichum_leaf_blight,9,0.444444444444
22,20261024,0,resnet18,binary_healthy_affected,probe,0,healthy,85,0.858823529412
22,20261024,0,resnet18,binary_healthy_affected,probe,1,affected,78,0.820512820513
22,20261024,0,resnet18,binary_healthy_affected,sentinel,0,healthy,43,0.837209302326
22,20261024,0,resnet18,binary_healthy_affected,sentinel,1,affected,39,0.692307692308
22,20261024,0,color_shortcut,four_class,probe,0,healthy,85,0.482352941176
22,20261024,0,color_shortcut,four_class,probe,1,iris_yellow_virus,56,0.535714285714
22,20261024,0,color_shortcut,four_class,probe,2,purple_blotch,4,0.5
22,20261024,0,color_shortcut,four_class,probe,3,stemphylium_colletotrichum_leaf_blight,18,0.5
22,20261024,0,color_shortcut,four_class,sentinel,0,healthy,43,0.558139534884
22,20261024,0,color_shortcut,four_class,sentinel,1,iris_yellow_virus,28,0.464285714286
22,20261024,0,color_shortcut,four_class,sentinel,2,purple_blotch,2,0
22,20261024,0,color_shortcut,four_class,sentinel,3,stemphylium_colletotrichum_leaf_blight,9,0.444444444444
22,20261024,0,color_shortcut,binary_healthy_affected,probe,0,healthy,85,0.658823529412
22,20261024,0,color_shortcut,binary_healthy_affected,probe,1,affected,78,0.679487179487
22,20261024,0,color_shortcut,binary_healthy_affected,sentinel,0,healthy,43,0.604651162791
22,20261024,0,color_shortcut,binary_healthy_affected,sentinel,1,affected,39,0.74358974359
22,20261024,0.5,resnet18,four_class,probe,0,healthy,85,0.823529411765
22,20261024,0.5,resnet18,four_class,probe,1,iris_yellow_virus,56,0.75
22,20261024,0.5,resnet18,four_class,probe,2,purple_blotch,4,0.75
22,20261024,0.5,resnet18,four_class,probe,3,stemphylium_colletotrichum_leaf_blight,18,0.722222222222
22,20261024,0.5,resnet18,four_class,sentinel,0,healthy,43,0.813953488372
22,20261024,0.5,resnet18,four_class,sentinel,1,iris_yellow_virus,28,0.642857142857
22,20261024,0.5,resnet18,four_class,sentinel,2,purple_blotch,2,0.5
22,20261024,0.5,resnet18,four_class,sentinel,3,stemphylium_colletotrichum_leaf_blight,9,0.555555555556
22,20261024,0.5,resnet18,binary_healthy_affected,probe,0,healthy,85,0.858823529412
22,20261024,0.5,resnet18,binary_healthy_affected,probe,1,affected,78,0.833333333333
22,20261024,0.5,resnet18,binary_healthy_affected,sentinel,0,healthy,43,0.860465116279
22,20261024,0.5,resnet18,binary_healthy_affected,sentinel,1,affected,39,0.794871794872
22,20261024,0.5,color_shortcut,four_class,probe,0,healthy,85,0.470588235294
22,20261024,0.5,color_shortcut,four_class,probe,1,iris_yellow_virus,56,0.589285714286
22,20261024,0.5,color_shortcut,four_class,probe,2,purple_blotch,4,0.75
22,20261024,0.5,color_shortcut,four_class,probe,3,stemphylium_colletotrichum_leaf_blight,18,0.722222222222
22,20261024,0.5,color_shortcut,four_class,sentinel,0,healthy,43,0.488372093023
22,20261024,0.5,color_shortcut,four_class,sentinel,1,iris_yellow_virus,28,0.464285714286
22,20261024,0.5,color_shortcut,four_class,sentinel,2,purple_blotch,2,0
22,20261024,0.5,color_shortcut,four_class,sentinel,3,stemphylium_colletotrichum_leaf_blight,9,0.555555555556
22,20261024,0.5,color_shortcut,binary_healthy_affected,probe,0,healthy,85,0.705882352941
22,20261024,0.5,color_shortcut,binary_healthy_affected,probe,1,affected,78,0.717948717949
22,20261024,0.5,color_shortcut,binary_healthy_affected,sentinel,0,healthy,43,0.651162790698
22,20261024,0.5,color_shortcut,binary_healthy_affected,sentinel,1,affected,39,0.769230769231
22,20261024,1,resnet18,four_class,probe,0,healthy,85,0.835294117647
22,20261024,1,resnet18,four_class,probe,1,iris_yellow_virus,56,0.803571428571
22,20261024,1,resnet18,four_class,probe,2,purple_blotch,4,1
22,20261024,1,resnet18,four_class,probe,3,stemphylium_colletotrichum_leaf_blight,18,0.777777777778
22,20261024,1,resnet18,four_class,sentinel,0,healthy,43,0.767441860465
22,20261024,1,resnet18,four_class,sentinel,1,iris_yellow_virus,28,0.642857142857
22,20261024,1,resnet18,four_class,sentinel,2,purple_blotch,2,0.5
22,20261024,1,resnet18,four_class,sentinel,3,stemphylium_colletotrichum_leaf_blight,9,0.444444444444
22,20261024,1,resnet18,binary_healthy_affected,probe,0,healthy,85,0.882352941176
22,20261024,1,resnet18,binary_healthy_affected,probe,1,affected,78,0.858974358974
22,20261024,1,resnet18,binary_healthy_affected,sentinel,0,healthy,43,0.860465116279
22,20261024,1,resnet18,binary_healthy_affected,sentinel,1,affected,39,0.769230769231
22,20261024,1,color_shortcut,four_class,probe,0,healthy,85,0.529411764706
22,20261024,1,color_shortcut,four_class,probe,1,iris_yellow_virus,56,0.571428571429
22,20261024,1,color_shortcut,four_class,probe,2,purple_blotch,4,1
22,20261024,1,color_shortcut,four_class,probe,3,stemphylium_colletotrichum_leaf_blight,18,0.666666666667
22,20261024,1,color_shortcut,four_class,sentinel,0,healthy,43,0.511627906977
22,20261024,1,color_shortcut,four_class,sentinel,1,iris_yellow_virus,28,0.5
22,20261024,1,color_shortcut,four_class,sentinel,2,purple_blotch,2,0
22,20261024,1,color_shortcut,four_class,sentinel,3,stemphylium_colletotrichum_leaf_blight,9,0.444444444444
22,20261024,1,color_shortcut,binary_healthy_affected,probe,0,healthy,85,0.705882352941
22,20261024,1,color_shortcut,binary_healthy_affected,probe,1,affected,78,0.782051282051
22,20261024,1,color_shortcut,binary_healthy_affected,sentinel,0,healthy,43,0.604651162791
22,20261024,1,color_shortcut,binary_healthy_affected,sentinel,1,affected,39,0.794871794872
23,20261025,0,resnet18,four_class,probe,0,healthy,85,0.776470588235
23,20261025,0,resnet18,four_class,probe,1,iris_yellow_virus,56,0.642857142857
23,20261025,0,resnet18,four_class,probe,2,purple_blotch,4,0.75
23,20261025,0,resnet18,four_class,probe,3,stemphylium_colletotrichum_leaf_blight,18,0.5
23,20261025,0,resnet18,four_class,sentinel,0,healthy,43,0.860465116279
23,20261025,0,resnet18,four_class,sentinel,1,iris_yellow_virus,28,0.714285714286
23,20261025,0,resnet18,four_class,sentinel,2,purple_blotch,2,0
23,20261025,0,resnet18,four_class,sentinel,3,stemphylium_colletotrichum_leaf_blight,9,0.666666666667
23,20261025,0,resnet18,binary_healthy_affected,probe,0,healthy,85,0.776470588235
23,20261025,0,resnet18,binary_healthy_affected,probe,1,affected,78,0.74358974359
23,20261025,0,resnet18,binary_healthy_affected,sentinel,0,healthy,43,0.906976744186
23,20261025,0,resnet18,binary_healthy_affected,sentinel,1,affected,39,0.794871794872
23,20261025,0,color_shortcut,four_class,probe,0,healthy,85,0.541176470588
23,20261025,0,color_shortcut,four_class,probe,1,iris_yellow_virus,56,0.428571428571
23,20261025,0,color_shortcut,four_class,probe,2,purple_blotch,4,0.25
23,20261025,0,color_shortcut,four_class,probe,3,stemphylium_colletotrichum_leaf_blight,18,0.277777777778
23,20261025,0,color_shortcut,four_class,sentinel,0,healthy,43,0.348837209302
23,20261025,0,color_shortcut,four_class,sentinel,1,iris_yellow_virus,28,0.357142857143
23,20261025,0,color_shortcut,four_class,sentinel,2,purple_blotch,2,0.5
23,20261025,0,color_shortcut,four_class,sentinel,3,stemphylium_colletotrichum_leaf_blight,9,0.555555555556
23,20261025,0,color_shortcut,binary_healthy_affected,probe,0,healthy,85,0.729411764706
23,20261025,0,color_shortcut,binary_healthy_affected,probe,1,affected,78,0.641025641026
23,20261025,0,color_shortcut,binary_healthy_affected,sentinel,0,healthy,43,0.53488372093
23,20261025,0,color_shortcut,binary_healthy_affected,sentinel,1,affected,39,0.641025641026
23,20261025,0.5,resnet18,four_class,probe,0,healthy,85,0.858823529412
23,20261025,0.5,resnet18,four_class,probe,1,iris_yellow_virus,56,0.714285714286
23,20261025,0.5,resnet18,four_class,probe,2,purple_blotch,4,0.75
23,20261025,0.5,resnet18,four_class,probe,3,stemphylium_colletotrichum_leaf_blight,18,0.722222222222
23,20261025,0.5,resnet18,four_class,sentinel,0,healthy,43,0.860465116279
23,20261025,0.5,resnet18,four_class,sentinel,1,iris_yellow_virus,28,0.714285714286
23,20261025,0.5,resnet18,four_class,sentinel,2,purple_blotch,2,0
23,20261025,0.5,resnet18,four_class,sentinel,3,stemphylium_colletotrichum_leaf_blight,9,0.666666666667
23,20261025,0.5,resnet18,binary_healthy_affected,probe,0,healthy,85,0.858823529412
23,20261025,0.5,resnet18,binary_healthy_affected,probe,1,affected,78,0.769230769231
23,20261025,0.5,resnet18,binary_healthy_affected,sentinel,0,healthy,43,0.906976744186
23,20261025,0.5,resnet18,binary_healthy_affected,sentinel,1,affected,39,0.769230769231
23,20261025,0.5,color_shortcut,four_class,probe,0,healthy,85,0.611764705882
23,20261025,0.5,color_shortcut,four_class,probe,1,iris_yellow_virus,56,0.464285714286
23,20261025,0.5,color_shortcut,four_class,probe,2,purple_blotch,4,0.5
23,20261025,0.5,color_shortcut,four_class,probe,3,stemphylium_colletotrichum_leaf_blight,18,0.611111111111
23,20261025,0.5,color_shortcut,four_class,sentinel,0,healthy,43,0.372093023256
23,20261025,0.5,color_shortcut,four_class,sentinel,1,iris_yellow_virus,28,0.357142857143
23,20261025,0.5,color_shortcut,four_class,sentinel,2,purple_blotch,2,0.5
23,20261025,0.5,color_shortcut,four_class,sentinel,3,stemphylium_colletotrichum_leaf_blight,9,0.444444444444
23,20261025,0.5,color_shortcut,binary_healthy_affected,probe,0,healthy,85,0.694117647059
23,20261025,0.5,color_shortcut,binary_healthy_affected,probe,1,affected,78,0.705128205128
23,20261025,0.5,color_shortcut,binary_healthy_affected,sentinel,0,healthy,43,0.581395348837
23,20261025,0.5,color_shortcut,binary_healthy_affected,sentinel,1,affected,39,0.666666666667
23,20261025,1,resnet18,four_class,probe,0,healthy,85,0.8
23,20261025,1,resnet18,four_class,probe,1,iris_yellow_virus,56,0.714285714286
23,20261025,1,resnet18,four_class,probe,2,purple_blotch,4,0.75
23,20261025,1,resnet18,four_class,probe,3,stemphylium_colletotrichum_leaf_blight,18,0.777777777778
23,20261025,1,resnet18,four_class,sentinel,0,healthy,43,0.883720930233
23,20261025,1,resnet18,four_class,sentinel,1,iris_yellow_virus,28,0.75
23,20261025,1,resnet18,four_class,sentinel,2,purple_blotch,2,0
23,20261025,1,resnet18,four_class,sentinel,3,stemphylium_colletotrichum_leaf_blight,9,0.555555555556
23,20261025,1,resnet18,binary_healthy_affected,probe,0,healthy,85,0.858823529412
23,20261025,1,resnet18,binary_healthy_affected,probe,1,affected,78,0.782051282051
23,20261025,1,resnet18,binary_healthy_affected,sentinel,0,healthy,43,0.860465116279
23,20261025,1,resnet18,binary_healthy_affected,sentinel,1,affected,39,0.769230769231
23,20261025,1,color_shortcut,four_class,probe,0,healthy,85,0.611764705882
23,20261025,1,color_shortcut,four_class,probe,1,iris_yellow_virus,56,0.553571428571
23,20261025,1,color_shortcut,four_class,probe,2,purple_blotch,4,1
23,20261025,1,color_shortcut,four_class,probe,3,stemphylium_colletotrichum_leaf_blight,18,0.777777777778
23,20261025,1,color_shortcut,four_class,sentinel,0,healthy,43,0.418604651163
23,20261025,1,color_shortcut,four_class,sentinel,1,iris_yellow_virus,28,0.464285714286
23,20261025,1,color_shortcut,four_class,sentinel,2,purple_blotch,2,0.5
23,20261025,1,color_shortcut,four_class,sentinel,3,stemphylium_colletotrichum_leaf_blight,9,0.333333333333
23,20261025,1,color_shortcut,binary_healthy_affected,probe,0,healthy,85,0.729411764706
23,20261025,1,color_shortcut,binary_healthy_affected,probe,1,affected,78,0.769230769231
23,20261025,1,color_shortcut,binary_healthy_affected,sentinel,0,healthy,43,0.53488372093
23,20261025,1,color_shortcut,binary_healthy_affected,sentinel,1,affected,39,0.666666666667
24,20261026,0,resnet18,four_class,probe,0,healthy,85,0.776470588235
24,20261026,0,resnet18,four_class,probe,1,iris_yellow_virus,56,0.589285714286
24,20261026,0,resnet18,four_class,probe,2,purple_blotch,4,0.5
24,20261026,0,resnet18,four_class,probe,3,stemphylium_colletotrichum_leaf_blight,18,0.777777777778
24,20261026,0,resnet18,four_class,sentinel,0,healthy,43,0.813953488372
24,20261026,0,resnet18,four_class,sentinel,1,iris_yellow_virus,28,0.678571428571
24,20261026,0,resnet18,four_class,sentinel,2,purple_blotch,2,1
24,20261026,0,resnet18,four_class,sentinel,3,stemphylium_colletotrichum_leaf_blight,9,0.666666666667
24,20261026,0,resnet18,binary_healthy_affected,probe,0,healthy,85,0.823529411765
24,20261026,0,resnet18,binary_healthy_affected,probe,1,affected,78,0.769230769231
24,20261026,0,resnet18,binary_healthy_affected,sentinel,0,healthy,43,0.906976744186
24,20261026,0,resnet18,binary_healthy_affected,sentinel,1,affected,39,0.794871794872
24,20261026,0,color_shortcut,four_class,probe,0,healthy,85,0.541176470588
24,20261026,0,color_shortcut,four_class,probe,1,iris_yellow_virus,56,0.339285714286
24,20261026,0,color_shortcut,four_class,probe,2,purple_blotch,4,0.5
24,20261026,0,color_shortcut,four_class,probe,3,stemphylium_colletotrichum_leaf_blight,18,0.388888888889
24,20261026,0,color_shortcut,four_class,sentinel,0,healthy,43,0.627906976744
24,20261026,0,color_shortcut,four_class,sentinel,1,iris_yellow_virus,28,0.357142857143
24,20261026,0,color_shortcut,four_class,sentinel,2,purple_blotch,2,0
24,20261026,0,color_shortcut,four_class,sentinel,3,stemphylium_colletotrichum_leaf_blight,9,0.444444444444
24,20261026,0,color_shortcut,binary_healthy_affected,probe,0,healthy,85,0.647058823529
24,20261026,0,color_shortcut,binary_healthy_affected,probe,1,affected,78,0.5
24,20261026,0,color_shortcut,binary_healthy_affected,sentinel,0,healthy,43,0.720930232558
24,20261026,0,color_shortcut,binary_healthy_affected,sentinel,1,affected,39,0.615384615385
24,20261026,0.5,resnet18,four_class,probe,0,healthy,85,0.811764705882
24,20261026,0.5,resnet18,four_class,probe,1,iris_yellow_virus,56,0.625
24,20261026,0.5,resnet18,four_class,probe,2,purple_blotch,4,0.5
24,20261026,0.5,resnet18,four_class,probe,3,stemphylium_colletotrichum_leaf_blight,18,0.833333333333
24,20261026,0.5,resnet18,four_class,sentinel,0,healthy,43,0.813953488372
24,20261026,0.5,resnet18,four_class,sentinel,1,iris_yellow_virus,28,0.714285714286
24,20261026,0.5,resnet18,four_class,sentinel,2,purple_blotch,2,1
24,20261026,0.5,resnet18,four_class,sentinel,3,stemphylium_colletotrichum_leaf_blight,9,0.777777777778
24,20261026,0.5,resnet18,binary_healthy_affected,probe,0,healthy,85,0.835294117647
24,20261026,0.5,resnet18,binary_healthy_affected,probe,1,affected,78,0.794871794872
24,20261026,0.5,resnet18,binary_healthy_affected,sentinel,0,healthy,43,0.93023255814
24,20261026,0.5,resnet18,binary_healthy_affected,sentinel,1,affected,39,0.794871794872
24,20261026,0.5,color_shortcut,four_class,probe,0,healthy,85,0.564705882353
24,20261026,0.5,color_shortcut,four_class,probe,1,iris_yellow_virus,56,0.392857142857
24,20261026,0.5,color_shortcut,four_class,probe,2,purple_blotch,4,0.75
24,20261026,0.5,color_shortcut,four_class,probe,3,stemphylium_colletotrichum_leaf_blight,18,0.5
24,20261026,0.5,color_shortcut,four_class,sentinel,0,healthy,43,0.581395348837
24,20261026,0.5,color_shortcut,four_class,sentinel,1,iris_yellow_virus,28,0.321428571429
24,20261026,0.5,color_shortcut,four_class,sentinel,2,purple_blotch,2,0
24,20261026,0.5,color_shortcut,four_class,sentinel,3,stemphylium_colletotrichum_leaf_blight,9,0.444444444444
24,20261026,0.5,color_shortcut,binary_healthy_affected,probe,0,healthy,85,0.682352941176
24,20261026,0.5,color_shortcut,binary_healthy_affected,probe,1,affected,78,0.615384615385
24,20261026,0.5,color_shortcut,binary_healthy_affected,sentinel,0,healthy,43,0.697674418605
24,20261026,0.5,color_shortcut,binary_healthy_affected,sentinel,1,affected,39,0.641025641026
24,20261026,1,resnet18,four_class,probe,0,healthy,85,0.847058823529
24,20261026,1,resnet18,four_class,probe,1,iris_yellow_virus,56,0.678571428571
24,20261026,1,resnet18,four_class,probe,2,purple_blotch,4,0.75
24,20261026,1,resnet18,four_class,probe,3,stemphylium_colletotrichum_leaf_blight,18,0.944444444444
24,20261026,1,resnet18,four_class,sentinel,0,healthy,43,0.790697674419
24,20261026,1,resnet18,four_class,sentinel,1,iris_yellow_virus,28,0.714285714286
24,20261026,1,resnet18,four_class,sentinel,2,purple_blotch,2,1
24,20261026,1,resnet18,four_class,sentinel,3,stemphylium_colletotrichum_leaf_blight,9,0.666666666667
24,20261026,1,resnet18,binary_healthy_affected,probe,0,healthy,85,0.882352941176
24,20261026,1,resnet18,binary_healthy_affected,probe,1,affected,78,0.807692307692
24,20261026,1,resnet18,binary_healthy_affected,sentinel,0,healthy,43,0.883720930233
24,20261026,1,resnet18,binary_healthy_affected,sentinel,1,affected,39,0.769230769231
24,20261026,1,color_shortcut,four_class,probe,0,healthy,85,0.588235294118
24,20261026,1,color_shortcut,four_class,probe,1,iris_yellow_virus,56,0.5
24,20261026,1,color_shortcut,four_class,probe,2,purple_blotch,4,1
24,20261026,1,color_shortcut,four_class,probe,3,stemphylium_colletotrichum_leaf_blight,18,0.611111111111
24,20261026,1,color_shortcut,four_class,sentinel,0,healthy,43,0.627906976744
24,20261026,1,color_shortcut,four_class,sentinel,1,iris_yellow_virus,28,0.428571428571
24,20261026,1,color_shortcut,four_class,sentinel,2,purple_blotch,2,0
24,20261026,1,color_shortcut,four_class,sentinel,3,stemphylium_colletotrichum_leaf_blight,9,0.444444444444
24,20261026,1,color_shortcut,binary_healthy_affected,probe,0,healthy,85,0.705882352941
24,20261026,1,color_shortcut,binary_healthy_affected,probe,1,affected,78,0.705128205128
24,20261026,1,color_shortcut,binary_healthy_affected,sentinel,0,healthy,43,0.720930232558
24,20261026,1,color_shortcut,binary_healthy_affected,sentinel,1,affected,39,0.615384615385
25,20261027,0,resnet18,four_class,probe,0,healthy,85,0.847058823529
25,20261027,0,resnet18,four_class,probe,1,iris_yellow_virus,56,0.607142857143
25,20261027,0,resnet18,four_class,probe,2,purple_blotch,4,0.75
25,20261027,0,resnet18,four_class,probe,3,stemphylium_colletotrichum_leaf_blight,18,0.722222222222
25,20261027,0,resnet18,four_class,sentinel,0,healthy,43,0.906976744186
25,20261027,0,resnet18,four_class,sentinel,1,iris_yellow_virus,28,0.607142857143
25,20261027,0,resnet18,four_class,sentinel,2,purple_blotch,2,0
25,20261027,0,resnet18,four_class,sentinel,3,stemphylium_colletotrichum_leaf_blight,9,0.666666666667
25,20261027,0,resnet18,binary_healthy_affected,probe,0,healthy,85,0.905882352941
25,20261027,0,resnet18,binary_healthy_affected,probe,1,affected,78,0.782051282051
25,20261027,0,resnet18,binary_healthy_affected,sentinel,0,healthy,43,0.906976744186
25,20261027,0,resnet18,binary_healthy_affected,sentinel,1,affected,39,0.769230769231
25,20261027,0,color_shortcut,four_class,probe,0,healthy,85,0.529411764706
25,20261027,0,color_shortcut,four_class,probe,1,iris_yellow_virus,56,0.321428571429
25,20261027,0,color_shortcut,four_class,probe,2,purple_blotch,4,0.5
25,20261027,0,color_shortcut,four_class,probe,3,stemphylium_colletotrichum_leaf_blight,18,0.5
25,20261027,0,color_shortcut,four_class,sentinel,0,healthy,43,0.348837209302
25,20261027,0,color_shortcut,four_class,sentinel,1,iris_yellow_virus,28,0.5
25,20261027,0,color_shortcut,four_class,sentinel,2,purple_blotch,2,0.5
25,20261027,0,color_shortcut,four_class,sentinel,3,stemphylium_colletotrichum_leaf_blight,9,0.333333333333
25,20261027,0,color_shortcut,binary_healthy_affected,probe,0,healthy,85,0.658823529412
25,20261027,0,color_shortcut,binary_healthy_affected,probe,1,affected,78,0.589743589744
25,20261027,0,color_shortcut,binary_healthy_affected,sentinel,0,healthy,43,0.558139534884
25,20261027,0,color_shortcut,binary_healthy_affected,sentinel,1,affected,39,0.641025641026
25,20261027,0.5,resnet18,four_class,probe,0,healthy,85,0.870588235294
25,20261027,0.5,resnet18,four_class,probe,1,iris_yellow_virus,56,0.732142857143
25,20261027,0.5,resnet18,four_class,probe,2,purple_blotch,4,0.75
25,20261027,0.5,resnet18,four_class,probe,3,stemphylium_colletotrichum_leaf_blight,18,0.833333333333
25,20261027,0.5,resnet18,four_class,sentinel,0,healthy,43,0.906976744186
25,20261027,0.5,resnet18,four_class,sentinel,1,iris_yellow_virus,28,0.642857142857
25,20261027,0.5,resnet18,four_class,sentinel,2,purple_blotch,2,0
25,20261027,0.5,resnet18,four_class,sentinel,3,stemphylium_colletotrichum_leaf_blight,9,0.888888888889
25,20261027,0.5,resnet18,binary_healthy_affected,probe,0,healthy,85,0.894117647059
25,20261027,0.5,resnet18,binary_healthy_affected,probe,1,affected,78,0.846153846154
25,20261027,0.5,resnet18,binary_healthy_affected,sentinel,0,healthy,43,0.93023255814
25,20261027,0.5,resnet18,binary_healthy_affected,sentinel,1,affected,39,0.769230769231
25,20261027,0.5,color_shortcut,four_class,probe,0,healthy,85,0.6
25,20261027,0.5,color_shortcut,four_class,probe,1,iris_yellow_virus,56,0.392857142857
25,20261027,0.5,color_shortcut,four_class,probe,2,purple_blotch,4,0.75
25,20261027,0.5,color_shortcut,four_class,probe,3,stemphylium_colletotrichum_leaf_blight,18,0.5
25,20261027,0.5,color_shortcut,four_class,sentinel,0,healthy,43,0.395348837209
25,20261027,0.5,color_shortcut,four_class,sentinel,1,iris_yellow_virus,28,0.535714285714
25,20261027,0.5,color_shortcut,four_class,sentinel,2,purple_blotch,2,0.5
25,20261027,0.5,color_shortcut,four_class,sentinel,3,stemphylium_colletotrichum_leaf_blight,9,0.444444444444
25,20261027,0.5,color_shortcut,binary_healthy_affected,probe,0,healthy,85,0.670588235294
25,20261027,0.5,color_shortcut,binary_healthy_affected,probe,1,affected,78,0.653846153846
25,20261027,0.5,color_shortcut,binary_healthy_affected,sentinel,0,healthy,43,0.651162790698
25,20261027,0.5,color_shortcut,binary_healthy_affected,sentinel,1,affected,39,0.666666666667
25,20261027,1,resnet18,four_class,probe,0,healthy,85,0.882352941176
25,20261027,1,resnet18,four_class,probe,1,iris_yellow_virus,56,0.803571428571
25,20261027,1,resnet18,four_class,probe,2,purple_blotch,4,1
25,20261027,1,resnet18,four_class,probe,3,stemphylium_colletotrichum_leaf_blight,18,0.833333333333
25,20261027,1,resnet18,four_class,sentinel,0,healthy,43,0.906976744186
25,20261027,1,resnet18,four_class,sentinel,1,iris_yellow_virus,28,0.714285714286
25,20261027,1,resnet18,four_class,sentinel,2,purple_blotch,2,0
25,20261027,1,resnet18,four_class,sentinel,3,stemphylium_colletotrichum_leaf_blight,9,0.666666666667
25,20261027,1,resnet18,binary_healthy_affected,probe,0,healthy,85,0.894117647059
25,20261027,1,resnet18,binary_healthy_affected,probe,1,affected,78,0.858974358974
25,20261027,1,resnet18,binary_healthy_affected,sentinel,0,healthy,43,0.93023255814
25,20261027,1,resnet18,binary_healthy_affected,sentinel,1,affected,39,0.794871794872
25,20261027,1,color_shortcut,four_class,probe,0,healthy,85,0.611764705882
25,20261027,1,color_shortcut,four_class,probe,1,iris_yellow_virus,56,0.464285714286
25,20261027,1,color_shortcut,four_class,probe,2,purple_blotch,4,1
25,20261027,1,color_shortcut,four_class,probe,3,stemphylium_colletotrichum_leaf_blight,18,0.722222222222
25,20261027,1,color_shortcut,four_class,sentinel,0,healthy,43,0.418604651163
25,20261027,1,color_shortcut,four_class,sentinel,1,iris_yellow_virus,28,0.428571428571
25,20261027,1,color_shortcut,four_class,sentinel,2,purple_blotch,2,0
25,20261027,1,color_shortcut,four_class,sentinel,3,stemphylium_colletotrichum_leaf_blight,9,0.333333333333
25,20261027,1,color_shortcut,binary_healthy_affected,probe,0,healthy,85,0.717647058824
25,20261027,1,color_shortcut,binary_healthy_affected,probe,1,affected,78,0.717948717949
25,20261027,1,color_shortcut,binary_healthy_affected,sentinel,0,healthy,43,0.651162790698
25,20261027,1,color_shortcut,binary_healthy_affected,sentinel,1,affected,39,0.641025641026
26,20261028,0,resnet18,four_class,probe,0,healthy,85,0.847058823529
26,20261028,0,resnet18,four_class,probe,1,iris_yellow_virus,56,0.642857142857
26,20261028,0,resnet18,four_class,probe,2,purple_blotch,4,0
26,20261028,0,resnet18,four_class,probe,3,stemphylium_colletotrichum_leaf_blight,18,0.722222222222
26,20261028,0,resnet18,four_class,sentinel,0,healthy,43,0.767441860465
26,20261028,0,resnet18,four_class,sentinel,1,iris_yellow_virus,28,0.678571428571
26,20261028,0,resnet18,four_class,sentinel,2,purple_blotch,2,0.5
26,20261028,0,resnet18,four_class,sentinel,3,stemphylium_colletotrichum_leaf_blight,9,0.444444444444
26,20261028,0,resnet18,binary_healthy_affected,probe,0,healthy,85,0.811764705882
26,20261028,0,resnet18,binary_healthy_affected,probe,1,affected,78,0.846153846154
26,20261028,0,resnet18,binary_healthy_affected,sentinel,0,healthy,43,0.813953488372
26,20261028,0,resnet18,binary_healthy_affected,sentinel,1,affected,39,0.794871794872
26,20261028,0,color_shortcut,four_class,probe,0,healthy,85,0.494117647059
26,20261028,0,color_shortcut,four_class,probe,1,iris_yellow_virus,56,0.446428571429
26,20261028,0,color_shortcut,four_class,probe,2,purple_blotch,4,0.75
26,20261028,0,color_shortcut,four_class,probe,3,stemphylium_colletotrichum_leaf_blight,18,0.277777777778
26,20261028,0,color_shortcut,four_class,sentinel,0,healthy,43,0.395348837209
26,20261028,0,color_shortcut,four_class,sentinel,1,iris_yellow_virus,28,0.535714285714
26,20261028,0,color_shortcut,four_class,sentinel,2,purple_blotch,2,0.5
26,20261028,0,color_shortcut,four_class,sentinel,3,stemphylium_colletotrichum_leaf_blight,9,0.444444444444
26,20261028,0,color_shortcut,binary_healthy_affected,probe,0,healthy,85,0.658823529412
26,20261028,0,color_shortcut,binary_healthy_affected,probe,1,affected,78,0.653846153846
26,20261028,0,color_shortcut,binary_healthy_affected,sentinel,0,healthy,43,0.53488372093
26,20261028,0,color_shortcut,binary_healthy_affected,sentinel,1,affected,39,0.794871794872
26,20261028,0.5,resnet18,four_class,probe,0,healthy,85,0.823529411765
26,20261028,0.5,resnet18,four_class,probe,1,iris_yellow_virus,56,0.696428571429
26,20261028,0.5,resnet18,four_class,probe,2,purple_blotch,4,0.75
26,20261028,0.5,resnet18,four_class,probe,3,stemphylium_colletotrichum_leaf_blight,18,0.722222222222
26,20261028,0.5,resnet18,four_class,sentinel,0,healthy,43,0.790697674419
26,20261028,0.5,resnet18,four_class,sentinel,1,iris_yellow_virus,28,0.678571428571
26,20261028,0.5,resnet18,four_class,sentinel,2,purple_blotch,2,0.5
26,20261028,0.5,resnet18,four_class,sentinel,3,stemphylium_colletotrichum_leaf_blight,9,0.444444444444
26,20261028,0.5,resnet18,binary_healthy_affected,probe,0,healthy,85,0.847058823529
26,20261028,0.5,resnet18,binary_healthy_affected,probe,1,affected,78,0.884615384615
26,20261028,0.5,resnet18,binary_healthy_affected,sentinel,0,healthy,43,0.813953488372
26,20261028,0.5,resnet18,binary_healthy_affected,sentinel,1,affected,39,0.769230769231
26,20261028,0.5,color_shortcut,four_class,probe,0,healthy,85,0.611764705882
26,20261028,0.5,color_shortcut,four_class,probe,1,iris_yellow_virus,56,0.5
26,20261028,0.5,color_shortcut,four_class,probe,2,purple_blotch,4,1
26,20261028,0.5,color_shortcut,four_class,probe,3,stemphylium_colletotrichum_leaf_blight,18,0.5
26,20261028,0.5,color_shortcut,four_class,sentinel,0,healthy,43,0.418604651163
26,20261028,0.5,color_shortcut,four_class,sentinel,1,iris_yellow_virus,28,0.392857142857
26,20261028,0.5,color_shortcut,four_class,sentinel,2,purple_blotch,2,0.5
26,20261028,0.5,color_shortcut,four_class,sentinel,3,stemphylium_colletotrichum_leaf_blight,9,0.555555555556
26,20261028,0.5,color_shortcut,binary_healthy_affected,probe,0,healthy,85,0.717647058824
26,20261028,0.5,color_shortcut,binary_healthy_affected,probe,1,affected,78,0.705128205128
26,20261028,0.5,color_shortcut,binary_healthy_affected,sentinel,0,healthy,43,0.53488372093
26,20261028,0.5,color_shortcut,binary_healthy_affected,sentinel,1,affected,39,0.769230769231
26,20261028,1,resnet18,four_class,probe,0,healthy,85,0.905882352941
26,20261028,1,resnet18,four_class,probe,1,iris_yellow_virus,56,0.732142857143
26,20261028,1,resnet18,four_class,probe,2,purple_blotch,4,0.75
26,20261028,1,resnet18,four_class,probe,3,stemphylium_colletotrichum_leaf_blight,18,0.777777777778
26,20261028,1,resnet18,four_class,sentinel,0,healthy,43,0.790697674419
26,20261028,1,resnet18,four_class,sentinel,1,iris_yellow_virus,28,0.642857142857
26,20261028,1,resnet18,four_class,sentinel,2,purple_blotch,2,0.5
26,20261028,1,resnet18,four_class,sentinel,3,stemphylium_colletotrichum_leaf_blight,9,0.555555555556
26,20261028,1,resnet18,binary_healthy_affected,probe,0,healthy,85,0.882352941176
26,20261028,1,resnet18,binary_healthy_affected,probe,1,affected,78,0.884615384615
26,20261028,1,resnet18,binary_healthy_affected,sentinel,0,healthy,43,0.813953488372
26,20261028,1,resnet18,binary_healthy_affected,sentinel,1,affected,39,0.769230769231
26,20261028,1,color_shortcut,four_class,probe,0,healthy,85,0.576470588235
26,20261028,1,color_shortcut,four_class,probe,1,iris_yellow_virus,56,0.553571428571
26,20261028,1,color_shortcut,four_class,probe,2,purple_blotch,4,1
26,20261028,1,color_shortcut,four_class,probe,3,stemphylium_colletotrichum_leaf_blight,18,0.611111111111
26,20261028,1,color_shortcut,four_class,sentinel,0,healthy,43,0.441860465116
26,20261028,1,color_shortcut,four_class,sentinel,1,iris_yellow_virus,28,0.357142857143
26,20261028,1,color_shortcut,four_class,sentinel,2,purple_blotch,2,1
26,20261028,1,color_shortcut,four_class,sentinel,3,stemphylium_colletotrichum_leaf_blight,9,0.444444444444
26,20261028,1,color_shortcut,binary_healthy_affected,probe,0,healthy,85,0.752941176471
26,20261028,1,color_shortcut,binary_healthy_affected,probe,1,affected,78,0.692307692308
26,20261028,1,color_shortcut,binary_healthy_affected,sentinel,0,healthy,43,0.581395348837
26,20261028,1,color_shortcut,binary_healthy_affected,sentinel,1,affected,39,0.794871794872
27,20261029,0,resnet18,four_class,probe,0,healthy,85,0.858823529412
27,20261029,0,resnet18,four_class,probe,1,iris_yellow_virus,56,0.642857142857
27,20261029,0,resnet18,four_class,probe,2,purple_blotch,4,0.75
27,20261029,0,resnet18,four_class,probe,3,stemphylium_colletotrichum_leaf_blight,18,0.666666666667
27,20261029,0,resnet18,four_class,sentinel,0,healthy,43,0.697674418605
27,20261029,0,resnet18,four_class,sentinel,1,iris_yellow_virus,28,0.5
27,20261029,0,resnet18,four_class,sentinel,2,purple_blotch,2,0.5
27,20261029,0,resnet18,four_class,sentinel,3,stemphylium_colletotrichum_leaf_blight,9,0.777777777778
27,20261029,0,resnet18,binary_healthy_affected,probe,0,healthy,85,0.858823529412
27,20261029,0,resnet18,binary_healthy_affected,probe,1,affected,78,0.846153846154
27,20261029,0,resnet18,binary_healthy_affected,sentinel,0,healthy,43,0.720930232558
27,20261029,0,resnet18,binary_healthy_affected,sentinel,1,affected,39,0.769230769231
27,20261029,0,color_shortcut,four_class,probe,0,healthy,85,0.423529411765
27,20261029,0,color_shortcut,four_class,probe,1,iris_yellow_virus,56,0.410714285714
27,20261029,0,color_shortcut,four_class,probe,2,purple_blotch,4,0.25
27,20261029,0,color_shortcut,four_class,probe,3,stemphylium_colletotrichum_leaf_blight,18,0.388888888889
27,20261029,0,color_shortcut,four_class,sentinel,0,healthy,43,0.46511627907
27,20261029,0,color_shortcut,four_class,sentinel,1,iris_yellow_virus,28,0.535714285714
27,20261029,0,color_shortcut,four_class,sentinel,2,purple_blotch,2,0.5
27,20261029,0,color_shortcut,four_class,sentinel,3,stemphylium_colletotrichum_leaf_blight,9,0.555555555556
27,20261029,0,color_shortcut,binary_healthy_affected,probe,0,healthy,85,0.6
27,20261029,0,color_shortcut,binary_healthy_affected,probe,1,affected,78,0.717948717949
27,20261029,0,color_shortcut,binary_healthy_affected,sentinel,0,healthy,43,0.53488372093
27,20261029,0,color_shortcut,binary_healthy_affected,sentinel,1,affected,39,0.794871794872
27,20261029,0.5,resnet18,four_class,probe,0,healthy,85,0.847058823529
27,20261029,0.5,resnet18,four_class,probe,1,iris_yellow_virus,56,0.660714285714
27,20261029,0.5,resnet18,four_class,probe,2,purple_blotch,4,0.75
27,20261029,0.5,resnet18,four_class,probe,3,stemphylium_colletotrichum_leaf_blight,18,0.777777777778
27,20261029,0.5,resnet18,four_class,sentinel,0,healthy,43,0.697674418605
27,20261029,0.5,resnet18,four_class,sentinel,1,iris_yellow_virus,28,0.464285714286
27,20261029,0.5,resnet18,four_class,sentinel,2,purple_blotch,2,0.5
27,20261029,0.5,resnet18,four_class,sentinel,3,stemphylium_colletotrichum_leaf_blight,9,0.666666666667
27,20261029,0.5,resnet18,binary_healthy_affected,probe,0,healthy,85,0.858823529412
27,20261029,0.5,resnet18,binary_healthy_affected,probe,1,affected,78,0.833333333333
27,20261029,0.5,resnet18,binary_healthy_affected,sentinel,0,healthy,43,0.767441860465
27,20261029,0.5,resnet18,binary_healthy_affected,sentinel,1,affected,39,0.794871794872
27,20261029,0.5,color_shortcut,four_class,probe,0,healthy,85,0.529411764706
27,20261029,0.5,color_shortcut,four_class,probe,1,iris_yellow_virus,56,0.464285714286
27,20261029,0.5,color_shortcut,four_class,probe,2,purple_blotch,4,0.5
27,20261029,0.5,color_shortcut,four_class,probe,3,stemphylium_colletotrichum_leaf_blight,18,0.5
27,20261029,0.5,color_shortcut,four_class,sentinel,0,healthy,43,0.418604651163
27,20261029,0.5,color_shortcut,four_class,sentinel,1,iris_yellow_virus,28,0.607142857143
27,20261029,0.5,color_shortcut,four_class,sentinel,2,purple_blotch,2,0.5
27,20261029,0.5,color_shortcut,four_class,sentinel,3,stemphylium_colletotrichum_leaf_blight,9,0.444444444444
27,20261029,0.5,color_shortcut,binary_healthy_affected,probe,0,healthy,85,0.611764705882
27,20261029,0.5,color_shortcut,binary_healthy_affected,probe,1,affected,78,0.75641025641
27,20261029,0.5,color_shortcut,binary_healthy_affected,sentinel,0,healthy,43,0.511627906977
27,20261029,0.5,color_shortcut,binary_healthy_affected,sentinel,1,affected,39,0.769230769231
27,20261029,1,resnet18,four_class,probe,0,healthy,85,0.847058823529
27,20261029,1,resnet18,four_class,probe,1,iris_yellow_virus,56,0.696428571429
27,20261029,1,resnet18,four_class,probe,2,purple_blotch,4,1
27,20261029,1,resnet18,four_class,probe,3,stemphylium_colletotrichum_leaf_blight,18,0.777777777778
27,20261029,1,resnet18,four_class,sentinel,0,healthy,43,0.744186046512
27,20261029,1,resnet18,four_class,sentinel,1,iris_yellow_virus,28,0.535714285714
27,20261029,1,resnet18,four_class,sentinel,2,purple_blotch,2,0.5
27,20261029,1,resnet18,four_class,sentinel,3,stemphylium_colletotrichum_leaf_blight,9,0.666666666667
27,20261029,1,resnet18,binary_healthy_affected,probe,0,healthy,85,0.882352941176
27,20261029,1,resnet18,binary_healthy_affected,probe,1,affected,78,0.846153846154
27,20261029,1,resnet18,binary_healthy_affected,sentinel,0,healthy,43,0.767441860465
27,20261029,1,resnet18,binary_healthy_affected,sentinel,1,affected,39,0.769230769231
27,20261029,1,color_shortcut,four_class,probe,0,healthy,85,0.541176470588
27,20261029,1,color_shortcut,four_class,probe,1,iris_yellow_virus,56,0.5
27,20261029,1,color_shortcut,four_class,probe,2,purple_blotch,4,1
27,20261029,1,color_shortcut,four_class,probe,3,stemphylium_colletotrichum_leaf_blight,18,0.666666666667
27,20261029,1,color_shortcut,four_class,sentinel,0,healthy,43,0.372093023256
27,20261029,1,color_shortcut,four_class,sentinel,1,iris_yellow_virus,28,0.678571428571
27,20261029,1,color_shortcut,four_class,sentinel,2,purple_blotch,2,0.5
27,20261029,1,color_shortcut,four_class,sentinel,3,stemphylium_colletotrichum_leaf_blight,9,0.333333333333
27,20261029,1,color_shortcut,binary_healthy_affected,probe,0,healthy,85,0.705882352941
27,20261029,1,color_shortcut,binary_healthy_affected,probe,1,affected,78,0.75641025641
27,20261029,1,color_shortcut,binary_healthy_affected,sentinel,0,healthy,43,0.581395348837
27,20261029,1,color_shortcut,binary_healthy_affected,sentinel,1,affected,39,0.717948717949
28,20261030,0,resnet18,four_class,probe,0,healthy,85,0.811764705882
28,20261030,0,resnet18,four_class,probe,1,iris_yellow_virus,56,0.625
28,20261030,0,resnet18,four_class,probe,2,purple_blotch,4,0.75
28,20261030,0,resnet18,four_class,probe,3,stemphylium_colletotrichum_leaf_blight,18,0.5
28,20261030,0,resnet18,four_class,sentinel,0,healthy,43,0.837209302326
28,20261030,0,resnet18,four_class,sentinel,1,iris_yellow_virus,28,0.535714285714
28,20261030,0,resnet18,four_class,sentinel,2,purple_blotch,2,0.5
28,20261030,0,resnet18,four_class,sentinel,3,stemphylium_colletotrichum_leaf_blight,9,0.555555555556
28,20261030,0,resnet18,binary_healthy_affected,probe,0,healthy,85,0.870588235294
28,20261030,0,resnet18,binary_healthy_affected,probe,1,affected,78,0.769230769231
28,20261030,0,resnet18,binary_healthy_affected,sentinel,0,healthy,43,0.837209302326
28,20261030,0,resnet18,binary_healthy_affected,sentinel,1,affected,39,0.794871794872
28,20261030,0,color_shortcut,four_class,probe,0,healthy,85,0.435294117647
28,20261030,0,color_shortcut,four_class,probe,1,iris_yellow_virus,56,0.410714285714
28,20261030,0,color_shortcut,four_class,probe,2,purple_blotch,4,0.25
28,20261030,0,color_shortcut,four_class,probe,3,stemphylium_colletotrichum_leaf_blight,18,0.444444444444
28,20261030,0,color_shortcut,four_class,sentinel,0,healthy,43,0.46511627907
28,20261030,0,color_shortcut,four_class,sentinel,1,iris_yellow_virus,28,0.357142857143
28,20261030,0,color_shortcut,four_class,sentinel,2,purple_blotch,2,0
28,20261030,0,color_shortcut,four_class,sentinel,3,stemphylium_colletotrichum_leaf_blight,9,0.444444444444
28,20261030,0,color_shortcut,binary_healthy_affected,probe,0,healthy,85,0.529411764706
28,20261030,0,color_shortcut,binary_healthy_affected,probe,1,affected,78,0.666666666667
28,20261030,0,color_shortcut,binary_healthy_affected,sentinel,0,healthy,43,0.674418604651
28,20261030,0,color_shortcut,binary_healthy_affected,sentinel,1,affected,39,0.564102564103
28,20261030,0.5,resnet18,four_class,probe,0,healthy,85,0.858823529412
28,20261030,0.5,resnet18,four_class,probe,1,iris_yellow_virus,56,0.696428571429
28,20261030,0.5,resnet18,four_class,probe,2,purple_blotch,4,0.75
28,20261030,0.5,resnet18,four_class,probe,3,stemphylium_colletotrichum_leaf_blight,18,0.666666666667
28,20261030,0.5,resnet18,four_class,sentinel,0,healthy,43,0.837209302326
28,20261030,0.5,resnet18,four_class,sentinel,1,iris_yellow_virus,28,0.678571428571
28,20261030,0.5,resnet18,four_class,sentinel,2,purple_blotch,2,1
28,20261030,0.5,resnet18,four_class,sentinel,3,stemphylium_colletotrichum_leaf_blight,9,0.777777777778
28,20261030,0.5,resnet18,binary_healthy_affected,probe,0,healthy,85,0.905882352941
28,20261030,0.5,resnet18,binary_healthy_affected,probe,1,affected,78,0.769230769231
28,20261030,0.5,resnet18,binary_healthy_affected,sentinel,0,healthy,43,0.906976744186
28,20261030,0.5,resnet18,binary_healthy_affected,sentinel,1,affected,39,0.846153846154
28,20261030,0.5,color_shortcut,four_class,probe,0,healthy,85,0.435294117647
28,20261030,0.5,color_shortcut,four_class,probe,1,iris_yellow_virus,56,0.482142857143
28,20261030,0.5,color_shortcut,four_class,probe,2,purple_blotch,4,0.5
28,20261030,0.5,color_shortcut,four_class,probe,3,stemphylium_colletotrichum_leaf_blight,18,0.666666666667
28,20261030,0.5,color_shortcut,four_class,sentinel,0,healthy,43,0.441860465116
28,20261030,0.5,color_shortcut,four_class,sentinel,1,iris_yellow_virus,28,0.428571428571
28,20261030,0.5,color_shortcut,four_class,sentinel,2,purple_blotch,2,0
28,20261030,0.5,color_shortcut,four_class,sentinel,3,stemphylium_colletotrichum_leaf_blight,9,0.444444444444
28,20261030,0.5,color_shortcut,binary_healthy_affected,probe,0,healthy,85,0.623529411765
28,20261030,0.5,color_shortcut,binary_healthy_affected,probe,1,affected,78,0.74358974359
28,20261030,0.5,color_shortcut,binary_healthy_affected,sentinel,0,healthy,43,0.627906976744
28,20261030,0.5,color_shortcut,binary_healthy_affected,sentinel,1,affected,39,0.666666666667
28,20261030,1,resnet18,four_class,probe,0,healthy,85,0.894117647059
28,20261030,1,resnet18,four_class,probe,1,iris_yellow_virus,56,0.785714285714
28,20261030,1,resnet18,four_class,probe,2,purple_blotch,4,1
28,20261030,1,resnet18,four_class,probe,3,stemphylium_colletotrichum_leaf_blight,18,0.722222222222
28,20261030,1,resnet18,four_class,sentinel,0,healthy,43,0.837209302326
28,20261030,1,resnet18,four_class,sentinel,1,iris_yellow_virus,28,0.535714285714
28,20261030,1,resnet18,four_class,sentinel,2,purple_blotch,2,1
28,20261030,1,resnet18,four_class,sentinel,3,stemphylium_colletotrichum_leaf_blight,9,0.666666666667
28,20261030,1,resnet18,binary_healthy_affected,probe,0,healthy,85,0.929411764706
28,20261030,1,resnet18,binary_healthy_affected,probe,1,affected,78,0.833333333333
28,20261030,1,resnet18,binary_healthy_affected,sentinel,0,healthy,43,0.906976744186
28,20261030,1,resnet18,binary_healthy_affected,sentinel,1,affected,39,0.871794871795
28,20261030,1,color_shortcut,four_class,probe,0,healthy,85,0.529411764706
28,20261030,1,color_shortcut,four_class,probe,1,iris_yellow_virus,56,0.446428571429
28,20261030,1,color_shortcut,four_class,probe,2,purple_blotch,4,1
28,20261030,1,color_shortcut,four_class,probe,3,stemphylium_colletotrichum_leaf_blight,18,0.833333333333
28,20261030,1,color_shortcut,four_class,sentinel,0,healthy,43,0.558139534884
28,20261030,1,color_shortcut,four_class,sentinel,1,iris_yellow_virus,28,0.428571428571
28,20261030,1,color_shortcut,four_class,sentinel,2,purple_blotch,2,0
28,20261030,1,color_shortcut,four_class,sentinel,3,stemphylium_colletotrichum_leaf_blight,9,0.555555555556
28,20261030,1,color_shortcut,binary_healthy_affected,probe,0,healthy,85,0.658823529412
28,20261030,1,color_shortcut,binary_healthy_affected,probe,1,affected,78,0.794871794872
28,20261030,1,color_shortcut,binary_healthy_affected,sentinel,0,healthy,43,0.651162790698
28,20261030,1,color_shortcut,binary_healthy_affected,sentinel,1,affected,39,0.692307692308
29,20261031,0,resnet18,four_class,probe,0,healthy,85,0.764705882353
29,20261031,0,resnet18,four_class,probe,1,iris_yellow_virus,56,0.589285714286
29,20261031,0,resnet18,four_class,probe,2,purple_blotch,4,0.5
29,20261031,0,resnet18,four_class,probe,3,stemphylium_colletotrichum_leaf_blight,18,0.388888888889
29,20261031,0,resnet18,four_class,sentinel,0,healthy,43,0.697674418605
29,20261031,0,resnet18,four_class,sentinel,1,iris_yellow_virus,28,0.535714285714
29,20261031,0,resnet18,four_class,sentinel,2,purple_blotch,2,1
29,20261031,0,resnet18,four_class,sentinel,3,stemphylium_colletotrichum_leaf_blight,9,0.777777777778
29,20261031,0,resnet18,binary_healthy_affected,probe,0,healthy,85,0.764705882353
29,20261031,0,resnet18,binary_healthy_affected,probe,1,affected,78,0.74358974359
29,20261031,0,resnet18,binary_healthy_affected,sentinel,0,healthy,43,0.813953488372
29,20261031,0,resnet18,binary_healthy_affected,sentinel,1,affected,39,0.846153846154
29,20261031,0,color_shortcut,four_class,probe,0,healthy,85,0.529411764706
29,20261031,0,color_shortcut,four_class,probe,1,iris_yellow_virus,56,0.410714285714
29,20261031,0,color_shortcut,four_class,probe,2,purple_blotch,4,0.25
29,20261031,0,color_shortcut,four_class,probe,3,stemphylium_colletotrichum_leaf_blight,18,0.333333333333
29,20261031,0,color_shortcut,four_class,sentinel,0,healthy,43,0.511627906977
29,20261031,0,color_shortcut,four_class,sentinel,1,iris_yellow_virus,28,0.392857142857
29,20261031,0,color_shortcut,four_class,sentinel,2,purple_blotch,2,1
29,20261031,0,color_shortcut,four_class,sentinel,3,stemphylium_colletotrichum_leaf_blight,9,0.222222222222
29,20261031,0,color_shortcut,binary_healthy_affected,probe,0,healthy,85,0.623529411765
29,20261031,0,color_shortcut,binary_healthy_affected,probe,1,affected,78,0.615384615385
29,20261031,0,color_shortcut,binary_healthy_affected,sentinel,0,healthy,43,0.697674418605
29,20261031,0,color_shortcut,binary_healthy_affected,sentinel,1,affected,39,0.564102564103
29,20261031,0.5,resnet18,four_class,probe,0,healthy,85,0.788235294118
29,20261031,0.5,resnet18,four_class,probe,1,iris_yellow_virus,56,0.625
29,20261031,0.5,resnet18,four_class,probe,2,purple_blotch,4,0.75
29,20261031,0.5,resnet18,four_class,probe,3,stemphylium_colletotrichum_leaf_blight,18,0.555555555556
29,20261031,0.5,resnet18,four_class,sentinel,0,healthy,43,0.767441860465
29,20261031,0.5,resnet18,four_class,sentinel,1,iris_yellow_virus,28,0.535714285714
29,20261031,0.5,resnet18,four_class,sentinel,2,purple_blotch,2,1
29,20261031,0.5,resnet18,four_class,sentinel,3,stemphylium_colletotrichum_leaf_blight,9,0.666666666667
29,20261031,0.5,resnet18,binary_healthy_affected,probe,0,healthy,85,0.811764705882
29,20261031,0.5,resnet18,binary_healthy_affected,probe,1,affected,78,0.75641025641
29,20261031,0.5,resnet18,binary_healthy_affected,sentinel,0,healthy,43,0.813953488372
29,20261031,0.5,resnet18,binary_healthy_affected,sentinel,1,affected,39,0.820512820513
29,20261031,0.5,color_shortcut,four_class,probe,0,healthy,85,0.564705882353
29,20261031,0.5,color_shortcut,four_class,probe,1,iris_yellow_virus,56,0.446428571429
29,20261031,0.5,color_shortcut,four_class,probe,2,purple_blotch,4,0.75
29,20261031,0.5,color_shortcut,four_class,probe,3,stemphylium_colletotrichum_leaf_blight,18,0.444444444444
29,20261031,0.5,color_shortcut,four_class,sentinel,0,healthy,43,0.511627906977
29,20261031,0.5,color_shortcut,four_class,sentinel,1,iris_yellow_virus,28,0.392857142857
29,20261031,0.5,color_shortcut,four_class,sentinel,2,purple_blotch,2,1
29,20261031,0.5,color_shortcut,four_class,sentinel,3,stemphylium_colletotrichum_leaf_blight,9,0.222222222222
29,20261031,0.5,color_shortcut,binary_healthy_affected,probe,0,healthy,85,0.694117647059
29,20261031,0.5,color_shortcut,binary_healthy_affected,probe,1,affected,78,0.666666666667
29,20261031,0.5,color_shortcut,binary_healthy_affected,sentinel,0,healthy,43,0.697674418605
29,20261031,0.5,color_shortcut,binary_healthy_affected,sentinel,1,affected,39,0.564102564103
29,20261031,1,resnet18,four_class,probe,0,healthy,85,0.835294117647
29,20261031,1,resnet18,four_class,probe,1,iris_yellow_virus,56,0.696428571429
29,20261031,1,resnet18,four_class,probe,2,purple_blotch,4,0.75
29,20261031,1,resnet18,four_class,probe,3,stemphylium_colletotrichum_leaf_blight,18,0.777777777778
29,20261031,1,resnet18,four_class,sentinel,0,healthy,43,0.767441860465
29,20261031,1,resnet18,four_class,sentinel,1,iris_yellow_virus,28,0.571428571429
29,20261031,1,resnet18,four_class,sentinel,2,purple_blotch,2,0.5
29,20261031,1,resnet18,four_class,sentinel,3,stemphylium_colletotrichum_leaf_blight,9,0.666666666667
29,20261031,1,resnet18,binary_healthy_affected,probe,0,healthy,85,0.870588235294
29,20261031,1,resnet18,binary_healthy_affected,probe,1,affected,78,0.871794871795
29,20261031,1,resnet18,binary_healthy_affected,sentinel,0,healthy,43,0.860465116279
29,20261031,1,resnet18,binary_healthy_affected,sentinel,1,affected,39,0.846153846154
29,20261031,1,color_shortcut,four_class,probe,0,healthy,85,0.623529411765
29,20261031,1,color_shortcut,four_class,probe,1,iris_yellow_virus,56,0.535714285714
29,20261031,1,color_shortcut,four_class,probe,2,purple_blotch,4,1
29,20261031,1,color_shortcut,four_class,probe,3,stemphylium_colletotrichum_leaf_blight,18,0.5
29,20261031,1,color_shortcut,four_class,sentinel,0,healthy,43,0.558139534884
29,20261031,1,color_shortcut,four_class,sentinel,1,iris_yellow_virus,28,0.392857142857
29,20261031,1,color_shortcut,four_class,sentinel,2,purple_blotch,2,1
29,20261031,1,color_shortcut,four_class,sentinel,3,stemphylium_colletotrichum_leaf_blight,9,0.333333333333
29,20261031,1,color_shortcut,binary_healthy_affected,probe,0,healthy,85,0.752941176471
29,20261031,1,color_shortcut,binary_healthy_affected,probe,1,affected,78,0.705128205128
29,20261031,1,color_shortcut,binary_healthy_affected,sentinel,0,healthy,43,0.651162790698
29,20261031,1,color_shortcut,binary_healthy_affected,sentinel,1,affected,39,0.641025641026
