feature_model,endpoint,evaluation_panel,dose,repetition,metric,exposed_minus_clean
color_shortcut,binary_healthy_affected,probe,0.5,0,balanced_accuracy,0.0673453996983
color_shortcut,binary_healthy_affected,probe,0.5,1,balanced_accuracy,0.0117647058824
color_shortcut,binary_healthy_affected,probe,0.5,2,balanced_accuracy,0.0448717948718
color_shortcut,binary_healthy_affected,probe,0.5,3,balanced_accuracy,0.0448717948718
color_shortcut,binary_healthy_affected,probe,0.5,4,balanced_accuracy,0.0251131221719
color_shortcut,binary_healthy_affected,probe,0.5,5,balanced_accuracy,0.0566365007541
color_shortcut,binary_healthy_affected,probe,0.5,6,balanced_accuracy,0.0678733031674
color_shortcut,binary_healthy_affected,probe,0.5,7,balanced_accuracy,0.0240573152338
color_shortcut,binary_healthy_affected,probe,0.5,8,balanced_accuracy,-0.0053544494721
color_shortcut,binary_healthy_affected,probe,0.5,9,balanced_accuracy,0.0427601809955
color_shortcut,binary_healthy_affected,probe,0.5,10,balanced_accuracy,0.0422322775264
color_shortcut,binary_healthy_affected,probe,0.5,11,balanced_accuracy,0.0844645550528
color_shortcut,binary_healthy_affected,probe,0.5,12,balanced_accuracy,0.0240573152338
color_shortcut,binary_healthy_affected,probe,0.5,13,balanced_accuracy,0.0117647058824
color_shortcut,binary_healthy_affected,probe,0.5,14,balanced_accuracy,0.0379336349925
color_shortcut,binary_healthy_affected,probe,0.5,15,balanced_accuracy,0.055580693816
color_shortcut,binary_healthy_affected,probe,0.5,16,balanced_accuracy,0.0315233785822
color_shortcut,binary_healthy_affected,probe,0.5,17,balanced_accuracy,0.0481146304676
color_shortcut,binary_healthy_affected,probe,0.5,18,balanced_accuracy,0.0202865761689
color_shortcut,binary_healthy_affected,probe,0.5,19,balanced_accuracy,0.0245852187029
color_shortcut,binary_healthy_affected,probe,0.5,20,balanced_accuracy,0.029939668175
color_shortcut,binary_healthy_affected,probe,0.5,21,balanced_accuracy,-0.00429864253394
color_shortcut,binary_healthy_affected,probe,0.5,22,balanced_accuracy,0.0427601809955
color_shortcut,binary_healthy_affected,probe,0.5,23,balanced_accuracy,0.0144042232278
color_shortcut,binary_healthy_affected,probe,0.5,24,balanced_accuracy,0.0753393665158
color_shortcut,binary_healthy_affected,probe,0.5,25,balanced_accuracy,0.0379336349925
color_shortcut,binary_healthy_affected,probe,0.5,26,balanced_accuracy,0.0550527903469
color_shortcut,binary_healthy_affected,probe,0.5,27,balanced_accuracy,0.0251131221719
color_shortcut,binary_healthy_affected,probe,0.5,28,balanced_accuracy,0.085520361991
color_shortcut,binary_healthy_affected,probe,0.5,29,balanced_accuracy,0.0609351432881
color_shortcut,binary_healthy_affected,probe,0.5,0,accuracy,0.0674846625767
color_shortcut,binary_healthy_affected,probe,0.5,1,accuracy,0.0122699386503
color_shortcut,binary_healthy_affected,probe,0.5,2,accuracy,0.0429447852761
color_shortcut,binary_healthy_affected,probe,0.5,3,accuracy,0.0429447852761
color_shortcut,binary_healthy_affected,probe,0.5,4,accuracy,0.0245398773006
color_shortcut,binary_healthy_affected,probe,0.5,5,accuracy,0.0552147239264
color_shortcut,binary_healthy_affected,probe,0.5,6,accuracy,0.0674846625767
color_shortcut,binary_healthy_affected,probe,0.5,7,accuracy,0.0245398773006
color_shortcut,binary_healthy_affected,probe,0.5,8,accuracy,-0.00613496932515
color_shortcut,binary_healthy_affected,probe,0.5,9,accuracy,0.0429447852761
color_shortcut,binary_healthy_affected,probe,0.5,10,accuracy,0.0429447852761
color_shortcut,binary_healthy_affected,probe,0.5,11,accuracy,0.0858895705521
color_shortcut,binary_healthy_affected,probe,0.5,12,accuracy,0.0245398773006
color_shortcut,binary_healthy_affected,probe,0.5,13,accuracy,0.0122699386503
color_shortcut,binary_healthy_affected,probe,0.5,14,accuracy,0.0368098159509
color_shortcut,binary_healthy_affected,probe,0.5,15,accuracy,0.0552147239264
color_shortcut,binary_healthy_affected,probe,0.5,16,accuracy,0.0306748466258
color_shortcut,binary_healthy_affected,probe,0.5,17,accuracy,0.0490797546012
color_shortcut,binary_healthy_affected,probe,0.5,18,accuracy,0.0184049079755
color_shortcut,binary_healthy_affected,probe,0.5,19,accuracy,0.0245398773006
color_shortcut,binary_healthy_affected,probe,0.5,20,accuracy,0.0306748466258
color_shortcut,binary_healthy_affected,probe,0.5,21,accuracy,-0.00613496932515
color_shortcut,binary_healthy_affected,probe,0.5,22,accuracy,0.0429447852761
color_shortcut,binary_healthy_affected,probe,0.5,23,accuracy,0.0122699386503
color_shortcut,binary_healthy_affected,probe,0.5,24,accuracy,0.0736196319018
color_shortcut,binary_healthy_affected,probe,0.5,25,accuracy,0.0368098159509
color_shortcut,binary_healthy_affected,probe,0.5,26,accuracy,0.0552147239264
color_shortcut,binary_healthy_affected,probe,0.5,27,accuracy,0.0245398773006
color_shortcut,binary_healthy_affected,probe,0.5,28,accuracy,0.0858895705521
color_shortcut,binary_healthy_affected,probe,0.5,29,accuracy,0.0613496932515
color_shortcut,binary_healthy_affected,probe,0.5,0,macro_f1,0.0674196320823
color_shortcut,binary_healthy_affected,probe,0.5,1,macro_f1,0.0119685861999
color_shortcut,binary_healthy_affected,probe,0.5,2,macro_f1,0.0427279517401
color_shortcut,binary_healthy_affected,probe,0.5,3,macro_f1,0.0442041827061
color_shortcut,binary_healthy_affected,probe,0.5,4,macro_f1,0.024836923051
color_shortcut,binary_healthy_affected,probe,0.5,5,macro_f1,0.0548202443565
color_shortcut,binary_healthy_affected,probe,0.5,6,macro_f1,0.0674994411839
color_shortcut,binary_healthy_affected,probe,0.5,7,macro_f1,0.0248781937401
color_shortcut,binary_healthy_affected,probe,0.5,8,macro_f1,-0.00596537490375
color_shortcut,binary_healthy_affected,probe,0.5,9,macro_f1,0.0434899334429
color_shortcut,binary_healthy_affected,probe,0.5,10,macro_f1,0.0435544762273
color_shortcut,binary_healthy_affected,probe,0.5,11,macro_f1,0.085761081738
color_shortcut,binary_healthy_affected,probe,0.5,12,macro_f1,0.0242816598485
color_shortcut,binary_healthy_affected,probe,0.5,13,macro_f1,0.0122704004818
color_shortcut,binary_healthy_affected,probe,0.5,14,macro_f1,0.0375101331224
color_shortcut,binary_healthy_affected,probe,0.5,15,macro_f1,0.0560169750054
color_shortcut,binary_healthy_affected,probe,0.5,16,macro_f1,0.0319939936361
color_shortcut,binary_healthy_affected,probe,0.5,17,macro_f1,0.0497429972678
color_shortcut,binary_healthy_affected,probe,0.5,18,macro_f1,0.0185065989866
color_shortcut,binary_healthy_affected,probe,0.5,19,macro_f1,0.0245731730298
color_shortcut,binary_healthy_affected,probe,0.5,20,macro_f1,0.0307154937413
color_shortcut,binary_healthy_affected,probe,0.5,21,macro_f1,-0.008594201736
color_shortcut,binary_healthy_affected,probe,0.5,22,macro_f1,0.042883297397
color_shortcut,binary_healthy_affected,probe,0.5,23,macro_f1,0.0137938207589
color_shortcut,binary_healthy_affected,probe,0.5,24,macro_f1,0.0764169135216
color_shortcut,binary_healthy_affected,probe,0.5,25,macro_f1,0.0377658541035
color_shortcut,binary_healthy_affected,probe,0.5,26,macro_f1,0.0551470734398
color_shortcut,binary_healthy_affected,probe,0.5,27,macro_f1,0.0242740134028
color_shortcut,binary_healthy_affected,probe,0.5,28,macro_f1,0.0863372418101
color_shortcut,binary_healthy_affected,probe,0.5,29,macro_f1,0.0611184980321
color_shortcut,binary_healthy_affected,probe,0.5,0,log_loss,-0.0752547496308
color_shortcut,binary_healthy_affected,probe,0.5,1,log_loss,-0.0334030009619
color_shortcut,binary_healthy_affected,probe,0.5,2,log_loss,-0.0176957055361
color_shortcut,binary_healthy_affected,probe,0.5,3,log_loss,-0.0295852295203
color_shortcut,binary_healthy_affected,probe,0.5,4,log_loss,-0.0440618201798
color_shortcut,binary_healthy_affected,probe,0.5,5,log_loss,-0.0669238780604
color_shortcut,binary_healthy_affected,probe,0.5,6,log_loss,-0.0473203686085
color_shortcut,binary_healthy_affected,probe,0.5,7,log_loss,-0.0410095488665
color_shortcut,binary_healthy_affected,probe,0.5,8,log_loss,-0.0407475781415
color_shortcut,binary_healthy_affected,probe,0.5,9,log_loss,-0.0521064619654
color_shortcut,binary_healthy_affected,probe,0.5,10,log_loss,-0.0492328725147
color_shortcut,binary_healthy_affected,probe,0.5,11,log_loss,-0.0518668171232
color_shortcut,binary_healthy_affected,probe,0.5,12,log_loss,-0.0217884725403
color_shortcut,binary_healthy_affected,probe,0.5,13,log_loss,-0.0405085245112
color_shortcut,binary_healthy_affected,probe,0.5,14,log_loss,-0.0304994517041
color_shortcut,binary_healthy_affected,probe,0.5,15,log_loss,-0.0634723908468
color_shortcut,binary_healthy_affected,probe,0.5,16,log_loss,-0.034215256597
color_shortcut,binary_healthy_affected,probe,0.5,17,log_loss,-0.0496507769551
color_shortcut,binary_healthy_affected,probe,0.5,18,log_loss,-0.0267239677297
color_shortcut,binary_healthy_affected,probe,0.5,19,log_loss,-0.0589410317033
color_shortcut,binary_healthy_affected,probe,0.5,20,log_loss,-0.0176964306269
color_shortcut,binary_healthy_affected,probe,0.5,21,log_loss,-0.0254666443473
color_shortcut,binary_healthy_affected,probe,0.5,22,log_loss,-0.0102388079999
color_shortcut,binary_healthy_affected,probe,0.5,23,log_loss,-0.0273592738419
color_shortcut,binary_healthy_affected,probe,0.5,24,log_loss,-0.0390946968104
color_shortcut,binary_healthy_affected,probe,0.5,25,log_loss,-0.0356124036702
color_shortcut,binary_healthy_affected,probe,0.5,26,log_loss,-0.0253133167591
color_shortcut,binary_healthy_affected,probe,0.5,27,log_loss,-0.0213128429395
color_shortcut,binary_healthy_affected,probe,0.5,28,log_loss,-0.0742520630532
color_shortcut,binary_healthy_affected,probe,0.5,29,log_loss,-0.0340284326324
color_shortcut,binary_healthy_affected,probe,0.5,0,brier,-0.0212166162923
color_shortcut,binary_healthy_affected,probe,0.5,1,brier,-0.0136343397218
color_shortcut,binary_healthy_affected,probe,0.5,2,brier,-0.00864169396533
color_shortcut,binary_healthy_affected,probe,0.5,3,brier,-0.0112144083659
color_shortcut,binary_healthy_affected,probe,0.5,4,brier,-0.0151960173648
color_shortcut,binary_healthy_affected,probe,0.5,5,brier,-0.0266065427473
color_shortcut,binary_healthy_affected,probe,0.5,6,brier,-0.0201979145665
color_shortcut,binary_healthy_affected,probe,0.5,7,brier,-0.0154204538019
color_shortcut,binary_healthy_affected,probe,0.5,8,brier,-0.00805337558548
color_shortcut,binary_healthy_affected,probe,0.5,9,brier,-0.0222937316148
color_shortcut,binary_healthy_affected,probe,0.5,10,brier,-0.0215463692095
color_shortcut,binary_healthy_affected,probe,0.5,11,brier,-0.0238469848177
color_shortcut,binary_healthy_affected,probe,0.5,12,brier,-0.0100074208814
color_shortcut,binary_healthy_affected,probe,0.5,13,brier,-0.0160202815027
color_shortcut,binary_healthy_affected,probe,0.5,14,brier,-0.0136110895854
color_shortcut,binary_healthy_affected,probe,0.5,15,brier,-0.0283897276115
color_shortcut,binary_healthy_affected,probe,0.5,16,brier,-0.0151023047671
color_shortcut,binary_healthy_affected,probe,0.5,17,brier,-0.0214609811534
color_shortcut,binary_healthy_affected,probe,0.5,18,brier,-0.00856904128537
color_shortcut,binary_healthy_affected,probe,0.5,19,brier,-0.0132775076975
color_shortcut,binary_healthy_affected,probe,0.5,20,brier,-0.00834439307258
color_shortcut,binary_healthy_affected,probe,0.5,21,brier,-0.010848666385
color_shortcut,binary_healthy_affected,probe,0.5,22,brier,-0.00773153629609
color_shortcut,binary_healthy_affected,probe,0.5,23,brier,-0.0124572635459
color_shortcut,binary_healthy_affected,probe,0.5,24,brier,-0.016980028322
color_shortcut,binary_healthy_affected,probe,0.5,25,brier,-0.016011053397
color_shortcut,binary_healthy_affected,probe,0.5,26,brier,-0.0124721021663
color_shortcut,binary_healthy_affected,probe,0.5,27,brier,-0.00752600661222
color_shortcut,binary_healthy_affected,probe,0.5,28,brier,-0.0309680155443
color_shortcut,binary_healthy_affected,probe,0.5,29,brier,-0.0155706464227
color_shortcut,binary_healthy_affected,probe,0.5,0,auroc,0.0502262443439
color_shortcut,binary_healthy_affected,probe,0.5,1,auroc,0.0352941176471
color_shortcut,binary_healthy_affected,probe,0.5,2,auroc,0.022322775264
color_shortcut,binary_healthy_affected,probe,0.5,3,auroc,0.0343891402715
color_shortcut,binary_healthy_affected,probe,0.5,4,auroc,0.0351432880845
color_shortcut,binary_healthy_affected,probe,0.5,5,auroc,0.0714932126697
color_shortcut,binary_healthy_affected,probe,0.5,6,auroc,0.0606334841629
color_shortcut,binary_healthy_affected,probe,0.5,7,auroc,0.0378582202112
color_shortcut,binary_healthy_affected,probe,0.5,8,auroc,0.0212669683258
color_shortcut,binary_healthy_affected,probe,0.5,9,auroc,0.0647058823529
color_shortcut,binary_healthy_affected,probe,0.5,10,auroc,0.0625942684766
color_shortcut,binary_healthy_affected,probe,0.5,11,auroc,0.0616892911011
color_shortcut,binary_healthy_affected,probe,0.5,12,auroc,0.0361990950226
color_shortcut,binary_healthy_affected,probe,0.5,13,auroc,0.0395173453997
color_shortcut,binary_healthy_affected,probe,0.5,14,auroc,0.0434389140271
color_shortcut,binary_healthy_affected,probe,0.5,15,auroc,0.084012066365
color_shortcut,binary_healthy_affected,probe,0.5,16,auroc,0.0478129713424
color_shortcut,binary_healthy_affected,probe,0.5,17,auroc,0.0538461538462
color_shortcut,binary_healthy_affected,probe,0.5,18,auroc,0.0209653092006
color_shortcut,binary_healthy_affected,probe,0.5,19,auroc,0.0357466063348
color_shortcut,binary_healthy_affected,probe,0.5,20,auroc,0.0276018099548
color_shortcut,binary_healthy_affected,probe,0.5,21,auroc,0.0355957767722
color_shortcut,binary_healthy_affected,probe,0.5,22,auroc,0.0253393665158
color_shortcut,binary_healthy_affected,probe,0.5,23,auroc,0.0337858220211
color_shortcut,binary_healthy_affected,probe,0.5,24,auroc,0.0514328808446
color_shortcut,binary_healthy_affected,probe,0.5,25,auroc,0.0481146304676
color_shortcut,binary_healthy_affected,probe,0.5,26,auroc,0.0435897435897
color_shortcut,binary_healthy_affected,probe,0.5,27,auroc,0.0196078431373
color_shortcut,binary_healthy_affected,probe,0.5,28,auroc,0.0797888386124
color_shortcut,binary_healthy_affected,probe,0.5,29,auroc,0.0455505279035
color_shortcut,binary_healthy_affected,probe,1,0,balanced_accuracy,0.104223227753
color_shortcut,binary_healthy_affected,probe,1,1,balanced_accuracy,0.0609351432881
color_shortcut,binary_healthy_affected,probe,1,2,balanced_accuracy,0.0806938159879
color_shortcut,binary_healthy_affected,probe,1,3,balanced_accuracy,0.0315233785822
color_shortcut,binary_healthy_affected,probe,1,4,balanced_accuracy,0.081221719457
color_shortcut,binary_healthy_affected,probe,1,5,balanced_accuracy,0.117571644042
color_shortcut,binary_healthy_affected,probe,1,6,balanced_accuracy,0.0491704374057
color_shortcut,binary_healthy_affected,probe,1,7,balanced_accuracy,0.0614630467572
color_shortcut,binary_healthy_affected,probe,1,8,balanced_accuracy,0.0432880844646
color_shortcut,binary_healthy_affected,probe,1,9,balanced_accuracy,0.1395173454
color_shortcut,binary_healthy_affected,probe,1,10,balanced_accuracy,0.0914027149321
color_shortcut,binary_healthy_affected,probe,1,11,balanced_accuracy,0.152865761689
color_shortcut,binary_healthy_affected,probe,1,12,balanced_accuracy,0.085520361991
color_shortcut,binary_healthy_affected,probe,1,13,balanced_accuracy,0.0534690799397
color_shortcut,binary_healthy_affected,probe,1,14,balanced_accuracy,0.0325791855204
color_shortcut,binary_healthy_affected,probe,1,15,balanced_accuracy,0.0897435897436
color_shortcut,binary_healthy_affected,probe,1,16,balanced_accuracy,0.0502262443439
color_shortcut,binary_healthy_affected,probe,1,17,balanced_accuracy,0.0588235294118
color_shortcut,binary_healthy_affected,probe,1,18,balanced_accuracy,0.0486425339367
color_shortcut,binary_healthy_affected,probe,1,19,balanced_accuracy,0.060407239819
color_shortcut,binary_healthy_affected,probe,1,20,balanced_accuracy,0.0614630467572
color_shortcut,binary_healthy_affected,probe,1,21,balanced_accuracy,0.0785822021116
color_shortcut,binary_healthy_affected,probe,1,22,balanced_accuracy,0.0748114630468
color_shortcut,binary_healthy_affected,probe,1,23,balanced_accuracy,0.0641025641026
color_shortcut,binary_healthy_affected,probe,1,24,balanced_accuracy,0.13197586727
color_shortcut,binary_healthy_affected,probe,1,25,balanced_accuracy,0.0935143288084
color_shortcut,binary_healthy_affected,probe,1,26,balanced_accuracy,0.0662895927602
color_shortcut,binary_healthy_affected,probe,1,27,balanced_accuracy,0.0721719457014
color_shortcut,binary_healthy_affected,probe,1,28,balanced_accuracy,0.128808446456
color_shortcut,binary_healthy_affected,probe,1,29,balanced_accuracy,0.109577677225
color_shortcut,binary_healthy_affected,probe,1,0,accuracy,0.104294478528
color_shortcut,binary_healthy_affected,probe,1,1,accuracy,0.0613496932515
color_shortcut,binary_healthy_affected,probe,1,2,accuracy,0.079754601227
color_shortcut,binary_healthy_affected,probe,1,3,accuracy,0.0306748466258
color_shortcut,binary_healthy_affected,probe,1,4,accuracy,0.079754601227
color_shortcut,binary_healthy_affected,probe,1,5,accuracy,0.116564417178
color_shortcut,binary_healthy_affected,probe,1,6,accuracy,0.0490797546012
color_shortcut,binary_healthy_affected,probe,1,7,accuracy,0.0613496932515
color_shortcut,binary_healthy_affected,probe,1,8,accuracy,0.0429447852761
color_shortcut,binary_healthy_affected,probe,1,9,accuracy,0.141104294479
color_shortcut,binary_healthy_affected,probe,1,10,accuracy,0.0920245398773
color_shortcut,binary_healthy_affected,probe,1,11,accuracy,0.153374233129
color_shortcut,binary_healthy_affected,probe,1,12,accuracy,0.0858895705521
color_shortcut,binary_healthy_affected,probe,1,13,accuracy,0.0552147239264
color_shortcut,binary_healthy_affected,probe,1,14,accuracy,0.0306748466258
color_shortcut,binary_healthy_affected,probe,1,15,accuracy,0.0858895705521
color_shortcut,binary_healthy_affected,probe,1,16,accuracy,0.0490797546012
color_shortcut,binary_healthy_affected,probe,1,17,accuracy,0.0613496932515
color_shortcut,binary_healthy_affected,probe,1,18,accuracy,0.0490797546012
color_shortcut,binary_healthy_affected,probe,1,19,accuracy,0.0613496932515
color_shortcut,binary_healthy_affected,probe,1,20,accuracy,0.0613496932515
color_shortcut,binary_healthy_affected,probe,1,21,accuracy,0.079754601227
color_shortcut,binary_healthy_affected,probe,1,22,accuracy,0.0736196319018
color_shortcut,binary_healthy_affected,probe,1,23,accuracy,0.0613496932515
color_shortcut,binary_healthy_affected,probe,1,24,accuracy,0.128834355828
color_shortcut,binary_healthy_affected,probe,1,25,accuracy,0.0920245398773
color_shortcut,binary_healthy_affected,probe,1,26,accuracy,0.0674846625767
color_shortcut,binary_healthy_affected,probe,1,27,accuracy,0.0736196319018
color_shortcut,binary_healthy_affected,probe,1,28,accuracy,0.128834355828
color_shortcut,binary_healthy_affected,probe,1,29,accuracy,0.110429447853
color_shortcut,binary_healthy_affected,probe,1,0,macro_f1,0.104297460137
color_shortcut,binary_healthy_affected,probe,1,1,macro_f1,0.0611668506783
color_shortcut,binary_healthy_affected,probe,1,2,macro_f1,0.0797943242623
color_shortcut,binary_healthy_affected,probe,1,3,macro_f1,0.0314302362415
color_shortcut,binary_healthy_affected,probe,1,4,macro_f1,0.0802512771418
color_shortcut,binary_healthy_affected,probe,1,5,macro_f1,0.116433637472
color_shortcut,binary_healthy_affected,probe,1,6,macro_f1,0.0490816019271
color_shortcut,binary_healthy_affected,probe,1,7,macro_f1,0.061497830598
color_shortcut,binary_healthy_affected,probe,1,8,macro_f1,0.0430386130444
color_shortcut,binary_healthy_affected,probe,1,9,macro_f1,0.143034681389
color_shortcut,binary_healthy_affected,probe,1,10,macro_f1,0.092680455733
color_shortcut,binary_healthy_affected,probe,1,11,macro_f1,0.153425041371
color_shortcut,binary_healthy_affected,probe,1,12,macro_f1,0.085714592423
color_shortcut,binary_healthy_affected,probe,1,13,macro_f1,0.0548364303896
color_shortcut,binary_healthy_affected,probe,1,14,macro_f1,0.0315655531579
color_shortcut,binary_healthy_affected,probe,1,15,macro_f1,0.0891267537747
color_shortcut,binary_healthy_affected,probe,1,16,macro_f1,0.0507912614896
color_shortcut,binary_healthy_affected,probe,1,17,macro_f1,0.0621506590651
color_shortcut,binary_healthy_affected,probe,1,18,macro_f1,0.0488733416517
color_shortcut,binary_healthy_affected,probe,1,19,macro_f1,0.0617807403313
color_shortcut,binary_healthy_affected,probe,1,20,macro_f1,0.0613589309241
color_shortcut,binary_healthy_affected,probe,1,21,macro_f1,0.0808499946043
color_shortcut,binary_healthy_affected,probe,1,22,macro_f1,0.0737221922922
color_shortcut,binary_healthy_affected,probe,1,23,macro_f1,0.0630168411107
color_shortcut,binary_healthy_affected,probe,1,24,macro_f1,0.132675430684
color_shortcut,binary_healthy_affected,probe,1,25,macro_f1,0.0931726011055
color_shortcut,binary_healthy_affected,probe,1,26,macro_f1,0.0667652295425
color_shortcut,binary_healthy_affected,probe,1,27,macro_f1,0.0739330459409
color_shortcut,binary_healthy_affected,probe,1,28,macro_f1,0.129207912012
color_shortcut,binary_healthy_affected,probe,1,29,macro_f1,0.109962221568
color_shortcut,binary_healthy_affected,probe,1,0,log_loss,-0.122698165898
color_shortcut,binary_healthy_affected,probe,1,1,log_loss,-0.0801549405548
color_shortcut,binary_healthy_affected,probe,1,2,log_loss,-0.0552575737104
color_shortcut,binary_healthy_affected,probe,1,3,log_loss,-0.054009937659
color_shortcut,binary_healthy_affected,probe,1,4,log_loss,-0.0836653734929
color_shortcut,binary_healthy_affected,probe,1,5,log_loss,-0.107966074464
color_shortcut,binary_healthy_affected,probe,1,6,log_loss,-0.0967756756731
color_shortcut,binary_healthy_affected,probe,1,7,log_loss,-0.0751833238287
color_shortcut,binary_healthy_affected,probe,1,8,log_loss,-0.084476311358
color_shortcut,binary_healthy_affected,probe,1,9,log_loss,-0.123092575449
color_shortcut,binary_healthy_affected,probe,1,10,log_loss,-0.102575504235
color_shortcut,binary_healthy_affected,probe,1,11,log_loss,-0.110101347696
color_shortcut,binary_healthy_affected,probe,1,12,log_loss,-0.0691500172467
color_shortcut,binary_healthy_affected,probe,1,13,log_loss,-0.0809931685428
color_shortcut,binary_healthy_affected,probe,1,14,log_loss,-0.0747345464565
color_shortcut,binary_healthy_affected,probe,1,15,log_loss,-0.123475886042
color_shortcut,binary_healthy_affected,probe,1,16,log_loss,-0.0593712055476
color_shortcut,binary_healthy_affected,probe,1,17,log_loss,-0.0886745313827
color_shortcut,binary_healthy_affected,probe,1,18,log_loss,-0.0841237381633
color_shortcut,binary_healthy_affected,probe,1,19,log_loss,-0.134075543756
color_shortcut,binary_healthy_affected,probe,1,20,log_loss,-0.0613348294249
color_shortcut,binary_healthy_affected,probe,1,21,log_loss,-0.0947669977974
color_shortcut,binary_healthy_affected,probe,1,22,log_loss,-0.0502055990006
color_shortcut,binary_healthy_affected,probe,1,23,log_loss,-0.0871454828891
color_shortcut,binary_healthy_affected,probe,1,24,log_loss,-0.0877708329622
color_shortcut,binary_healthy_affected,probe,1,25,log_loss,-0.0719433641057
color_shortcut,binary_healthy_affected,probe,1,26,log_loss,-0.270650894604
color_shortcut,binary_healthy_affected,probe,1,27,log_loss,-0.0661369738355
color_shortcut,binary_healthy_affected,probe,1,28,log_loss,-0.118809089027
color_shortcut,binary_healthy_affected,probe,1,29,log_loss,-0.083429055143
color_shortcut,binary_healthy_affected,probe,1,0,brier,-0.0407960148107
color_shortcut,binary_healthy_affected,probe,1,1,brier,-0.0329766333389
color_shortcut,binary_healthy_affected,probe,1,2,brier,-0.0236451155428
color_shortcut,binary_healthy_affected,probe,1,3,brier,-0.0224884748145
color_shortcut,binary_healthy_affected,probe,1,4,brier,-0.0314497255692
color_shortcut,binary_healthy_affected,probe,1,5,brier,-0.0442708899433
color_shortcut,binary_healthy_affected,probe,1,6,brier,-0.0401250634952
color_shortcut,binary_healthy_affected,probe,1,7,brier,-0.0307374386695
color_shortcut,binary_healthy_affected,probe,1,8,brier,-0.0250788879427
color_shortcut,binary_healthy_affected,probe,1,9,brier,-0.0535260075745
color_shortcut,binary_healthy_affected,probe,1,10,brier,-0.0454243860757
color_shortcut,binary_healthy_affected,probe,1,11,brier,-0.0488619195452
color_shortcut,binary_healthy_affected,probe,1,12,brier,-0.0302042901905
color_shortcut,binary_healthy_affected,probe,1,13,brier,-0.0338802114808
color_shortcut,binary_healthy_affected,probe,1,14,brier,-0.0300118344511
color_shortcut,binary_healthy_affected,probe,1,15,brier,-0.0546027203978
color_shortcut,binary_healthy_affected,probe,1,16,brier,-0.0255042507415
color_shortcut,binary_healthy_affected,probe,1,17,brier,-0.0380732319016
color_shortcut,binary_healthy_affected,probe,1,18,brier,-0.0315197445166
color_shortcut,binary_healthy_affected,probe,1,19,brier,-0.0355155242742
color_shortcut,binary_healthy_affected,probe,1,20,brier,-0.0253007601078
color_shortcut,binary_healthy_affected,probe,1,21,brier,-0.0403517639041
color_shortcut,binary_healthy_affected,probe,1,22,brier,-0.0221446173432
color_shortcut,binary_healthy_affected,probe,1,23,brier,-0.0378704350739
color_shortcut,binary_healthy_affected,probe,1,24,brier,-0.0375654880084
color_shortcut,binary_healthy_affected,probe,1,25,brier,-0.0322902356874
color_shortcut,binary_healthy_affected,probe,1,26,brier,-0.0292831276188
color_shortcut,binary_healthy_affected,probe,1,27,brier,-0.0267497580993
color_shortcut,binary_healthy_affected,probe,1,28,brier,-0.0500760216639
color_shortcut,binary_healthy_affected,probe,1,29,brier,-0.0354911575384
color_shortcut,binary_healthy_affected,probe,1,0,auroc,0.0987933634992
color_shortcut,binary_healthy_affected,probe,1,1,auroc,0.0883861236802
color_shortcut,binary_healthy_affected,probe,1,2,auroc,0.0698340874811
color_shortcut,binary_healthy_affected,probe,1,3,auroc,0.0686274509804
color_shortcut,binary_healthy_affected,probe,1,4,auroc,0.0831070889894
color_shortcut,binary_healthy_affected,probe,1,5,auroc,0.126847662142
color_shortcut,binary_healthy_affected,probe,1,6,auroc,0.111915535445
color_shortcut,binary_healthy_affected,probe,1,7,auroc,0.0811463046757
color_shortcut,binary_healthy_affected,probe,1,8,auroc,0.0707390648567
color_shortcut,binary_healthy_affected,probe,1,9,auroc,0.149472096531
color_shortcut,binary_healthy_affected,probe,1,10,auroc,0.135143288084
color_shortcut,binary_healthy_affected,probe,1,11,auroc,0.142835595777
color_shortcut,binary_healthy_affected,probe,1,12,auroc,0.0929110105581
color_shortcut,binary_healthy_affected,probe,1,13,auroc,0.0904977375566
color_shortcut,binary_healthy_affected,probe,1,14,auroc,0.0841628959276
color_shortcut,binary_healthy_affected,probe,1,15,auroc,0.15641025641
color_shortcut,binary_healthy_affected,probe,1,16,auroc,0.0772247360483
color_shortcut,binary_healthy_affected,probe,1,17,auroc,0.105429864253
color_shortcut,binary_healthy_affected,probe,1,18,auroc,0.0852187028658
color_shortcut,binary_healthy_affected,probe,1,19,auroc,0.0962292609351
color_shortcut,binary_healthy_affected,probe,1,20,auroc,0.068778280543
color_shortcut,binary_healthy_affected,probe,1,21,auroc,0.102714932127
color_shortcut,binary_healthy_affected,probe,1,22,auroc,0.0606334841629
color_shortcut,binary_healthy_affected,probe,1,23,auroc,0.102865761689
color_shortcut,binary_healthy_affected,probe,1,24,auroc,0.107993966817
color_shortcut,binary_healthy_affected,probe,1,25,auroc,0.0945701357466
color_shortcut,binary_healthy_affected,probe,1,26,auroc,0.0853695324284
color_shortcut,binary_healthy_affected,probe,1,27,auroc,0.0638009049774
color_shortcut,binary_healthy_affected,probe,1,28,auroc,0.135746606335
color_shortcut,binary_healthy_affected,probe,1,29,auroc,0.0972850678733
color_shortcut,binary_healthy_affected,sentinel,0.5,0,balanced_accuracy,0.0140131186643
color_shortcut,binary_healthy_affected,sentinel,0.5,1,balanced_accuracy,-0.0477042337507
color_shortcut,binary_healthy_affected,sentinel,0.5,2,balanced_accuracy,0.00119260584377
color_shortcut,binary_healthy_affected,sentinel,0.5,3,balanced_accuracy,-0.0244484197973
color_shortcut,binary_healthy_affected,sentinel,0.5,4,balanced_accuracy,0.0500894454383
color_shortcut,binary_healthy_affected,sentinel,0.5,5,balanced_accuracy,-0.00238521168754
color_shortcut,binary_healthy_affected,sentinel,0.5,6,balanced_accuracy,-0.010435301133
color_shortcut,binary_healthy_affected,sentinel,0.5,7,balanced_accuracy,0.0697674418605
color_shortcut,binary_healthy_affected,sentinel,0.5,8,balanced_accuracy,0.0128205128205
color_shortcut,binary_healthy_affected,sentinel,0.5,9,balanced_accuracy,-0.0232558139535
color_shortcut,binary_healthy_affected,sentinel,0.5,10,balanced_accuracy,-0.00357781753131
color_shortcut,binary_healthy_affected,sentinel,0.5,11,balanced_accuracy,0.010435301133
color_shortcut,binary_healthy_affected,sentinel,0.5,12,balanced_accuracy,0.00119260584377
color_shortcut,binary_healthy_affected,sentinel,0.5,13,balanced_accuracy,0.0232558139535
color_shortcut,binary_healthy_affected,sentinel,0.5,14,balanced_accuracy,-0.0372689326178
color_shortcut,binary_healthy_affected,sentinel,0.5,15,balanced_accuracy,-0.0396541443053
color_shortcut,binary_healthy_affected,sentinel,0.5,16,balanced_accuracy,0
color_shortcut,binary_healthy_affected,sentinel,0.5,17,balanced_accuracy,-0.0477042337507
color_shortcut,binary_healthy_affected,sentinel,0.5,18,balanced_accuracy,-0.010435301133
color_shortcut,binary_healthy_affected,sentinel,0.5,19,balanced_accuracy,-0.046511627907
color_shortcut,binary_healthy_affected,sentinel,0.5,20,balanced_accuracy,0.036076326774
color_shortcut,binary_healthy_affected,sentinel,0.5,21,balanced_accuracy,0.010435301133
color_shortcut,binary_healthy_affected,sentinel,0.5,22,balanced_accuracy,0.036076326774
color_shortcut,binary_healthy_affected,sentinel,0.5,23,balanced_accuracy,0.036076326774
color_shortcut,binary_healthy_affected,sentinel,0.5,24,balanced_accuracy,0.00119260584377
color_shortcut,binary_healthy_affected,sentinel,0.5,25,balanced_accuracy,0.0593321407275
color_shortcut,binary_healthy_affected,sentinel,0.5,26,balanced_accuracy,-0.0128205128205
color_shortcut,binary_healthy_affected,sentinel,0.5,27,balanced_accuracy,-0.0244484197973
color_shortcut,binary_healthy_affected,sentinel,0.5,28,balanced_accuracy,0.0280262373286
color_shortcut,binary_healthy_affected,sentinel,0.5,29,balanced_accuracy,0
color_shortcut,binary_healthy_affected,sentinel,0.5,0,accuracy,0.0121951219512
color_shortcut,binary_healthy_affected,sentinel,0.5,1,accuracy,-0.0487804878049
color_shortcut,binary_healthy_affected,sentinel,0.5,2,accuracy,0
color_shortcut,binary_healthy_affected,sentinel,0.5,3,accuracy,-0.0243902439024
color_shortcut,binary_healthy_affected,sentinel,0.5,4,accuracy,0.0487804878049
color_shortcut,binary_healthy_affected,sentinel,0.5,5,accuracy,0
color_shortcut,binary_healthy_affected,sentinel,0.5,6,accuracy,-0.0121951219512
color_shortcut,binary_healthy_affected,sentinel,0.5,7,accuracy,0.0731707317073
color_shortcut,binary_healthy_affected,sentinel,0.5,8,accuracy,0.0121951219512
color_shortcut,binary_healthy_affected,sentinel,0.5,9,accuracy,-0.0243902439024
color_shortcut,binary_healthy_affected,sentinel,0.5,10,accuracy,0
color_shortcut,binary_healthy_affected,sentinel,0.5,11,accuracy,0.0121951219512
color_shortcut,binary_healthy_affected,sentinel,0.5,12,accuracy,0
color_shortcut,binary_healthy_affected,sentinel,0.5,13,accuracy,0.0243902439024
color_shortcut,binary_healthy_affected,sentinel,0.5,14,accuracy,-0.0365853658537
color_shortcut,binary_healthy_affected,sentinel,0.5,15,accuracy,-0.0365853658537
color_shortcut,binary_healthy_affected,sentinel,0.5,16,accuracy,0
color_shortcut,binary_healthy_affected,sentinel,0.5,17,accuracy,-0.0487804878049
color_shortcut,binary_healthy_affected,sentinel,0.5,18,accuracy,-0.0121951219512
color_shortcut,binary_healthy_affected,sentinel,0.5,19,accuracy,-0.0487804878049
color_shortcut,binary_healthy_affected,sentinel,0.5,20,accuracy,0.0365853658537
color_shortcut,binary_healthy_affected,sentinel,0.5,21,accuracy,0.0121951219512
color_shortcut,binary_healthy_affected,sentinel,0.5,22,accuracy,0.0365853658537
color_shortcut,binary_healthy_affected,sentinel,0.5,23,accuracy,0.0365853658537
color_shortcut,binary_healthy_affected,sentinel,0.5,24,accuracy,0
color_shortcut,binary_healthy_affected,sentinel,0.5,25,accuracy,0.0609756097561
color_shortcut,binary_healthy_affected,sentinel,0.5,26,accuracy,-0.0121951219512
color_shortcut,binary_healthy_affected,sentinel,0.5,27,accuracy,-0.0243902439024
color_shortcut,binary_healthy_affected,sentinel,0.5,28,accuracy,0.0243902439024
color_shortcut,binary_healthy_affected,sentinel,0.5,29,accuracy,0
color_shortcut,binary_healthy_affected,sentinel,0.5,0,macro_f1,0.0125383651454
color_shortcut,binary_healthy_affected,sentinel,0.5,1,macro_f1,-0.048395407282
color_shortcut,binary_healthy_affected,sentinel,0.5,2,macro_f1,0.000479522125899
color_shortcut,binary_healthy_affected,sentinel,0.5,3,macro_f1,-0.0243938717834
color_shortcut,binary_healthy_affected,sentinel,0.5,4,macro_f1,0.049464392197
color_shortcut,binary_healthy_affected,sentinel,0.5,5,macro_f1,0.00229066275578
color_shortcut,binary_healthy_affected,sentinel,0.5,6,macro_f1,-0.0151221299463
color_shortcut,binary_healthy_affected,sentinel,0.5,7,macro_f1,0.0737818383167
color_shortcut,binary_healthy_affected,sentinel,0.5,8,macro_f1,0.0130010035303
color_shortcut,binary_healthy_affected,sentinel,0.5,9,macro_f1,-0.0247862080683
color_shortcut,binary_healthy_affected,sentinel,0.5,10,macro_f1,-0.00144415917843
color_shortcut,binary_healthy_affected,sentinel,0.5,11,macro_f1,0.0135918300456
color_shortcut,binary_healthy_affected,sentinel,0.5,12,macro_f1,0.000924236553838
color_shortcut,binary_healthy_affected,sentinel,0.5,13,macro_f1,0.0258456150591
color_shortcut,binary_healthy_affected,sentinel,0.5,14,macro_f1,-0.03664522589
color_shortcut,binary_healthy_affected,sentinel,0.5,15,macro_f1,-0.0363436513846
color_shortcut,binary_healthy_affected,sentinel,0.5,16,macro_f1,0
color_shortcut,binary_healthy_affected,sentinel,0.5,17,macro_f1,-0.0469121987787
color_shortcut,binary_healthy_affected,sentinel,0.5,18,macro_f1,-0.0126691244574
color_shortcut,binary_healthy_affected,sentinel,0.5,19,macro_f1,-0.0465773702455
color_shortcut,binary_healthy_affected,sentinel,0.5,20,macro_f1,0.0362620539044
color_shortcut,binary_healthy_affected,sentinel,0.5,21,macro_f1,0.0145032508947
color_shortcut,binary_healthy_affected,sentinel,0.5,22,macro_f1,0.036852462504
color_shortcut,binary_healthy_affected,sentinel,0.5,23,macro_f1,0.0367759397378
color_shortcut,binary_healthy_affected,sentinel,0.5,24,macro_f1,0.00118830414065
color_shortcut,binary_healthy_affected,sentinel,0.5,25,macro_f1,0.0608322177599
color_shortcut,binary_healthy_affected,sentinel,0.5,26,macro_f1,-0.0115099369032
color_shortcut,binary_healthy_affected,sentinel,0.5,27,macro_f1,-0.0246246246246
color_shortcut,binary_healthy_affected,sentinel,0.5,28,macro_f1,0.0271128291777
color_shortcut,binary_healthy_affected,sentinel,0.5,29,macro_f1,0
color_shortcut,binary_healthy_affected,sentinel,0.5,0,log_loss,0.00537639115336
color_shortcut,binary_healthy_affected,sentinel,0.5,1,log_loss,-0.00434930085099
color_shortcut,binary_healthy_affected,sentinel,0.5,2,log_loss,0.0175372000326
color_shortcut,binary_healthy_affected,sentinel,0.5,3,log_loss,0.0378862596057
color_shortcut,binary_healthy_affected,sentinel,0.5,4,log_loss,-0.0155218111883
color_shortcut,binary_healthy_affected,sentinel,0.5,5,log_loss,-0.00503771341618
color_shortcut,binary_healthy_affected,sentinel,0.5,6,log_loss,-0.050666279857
color_shortcut,binary_healthy_affected,sentinel,0.5,7,log_loss,-0.024461751703
color_shortcut,binary_healthy_affected,sentinel,0.5,8,log_loss,0.00202232788629
color_shortcut,binary_healthy_affected,sentinel,0.5,9,log_loss,0.0354430387416
color_shortcut,binary_healthy_affected,sentinel,0.5,10,log_loss,0.0118399290103
color_shortcut,binary_healthy_affected,sentinel,0.5,11,log_loss,-0.00573672626611
color_shortcut,binary_healthy_affected,sentinel,0.5,12,log_loss,0.00954622536338
color_shortcut,binary_healthy_affected,sentinel,0.5,13,log_loss,-0.0176560822088
color_shortcut,binary_healthy_affected,sentinel,0.5,14,log_loss,-0.0132703341612
color_shortcut,binary_healthy_affected,sentinel,0.5,15,log_loss,0.00210616953554
color_shortcut,binary_healthy_affected,sentinel,0.5,16,log_loss,-0.0122133868581
color_shortcut,binary_healthy_affected,sentinel,0.5,17,log_loss,0.0171455335325
color_shortcut,binary_healthy_affected,sentinel,0.5,18,log_loss,-0.0134530090033
color_shortcut,binary_healthy_affected,sentinel,0.5,19,log_loss,-0.0142550602845
color_shortcut,binary_healthy_affected,sentinel,0.5,20,log_loss,0.000964375057946
color_shortcut,binary_healthy_affected,sentinel,0.5,21,log_loss,-0.0556507334163
color_shortcut,binary_healthy_affected,sentinel,0.5,22,log_loss,0.00377384673992
color_shortcut,binary_healthy_affected,sentinel,0.5,23,log_loss,0.0107744983368
color_shortcut,binary_healthy_affected,sentinel,0.5,24,log_loss,-0.060141484638
color_shortcut,binary_healthy_affected,sentinel,0.5,25,log_loss,-0.0171216671699
color_shortcut,binary_healthy_affected,sentinel,0.5,26,log_loss,0.00909018193436
color_shortcut,binary_healthy_affected,sentinel,0.5,27,log_loss,-0.00925297896797
color_shortcut,binary_healthy_affected,sentinel,0.5,28,log_loss,-0.0334525034408
color_shortcut,binary_healthy_affected,sentinel,0.5,29,log_loss,-0.00490021230585
color_shortcut,binary_healthy_affected,sentinel,0.5,0,brier,0.0017748228979
color_shortcut,binary_healthy_affected,sentinel,0.5,1,brier,-0.000905609101168
color_shortcut,binary_healthy_affected,sentinel,0.5,2,brier,0.00701739539452
color_shortcut,binary_healthy_affected,sentinel,0.5,3,brier,0.0129749503505
color_shortcut,binary_healthy_affected,sentinel,0.5,4,brier,-0.00479852548314
color_shortcut,binary_healthy_affected,sentinel,0.5,5,brier,-0.000985539520487
color_shortcut,binary_healthy_affected,sentinel,0.5,6,brier,-0.00547475700071
color_shortcut,binary_healthy_affected,sentinel,0.5,7,brier,-0.0114533930135
color_shortcut,binary_healthy_affected,sentinel,0.5,8,brier,-0.0010111256091
color_shortcut,binary_healthy_affected,sentinel,0.5,9,brier,0.012685536304
color_shortcut,binary_healthy_affected,sentinel,0.5,10,brier,-0.000117749485949
color_shortcut,binary_healthy_affected,sentinel,0.5,11,brier,-0.00230554732357
color_shortcut,binary_healthy_affected,sentinel,0.5,12,brier,0.00446554349752
color_shortcut,binary_healthy_affected,sentinel,0.5,13,brier,-0.00802681365158
color_shortcut,binary_healthy_affected,sentinel,0.5,14,brier,-0.00143863594931
color_shortcut,binary_healthy_affected,sentinel,0.5,15,brier,0.00477441447734
color_shortcut,binary_healthy_affected,sentinel,0.5,16,brier,-0.00482163002075
color_shortcut,binary_healthy_affected,sentinel,0.5,17,brier,0.0104410861597
color_shortcut,binary_healthy_affected,sentinel,0.5,18,brier,-0.00448032757646
color_shortcut,binary_healthy_affected,sentinel,0.5,19,brier,-0.00592273106296
color_shortcut,binary_healthy_affected,sentinel,0.5,20,brier,0.000755947013652
color_shortcut,binary_healthy_affected,sentinel,0.5,21,brier,-0.00970936385338
color_shortcut,binary_healthy_affected,sentinel,0.5,22,brier,0.00178696224831
color_shortcut,binary_healthy_affected,sentinel,0.5,23,brier,0.00388194530436
color_shortcut,binary_healthy_affected,sentinel,0.5,24,brier,0.0070778224045
color_shortcut,binary_healthy_affected,sentinel,0.5,25,brier,-0.00560148356763
color_shortcut,binary_healthy_affected,sentinel,0.5,26,brier,0.00431733630742
color_shortcut,binary_healthy_affected,sentinel,0.5,27,brier,-0.00416225144821
color_shortcut,binary_healthy_affected,sentinel,0.5,28,brier,-0.0138176479399
color_shortcut,binary_healthy_affected,sentinel,0.5,29,brier,-0.00732665961454
color_shortcut,binary_healthy_affected,sentinel,0.5,0,auroc,-0.00357781753131
color_shortcut,binary_healthy_affected,sentinel,0.5,1,auroc,-0.0137149672033
color_shortcut,binary_healthy_affected,sentinel,0.5,2,auroc,-0.015503875969
color_shortcut,binary_healthy_affected,sentinel,0.5,3,auroc,-0.0232558139535
color_shortcut,binary_healthy_affected,sentinel,0.5,4,auroc,0.00477042337507
color_shortcut,binary_healthy_affected,sentinel,0.5,5,auroc,0.00417412045319
color_shortcut,binary_healthy_affected,sentinel,0.5,6,auroc,0.015503875969
color_shortcut,binary_healthy_affected,sentinel,0.5,7,auroc,0.0190816935003
color_shortcut,binary_healthy_affected,sentinel,0.5,8,auroc,0.00417412045319
color_shortcut,binary_healthy_affected,sentinel,0.5,9,auroc,-0.0244484197973
color_shortcut,binary_healthy_affected,sentinel,0.5,10,auroc,-0.00834824090638
color_shortcut,binary_healthy_affected,sentinel,0.5,11,auroc,0.00357781753131
color_shortcut,binary_healthy_affected,sentinel,0.5,12,auroc,-0.0107334525939
color_shortcut,binary_healthy_affected,sentinel,0.5,13,auroc,0.0226595110316
color_shortcut,binary_healthy_affected,sentinel,0.5,14,auroc,-0.00715563506261
color_shortcut,binary_healthy_affected,sentinel,0.5,15,auroc,-0.0250447227191
color_shortcut,binary_healthy_affected,sentinel,0.5,16,auroc,0.0220632081097
color_shortcut,binary_healthy_affected,sentinel,0.5,17,auroc,-0.0298151460942
color_shortcut,binary_healthy_affected,sentinel,0.5,18,auroc,0.0107334525939
color_shortcut,binary_healthy_affected,sentinel,0.5,19,auroc,0.0190816935003
color_shortcut,binary_healthy_affected,sentinel,0.5,20,auroc,-0.00178890876565
color_shortcut,binary_healthy_affected,sentinel,0.5,21,auroc,0.0131186642815
color_shortcut,binary_healthy_affected,sentinel,0.5,22,auroc,0.00357781753131
color_shortcut,binary_healthy_affected,sentinel,0.5,23,auroc,0.00655933214073
color_shortcut,binary_healthy_affected,sentinel,0.5,24,auroc,-0.0161001788909
color_shortcut,binary_healthy_affected,sentinel,0.5,25,auroc,0.00834824090638
color_shortcut,binary_healthy_affected,sentinel,0.5,26,auroc,-0.0107334525939
color_shortcut,binary_healthy_affected,sentinel,0.5,27,auroc,0.0107334525939
color_shortcut,binary_healthy_affected,sentinel,0.5,28,auroc,0.0393559928444
color_shortcut,binary_healthy_affected,sentinel,0.5,29,auroc,0.0298151460942
color_shortcut,binary_healthy_affected,sentinel,1,0,balanced_accuracy,-0.00805008944544
color_shortcut,binary_healthy_affected,sentinel,1,1,balanced_accuracy,-0.010435301133
color_shortcut,binary_healthy_affected,sentinel,1,2,balanced_accuracy,-0.0372689326178
color_shortcut,binary_healthy_affected,sentinel,1,3,balanced_accuracy,-0.0232558139535
color_shortcut,binary_healthy_affected,sentinel,1,4,balanced_accuracy,-0.0488968395945
color_shortcut,binary_healthy_affected,sentinel,1,5,balanced_accuracy,-0.0396541443053
color_shortcut,binary_healthy_affected,sentinel,1,6,balanced_accuracy,0
color_shortcut,binary_healthy_affected,sentinel,1,7,balanced_accuracy,0.046511627907
color_shortcut,binary_healthy_affected,sentinel,1,8,balanced_accuracy,-0.0232558139535
color_shortcut,binary_healthy_affected,sentinel,1,9,balanced_accuracy,-0.0733452593918
color_shortcut,binary_healthy_affected,sentinel,1,10,balanced_accuracy,-0.0116279069767
color_shortcut,binary_healthy_affected,sentinel,1,11,balanced_accuracy,-0.0128205128205
color_shortcut,binary_healthy_affected,sentinel,1,12,balanced_accuracy,-0.046511627907
color_shortcut,binary_healthy_affected,sentinel,1,13,balanced_accuracy,-0.0152057245081
color_shortcut,binary_healthy_affected,sentinel,1,14,balanced_accuracy,-0.00119260584377
color_shortcut,binary_healthy_affected,sentinel,1,15,balanced_accuracy,-0.0116279069767
color_shortcut,binary_healthy_affected,sentinel,1,16,balanced_accuracy,-0.0116279069767
color_shortcut,binary_healthy_affected,sentinel,1,17,balanced_accuracy,-0.0593321407275
color_shortcut,binary_healthy_affected,sentinel,1,18,balanced_accuracy,0.036076326774
color_shortcut,binary_healthy_affected,sentinel,1,19,balanced_accuracy,-0.0593321407275
color_shortcut,binary_healthy_affected,sentinel,1,20,balanced_accuracy,-0.0244484197973
color_shortcut,binary_healthy_affected,sentinel,1,21,balanced_accuracy,-0.0268336314848
color_shortcut,binary_healthy_affected,sentinel,1,22,balanced_accuracy,0.025641025641
color_shortcut,binary_healthy_affected,sentinel,1,23,balanced_accuracy,0.0128205128205
color_shortcut,binary_healthy_affected,sentinel,1,24,balanced_accuracy,0
color_shortcut,binary_healthy_affected,sentinel,1,25,balanced_accuracy,0.046511627907
color_shortcut,binary_healthy_affected,sentinel,1,26,balanced_accuracy,0.0232558139535
color_shortcut,binary_healthy_affected,sentinel,1,27,balanced_accuracy,-0.0152057245081
color_shortcut,binary_healthy_affected,sentinel,1,28,balanced_accuracy,0.0524746571258
color_shortcut,binary_healthy_affected,sentinel,1,29,balanced_accuracy,0.0152057245081
color_shortcut,binary_healthy_affected,sentinel,1,0,accuracy,-0.0121951219512
color_shortcut,binary_healthy_affected,sentinel,1,1,accuracy,-0.0121951219512
color_shortcut,binary_healthy_affected,sentinel,1,2,accuracy,-0.0365853658537
color_shortcut,binary_healthy_affected,sentinel,1,3,accuracy,-0.0243902439024
color_shortcut,binary_healthy_affected,sentinel,1,4,accuracy,-0.0487804878049
color_shortcut,binary_healthy_affected,sentinel,1,5,accuracy,-0.0365853658537
color_shortcut,binary_healthy_affected,sentinel,1,6,accuracy,0
color_shortcut,binary_healthy_affected,sentinel,1,7,accuracy,0.0487804878049
color_shortcut,binary_healthy_affected,sentinel,1,8,accuracy,-0.0243902439024
color_shortcut,binary_healthy_affected,sentinel,1,9,accuracy,-0.0731707317073
color_shortcut,binary_healthy_affected,sentinel,1,10,accuracy,-0.0121951219512
color_shortcut,binary_healthy_affected,sentinel,1,11,accuracy,-0.0121951219512
color_shortcut,binary_healthy_affected,sentinel,1,12,accuracy,-0.0487804878049
color_shortcut,binary_healthy_affected,sentinel,1,13,accuracy,-0.0121951219512
color_shortcut,binary_healthy_affected,sentinel,1,14,accuracy,0
color_shortcut,binary_healthy_affected,sentinel,1,15,accuracy,-0.0121951219512
color_shortcut,binary_healthy_affected,sentinel,1,16,accuracy,-0.0121951219512
color_shortcut,binary_healthy_affected,sentinel,1,17,accuracy,-0.0609756097561
color_shortcut,binary_healthy_affected,sentinel,1,18,accuracy,0.0365853658537
color_shortcut,binary_healthy_affected,sentinel,1,19,accuracy,-0.0609756097561
color_shortcut,binary_healthy_affected,sentinel,1,20,accuracy,-0.0243902439024
color_shortcut,binary_healthy_affected,sentinel,1,21,accuracy,-0.0243902439024
color_shortcut,binary_healthy_affected,sentinel,1,22,accuracy,0.0243902439024
color_shortcut,binary_healthy_affected,sentinel,1,23,accuracy,0.0121951219512
color_shortcut,binary_healthy_affected,sentinel,1,24,accuracy,0
color_shortcut,binary_healthy_affected,sentinel,1,25,accuracy,0.0487804878049
color_shortcut,binary_healthy_affected,sentinel,1,26,accuracy,0.0243902439024
color_shortcut,binary_healthy_affected,sentinel,1,27,accuracy,-0.0121951219512
color_shortcut,binary_healthy_affected,sentinel,1,28,accuracy,0.0487804878049
color_shortcut,binary_healthy_affected,sentinel,1,29,accuracy,0.0121951219512
color_shortcut,binary_healthy_affected,sentinel,1,0,macro_f1,-0.0124918136001
color_shortcut,binary_healthy_affected,sentinel,1,1,macro_f1,-0.011753809273
color_shortcut,binary_healthy_affected,sentinel,1,2,macro_f1,-0.0370931497981
color_shortcut,binary_healthy_affected,sentinel,1,3,macro_f1,-0.0243938717834
color_shortcut,binary_healthy_affected,sentinel,1,4,macro_f1,-0.0488968395945
color_shortcut,binary_healthy_affected,sentinel,1,5,macro_f1,-0.0340124189715
color_shortcut,binary_healthy_affected,sentinel,1,6,macro_f1,0
color_shortcut,binary_healthy_affected,sentinel,1,7,macro_f1,0.0495367744375
color_shortcut,binary_healthy_affected,sentinel,1,8,macro_f1,-0.0231169166621
color_shortcut,binary_healthy_affected,sentinel,1,9,macro_f1,-0.0731816153503
color_shortcut,binary_healthy_affected,sentinel,1,10,macro_f1,-0.0122368425826
color_shortcut,binary_healthy_affected,sentinel,1,11,macro_f1,-0.0116769195717
color_shortcut,binary_healthy_affected,sentinel,1,12,macro_f1,-0.0473091435408
color_shortcut,binary_healthy_affected,sentinel,1,13,macro_f1,-0.00965222043874
color_shortcut,binary_healthy_affected,sentinel,1,14,macro_f1,-0.000217770034843
color_shortcut,binary_healthy_affected,sentinel,1,15,macro_f1,-0.0125937578673
color_shortcut,binary_healthy_affected,sentinel,1,16,macro_f1,-0.0122368425826
color_shortcut,binary_healthy_affected,sentinel,1,17,macro_f1,-0.0578057601567
color_shortcut,binary_healthy_affected,sentinel,1,18,macro_f1,0.0365400173413
color_shortcut,binary_healthy_affected,sentinel,1,19,macro_f1,-0.0592475863132
color_shortcut,binary_healthy_affected,sentinel,1,20,macro_f1,-0.0244484197973
color_shortcut,binary_healthy_affected,sentinel,1,21,macro_f1,-0.0216951997774
color_shortcut,binary_healthy_affected,sentinel,1,22,macro_f1,0.0236937821039
color_shortcut,binary_healthy_affected,sentinel,1,23,macro_f1,0.0119025458285
color_shortcut,binary_healthy_affected,sentinel,1,24,macro_f1,0
color_shortcut,binary_healthy_affected,sentinel,1,25,macro_f1,0.048366345335
color_shortcut,binary_healthy_affected,sentinel,1,26,macro_f1,0.0259648404385
color_shortcut,binary_healthy_affected,sentinel,1,27,macro_f1,-0.00938779434684
color_shortcut,binary_healthy_affected,sentinel,1,28,macro_f1,0.0515067009611
color_shortcut,binary_healthy_affected,sentinel,1,29,macro_f1,0.0152368302778
color_shortcut,binary_healthy_affected,sentinel,1,0,log_loss,0.00611592076687
color_shortcut,binary_healthy_affected,sentinel,1,1,log_loss,0.0140702102184
color_shortcut,binary_healthy_affected,sentinel,1,2,log_loss,0.040548830019
color_shortcut,binary_healthy_affected,sentinel,1,3,log_loss,0.0357001783404
color_shortcut,binary_healthy_affected,sentinel,1,4,log_loss,-0.012036408423
color_shortcut,binary_healthy_affected,sentinel,1,5,log_loss,0.0232192133681
color_shortcut,binary_healthy_affected,sentinel,1,6,log_loss,-0.078731792887
color_shortcut,binary_healthy_affected,sentinel,1,7,log_loss,-0.0146172172032
color_shortcut,binary_healthy_affected,sentinel,1,8,log_loss,0.0368708041237
color_shortcut,binary_healthy_affected,sentinel,1,9,log_loss,0.0670845308115
color_shortcut,binary_healthy_affected,sentinel,1,10,log_loss,0.0271640452824
color_shortcut,binary_healthy_affected,sentinel,1,11,log_loss,0.000255796846077
color_shortcut,binary_healthy_affected,sentinel,1,12,log_loss,0.0289897443477
color_shortcut,binary_healthy_affected,sentinel,1,13,log_loss,-0.0175876897224
color_shortcut,binary_healthy_affected,sentinel,1,14,log_loss,-0.00774253474228
color_shortcut,binary_healthy_affected,sentinel,1,15,log_loss,-0.00220216821
color_shortcut,binary_healthy_affected,sentinel,1,16,log_loss,-0.00826879135827
color_shortcut,binary_healthy_affected,sentinel,1,17,log_loss,0.0872796266093
color_shortcut,binary_healthy_affected,sentinel,1,18,log_loss,-0.00379861907642
color_shortcut,binary_healthy_affected,sentinel,1,19,log_loss,-0.00714688503857
color_shortcut,binary_healthy_affected,sentinel,1,20,log_loss,0.0308739639338
color_shortcut,binary_healthy_affected,sentinel,1,21,log_loss,0.00724819917368
color_shortcut,binary_healthy_affected,sentinel,1,22,log_loss,-0.00475242133458
color_shortcut,binary_healthy_affected,sentinel,1,23,log_loss,-0.00912426825672
color_shortcut,binary_healthy_affected,sentinel,1,24,log_loss,-0.088004648431
color_shortcut,binary_healthy_affected,sentinel,1,25,log_loss,-0.0129318799429
color_shortcut,binary_healthy_affected,sentinel,1,26,log_loss,0.0334468587031
color_shortcut,binary_healthy_affected,sentinel,1,27,log_loss,-0.0122425563324
color_shortcut,binary_healthy_affected,sentinel,1,28,log_loss,-0.0570007791062
color_shortcut,binary_healthy_affected,sentinel,1,29,log_loss,-0.0351059638104
color_shortcut,binary_healthy_affected,sentinel,1,0,brier,0.0016294022424
color_shortcut,binary_healthy_affected,sentinel,1,1,brier,0.00425919227388
color_shortcut,binary_healthy_affected,sentinel,1,2,brier,0.0170418231952
color_shortcut,binary_healthy_affected,sentinel,1,3,brier,0.0158149362238
color_shortcut,binary_healthy_affected,sentinel,1,4,brier,-0.000712493813388
color_shortcut,binary_healthy_affected,sentinel,1,5,brier,0.0116802339715
color_shortcut,binary_healthy_affected,sentinel,1,6,brier,-0.0141541157857
color_shortcut,binary_healthy_affected,sentinel,1,7,brier,-0.0069305634702
color_shortcut,binary_healthy_affected,sentinel,1,8,brier,0.0134325707988
color_shortcut,binary_healthy_affected,sentinel,1,9,brier,0.0173240985683
color_shortcut,binary_healthy_affected,sentinel,1,10,brier,0.00275071326475
color_shortcut,binary_healthy_affected,sentinel,1,11,brier,0.000275337538104
color_shortcut,binary_healthy_affected,sentinel,1,12,brier,0.0131747980242
color_shortcut,binary_healthy_affected,sentinel,1,13,brier,-0.00680678955783
color_shortcut,binary_healthy_affected,sentinel,1,14,brier,-0.000844824303035
color_shortcut,binary_healthy_affected,sentinel,1,15,brier,0.00259167694389
color_shortcut,binary_healthy_affected,sentinel,1,16,brier,-0.00321916966559
color_shortcut,binary_healthy_affected,sentinel,1,17,brier,0.011554621683
color_shortcut,binary_healthy_affected,sentinel,1,18,brier,0.00081537669877
color_shortcut,binary_healthy_affected,sentinel,1,19,brier,-0.00533792374431
color_shortcut,binary_healthy_affected,sentinel,1,20,brier,0.0114953163035
color_shortcut,binary_healthy_affected,sentinel,1,21,brier,-0.00791211441027
color_shortcut,binary_healthy_affected,sentinel,1,22,brier,-0.00223830446588
color_shortcut,binary_healthy_affected,sentinel,1,23,brier,-0.00240277114249
color_shortcut,binary_healthy_affected,sentinel,1,24,brier,-0.00294117488839
color_shortcut,binary_healthy_affected,sentinel,1,25,brier,-0.00431792785573
color_shortcut,binary_healthy_affected,sentinel,1,26,brier,0.00821400586189
color_shortcut,binary_healthy_affected,sentinel,1,27,brier,-0.00389993846314
color_shortcut,binary_healthy_affected,sentinel,1,28,brier,-0.0249160828827
color_shortcut,binary_healthy_affected,sentinel,1,29,brier,-0.0128021399117
color_shortcut,binary_healthy_affected,sentinel,1,0,auroc,-0.0113297555158
color_shortcut,binary_healthy_affected,sentinel,1,1,auroc,-0.0143112701252
color_shortcut,binary_healthy_affected,sentinel,1,2,auroc,-0.0500894454383
color_shortcut,binary_healthy_affected,sentinel,1,3,auroc,-0.0393559928444
color_shortcut,binary_healthy_affected,sentinel,1,4,auroc,-0.0143112701252
color_shortcut,binary_healthy_affected,sentinel,1,5,auroc,-0.0483005366726
color_shortcut,binary_healthy_affected,sentinel,1,6,auroc,0.0351818723912
color_shortcut,binary_healthy_affected,sentinel,1,7,auroc,0.00655933214073
color_shortcut,binary_healthy_affected,sentinel,1,8,auroc,-0.0333929636255
color_shortcut,binary_healthy_affected,sentinel,1,9,auroc,-0.0560524746571
color_shortcut,binary_healthy_affected,sentinel,1,10,auroc,0.00119260584377
color_shortcut,binary_healthy_affected,sentinel,1,11,auroc,-0.00536672629696
color_shortcut,binary_healthy_affected,sentinel,1,12,auroc,-0.0274299344067
color_shortcut,binary_healthy_affected,sentinel,1,13,auroc,0.00894454382826
color_shortcut,binary_healthy_affected,sentinel,1,14,auroc,-0.00894454382826
color_shortcut,binary_healthy_affected,sentinel,1,15,auroc,-0.0172927847346
color_shortcut,binary_healthy_affected,sentinel,1,16,auroc,0.0143112701252
color_shortcut,binary_healthy_affected,sentinel,1,17,auroc,-0.0280262373286
color_shortcut,binary_healthy_affected,sentinel,1,18,auroc,-0.00298151460942
color_shortcut,binary_healthy_affected,sentinel,1,19,auroc,0.0268336314848
color_shortcut,binary_healthy_affected,sentinel,1,20,auroc,-0.0345855694693
color_shortcut,binary_healthy_affected,sentinel,1,21,auroc,0.0131186642815
color_shortcut,binary_healthy_affected,sentinel,1,22,auroc,0.00834824090638
color_shortcut,binary_healthy_affected,sentinel,1,23,auroc,0.015503875969
color_shortcut,binary_healthy_affected,sentinel,1,24,auroc,0.0107334525939
color_shortcut,binary_healthy_affected,sentinel,1,25,auroc,0.00477042337507
color_shortcut,binary_healthy_affected,sentinel,1,26,auroc,-0.00954084675015
color_shortcut,binary_healthy_affected,sentinel,1,27,auroc,0.00655933214073
color_shortcut,binary_healthy_affected,sentinel,1,28,auroc,0.0793082886106
color_shortcut,binary_healthy_affected,sentinel,1,29,auroc,0.0357781753131
color_shortcut,four_class,probe,0.5,0,balanced_accuracy,0.129925303455
color_shortcut,four_class,probe,0.5,1,balanced_accuracy,0.2047910831
color_shortcut,four_class,probe,0.5,2,balanced_accuracy,0.196288515406
color_shortcut,four_class,probe,0.5,3,balanced_accuracy,0.217477824463
color_shortcut,four_class,probe,0.5,4,balanced_accuracy,0.111076097106
color_shortcut,four_class,probe,0.5,5,balanced_accuracy,0.162307422969
color_shortcut,four_class,probe,0.5,6,balanced_accuracy,0.275513538749
color_shortcut,four_class,probe,0.5,7,balanced_accuracy,0.130952380952
color_shortcut,four_class,probe,0.5,8,balanced_accuracy,0.106115779645
color_shortcut,four_class,probe,0.5,9,balanced_accuracy,0.0178571428571
color_shortcut,four_class,probe,0.5,10,balanced_accuracy,0.16454248366
color_shortcut,four_class,probe,0.5,11,balanced_accuracy,0.146580298786
color_shortcut,four_class,probe,0.5,12,balanced_accuracy,0.125566059757
color_shortcut,four_class,probe,0.5,13,balanced_accuracy,0.177118347339
color_shortcut,four_class,probe,0.5,14,balanced_accuracy,0.0212943510738
color_shortcut,four_class,probe,0.5,15,balanced_accuracy,0.144030112045
color_shortcut,four_class,probe,0.5,16,balanced_accuracy,0.094421101774
color_shortcut,four_class,probe,0.5,17,balanced_accuracy,0.0957691409897
color_shortcut,four_class,probe,0.5,18,balanced_accuracy,0.11872665733
color_shortcut,four_class,probe,0.5,19,balanced_accuracy,0.207837301587
color_shortcut,four_class,probe,0.5,20,balanced_accuracy,0.162027310924
color_shortcut,four_class,probe,0.5,21,balanced_accuracy,0.186046918768
color_shortcut,four_class,probe,0.5,22,balanced_accuracy,0.128507236228
color_shortcut,four_class,probe,0.5,23,balanced_accuracy,0.172408963585
color_shortcut,four_class,probe,0.5,24,balanced_accuracy,0.109552987862
color_shortcut,four_class,probe,0.5,25,balanced_accuracy,0.0980042016807
color_shortcut,four_class,probe,0.5,26,balanced_accuracy,0.160860177404
color_shortcut,four_class,probe,0.5,27,balanced_accuracy,0.130141223156
color_shortcut,four_class,probe,0.5,28,balanced_accuracy,0.135912698413
color_shortcut,four_class,probe,0.5,29,balanced_accuracy,0.170529878618
color_shortcut,four_class,probe,0.5,0,accuracy,0.0490797546012
color_shortcut,four_class,probe,0.5,1,accuracy,0.0613496932515
color_shortcut,four_class,probe,0.5,2,accuracy,0.079754601227
color_shortcut,four_class,probe,0.5,3,accuracy,0.104294478528
color_shortcut,four_class,probe,0.5,4,accuracy,0.0490797546012
color_shortcut,four_class,probe,0.5,5,accuracy,0.0184049079755
color_shortcut,four_class,probe,0.5,6,accuracy,0.104294478528
color_shortcut,four_class,probe,0.5,7,accuracy,0.0613496932515
color_shortcut,four_class,probe,0.5,8,accuracy,0.0552147239264
color_shortcut,four_class,probe,0.5,9,accuracy,0.0245398773006
color_shortcut,four_class,probe,0.5,10,accuracy,0.0490797546012
color_shortcut,four_class,probe,0.5,11,accuracy,0.110429447853
color_shortcut,four_class,probe,0.5,12,accuracy,0.0368098159509
color_shortcut,four_class,probe,0.5,13,accuracy,0.0429447852761
color_shortcut,four_class,probe,0.5,14,accuracy,0.0184049079755
color_shortcut,four_class,probe,0.5,15,accuracy,0.0981595092025
color_shortcut,four_class,probe,0.5,16,accuracy,-0.0122699386503
color_shortcut,four_class,probe,0.5,17,accuracy,0.0368098159509
color_shortcut,four_class,probe,0.5,18,accuracy,0.00613496932515
color_shortcut,four_class,probe,0.5,19,accuracy,0.0613496932515
color_shortcut,four_class,probe,0.5,20,accuracy,0.0736196319018
color_shortcut,four_class,probe,0.5,21,accuracy,0.0552147239264
color_shortcut,four_class,probe,0.5,22,accuracy,0.0429447852761
color_shortcut,four_class,probe,0.5,23,accuracy,0.0920245398773
color_shortcut,four_class,probe,0.5,24,accuracy,0.0490797546012
color_shortcut,four_class,probe,0.5,25,accuracy,0.0674846625767
color_shortcut,four_class,probe,0.5,26,accuracy,0.110429447853
color_shortcut,four_class,probe,0.5,27,accuracy,0.0920245398773
color_shortcut,four_class,probe,0.5,28,accuracy,0.0552147239264
color_shortcut,four_class,probe,0.5,29,accuracy,0.0552147239264
color_shortcut,four_class,probe,0.5,0,macro_f1,0.067287472035
color_shortcut,four_class,probe,0.5,1,macro_f1,0.0971511575227
color_shortcut,four_class,probe,0.5,2,macro_f1,0.125582349578
color_shortcut,four_class,probe,0.5,3,macro_f1,0.134650077903
color_shortcut,four_class,probe,0.5,4,macro_f1,0.0673577073884
color_shortcut,four_class,probe,0.5,5,macro_f1,0.0739002022436
color_shortcut,four_class,probe,0.5,6,macro_f1,0.15299605496
color_shortcut,four_class,probe,0.5,7,macro_f1,0.0738914209063
color_shortcut,four_class,probe,0.5,8,macro_f1,0.067335351797
color_shortcut,four_class,probe,0.5,9,macro_f1,0.022007910222
color_shortcut,four_class,probe,0.5,10,macro_f1,0.0831245894689
color_shortcut,four_class,probe,0.5,11,macro_f1,0.103703309821
color_shortcut,four_class,probe,0.5,12,macro_f1,0.0614823106048
color_shortcut,four_class,probe,0.5,13,macro_f1,0.0883023973046
color_shortcut,four_class,probe,0.5,14,macro_f1,0.0234505339962
color_shortcut,four_class,probe,0.5,15,macro_f1,0.0995090984418
color_shortcut,four_class,probe,0.5,16,macro_f1,0.0179401052025
color_shortcut,four_class,probe,0.5,17,macro_f1,0.0506787056467
color_shortcut,four_class,probe,0.5,18,macro_f1,0.0434035501903
color_shortcut,four_class,probe,0.5,19,macro_f1,0.11054351211
color_shortcut,four_class,probe,0.5,20,macro_f1,0.100422207565
color_shortcut,four_class,probe,0.5,21,macro_f1,0.0886607381747
color_shortcut,four_class,probe,0.5,22,macro_f1,0.063166209243
color_shortcut,four_class,probe,0.5,23,macro_f1,0.121399689492
color_shortcut,four_class,probe,0.5,24,macro_f1,0.0603585795386
color_shortcut,four_class,probe,0.5,25,macro_f1,0.0629117668046
color_shortcut,four_class,probe,0.5,26,macro_f1,0.12209908167
color_shortcut,four_class,probe,0.5,27,macro_f1,0.0960155354302
color_shortcut,four_class,probe,0.5,28,macro_f1,0.0728458925735
color_shortcut,four_class,probe,0.5,29,macro_f1,0.0783724431093
color_shortcut,four_class,probe,0.5,0,log_loss,-0.153912355831
color_shortcut,four_class,probe,0.5,1,log_loss,-0.13883743934
color_shortcut,four_class,probe,0.5,2,log_loss,-0.13408966444
color_shortcut,four_class,probe,0.5,3,log_loss,-0.127283835598
color_shortcut,four_class,probe,0.5,4,log_loss,-0.0690069384864
color_shortcut,four_class,probe,0.5,5,log_loss,-0.106386725305
color_shortcut,four_class,probe,0.5,6,log_loss,-0.100481478468
color_shortcut,four_class,probe,0.5,7,log_loss,-0.0809573736676
color_shortcut,four_class,probe,0.5,8,log_loss,-0.177776592004
color_shortcut,four_class,probe,0.5,9,log_loss,-0.104824018812
color_shortcut,four_class,probe,0.5,10,log_loss,-0.127982544671
color_shortcut,four_class,probe,0.5,11,log_loss,-0.133376048796
color_shortcut,four_class,probe,0.5,12,log_loss,-0.0590273295072
color_shortcut,four_class,probe,0.5,13,log_loss,-0.127703036765
color_shortcut,four_class,probe,0.5,14,log_loss,-0.0924523313755
color_shortcut,four_class,probe,0.5,15,log_loss,-0.15924435819
color_shortcut,four_class,probe,0.5,16,log_loss,-0.0910890739944
color_shortcut,four_class,probe,0.5,17,log_loss,-0.193792468511
color_shortcut,four_class,probe,0.5,18,log_loss,-0.226712314018
color_shortcut,four_class,probe,0.5,19,log_loss,-0.118507248642
color_shortcut,four_class,probe,0.5,20,log_loss,-0.104782099257
color_shortcut,four_class,probe,0.5,21,log_loss,-0.148738029038
color_shortcut,four_class,probe,0.5,22,log_loss,-0.0266745559502
color_shortcut,four_class,probe,0.5,23,log_loss,-0.0918198436202
color_shortcut,four_class,probe,0.5,24,log_loss,-0.0947041360311
color_shortcut,four_class,probe,0.5,25,log_loss,-0.0764857269582
color_shortcut,four_class,probe,0.5,26,log_loss,-0.0734683785355
color_shortcut,four_class,probe,0.5,27,log_loss,-0.114992352593
color_shortcut,four_class,probe,0.5,28,log_loss,-0.157846590533
color_shortcut,four_class,probe,0.5,29,log_loss,-0.0774565572383
color_shortcut,four_class,probe,0.5,0,brier,-0.0651608595836
color_shortcut,four_class,probe,0.5,1,brier,-0.0775784479599
color_shortcut,four_class,probe,0.5,2,brier,-0.0629699211594
color_shortcut,four_class,probe,0.5,3,brier,-0.0552901713506
color_shortcut,four_class,probe,0.5,4,brier,-0.0336748355548
color_shortcut,four_class,probe,0.5,5,brier,-0.0522985296313
color_shortcut,four_class,probe,0.5,6,brier,-0.058520017719
color_shortcut,four_class,probe,0.5,7,brier,-0.0431109523439
color_shortcut,four_class,probe,0.5,8,brier,-0.0595149493659
color_shortcut,four_class,probe,0.5,9,brier,-0.0654839222865
color_shortcut,four_class,probe,0.5,10,brier,-0.0620147899504
color_shortcut,four_class,probe,0.5,11,brier,-0.0809256333453
color_shortcut,four_class,probe,0.5,12,brier,-0.0372769303032
color_shortcut,four_class,probe,0.5,13,brier,-0.0584895472026
color_shortcut,four_class,probe,0.5,14,brier,-0.0452858993859
color_shortcut,four_class,probe,0.5,15,brier,-0.080635620468
color_shortcut,four_class,probe,0.5,16,brier,-0.0324874283775
color_shortcut,four_class,probe,0.5,17,brier,-0.0734331464861
color_shortcut,four_class,probe,0.5,18,brier,-0.0611150768604
color_shortcut,four_class,probe,0.5,19,brier,-0.0496999491464
color_shortcut,four_class,probe,0.5,20,brier,-0.0659046108563
color_shortcut,four_class,probe,0.5,21,brier,-0.0743850348649
color_shortcut,four_class,probe,0.5,22,brier,-0.043610516804
color_shortcut,four_class,probe,0.5,23,brier,-0.0514784844071
color_shortcut,four_class,probe,0.5,24,brier,-0.0529821049531
color_shortcut,four_class,probe,0.5,25,brier,-0.0526284767638
color_shortcut,four_class,probe,0.5,26,brier,-0.0408627946716
color_shortcut,four_class,probe,0.5,27,brier,-0.0567521546295
color_shortcut,four_class,probe,0.5,28,brier,-0.0708156855344
color_shortcut,four_class,probe,0.5,29,brier,-0.0418765630546
color_shortcut,four_class,probe,0.5,0,auroc,0.0623163149361
color_shortcut,four_class,probe,0.5,1,auroc,0.13446706789
color_shortcut,four_class,probe,0.5,2,auroc,0.0788172031355
color_shortcut,four_class,probe,0.5,3,auroc,0.1143008717
color_shortcut,four_class,probe,0.5,4,auroc,0.0434920819094
color_shortcut,four_class,probe,0.5,5,auroc,0.104350647605
color_shortcut,four_class,probe,0.5,6,auroc,0.110534439984
color_shortcut,four_class,probe,0.5,7,auroc,0.0434435560066
color_shortcut,four_class,probe,0.5,8,auroc,0.0895436867734
color_shortcut,four_class,probe,0.5,9,auroc,0.0558595259984
color_shortcut,four_class,probe,0.5,10,auroc,0.0771761104682
color_shortcut,four_class,probe,0.5,11,auroc,0.0438487269491
color_shortcut,four_class,probe,0.5,12,auroc,0.07719239081
color_shortcut,four_class,probe,0.5,13,auroc,0.0789776792683
color_shortcut,four_class,probe,0.5,14,auroc,0.0472310309463
color_shortcut,four_class,probe,0.5,15,auroc,0.0858271680087
color_shortcut,four_class,probe,0.5,16,auroc,0.0945439133482
color_shortcut,four_class,probe,0.5,17,auroc,0.0744428085254
color_shortcut,four_class,probe,0.5,18,auroc,0.124064894772
color_shortcut,four_class,probe,0.5,19,auroc,0.0747239919968
color_shortcut,four_class,probe,0.5,20,auroc,0.0938613092684
color_shortcut,four_class,probe,0.5,21,auroc,0.111150266253
color_shortcut,four_class,probe,0.5,22,auroc,0.0731081131436
color_shortcut,four_class,probe,0.5,23,auroc,0.0898829797526
color_shortcut,four_class,probe,0.5,24,auroc,0.0896357036001
color_shortcut,four_class,probe,0.5,25,auroc,0.0738507948064
color_shortcut,four_class,probe,0.5,26,auroc,0.0734679016696
color_shortcut,four_class,probe,0.5,27,auroc,0.0891292595058
color_shortcut,four_class,probe,0.5,28,auroc,0.105987690772
color_shortcut,four_class,probe,0.5,29,auroc,0.10628497708
color_shortcut,four_class,probe,1,0,balanced_accuracy,0.229417600373
color_shortcut,four_class,probe,1,1,balanced_accuracy,0.412453314659
color_shortcut,four_class,probe,1,2,balanced_accuracy,0.254890289449
color_shortcut,four_class,probe,1,3,balanced_accuracy,0.415073529412
color_shortcut,four_class,probe,1,4,balanced_accuracy,0.216765873016
color_shortcut,four_class,probe,1,5,balanced_accuracy,0.298932072829
color_shortcut,four_class,probe,1,6,balanced_accuracy,0.379079131653
color_shortcut,four_class,probe,1,7,balanced_accuracy,0.288585434174
color_shortcut,four_class,probe,1,8,balanced_accuracy,0.147607376284
color_shortcut,four_class,probe,1,9,balanced_accuracy,0.126809056956
color_shortcut,four_class,probe,1,10,balanced_accuracy,0.292448646125
color_shortcut,four_class,probe,1,11,balanced_accuracy,0.353711484594
color_shortcut,four_class,probe,1,12,balanced_accuracy,0.324404761905
color_shortcut,four_class,probe,1,13,balanced_accuracy,0.318703314659
color_shortcut,four_class,probe,1,14,balanced_accuracy,0.197210550887
color_shortcut,four_class,probe,1,15,balanced_accuracy,0.313742997199
color_shortcut,four_class,probe,1,16,balanced_accuracy,0.242098506069
color_shortcut,four_class,probe,1,17,balanced_accuracy,0.267717086835
color_shortcut,four_class,probe,1,18,balanced_accuracy,0.272076330532
color_shortcut,four_class,probe,1,19,balanced_accuracy,0.356471755369
color_shortcut,four_class,probe,1,20,balanced_accuracy,0.350093370682
color_shortcut,four_class,probe,1,21,balanced_accuracy,0.3364554155
color_shortcut,four_class,probe,1,22,balanced_accuracy,0.187359943978
color_shortcut,four_class,probe,1,23,balanced_accuracy,0.361397058824
color_shortcut,four_class,probe,1,24,balanced_accuracy,0.232498832866
color_shortcut,four_class,probe,1,25,balanced_accuracy,0.236858076564
color_shortcut,four_class,probe,1,26,balanced_accuracy,0.193207282913
color_shortcut,four_class,probe,1,27,balanced_accuracy,0.308677637722
color_shortcut,four_class,probe,1,28,balanced_accuracy,0.317180205415
color_shortcut,four_class,probe,1,29,balanced_accuracy,0.283946078431
color_shortcut,four_class,probe,1,0,accuracy,0.159509202454
color_shortcut,four_class,probe,1,1,accuracy,0.171779141104
color_shortcut,four_class,probe,1,2,accuracy,0.104294478528
color_shortcut,four_class,probe,1,3,accuracy,0.141104294479
color_shortcut,four_class,probe,1,4,accuracy,0.0736196319018
color_shortcut,four_class,probe,1,5,accuracy,0.104294478528
color_shortcut,four_class,probe,1,6,accuracy,0.147239263804
color_shortcut,four_class,probe,1,7,accuracy,0.0858895705521
color_shortcut,four_class,probe,1,8,accuracy,0.122699386503
color_shortcut,four_class,probe,1,9,accuracy,0.0920245398773
color_shortcut,four_class,probe,1,10,accuracy,0.110429447853
color_shortcut,four_class,probe,1,11,accuracy,0.196319018405
color_shortcut,four_class,probe,1,12,accuracy,0.128834355828
color_shortcut,four_class,probe,1,13,accuracy,0.122699386503
color_shortcut,four_class,probe,1,14,accuracy,0.0981595092025
color_shortcut,four_class,probe,1,15,accuracy,0.128834355828
color_shortcut,four_class,probe,1,16,accuracy,0.0674846625767
color_shortcut,four_class,probe,1,17,accuracy,0.0981595092025
color_shortcut,four_class,probe,1,18,accuracy,0.110429447853
color_shortcut,four_class,probe,1,19,accuracy,0.116564417178
color_shortcut,four_class,probe,1,20,accuracy,0.116564417178
color_shortcut,four_class,probe,1,21,accuracy,0.153374233129
color_shortcut,four_class,probe,1,22,accuracy,0.0674846625767
color_shortcut,four_class,probe,1,23,accuracy,0.153374233129
color_shortcut,four_class,probe,1,24,accuracy,0.116564417178
color_shortcut,four_class,probe,1,25,accuracy,0.128834355828
color_shortcut,four_class,probe,1,26,accuracy,0.122699386503
color_shortcut,four_class,probe,1,27,accuracy,0.141104294479
color_shortcut,four_class,probe,1,28,accuracy,0.122699386503
color_shortcut,four_class,probe,1,29,accuracy,0.128834355828
color_shortcut,four_class,probe,1,0,macro_f1,0.185575290978
color_shortcut,four_class,probe,1,1,macro_f1,0.217816922088
color_shortcut,four_class,probe,1,2,macro_f1,0.158035450857
color_shortcut,four_class,probe,1,3,macro_f1,0.22270614452
color_shortcut,four_class,probe,1,4,macro_f1,0.110818945573
color_shortcut,four_class,probe,1,5,macro_f1,0.181486140844
color_shortcut,four_class,probe,1,6,macro_f1,0.225799235501
color_shortcut,four_class,probe,1,7,macro_f1,0.134576452386
color_shortcut,four_class,probe,1,8,macro_f1,0.125713318954
color_shortcut,four_class,probe,1,9,macro_f1,0.0934641149306
color_shortcut,four_class,probe,1,10,macro_f1,0.169721410833
color_shortcut,four_class,probe,1,11,macro_f1,0.231801651205
color_shortcut,four_class,probe,1,12,macro_f1,0.179444207681
color_shortcut,four_class,probe,1,13,macro_f1,0.184429872278
color_shortcut,four_class,probe,1,14,macro_f1,0.133242960422
color_shortcut,four_class,probe,1,15,macro_f1,0.170567108624
color_shortcut,four_class,probe,1,16,macro_f1,0.133391730166
color_shortcut,four_class,probe,1,17,macro_f1,0.130893198624
color_shortcut,four_class,probe,1,18,macro_f1,0.165234170362
color_shortcut,four_class,probe,1,19,macro_f1,0.175522324428
color_shortcut,four_class,probe,1,20,macro_f1,0.186150823994
color_shortcut,four_class,probe,1,21,macro_f1,0.203878786955
color_shortcut,four_class,probe,1,22,macro_f1,0.101440744608
color_shortcut,four_class,probe,1,23,macro_f1,0.244468132359
color_shortcut,four_class,probe,1,24,macro_f1,0.144752262074
color_shortcut,four_class,probe,1,25,macro_f1,0.179564137201
color_shortcut,four_class,probe,1,26,macro_f1,0.13111012704
color_shortcut,four_class,probe,1,27,macro_f1,0.180074883945
color_shortcut,four_class,probe,1,28,macro_f1,0.184333448205
color_shortcut,four_class,probe,1,29,macro_f1,0.175550609709
color_shortcut,four_class,probe,1,0,log_loss,-0.29282573501
color_shortcut,four_class,probe,1,1,log_loss,-0.279002799751
color_shortcut,four_class,probe,1,2,log_loss,-0.217563218057
color_shortcut,four_class,probe,1,3,log_loss,-0.20189303806
color_shortcut,four_class,probe,1,4,log_loss,-0.135253306629
color_shortcut,four_class,probe,1,5,log_loss,-0.223587672261
color_shortcut,four_class,probe,1,6,log_loss,-0.249980591305
color_shortcut,four_class,probe,1,7,log_loss,-0.242257048249
color_shortcut,four_class,probe,1,8,log_loss,-0.288553220211
color_shortcut,four_class,probe,1,9,log_loss,-0.251534574012
color_shortcut,four_class,probe,1,10,log_loss,-0.275515569141
color_shortcut,four_class,probe,1,11,log_loss,-0.288124580427
color_shortcut,four_class,probe,1,12,log_loss,-0.138408188764
color_shortcut,four_class,probe,1,13,log_loss,-0.297554666895
color_shortcut,four_class,probe,1,14,log_loss,-0.18695998482
color_shortcut,four_class,probe,1,15,log_loss,-0.32115886121
color_shortcut,four_class,probe,1,16,log_loss,-0.173192302087
color_shortcut,four_class,probe,1,17,log_loss,-0.308779511795
color_shortcut,four_class,probe,1,18,log_loss,-0.398235283684
color_shortcut,four_class,probe,1,19,log_loss,-0.340109533712
color_shortcut,four_class,probe,1,20,log_loss,-0.192861105696
color_shortcut,four_class,probe,1,21,log_loss,-0.302159133988
color_shortcut,four_class,probe,1,22,log_loss,-0.151851658479
color_shortcut,four_class,probe,1,23,log_loss,-0.245279147568
color_shortcut,four_class,probe,1,24,log_loss,-0.237035965453
color_shortcut,four_class,probe,1,25,log_loss,-0.199378968899
color_shortcut,four_class,probe,1,26,log_loss,-0.373051722206
color_shortcut,four_class,probe,1,27,log_loss,-0.237376954326
color_shortcut,four_class,probe,1,28,log_loss,-0.285822360014
color_shortcut,four_class,probe,1,29,log_loss,-0.194534972357
color_shortcut,four_class,probe,1,0,brier,-0.144293433548
color_shortcut,four_class,probe,1,1,brier,-0.159714687176
color_shortcut,four_class,probe,1,2,brier,-0.103433793515
color_shortcut,four_class,probe,1,3,brier,-0.0939479957581
color_shortcut,four_class,probe,1,4,brier,-0.0640491612022
color_shortcut,four_class,probe,1,5,brier,-0.118276806014
color_shortcut,four_class,probe,1,6,brier,-0.125480803631
color_shortcut,four_class,probe,1,7,brier,-0.107614926296
color_shortcut,four_class,probe,1,8,brier,-0.116890111965
color_shortcut,four_class,probe,1,9,brier,-0.132560301052
color_shortcut,four_class,probe,1,10,brier,-0.141272453741
color_shortcut,four_class,probe,1,11,brier,-0.153395014671
color_shortcut,four_class,probe,1,12,brier,-0.0821105806112
color_shortcut,four_class,probe,1,13,brier,-0.153892468193
color_shortcut,four_class,probe,1,14,brier,-0.101744255571
color_shortcut,four_class,probe,1,15,brier,-0.152469293939
color_shortcut,four_class,probe,1,16,brier,-0.0802966564581
color_shortcut,four_class,probe,1,17,brier,-0.135578659739
color_shortcut,four_class,probe,1,18,brier,-0.126568062035
color_shortcut,four_class,probe,1,19,brier,-0.122939224125
color_shortcut,four_class,probe,1,20,brier,-0.110893621006
color_shortcut,four_class,probe,1,21,brier,-0.154032272551
color_shortcut,four_class,probe,1,22,brier,-0.092125385958
color_shortcut,four_class,probe,1,23,brier,-0.135862008561
color_shortcut,four_class,probe,1,24,brier,-0.117629043314
color_shortcut,four_class,probe,1,25,brier,-0.124628708032
color_shortcut,four_class,probe,1,26,brier,-0.0939831285218
color_shortcut,four_class,probe,1,27,brier,-0.127279846845
color_shortcut,four_class,probe,1,28,brier,-0.137565732228
color_shortcut,four_class,probe,1,29,brier,-0.114747973853
color_shortcut,four_class,probe,1,0,auroc,0.123956076946
color_shortcut,four_class,probe,1,1,auroc,0.249781512399
color_shortcut,four_class,probe,1,2,auroc,0.153584062867
color_shortcut,four_class,probe,1,3,auroc,0.176484973411
color_shortcut,four_class,probe,1,4,auroc,0.114817913304
color_shortcut,four_class,probe,1,5,auroc,0.182848251317
color_shortcut,four_class,probe,1,6,auroc,0.180193521521
color_shortcut,four_class,probe,1,7,auroc,0.150159620654
color_shortcut,four_class,probe,1,8,auroc,0.131468097058
color_shortcut,four_class,probe,1,9,auroc,0.146622386235
color_shortcut,four_class,probe,1,10,auroc,0.188336652469
color_shortcut,four_class,probe,1,11,auroc,0.191258263956
color_shortcut,four_class,probe,1,12,auroc,0.156161876767
color_shortcut,four_class,probe,1,13,auroc,0.168167136345
color_shortcut,four_class,probe,1,14,auroc,0.111680150781
color_shortcut,four_class,probe,1,15,auroc,0.226024585509
color_shortcut,four_class,probe,1,16,auroc,0.145181131943
color_shortcut,four_class,probe,1,17,auroc,0.171026012542
color_shortcut,four_class,probe,1,18,auroc,0.178227604304
color_shortcut,four_class,probe,1,19,auroc,0.198736774094
color_shortcut,four_class,probe,1,20,auroc,0.182101104895
color_shortcut,four_class,probe,1,21,auroc,0.198682147707
color_shortcut,four_class,probe,1,22,auroc,0.133025441267
color_shortcut,four_class,probe,1,23,auroc,0.23519077609
color_shortcut,four_class,probe,1,24,auroc,0.190185348201
color_shortcut,four_class,probe,1,25,auroc,0.149310442503
color_shortcut,four_class,probe,1,26,auroc,0.124898274454
color_shortcut,four_class,probe,1,27,auroc,0.176566037923
color_shortcut,four_class,probe,1,28,auroc,0.199979382981
color_shortcut,four_class,probe,1,29,auroc,0.185125232649
color_shortcut,four_class,sentinel,0.5,0,balanced_accuracy,0.168927648579
color_shortcut,four_class,sentinel,0.5,1,balanced_accuracy,0.00892857142857
color_shortcut,four_class,sentinel,0.5,2,balanced_accuracy,-0.0147425249169
color_shortcut,four_class,sentinel,0.5,3,balanced_accuracy,-0.109842192691
color_shortcut,four_class,sentinel,0.5,4,balanced_accuracy,0.0124584717608
color_shortcut,four_class,sentinel,0.5,5,balanced_accuracy,-0.0809339239572
color_shortcut,four_class,sentinel,0.5,6,balanced_accuracy,0.0846022517534
color_shortcut,four_class,sentinel,0.5,7,balanced_accuracy,-0.015734588409
color_shortcut,four_class,sentinel,0.5,8,balanced_accuracy,-0.00892857142857
color_shortcut,four_class,sentinel,0.5,9,balanced_accuracy,-0.00581395348837
color_shortcut,four_class,sentinel,0.5,10,balanced_accuracy,-0.0562707641196
color_shortcut,four_class,sentinel,0.5,11,balanced_accuracy,0.00170727205611
color_shortcut,four_class,sentinel,0.5,12,balanced_accuracy,-0.120893318568
color_shortcut,four_class,sentinel,0.5,13,balanced_accuracy,0.0205564784053
color_shortcut,four_class,sentinel,0.5,14,balanced_accuracy,0.0143272425249
color_shortcut,four_class,sentinel,0.5,15,balanced_accuracy,0.0707133628645
color_shortcut,four_class,sentinel,0.5,16,balanced_accuracy,-0.0379983388704
color_shortcut,four_class,sentinel,0.5,17,balanced_accuracy,-0.0236710963455
color_shortcut,four_class,sentinel,0.5,18,balanced_accuracy,-0.0188492063492
color_shortcut,four_class,sentinel,0.5,19,balanced_accuracy,0.177440937615
color_shortcut,four_class,sentinel,0.5,20,balanced_accuracy,0.0147425249169
color_shortcut,four_class,sentinel,0.5,21,balanced_accuracy,0.0820644149133
color_shortcut,four_class,sentinel,0.5,22,balanced_accuracy,0.0103359173127
color_shortcut,four_class,sentinel,0.5,23,balanced_accuracy,-0.0219638242894
color_shortcut,four_class,sentinel,0.5,24,balanced_accuracy,-0.0205564784053
color_shortcut,four_class,sentinel,0.5,25,balanced_accuracy,0.0483342561831
color_shortcut,four_class,sentinel,0.5,26,balanced_accuracy,-0.00212255444814
color_shortcut,four_class,sentinel,0.5,27,balanced_accuracy,-0.0215485418974
color_shortcut,four_class,sentinel,0.5,28,balanced_accuracy,0.0120431893688
color_shortcut,four_class,sentinel,0.5,29,balanced_accuracy,0
color_shortcut,four_class,sentinel,0.5,0,accuracy,0.0121951219512
color_shortcut,four_class,sentinel,0.5,1,accuracy,0.0121951219512
color_shortcut,four_class,sentinel,0.5,2,accuracy,-0.0243902439024
color_shortcut,four_class,sentinel,0.5,3,accuracy,0
color_shortcut,four_class,sentinel,0.5,4,accuracy,0
color_shortcut,four_class,sentinel,0.5,5,accuracy,-0.0975609756098
color_shortcut,four_class,sentinel,0.5,6,accuracy,0
color_shortcut,four_class,sentinel,0.5,7,accuracy,0
color_shortcut,four_class,sentinel,0.5,8,accuracy,-0.0121951219512
color_shortcut,four_class,sentinel,0.5,9,accuracy,-0.0121951219512
color_shortcut,four_class,sentinel,0.5,10,accuracy,-0.0853658536585
color_shortcut,four_class,sentinel,0.5,11,accuracy,0.0365853658537
color_shortcut,four_class,sentinel,0.5,12,accuracy,-0.0365853658537
color_shortcut,four_class,sentinel,0.5,13,accuracy,0.0365853658537
color_shortcut,four_class,sentinel,0.5,14,accuracy,0.0365853658537
color_shortcut,four_class,sentinel,0.5,15,accuracy,0.0365853658537
color_shortcut,four_class,sentinel,0.5,16,accuracy,-0.0731707317073
color_shortcut,four_class,sentinel,0.5,17,accuracy,-0.0365853658537
color_shortcut,four_class,sentinel,0.5,18,accuracy,0
color_shortcut,four_class,sentinel,0.5,19,accuracy,0.0365853658537
color_shortcut,four_class,sentinel,0.5,20,accuracy,0.0243902439024
color_shortcut,four_class,sentinel,0.5,21,accuracy,-0.0121951219512
color_shortcut,four_class,sentinel,0.5,22,accuracy,-0.0243902439024
color_shortcut,four_class,sentinel,0.5,23,accuracy,0
color_shortcut,four_class,sentinel,0.5,24,accuracy,-0.0365853658537
color_shortcut,four_class,sentinel,0.5,25,accuracy,0.0487804878049
color_shortcut,four_class,sentinel,0.5,26,accuracy,-0.0243902439024
color_shortcut,four_class,sentinel,0.5,27,accuracy,-0.0121951219512
color_shortcut,four_class,sentinel,0.5,28,accuracy,0.0121951219512
color_shortcut,four_class,sentinel,0.5,29,accuracy,0
color_shortcut,four_class,sentinel,0.5,0,macro_f1,0.0711701853375
color_shortcut,four_class,sentinel,0.5,1,macro_f1,0.0204858573864
color_shortcut,four_class,sentinel,0.5,2,macro_f1,-0.00640924293098
color_shortcut,four_class,sentinel,0.5,3,macro_f1,-0.0303266024205
color_shortcut,four_class,sentinel,0.5,4,macro_f1,0.00709786895256
color_shortcut,four_class,sentinel,0.5,5,macro_f1,-0.0686379533837
color_shortcut,four_class,sentinel,0.5,6,macro_f1,0.0405924014862
color_shortcut,four_class,sentinel,0.5,7,macro_f1,0.00620692882821
color_shortcut,four_class,sentinel,0.5,8,macro_f1,-0.022307835825
color_shortcut,four_class,sentinel,0.5,9,macro_f1,-0.0104480970234
color_shortcut,four_class,sentinel,0.5,10,macro_f1,-0.0517022633888
color_shortcut,four_class,sentinel,0.5,11,macro_f1,0.0130956735492
color_shortcut,four_class,sentinel,0.5,12,macro_f1,-0.127108112527
color_shortcut,four_class,sentinel,0.5,13,macro_f1,0.0256578444009
color_shortcut,four_class,sentinel,0.5,14,macro_f1,0.0114041351233
color_shortcut,four_class,sentinel,0.5,15,macro_f1,0.0495194688715
color_shortcut,four_class,sentinel,0.5,16,macro_f1,-0.0502853032879
color_shortcut,four_class,sentinel,0.5,17,macro_f1,-0.0306958808025
color_shortcut,four_class,sentinel,0.5,18,macro_f1,-0.00655410703466
color_shortcut,four_class,sentinel,0.5,19,macro_f1,0.0787503255073
color_shortcut,four_class,sentinel,0.5,20,macro_f1,0.0132225459125
color_shortcut,four_class,sentinel,0.5,21,macro_f1,0.0349070537306
color_shortcut,four_class,sentinel,0.5,22,macro_f1,-0.0179911095251
color_shortcut,four_class,sentinel,0.5,23,macro_f1,-0.0075005225971
color_shortcut,four_class,sentinel,0.5,24,macro_f1,-0.0257853939477
color_shortcut,four_class,sentinel,0.5,25,macro_f1,0.0394267736609
color_shortcut,four_class,sentinel,0.5,26,macro_f1,-0.00527067249735
color_shortcut,four_class,sentinel,0.5,27,macro_f1,-0.00972803964368
color_shortcut,four_class,sentinel,0.5,28,macro_f1,0.00668931803477
color_shortcut,four_class,sentinel,0.5,29,macro_f1,-0.0286281514653
color_shortcut,four_class,sentinel,0.5,0,log_loss,-0.0510164594406
color_shortcut,four_class,sentinel,0.5,1,log_loss,-0.0284586975606
color_shortcut,four_class,sentinel,0.5,2,log_loss,0.0267439796328
color_shortcut,four_class,sentinel,0.5,3,log_loss,0.0210717262053
color_shortcut,four_class,sentinel,0.5,4,log_loss,-0.0394917317869
color_shortcut,four_class,sentinel,0.5,5,log_loss,-0.0411928629954
color_shortcut,four_class,sentinel,0.5,6,log_loss,-0.0983782693589
color_shortcut,four_class,sentinel,0.5,7,log_loss,0.00616178174979
color_shortcut,four_class,sentinel,0.5,8,log_loss,0.0102350373893
color_shortcut,four_class,sentinel,0.5,9,log_loss,0.038526529335
color_shortcut,four_class,sentinel,0.5,10,log_loss,0.0461286280865
color_shortcut,four_class,sentinel,0.5,11,log_loss,-0.0319791300885
color_shortcut,four_class,sentinel,0.5,12,log_loss,0.0389091779943
color_shortcut,four_class,sentinel,0.5,13,log_loss,-0.0208581048284
color_shortcut,four_class,sentinel,0.5,14,log_loss,0.00455512999298
color_shortcut,four_class,sentinel,0.5,15,log_loss,-0.0189336341451
color_shortcut,four_class,sentinel,0.5,16,log_loss,0.040077761082
color_shortcut,four_class,sentinel,0.5,17,log_loss,0.00530613304481
color_shortcut,four_class,sentinel,0.5,18,log_loss,-0.0164290798938
color_shortcut,four_class,sentinel,0.5,19,log_loss,0.036000946718
color_shortcut,four_class,sentinel,0.5,20,log_loss,-0.0194320573598
color_shortcut,four_class,sentinel,0.5,21,log_loss,0.0521938095882
color_shortcut,four_class,sentinel,0.5,22,log_loss,-0.0666874512713
color_shortcut,four_class,sentinel,0.5,23,log_loss,0.0570008789084
color_shortcut,four_class,sentinel,0.5,24,log_loss,-0.028150983199
color_shortcut,four_class,sentinel,0.5,25,log_loss,0.00767723278261
color_shortcut,four_class,sentinel,0.5,26,log_loss,-0.00503070360689
color_shortcut,four_class,sentinel,0.5,27,log_loss,-0.012462615961
color_shortcut,four_class,sentinel,0.5,28,log_loss,-0.0610467355068
color_shortcut,four_class,sentinel,0.5,29,log_loss,0.0222746957311
color_shortcut,four_class,sentinel,0.5,0,brier,-0.0142534361222
color_shortcut,four_class,sentinel,0.5,1,brier,-0.019092932737
color_shortcut,four_class,sentinel,0.5,2,brier,0.00960509617567
color_shortcut,four_class,sentinel,0.5,3,brier,0.0105489684166
color_shortcut,four_class,sentinel,0.5,4,brier,-0.0232811120059
color_shortcut,four_class,sentinel,0.5,5,brier,0.00604301191754
color_shortcut,four_class,sentinel,0.5,6,brier,-0.0223371892836
color_shortcut,four_class,sentinel,0.5,7,brier,-0.00585838064925
color_shortcut,four_class,sentinel,0.5,8,brier,-0.000402791193012
color_shortcut,four_class,sentinel,0.5,9,brier,-0.000677441363986
color_shortcut,four_class,sentinel,0.5,10,brier,0.0276719960993
color_shortcut,four_class,sentinel,0.5,11,brier,-0.0299533568831
color_shortcut,four_class,sentinel,0.5,12,brier,0.0228993060558
color_shortcut,four_class,sentinel,0.5,13,brier,-0.0250184617735
color_shortcut,four_class,sentinel,0.5,14,brier,8.95437343162e-08
color_shortcut,four_class,sentinel,0.5,15,brier,-0.00747696331
color_shortcut,four_class,sentinel,0.5,16,brier,0.0308343164625
color_shortcut,four_class,sentinel,0.5,17,brier,0.0145581361999
color_shortcut,four_class,sentinel,0.5,18,brier,-0.0089998228251
color_shortcut,four_class,sentinel,0.5,19,brier,0.011250287992
color_shortcut,four_class,sentinel,0.5,20,brier,-0.00531224651329
color_shortcut,four_class,sentinel,0.5,21,brier,0.00623346578634
color_shortcut,four_class,sentinel,0.5,22,brier,-0.0151378067152
color_shortcut,four_class,sentinel,0.5,23,brier,0.024186657966
color_shortcut,four_class,sentinel,0.5,24,brier,0.0429607689979
color_shortcut,four_class,sentinel,0.5,25,brier,-0.00966390074335
color_shortcut,four_class,sentinel,0.5,26,brier,0.00350930143455
color_shortcut,four_class,sentinel,0.5,27,brier,-0.00580778343956
color_shortcut,four_class,sentinel,0.5,28,brier,-0.0389522210949
color_shortcut,four_class,sentinel,0.5,29,brier,-0.00695616018938
color_shortcut,four_class,sentinel,0.5,0,auroc,0.0688125812558
color_shortcut,four_class,sentinel,0.5,1,auroc,0.0132736806344
color_shortcut,four_class,sentinel,0.5,2,auroc,0.0874840215225
color_shortcut,four_class,sentinel,0.5,3,auroc,-0.0619761926075
color_shortcut,four_class,sentinel,0.5,4,auroc,0.026303729702
color_shortcut,four_class,sentinel,0.5,5,auroc,0.0125489516368
color_shortcut,four_class,sentinel,0.5,6,auroc,0.0510761694001
color_shortcut,four_class,sentinel,0.5,7,auroc,-0.0132793844261
color_shortcut,four_class,sentinel,0.5,8,auroc,0.00265605832715
color_shortcut,four_class,sentinel,0.5,9,auroc,-0.0129626850059
color_shortcut,four_class,sentinel,0.5,10,auroc,-0.00569994106501
color_shortcut,four_class,sentinel,0.5,11,auroc,0.0219318511271
color_shortcut,four_class,sentinel,0.5,12,auroc,-0.0140428754637
color_shortcut,four_class,sentinel,0.5,13,auroc,0.0591247764755
color_shortcut,four_class,sentinel,0.5,14,auroc,-0.0209894143103
color_shortcut,four_class,sentinel,0.5,15,auroc,-0.0424816360758
color_shortcut,four_class,sentinel,0.5,16,auroc,-0.0169910463719
color_shortcut,four_class,sentinel,0.5,17,auroc,-0.0114140526712
color_shortcut,four_class,sentinel,0.5,18,auroc,-0.00782021107911
color_shortcut,four_class,sentinel,0.5,19,auroc,-0.00821235658714
color_shortcut,four_class,sentinel,0.5,20,auroc,0.0155441651519
color_shortcut,four_class,sentinel,0.5,21,auroc,-0.0372831145042
color_shortcut,four_class,sentinel,0.5,22,auroc,0.0674663755865
color_shortcut,four_class,sentinel,0.5,23,auroc,-0.030650355516
color_shortcut,four_class,sentinel,0.5,24,auroc,-0.033156153959
color_shortcut,four_class,sentinel,0.5,25,auroc,-0.0172002987868
color_shortcut,four_class,sentinel,0.5,26,auroc,0.00236274862649
color_shortcut,four_class,sentinel,0.5,27,auroc,-0.0100811208683
color_shortcut,four_class,sentinel,0.5,28,auroc,0.0302519531384
color_shortcut,four_class,sentinel,0.5,29,auroc,0.0103274657576
color_shortcut,four_class,sentinel,1,0,balanced_accuracy,0.183254891104
color_shortcut,four_class,sentinel,1,1,balanced_accuracy,0.0734126984127
color_shortcut,four_class,sentinel,1,2,balanced_accuracy,-0.00851328903654
color_shortcut,four_class,sentinel,1,3,balanced_accuracy,-0.146133259505
color_shortcut,four_class,sentinel,1,4,balanced_accuracy,0.0286083425618
color_shortcut,four_class,sentinel,1,5,balanced_accuracy,-0.0661913990402
color_shortcut,four_class,sentinel,1,6,balanced_accuracy,0.119186046512
color_shortcut,four_class,sentinel,1,7,balanced_accuracy,-0.047619047619
color_shortcut,four_class,sentinel,1,8,balanced_accuracy,-0.12188538206
color_shortcut,four_class,sentinel,1,9,balanced_accuracy,-0.0379983388704
color_shortcut,four_class,sentinel,1,10,balanced_accuracy,-0.0182724252492
color_shortcut,four_class,sentinel,1,11,balanced_accuracy,0.0294850498339
color_shortcut,four_class,sentinel,1,12,balanced_accuracy,-0.160598929494
color_shortcut,four_class,sentinel,1,13,balanced_accuracy,0.0688907345884
color_shortcut,four_class,sentinel,1,14,balanced_accuracy,0.00851328903654
color_shortcut,four_class,sentinel,1,15,balanced_accuracy,0.046626984127
color_shortcut,four_class,sentinel,1,16,balanced_accuracy,0.00140734588409
color_shortcut,four_class,sentinel,1,17,balanced_accuracy,0.00269933554817
color_shortcut,four_class,sentinel,1,18,balanced_accuracy,-0.0828949796973
color_shortcut,four_class,sentinel,1,19,balanced_accuracy,0.112956810631
color_shortcut,four_class,sentinel,1,20,balanced_accuracy,-0.0299003322259
color_shortcut,four_class,sentinel,1,21,balanced_accuracy,0.0673218899963
color_shortcut,four_class,sentinel,1,22,balanced_accuracy,-0.00269933554817
color_shortcut,four_class,sentinel,1,23,balanced_accuracy,-0.0113279808047
color_shortcut,four_class,sentinel,1,24,balanced_accuracy,0.0178571428571
color_shortcut,four_class,sentinel,1,25,balanced_accuracy,-0.125415282392
color_shortcut,four_class,sentinel,1,26,balanced_accuracy,0.0919850498339
color_shortcut,four_class,sentinel,1,27,balanced_accuracy,-0.0430970837948
color_shortcut,four_class,sentinel,1,28,balanced_accuracy,0.0688907345884
color_shortcut,four_class,sentinel,1,29,balanced_accuracy,0.0394056847545
color_shortcut,four_class,sentinel,1,0,accuracy,0.0487804878049
color_shortcut,four_class,sentinel,1,1,accuracy,0.0487804878049
color_shortcut,four_class,sentinel,1,2,accuracy,-0.0243902439024
color_shortcut,four_class,sentinel,1,3,accuracy,-0.0365853658537
color_shortcut,four_class,sentinel,1,4,accuracy,-0.0121951219512
color_shortcut,four_class,sentinel,1,5,accuracy,-0.0731707317073
color_shortcut,four_class,sentinel,1,6,accuracy,0
color_shortcut,four_class,sentinel,1,7,accuracy,0.0121951219512
color_shortcut,four_class,sentinel,1,8,accuracy,-0.0121951219512
color_shortcut,four_class,sentinel,1,9,accuracy,-0.0731707317073
color_shortcut,four_class,sentinel,1,10,accuracy,-0.0121951219512
color_shortcut,four_class,sentinel,1,11,accuracy,0.0487804878049
color_shortcut,four_class,sentinel,1,12,accuracy,-0.146341463415
color_shortcut,four_class,sentinel,1,13,accuracy,0.0853658536585
color_shortcut,four_class,sentinel,1,14,accuracy,0.0243902439024
color_shortcut,four_class,sentinel,1,15,accuracy,0.0121951219512
color_shortcut,four_class,sentinel,1,16,accuracy,-0.0365853658537
color_shortcut,four_class,sentinel,1,17,accuracy,0.0121951219512
color_shortcut,four_class,sentinel,1,18,accuracy,0.0365853658537
color_shortcut,four_class,sentinel,1,19,accuracy,0
color_shortcut,four_class,sentinel,1,20,accuracy,-0.0365853658537
color_shortcut,four_class,sentinel,1,21,accuracy,-0.0365853658537
color_shortcut,four_class,sentinel,1,22,accuracy,-0.0121951219512
color_shortcut,four_class,sentinel,1,23,accuracy,0.0487804878049
color_shortcut,four_class,sentinel,1,24,accuracy,0.0243902439024
color_shortcut,four_class,sentinel,1,25,accuracy,0
color_shortcut,four_class,sentinel,1,26,accuracy,-0.0243902439024
color_shortcut,four_class,sentinel,1,27,accuracy,-0.0243902439024
color_shortcut,four_class,sentinel,1,28,accuracy,0.0853658536585
color_shortcut,four_class,sentinel,1,29,accuracy,0.0365853658537
color_shortcut,four_class,sentinel,1,0,macro_f1,0.0983756087385
color_shortcut,four_class,sentinel,1,1,macro_f1,0.0708561685544
color_shortcut,four_class,sentinel,1,2,macro_f1,-0.0155474155474
color_shortcut,four_class,sentinel,1,3,macro_f1,-0.0580108468972
color_shortcut,four_class,sentinel,1,4,macro_f1,0.00866780714232
color_shortcut,four_class,sentinel,1,5,macro_f1,-0.0502879982016
color_shortcut,four_class,sentinel,1,6,macro_f1,0.0509868240268
color_shortcut,four_class,sentinel,1,7,macro_f1,-0.00185363971898
color_shortcut,four_class,sentinel,1,8,macro_f1,-0.0584479086902
color_shortcut,four_class,sentinel,1,9,macro_f1,-0.0481711272969
color_shortcut,four_class,sentinel,1,10,macro_f1,-0.0133989049602
color_shortcut,four_class,sentinel,1,11,macro_f1,0.0366866070978
color_shortcut,four_class,sentinel,1,12,macro_f1,-0.188271614531
color_shortcut,four_class,sentinel,1,13,macro_f1,0.0701537707156
color_shortcut,four_class,sentinel,1,14,macro_f1,0.00912423111926
color_shortcut,four_class,sentinel,1,15,macro_f1,0.0309698537027
color_shortcut,four_class,sentinel,1,16,macro_f1,-0.0163065127341
color_shortcut,four_class,sentinel,1,17,macro_f1,-0.00395079371584
color_shortcut,four_class,sentinel,1,18,macro_f1,-0.0199287574288
color_shortcut,four_class,sentinel,1,19,macro_f1,0.0355563302524
color_shortcut,four_class,sentinel,1,20,macro_f1,-0.0284658516068
color_shortcut,four_class,sentinel,1,21,macro_f1,0.0297749664129
color_shortcut,four_class,sentinel,1,22,macro_f1,-0.0101344305533
color_shortcut,four_class,sentinel,1,23,macro_f1,0.0145448405425
color_shortcut,four_class,sentinel,1,24,macro_f1,0.0151219120127
color_shortcut,four_class,sentinel,1,25,macro_f1,-0.0380225789138
color_shortcut,four_class,sentinel,1,26,macro_f1,0.0225969453258
color_shortcut,four_class,sentinel,1,27,macro_f1,-0.0307248945886
color_shortcut,four_class,sentinel,1,28,macro_f1,0.0476300520149
color_shortcut,four_class,sentinel,1,29,macro_f1,0.0160784337614
color_shortcut,four_class,sentinel,1,0,log_loss,-0.148999668932
color_shortcut,four_class,sentinel,1,1,log_loss,-0.0446833016802
color_shortcut,four_class,sentinel,1,2,log_loss,0.0534785458412
color_shortcut,four_class,sentinel,1,3,log_loss,0.0586339885487
color_shortcut,four_class,sentinel,1,4,log_loss,-0.0675542010806
color_shortcut,four_class,sentinel,1,5,log_loss,0.0233875060741
color_shortcut,four_class,sentinel,1,6,log_loss,-0.00617631262908
color_shortcut,four_class,sentinel,1,7,log_loss,0.0135272728628
color_shortcut,four_class,sentinel,1,8,log_loss,0.119649176837
color_shortcut,four_class,sentinel,1,9,log_loss,0.0403635345534
color_shortcut,four_class,sentinel,1,10,log_loss,0.0885643471813
color_shortcut,four_class,sentinel,1,11,log_loss,0.0309426305601
color_shortcut,four_class,sentinel,1,12,log_loss,0.130127997679
color_shortcut,four_class,sentinel,1,13,log_loss,-0.0427412070326
color_shortcut,four_class,sentinel,1,14,log_loss,-0.0124165430287
color_shortcut,four_class,sentinel,1,15,log_loss,-0.0367407326178
color_shortcut,four_class,sentinel,1,16,log_loss,0.032599749424
color_shortcut,four_class,sentinel,1,17,log_loss,0.0580151903401
color_shortcut,four_class,sentinel,1,18,log_loss,-0.0349318891898
color_shortcut,four_class,sentinel,1,19,log_loss,0.0338595593208
color_shortcut,four_class,sentinel,1,20,log_loss,0.042472519862
color_shortcut,four_class,sentinel,1,21,log_loss,-0.143476736381
color_shortcut,four_class,sentinel,1,22,log_loss,-0.108127737924
color_shortcut,four_class,sentinel,1,23,log_loss,-0.0117386935304
color_shortcut,four_class,sentinel,1,24,log_loss,-0.104148119131
color_shortcut,four_class,sentinel,1,25,log_loss,0.00786392815326
color_shortcut,four_class,sentinel,1,26,log_loss,0.00638316777529
color_shortcut,four_class,sentinel,1,27,log_loss,-0.00311556750212
color_shortcut,four_class,sentinel,1,28,log_loss,-0.102450163137
color_shortcut,four_class,sentinel,1,29,log_loss,-0.00131767559359
color_shortcut,four_class,sentinel,1,0,brier,-0.0714559483689
color_shortcut,four_class,sentinel,1,1,brier,-0.0293137763171
color_shortcut,four_class,sentinel,1,2,brier,0.0208215762372
color_shortcut,four_class,sentinel,1,3,brier,0.0384502506908
color_shortcut,four_class,sentinel,1,4,brier,-0.0316571217398
color_shortcut,four_class,sentinel,1,5,brier,0.0255839542932
color_shortcut,four_class,sentinel,1,6,brier,-0.0325064046359
color_shortcut,four_class,sentinel,1,7,brier,0.000190989933382
color_shortcut,four_class,sentinel,1,8,brier,0.0479301223641
color_shortcut,four_class,sentinel,1,9,brier,0.0056433327406
color_shortcut,four_class,sentinel,1,10,brier,0.0408765286125
color_shortcut,four_class,sentinel,1,11,brier,0.00576454034044
color_shortcut,four_class,sentinel,1,12,brier,0.0762969590629
color_shortcut,four_class,sentinel,1,13,brier,-0.0552562181234
color_shortcut,four_class,sentinel,1,14,brier,-0.00514287517688
color_shortcut,four_class,sentinel,1,15,brier,-0.0185322093974
color_shortcut,four_class,sentinel,1,16,brier,0.0156852077025
color_shortcut,four_class,sentinel,1,17,brier,-0.000327478442272
color_shortcut,four_class,sentinel,1,18,brier,-0.0125290397988
color_shortcut,four_class,sentinel,1,19,brier,0.020074869141
color_shortcut,four_class,sentinel,1,20,brier,0.0154659435104
color_shortcut,four_class,sentinel,1,21,brier,-0.0322418320554
color_shortcut,four_class,sentinel,1,22,brier,-0.0382442391568
color_shortcut,four_class,sentinel,1,23,brier,-0.0428276802974
color_shortcut,four_class,sentinel,1,24,brier,0.00483910595558
color_shortcut,four_class,sentinel,1,25,brier,-0.0150724410769
color_shortcut,four_class,sentinel,1,26,brier,0.00906095025905
color_shortcut,four_class,sentinel,1,27,brier,-0.00884163213303
color_shortcut,four_class,sentinel,1,28,brier,-0.0624279381688
color_shortcut,four_class,sentinel,1,29,brier,-0.00305107085574
color_shortcut,four_class,sentinel,1,0,auroc,0.12826592462
color_shortcut,four_class,sentinel,1,1,auroc,0.0269080427297
color_shortcut,four_class,sentinel,1,2,auroc,0.0284579189829
color_shortcut,four_class,sentinel,1,3,auroc,-0.0998420965001
color_shortcut,four_class,sentinel,1,4,auroc,0.0396791187041
color_shortcut,four_class,sentinel,1,5,auroc,0.0220172309373
color_shortcut,four_class,sentinel,1,6,auroc,0.0967182952404
color_shortcut,four_class,sentinel,1,7,auroc,-0.0362645608156
color_shortcut,four_class,sentinel,1,8,auroc,-0.0347685820921
color_shortcut,four_class,sentinel,1,9,auroc,-0.0292826440356
color_shortcut,four_class,sentinel,1,10,auroc,-0.0237680790385
color_shortcut,four_class,sentinel,1,11,auroc,-0.0383584808272
color_shortcut,four_class,sentinel,1,12,auroc,-0.117735155579
color_shortcut,four_class,sentinel,1,13,auroc,0.036709673143
color_shortcut,four_class,sentinel,1,14,auroc,-0.0146943735208
color_shortcut,four_class,sentinel,1,15,auroc,-0.00105825393487
color_shortcut,four_class,sentinel,1,16,auroc,-0.0119005423063
color_shortcut,four_class,sentinel,1,17,auroc,0.0149334795744
color_shortcut,four_class,sentinel,1,18,auroc,-0.00605821430776
color_shortcut,four_class,sentinel,1,19,auroc,-0.00888755736936
color_shortcut,four_class,sentinel,1,20,auroc,-0.0195344054809
color_shortcut,four_class,sentinel,1,21,auroc,-0.0169191391714
color_shortcut,four_class,sentinel,1,22,auroc,0.0595776029209
color_shortcut,four_class,sentinel,1,23,auroc,-0.0216710133717
color_shortcut,four_class,sentinel,1,24,auroc,-0.0250193228759
color_shortcut,four_class,sentinel,1,25,auroc,-0.0483961700989
color_shortcut,four_class,sentinel,1,26,auroc,0.0077009377314
color_shortcut,four_class,sentinel,1,27,auroc,-0.0239099552361
color_shortcut,four_class,sentinel,1,28,auroc,0.0487456552804
color_shortcut,four_class,sentinel,1,29,auroc,0.0250104509413
resnet18,binary_healthy_affected,probe,0.5,0,balanced_accuracy,0.0133484162896
resnet18,binary_healthy_affected,probe,0.5,1,balanced_accuracy,0.0192307692308
resnet18,binary_healthy_affected,probe,0.5,2,balanced_accuracy,0.0363499245852
resnet18,binary_healthy_affected,probe,0.5,3,balanced_accuracy,0.00588235294118
resnet18,binary_healthy_affected,probe,0.5,4,balanced_accuracy,0.0133484162896
resnet18,binary_healthy_affected,probe,0.5,5,balanced_accuracy,0.0122926093514
resnet18,binary_healthy_affected,probe,0.5,6,balanced_accuracy,0.00158371040724
resnet18,binary_healthy_affected,probe,0.5,7,balanced_accuracy,0.00588235294118
resnet18,binary_healthy_affected,probe,0.5,8,balanced_accuracy,0.00588235294118
resnet18,binary_healthy_affected,probe,0.5,9,balanced_accuracy,0.029939668175
resnet18,binary_healthy_affected,probe,0.5,10,balanced_accuracy,0.0438159879336
resnet18,binary_healthy_affected,probe,0.5,11,balanced_accuracy,0.00052790346908
resnet18,binary_healthy_affected,probe,0.5,12,balanced_accuracy,0.0486425339367
resnet18,binary_healthy_affected,probe,0.5,13,balanced_accuracy,0.0422322775264
resnet18,binary_healthy_affected,probe,0.5,14,balanced_accuracy,-0.0107088989442
resnet18,binary_healthy_affected,probe,0.5,15,balanced_accuracy,0.0171191553544
resnet18,binary_healthy_affected,probe,0.5,16,balanced_accuracy,0.0128205128205
resnet18,binary_healthy_affected,probe,0.5,17,balanced_accuracy,0.0481146304676
resnet18,binary_healthy_affected,probe,0.5,18,balanced_accuracy,-0.0240573152338
resnet18,binary_healthy_affected,probe,0.5,19,balanced_accuracy,0.0187028657617
resnet18,binary_healthy_affected,probe,0.5,20,balanced_accuracy,0.0309954751131
resnet18,binary_healthy_affected,probe,0.5,21,balanced_accuracy,-0.00105580693816
resnet18,binary_healthy_affected,probe,0.5,22,balanced_accuracy,0.00641025641026
resnet18,binary_healthy_affected,probe,0.5,23,balanced_accuracy,0.0539969834087
resnet18,binary_healthy_affected,probe,0.5,24,balanced_accuracy,0.0187028657617
resnet18,binary_healthy_affected,probe,0.5,25,balanced_accuracy,0.0261689291101
resnet18,binary_healthy_affected,probe,0.5,26,balanced_accuracy,0.0368778280543
resnet18,binary_healthy_affected,probe,0.5,27,balanced_accuracy,-0.00641025641026
resnet18,binary_healthy_affected,probe,0.5,28,balanced_accuracy,0.0176470588235
resnet18,binary_healthy_affected,probe,0.5,29,balanced_accuracy,0.029939668175
resnet18,binary_healthy_affected,probe,0.5,0,accuracy,0.0122699386503
resnet18,binary_healthy_affected,probe,0.5,1,accuracy,0.0184049079755
resnet18,binary_healthy_affected,probe,0.5,2,accuracy,0.0368098159509
resnet18,binary_healthy_affected,probe,0.5,3,accuracy,0.00613496932515
resnet18,binary_healthy_affected,probe,0.5,4,accuracy,0.0122699386503
resnet18,binary_healthy_affected,probe,0.5,5,accuracy,0.0122699386503
resnet18,binary_healthy_affected,probe,0.5,6,accuracy,0
resnet18,binary_healthy_affected,probe,0.5,7,accuracy,0.00613496932515
resnet18,binary_healthy_affected,probe,0.5,8,accuracy,0.00613496932515
resnet18,binary_healthy_affected,probe,0.5,9,accuracy,0.0306748466258
resnet18,binary_healthy_affected,probe,0.5,10,accuracy,0.0429447852761
resnet18,binary_healthy_affected,probe,0.5,11,accuracy,0
resnet18,binary_healthy_affected,probe,0.5,12,accuracy,0.0490797546012
resnet18,binary_healthy_affected,probe,0.5,13,accuracy,0.0429447852761
resnet18,binary_healthy_affected,probe,0.5,14,accuracy,-0.0122699386503
resnet18,binary_healthy_affected,probe,0.5,15,accuracy,0.0184049079755
resnet18,binary_healthy_affected,probe,0.5,16,accuracy,0.0122699386503
resnet18,binary_healthy_affected,probe,0.5,17,accuracy,0.0490797546012
resnet18,binary_healthy_affected,probe,0.5,18,accuracy,-0.0245398773006
resnet18,binary_healthy_affected,probe,0.5,19,accuracy,0.0184049079755
resnet18,binary_healthy_affected,probe,0.5,20,accuracy,0.0306748466258
resnet18,binary_healthy_affected,probe,0.5,21,accuracy,0
resnet18,binary_healthy_affected,probe,0.5,22,accuracy,0.00613496932515
resnet18,binary_healthy_affected,probe,0.5,23,accuracy,0.0552147239264
resnet18,binary_healthy_affected,probe,0.5,24,accuracy,0.0184049079755
resnet18,binary_healthy_affected,probe,0.5,25,accuracy,0.0245398773006
resnet18,binary_healthy_affected,probe,0.5,26,accuracy,0.0368098159509
resnet18,binary_healthy_affected,probe,0.5,27,accuracy,-0.00613496932515
resnet18,binary_healthy_affected,probe,0.5,28,accuracy,0.0184049079755
resnet18,binary_healthy_affected,probe,0.5,29,accuracy,0.0306748466258
resnet18,binary_healthy_affected,probe,0.5,0,macro_f1,0.0129884349127
resnet18,binary_healthy_affected,probe,0.5,1,macro_f1,0.0191103586465
resnet18,binary_healthy_affected,probe,0.5,2,macro_f1,0.0367255709374
resnet18,binary_healthy_affected,probe,0.5,3,macro_f1,0.0060649963826
resnet18,binary_healthy_affected,probe,0.5,4,macro_f1,0.0125930761418
resnet18,binary_healthy_affected,probe,0.5,5,macro_f1,0.0122995661196
resnet18,binary_healthy_affected,probe,0.5,6,macro_f1,0.000310924175104
resnet18,binary_healthy_affected,probe,0.5,7,macro_f1,0.00623363580536
resnet18,binary_healthy_affected,probe,0.5,8,macro_f1,0.00607101921913
resnet18,binary_healthy_affected,probe,0.5,9,macro_f1,0.0304591437879
resnet18,binary_healthy_affected,probe,0.5,10,macro_f1,0.0435898855952
resnet18,binary_healthy_affected,probe,0.5,11,macro_f1,0.000292747238481
resnet18,binary_healthy_affected,probe,0.5,12,macro_f1,0.0489891593081
resnet18,binary_healthy_affected,probe,0.5,13,macro_f1,0.0428597561061
resnet18,binary_healthy_affected,probe,0.5,14,macro_f1,-0.0121858240626
resnet18,binary_healthy_affected,probe,0.5,15,macro_f1,0.0181786244446
resnet18,binary_healthy_affected,probe,0.5,16,macro_f1,0.0126341644621
resnet18,binary_healthy_affected,probe,0.5,17,macro_f1,0.0489706579806
resnet18,binary_healthy_affected,probe,0.5,18,macro_f1,-0.0244112212624
resnet18,binary_healthy_affected,probe,0.5,19,macro_f1,0.0184270791199
resnet18,binary_healthy_affected,probe,0.5,20,macro_f1,0.0308357477841
resnet18,binary_healthy_affected,probe,0.5,21,macro_f1,-0.000311934192377
resnet18,binary_healthy_affected,probe,0.5,22,macro_f1,0.00625240326942
resnet18,binary_healthy_affected,probe,0.5,23,macro_f1,0.0546142666049
resnet18,binary_healthy_affected,probe,0.5,24,macro_f1,0.0186069600701
resnet18,binary_healthy_affected,probe,0.5,25,macro_f1,0.0255453232412
resnet18,binary_healthy_affected,probe,0.5,26,macro_f1,0.0368222891566
resnet18,binary_healthy_affected,probe,0.5,27,macro_f1,-0.00623326427781
resnet18,binary_healthy_affected,probe,0.5,28,macro_f1,0.0179730220838
resnet18,binary_healthy_affected,probe,0.5,29,macro_f1,0.0303170326972
resnet18,binary_healthy_affected,probe,0.5,0,log_loss,-0.0288436360497
resnet18,binary_healthy_affected,probe,0.5,1,log_loss,-0.0100409693265
resnet18,binary_healthy_affected,probe,0.5,2,log_loss,-0.0310996393869
resnet18,binary_healthy_affected,probe,0.5,3,log_loss,-0.041583788799
resnet18,binary_healthy_affected,probe,0.5,4,log_loss,-0.0297594174107
resnet18,binary_healthy_affected,probe,0.5,5,log_loss,-0.029302104738
resnet18,binary_healthy_affected,probe,0.5,6,log_loss,-0.0401461580069
resnet18,binary_healthy_affected,probe,0.5,7,log_loss,-0.0212373904206
resnet18,binary_healthy_affected,probe,0.5,8,log_loss,-0.0157750024547
resnet18,binary_healthy_affected,probe,0.5,9,log_loss,-0.0309567410278
resnet18,binary_healthy_affected,probe,0.5,10,log_loss,-0.0474174398903
resnet18,binary_healthy_affected,probe,0.5,11,log_loss,-0.0433685304557
resnet18,binary_healthy_affected,probe,0.5,12,log_loss,-0.0535898335243
resnet18,binary_healthy_affected,probe,0.5,13,log_loss,-0.0313697442407
resnet18,binary_healthy_affected,probe,0.5,14,log_loss,-0.0134420908773
resnet18,binary_healthy_affected,probe,0.5,15,log_loss,-0.0360262629328
resnet18,binary_healthy_affected,probe,0.5,16,log_loss,-0.0305911997386
resnet18,binary_healthy_affected,probe,0.5,17,log_loss,-0.0456442095501
resnet18,binary_healthy_affected,probe,0.5,18,log_loss,0.0104598421474
resnet18,binary_healthy_affected,probe,0.5,19,log_loss,-0.0344621586109
resnet18,binary_healthy_affected,probe,0.5,20,log_loss,-0.020327591748
resnet18,binary_healthy_affected,probe,0.5,21,log_loss,-0.0175161990861
resnet18,binary_healthy_affected,probe,0.5,22,log_loss,-0.0445202383131
resnet18,binary_healthy_affected,probe,0.5,23,log_loss,-0.0624565250207
resnet18,binary_healthy_affected,probe,0.5,24,log_loss,-0.0440459651059
resnet18,binary_healthy_affected,probe,0.5,25,log_loss,-0.0158141177397
resnet18,binary_healthy_affected,probe,0.5,26,log_loss,-0.0279796269725
resnet18,binary_healthy_affected,probe,0.5,27,log_loss,0.008686210472
resnet18,binary_healthy_affected,probe,0.5,28,log_loss,-0.0413991380321
resnet18,binary_healthy_affected,probe,0.5,29,log_loss,-0.0173796512858
resnet18,binary_healthy_affected,probe,0.5,0,brier,-0.0093932745077
resnet18,binary_healthy_affected,probe,0.5,1,brier,-0.00479457686058
resnet18,binary_healthy_affected,probe,0.5,2,brier,-0.0130020509672
resnet18,binary_healthy_affected,probe,0.5,3,brier,-0.0116193784475
resnet18,binary_healthy_affected,probe,0.5,4,brier,-0.0093873091329
resnet18,binary_healthy_affected,probe,0.5,5,brier,-0.00715373478446
resnet18,binary_healthy_affected,probe,0.5,6,brier,-0.0130945598056
resnet18,binary_healthy_affected,probe,0.5,7,brier,-0.00756113237478
resnet18,binary_healthy_affected,probe,0.5,8,brier,-0.00572660024655
resnet18,binary_healthy_affected,probe,0.5,9,brier,-0.0126413238087
resnet18,binary_healthy_affected,probe,0.5,10,brier,-0.018867416737
resnet18,binary_healthy_affected,probe,0.5,11,brier,-0.0173301839331
resnet18,binary_healthy_affected,probe,0.5,12,brier,-0.0200608260429
resnet18,binary_healthy_affected,probe,0.5,13,brier,-0.0130327245755
resnet18,binary_healthy_affected,probe,0.5,14,brier,-0.00227928869591
resnet18,binary_healthy_affected,probe,0.5,15,brier,-0.0125005357375
resnet18,binary_healthy_affected,probe,0.5,16,brier,-0.00972031727302
resnet18,binary_healthy_affected,probe,0.5,17,brier,-0.0166289137152
resnet18,binary_healthy_affected,probe,0.5,18,brier,0.00643096435734
resnet18,binary_healthy_affected,probe,0.5,19,brier,-0.0109882699689
resnet18,binary_healthy_affected,probe,0.5,20,brier,-0.00734024971895
resnet18,binary_healthy_affected,probe,0.5,21,brier,-0.00669630898181
resnet18,binary_healthy_affected,probe,0.5,22,brier,-0.0141967077356
resnet18,binary_healthy_affected,probe,0.5,23,brier,-0.0248750770777
resnet18,binary_healthy_affected,probe,0.5,24,brier,-0.0135167620301
resnet18,binary_healthy_affected,probe,0.5,25,brier,-0.00811765994083
resnet18,binary_healthy_affected,probe,0.5,26,brier,-0.00874996313261
resnet18,binary_healthy_affected,probe,0.5,27,brier,0.00432553344513
resnet18,binary_healthy_affected,probe,0.5,28,brier,-0.0148988908607
resnet18,binary_healthy_affected,probe,0.5,29,brier,-0.00764380495684
resnet18,binary_healthy_affected,probe,0.5,0,auroc,0.0173453996983
resnet18,binary_healthy_affected,probe,0.5,1,auroc,0.00301659125189
resnet18,binary_healthy_affected,probe,0.5,2,auroc,0.0196078431373
resnet18,binary_healthy_affected,probe,0.5,3,auroc,0.0197586726998
resnet18,binary_healthy_affected,probe,0.5,4,auroc,0.0131221719457
resnet18,binary_healthy_affected,probe,0.5,5,auroc,0.0162895927602
resnet18,binary_healthy_affected,probe,0.5,6,auroc,0.0197586726998
resnet18,binary_healthy_affected,probe,0.5,7,auroc,0.0102564102564
resnet18,binary_healthy_affected,probe,0.5,8,auroc,0.0102564102564
resnet18,binary_healthy_affected,probe,0.5,9,auroc,0.0182503770739
resnet18,binary_healthy_affected,probe,0.5,10,auroc,0.0247360482655
resnet18,binary_healthy_affected,probe,0.5,11,auroc,0.027149321267
resnet18,binary_healthy_affected,probe,0.5,12,auroc,0.0313725490196
resnet18,binary_healthy_affected,probe,0.5,13,auroc,0.0224736048265
resnet18,binary_healthy_affected,probe,0.5,14,auroc,0.00708898944193
resnet18,binary_healthy_affected,probe,0.5,15,auroc,0.0165912518854
resnet18,binary_healthy_affected,probe,0.5,16,auroc,0.0158371040724
resnet18,binary_healthy_affected,probe,0.5,17,auroc,0.0205128205128
resnet18,binary_healthy_affected,probe,0.5,18,auroc,-0.00723981900452
resnet18,binary_healthy_affected,probe,0.5,19,auroc,0.0153846153846
resnet18,binary_healthy_affected,probe,0.5,20,auroc,0.0101055806938
resnet18,binary_healthy_affected,probe,0.5,21,auroc,0.00497737556561
resnet18,binary_healthy_affected,probe,0.5,22,auroc,0.0218702865762
resnet18,binary_healthy_affected,probe,0.5,23,auroc,0.03197586727
resnet18,binary_healthy_affected,probe,0.5,24,auroc,0.026395173454
resnet18,binary_healthy_affected,probe,0.5,25,auroc,0.00512820512821
resnet18,binary_healthy_affected,probe,0.5,26,auroc,0.0137254901961
resnet18,binary_healthy_affected,probe,0.5,27,auroc,-0.00467571644042
resnet18,binary_healthy_affected,probe,0.5,28,auroc,0.0229260935143
resnet18,binary_healthy_affected,probe,0.5,29,auroc,0.014479638009
resnet18,binary_healthy_affected,probe,1,0,balanced_accuracy,0.0561085972851
resnet18,binary_healthy_affected,probe,1,1,balanced_accuracy,0.0374057315234
resnet18,binary_healthy_affected,probe,1,2,balanced_accuracy,0.0417043740573
resnet18,binary_healthy_affected,probe,1,3,balanced_accuracy,0.030467571644
resnet18,binary_healthy_affected,probe,1,4,balanced_accuracy,0.0192307692308
resnet18,binary_healthy_affected,probe,1,5,balanced_accuracy,0.0122926093514
resnet18,binary_healthy_affected,probe,1,6,balanced_accuracy,0.0197586726998
resnet18,binary_healthy_affected,probe,1,7,balanced_accuracy,0.0224736048265
resnet18,binary_healthy_affected,probe,1,8,balanced_accuracy,0.0171191553544
resnet18,binary_healthy_affected,probe,1,9,balanced_accuracy,0.0165912518854
resnet18,binary_healthy_affected,probe,1,10,balanced_accuracy,0.0438159879336
resnet18,binary_healthy_affected,probe,1,11,balanced_accuracy,0.081221719457
resnet18,binary_healthy_affected,probe,1,12,balanced_accuracy,0.0475867269985
resnet18,binary_healthy_affected,probe,1,13,balanced_accuracy,0.060407239819
resnet18,binary_healthy_affected,probe,1,14,balanced_accuracy,0.0315233785822
resnet18,binary_healthy_affected,probe,1,15,balanced_accuracy,0.060407239819
resnet18,binary_healthy_affected,probe,1,16,balanced_accuracy,0.0187028657617
resnet18,binary_healthy_affected,probe,1,17,balanced_accuracy,0.0363499245852
resnet18,binary_healthy_affected,probe,1,18,balanced_accuracy,-0.00052790346908
resnet18,binary_healthy_affected,probe,1,19,balanced_accuracy,0.0294117647059
resnet18,binary_healthy_affected,probe,1,20,balanced_accuracy,0.0438159879336
resnet18,binary_healthy_affected,probe,1,21,balanced_accuracy,-0.00105580693816
resnet18,binary_healthy_affected,probe,1,22,balanced_accuracy,0.0309954751131
resnet18,binary_healthy_affected,probe,1,23,balanced_accuracy,0.060407239819
resnet18,binary_healthy_affected,probe,1,24,balanced_accuracy,0.0486425339367
resnet18,binary_healthy_affected,probe,1,25,balanced_accuracy,0.0325791855204
resnet18,binary_healthy_affected,probe,1,26,balanced_accuracy,0.0545248868778
resnet18,binary_healthy_affected,probe,1,27,balanced_accuracy,0.0117647058824
resnet18,binary_healthy_affected,probe,1,28,balanced_accuracy,0.0614630467572
resnet18,binary_healthy_affected,probe,1,29,balanced_accuracy,0.117043740573
resnet18,binary_healthy_affected,probe,1,0,accuracy,0.0552147239264
resnet18,binary_healthy_affected,probe,1,1,accuracy,0.0368098159509
resnet18,binary_healthy_affected,probe,1,2,accuracy,0.0429447852761
resnet18,binary_healthy_affected,probe,1,3,accuracy,0.0306748466258
resnet18,binary_healthy_affected,probe,1,4,accuracy,0.0184049079755
resnet18,binary_healthy_affected,probe,1,5,accuracy,0.0122699386503
resnet18,binary_healthy_affected,probe,1,6,accuracy,0.0184049079755
resnet18,binary_healthy_affected,probe,1,7,accuracy,0.0245398773006
resnet18,binary_healthy_affected,probe,1,8,accuracy,0.0184049079755
resnet18,binary_healthy_affected,probe,1,9,accuracy,0.0184049079755
resnet18,binary_healthy_affected,probe,1,10,accuracy,0.0429447852761
resnet18,binary_healthy_affected,probe,1,11,accuracy,0.079754601227
resnet18,binary_healthy_affected,probe,1,12,accuracy,0.0490797546012
resnet18,binary_healthy_affected,probe,1,13,accuracy,0.0613496932515
resnet18,binary_healthy_affected,probe,1,14,accuracy,0.0306748466258
resnet18,binary_healthy_affected,probe,1,15,accuracy,0.0613496932515
resnet18,binary_healthy_affected,probe,1,16,accuracy,0.0184049079755
resnet18,binary_healthy_affected,probe,1,17,accuracy,0.0368098159509
resnet18,binary_healthy_affected,probe,1,18,accuracy,0
resnet18,binary_healthy_affected,probe,1,19,accuracy,0.0306748466258
resnet18,binary_healthy_affected,probe,1,20,accuracy,0.0429447852761
resnet18,binary_healthy_affected,probe,1,21,accuracy,0
resnet18,binary_healthy_affected,probe,1,22,accuracy,0.0306748466258
resnet18,binary_healthy_affected,probe,1,23,accuracy,0.0613496932515
resnet18,binary_healthy_affected,probe,1,24,accuracy,0.0490797546012
resnet18,binary_healthy_affected,probe,1,25,accuracy,0.0306748466258
resnet18,binary_healthy_affected,probe,1,26,accuracy,0.0552147239264
resnet18,binary_healthy_affected,probe,1,27,accuracy,0.0122699386503
resnet18,binary_healthy_affected,probe,1,28,accuracy,0.0613496932515
resnet18,binary_healthy_affected,probe,1,29,accuracy,0.116564417178
resnet18,binary_healthy_affected,probe,1,0,macro_f1,0.0559264022594
resnet18,binary_healthy_affected,probe,1,1,macro_f1,0.0375159752642
resnet18,binary_healthy_affected,probe,1,2,macro_f1,0.0426392560582
resnet18,binary_healthy_affected,probe,1,3,macro_f1,0.0306502150855
resnet18,binary_healthy_affected,probe,1,4,macro_f1,0.018680361376
resnet18,binary_healthy_affected,probe,1,5,macro_f1,0.0122995661196
resnet18,binary_healthy_affected,probe,1,6,macro_f1,0.0186992036097
resnet18,binary_healthy_affected,probe,1,7,macro_f1,0.0248739340083
resnet18,binary_healthy_affected,probe,1,8,macro_f1,0.0179955195791
resnet18,binary_healthy_affected,probe,1,9,macro_f1,0.0175824445438
resnet18,binary_healthy_affected,probe,1,10,macro_f1,0.0435898855952
resnet18,binary_healthy_affected,probe,1,11,macro_f1,0.0804387106907
resnet18,binary_healthy_affected,probe,1,12,macro_f1,0.0484287545972
resnet18,binary_healthy_affected,probe,1,13,macro_f1,0.0612299640678
resnet18,binary_healthy_affected,probe,1,14,macro_f1,0.0307834417239
resnet18,binary_healthy_affected,probe,1,15,macro_f1,0.0612479284486
resnet18,binary_healthy_affected,probe,1,16,macro_f1,0.0186554019211
resnet18,binary_healthy_affected,probe,1,17,macro_f1,0.036770546504
resnet18,binary_healthy_affected,probe,1,18,macro_f1,-0.000201183872759
resnet18,binary_healthy_affected,probe,1,19,macro_f1,0.0304087642962
resnet18,binary_healthy_affected,probe,1,20,macro_f1,0.0432326609389
resnet18,binary_healthy_affected,probe,1,21,macro_f1,-0.000311934192377
resnet18,binary_healthy_affected,probe,1,22,macro_f1,0.0308515355086
resnet18,binary_healthy_affected,probe,1,23,macro_f1,0.0609579064088
resnet18,binary_healthy_affected,probe,1,24,macro_f1,0.049008831416
resnet18,binary_healthy_affected,probe,1,25,macro_f1,0.0317918160213
resnet18,binary_healthy_affected,probe,1,26,macro_f1,0.055114777506
resnet18,binary_healthy_affected,probe,1,27,macro_f1,0.0121292524165
resnet18,binary_healthy_affected,probe,1,28,macro_f1,0.0618056345505
resnet18,binary_healthy_affected,probe,1,29,macro_f1,0.116843028622
resnet18,binary_healthy_affected,probe,1,0,log_loss,-0.0806444652687
resnet18,binary_healthy_affected,probe,1,1,log_loss,-0.044536878305
resnet18,binary_healthy_affected,probe,1,2,log_loss,-0.0470042899347
resnet18,binary_healthy_affected,probe,1,3,log_loss,-0.059810455235
resnet18,binary_healthy_affected,probe,1,4,log_loss,-0.0541354723254
resnet18,binary_healthy_affected,probe,1,5,log_loss,-0.0403312359648
resnet18,binary_healthy_affected,probe,1,6,log_loss,-0.0650378096011
resnet18,binary_healthy_affected,probe,1,7,log_loss,-0.0566932265993
resnet18,binary_healthy_affected,probe,1,8,log_loss,-0.0409984221457
resnet18,binary_healthy_affected,probe,1,9,log_loss,-0.0597133531214
resnet18,binary_healthy_affected,probe,1,10,log_loss,-0.0933123041876
resnet18,binary_healthy_affected,probe,1,11,log_loss,-0.0849996672002
resnet18,binary_healthy_affected,probe,1,12,log_loss,-0.0737069421828
resnet18,binary_healthy_affected,probe,1,13,log_loss,-0.0539396884873
resnet18,binary_healthy_affected,probe,1,14,log_loss,-0.0852694501784
resnet18,binary_healthy_affected,probe,1,15,log_loss,-0.0709491461524
resnet18,binary_healthy_affected,probe,1,16,log_loss,-0.0681256104746
resnet18,binary_healthy_affected,probe,1,17,log_loss,-0.0681247854804
resnet18,binary_healthy_affected,probe,1,18,log_loss,-0.0152147409708
resnet18,binary_healthy_affected,probe,1,19,log_loss,-0.090236619695
resnet18,binary_healthy_affected,probe,1,20,log_loss,-0.0462230736796
resnet18,binary_healthy_affected,probe,1,21,log_loss,-0.0327726332517
resnet18,binary_healthy_affected,probe,1,22,log_loss,-0.0808049445115
resnet18,binary_healthy_affected,probe,1,23,log_loss,-0.0885375067424
resnet18,binary_healthy_affected,probe,1,24,log_loss,-0.0857863318618
resnet18,binary_healthy_affected,probe,1,25,log_loss,-0.0433172615263
resnet18,binary_healthy_affected,probe,1,26,log_loss,-0.063636256287
resnet18,binary_healthy_affected,probe,1,27,log_loss,-0.0201070573657
resnet18,binary_healthy_affected,probe,1,28,log_loss,-0.0838054782205
resnet18,binary_healthy_affected,probe,1,29,log_loss,-0.0907241393031
resnet18,binary_healthy_affected,probe,1,0,brier,-0.0296232143771
resnet18,binary_healthy_affected,probe,1,1,brier,-0.0179415865762
resnet18,binary_healthy_affected,probe,1,2,brier,-0.018709615131
resnet18,binary_healthy_affected,probe,1,3,brier,-0.0190398383691
resnet18,binary_healthy_affected,probe,1,4,brier,-0.0195191759462
resnet18,binary_healthy_affected,probe,1,5,brier,-0.0124613125903
resnet18,binary_healthy_affected,probe,1,6,brier,-0.0233033352611
resnet18,binary_healthy_affected,probe,1,7,brier,-0.0206202837572
resnet18,binary_healthy_affected,probe,1,8,brier,-0.0152625579729
resnet18,binary_healthy_affected,probe,1,9,brier,-0.0220513956115
resnet18,binary_healthy_affected,probe,1,10,brier,-0.0337222957428
resnet18,binary_healthy_affected,probe,1,11,brier,-0.0355761031202
resnet18,binary_healthy_affected,probe,1,12,brier,-0.0270239191011
resnet18,binary_healthy_affected,probe,1,13,brier,-0.0220402953463
resnet18,binary_healthy_affected,probe,1,14,brier,-0.0283648880266
resnet18,binary_healthy_affected,probe,1,15,brier,-0.0254449337493
resnet18,binary_healthy_affected,probe,1,16,brier,-0.0232619981257
resnet18,binary_healthy_affected,probe,1,17,brier,-0.024149959794
resnet18,binary_healthy_affected,probe,1,18,brier,-0.00528755063784
resnet18,binary_healthy_affected,probe,1,19,brier,-0.0301329038301
resnet18,binary_healthy_affected,probe,1,20,brier,-0.0170831804046
resnet18,binary_healthy_affected,probe,1,21,brier,-0.0124584912918
resnet18,binary_healthy_affected,probe,1,22,brier,-0.0268658112025
resnet18,binary_healthy_affected,probe,1,23,brier,-0.0335817388554
resnet18,binary_healthy_affected,probe,1,24,brier,-0.0299521619317
resnet18,binary_healthy_affected,probe,1,25,brier,-0.0178116206856
resnet18,binary_healthy_affected,probe,1,26,brier,-0.0226648206543
resnet18,binary_healthy_affected,probe,1,27,brier,-0.00696836380622
resnet18,binary_healthy_affected,probe,1,28,brier,-0.0290409326242
resnet18,binary_healthy_affected,probe,1,29,brier,-0.0363080400889
resnet18,binary_healthy_affected,probe,1,0,auroc,0.0505279034691
resnet18,binary_healthy_affected,probe,1,1,auroc,0.0226244343891
resnet18,binary_healthy_affected,probe,1,2,auroc,0.0279034690799
resnet18,binary_healthy_affected,probe,1,3,auroc,0.030467571644
resnet18,binary_healthy_affected,probe,1,4,auroc,0.0241327300151
resnet18,binary_healthy_affected,probe,1,5,auroc,0.0180995475113
resnet18,binary_healthy_affected,probe,1,6,auroc,0.0328808446456
resnet18,binary_healthy_affected,probe,1,7,auroc,0.0279034690799
resnet18,binary_healthy_affected,probe,1,8,auroc,0.0191553544495
resnet18,binary_healthy_affected,probe,1,9,auroc,0.0316742081448
resnet18,binary_healthy_affected,probe,1,10,auroc,0.047209653092
resnet18,binary_healthy_affected,probe,1,11,auroc,0.0530920060332
resnet18,binary_healthy_affected,probe,1,12,auroc,0.0410256410256
resnet18,binary_healthy_affected,probe,1,13,auroc,0.0321266968326
resnet18,binary_healthy_affected,probe,1,14,auroc,0.0458521870287
resnet18,binary_healthy_affected,probe,1,15,auroc,0.0333333333333
resnet18,binary_healthy_affected,probe,1,16,auroc,0.0374057315234
resnet18,binary_healthy_affected,probe,1,17,auroc,0.0330316742081
resnet18,binary_healthy_affected,probe,1,18,auroc,0.00633484162896
resnet18,binary_healthy_affected,probe,1,19,auroc,0.0398190045249
resnet18,binary_healthy_affected,probe,1,20,auroc,0.021568627451
resnet18,binary_healthy_affected,probe,1,21,auroc,0.010407239819
resnet18,binary_healthy_affected,probe,1,22,auroc,0.040874811463
resnet18,binary_healthy_affected,probe,1,23,auroc,0.0487179487179
resnet18,binary_healthy_affected,probe,1,24,auroc,0.0500754147813
resnet18,binary_healthy_affected,probe,1,25,auroc,0.0138763197587
resnet18,binary_healthy_affected,probe,1,26,auroc,0.0291101055807
resnet18,binary_healthy_affected,probe,1,27,auroc,0.00950226244344
resnet18,binary_healthy_affected,probe,1,28,auroc,0.0484162895928
resnet18,binary_healthy_affected,probe,1,29,auroc,0.0552036199095
resnet18,binary_healthy_affected,sentinel,0.5,0,balanced_accuracy,0.0140131186643
resnet18,binary_healthy_affected,sentinel,0.5,1,balanced_accuracy,-0.00924269528921
resnet18,binary_healthy_affected,sentinel,0.5,2,balanced_accuracy,-0.00119260584377
resnet18,binary_healthy_affected,sentinel,0.5,3,balanced_accuracy,0.00119260584377
resnet18,binary_healthy_affected,sentinel,0.5,4,balanced_accuracy,0.00119260584377
resnet18,binary_healthy_affected,sentinel,0.5,5,balanced_accuracy,0.0384615384615
resnet18,binary_healthy_affected,sentinel,0.5,6,balanced_accuracy,-0.0128205128205
resnet18,binary_healthy_affected,sentinel,0.5,7,balanced_accuracy,-0.00119260584377
resnet18,binary_healthy_affected,sentinel,0.5,8,balanced_accuracy,-0.00119260584377
resnet18,binary_healthy_affected,sentinel,0.5,9,balanced_accuracy,0.0128205128205
resnet18,binary_healthy_affected,sentinel,0.5,10,balanced_accuracy,0.0232558139535
resnet18,binary_healthy_affected,sentinel,0.5,11,balanced_accuracy,-0.0396541443053
resnet18,binary_healthy_affected,sentinel,0.5,12,balanced_accuracy,-0.0116279069767
resnet18,binary_healthy_affected,sentinel,0.5,13,balanced_accuracy,0.0244484197973
resnet18,binary_healthy_affected,sentinel,0.5,14,balanced_accuracy,-0.0128205128205
resnet18,binary_healthy_affected,sentinel,0.5,15,balanced_accuracy,0.00119260584377
resnet18,binary_healthy_affected,sentinel,0.5,16,balanced_accuracy,0.0140131186643
resnet18,binary_healthy_affected,sentinel,0.5,17,balanced_accuracy,0
resnet18,binary_healthy_affected,sentinel,0.5,18,balanced_accuracy,0.00238521168754
resnet18,binary_healthy_affected,sentinel,0.5,19,balanced_accuracy,-0.025641025641
resnet18,binary_healthy_affected,sentinel,0.5,20,balanced_accuracy,-0.0268336314848
resnet18,binary_healthy_affected,sentinel,0.5,21,balanced_accuracy,0
resnet18,binary_healthy_affected,sentinel,0.5,22,balanced_accuracy,0.0629099582588
resnet18,binary_healthy_affected,sentinel,0.5,23,balanced_accuracy,-0.0128205128205
resnet18,binary_healthy_affected,sentinel,0.5,24,balanced_accuracy,0.0116279069767
resnet18,binary_healthy_affected,sentinel,0.5,25,balanced_accuracy,0.0116279069767
resnet18,binary_healthy_affected,sentinel,0.5,26,balanced_accuracy,-0.0128205128205
resnet18,binary_healthy_affected,sentinel,0.5,27,balanced_accuracy,0.036076326774
resnet18,binary_healthy_affected,sentinel,0.5,28,balanced_accuracy,0.0605247465713
resnet18,binary_healthy_affected,sentinel,0.5,29,balanced_accuracy,-0.0128205128205
resnet18,binary_healthy_affected,sentinel,0.5,0,accuracy,0.0121951219512
resnet18,binary_healthy_affected,sentinel,0.5,1,accuracy,-0.0121951219512
resnet18,binary_healthy_affected,sentinel,0.5,2,accuracy,0
resnet18,binary_healthy_affected,sentinel,0.5,3,accuracy,0
resnet18,binary_healthy_affected,sentinel,0.5,4,accuracy,0
resnet18,binary_healthy_affected,sentinel,0.5,5,accuracy,0.0365853658537
resnet18,binary_healthy_affected,sentinel,0.5,6,accuracy,-0.0121951219512
resnet18,binary_healthy_affected,sentinel,0.5,7,accuracy,0
resnet18,binary_healthy_affected,sentinel,0.5,8,accuracy,0
resnet18,binary_healthy_affected,sentinel,0.5,9,accuracy,0.0121951219512
resnet18,binary_healthy_affected,sentinel,0.5,10,accuracy,0.0243902439024
resnet18,binary_healthy_affected,sentinel,0.5,11,accuracy,-0.0365853658537
resnet18,binary_healthy_affected,sentinel,0.5,12,accuracy,-0.0121951219512
resnet18,binary_healthy_affected,sentinel,0.5,13,accuracy,0.0243902439024
resnet18,binary_healthy_affected,sentinel,0.5,14,accuracy,-0.0121951219512
resnet18,binary_healthy_affected,sentinel,0.5,15,accuracy,0
resnet18,binary_healthy_affected,sentinel,0.5,16,accuracy,0.0121951219512
resnet18,binary_healthy_affected,sentinel,0.5,17,accuracy,0
resnet18,binary_healthy_affected,sentinel,0.5,18,accuracy,0
resnet18,binary_healthy_affected,sentinel,0.5,19,accuracy,-0.0243902439024
resnet18,binary_healthy_affected,sentinel,0.5,20,accuracy,-0.0243902439024
resnet18,binary_healthy_affected,sentinel,0.5,21,accuracy,0
resnet18,binary_healthy_affected,sentinel,0.5,22,accuracy,0.0609756097561
resnet18,binary_healthy_affected,sentinel,0.5,23,accuracy,-0.0121951219512
resnet18,binary_healthy_affected,sentinel,0.5,24,accuracy,0.0121951219512
resnet18,binary_healthy_affected,sentinel,0.5,25,accuracy,0.0121951219512
resnet18,binary_healthy_affected,sentinel,0.5,26,accuracy,-0.0121951219512
resnet18,binary_healthy_affected,sentinel,0.5,27,accuracy,0.0365853658537
resnet18,binary_healthy_affected,sentinel,0.5,28,accuracy,0.0609756097561
resnet18,binary_healthy_affected,sentinel,0.5,29,accuracy,-0.0121951219512
resnet18,binary_healthy_affected,sentinel,0.5,0,macro_f1,0.012776160621
resnet18,binary_healthy_affected,sentinel,0.5,1,macro_f1,-0.0111756613553
resnet18,binary_healthy_affected,sentinel,0.5,2,macro_f1,-0.000748191495964
resnet18,binary_healthy_affected,sentinel,0.5,3,macro_f1,0.000748191495964
resnet18,binary_healthy_affected,sentinel,0.5,4,macro_f1,0.000748191495964
resnet18,binary_healthy_affected,sentinel,0.5,5,macro_f1,0.0385312163595
resnet18,binary_healthy_affected,sentinel,0.5,6,macro_f1,-0.0124048632469
resnet18,binary_healthy_affected,sentinel,0.5,7,macro_f1,-0.000748191495964
resnet18,binary_healthy_affected,sentinel,0.5,8,macro_f1,-0.000305605247466
resnet18,binary_healthy_affected,sentinel,0.5,9,macro_f1,0.0124419591298
resnet18,binary_healthy_affected,sentinel,0.5,10,macro_f1,0.0243031358885
resnet18,binary_healthy_affected,sentinel,0.5,11,macro_f1,-0.0380056179775
resnet18,binary_healthy_affected,sentinel,0.5,12,macro_f1,-0.0123167272264
resnet18,binary_healthy_affected,sentinel,0.5,13,macro_f1,0.0244484197973
resnet18,binary_healthy_affected,sentinel,0.5,14,macro_f1,-0.0125034014368
resnet18,binary_healthy_affected,sentinel,0.5,15,macro_f1,0.000484123909153
resnet18,binary_healthy_affected,sentinel,0.5,16,macro_f1,0.0139065917349
resnet18,binary_healthy_affected,sentinel,0.5,17,macro_f1,0
resnet18,binary_healthy_affected,sentinel,0.5,18,macro_f1,0.00109765994294
resnet18,binary_healthy_affected,sentinel,0.5,19,macro_f1,-0.0256936393861
resnet18,binary_healthy_affected,sentinel,0.5,20,macro_f1,-0.0258227050858
resnet18,binary_healthy_affected,sentinel,0.5,21,macro_f1,0
resnet18,binary_healthy_affected,sentinel,0.5,22,macro_f1,0.0628818729936
resnet18,binary_healthy_affected,sentinel,0.5,23,macro_f1,-0.0127219195712
resnet18,binary_healthy_affected,sentinel,0.5,24,macro_f1,0.0119657215548
resnet18,binary_healthy_affected,sentinel,0.5,25,macro_f1,0.0119189426813
resnet18,binary_healthy_affected,sentinel,0.5,26,macro_f1,-0.0125034014368
resnet18,binary_healthy_affected,sentinel,0.5,27,macro_f1,0.0364927965832
resnet18,binary_healthy_affected,sentinel,0.5,28,macro_f1,0.0610018384519
resnet18,binary_healthy_affected,sentinel,0.5,29,macro_f1,-0.0123386696451
resnet18,binary_healthy_affected,sentinel,0.5,0,log_loss,-0.0210100394499
resnet18,binary_healthy_affected,sentinel,0.5,1,log_loss,0.0261402026238
resnet18,binary_healthy_affected,sentinel,0.5,2,log_loss,0.00371871560094
resnet18,binary_healthy_affected,sentinel,0.5,3,log_loss,0.00923560267399
resnet18,binary_healthy_affected,sentinel,0.5,4,log_loss,0.0236391968116
resnet18,binary_healthy_affected,sentinel,0.5,5,log_loss,-0.00142350681531
resnet18,binary_healthy_affected,sentinel,0.5,6,log_loss,0.0448049166957
resnet18,binary_healthy_affected,sentinel,0.5,7,log_loss,-0.00410873797471
resnet18,binary_healthy_affected,sentinel,0.5,8,log_loss,-0.0141267834418
resnet18,binary_healthy_affected,sentinel,0.5,9,log_loss,0.0095390739101
resnet18,binary_healthy_affected,sentinel,0.5,10,log_loss,0.0122860533578
resnet18,binary_healthy_affected,sentinel,0.5,11,log_loss,0.0270752847236
resnet18,binary_healthy_affected,sentinel,0.5,12,log_loss,-0.00881086783259
resnet18,binary_healthy_affected,sentinel,0.5,13,log_loss,0.0235491582477
resnet18,binary_healthy_affected,sentinel,0.5,14,log_loss,0.0298447087965
resnet18,binary_healthy_affected,sentinel,0.5,15,log_loss,0.015913952454
resnet18,binary_healthy_affected,sentinel,0.5,16,log_loss,-0.0264345733976
resnet18,binary_healthy_affected,sentinel,0.5,17,log_loss,-0.00783215657614
resnet18,binary_healthy_affected,sentinel,0.5,18,log_loss,0.00620963493124
resnet18,binary_healthy_affected,sentinel,0.5,19,log_loss,0.0131249549222
resnet18,binary_healthy_affected,sentinel,0.5,20,log_loss,0.0112871460411
resnet18,binary_healthy_affected,sentinel,0.5,21,log_loss,0.0123401712983
resnet18,binary_healthy_affected,sentinel,0.5,22,log_loss,-0.00327673050931
resnet18,binary_healthy_affected,sentinel,0.5,23,log_loss,0.00427543136125
resnet18,binary_healthy_affected,sentinel,0.5,24,log_loss,0.0194400513938
resnet18,binary_healthy_affected,sentinel,0.5,25,log_loss,0.00567375971818
resnet18,binary_healthy_affected,sentinel,0.5,26,log_loss,0.0232930401366
resnet18,binary_healthy_affected,sentinel,0.5,27,log_loss,0.00680281848817
resnet18,binary_healthy_affected,sentinel,0.5,28,log_loss,0.0034730572178
resnet18,binary_healthy_affected,sentinel,0.5,29,log_loss,0.0093101772339
resnet18,binary_healthy_affected,sentinel,0.5,0,brier,-0.00471080590171
resnet18,binary_healthy_affected,sentinel,0.5,1,brier,0.00904482426612
resnet18,binary_healthy_affected,sentinel,0.5,2,brier,0.00371707946247
resnet18,binary_healthy_affected,sentinel,0.5,3,brier,0.00905016796031
resnet18,binary_healthy_affected,sentinel,0.5,4,brier,0.00804182132299
resnet18,binary_healthy_affected,sentinel,0.5,5,brier,-0.00462384898023
resnet18,binary_healthy_affected,sentinel,0.5,6,brier,0.0171453551978
resnet18,binary_healthy_affected,sentinel,0.5,7,brier,-0.00223341019587
resnet18,binary_healthy_affected,sentinel,0.5,8,brier,-0.00186344579699
resnet18,binary_healthy_affected,sentinel,0.5,9,brier,0.00182163239984
resnet18,binary_healthy_affected,sentinel,0.5,10,brier,0.00567955833084
resnet18,binary_healthy_affected,sentinel,0.5,11,brier,0.0116200491929
resnet18,binary_healthy_affected,sentinel,0.5,12,brier,-0.00134680677044
resnet18,binary_healthy_affected,sentinel,0.5,13,brier,0.0050856301239
resnet18,binary_healthy_affected,sentinel,0.5,14,brier,0.00609136406056
resnet18,binary_healthy_affected,sentinel,0.5,15,brier,0.00958405177309
resnet18,binary_healthy_affected,sentinel,0.5,16,brier,-0.00901597885191
resnet18,binary_healthy_affected,sentinel,0.5,17,brier,-0.00530872564469
resnet18,binary_healthy_affected,sentinel,0.5,18,brier,0.00158310269818
resnet18,binary_healthy_affected,sentinel,0.5,19,brier,0.00599939733334
resnet18,binary_healthy_affected,sentinel,0.5,20,brier,0.00568008747627
resnet18,binary_healthy_affected,sentinel,0.5,21,brier,-0.000829982349607
resnet18,binary_healthy_affected,sentinel,0.5,22,brier,-0.00249150403226
resnet18,binary_healthy_affected,sentinel,0.5,23,brier,0.000891713947533
resnet18,binary_healthy_affected,sentinel,0.5,24,brier,0.00687668965301
resnet18,binary_healthy_affected,sentinel,0.5,25,brier,0.00184456263793
resnet18,binary_healthy_affected,sentinel,0.5,26,brier,0.00588578452514
resnet18,binary_healthy_affected,sentinel,0.5,27,brier,-0.00326198145378
resnet18,binary_healthy_affected,sentinel,0.5,28,brier,-0.00501348815277
resnet18,binary_healthy_affected,sentinel,0.5,29,brier,0.00419182522018
resnet18,binary_healthy_affected,sentinel,0.5,0,auroc,0.0113297555158
resnet18,binary_healthy_affected,sentinel,0.5,1,auroc,-0.0137149672033
resnet18,binary_healthy_affected,sentinel,0.5,2,auroc,-0.00894454382826
resnet18,binary_healthy_affected,sentinel,0.5,3,auroc,-0.0125223613596
resnet18,binary_healthy_affected,sentinel,0.5,4,auroc,-0.0107334525939
resnet18,binary_healthy_affected,sentinel,0.5,5,auroc,0.00119260584377
resnet18,binary_healthy_affected,sentinel,0.5,6,auroc,-0.0250447227191
resnet18,binary_healthy_affected,sentinel,0.5,7,auroc,-0.00119260584377
resnet18,binary_healthy_affected,sentinel,0.5,8,auroc,0.00954084675015
resnet18,binary_healthy_affected,sentinel,0.5,9,auroc,-0.00298151460942
resnet18,binary_healthy_affected,sentinel,0.5,10,auroc,-0.0113297555158
resnet18,binary_healthy_affected,sentinel,0.5,11,auroc,-0.0184853905784
resnet18,binary_healthy_affected,sentinel,0.5,12,auroc,0.00596302921884
resnet18,binary_healthy_affected,sentinel,0.5,13,auroc,-0.0107334525939
resnet18,binary_healthy_affected,sentinel,0.5,14,auroc,-0.0107334525939
resnet18,binary_healthy_affected,sentinel,0.5,15,auroc,-0.00715563506261
resnet18,binary_healthy_affected,sentinel,0.5,16,auroc,0.0196779964222
resnet18,binary_healthy_affected,sentinel,0.5,17,auroc,0.0161001788909
resnet18,binary_healthy_affected,sentinel,0.5,18,auroc,0.00894454382826
resnet18,binary_healthy_affected,sentinel,0.5,19,auroc,-0.0107334525939
resnet18,binary_healthy_affected,sentinel,0.5,20,auroc,-0.00477042337507
resnet18,binary_healthy_affected,sentinel,0.5,21,auroc,0.00119260584377
resnet18,binary_healthy_affected,sentinel,0.5,22,auroc,0.00178890876565
resnet18,binary_healthy_affected,sentinel,0.5,23,auroc,1.11022302463e-16
resnet18,binary_healthy_affected,sentinel,0.5,24,auroc,-0.0137149672033
resnet18,binary_healthy_affected,sentinel,0.5,25,auroc,-0.0107334525939
resnet18,binary_healthy_affected,sentinel,0.5,26,auroc,-0.0077519379845
resnet18,binary_healthy_affected,sentinel,0.5,27,auroc,-0.00238521168754
resnet18,binary_healthy_affected,sentinel,0.5,28,auroc,-0.00238521168754
resnet18,binary_healthy_affected,sentinel,0.5,29,auroc,-0.00715563506261
resnet18,binary_healthy_affected,sentinel,1,0,balanced_accuracy,0.0152057245081
resnet18,binary_healthy_affected,sentinel,1,1,balanced_accuracy,-0.020870602266
resnet18,binary_healthy_affected,sentinel,1,2,balanced_accuracy,0.046511627907
resnet18,binary_healthy_affected,sentinel,1,3,balanced_accuracy,-0.0244484197973
resnet18,binary_healthy_affected,sentinel,1,4,balanced_accuracy,0.0244484197973
resnet18,binary_healthy_affected,sentinel,1,5,balanced_accuracy,0.0500894454383
resnet18,binary_healthy_affected,sentinel,1,6,balanced_accuracy,-0.0244484197973
resnet18,binary_healthy_affected,sentinel,1,7,balanced_accuracy,0.0220632081097
resnet18,binary_healthy_affected,sentinel,1,8,balanced_accuracy,-0.00238521168754
resnet18,binary_healthy_affected,sentinel,1,9,balanced_accuracy,-0.0488968395945
resnet18,binary_healthy_affected,sentinel,1,10,balanced_accuracy,0.0128205128205
resnet18,binary_healthy_affected,sentinel,1,11,balanced_accuracy,-0.0396541443053
resnet18,binary_healthy_affected,sentinel,1,12,balanced_accuracy,-0.036076326774
resnet18,binary_healthy_affected,sentinel,1,13,balanced_accuracy,0.0244484197973
resnet18,binary_healthy_affected,sentinel,1,14,balanced_accuracy,0.0116279069767
resnet18,binary_healthy_affected,sentinel,1,15,balanced_accuracy,-0.0348837209302
resnet18,binary_healthy_affected,sentinel,1,16,balanced_accuracy,-0.0348837209302
resnet18,binary_healthy_affected,sentinel,1,17,balanced_accuracy,0.025641025641
resnet18,binary_healthy_affected,sentinel,1,18,balanced_accuracy,-0.020870602266
resnet18,binary_healthy_affected,sentinel,1,19,balanced_accuracy,0.0116279069767
resnet18,binary_healthy_affected,sentinel,1,20,balanced_accuracy,-0.0140131186643
resnet18,binary_healthy_affected,sentinel,1,21,balanced_accuracy,0
resnet18,binary_healthy_affected,sentinel,1,22,balanced_accuracy,0.0500894454383
resnet18,binary_healthy_affected,sentinel,1,23,balanced_accuracy,-0.036076326774
resnet18,binary_healthy_affected,sentinel,1,24,balanced_accuracy,-0.0244484197973
resnet18,binary_healthy_affected,sentinel,1,25,balanced_accuracy,0.0244484197973
resnet18,binary_healthy_affected,sentinel,1,26,balanced_accuracy,-0.0128205128205
resnet18,binary_healthy_affected,sentinel,1,27,balanced_accuracy,0.0232558139535
resnet18,binary_healthy_affected,sentinel,1,28,balanced_accuracy,0.0733452593918
resnet18,binary_healthy_affected,sentinel,1,29,balanced_accuracy,0.0232558139535
resnet18,binary_healthy_affected,sentinel,1,0,accuracy,0.0121951219512
resnet18,binary_healthy_affected,sentinel,1,1,accuracy,-0.0243902439024
resnet18,binary_healthy_affected,sentinel,1,2,accuracy,0.0487804878049
resnet18,binary_healthy_affected,sentinel,1,3,accuracy,-0.0243902439024
resnet18,binary_healthy_affected,sentinel,1,4,accuracy,0.0243902439024
resnet18,binary_healthy_affected,sentinel,1,5,accuracy,0.0487804878049
resnet18,binary_healthy_affected,sentinel,1,6,accuracy,-0.0243902439024
resnet18,binary_healthy_affected,sentinel,1,7,accuracy,0.0243902439024
resnet18,binary_healthy_affected,sentinel,1,8,accuracy,0
resnet18,binary_healthy_affected,sentinel,1,9,accuracy,-0.0487804878049
resnet18,binary_healthy_affected,sentinel,1,10,accuracy,0.0121951219512
resnet18,binary_healthy_affected,sentinel,1,11,accuracy,-0.0365853658537
resnet18,binary_healthy_affected,sentinel,1,12,accuracy,-0.0365853658537
resnet18,binary_healthy_affected,sentinel,1,13,accuracy,0.0243902439024
resnet18,binary_healthy_affected,sentinel,1,14,accuracy,0.0121951219512
resnet18,binary_healthy_affected,sentinel,1,15,accuracy,-0.0365853658537
resnet18,binary_healthy_affected,sentinel,1,16,accuracy,-0.0365853658537
resnet18,binary_healthy_affected,sentinel,1,17,accuracy,0.0243902439024
resnet18,binary_healthy_affected,sentinel,1,18,accuracy,-0.0243902439024
resnet18,binary_healthy_affected,sentinel,1,19,accuracy,0.0121951219512
resnet18,binary_healthy_affected,sentinel,1,20,accuracy,-0.0121951219512
resnet18,binary_healthy_affected,sentinel,1,21,accuracy,0
resnet18,binary_healthy_affected,sentinel,1,22,accuracy,0.0487804878049
resnet18,binary_healthy_affected,sentinel,1,23,accuracy,-0.0365853658537
resnet18,binary_healthy_affected,sentinel,1,24,accuracy,-0.0243902439024
resnet18,binary_healthy_affected,sentinel,1,25,accuracy,0.0243902439024
resnet18,binary_healthy_affected,sentinel,1,26,accuracy,-0.0121951219512
resnet18,binary_healthy_affected,sentinel,1,27,accuracy,0.0243902439024
resnet18,binary_healthy_affected,sentinel,1,28,accuracy,0.0731707317073
resnet18,binary_healthy_affected,sentinel,1,29,accuracy,0.0243902439024
resnet18,binary_healthy_affected,sentinel,1,0,macro_f1,0.0128777866372
resnet18,binary_healthy_affected,sentinel,1,1,macro_f1,-0.0233399463181
resnet18,binary_healthy_affected,sentinel,1,2,macro_f1,0.0476210924959
resnet18,binary_healthy_affected,sentinel,1,3,macro_f1,-0.0245692883895
resnet18,binary_healthy_affected,sentinel,1,4,macro_f1,0.0245692883895
resnet18,binary_healthy_affected,sentinel,1,5,macro_f1,0.0504969379142
resnet18,binary_healthy_affected,sentinel,1,6,macro_f1,-0.0244484197973
resnet18,binary_healthy_affected,sentinel,1,7,macro_f1,0.0229334513699
resnet18,binary_healthy_affected,sentinel,1,8,macro_f1,-0.000817384370016
resnet18,binary_healthy_affected,sentinel,1,9,macro_f1,-0.049043062201
resnet18,binary_healthy_affected,sentinel,1,10,macro_f1,0.0121715407248
resnet18,binary_healthy_affected,sentinel,1,11,macro_f1,-0.0380056179775
resnet18,binary_healthy_affected,sentinel,1,12,macro_f1,-0.0367214891311
resnet18,binary_healthy_affected,sentinel,1,13,macro_f1,0.0244484197973
resnet18,binary_healthy_affected,sentinel,1,14,macro_f1,0.0119778644237
resnet18,binary_healthy_affected,sentinel,1,15,macro_f1,-0.0360078524385
resnet18,binary_healthy_affected,sentinel,1,16,macro_f1,-0.0353426575144
resnet18,binary_healthy_affected,sentinel,1,17,macro_f1,0.0255862443652
resnet18,binary_healthy_affected,sentinel,1,18,macro_f1,-0.0230782472378
resnet18,binary_healthy_affected,sentinel,1,19,macro_f1,0.0118419543139
resnet18,binary_healthy_affected,sentinel,1,20,macro_f1,-0.0131007855146
resnet18,binary_healthy_affected,sentinel,1,21,macro_f1,0
resnet18,binary_healthy_affected,sentinel,1,22,macro_f1,0.0502629277756
resnet18,binary_healthy_affected,sentinel,1,23,macro_f1,-0.0365219151736
resnet18,binary_healthy_affected,sentinel,1,24,macro_f1,-0.0246246246246
resnet18,binary_healthy_affected,sentinel,1,25,macro_f1,0.024687641126
resnet18,binary_healthy_affected,sentinel,1,26,macro_f1,-0.0125034014368
resnet18,binary_healthy_affected,sentinel,1,27,macro_f1,0.0241177832867
resnet18,binary_healthy_affected,sentinel,1,28,macro_f1,0.0734437975817
resnet18,binary_healthy_affected,sentinel,1,29,macro_f1,0.0241428145498
resnet18,binary_healthy_affected,sentinel,1,0,log_loss,-0.0147134673049
resnet18,binary_healthy_affected,sentinel,1,1,log_loss,0.0233529404518
resnet18,binary_healthy_affected,sentinel,1,2,log_loss,-0.0279084873899
resnet18,binary_healthy_affected,sentinel,1,3,log_loss,0.0249853718098
resnet18,binary_healthy_affected,sentinel,1,4,log_loss,0.0213019510615
resnet18,binary_healthy_affected,sentinel,1,5,log_loss,0.0125472857142
resnet18,binary_healthy_affected,sentinel,1,6,log_loss,0.0358715291092
resnet18,binary_healthy_affected,sentinel,1,7,log_loss,0.00449390768206
resnet18,binary_healthy_affected,sentinel,1,8,log_loss,-0.00967188870064
resnet18,binary_healthy_affected,sentinel,1,9,log_loss,0.0108338668562
resnet18,binary_healthy_affected,sentinel,1,10,log_loss,0.0280926343838
resnet18,binary_healthy_affected,sentinel,1,11,log_loss,0.0331706106234
resnet18,binary_healthy_affected,sentinel,1,12,log_loss,0.00943205303028
resnet18,binary_healthy_affected,sentinel,1,13,log_loss,0.0141406500018
resnet18,binary_healthy_affected,sentinel,1,14,log_loss,0.0171591023474
resnet18,binary_healthy_affected,sentinel,1,15,log_loss,0.0561692315574
resnet18,binary_healthy_affected,sentinel,1,16,log_loss,-0.0152496249704
resnet18,binary_healthy_affected,sentinel,1,17,log_loss,-0.0252548618178
resnet18,binary_healthy_affected,sentinel,1,18,log_loss,0.0358959863921
resnet18,binary_healthy_affected,sentinel,1,19,log_loss,-0.0173676676219
resnet18,binary_healthy_affected,sentinel,1,20,log_loss,0.0144384944089
resnet18,binary_healthy_affected,sentinel,1,21,log_loss,0.00614897843682
resnet18,binary_healthy_affected,sentinel,1,22,log_loss,-0.0292582100956
resnet18,binary_healthy_affected,sentinel,1,23,log_loss,0.0179249879072
resnet18,binary_healthy_affected,sentinel,1,24,log_loss,0.0191202351234
resnet18,binary_healthy_affected,sentinel,1,25,log_loss,-0.0208195760765
resnet18,binary_healthy_affected,sentinel,1,26,log_loss,0.0168628751502
resnet18,binary_healthy_affected,sentinel,1,27,log_loss,-0.00447650316196
resnet18,binary_healthy_affected,sentinel,1,28,log_loss,-0.0361333701449
resnet18,binary_healthy_affected,sentinel,1,29,log_loss,-0.0347835988413
resnet18,binary_healthy_affected,sentinel,1,0,brier,-0.00405066216164
resnet18,binary_healthy_affected,sentinel,1,1,brier,0.0117212939431
resnet18,binary_healthy_affected,sentinel,1,2,brier,-0.0124021346398
resnet18,binary_healthy_affected,sentinel,1,3,brier,0.0122870350197
resnet18,binary_healthy_affected,sentinel,1,4,brier,0.00803753212468
resnet18,binary_healthy_affected,sentinel,1,5,brier,0.000595723616097
resnet18,binary_healthy_affected,sentinel,1,6,brier,0.0141295776736
resnet18,binary_healthy_affected,sentinel,1,7,brier,-4.08990179515e-05
resnet18,binary_healthy_affected,sentinel,1,8,brier,-0.000432867192192
resnet18,binary_healthy_affected,sentinel,1,9,brier,0.00428467541935
resnet18,binary_healthy_affected,sentinel,1,10,brier,0.0112605128574
resnet18,binary_healthy_affected,sentinel,1,11,brier,0.0120973982521
resnet18,binary_healthy_affected,sentinel,1,12,brier,0.00673045823021
resnet18,binary_healthy_affected,sentinel,1,13,brier,0.00221017987257
resnet18,binary_healthy_affected,sentinel,1,14,brier,0.00183937575256
resnet18,binary_healthy_affected,sentinel,1,15,brier,0.0229268442056
resnet18,binary_healthy_affected,sentinel,1,16,brier,-0.00279699448218
resnet18,binary_healthy_affected,sentinel,1,17,brier,-0.0113145043198
resnet18,binary_healthy_affected,sentinel,1,18,brier,0.0140019990583
resnet18,binary_healthy_affected,sentinel,1,19,brier,-0.00893696738679
resnet18,binary_healthy_affected,sentinel,1,20,brier,0.00632704092597
resnet18,binary_healthy_affected,sentinel,1,21,brier,-0.00541756181107
resnet18,binary_healthy_affected,sentinel,1,22,brier,-0.0101108112253
resnet18,binary_healthy_affected,sentinel,1,23,brier,0.00523401495012
resnet18,binary_healthy_affected,sentinel,1,24,brier,0.0121577813996
resnet18,binary_healthy_affected,sentinel,1,25,brier,-0.00719141626451
resnet18,binary_healthy_affected,sentinel,1,26,brier,0.00490843183657
resnet18,binary_healthy_affected,sentinel,1,27,brier,-0.00822308423449
resnet18,binary_healthy_affected,sentinel,1,28,brier,-0.0182345532925
resnet18,binary_healthy_affected,sentinel,1,29,brier,-0.0137679799528
resnet18,binary_healthy_affected,sentinel,1,0,auroc,0.00834824090638
resnet18,binary_healthy_affected,sentinel,1,1,auroc,-0.0107334525939
resnet18,binary_healthy_affected,sentinel,1,2,auroc,0.0143112701252
resnet18,binary_healthy_affected,sentinel,1,3,auroc,-0.0232558139535
resnet18,binary_healthy_affected,sentinel,1,4,auroc,-0.00894454382826
resnet18,binary_healthy_affected,sentinel,1,5,auroc,-0.00536672629696
resnet18,binary_healthy_affected,sentinel,1,6,auroc,-0.015503875969
resnet18,binary_healthy_affected,sentinel,1,7,auroc,-0.00298151460942
resnet18,binary_healthy_affected,sentinel,1,8,auroc,0.00178890876565
resnet18,binary_healthy_affected,sentinel,1,9,auroc,-0.00715563506261
resnet18,binary_healthy_affected,sentinel,1,10,auroc,-0.0178890876565
resnet18,binary_healthy_affected,sentinel,1,11,auroc,-0.0220632081097
resnet18,binary_healthy_affected,sentinel,1,12,auroc,0.00238521168754
resnet18,binary_healthy_affected,sentinel,1,13,auroc,-0.010137149672
resnet18,binary_healthy_affected,sentinel,1,14,auroc,-0.00298151460942
resnet18,binary_healthy_affected,sentinel,1,15,auroc,-0.0238521168754
resnet18,binary_healthy_affected,sentinel,1,16,auroc,0.0184853905784
resnet18,binary_healthy_affected,sentinel,1,17,auroc,0.0149075730471
resnet18,binary_healthy_affected,sentinel,1,18,auroc,-0.00596302921884
resnet18,binary_healthy_affected,sentinel,1,19,auroc,0.0077519379845
resnet18,binary_healthy_affected,sentinel,1,20,auroc,-0.0077519379845
resnet18,binary_healthy_affected,sentinel,1,21,auroc,0.00357781753131
resnet18,binary_healthy_affected,sentinel,1,22,auroc,0.0161001788909
resnet18,binary_healthy_affected,sentinel,1,23,auroc,-0.00655933214073
resnet18,binary_healthy_affected,sentinel,1,24,auroc,-0.0107334525939
resnet18,binary_healthy_affected,sentinel,1,25,auroc,0.0113297555158
resnet18,binary_healthy_affected,sentinel,1,26,auroc,-0.0107334525939
resnet18,binary_healthy_affected,sentinel,1,27,auroc,0.00357781753131
resnet18,binary_healthy_affected,sentinel,1,28,auroc,0.0214669051878
resnet18,binary_healthy_affected,sentinel,1,29,auroc,0.0125223613596
resnet18,four_class,probe,0.5,0,balanced_accuracy,-0.0960550887021
resnet18,four_class,probe,0.5,1,balanced_accuracy,0.211805555556
resnet18,four_class,probe,0.5,2,balanced_accuracy,0.105088702148
resnet18,four_class,probe,0.5,3,balanced_accuracy,0.0916958450047
resnet18,four_class,probe,0.5,4,balanced_accuracy,0.0551645658263
resnet18,four_class,probe,0.5,5,balanced_accuracy,0.175595238095
resnet18,four_class,probe,0.5,6,balanced_accuracy,0.106611811391
resnet18,four_class,probe,0.5,7,balanced_accuracy,0.034156162465
resnet18,four_class,probe,0.5,8,balanced_accuracy,0.0916958450047
resnet18,four_class,probe,0.5,9,balanced_accuracy,0.0132878151261
resnet18,four_class,probe,0.5,10,balanced_accuracy,0.066398225957
resnet18,four_class,probe,0.5,11,balanced_accuracy,0.0540324463119
resnet18,four_class,probe,0.5,12,balanced_accuracy,0.124363912232
resnet18,four_class,probe,0.5,13,balanced_accuracy,0.104697712418
resnet18,four_class,probe,0.5,14,balanced_accuracy,0.024445611578
resnet18,four_class,probe,0.5,15,balanced_accuracy,0.123441876751
resnet18,four_class,probe,0.5,16,balanced_accuracy,0.0183531746032
resnet18,four_class,probe,0.5,17,balanced_accuracy,0.0788340336134
resnet18,four_class,probe,0.5,18,balanced_accuracy,0.00556139122316
resnet18,four_class,probe,0.5,19,balanced_accuracy,0.108525910364
resnet18,four_class,probe,0.5,20,balanced_accuracy,0.046130952381
resnet18,four_class,probe,0.5,21,balanced_accuracy,0.0191701680672
resnet18,four_class,probe,0.5,22,balanced_accuracy,0.0793300653595
resnet18,four_class,probe,0.5,23,balanced_accuracy,0.0940009337068
resnet18,four_class,probe,0.5,24,balanced_accuracy,0.0316409897292
resnet18,four_class,probe,0.5,25,balanced_accuracy,0.064910130719
resnet18,four_class,probe,0.5,26,balanced_accuracy,0.195010504202
resnet18,four_class,probe,0.5,27,balanced_accuracy,0.0293008870215
resnet18,four_class,probe,0.5,28,balanced_accuracy,0.0712885154062
resnet18,four_class,probe,0.5,29,balanced_accuracy,0.118977591036
resnet18,four_class,probe,0.5,0,accuracy,-0.0368098159509
resnet18,four_class,probe,0.5,1,accuracy,0.079754601227
resnet18,four_class,probe,0.5,2,accuracy,0.0429447852761
resnet18,four_class,probe,0.5,3,accuracy,0.0245398773006
resnet18,four_class,probe,0.5,4,accuracy,0.0306748466258
resnet18,four_class,probe,0.5,5,accuracy,0.0429447852761
resnet18,four_class,probe,0.5,6,accuracy,0.0429447852761
resnet18,four_class,probe,0.5,7,accuracy,0.0122699386503
resnet18,four_class,probe,0.5,8,accuracy,0.0245398773006
resnet18,four_class,probe,0.5,9,accuracy,0.0245398773006
resnet18,four_class,probe,0.5,10,accuracy,0.0306748466258
resnet18,four_class,probe,0.5,11,accuracy,0.0245398773006
resnet18,four_class,probe,0.5,12,accuracy,0.0736196319018
resnet18,four_class,probe,0.5,13,accuracy,0.0490797546012
resnet18,four_class,probe,0.5,14,accuracy,0.0122699386503
resnet18,four_class,probe,0.5,15,accuracy,0.0552147239264
resnet18,four_class,probe,0.5,16,accuracy,0.0122699386503
resnet18,four_class,probe,0.5,17,accuracy,0.0306748466258
resnet18,four_class,probe,0.5,18,accuracy,-0.0245398773006
resnet18,four_class,probe,0.5,19,accuracy,0.0368098159509
resnet18,four_class,probe,0.5,20,accuracy,0.0245398773006
resnet18,four_class,probe,0.5,21,accuracy,0.0368098159509
resnet18,four_class,probe,0.5,22,accuracy,0.0184049079755
resnet18,four_class,probe,0.5,23,accuracy,0.0920245398773
resnet18,four_class,probe,0.5,24,accuracy,0.0368098159509
resnet18,four_class,probe,0.5,25,accuracy,0.0674846625767
resnet18,four_class,probe,0.5,26,accuracy,0.0245398773006
resnet18,four_class,probe,0.5,27,accuracy,0.0122699386503
resnet18,four_class,probe,0.5,28,accuracy,0.0674846625767
resnet18,four_class,probe,0.5,29,accuracy,0.0490797546012
resnet18,four_class,probe,0.5,0,macro_f1,-0.106971102999
resnet18,four_class,probe,0.5,1,macro_f1,0.187282420165
resnet18,four_class,probe,0.5,2,macro_f1,0.101390787995
resnet18,four_class,probe,0.5,3,macro_f1,0.0960273960274
resnet18,four_class,probe,0.5,4,macro_f1,0.0863996447298
resnet18,four_class,probe,0.5,5,macro_f1,0.161537600873
resnet18,four_class,probe,0.5,6,macro_f1,0.103213360673
resnet18,four_class,probe,0.5,7,macro_f1,0.0281632758714
resnet18,four_class,probe,0.5,8,macro_f1,0.0543903082236
resnet18,four_class,probe,0.5,9,macro_f1,0.0196160291029
resnet18,four_class,probe,0.5,10,macro_f1,0.0367572377519
resnet18,four_class,probe,0.5,11,macro_f1,0.052918525919
resnet18,four_class,probe,0.5,12,macro_f1,0.090201572
resnet18,four_class,probe,0.5,13,macro_f1,0.117594442594
resnet18,four_class,probe,0.5,14,macro_f1,0.0212552073028
resnet18,four_class,probe,0.5,15,macro_f1,0.110584437673
resnet18,four_class,probe,0.5,16,macro_f1,0.037997890286
resnet18,four_class,probe,0.5,17,macro_f1,0.0999032164571
resnet18,four_class,probe,0.5,18,macro_f1,0.0355430708194
resnet18,four_class,probe,0.5,19,macro_f1,0.0875574983502
resnet18,four_class,probe,0.5,20,macro_f1,0.0438966588552
resnet18,four_class,probe,0.5,21,macro_f1,0.0463296204119
resnet18,four_class,probe,0.5,22,macro_f1,0.0286282381457
resnet18,four_class,probe,0.5,23,macro_f1,0.115764591632
resnet18,four_class,probe,0.5,24,macro_f1,0.0417943050398
resnet18,four_class,probe,0.5,25,macro_f1,0.078436647276
resnet18,four_class,probe,0.5,26,macro_f1,0.211927061193
resnet18,four_class,probe,0.5,27,macro_f1,0.044242762417
resnet18,four_class,probe,0.5,28,macro_f1,0.072339380711
resnet18,four_class,probe,0.5,29,macro_f1,0.0814157352619
resnet18,four_class,probe,0.5,0,log_loss,-0.0496153616197
resnet18,four_class,probe,0.5,1,log_loss,-0.0723077299482
resnet18,four_class,probe,0.5,2,log_loss,-0.0712384536023
resnet18,four_class,probe,0.5,3,log_loss,-0.093131417553
resnet18,four_class,probe,0.5,4,log_loss,-0.0768199679007
resnet18,four_class,probe,0.5,5,log_loss,-0.127393329489
resnet18,four_class,probe,0.5,6,log_loss,-0.11243809269
resnet18,four_class,probe,0.5,7,log_loss,-0.0428870400851
resnet18,four_class,probe,0.5,8,log_loss,-0.0536545548088
resnet18,four_class,probe,0.5,9,log_loss,-0.0639709311218
resnet18,four_class,probe,0.5,10,log_loss,-0.0877947688721
resnet18,four_class,probe,0.5,11,log_loss,-0.0732736298607
resnet18,four_class,probe,0.5,12,log_loss,-0.119992909612
resnet18,four_class,probe,0.5,13,log_loss,-0.0936378562099
resnet18,four_class,probe,0.5,14,log_loss,-0.0990748742286
resnet18,four_class,probe,0.5,15,log_loss,-0.0940459698032
resnet18,four_class,probe,0.5,16,log_loss,-0.117647962623
resnet18,four_class,probe,0.5,17,log_loss,-0.126602419397
resnet18,four_class,probe,0.5,18,log_loss,-0.0502792074215
resnet18,four_class,probe,0.5,19,log_loss,-0.0921801000718
resnet18,four_class,probe,0.5,20,log_loss,-0.0906536450864
resnet18,four_class,probe,0.5,21,log_loss,-0.0994978623644
resnet18,four_class,probe,0.5,22,log_loss,-0.0962927820161
resnet18,four_class,probe,0.5,23,log_loss,-0.115367979269
resnet18,four_class,probe,0.5,24,log_loss,-0.137460437369
resnet18,four_class,probe,0.5,25,log_loss,-0.073056224399
resnet18,four_class,probe,0.5,26,log_loss,-0.0723700302478
resnet18,four_class,probe,0.5,27,log_loss,-0.0444792751667
resnet18,four_class,probe,0.5,28,log_loss,-0.0799150328386
resnet18,four_class,probe,0.5,29,log_loss,-0.0897455437169
resnet18,four_class,probe,0.5,0,brier,-0.0138587223289
resnet18,four_class,probe,0.5,1,brier,-0.0426626148113
resnet18,four_class,probe,0.5,2,brier,-0.0480336692623
resnet18,four_class,probe,0.5,3,brier,-0.044936674876
resnet18,four_class,probe,0.5,4,brier,-0.0325736864376
resnet18,four_class,probe,0.5,5,brier,-0.0652630059414
resnet18,four_class,probe,0.5,6,brier,-0.0615276609027
resnet18,four_class,probe,0.5,7,brier,-0.017385561062
resnet18,four_class,probe,0.5,8,brier,-0.0350916866605
resnet18,four_class,probe,0.5,9,brier,-0.0427318141768
resnet18,four_class,probe,0.5,10,brier,-0.0554758622913
resnet18,four_class,probe,0.5,11,brier,-0.0589390781509
resnet18,four_class,probe,0.5,12,brier,-0.077448818472
resnet18,four_class,probe,0.5,13,brier,-0.0532272099944
resnet18,four_class,probe,0.5,14,brier,-0.0431991141781
resnet18,four_class,probe,0.5,15,brier,-0.0548577061468
resnet18,four_class,probe,0.5,16,brier,-0.0473834811236
resnet18,four_class,probe,0.5,17,brier,-0.054963206135
resnet18,four_class,probe,0.5,18,brier,-0.0125309704182
resnet18,four_class,probe,0.5,19,brier,-0.0454966080367
resnet18,four_class,probe,0.5,20,brier,-0.0497340975586
resnet18,four_class,probe,0.5,21,brier,-0.0434534754858
resnet18,four_class,probe,0.5,22,brier,-0.0521967884629
resnet18,four_class,probe,0.5,23,brier,-0.0736615047849
resnet18,four_class,probe,0.5,24,brier,-0.0565815627275
resnet18,four_class,probe,0.5,25,brier,-0.0535405548875
resnet18,four_class,probe,0.5,26,brier,-0.043354567604
resnet18,four_class,probe,0.5,27,brier,-0.0210273346066
resnet18,four_class,probe,0.5,28,brier,-0.0386534943067
resnet18,four_class,probe,0.5,29,brier,-0.0475190887993
resnet18,four_class,probe,0.5,0,auroc,0.0256345346708
resnet18,four_class,probe,0.5,1,auroc,0.0362362491409
resnet18,four_class,probe,0.5,2,auroc,0.0187318258129
resnet18,four_class,probe,0.5,3,auroc,0.0315143401154
resnet18,four_class,probe,0.5,4,auroc,0.0219495578134
resnet18,four_class,probe,0.5,5,auroc,0.0764665489684
resnet18,four_class,probe,0.5,6,auroc,0.0379309707534
resnet18,four_class,probe,0.5,7,auroc,0.00275797940758
resnet18,four_class,probe,0.5,8,auroc,0.0243787248749
resnet18,four_class,probe,0.5,9,auroc,0.0268424450809
resnet18,four_class,probe,0.5,10,auroc,0.0542327420602
resnet18,four_class,probe,0.5,11,auroc,0.00726953979504
resnet18,four_class,probe,0.5,12,auroc,0.0351413713956
resnet18,four_class,probe,0.5,13,auroc,0.0342680252597
resnet18,four_class,probe,0.5,14,auroc,0.0249255955418
resnet18,four_class,probe,0.5,15,auroc,0.0315474313262
resnet18,four_class,probe,0.5,16,auroc,0.044270860381
resnet18,four_class,probe,0.5,17,auroc,0.0390951466007
resnet18,four_class,probe,0.5,18,auroc,0.0262225426062
resnet18,four_class,probe,0.5,19,auroc,0.0311333968477
resnet18,four_class,probe,0.5,20,auroc,0.0327518010746
resnet18,four_class,probe,0.5,21,auroc,0.088716219429
resnet18,four_class,probe,0.5,22,auroc,0.0275435642373
resnet18,four_class,probe,0.5,23,auroc,0.0337282583613
resnet18,four_class,probe,0.5,24,auroc,0.0603662908888
resnet18,four_class,probe,0.5,25,auroc,0.0257748400722
resnet18,four_class,probe,0.5,26,auroc,0.0297847667056
resnet18,four_class,probe,0.5,27,auroc,0.0121246671009
resnet18,four_class,probe,0.5,28,auroc,0.0354432783822
resnet18,four_class,probe,0.5,29,auroc,0.0496591771351
resnet18,four_class,probe,1,0,balanced_accuracy,-0.037237394958
resnet18,four_class,probe,1,1,balanced_accuracy,0.308887721755
resnet18,four_class,probe,1,2,balanced_accuracy,0.18796101774
resnet18,four_class,probe,1,3,balanced_accuracy,0.124859943978
resnet18,four_class,probe,1,4,balanced_accuracy,0.0947070494865
resnet18,four_class,probe,1,5,balanced_accuracy,0.266690009337
resnet18,four_class,probe,1,6,balanced_accuracy,0.11554038282
resnet18,four_class,probe,1,7,balanced_accuracy,0.217051820728
resnet18,four_class,probe,1,8,balanced_accuracy,0.113912231559
resnet18,four_class,probe,1,9,balanced_accuracy,0.17733426704
resnet18,four_class,probe,1,10,balanced_accuracy,0.151114612512
resnet18,four_class,probe,1,11,balanced_accuracy,0.269701213819
resnet18,four_class,probe,1,12,balanced_accuracy,0.243837535014
resnet18,four_class,probe,1,13,balanced_accuracy,0.129750233427
resnet18,four_class,probe,1,14,balanced_accuracy,0.119508636788
resnet18,four_class,probe,1,15,balanced_accuracy,0.159547152194
resnet18,four_class,probe,1,16,balanced_accuracy,0.0485760971055
resnet18,four_class,probe,1,17,balanced_accuracy,0.161531279178
resnet18,four_class,probe,1,18,balanced_accuracy,0.128402194211
resnet18,four_class,probe,1,19,balanced_accuracy,0.123336834734
resnet18,four_class,probe,1,20,balanced_accuracy,0.0814192343604
resnet18,four_class,probe,1,21,balanced_accuracy,0.115931372549
resnet18,four_class,probe,1,22,balanced_accuracy,0.172052987862
resnet18,four_class,probe,1,23,balanced_accuracy,0.0931839402428
resnet18,four_class,probe,1,24,balanced_accuracy,0.144135154062
resnet18,four_class,probe,1,25,balanced_accuracy,0.148208450047
resnet18,four_class,probe,1,26,balanced_accuracy,0.238416199813
resnet18,four_class,probe,1,27,balanced_accuracy,0.10072945845
resnet18,four_class,probe,1,28,balanced_accuracy,0.178822362278
resnet18,four_class,probe,1,29,balanced_accuracy,0.204154995331
resnet18,four_class,probe,1,0,accuracy,0.0306748466258
resnet18,four_class,probe,1,1,accuracy,0.128834355828
resnet18,four_class,probe,1,2,accuracy,0.0490797546012
resnet18,four_class,probe,1,3,accuracy,0.0613496932515
resnet18,four_class,probe,1,4,accuracy,0.0674846625767
resnet18,four_class,probe,1,5,accuracy,0.0858895705521
resnet18,four_class,probe,1,6,accuracy,0.0552147239264
resnet18,four_class,probe,1,7,accuracy,0.0736196319018
resnet18,four_class,probe,1,8,accuracy,0.0613496932515
resnet18,four_class,probe,1,9,accuracy,0.0858895705521
resnet18,four_class,probe,1,10,accuracy,0.0736196319018
resnet18,four_class,probe,1,11,accuracy,0.128834355828
resnet18,four_class,probe,1,12,accuracy,0.110429447853
resnet18,four_class,probe,1,13,accuracy,0.0981595092025
resnet18,four_class,probe,1,14,accuracy,0.0736196319018
resnet18,four_class,probe,1,15,accuracy,0.0981595092025
resnet18,four_class,probe,1,16,accuracy,0.0429447852761
resnet18,four_class,probe,1,17,accuracy,0.0858895705521
resnet18,four_class,probe,1,18,accuracy,0.0490797546012
resnet18,four_class,probe,1,19,accuracy,0.0613496932515
resnet18,four_class,probe,1,20,accuracy,0.0429447852761
resnet18,four_class,probe,1,21,accuracy,0.0490797546012
resnet18,four_class,probe,1,22,accuracy,0.0552147239264
resnet18,four_class,probe,1,23,accuracy,0.0674846625767
resnet18,four_class,probe,1,24,accuracy,0.0920245398773
resnet18,four_class,probe,1,25,accuracy,0.104294478528
resnet18,four_class,probe,1,26,accuracy,0.0858895705521
resnet18,four_class,probe,1,27,accuracy,0.0306748466258
resnet18,four_class,probe,1,28,accuracy,0.128834355828
resnet18,four_class,probe,1,29,accuracy,0.122699386503
resnet18,four_class,probe,1,0,macro_f1,-0.04476855154
resnet18,four_class,probe,1,1,macro_f1,0.287822103671
resnet18,four_class,probe,1,2,macro_f1,0.160473188445
resnet18,four_class,probe,1,3,macro_f1,0.136837852273
resnet18,four_class,probe,1,4,macro_f1,0.0946059347801
resnet18,four_class,probe,1,5,macro_f1,0.231939005008
resnet18,four_class,probe,1,6,macro_f1,0.145162424704
resnet18,four_class,probe,1,7,macro_f1,0.184790890821
resnet18,four_class,probe,1,8,macro_f1,0.0842103066153
resnet18,four_class,probe,1,9,macro_f1,0.166838007991
resnet18,four_class,probe,1,10,macro_f1,0.138486460013
resnet18,four_class,probe,1,11,macro_f1,0.235552051745
resnet18,four_class,probe,1,12,macro_f1,0.188167535878
resnet18,four_class,probe,1,13,macro_f1,0.180710305183
resnet18,four_class,probe,1,14,macro_f1,0.080382745774
resnet18,four_class,probe,1,15,macro_f1,0.150740833702
resnet18,four_class,probe,1,16,macro_f1,0.0799173989113
resnet18,four_class,probe,1,17,macro_f1,0.177469218615
resnet18,four_class,probe,1,18,macro_f1,0.10610930821
resnet18,four_class,probe,1,19,macro_f1,0.111110327033
resnet18,four_class,probe,1,20,macro_f1,0.0603244203315
resnet18,four_class,probe,1,21,macro_f1,0.118942619718
resnet18,four_class,probe,1,22,macro_f1,0.111968505028
resnet18,four_class,probe,1,23,macro_f1,0.108904314863
resnet18,four_class,probe,1,24,macro_f1,0.141847177131
resnet18,four_class,probe,1,25,macro_f1,0.198854792821
resnet18,four_class,probe,1,26,macro_f1,0.28475749375
resnet18,four_class,probe,1,27,macro_f1,0.0778414195867
resnet18,four_class,probe,1,28,macro_f1,0.20298679919
resnet18,four_class,probe,1,29,macro_f1,0.152276530073
resnet18,four_class,probe,1,0,log_loss,-0.153170397805
resnet18,four_class,probe,1,1,log_loss,-0.169718897845
resnet18,four_class,probe,1,2,log_loss,-0.145260518784
resnet18,four_class,probe,1,3,log_loss,-0.140889007802
resnet18,four_class,probe,1,4,log_loss,-0.124408850733
resnet18,four_class,probe,1,5,log_loss,-0.230004820149
resnet18,four_class,probe,1,6,log_loss,-0.169210641924
resnet18,four_class,probe,1,7,log_loss,-0.144060023916
resnet18,four_class,probe,1,8,log_loss,-0.130436932649
resnet18,four_class,probe,1,9,log_loss,-0.190769797109
resnet18,four_class,probe,1,10,log_loss,-0.191903063658
resnet18,four_class,probe,1,11,log_loss,-0.180251483814
resnet18,four_class,probe,1,12,log_loss,-0.206265936151
resnet18,four_class,probe,1,13,log_loss,-0.161147716436
resnet18,four_class,probe,1,14,log_loss,-0.23834219447
resnet18,four_class,probe,1,15,log_loss,-0.197561440888
resnet18,four_class,probe,1,16,log_loss,-0.199125574914
resnet18,four_class,probe,1,17,log_loss,-0.20747508136
resnet18,four_class,probe,1,18,log_loss,-0.120862894984
resnet18,four_class,probe,1,19,log_loss,-0.197158648454
resnet18,four_class,probe,1,20,log_loss,-0.174538666774
resnet18,four_class,probe,1,21,log_loss,-0.166338267155
resnet18,four_class,probe,1,22,log_loss,-0.19492770761
resnet18,four_class,probe,1,23,log_loss,-0.182038641401
resnet18,four_class,probe,1,24,log_loss,-0.225425605355
resnet18,four_class,probe,1,25,log_loss,-0.172871771478
resnet18,four_class,probe,1,26,log_loss,-0.172780956239
resnet18,four_class,probe,1,27,log_loss,-0.139621298063
resnet18,four_class,probe,1,28,log_loss,-0.21311035771
resnet18,four_class,probe,1,29,log_loss,-0.244746287095
resnet18,four_class,probe,1,0,brier,-0.0828566533863
resnet18,four_class,probe,1,1,brier,-0.103631873762
resnet18,four_class,probe,1,2,brier,-0.0749794676246
resnet18,four_class,probe,1,3,brier,-0.0764919357767
resnet18,four_class,probe,1,4,brier,-0.0595156201096
resnet18,four_class,probe,1,5,brier,-0.118084725771
resnet18,four_class,probe,1,6,brier,-0.0964512840504
resnet18,four_class,probe,1,7,brier,-0.0676565265122
resnet18,four_class,probe,1,8,brier,-0.0811019232898
resnet18,four_class,probe,1,9,brier,-0.105977215371
resnet18,four_class,probe,1,10,brier,-0.101454805672
resnet18,four_class,probe,1,11,brier,-0.118410680004
resnet18,four_class,probe,1,12,brier,-0.123575204229
resnet18,four_class,probe,1,13,brier,-0.101093339175
resnet18,four_class,probe,1,14,brier,-0.102812653865
resnet18,four_class,probe,1,15,brier,-0.0951355719273
resnet18,four_class,probe,1,16,brier,-0.0841818157669
resnet18,four_class,probe,1,17,brier,-0.104505994964
resnet18,four_class,probe,1,18,brier,-0.0634682145772
resnet18,four_class,probe,1,19,brier,-0.100681204773
resnet18,four_class,probe,1,20,brier,-0.0955095026729
resnet18,four_class,probe,1,21,brier,-0.078569956592
resnet18,four_class,probe,1,22,brier,-0.0908827679144
resnet18,four_class,probe,1,23,brier,-0.103198626015
resnet18,four_class,probe,1,24,brier,-0.114897020122
resnet18,four_class,probe,1,25,brier,-0.108404328615
resnet18,four_class,probe,1,26,brier,-0.101900491314
resnet18,four_class,probe,1,27,brier,-0.0791156995716
resnet18,four_class,probe,1,28,brier,-0.121629474047
resnet18,four_class,probe,1,29,brier,-0.136259926432
resnet18,four_class,probe,1,0,auroc,0.0570829868711
resnet18,four_class,probe,1,1,auroc,0.0649699404113
resnet18,four_class,probe,1,2,auroc,0.0753981818884
resnet18,four_class,probe,1,3,auroc,0.0500989189177
resnet18,four_class,probe,1,4,auroc,0.0421151403368
resnet18,four_class,probe,1,5,auroc,0.117788094276
resnet18,four_class,probe,1,6,auroc,0.0532060726726
resnet18,four_class,probe,1,7,auroc,0.0487393525875
resnet18,four_class,probe,1,8,auroc,0.0382973265185
resnet18,four_class,probe,1,9,auroc,0.0924010947803
resnet18,four_class,probe,1,10,auroc,0.0858381583072
resnet18,four_class,probe,1,11,auroc,0.0723596703652
resnet18,four_class,probe,1,12,auroc,0.07107741074
resnet18,four_class,probe,1,13,auroc,0.0496008514994
resnet18,four_class,probe,1,14,auroc,0.0576203316872
resnet18,four_class,probe,1,15,auroc,0.0926107420028
resnet18,four_class,probe,1,16,auroc,0.0736606225336
resnet18,four_class,probe,1,17,auroc,0.0693863958408
resnet18,four_class,probe,1,18,auroc,0.0489706627185
resnet18,four_class,probe,1,19,auroc,0.0567397697133
resnet18,four_class,probe,1,20,auroc,0.063270716468
resnet18,four_class,probe,1,21,auroc,0.116176405748
resnet18,four_class,probe,1,22,auroc,0.052604864065
resnet18,four_class,probe,1,23,auroc,0.0605729871177
resnet18,four_class,probe,1,24,auroc,0.0881123770468
resnet18,four_class,probe,1,25,auroc,0.048668175478
resnet18,four_class,probe,1,26,auroc,0.0830638784902
resnet18,four_class,probe,1,27,auroc,0.038131079763
resnet18,four_class,probe,1,28,auroc,0.0701767899295
resnet18,four_class,probe,1,29,auroc,0.0909817402666
resnet18,four_class,sentinel,0.5,0,balanced_accuracy,0.0340070136582
resnet18,four_class,sentinel,0.5,1,balanced_accuracy,-0.0236710963455
resnet18,four_class,sentinel,0.5,2,balanced_accuracy,-0.0446428571429
resnet18,four_class,sentinel,0.5,3,balanced_accuracy,0.0250784422296
resnet18,four_class,sentinel,0.5,4,balanced_accuracy,0.0250784422296
resnet18,four_class,sentinel,0.5,5,balanced_accuracy,0.0335917312661
resnet18,four_class,sentinel,0.5,6,balanced_accuracy,0.00992063492063
resnet18,four_class,sentinel,0.5,7,balanced_accuracy,0.0174418604651
resnet18,four_class,sentinel,0.5,8,balanced_accuracy,-0.0116279069767
resnet18,four_class,sentinel,0.5,9,balanced_accuracy,0.0291851236619
resnet18,four_class,sentinel,0.5,10,balanced_accuracy,-0.130813953488
resnet18,four_class,sentinel,0.5,11,balanced_accuracy,-0.142857142857
resnet18,four_class,sentinel,0.5,12,balanced_accuracy,-0.133928571429
resnet18,four_class,sentinel,0.5,13,balanced_accuracy,-0.0174418604651
resnet18,four_class,sentinel,0.5,14,balanced_accuracy,0.0702980804725
resnet18,four_class,sentinel,0.5,15,balanced_accuracy,-0.00722129937246
resnet18,four_class,sentinel,0.5,16,balanced_accuracy,-0.0130352528608
resnet18,four_class,sentinel,0.5,17,balanced_accuracy,-0.0130352528608
resnet18,four_class,sentinel,0.5,18,balanced_accuracy,0.00722129937246
resnet18,four_class,sentinel,0.5,19,balanced_accuracy,-0.078373015873
resnet18,four_class,sentinel,0.5,20,balanced_accuracy,0.0246631598376
resnet18,four_class,sentinel,0.5,21,balanced_accuracy,-0.0031146179402
resnet18,four_class,sentinel,0.5,22,balanced_accuracy,0.0394056847545
resnet18,four_class,sentinel,0.5,23,balanced_accuracy,0
resnet18,four_class,sentinel,0.5,24,balanced_accuracy,0.0367063492063
resnet18,four_class,sentinel,0.5,25,balanced_accuracy,0.0644841269841
resnet18,four_class,sentinel,0.5,26,balanced_accuracy,0.00581395348837
resnet18,four_class,sentinel,0.5,27,balanced_accuracy,-0.0367063492063
resnet18,four_class,sentinel,0.5,28,balanced_accuracy,0.21626984127
resnet18,four_class,sentinel,0.5,29,balanced_accuracy,-0.0103359173127
resnet18,four_class,sentinel,0.5,0,accuracy,0.0121951219512
resnet18,four_class,sentinel,0.5,1,accuracy,-0.0365853658537
resnet18,four_class,sentinel,0.5,2,accuracy,-0.0609756097561
resnet18,four_class,sentinel,0.5,3,accuracy,0
resnet18,four_class,sentinel,0.5,4,accuracy,0
resnet18,four_class,sentinel,0.5,5,accuracy,0.0243902439024
resnet18,four_class,sentinel,0.5,6,accuracy,-0.0121951219512
resnet18,four_class,sentinel,0.5,7,accuracy,0.0365853658537
resnet18,four_class,sentinel,0.5,8,accuracy,-0.0243902439024
resnet18,four_class,sentinel,0.5,9,accuracy,-0.0243902439024
resnet18,four_class,sentinel,0.5,10,accuracy,-0.0243902439024
resnet18,four_class,sentinel,0.5,11,accuracy,-0.0365853658537
resnet18,four_class,sentinel,0.5,12,accuracy,-0.0243902439024
resnet18,four_class,sentinel,0.5,13,accuracy,-0.0365853658537
resnet18,four_class,sentinel,0.5,14,accuracy,0.0487804878049
resnet18,four_class,sentinel,0.5,15,accuracy,0.0243902439024
resnet18,four_class,sentinel,0.5,16,accuracy,0.0121951219512
resnet18,four_class,sentinel,0.5,17,accuracy,0.0121951219512
resnet18,four_class,sentinel,0.5,18,accuracy,-0.0243902439024
resnet18,four_class,sentinel,0.5,19,accuracy,0
resnet18,four_class,sentinel,0.5,20,accuracy,0.0121951219512
resnet18,four_class,sentinel,0.5,21,accuracy,0
resnet18,four_class,sentinel,0.5,22,accuracy,0.0365853658537
resnet18,four_class,sentinel,0.5,23,accuracy,0
resnet18,four_class,sentinel,0.5,24,accuracy,0.0243902439024
resnet18,four_class,sentinel,0.5,25,accuracy,0.0365853658537
resnet18,four_class,sentinel,0.5,26,accuracy,0.0121951219512
resnet18,four_class,sentinel,0.5,27,accuracy,-0.0243902439024
resnet18,four_class,sentinel,0.5,28,accuracy,0.0853658536585
resnet18,four_class,sentinel,0.5,29,accuracy,0.0243902439024
resnet18,four_class,sentinel,0.5,0,macro_f1,0.00625064360004
resnet18,four_class,sentinel,0.5,1,macro_f1,-0.0345912966912
resnet18,four_class,sentinel,0.5,2,macro_f1,-0.0490484401649
resnet18,four_class,sentinel,0.5,3,macro_f1,0.0172048095974
resnet18,four_class,sentinel,0.5,4,macro_f1,0.0163351386128
resnet18,four_class,sentinel,0.5,5,macro_f1,0.0844822841417
resnet18,four_class,sentinel,0.5,6,macro_f1,0.00473160453286
resnet18,four_class,sentinel,0.5,7,macro_f1,0.0190952458394
resnet18,four_class,sentinel,0.5,8,macro_f1,-0.0537166072038
resnet18,four_class,sentinel,0.5,9,macro_f1,0.0213199072733
resnet18,four_class,sentinel,0.5,10,macro_f1,-0.0848015003282
resnet18,four_class,sentinel,0.5,11,macro_f1,-0.184521219975
resnet18,four_class,sentinel,0.5,12,macro_f1,-0.177701952069
resnet18,four_class,sentinel,0.5,13,macro_f1,-0.00933637210027
resnet18,four_class,sentinel,0.5,14,macro_f1,0.0691806536787
resnet18,four_class,sentinel,0.5,15,macro_f1,0.0014216535608
resnet18,four_class,sentinel,0.5,16,macro_f1,0.00138924340165
resnet18,four_class,sentinel,0.5,17,macro_f1,-0.0173714468013
resnet18,four_class,sentinel,0.5,18,macro_f1,-0.0424749082145
resnet18,four_class,sentinel,0.5,19,macro_f1,-0.0781540788554
resnet18,four_class,sentinel,0.5,20,macro_f1,0.00996167234195
resnet18,four_class,sentinel,0.5,21,macro_f1,0.0377326217843
resnet18,four_class,sentinel,0.5,22,macro_f1,0.0417959068952
resnet18,four_class,sentinel,0.5,23,macro_f1,0.003367003367
resnet18,four_class,sentinel,0.5,24,macro_f1,0.044966797908
resnet18,four_class,sentinel,0.5,25,macro_f1,0.0568686988966
resnet18,four_class,sentinel,0.5,26,macro_f1,0.00618140007336
resnet18,four_class,sentinel,0.5,27,macro_f1,-0.052568354225
resnet18,four_class,sentinel,0.5,28,macro_f1,0.16551796724
resnet18,four_class,sentinel,0.5,29,macro_f1,0.0197837589142
resnet18,four_class,sentinel,0.5,0,log_loss,-0.0350605654194
resnet18,four_class,sentinel,0.5,1,log_loss,0.0172685561071
resnet18,four_class,sentinel,0.5,2,log_loss,0.0212332601179
resnet18,four_class,sentinel,0.5,3,log_loss,0.0394152021346
resnet18,four_class,sentinel,0.5,4,log_loss,-0.03774703517
resnet18,four_class,sentinel,0.5,5,log_loss,0.00783229158309
resnet18,four_class,sentinel,0.5,6,log_loss,0.0340717837068
resnet18,four_class,sentinel,0.5,7,log_loss,0.0192126199801
resnet18,four_class,sentinel,0.5,8,log_loss,0.0273158235436
resnet18,four_class,sentinel,0.5,9,log_loss,-0.0306852327154
resnet18,four_class,sentinel,0.5,10,log_loss,0.0421804168691
resnet18,four_class,sentinel,0.5,11,log_loss,0.0181855435815
resnet18,four_class,sentinel,0.5,12,log_loss,-0.0465374663604
resnet18,four_class,sentinel,0.5,13,log_loss,0.0942888504076
resnet18,four_class,sentinel,0.5,14,log_loss,-0.0648153039811
resnet18,four_class,sentinel,0.5,15,log_loss,-0.0249646827536
resnet18,four_class,sentinel,0.5,16,log_loss,0.0113854450881
resnet18,four_class,sentinel,0.5,17,log_loss,0.0190470975383
resnet18,four_class,sentinel,0.5,18,log_loss,0.0287562548328
resnet18,four_class,sentinel,0.5,19,log_loss,0.0157220267407
resnet18,four_class,sentinel,0.5,20,log_loss,0.00374284199857
resnet18,four_class,sentinel,0.5,21,log_loss,0.000602807141753
resnet18,four_class,sentinel,0.5,22,log_loss,-0.0311541149182
resnet18,four_class,sentinel,0.5,23,log_loss,-0.0280300703338
resnet18,four_class,sentinel,0.5,24,log_loss,-0.00803160448167
resnet18,four_class,sentinel,0.5,25,log_loss,-0.0126715774884
resnet18,four_class,sentinel,0.5,26,log_loss,0.0131209302496
resnet18,four_class,sentinel,0.5,27,log_loss,0.0180599164817
resnet18,four_class,sentinel,0.5,28,log_loss,-0.0269911229462
resnet18,four_class,sentinel,0.5,29,log_loss,0.0193627576677
resnet18,four_class,sentinel,0.5,0,brier,-0.00335833407175
resnet18,four_class,sentinel,0.5,1,brier,0.0142776507489
resnet18,four_class,sentinel,0.5,2,brier,0.0286853165806
resnet18,four_class,sentinel,0.5,3,brier,0.0162025623788
resnet18,four_class,sentinel,0.5,4,brier,-0.020886414715
resnet18,four_class,sentinel,0.5,5,brier,0.00480079556391
resnet18,four_class,sentinel,0.5,6,brier,0.00775582692584
resnet18,four_class,sentinel,0.5,7,brier,-0.00252596848918
resnet18,four_class,sentinel,0.5,8,brier,0.0131613013364
resnet18,four_class,sentinel,0.5,9,brier,-0.00630638409436
resnet18,four_class,sentinel,0.5,10,brier,0.0126773004549
resnet18,four_class,sentinel,0.5,11,brier,0.00805146889547
resnet18,four_class,sentinel,0.5,12,brier,-0.0205070529891
resnet18,four_class,sentinel,0.5,13,brier,0.0410293807003
resnet18,four_class,sentinel,0.5,14,brier,-0.0301548175631
resnet18,four_class,sentinel,0.5,15,brier,-0.00771345682664
resnet18,four_class,sentinel,0.5,16,brier,0.00985126225498
resnet18,four_class,sentinel,0.5,17,brier,0.0084873239312
resnet18,four_class,sentinel,0.5,18,brier,0.0236949612223
resnet18,four_class,sentinel,0.5,19,brier,0.0093936512174
resnet18,four_class,sentinel,0.5,20,brier,0.0101985697536
resnet18,four_class,sentinel,0.5,21,brier,-0.00859610786749
resnet18,four_class,sentinel,0.5,22,brier,-0.00732112737769
resnet18,four_class,sentinel,0.5,23,brier,-0.00774885769114
resnet18,four_class,sentinel,0.5,24,brier,-0.0133276316721
resnet18,four_class,sentinel,0.5,25,brier,-0.00825080678074
resnet18,four_class,sentinel,0.5,26,brier,0.00726362691711
resnet18,four_class,sentinel,0.5,27,brier,0.00976415697405
resnet18,four_class,sentinel,0.5,28,brier,-0.0298218123399
resnet18,four_class,sentinel,0.5,29,brier,0.012149382331
resnet18,four_class,sentinel,0.5,0,auroc,0.00669750656659
resnet18,four_class,sentinel,0.5,1,auroc,0.0119983779141
resnet18,four_class,sentinel,0.5,2,auroc,0.0168227476437
resnet18,four_class,sentinel,0.5,3,auroc,-0.069167269015
resnet18,four_class,sentinel,0.5,4,auroc,0.0102186040482
resnet18,four_class,sentinel,0.5,5,auroc,0.0301236390964
resnet18,four_class,sentinel,0.5,6,auroc,-0.0556718139204
resnet18,four_class,sentinel,0.5,7,auroc,-0.0331617254577
resnet18,four_class,sentinel,0.5,8,auroc,0.0124809637926
resnet18,four_class,sentinel,0.5,9,auroc,0.0138671891967
resnet18,four_class,sentinel,0.5,10,auroc,-0.00736641705153
resnet18,four_class,sentinel,0.5,11,auroc,-0.0186873877475
resnet18,four_class,sentinel,0.5,12,auroc,0.0204772290468
resnet18,four_class,sentinel,0.5,13,auroc,-0.0297596823212
resnet18,four_class,sentinel,0.5,14,auroc,0.0432125220648
resnet18,four_class,sentinel,0.5,15,auroc,0.013596410223
resnet18,four_class,sentinel,0.5,16,auroc,-0.0110804706028
resnet18,four_class,sentinel,0.5,17,auroc,-0.0381488536161
resnet18,four_class,sentinel,0.5,18,auroc,0.00334454026912
resnet18,four_class,sentinel,0.5,19,auroc,-0.0118442191356
resnet18,four_class,sentinel,0.5,20,auroc,0.0256052540702
resnet18,four_class,sentinel,0.5,21,auroc,0.00388658362834
resnet18,four_class,sentinel,0.5,22,auroc,0.0136330764427
resnet18,four_class,sentinel,0.5,23,auroc,0.0200877326395
resnet18,four_class,sentinel,0.5,24,auroc,-0.003234801739
resnet18,four_class,sentinel,0.5,25,auroc,-0.00884717458865
resnet18,four_class,sentinel,0.5,26,auroc,0.0297740048069
resnet18,four_class,sentinel,0.5,27,auroc,-0.00790848532964
resnet18,four_class,sentinel,0.5,28,auroc,0.0111723127114
resnet18,four_class,sentinel,0.5,29,auroc,-0.0169544226967
resnet18,four_class,sentinel,1,0,balanced_accuracy,0.0299003322259
resnet18,four_class,sentinel,1,1,balanced_accuracy,0.0914082687339
resnet18,four_class,sentinel,1,2,balanced_accuracy,-0.0371216315984
resnet18,four_class,sentinel,1,3,balanced_accuracy,-0.0062292358804
resnet18,four_class,sentinel,1,4,balanced_accuracy,0.0408130306386
resnet18,four_class,sentinel,1,5,balanced_accuracy,0.00892857142857
resnet18,four_class,sentinel,1,6,balanced_accuracy,0.0219638242894
resnet18,four_class,sentinel,1,7,balanced_accuracy,-0.0134505352529
resnet18,four_class,sentinel,1,8,balanced_accuracy,0.015734588409
resnet18,four_class,sentinel,1,9,balanced_accuracy,0.0291851236619
resnet18,four_class,sentinel,1,10,balanced_accuracy,-0.127699335548
resnet18,four_class,sentinel,1,11,balanced_accuracy,-0.140157807309
resnet18,four_class,sentinel,1,12,balanced_accuracy,-0.0909929863418
resnet18,four_class,sentinel,1,13,balanced_accuracy,-0.0147425249169
resnet18,four_class,sentinel,1,14,balanced_accuracy,0.112818383167
resnet18,four_class,sentinel,1,15,balanced_accuracy,-0.0219638242894
resnet18,four_class,sentinel,1,16,balanced_accuracy,-0.0555555555556
resnet18,four_class,sentinel,1,17,balanced_accuracy,-0.0398209671465
resnet18,four_class,sentinel,1,18,balanced_accuracy,0.00452196382429
resnet18,four_class,sentinel,1,19,balanced_accuracy,-0.0725590623846
resnet18,four_class,sentinel,1,20,balanced_accuracy,0.0514488741233
resnet18,four_class,sentinel,1,21,balanced_accuracy,-0.112380029531
resnet18,four_class,sentinel,1,22,balanced_accuracy,0
resnet18,four_class,sentinel,1,23,balanced_accuracy,-0.0130352528608
resnet18,four_class,sentinel,1,24,balanced_accuracy,0.0031146179402
resnet18,four_class,sentinel,1,25,balanced_accuracy,0.0267857142857
resnet18,four_class,sentinel,1,26,balanced_accuracy,0.0246631598376
resnet18,four_class,sentinel,1,27,balanced_accuracy,-0.00722129937246
resnet18,four_class,sentinel,1,28,balanced_accuracy,0.152777777778
resnet18,four_class,sentinel,1,29,balanced_accuracy,-0.126407345884
resnet18,four_class,sentinel,1,0,accuracy,0.0365853658537
resnet18,four_class,sentinel,1,1,accuracy,-0.0121951219512
resnet18,four_class,sentinel,1,2,accuracy,-0.0121951219512
resnet18,four_class,sentinel,1,3,accuracy,0
resnet18,four_class,sentinel,1,4,accuracy,0
resnet18,four_class,sentinel,1,5,accuracy,0.0121951219512
resnet18,four_class,sentinel,1,6,accuracy,0
resnet18,four_class,sentinel,1,7,accuracy,0.0243902439024
resnet18,four_class,sentinel,1,8,accuracy,0
resnet18,four_class,sentinel,1,9,accuracy,-0.0243902439024
resnet18,four_class,sentinel,1,10,accuracy,-0.0243902439024
resnet18,four_class,sentinel,1,11,accuracy,-0.0243902439024
resnet18,four_class,sentinel,1,12,accuracy,0
resnet18,four_class,sentinel,1,13,accuracy,-0.0243902439024
resnet18,four_class,sentinel,1,14,accuracy,0.0853658536585
resnet18,four_class,sentinel,1,15,accuracy,0
resnet18,four_class,sentinel,1,16,accuracy,-0.0243902439024
resnet18,four_class,sentinel,1,17,accuracy,-0.0243902439024
resnet18,four_class,sentinel,1,18,accuracy,-0.0365853658537
resnet18,four_class,sentinel,1,19,accuracy,0.0121951219512
resnet18,four_class,sentinel,1,20,accuracy,0.0487804878049
resnet18,four_class,sentinel,1,21,accuracy,-0.0121951219512
resnet18,four_class,sentinel,1,22,accuracy,0
resnet18,four_class,sentinel,1,23,accuracy,0.0121951219512
resnet18,four_class,sentinel,1,24,accuracy,0
resnet18,four_class,sentinel,1,25,accuracy,0.0365853658537
resnet18,four_class,sentinel,1,26,accuracy,0.0121951219512
resnet18,four_class,sentinel,1,27,accuracy,0.0243902439024
resnet18,four_class,sentinel,1,28,accuracy,0.0243902439024
resnet18,four_class,sentinel,1,29,accuracy,0.0243902439024
resnet18,four_class,sentinel,1,0,macro_f1,0.0409181441212
resnet18,four_class,sentinel,1,1,macro_f1,0.143403594752
resnet18,four_class,sentinel,1,2,macro_f1,-0.0292868505184
resnet18,four_class,sentinel,1,3,macro_f1,-0.00510255523867
resnet18,four_class,sentinel,1,4,macro_f1,0.0175177350634
resnet18,four_class,sentinel,1,5,macro_f1,0.0566130945078
resnet18,four_class,sentinel,1,6,macro_f1,0.0128515120929
resnet18,four_class,sentinel,1,7,macro_f1,-0.0059678432454
resnet18,four_class,sentinel,1,8,macro_f1,-0.0269672271976
resnet18,four_class,sentinel,1,9,macro_f1,0.0162287903667
resnet18,four_class,sentinel,1,10,macro_f1,-0.0788228850616
resnet18,four_class,sentinel,1,11,macro_f1,-0.175295852712
resnet18,four_class,sentinel,1,12,macro_f1,-0.139020419775
resnet18,four_class,sentinel,1,13,macro_f1,-0.0058699391137
resnet18,four_class,sentinel,1,14,macro_f1,0.150138434588
resnet18,four_class,sentinel,1,15,macro_f1,-0.0247959295814
resnet18,four_class,sentinel,1,16,macro_f1,-0.0372836317504
resnet18,four_class,sentinel,1,17,macro_f1,-0.0685008729307
resnet18,four_class,sentinel,1,18,macro_f1,0.0321769592585
resnet18,four_class,sentinel,1,19,macro_f1,-0.0749081362836
resnet18,four_class,sentinel,1,20,macro_f1,0.0450760684568
resnet18,four_class,sentinel,1,21,macro_f1,-0.112931654822
resnet18,four_class,sentinel,1,22,macro_f1,-0.00703153696804
resnet18,four_class,sentinel,1,23,macro_f1,-0.0148868448551
resnet18,four_class,sentinel,1,24,macro_f1,0.00799932149164
resnet18,four_class,sentinel,1,25,macro_f1,0.0290861744035
resnet18,four_class,sentinel,1,26,macro_f1,0.0235561948188
resnet18,four_class,sentinel,1,27,macro_f1,-0.0149419849892
resnet18,four_class,sentinel,1,28,macro_f1,0.0572028254575
resnet18,four_class,sentinel,1,29,macro_f1,-0.0431908680848
resnet18,four_class,sentinel,1,0,log_loss,-0.0350951140959
resnet18,four_class,sentinel,1,1,log_loss,-0.0135522174924
resnet18,four_class,sentinel,1,2,log_loss,0.0401990666807
resnet18,four_class,sentinel,1,3,log_loss,-0.000172634997626
resnet18,four_class,sentinel,1,4,log_loss,-3.70403727947e-05
resnet18,four_class,sentinel,1,5,log_loss,0.0194939989124
resnet18,four_class,sentinel,1,6,log_loss,-0.0257235787205
resnet18,four_class,sentinel,1,7,log_loss,0.0468387433509
resnet18,four_class,sentinel,1,8,log_loss,0.0169873450835
resnet18,four_class,sentinel,1,9,log_loss,-0.107164240479
resnet18,four_class,sentinel,1,10,log_loss,0.0586987808902
resnet18,four_class,sentinel,1,11,log_loss,0.0454718064338
resnet18,four_class,sentinel,1,12,log_loss,-0.0625931589414
resnet18,four_class,sentinel,1,13,log_loss,0.0520637594763
resnet18,four_class,sentinel,1,14,log_loss,-0.105764133954
resnet18,four_class,sentinel,1,15,log_loss,0.034558846762
resnet18,four_class,sentinel,1,16,log_loss,0.0174259021611
resnet18,four_class,sentinel,1,17,log_loss,0.0129557837607
resnet18,four_class,sentinel,1,18,log_loss,0.0689802207439
resnet18,four_class,sentinel,1,19,log_loss,-0.00885570623543
resnet18,four_class,sentinel,1,20,log_loss,0.0113329367433
resnet18,four_class,sentinel,1,21,log_loss,0.0193823240418
resnet18,four_class,sentinel,1,22,log_loss,-0.019132556819
resnet18,four_class,sentinel,1,23,log_loss,-0.0348171133975
resnet18,four_class,sentinel,1,24,log_loss,-0.00179558969989
resnet18,four_class,sentinel,1,25,log_loss,-0.031098730114
resnet18,four_class,sentinel,1,26,log_loss,-0.0261520273096
resnet18,four_class,sentinel,1,27,log_loss,-0.0265496909654
resnet18,four_class,sentinel,1,28,log_loss,-0.00770110064456
resnet18,four_class,sentinel,1,29,log_loss,-0.00711418955444
resnet18,four_class,sentinel,1,0,brier,-0.00845559385417
resnet18,four_class,sentinel,1,1,brier,0.00315354059121
resnet18,four_class,sentinel,1,2,brier,0.0141327135843
resnet18,four_class,sentinel,1,3,brier,-0.00142456568744
resnet18,four_class,sentinel,1,4,brier,-0.00938380047
resnet18,four_class,sentinel,1,5,brier,0.0192859278592
resnet18,four_class,sentinel,1,6,brier,-0.0177378908301
resnet18,four_class,sentinel,1,7,brier,0.000494307661556
resnet18,four_class,sentinel,1,8,brier,0.01247557102
resnet18,four_class,sentinel,1,9,brier,-0.0427145471602
resnet18,four_class,sentinel,1,10,brier,0.0226530368939
resnet18,four_class,sentinel,1,11,brier,0.0237858284062
resnet18,four_class,sentinel,1,12,brier,-0.0191122523062
resnet18,four_class,sentinel,1,13,brier,0.0202106527944
resnet18,four_class,sentinel,1,14,brier,-0.0577620927799
resnet18,four_class,sentinel,1,15,brier,0.0185514577812
resnet18,four_class,sentinel,1,16,brier,0.0144874607351
resnet18,four_class,sentinel,1,17,brier,0.0235540396318
resnet18,four_class,sentinel,1,18,brier,0.0398010164728
resnet18,four_class,sentinel,1,19,brier,-0.0102651599295
resnet18,four_class,sentinel,1,20,brier,0.0031441743498
resnet18,four_class,sentinel,1,21,brier,-0.00496731446266
resnet18,four_class,sentinel,1,22,brier,0.00604447936493
resnet18,four_class,sentinel,1,23,brier,-0.027803919752
resnet18,four_class,sentinel,1,24,brier,-0.00667198872299
resnet18,four_class,sentinel,1,25,brier,-0.0300457311253
resnet18,four_class,sentinel,1,26,brier,-0.00481161118916
resnet18,four_class,sentinel,1,27,brier,-0.00600251236936
resnet18,four_class,sentinel,1,28,brier,-0.0161248788029
resnet18,four_class,sentinel,1,29,brier,0.00309119159763
resnet18,four_class,sentinel,1,0,auroc,0.00325843254373
resnet18,four_class,sentinel,1,1,auroc,0.0323041402924
resnet18,four_class,sentinel,1,2,auroc,-0.0193712752947
resnet18,four_class,sentinel,1,3,auroc,-0.0668459195762
resnet18,four_class,sentinel,1,4,auroc,-0.000484261116628
resnet18,four_class,sentinel,1,5,auroc,0.0241888559441
resnet18,four_class,sentinel,1,6,auroc,-0.0167529125602
resnet18,four_class,sentinel,1,7,auroc,-0.0500981871059
resnet18,four_class,sentinel,1,8,auroc,0.0018342820096
resnet18,four_class,sentinel,1,9,auroc,0.0417052611626
resnet18,four_class,sentinel,1,10,auroc,-0.0115697999782
resnet18,four_class,sentinel,1,11,auroc,-0.0404951470647
resnet18,four_class,sentinel,1,12,auroc,0.0313433747215
resnet18,four_class,sentinel,1,13,auroc,-0.0237351792176
resnet18,four_class,sentinel,1,14,auroc,0.0687250337049
resnet18,four_class,sentinel,1,15,auroc,0.000277090138013
resnet18,four_class,sentinel,1,16,auroc,-0.00147345528986
resnet18,four_class,sentinel,1,17,auroc,0.0037127547302
resnet18,four_class,sentinel,1,18,auroc,-0.00480784567028
resnet18,four_class,sentinel,1,19,auroc,-0.0182685362818
resnet18,four_class,sentinel,1,20,auroc,0.0288962098152
resnet18,four_class,sentinel,1,21,auroc,-0.000596488294103
resnet18,four_class,sentinel,1,22,auroc,0.010828698258
resnet18,four_class,sentinel,1,23,auroc,0.0131631185654
resnet18,four_class,sentinel,1,24,auroc,0.0058862993018
resnet18,four_class,sentinel,1,25,auroc,-0.0147523233075
resnet18,four_class,sentinel,1,26,auroc,0.0555352162726
resnet18,four_class,sentinel,1,27,auroc,0.00409757286947
resnet18,four_class,sentinel,1,28,auroc,0.00105601386861
resnet18,four_class,sentinel,1,29,auroc,-0.0173651469581
