repetition,seed,dose,feature_model,endpoint,evaluation_panel,actual_exposure_fraction,balanced_accuracy,accuracy,macro_f1,log_loss,brier,auroc,fit_predict_seconds,n_iter
0,20261002,0,resnet18,four_class,probe,0,0.681576797386,0.742331288344,0.682567655569,0.696347262892,0.390472568169,0.867892169481,0.0755424999952,56
0,20261002,0,resnet18,four_class,sentinel,0,0.684639165744,0.719512195122,0.633991521642,0.711065635583,0.38437011425,0.914800719435,0.0755424999952,56
0,20261002,0,resnet18,binary_healthy_affected,probe,0,0.771266968326,0.773006134969,0.771769157994,0.457110489079,0.15106358183,0.861085972851,0.0219758000021,23
0,20261002,0,resnet18,binary_healthy_affected,sentinel,0,0.816040548599,0.817073170732,0.816390506046,0.370159579197,0.116342667708,0.912939773405,0.0219758000021,23
0,20261002,0,color_shortcut,four_class,probe,0,0.457889822596,0.411042944785,0.339185450272,1.23524883899,0.697354663625,0.719798272563,0.0225880999933,37
0,20261002,0,color_shortcut,four_class,sentinel,0,0.326319675157,0.487804878049,0.331849258986,1.1795751704,0.653949429945,0.605391885055,0.0225880999933,37
0,20261002,0,color_shortcut,binary_healthy_affected,probe,0,0.613046757164,0.613496932515,0.61297252478,0.696535942155,0.237372101476,0.66334841629,0.00919029999932,23
0,20261002,0,color_shortcut,binary_healthy_affected,sentinel,0,0.743887895051,0.743902439024,0.74355919583,0.562364338374,0.190813255987,0.782945736434,0.00919029999932,23
0,20261002,0.5,resnet18,four_class,probe,0.496932515337,0.585521708683,0.705521472393,0.57559655257,0.646731901272,0.37661384584,0.893526704152,0.0631199000054,51
0,20261002,0.5,resnet18,four_class,sentinel,0,0.718646179402,0.731707317073,0.640242165242,0.676005070163,0.381011780178,0.921498226002,0.0631199000054,51
0,20261002,0.5,resnet18,binary_healthy_affected,probe,0.496932515337,0.784615384615,0.78527607362,0.784757592907,0.428266853029,0.141670307322,0.878431372549,0.0176772000123,22
0,20261002,0.5,resnet18,binary_healthy_affected,sentinel,0,0.830053667263,0.829268292683,0.829166666667,0.349149539747,0.111631861807,0.924269528921,0.0176772000123,22
0,20261002,0.5,color_shortcut,four_class,probe,0.496932515337,0.58781512605,0.460122699387,0.406472922307,1.08133648316,0.632193804041,0.782114587499,0.0268114000064,45
0,20261002,0.5,color_shortcut,four_class,sentinel,0,0.495247323736,0.5,0.403019444324,1.12855871096,0.639695993823,0.674204466311,0.0268114000064,45
0,20261002,0.5,color_shortcut,binary_healthy_affected,probe,0.496932515337,0.680392156863,0.680981595092,0.680392156863,0.621281192524,0.216155485184,0.713574660633,0.00976179999998,25
0,20261002,0.5,color_shortcut,binary_healthy_affected,sentinel,0,0.757901013715,0.756097560976,0.756097560976,0.567740729527,0.192588078885,0.779367918903,0.00976179999998,25
0,20261002,1,resnet18,four_class,probe,1,0.644339402428,0.773006134969,0.637799104029,0.543176865087,0.307615914783,0.924975156353,0.0642528000026,57
0,20261002,1,resnet18,four_class,sentinel,0,0.71453949797,0.756097560976,0.674909665763,0.675970521487,0.375914520396,0.918059151979,0.0642528000026,57
0,20261002,1,resnet18,binary_healthy_affected,probe,1,0.827375565611,0.828220858896,0.827695560254,0.37646602381,0.121440367452,0.91161387632,0.017127500003,22
0,20261002,1,resnet18,binary_healthy_affected,sentinel,0,0.831246273107,0.829268292683,0.829268292683,0.355446111892,0.112292005547,0.921288014311,0.017127500003,22
0,20261002,1,color_shortcut,four_class,probe,1,0.687307422969,0.570552147239,0.524760741251,0.942423103984,0.553061230077,0.843754349509,0.0239537999878,38
0,20261002,1,color_shortcut,four_class,sentinel,0,0.509574566261,0.536585365854,0.430224867725,1.03057550147,0.582493481576,0.733657809675,0.0239537999878,38
0,20261002,1,color_shortcut,binary_healthy_affected,probe,1,0.717269984917,0.717791411043,0.717269984917,0.573837776257,0.196576086665,0.762141779789,0.00926880000043,24
0,20261002,1,color_shortcut,binary_healthy_affected,sentinel,0,0.735837805605,0.731707317073,0.73106738223,0.568480259141,0.192442658229,0.771615980918,0.00926880000043,24
1,20261003,0,resnet18,four_class,probe,0,0.54010270775,0.711656441718,0.560683760684,0.667760598998,0.371766557339,0.878377871292,0.064352500005,52
1,20261003,0,resnet18,four_class,sentinel,0,0.577911590993,0.719512195122,0.528213388085,0.720019573743,0.388892803975,0.853508733256,0.064352500005,52
1,20261003,0,resnet18,binary_healthy_affected,probe,0,0.837556561086,0.840490797546,0.838736681887,0.368500694893,0.114850909621,0.914479638009,0.0201700999896,24
1,20261003,0,resnet18,binary_healthy_affected,sentinel,0,0.803220035778,0.80487804878,0.803827751196,0.450382378553,0.145905492703,0.868813357185,0.0201700999896,24
1,20261003,0,color_shortcut,four_class,probe,0,0.338136087768,0.472392638037,0.343717148864,1.17816767235,0.661966774144,0.638988983605,0.0230221000093,38
1,20261003,0,color_shortcut,four_class,sentinel,0,0.588639719454,0.439024390244,0.386496772622,1.14786482134,0.654975651265,0.750127328632,0.0230221000093,38
1,20261003,0,color_shortcut,binary_healthy_affected,probe,0,0.686802413273,0.687116564417,0.68669204387,0.611492351218,0.209652111302,0.734992458522,0.00926700000127,23
1,20261003,0,color_shortcut,binary_healthy_affected,sentinel,0,0.670542635659,0.670731707317,0.670290394639,0.61984922251,0.215225819334,0.72152653548,0.00926700000127,23
1,20261003,0.5,resnet18,four_class,probe,0.496932515337,0.751908263305,0.791411042945,0.747966180848,0.59545286905,0.329103942528,0.914614120433,0.0599598999979,51
1,20261003,0.5,resnet18,four_class,sentinel,0,0.554240494647,0.682926829268,0.493622091393,0.73728812985,0.403170454724,0.86550711117,0.0599598999979,51
1,20261003,0.5,resnet18,binary_healthy_affected,probe,0.496932515337,0.856787330317,0.858895705521,0.857847040534,0.358459725566,0.110056332761,0.917496229261,0.0174865000008,21
1,20261003,0.5,resnet18,binary_healthy_affected,sentinel,0,0.793977340489,0.792682926829,0.792652089841,0.476522581177,0.154950316969,0.855098389982,0.0174865000008,21
1,20261003,0.5,color_shortcut,four_class,probe,0.496932515337,0.542927170868,0.533742331288,0.440868306387,1.03933023301,0.584388326184,0.773456051495,0.0223353000038,38
1,20261003,0.5,color_shortcut,four_class,sentinel,0,0.597568290882,0.451219512195,0.406982630009,1.11940612378,0.635882718528,0.763401009266,0.0223353000038,38
1,20261003,0.5,color_shortcut,binary_healthy_affected,probe,0.496932515337,0.698567119155,0.699386503067,0.69866063007,0.578089350256,0.196017771581,0.770286576169,0.00884390001011,23
1,20261003,0.5,color_shortcut,binary_healthy_affected,sentinel,0,0.622838401908,0.621951219512,0.621894987357,0.615499921659,0.214320210233,0.707811568277,0.00884390001011,23
1,20261003,1,resnet18,four_class,probe,1,0.848990429505,0.840490797546,0.848505864355,0.498041701153,0.268134683578,0.943347811703,0.067363500013,58
1,20261003,1,resnet18,four_class,sentinel,0,0.669319859727,0.707317073171,0.671616982836,0.706467356251,0.392046344566,0.885812873548,0.067363500013,58
1,20261003,1,resnet18,binary_healthy_affected,probe,1,0.874962292609,0.877300613497,0.876252657152,0.323963816588,0.096909323045,0.937104072398,0.0175755999953,23
1,20261003,1,resnet18,binary_healthy_affected,sentinel,0,0.782349433512,0.780487804878,0.780487804878,0.473735319004,0.157626786646,0.858079904592,0.0175755999953,23
1,20261003,1,color_shortcut,four_class,probe,1,0.750589402428,0.644171779141,0.561534070952,0.899164872602,0.502252086968,0.888770496004,0.0257284999971,40
1,20261003,1,color_shortcut,four_class,sentinel,0,0.662052417866,0.487804878049,0.457352941176,1.10318151966,0.625661874948,0.777035371361,0.0257284999971,40
1,20261003,1,color_shortcut,binary_healthy_affected,probe,1,0.747737556561,0.748466257669,0.747858894548,0.531337410663,0.176675477964,0.823378582202,0.00983929999347,25
1,20261003,1,color_shortcut,binary_healthy_affected,sentinel,0,0.660107334526,0.658536585366,0.658536585366,0.633919432729,0.219485011608,0.707215265355,0.00983929999347,25
2,20261004,0,resnet18,four_class,probe,0,0.605718954248,0.754601226994,0.632358151211,0.644710366469,0.352570827488,0.876683252577,0.0640585999936,52
2,20261004,0,resnet18,four_class,sentinel,0,0.540213178295,0.719512195122,0.523805567096,0.760105373782,0.423796614685,0.836182569164,0.0640585999936,52
2,20261004,0,resnet18,binary_healthy_affected,probe,0,0.822549019608,0.822085889571,0.821978684141,0.367228429382,0.11739126824,0.918250377074,0.0187795999955,24
2,20261004,0,resnet18,binary_healthy_affected,sentinel,0,0.791592128801,0.792682926829,0.791909240185,0.449322882144,0.149049439623,0.867620751342,0.0187795999955,24
2,20261004,0,color_shortcut,four_class,probe,0,0.448716153128,0.533742331288,0.408128342246,1.09083428476,0.5973898095,0.733274074165,0.0260764999985,38
2,20261004,0,color_shortcut,four_class,sentinel,0,0.361895533407,0.463414634146,0.34358974359,1.24057730707,0.671096736968,0.547103976627,0.0260764999985,38
2,20261004,0,color_shortcut,binary_healthy_affected,probe,0,0.67556561086,0.674846625767,0.674797666102,0.573860189865,0.19595498438,0.769230769231,0.0105307000049,24
2,20261004,0,color_shortcut,binary_healthy_affected,sentinel,0,0.597197376267,0.59756097561,0.597021593448,0.632800856808,0.222592736082,0.687537268933,0.0105307000049,24
2,20261004,0.5,resnet18,four_class,probe,0.496932515337,0.710807656396,0.79754601227,0.733748939206,0.573471912866,0.304537158225,0.89541507839,0.0737669999944,63
2,20261004,0.5,resnet18,four_class,sentinel,0,0.495570321152,0.658536585366,0.474757126931,0.7813386339,0.452481931265,0.853005316807,0.0737669999944,63
2,20261004,0.5,resnet18,binary_healthy_affected,probe,0.496932515337,0.858898944193,0.858895705521,0.858704255079,0.336128789995,0.104389217272,0.937858220211,0.0176572000055,24
2,20261004,0.5,resnet18,binary_healthy_affected,sentinel,0,0.790399522958,0.792682926829,0.791161048689,0.453041597745,0.152766519086,0.858676207513,0.0176572000055,24
2,20261004,0.5,color_shortcut,four_class,probe,0.496932515337,0.645004668534,0.613496932515,0.533710691824,0.956744620321,0.534419888341,0.8120912773,0.0239495999995,40
2,20261004,0.5,color_shortcut,four_class,sentinel,0,0.34715300849,0.439024390244,0.337180500659,1.26732128671,0.680701833144,0.634587998149,0.0239495999995,40
2,20261004,0.5,color_shortcut,binary_healthy_affected,probe,0.496932515337,0.720437405732,0.717791411043,0.717525617842,0.556164484329,0.187313290414,0.791553544495,0.0101673000026,22
2,20261004,0.5,color_shortcut,binary_healthy_affected,sentinel,0,0.598389982111,0.59756097561,0.597501115573,0.65033805684,0.229610131476,0.672033392964,0.0101673000026,22
2,20261004,1,resnet18,four_class,probe,1,0.793679971989,0.803680981595,0.792831339656,0.499449847685,0.277591359863,0.952081434466,0.0627901999978,52
2,20261004,1,resnet18,four_class,sentinel,0,0.503091546696,0.707317073171,0.494518716578,0.800304440463,0.437929328269,0.816811293869,0.0627901999978,52
2,20261004,1,resnet18,binary_healthy_affected,probe,1,0.864253393665,0.865030674847,0.864617940199,0.320224139447,0.0986816531085,0.946153846154,0.0210504999995,23
2,20261004,1,resnet18,binary_healthy_affected,sentinel,0,0.838103756708,0.841463414634,0.839530332681,0.421414394754,0.136647304983,0.881932021467,0.0210504999995,23
2,20261004,1,color_shortcut,four_class,probe,1,0.703606442577,0.638036809816,0.566163793103,0.873271066704,0.493956015985,0.886858137031,0.0253342999931,41
2,20261004,1,color_shortcut,four_class,sentinel,0,0.353382244371,0.439024390244,0.328042328042,1.29405585292,0.691918313206,0.57556189561,0.0253342999931,41
2,20261004,1,color_shortcut,binary_healthy_affected,probe,1,0.756259426848,0.754601226994,0.754591990364,0.518602616155,0.172309868837,0.839064856712,0.0105418999883,24
2,20261004,1,color_shortcut,binary_healthy_affected,sentinel,0,0.559928443649,0.560975609756,0.559928443649,0.673349686827,0.239634559277,0.637447823494,0.0105418999883,24
3,20261005,0,resnet18,four_class,probe,0,0.627048319328,0.730061349693,0.640236340236,0.710548430961,0.400368146946,0.880200941174,0.0606189999962,49
3,20261005,0,resnet18,four_class,sentinel,0,0.498684939092,0.658536585366,0.483646616541,0.847959038322,0.461724971102,0.852129580967,0.0606189999962,49
3,20261005,0,resnet18,binary_healthy_affected,probe,0,0.83431372549,0.834355828221,0.834131082049,0.417598832355,0.128557836244,0.89185520362,0.0183383999974,25
3,20261005,0,resnet18,binary_healthy_affected,sentinel,0,0.790399522958,0.792682926829,0.791161048689,0.472611475934,0.141122796322,0.875968992248,0.0183383999974,25
3,20261005,0,color_shortcut,four_class,probe,0,0.314110644258,0.435582822086,0.306566181566,1.16320028819,0.647849744508,0.656447678845,0.0238724999945,41
3,20261005,0,color_shortcut,four_class,sentinel,0,0.510151347361,0.524390243902,0.415788624675,1.03908269714,0.590190157118,0.798267493214,0.0238724999945,41
3,20261005,0,color_shortcut,binary_healthy_affected,probe,0,0.636576168929,0.638036809816,0.63666931127,0.634566498896,0.221041373712,0.695173453997,0.00978239999677,24
3,20261005,0,color_shortcut,binary_healthy_affected,sentinel,0,0.6961836613,0.69512195122,0.695076602707,0.557157328975,0.186547987502,0.797257006559,0.00978239999677,24
3,20261005,0.5,resnet18,four_class,probe,0.496932515337,0.718744164332,0.754601226994,0.736263736264,0.617417013408,0.35543147207,0.911715281289,0.0689447999903,62
3,20261005,0.5,resnet18,four_class,sentinel,0,0.523763381322,0.658536585366,0.500851426139,0.887374240457,0.47792753348,0.782962311952,0.0689447999903,62
3,20261005,0.5,resnet18,binary_healthy_affected,probe,0.496932515337,0.840196078431,0.840490797546,0.840196078431,0.376015043555,0.116938457796,0.91161387632,0.0183161000023,22
3,20261005,0.5,resnet18,binary_healthy_affected,sentinel,0,0.791592128801,0.792682926829,0.791909240185,0.481847078608,0.150172964282,0.863446630888,0.0183161000023,22
3,20261005,0.5,color_shortcut,four_class,probe,0.496932515337,0.531588468721,0.539877300613,0.441216259469,1.03591645259,0.592559573157,0.770748550545,0.0235063,40
3,20261005,0.5,color_shortcut,four_class,sentinel,0,0.40030915467,0.524390243902,0.385462022254,1.06015442335,0.600739125535,0.736291300606,0.0235063,40
3,20261005,0.5,color_shortcut,binary_healthy_affected,probe,0.496932515337,0.681447963801,0.680981595092,0.680873493976,0.604981269376,0.209826965346,0.729562594268,0.00998410000466,24
3,20261005,0.5,color_shortcut,binary_healthy_affected,sentinel,0,0.671735241503,0.670731707317,0.670682730924,0.595043588581,0.199522937853,0.774001192606,0.00998410000466,24
3,20261005,1,resnet18,four_class,probe,1,0.751908263305,0.791411042945,0.777074192509,0.569659423159,0.32387621117,0.930299860092,0.0787892999942,63
3,20261005,1,resnet18,four_class,sentinel,0,0.492455703212,0.658536585366,0.478544061303,0.847786403325,0.460300405414,0.785283661391,0.0787892999942,63
3,20261005,1,resnet18,binary_healthy_affected,probe,1,0.864781297134,0.865030674847,0.864781297134,0.35778837712,0.109517997875,0.922322775264,0.0186989999929,23
3,20261005,1,resnet18,binary_healthy_affected,sentinel,0,0.76595110316,0.768292682927,0.7665917603,0.497596847744,0.153409831342,0.852713178295,0.0186989999929,23
3,20261005,1,color_shortcut,four_class,probe,1,0.729184173669,0.576687116564,0.529272326086,0.961307250126,0.55390174875,0.832932652256,0.0261026999942,38
3,20261005,1,color_shortcut,four_class,sentinel,0,0.364018087855,0.487804878049,0.357777777778,1.09771668569,0.628640407809,0.698425396714,0.0261026999942,38
3,20261005,1,color_shortcut,binary_healthy_affected,probe,1,0.668099547511,0.668711656442,0.668099547511,0.580556561237,0.198552898897,0.763800904977,0.0093302000023,24
3,20261005,1,color_shortcut,binary_healthy_affected,sentinel,0,0.672927847346,0.670731707317,0.670682730924,0.592857507315,0.202362923726,0.757901013715,0.0093302000023,24
4,20261006,0,resnet18,four_class,probe,0,0.693907563025,0.748466257669,0.657698254109,0.615802436592,0.336444284067,0.911051264294,0.0627254999999,49
4,20261006,0,resnet18,four_class,sentinel,0,0.777754706534,0.743902439024,0.730970625798,0.656674994703,0.37167249265,0.906332179658,0.0627254999999,49
4,20261006,0,resnet18,binary_healthy_affected,probe,0,0.851960784314,0.852760736196,0.852310480217,0.365732689013,0.113628455872,0.921568627451,0.0205252000014,24
4,20261006,0,resnet18,binary_healthy_affected,sentinel,0,0.790399522958,0.792682926829,0.791161048689,0.386180806938,0.124576643434,0.901610017889,0.0205252000014,24
4,20261006,0,color_shortcut,four_class,probe,0,0.468201447246,0.472392638037,0.385313765182,1.14515492938,0.643719890801,0.715963991072,0.0283779000019,42
4,20261006,0,color_shortcut,four_class,sentinel,0,0.596160944998,0.487804878049,0.412273135397,1.20378064125,0.672081157758,0.74716622401,0.0283779000019,42
4,20261006,0,color_shortcut,binary_healthy_affected,probe,0,0.625339366516,0.625766871166,0.625259111295,0.683165395953,0.239320236691,0.658521870287,0.00944819999859,22
4,20261006,0,color_shortcut,binary_healthy_affected,sentinel,0,0.633273703041,0.634146341463,0.633273703041,0.623960630899,0.216184783493,0.706618962433,0.00944819999859,22
4,20261006,0.5,resnet18,four_class,probe,0.496932515337,0.749072128852,0.779141104294,0.744097898839,0.538982468692,0.303870597629,0.933000822108,0.0620575999928,49
4,20261006,0.5,resnet18,four_class,sentinel,0,0.802833148763,0.743902439024,0.747305764411,0.618927959533,0.350786077935,0.916550783706,0.0620575999928,49
4,20261006,0.5,resnet18,binary_healthy_affected,probe,0.496932515337,0.865309200603,0.865030674847,0.864903556359,0.335973271602,0.104241146739,0.934690799397,0.0191038000048,24
4,20261006,0.5,resnet18,binary_healthy_affected,sentinel,0,0.791592128801,0.792682926829,0.791909240185,0.409820003749,0.132618464757,0.890876565295,0.0191038000048,24
4,20261006,0.5,color_shortcut,four_class,probe,0.496932515337,0.579277544351,0.521472392638,0.452671472571,1.07614799089,0.610045055246,0.759456072981,0.0263341999962,42
4,20261006,0.5,color_shortcut,four_class,sentinel,0,0.608619416759,0.487804878049,0.41937100435,1.16428890946,0.648800045752,0.773469953712,0.0263341999962,42
4,20261006,0.5,color_shortcut,binary_healthy_affected,probe,0.496932515337,0.650452488688,0.650306748466,0.650096034346,0.639103575773,0.224124219326,0.693665158371,0.00921049999306,20
4,20261006,0.5,color_shortcut,binary_healthy_affected,sentinel,0,0.683363148479,0.682926829268,0.682738095238,0.608438819711,0.21138625801,0.711389385808,0.00921049999306,20
4,20261006,1,resnet18,four_class,probe,1,0.788614612512,0.815950920245,0.75230418889,0.491393585859,0.276928663957,0.953166404631,0.0775548999954,59
4,20261006,1,resnet18,four_class,sentinel,0,0.818567737172,0.743902439024,0.748488360862,0.656637954331,0.36228869218,0.905847918541,0.0775548999954,59
4,20261006,1,resnet18,binary_healthy_affected,probe,1,0.871191553544,0.871165644172,0.870990841593,0.311597216687,0.0941092799256,0.945701357466,0.0246218999964,21
4,20261006,1,resnet18,binary_healthy_affected,sentinel,0,0.814847942755,0.817073170732,0.815730337079,0.407482757999,0.132614175559,0.892665474061,0.0246218999964,21
4,20261006,1,color_shortcut,four_class,probe,1,0.684967320261,0.546012269939,0.496132710755,1.00990162275,0.579670729599,0.830781904375,0.0325900000025,39
4,20261006,1,color_shortcut,four_class,sentinel,0,0.62476928756,0.475609756098,0.42094094254,1.13622644017,0.640424036018,0.786845342714,0.0325900000025,39
4,20261006,1,color_shortcut,binary_healthy_affected,probe,1,0.706561085973,0.705521472393,0.705510388437,0.59950002246,0.207870511122,0.741628959276,0.0162029000057,22
4,20261006,1,color_shortcut,binary_healthy_affected,sentinel,0,0.584376863447,0.585365853659,0.584376863447,0.611924222476,0.21547228968,0.692307692308,0.0162029000057,22
5,20261007,0,resnet18,four_class,probe,0,0.479335901027,0.693251533742,0.469708951637,0.792687326137,0.423831070398,0.820007356927,0.0734553999937,58
5,20261007,0,resnet18,four_class,sentinel,0,0.701088962717,0.780487804878,0.675321637427,0.68230320199,0.338668300511,0.873309169953,0.0734553999937,58
5,20261007,0,resnet18,binary_healthy_affected,probe,0,0.833785822021,0.834355828221,0.833955857385,0.420548262255,0.12910405144,0.893514328808,0.0199863000016,22
5,20261007,0,resnet18,binary_healthy_affected,sentinel,0,0.812462731067,0.817073170732,0.813721035893,0.387039723844,0.123277610063,0.900417412045,0.0199863000016,22
5,20261007,0,color_shortcut,four_class,probe,0,0.42497665733,0.496932515337,0.380558597911,1.14355901643,0.643380783151,0.687405995601,0.0274890000001,39
5,20261007,0,color_shortcut,four_class,sentinel,0,0.415466961979,0.536585365854,0.383212267958,1.22638582506,0.646305383076,0.578078028908,0.0274890000001,39
5,20261007,0,color_shortcut,binary_healthy_affected,probe,0,0.645625942685,0.644171779141,0.644158386028,0.642904546475,0.224194591445,0.693665158371,0.0106245999923,22
5,20261007,0,color_shortcut,binary_healthy_affected,sentinel,0,0.689326177698,0.682926829268,0.67987987988,0.562160359361,0.190450990284,0.796660703637,0.0106245999923,22
5,20261007,0.5,resnet18,four_class,probe,0.496932515337,0.654931139122,0.736196319018,0.63124655251,0.665293996648,0.358568064456,0.896473905895,0.0729376999952,54
5,20261007,0.5,resnet18,four_class,sentinel,0,0.734680693983,0.80487804878,0.759803921569,0.690135493574,0.343469096075,0.90343280905,0.0729376999952,54
5,20261007,0.5,resnet18,binary_healthy_affected,probe,0.496932515337,0.846078431373,0.846625766871,0.846255423505,0.391246157517,0.121950316655,0.909803921569,0.0188916000043,23
5,20261007,0.5,resnet18,binary_healthy_affected,sentinel,0,0.850924269529,0.853658536585,0.852252252252,0.385616217029,0.118653761083,0.901610017889,0.0188916000043,23
5,20261007,0.5,color_shortcut,four_class,probe,0.496932515337,0.587284080299,0.515337423313,0.454458800155,1.03717229113,0.59108225352,0.791756643206,0.0244531000062,38
5,20261007,0.5,color_shortcut,four_class,sentinel,0,0.334533038021,0.439024390244,0.314574314574,1.18519296207,0.652348394993,0.590626980545,0.0244531000062,38
5,20261007,0.5,color_shortcut,binary_healthy_affected,probe,0.496932515337,0.702262443439,0.699386503067,0.698978630385,0.575980668415,0.197588048698,0.765158371041,0.0102476000029,22
5,20261007,0.5,color_shortcut,binary_healthy_affected,sentinel,0,0.686940966011,0.682926829268,0.682170542636,0.557122645945,0.189465450764,0.800834824091,0.0102476000029,22
5,20261007,1,resnet18,four_class,probe,1,0.746025910364,0.779141104294,0.701647956644,0.562682505988,0.305746344627,0.937795451203,0.0716538999986,60
5,20261007,1,resnet18,four_class,sentinel,0,0.710017534145,0.792682926829,0.731934731935,0.701797200903,0.35795422837,0.897498025897,0.0716538999986,60
5,20261007,1,resnet18,binary_healthy_affected,probe,1,0.846078431373,0.846625766871,0.846255423505,0.38021702629,0.116642738849,0.91161387632,0.0183959999995,23
5,20261007,1,resnet18,binary_healthy_affected,sentinel,0,0.862552176506,0.865853658537,0.864217973807,0.399587009558,0.12387333368,0.895050685748,0.0183959999995,23
5,20261007,1,color_shortcut,four_class,probe,1,0.723908730159,0.601226993865,0.562044738755,0.919971344172,0.525103977137,0.870254246918,0.0244119000126,39
5,20261007,1,color_shortcut,four_class,sentinel,0,0.349275562938,0.463414634146,0.332924269756,1.24977333114,0.671889337369,0.600095259846,0.0244119000126,39
5,20261007,1,color_shortcut,binary_healthy_affected,probe,1,0.763197586727,0.760736196319,0.7605920235,0.534938472011,0.179923701502,0.820512820513,0.0164846999978,22
5,20261007,1,color_shortcut,binary_healthy_affected,sentinel,0,0.649672033393,0.646341463415,0.645867460908,0.585379572729,0.202131224256,0.748360166965,0.0164846999978,22
6,20261008,0,resnet18,four_class,probe,0,0.635550887021,0.711656441718,0.622706669545,0.71042394136,0.410270765,0.884202400844,0.065299599999,54
6,20261008,0,resnet18,four_class,sentinel,0,0.526762643042,0.743902439024,0.504134550625,0.841366514658,0.421584527663,0.705326352633,0.065299599999,54
6,20261008,0,resnet18,binary_healthy_affected,probe,0,0.82790346908,0.828220858896,0.82790346908,0.413889692101,0.132756108941,0.891402714932,0.0203351000091,23
6,20261008,0,resnet18,binary_healthy_affected,sentinel,0,0.877757901014,0.878048780488,0.877757901014,0.323377571666,0.0992742575392,0.937388193202,0.0203351000091,23
6,20261008,0,color_shortcut,four_class,probe,0,0.309220354809,0.398773006135,0.290406300733,1.22119866069,0.684341437404,0.661295126398,0.0234220999992,38
6,20261008,0,color_shortcut,four_class,sentinel,0,0.390088593577,0.463414634146,0.345706181534,1.37647313632,0.697453024672,0.647102795715,0.0234220999992,38
6,20261008,0,color_shortcut,binary_healthy_affected,probe,0,0.608220211161,0.60736196319,0.607347184583,0.666535677626,0.235200270136,0.657164404223,0.00953070000105,23
6,20261008,0,color_shortcut,binary_healthy_affected,sentinel,0,0.652057245081,0.646341463415,0.643745318352,0.727804631376,0.233878047959,0.686344663089,0.00953070000105,23
6,20261008,0.5,resnet18,four_class,probe,0.496932515337,0.742162698413,0.754601226994,0.725920030218,0.59798584867,0.348743104097,0.922133371597,0.0622505000065,48
6,20261008,0.5,resnet18,four_class,sentinel,0,0.536683277962,0.731707317073,0.508866155158,0.875438298365,0.429340354588,0.649654538713,0.0622505000065,48
6,20261008,0.5,resnet18,binary_healthy_affected,probe,0.496932515337,0.829487179487,0.828220858896,0.828214393255,0.373743534094,0.119661549136,0.911161387632,0.0209201999969,23
6,20261008,0.5,resnet18,binary_healthy_affected,sentinel,0,0.864937388193,0.865853658537,0.865353037767,0.368182488362,0.116419612737,0.912343470483,0.0209201999969,23
6,20261008,0.5,color_shortcut,four_class,probe,0.496932515337,0.584733893557,0.503067484663,0.443402355693,1.12071718222,0.625821419685,0.771829566381,0.0235204999917,40
6,20261008,0.5,color_shortcut,four_class,sentinel,0,0.47469084533,0.463414634146,0.38629858302,1.27809486696,0.675115835388,0.698178965115,0.0235204999917,40
6,20261008,0.5,color_shortcut,binary_healthy_affected,probe,0.496932515337,0.676093514329,0.674846625767,0.674846625767,0.619215309018,0.215002355569,0.717797888386,0.0147472999961,22
6,20261008,0.5,color_shortcut,binary_healthy_affected,sentinel,0,0.641621943948,0.634146341463,0.628623188406,0.677138351519,0.228403290958,0.701848539058,0.0147472999961,22
6,20261008,1,resnet18,four_class,probe,1,0.751091269841,0.766871165644,0.767869094249,0.541213299436,0.31381948095,0.937408473516,0.0789860999939,54
6,20261008,1,resnet18,four_class,sentinel,0,0.548726467331,0.743902439024,0.516986062718,0.815642935938,0.403846636832,0.688573440073,0.0789860999939,54
6,20261008,1,resnet18,binary_healthy_affected,probe,1,0.84766214178,0.846625766871,0.84660267269,0.3488518825,0.10945277368,0.924283559578,0.0186975999968,22
6,20261008,1,resnet18,binary_healthy_affected,sentinel,0,0.853309481216,0.853658536585,0.853309481216,0.359249100775,0.113403835213,0.921884317233,0.0186975999968,22
6,20261008,1,color_shortcut,four_class,probe,1,0.688299486461,0.546012269939,0.516205536234,0.971218069381,0.558860633773,0.841488647919,0.0249440000043,40
6,20261008,1,color_shortcut,four_class,sentinel,0,0.509274640089,0.463414634146,0.39669300556,1.37029682369,0.664946620036,0.743821090955,0.0249440000043,40
6,20261008,1,color_shortcut,binary_healthy_affected,probe,1,0.657390648567,0.656441717791,0.65642878651,0.569760001953,0.19507520664,0.769079939668,0.0108479999908,22
6,20261008,1,color_shortcut,binary_healthy_affected,sentinel,0,0.652057245081,0.646341463415,0.643745318352,0.649072838489,0.219723932173,0.72152653548,0.0108479999908,22
7,20261009,0,resnet18,four_class,probe,0,0.51118697479,0.717791411043,0.497428109083,0.741825960717,0.397977299364,0.871268856379,0.110839700006,74
7,20261009,0,resnet18,four_class,sentinel,0,0.519241417497,0.69512195122,0.494890768147,0.757696234716,0.420375350304,0.854173543064,0.110839700006,74
7,20261009,0,resnet18,binary_healthy_affected,probe,0,0.819306184012,0.815950920245,0.815610859729,0.396115251892,0.12732033604,0.909200603318,0.0233423000027,23
7,20261009,0,resnet18,binary_healthy_affected,sentinel,0,0.791592128801,0.792682926829,0.791909240185,0.418258597037,0.135093783298,0.886702444842,0.0233423000027,23
7,20261009,0,color_shortcut,four_class,probe,0,0.442121848739,0.490797546012,0.385898788884,1.19496689898,0.66370081935,0.717287924664,0.0252513000014,39
7,20261009,0,color_shortcut,four_class,sentinel,0,0.332410483573,0.414634146341,0.305277552762,1.18906607232,0.685714411,0.644705582037,0.0252513000014,39
7,20261009,0,color_shortcut,binary_healthy_affected,probe,0,0.715082956259,0.711656441718,0.710960196189,0.584024035737,0.199176973107,0.770889894419,0.0116735999909,23
7,20261009,0,color_shortcut,binary_healthy_affected,sentinel,0,0.686940966011,0.682926829268,0.682170542636,0.579766832662,0.198518133595,0.784138342278,0.0116735999909,23
7,20261009,0.5,resnet18,four_class,probe,0.496932515337,0.545343137255,0.730061349693,0.525591384955,0.698938920632,0.380591738302,0.874026835787,0.0836506000051,51
7,20261009,0.5,resnet18,four_class,sentinel,0,0.536683277962,0.731707317073,0.513986013986,0.776908854696,0.417849381815,0.821011817607,0.0836506000051,51
7,20261009,0.5,resnet18,binary_healthy_affected,probe,0.496932515337,0.825188536953,0.822085889571,0.821844495534,0.374877861471,0.119759203666,0.919457013575,0.027411300005,24
7,20261009,0.5,resnet18,binary_healthy_affected,sentinel,0,0.790399522958,0.792682926829,0.791161048689,0.414149859062,0.132860373102,0.885509838998,0.027411300005,24
7,20261009,0.5,color_shortcut,four_class,probe,0.496932515337,0.573074229692,0.552147239264,0.45979020979,1.11400952532,0.620589867007,0.760731480671,0.0231865999958,36
7,20261009,0.5,color_shortcut,four_class,sentinel,0,0.316675895164,0.414634146341,0.311484481591,1.19522785407,0.679856030351,0.631426197611,0.0231865999958,36
7,20261009,0.5,color_shortcut,binary_healthy_affected,probe,0.496932515337,0.739140271493,0.736196319018,0.73583838993,0.54301448687,0.183756519306,0.80874811463,0.0103766000102,24
7,20261009,0.5,color_shortcut,binary_healthy_affected,sentinel,0,0.756708407871,0.756097560976,0.755952380952,0.555305080959,0.187064740581,0.803220035778,0.0103766000102,24
7,20261009,1,resnet18,four_class,probe,1,0.728238795518,0.791411042945,0.682218999904,0.597765936801,0.330320772852,0.920008208967,0.0960310999944,62
7,20261009,1,resnet18,four_class,sentinel,0,0.505790882244,0.719512195122,0.488922924901,0.804534978067,0.420869657966,0.804075355958,0.0960310999944,62
7,20261009,1,resnet18,binary_healthy_affected,probe,1,0.841779788839,0.840490797546,0.840484793737,0.339422025292,0.106700052283,0.937104072398,0.0245378999971,24
7,20261009,1,resnet18,binary_healthy_affected,sentinel,0,0.813655336911,0.817073170732,0.814842691555,0.422752504719,0.13505288428,0.883720930233,0.0245378999971,24
7,20261009,1,color_shortcut,four_class,probe,1,0.730707282913,0.576687116564,0.52047524127,0.952709850735,0.556085893054,0.867447545318,0.0242631000001,37
7,20261009,1,color_shortcut,four_class,sentinel,0,0.284791435954,0.426829268293,0.303423913043,1.20259334518,0.685905400933,0.608441021221,0.0242631000001,37
7,20261009,1,color_shortcut,binary_healthy_affected,probe,1,0.776546003017,0.773006134969,0.772458026787,0.508840711908,0.168439534438,0.852036199095,0.012679300009,25
7,20261009,1,color_shortcut,binary_healthy_affected,sentinel,0,0.733452593918,0.731707317073,0.731707317073,0.565149615459,0.191587570124,0.790697674419,0.012679300009,25
8,20261010,0,resnet18,four_class,probe,0,0.768417366947,0.766871165644,0.724178397704,0.636806172277,0.363260766698,0.913310357547,0.0902380000043,48
8,20261010,0,resnet18,four_class,sentinel,0,0.584579180509,0.707317073171,0.621485943775,0.733648746753,0.399436294077,0.853196765183,0.0902380000043,48
8,20261010,0,resnet18,binary_healthy_affected,probe,0,0.846606334842,0.846625766871,0.846417668564,0.351048086034,0.110390992792,0.925037707391,0.0222661000007,25
8,20261010,0,resnet18,binary_healthy_affected,sentinel,0,0.830053667263,0.829268292683,0.829166666667,0.394546278545,0.124884836764,0.902802623733,0.0222661000007,25
8,20261010,0,color_shortcut,four_class,probe,0,0.566981792717,0.472392638037,0.403744134837,1.20780528784,0.638723682021,0.737143279377,0.0290220000024,36
8,20261010,0,color_shortcut,four_class,sentinel,0,0.34219269103,0.40243902439,0.296836878211,1.21034292443,0.700882187081,0.633875550314,0.0290220000024,36
8,20261010,0,color_shortcut,binary_healthy_affected,probe,0,0.699622926094,0.699386503067,0.699205362859,0.63289856345,0.207432454453,0.743438914027,0.0114915000013,25
8,20261010,0,color_shortcut,binary_healthy_affected,sentinel,0,0.619260584377,0.621951219512,0.619176029963,0.668533888728,0.234413068625,0.654144305307,0.0114915000013,25
8,20261010,0.5,resnet18,four_class,probe,0.496932515337,0.860113211951,0.791411042945,0.778568705927,0.583151617468,0.328169080037,0.937689082422,0.0636996999965,50
8,20261010,0.5,resnet18,four_class,sentinel,0,0.572951273533,0.682926829268,0.567769336571,0.760964570297,0.412597595413,0.865677728976,0.0636996999965,50
8,20261010,0.5,resnet18,binary_healthy_affected,probe,0.496932515337,0.852488687783,0.852760736196,0.852488687783,0.335273083579,0.104664392546,0.935294117647,0.020944200005,21
8,20261010,0.5,resnet18,binary_healthy_affected,sentinel,0,0.828861061419,0.829268292683,0.828861061419,0.380419495103,0.123021390967,0.912343470483,0.020944200005,21
8,20261010,0.5,color_shortcut,four_class,probe,0.496932515337,0.673097572362,0.527607361963,0.471079486634,1.03002869583,0.579208732655,0.82668696615,0.035761799998,36
8,20261010,0.5,color_shortcut,four_class,sentinel,0,0.333264119601,0.390243902439,0.274529042386,1.22057796182,0.700479395888,0.636531608642,0.035761799998,36
8,20261010,0.5,color_shortcut,binary_healthy_affected,probe,0.496932515337,0.694268476621,0.693251533742,0.693239987955,0.592150985308,0.199379078867,0.764705882353,0.0100976999965,23
8,20261010,0.5,color_shortcut,binary_healthy_affected,sentinel,0,0.632081097197,0.634146341463,0.632177033493,0.670556216614,0.233401943016,0.65831842576,0.0100976999965,23
8,20261010,1,resnet18,four_class,probe,1,0.882329598506,0.828220858896,0.808388704319,0.506369239627,0.282158843408,0.951607684066,0.0686930000084,53
8,20261010,1,resnet18,four_class,sentinel,0,0.600313768918,0.707317073171,0.594518716578,0.750636091837,0.411911865097,0.855031047193,0.0686930000084,53
8,20261010,1,resnet18,binary_healthy_affected,probe,1,0.863725490196,0.865030674847,0.864413188143,0.310049663888,0.0951284348195,0.94419306184,0.0216046000132,23
8,20261010,1,resnet18,binary_healthy_affected,sentinel,0,0.827668455575,0.829268292683,0.828349282297,0.384874389845,0.124451969571,0.904591532499,0.0216046000132,23
8,20261010,1,color_shortcut,four_class,probe,1,0.714589169001,0.59509202454,0.529457453791,0.919252067628,0.521833570056,0.868611376435,0.0244209999946,38
8,20261010,1,color_shortcut,four_class,sentinel,0,0.22030730897,0.390243902439,0.238388969521,1.32999210127,0.748812309446,0.599106968222,0.0244209999946,38
8,20261010,1,color_shortcut,binary_healthy_affected,probe,1,0.742911010558,0.742331288344,0.742243975904,0.548422252092,0.18235356651,0.814177978884,0.0105020000046,22
8,20261010,1,color_shortcut,binary_healthy_affected,sentinel,0,0.596004770423,0.59756097561,0.5960591133,0.705404692851,0.247845639424,0.620751341682,0.0105020000046,22
9,20261011,0,resnet18,four_class,probe,0,0.644975490196,0.711656441718,0.652853029324,0.712270114643,0.400121729862,0.853588863566,0.106672199996,62
9,20261011,0,resnet18,four_class,sentinel,0,0.477021040975,0.731707317073,0.48645320197,0.771937657954,0.416643225016,0.855078973711,0.106672199996,62
9,20261011,0,resnet18,binary_healthy_affected,probe,0,0.82790346908,0.828220858896,0.82790346908,0.397266255934,0.12724525573,0.899849170437,0.0222986000008,22
9,20261011,0,resnet18,binary_healthy_affected,sentinel,0,0.87656529517,0.878048780488,0.877392344498,0.363208985696,0.113775259426,0.924269528921,0.0222986000008,22
9,20261011,0,color_shortcut,four_class,probe,0,0.573570261438,0.460122699387,0.403541540327,1.21844645105,0.693153847413,0.716425106213,0.0239406000037,38
9,20261011,0,color_shortcut,four_class,sentinel,0,0.354097452935,0.5,0.361951369232,1.24104354138,0.67314275728,0.673108375171,0.0239406000037,38
9,20261011,0,color_shortcut,binary_healthy_affected,probe,0,0.605505279035,0.601226993865,0.599053926206,0.66536476437,0.23596994068,0.665912518854,0.00979400001233,24
9,20261011,0,color_shortcut,binary_healthy_affected,sentinel,0,0.697376267144,0.69512195122,0.695076602707,0.601976654472,0.204285145687,0.758497316637,0.00979400001233,24
9,20261011,0.5,resnet18,four_class,probe,0.496932515337,0.658263305322,0.736196319018,0.672469058427,0.648299183521,0.357389915685,0.880431308647,0.0765994000103,59
9,20261011,0.5,resnet18,four_class,sentinel,0,0.506206164636,0.707317073171,0.507773109244,0.741252425238,0.410336840922,0.868946162908,0.0765994000103,59
9,20261011,0.5,resnet18,binary_healthy_affected,probe,0.496932515337,0.857843137255,0.858895705521,0.858362612868,0.366309514907,0.114603931921,0.918099547511,0.0185407000099,23
9,20261011,0.5,resnet18,binary_healthy_affected,sentinel,0,0.88938580799,0.890243902439,0.889834303627,0.372748059606,0.115596891825,0.921288014311,0.0185407000099,23
9,20261011,0.5,color_shortcut,four_class,probe,0.496932515337,0.591427404295,0.484662576687,0.425549450549,1.11362243224,0.627669925127,0.772284632211,0.028652500012,39
9,20261011,0.5,color_shortcut,four_class,sentinel,0,0.348283499446,0.487804878049,0.351503272209,1.27957007072,0.672465315916,0.660145690165,0.028652500012,39
9,20261011,0.5,color_shortcut,binary_healthy_affected,probe,0.496932515337,0.64826546003,0.644171779141,0.642543859649,0.613258302405,0.213676209065,0.730618401207,0.0116455000098,23
9,20261011,0.5,color_shortcut,binary_healthy_affected,sentinel,0,0.67412045319,0.670731707317,0.670290394639,0.637419693214,0.216970681991,0.73404889684,0.0116455000098,23
9,20261011,1,resnet18,four_class,probe,1,0.822309757236,0.79754601227,0.819691037314,0.521500317533,0.294144514491,0.945989958346,0.0759076999966,50
9,20261011,1,resnet18,four_class,sentinel,0,0.506206164636,0.707317073171,0.502681992337,0.664773417474,0.373928677856,0.896784234874,0.0759076999966,50
9,20261011,1,resnet18,binary_healthy_affected,probe,1,0.844494720965,0.846625766871,0.845485913624,0.337552902813,0.105193860118,0.931523378582,0.0191271999938,22
9,20261011,1,resnet18,binary_healthy_affected,sentinel,0,0.827668455575,0.829268292683,0.828349282297,0.374042852552,0.118059934845,0.917113893858,0.0191271999938,22
9,20261011,1,color_shortcut,four_class,probe,1,0.700379318394,0.552147239264,0.497005655258,0.966911877042,0.560593546361,0.863047492448,0.0266523000028,45
9,20261011,1,color_shortcut,four_class,sentinel,0,0.316099114064,0.426829268293,0.313780241935,1.28140707593,0.678786090021,0.643825731136,0.0266523000028,45
9,20261011,1,color_shortcut,binary_healthy_affected,probe,1,0.745022624434,0.742331288344,0.742088607595,0.542272188921,0.182443933106,0.815384615385,0.0101173000003,24
9,20261011,1,color_shortcut,binary_healthy_affected,sentinel,0,0.624031007752,0.621951219512,0.621894987357,0.669061185284,0.221609244255,0.70244484198,0.0101173000003,24
10,20261012,0,resnet18,four_class,probe,0,0.633035714286,0.736196319018,0.630386089007,0.769403382626,0.418174370791,0.83630400529,0.0691436999914,50
10,20261012,0,resnet18,four_class,sentinel,0,0.830610926541,0.756097560976,0.739687863965,0.594278298361,0.347014089401,0.934894529042,0.0691436999914,50
10,20261012,0,resnet18,binary_healthy_affected,probe,0,0.814027149321,0.815950920245,0.814772727273,0.44671471135,0.143720002066,0.872850678733,0.0257822000131,24
10,20261012,0,resnet18,binary_healthy_affected,sentinel,0,0.831246273107,0.829268292683,0.829268292683,0.331854882301,0.105570238562,0.943947525343,0.0257822000131,24
10,20261012,0,color_shortcut,four_class,probe,0,0.407930672269,0.441717791411,0.35133384342,1.20842960804,0.681170173688,0.670181196104,0.0282364000013,40
10,20261012,0,color_shortcut,four_class,sentinel,0,0.567252676264,0.585365853659,0.480027386541,0.957413201532,0.541965434432,0.807480789482,0.0282364000013,40
10,20261012,0,color_shortcut,binary_healthy_affected,probe,0,0.616742081448,0.613496932515,0.612563667233,0.660972034224,0.235092371002,0.657466063348,0.00995120000152,22
10,20261012,0,color_shortcut,binary_healthy_affected,sentinel,0,0.733452593918,0.731707317073,0.731707317073,0.553350317086,0.188404678486,0.795468097794,0.00995120000152,22
10,20261012,0.5,resnet18,four_class,probe,0.496932515337,0.699433940243,0.766871165644,0.667143326759,0.681608613754,0.362698508499,0.89053674735,0.0791707999888,54
10,20261012,0.5,resnet18,four_class,sentinel,0,0.699796973053,0.731707317073,0.654886363636,0.63645871523,0.359691389856,0.927528111991,0.0791707999888,54
10,20261012,0.5,resnet18,binary_healthy_affected,probe,0.496932515337,0.857843137255,0.858895705521,0.858362612868,0.39929727146,0.124852585329,0.897586726998,0.0192455000069,24
10,20261012,0.5,resnet18,binary_healthy_affected,sentinel,0,0.85450208706,0.853658536585,0.853571428571,0.344140935659,0.111249796893,0.932617769827,0.0192455000069,24
10,20261012,0.5,color_shortcut,four_class,probe,0.496932515337,0.572473155929,0.490797546012,0.434458432889,1.08044706337,0.619155383738,0.747357306572,0.0253749000112,42
10,20261012,0.5,color_shortcut,four_class,sentinel,0,0.510981912145,0.5,0.428325123153,1.00354182962,0.569637430531,0.801780848417,0.0253749000112,42
10,20261012,0.5,color_shortcut,binary_healthy_affected,probe,0.496932515337,0.658974358974,0.656441717791,0.65611814346,0.611739161709,0.213546001792,0.720060331825,0.00961369999277,23
10,20261012,0.5,color_shortcut,binary_healthy_affected,sentinel,0,0.729874776386,0.731707317073,0.730263157895,0.565190246096,0.188286929,0.787119856887,0.00961369999277,23
10,20261012,1,resnet18,four_class,probe,1,0.784150326797,0.80981595092,0.76887254902,0.577500318969,0.316719565118,0.922142163597,0.0660407999967,52
10,20261012,1,resnet18,four_class,sentinel,0,0.702911590993,0.731707317073,0.660864978903,0.652977079251,0.369667126295,0.923324729064,0.0660407999967,52
10,20261012,1,resnet18,binary_healthy_affected,probe,1,0.857843137255,0.858895705521,0.858362612868,0.353402407162,0.109997706323,0.920060331825,0.0177098999993,21
10,20261012,1,resnet18,binary_healthy_affected,sentinel,0,0.844066785927,0.841463414634,0.841439833408,0.359947516685,0.116830751419,0.926058437686,0.0177098999993,21
10,20261012,1,color_shortcut,four_class,probe,1,0.700379318394,0.552147239264,0.521055254253,0.932914038898,0.539897719947,0.858517848573,0.0233670000016,37
10,20261012,1,color_shortcut,four_class,sentinel,0,0.548980251015,0.573170731707,0.466628481581,1.04597754871,0.582841963044,0.783712710443,0.0233670000016,37
10,20261012,1,color_shortcut,binary_healthy_affected,probe,1,0.70814479638,0.705521472393,0.705244122966,0.558396529989,0.189667984926,0.792609351433,0.00998600000457,24
10,20261012,1,color_shortcut,binary_healthy_affected,sentinel,0,0.721824686941,0.719512195122,0.719470474491,0.580514362369,0.191155391751,0.796660703637,0.00998600000457,24
11,20261013,0,resnet18,four_class,probe,0,0.587079831933,0.662576687117,0.569431421431,0.7267886427,0.431384490635,0.867789915644,0.0786590000062,61
11,20261013,0,resnet18,four_class,sentinel,0,0.624400147656,0.731707317073,0.662952592524,0.66068146174,0.373489421064,0.868650744016,0.0786590000062,61
11,20261013,0,resnet18,binary_healthy_affected,probe,0,0.784087481146,0.78527607362,0.784464845669,0.41443198042,0.138231201554,0.885822021116,0.018775900011,23
11,20261013,0,resnet18,binary_healthy_affected,sentinel,0,0.830053667263,0.829268292683,0.829166666667,0.362368329743,0.117492912291,0.920095408468,0.018775900011,23
11,20261013,0,color_shortcut,four_class,probe,0,0.35085200747,0.41717791411,0.32110050966,1.20764344471,0.678838897056,0.666182880669,0.0242662999954,41
11,20261013,0,color_shortcut,four_class,sentinel,0,0.383282576597,0.475609756098,0.350288018433,1.04868196396,0.601283774193,0.762780865248,0.0242662999954,41
11,20261013,0,color_shortcut,binary_healthy_affected,probe,0,0.602865761689,0.601226993865,0.601166948993,0.653065202558,0.22986744779,0.682051282051,0.00979729999381,22
11,20261013,0,color_shortcut,binary_healthy_affected,sentinel,0,0.663685152057,0.658536585366,0.656698564593,0.585809732651,0.202115261639,0.758497316637,0.00979729999381,22
11,20261013,0.5,resnet18,four_class,probe,0.496932515337,0.641112278245,0.687116564417,0.62234994735,0.65351501284,0.372445412484,0.875059455439,0.0659464999917,53
11,20261013,0.5,resnet18,four_class,sentinel,0,0.481543004799,0.69512195122,0.478431372549,0.678867005321,0.381540889959,0.849963356268,0.0659464999917,53
11,20261013,0.5,resnet18,binary_healthy_affected,probe,0.496932515337,0.784615384615,0.78527607362,0.784757592907,0.371063449965,0.120901017621,0.912971342383,0.0195248999953,24
11,20261013,0.5,resnet18,binary_healthy_affected,sentinel,0,0.790399522958,0.792682926829,0.791161048689,0.389443614467,0.129112961483,0.901610017889,0.0195248999953,24
11,20261013,0.5,color_shortcut,four_class,probe,0.496932515337,0.497432306256,0.527607361963,0.424803819481,1.07426739592,0.59791326371,0.710031607618,0.0240859000041,38
11,20261013,0.5,color_shortcut,four_class,sentinel,0,0.384989848653,0.512195121951,0.363383691982,1.01670283387,0.57133041731,0.784712716375,0.0240859000041,38
11,20261013,0.5,color_shortcut,binary_healthy_affected,probe,0.496932515337,0.687330316742,0.687116564417,0.686928030731,0.601198385435,0.206020462972,0.743740573152,0.0100510000048,24
11,20261013,0.5,color_shortcut,binary_healthy_affected,sentinel,0,0.67412045319,0.670731707317,0.670290394639,0.580073006384,0.199809714315,0.762075134168,0.0100510000048,24
11,20261013,1,resnet18,four_class,probe,1,0.856781045752,0.791411042945,0.804983473176,0.546537158886,0.312973810631,0.940149586009,0.0695489000063,52
11,20261013,1,resnet18,four_class,sentinel,0,0.484242340347,0.707317073171,0.487656739812,0.706153268173,0.39727524947,0.828155596951,0.0695489000063,52
11,20261013,1,resnet18,binary_healthy_affected,probe,1,0.865309200603,0.865030674847,0.864903556359,0.32943231322,0.102655098434,0.938914027149,0.0206125999975,23
11,20261013,1,resnet18,binary_healthy_affected,sentinel,0,0.790399522958,0.792682926829,0.791161048689,0.395538940367,0.129590310543,0.898032200358,0.0206125999975,23
11,20261013,1,color_shortcut,four_class,probe,1,0.704563492063,0.613496932515,0.552902160864,0.919518864284,0.525443882384,0.857441144625,0.0263294000033,39
11,20261013,1,color_shortcut,four_class,sentinel,0,0.41276762643,0.524390243902,0.386974625531,1.07962459452,0.607048314533,0.724422384421,0.0263294000033,39
11,20261013,1,color_shortcut,binary_healthy_affected,probe,1,0.755731523379,0.754601226994,0.754591990364,0.542963854863,0.181005528245,0.824886877828,0.00962549999531,24
11,20261013,1,color_shortcut,binary_healthy_affected,sentinel,0,0.650864639237,0.646341463415,0.645021645022,0.586065529497,0.202390599177,0.75313059034,0.00962549999531,24
12,20261014,0,resnet18,four_class,probe,0,0.616701680672,0.711656441718,0.626715653824,0.765520889688,0.422998912698,0.870535620682,0.0665445999912,53
12,20261014,0,resnet18,four_class,sentinel,0,0.621977667036,0.634146341463,0.625354648625,0.812334124776,0.460306391405,0.790109161992,0.0665445999912,53
12,20261014,0,resnet18,binary_healthy_affected,probe,0,0.796907993967,0.79754601227,0.797057159027,0.433929790118,0.137900457819,0.878883861237,0.0172232000041,21
12,20261014,0,resnet18,binary_healthy_affected,sentinel,0,0.746273106738,0.743902439024,0.743864346274,0.421676359219,0.143860412898,0.877757901014,0.0172232000041,21
12,20261014,0,color_shortcut,four_class,probe,0,0.375478524743,0.435582822086,0.335863891011,1.14037441405,0.652830885626,0.682030765048,0.0243019000045,38
12,20261014,0,color_shortcut,four_class,sentinel,0,0.506044665928,0.548780487805,0.488666489926,1.0342065936,0.584824320654,0.763570965404,0.0243019000045,38
12,20261014,0,color_shortcut,binary_healthy_affected,probe,0,0.613574660633,0.613496932515,0.613264037962,0.655243064931,0.232553142507,0.656108597285,0.00967020000098,25
12,20261014,0,color_shortcut,binary_healthy_affected,sentinel,0,0.741502683363,0.743902439024,0.74202247191,0.597092871978,0.202017342237,0.752534287418,0.00967020000098,25
12,20261014,0.5,resnet18,four_class,probe,0.496932515337,0.741065592904,0.78527607362,0.716917225824,0.645527980075,0.345550094226,0.905676992077,0.0589847999945,51
12,20261014,0.5,resnet18,four_class,sentinel,0,0.488049095607,0.609756097561,0.447652696556,0.765796658415,0.439799338416,0.810586391039,0.0589847999945,51
12,20261014,0.5,resnet18,binary_healthy_affected,probe,0.496932515337,0.845550527903,0.846625766871,0.846046318335,0.380339956594,0.117839631776,0.910256410256,0.0169279999973,22
12,20261014,0.5,resnet18,binary_healthy_affected,sentinel,0,0.734645199761,0.731707317073,0.731547619048,0.412865491386,0.142513606128,0.883720930233,0.0169279999973,22
12,20261014,0.5,color_shortcut,four_class,probe,0.496932515337,0.5010445845,0.472392638037,0.397346201616,1.08134708454,0.615553955323,0.759223155858,0.0224264999997,38
12,20261014,0.5,color_shortcut,four_class,sentinel,0,0.385151347361,0.512195121951,0.361558377399,1.07311577159,0.60772362671,0.749528089941,0.0224264999997,38
12,20261014,0.5,color_shortcut,binary_healthy_affected,probe,0.496932515337,0.637631975867,0.638036809816,0.63754569781,0.63345459239,0.222545721626,0.692307692308,0.00972220000403,25
12,20261014,0.5,color_shortcut,binary_healthy_affected,sentinel,0,0.742695289207,0.743902439024,0.742946708464,0.606639097342,0.206482885734,0.741800834824,0.00972220000403,25
12,20261014,1,resnet18,four_class,probe,1,0.860539215686,0.822085889571,0.814883189702,0.559254953537,0.299423708469,0.941613031422,0.0681211999909,49
12,20261014,1,resnet18,four_class,sentinel,0,0.530984680694,0.634146341463,0.48633422885,0.749740965834,0.441194139099,0.821452536714,0.0681211999909,49
12,20261014,1,resnet18,binary_healthy_affected,probe,1,0.844494720965,0.846625766871,0.845485913624,0.360222847935,0.110876538718,0.919909502262,0.0148696000106,21
12,20261014,1,resnet18,binary_healthy_affected,sentinel,0,0.710196779964,0.707317073171,0.707142857143,0.431108412249,0.150590871128,0.880143112701,0.0148696000106,21
12,20261014,1,color_shortcut,four_class,probe,1,0.699883286648,0.564417177914,0.515308098692,1.00196622528,0.570720305015,0.838192641815,0.0224531999993,37
12,20261014,1,color_shortcut,four_class,sentinel,0,0.345445736434,0.40243902439,0.300394875395,1.16433459128,0.661121279717,0.645835809825,0.0224531999993,37
12,20261014,1,color_shortcut,binary_healthy_affected,probe,1,0.699095022624,0.699386503067,0.698978630385,0.586093047684,0.202348852317,0.749019607843,0.00982730000396,24
12,20261014,1,color_shortcut,binary_healthy_affected,sentinel,0,0.694991055456,0.69512195122,0.694713328369,0.626082616326,0.215192140261,0.725104353011,0.00982730000396,24
13,20261015,0,resnet18,four_class,probe,0,0.676756535948,0.699386503067,0.617448292448,0.691345661232,0.398841590853,0.888679970055,0.0689007000037,60
13,20261015,0,resnet18,four_class,sentinel,0,0.484657622739,0.69512195122,0.475496965892,0.862778549996,0.469092768796,0.787092738654,0.0689007000037,60
13,20261015,0,resnet18,binary_healthy_affected,probe,0,0.804901960784,0.803680981595,0.803673592291,0.390557466216,0.127496273693,0.902111613876,0.0174584000051,23
13,20261015,0,resnet18,binary_healthy_affected,sentinel,0,0.755515802027,0.756097560976,0.755515802027,0.483592747623,0.15846192326,0.851520572451,0.0174584000051,23
13,20261015,0,color_shortcut,four_class,probe,0,0.375192577031,0.435582822086,0.332994318831,1.21072416294,0.688310645575,0.688716292229,0.0238395000051,40
13,20261015,0,color_shortcut,four_class,sentinel,0,0.250322997416,0.341463414634,0.250477897252,1.44013705961,0.785922002702,0.545679533346,0.0238395000051,40
13,20261015,0,color_shortcut,binary_healthy_affected,probe,0,0.657918552036,0.656441717791,0.65642878651,0.616573043272,0.21510005924,0.71568627451,0.00940059999994,24
13,20261015,0,color_shortcut,binary_healthy_affected,sentinel,0,0.627608825283,0.621951219512,0.619176029963,0.646017091122,0.223345206042,0.717948717949,0.00940059999994,24
13,20261015,0.5,resnet18,four_class,probe,0.496932515337,0.781454248366,0.748466257669,0.735042735043,0.597707805022,0.345614380859,0.922947995315,0.0678177999944,63
13,20261015,0.5,resnet18,four_class,sentinel,0,0.467215762274,0.658536585366,0.466160593792,0.957067400403,0.510122149497,0.757333056333,0.0678177999944,63
13,20261015,0.5,resnet18,binary_healthy_affected,probe,0.496932515337,0.847134238311,0.846625766871,0.846533348398,0.359187721976,0.114463549118,0.924585218703,0.0163367000059,24
13,20261015,0.5,resnet18,binary_healthy_affected,sentinel,0,0.779964221825,0.780487804878,0.779964221825,0.507141905871,0.163547553384,0.840787119857,0.0163367000059,24
13,20261015,0.5,color_shortcut,four_class,probe,0.496932515337,0.55231092437,0.478527607362,0.421296716135,1.08302112617,0.629821098372,0.767693971497,0.023148799999,38
13,20261015,0.5,color_shortcut,four_class,sentinel,0,0.270879475821,0.378048780488,0.276135741653,1.41927895478,0.760903540928,0.604804309822,0.023148799999,38
13,20261015,0.5,color_shortcut,binary_healthy_affected,probe,0.496932515337,0.669683257919,0.668711656442,0.668699186992,0.576064518761,0.199079777737,0.75520361991,0.00938780000433,24
13,20261015,0.5,color_shortcut,binary_healthy_affected,sentinel,0,0.650864639237,0.646341463415,0.645021645022,0.628361008913,0.215318392391,0.74060822898,0.00938780000433,24
13,20261015,1,resnet18,four_class,probe,1,0.806506769374,0.79754601227,0.798158597631,0.530197944796,0.297748251678,0.938280821555,0.072745700003,64
13,20261015,1,resnet18,four_class,sentinel,0,0.469915097822,0.670731707317,0.469627026779,0.914842309472,0.489303421591,0.763357559436,0.072745700003,64
13,20261015,1,resnet18,binary_healthy_affected,probe,1,0.865309200603,0.865030674847,0.864903556359,0.336617777729,0.105455978347,0.934238310709,0.0163248000026,22
13,20261015,1,resnet18,binary_healthy_affected,sentinel,0,0.779964221825,0.780487804878,0.779964221825,0.497733397625,0.160672103133,0.841383422779,0.0163248000026,22
13,20261015,1,color_shortcut,four_class,probe,1,0.69389589169,0.558282208589,0.517424191108,0.913169496044,0.534418177382,0.856883428574,0.0249927999976,41
13,20261015,1,color_shortcut,four_class,sentinel,0,0.319213732004,0.426829268293,0.320631667968,1.39739585258,0.730665784578,0.582389206489,0.0249927999976,41
13,20261015,1,color_shortcut,binary_healthy_affected,probe,1,0.711387631976,0.711656441718,0.7112652169,0.535579874729,0.181219847759,0.806184012066,0.00920810000389,23
13,20261015,1,color_shortcut,binary_healthy_affected,sentinel,0,0.612403100775,0.609756097561,0.609523809524,0.628429401399,0.216538416484,0.726893261777,0.00920810000389,23
14,20261016,0,resnet18,four_class,probe,0,0.703612278245,0.693251533742,0.657067810675,0.782786832384,0.417745042942,0.883122759099,0.065231200002,55
14,20261016,0,resnet18,four_class,sentinel,0,0.588685861942,0.682926829268,0.559670886938,0.769780474314,0.416195381676,0.790062241346,0.065231200002,55
14,20261016,0,resnet18,binary_healthy_affected,probe,0,0.810256410256,0.80981595092,0.809701352013,0.429025355199,0.137675521514,0.882805429864,0.0201426999993,24
14,20261016,0,resnet18,binary_healthy_affected,sentinel,0,0.804412641622,0.80487804878,0.804412641622,0.438258725641,0.142624280022,0.878950506857,0.0201426999993,24
14,20261016,0,color_shortcut,four_class,probe,0,0.475285947712,0.447852760736,0.376125816825,1.16668019999,0.657767136506,0.728456998032,0.0243910999998,39
14,20261016,0,color_shortcut,four_class,sentinel,0,0.301933370247,0.390243902439,0.281129801528,1.25900324932,0.703710629333,0.58571218098,0.0243910999998,39
14,20261016,0,color_shortcut,binary_healthy_affected,probe,0,0.624811463047,0.625766871166,0.624863233352,0.655985953635,0.229394363462,0.678431372549,0.0104030999937,25
14,20261016,0,color_shortcut,binary_healthy_affected,sentinel,0,0.635658914729,0.634146341463,0.634146341463,0.670603034562,0.233829215378,0.677996422182,0.0104030999937,25
14,20261016,0.5,resnet18,four_class,probe,0.496932515337,0.728057889823,0.705521472393,0.678323017978,0.683711958156,0.374545928764,0.908048354641,0.0599050000019,49
14,20261016,0.5,resnet18,four_class,sentinel,0,0.658983942414,0.731707317073,0.628851540616,0.704965170332,0.386040564113,0.833274763411,0.0599050000019,49
14,20261016,0.5,resnet18,binary_healthy_affected,probe,0.496932515337,0.799547511312,0.79754601227,0.79751552795,0.415583264322,0.135396232818,0.889894419306,0.0204623999889,24
14,20261016,0.5,resnet18,binary_healthy_affected,sentinel,0,0.791592128801,0.792682926829,0.791909240185,0.468103434438,0.148715644083,0.868217054264,0.0204623999889,24
14,20261016,0.5,color_shortcut,four_class,probe,0.496932515337,0.496580298786,0.466257668712,0.399576350821,1.07422786861,0.61248123712,0.775688028979,0.0251736000064,44
14,20261016,0.5,color_shortcut,four_class,sentinel,0,0.316260612772,0.426829268293,0.292533936652,1.26355837932,0.703710718876,0.56472276667,0.0251736000064,44
14,20261016,0.5,color_shortcut,binary_healthy_affected,probe,0.496932515337,0.662745098039,0.662576687117,0.662373366475,0.625486501931,0.215783273877,0.721870286576,0.0109591999935,22
14,20261016,0.5,color_shortcut,binary_healthy_affected,sentinel,0,0.598389982111,0.59756097561,0.597501115573,0.6573327004,0.232390579429,0.67084078712,0.0109591999935,22
14,20261016,1,resnet18,four_class,probe,1,0.823120915033,0.766871165644,0.737450556449,0.544444637914,0.314932389077,0.940743090786,0.0610872000107,48
14,20261016,1,resnet18,four_class,sentinel,0,0.701504245109,0.768292682927,0.709809321525,0.664016340359,0.358433288896,0.858787275051,0.0610872000107,48
14,20261016,1,resnet18,binary_healthy_affected,probe,1,0.841779788839,0.840490797546,0.840484793737,0.343755905021,0.109310633487,0.928657616893,0.0172618999932,24
14,20261016,1,resnet18,binary_healthy_affected,sentinel,0,0.816040548599,0.817073170732,0.816390506046,0.455417827989,0.144463655775,0.875968992248,0.0172618999932,24
14,20261016,1,color_shortcut,four_class,probe,1,0.672496498599,0.546012269939,0.509368777248,0.979720215167,0.556022880935,0.840137148814,0.0222617999971,39
14,20261016,1,color_shortcut,four_class,sentinel,0,0.310446659284,0.414634146341,0.290254032648,1.24658670629,0.698567754156,0.571017807459,0.0222617999971,39
14,20261016,1,color_shortcut,binary_healthy_affected,probe,1,0.657390648567,0.656441717791,0.65642878651,0.581251407179,0.199382529011,0.762594268477,0.00934940000298,23
14,20261016,1,color_shortcut,binary_healthy_affected,sentinel,0,0.634466308885,0.634146341463,0.633928571429,0.662860499819,0.232984391075,0.669051878354,0.00934940000298,23
15,20261017,0,resnet18,four_class,probe,0,0.668218954248,0.760736196319,0.661436446848,0.67891879946,0.35358241618,0.862227089973,0.0574168000021,48
15,20261017,0,resnet18,four_class,sentinel,0,0.634320782577,0.719512195122,0.67070949398,0.653840091788,0.376079654973,0.902937047765,0.0574168000021,48
15,20261017,0,resnet18,binary_healthy_affected,probe,0,0.84766214178,0.846625766871,0.84660267269,0.401001835849,0.123315927437,0.902413273002,0.0174674000009,24
15,20261017,0,resnet18,binary_healthy_affected,sentinel,0,0.863744782349,0.865853658537,0.864868913858,0.350937198848,0.108189825102,0.925462134764,0.0174674000009,24
15,20261017,0,color_shortcut,four_class,probe,0,0.343837535014,0.398773006135,0.301881769253,1.28791775486,0.708489976775,0.606374341007,0.0225336000003,38
15,20261017,0,color_shortcut,four_class,sentinel,0,0.40538482835,0.390243902439,0.317241894765,1.23667838853,0.694401403759,0.677907584927,0.0225336000003,38
15,20261017,0,color_shortcut,binary_healthy_affected,probe,0,0.561764705882,0.564417177914,0.561179994692,0.706605648731,0.25495074888,0.594871794872,0.00906209999812,21
15,20261017,0,color_shortcut,binary_healthy_affected,sentinel,0,0.649672033393,0.646341463415,0.645867460908,0.665724632251,0.229032217482,0.687537268933,0.00906209999812,21
15,20261017,0.5,resnet18,four_class,probe,0.496932515337,0.791660830999,0.815950920245,0.772020884521,0.584872829657,0.298724710034,0.8937745213,0.0639904999989,48
15,20261017,0.5,resnet18,four_class,sentinel,0,0.627099483204,0.743902439024,0.672131147541,0.628875409035,0.368366198147,0.916533457988,0.0639904999989,48
15,20261017,0.5,resnet18,binary_healthy_affected,probe,0.496932515337,0.864781297134,0.865030674847,0.864781297134,0.364975572916,0.110815391699,0.919004524887,0.0167990000045,23
15,20261017,0.5,resnet18,binary_healthy_affected,sentinel,0,0.864937388193,0.865853658537,0.865353037767,0.366851151302,0.117773876875,0.918306499702,0.0167990000045,23
15,20261017,0.5,color_shortcut,four_class,probe,0.496932515337,0.487867647059,0.496932515337,0.401390867695,1.12867339667,0.627854356307,0.692201509015,0.0243255999958,39
15,20261017,0.5,color_shortcut,four_class,sentinel,0,0.476098191214,0.426829268293,0.366761363636,1.21774475439,0.686924440449,0.635425948851,0.0243255999958,39
15,20261017,0.5,color_shortcut,binary_healthy_affected,probe,0.496932515337,0.617345399698,0.61963190184,0.617196969697,0.643133257885,0.226561021268,0.678883861237,0.0163452000124,24
15,20261017,0.5,color_shortcut,binary_healthy_affected,sentinel,0,0.610017889088,0.609756097561,0.609523809524,0.667830801787,0.233806631959,0.662492546213,0.0163452000124,24
15,20261017,1,resnet18,four_class,probe,1,0.827766106443,0.858895705521,0.812177280551,0.481357358572,0.258446844253,0.954837831976,0.0809257999936,60
15,20261017,1,resnet18,four_class,sentinel,0,0.612356958287,0.719512195122,0.645913564399,0.68839893855,0.394631112754,0.903214137903,0.0809257999936,60
15,20261017,1,resnet18,binary_healthy_affected,probe,1,0.908069381599,0.907975460123,0.907850601138,0.330052689696,0.0978709936875,0.935746606335,0.0160438000021,21
15,20261017,1,resnet18,binary_healthy_affected,sentinel,0,0.828861061419,0.829268292683,0.828861061419,0.407106430405,0.131116669308,0.901610017889,0.0160438000021,21
15,20261017,1,color_shortcut,four_class,probe,1,0.657580532213,0.527607361963,0.472448877877,0.966758893649,0.556020682836,0.832398926516,0.0284125000035,44
15,20261017,1,color_shortcut,four_class,sentinel,0,0.452011812477,0.40243902439,0.348211748468,1.19993765592,0.675869194362,0.676849330992,0.0284125000035,44
15,20261017,1,color_shortcut,binary_healthy_affected,probe,1,0.651508295626,0.650306748466,0.650306748466,0.583129762689,0.200348028482,0.751282051282,0.00983599999745,23
15,20261017,1,color_shortcut,binary_healthy_affected,sentinel,0,0.638044126416,0.634146341463,0.633273703041,0.663522464041,0.231623894426,0.670244484198,0.00983599999745,23
16,20261018,0,resnet18,four_class,probe,0,0.592256069094,0.699386503067,0.568314475509,0.800283598945,0.439611102398,0.833386128074,0.0633780999924,56
16,20261018,0,resnet18,four_class,sentinel,0,0.539797895903,0.731707317073,0.522271440876,0.734081653591,0.403710367797,0.875366497286,0.0633780999924,56
16,20261018,0,resnet18,binary_healthy_affected,probe,0,0.80814479638,0.80981595092,0.808779564806,0.436453160195,0.13722531063,0.876923076923,0.0187841000006,23
16,20261018,0,resnet18,binary_healthy_affected,sentinel,0,0.812462731067,0.817073170732,0.813721035893,0.438150100999,0.141404787007,0.865831842576,0.0187841000006,23
16,20261018,0,color_shortcut,four_class,probe,0,0.506436741363,0.552147239264,0.436651592455,1.11763560171,0.618770601201,0.713746473233,0.0231825999945,40
16,20261018,0,color_shortcut,four_class,sentinel,0,0.478682170543,0.524390243902,0.409054964999,1.12060978528,0.642711393013,0.741728781554,0.0231825999945,40
16,20261018,0,color_shortcut,binary_healthy_affected,probe,0,0.659577677225,0.662576687117,0.659293885152,0.623228770462,0.217910552063,0.700904977376,0.00991919999069,24
16,20261018,0,color_shortcut,binary_healthy_affected,sentinel,0,0.733452593918,0.731707317073,0.731707317073,0.606282336796,0.20824809992,0.735837805605,0.00991919999069,24
16,20261018,0.5,resnet18,four_class,probe,0.496932515337,0.610609243697,0.711656441718,0.606312365795,0.682635636322,0.392227621274,0.877656988455,0.0565933000034,49
16,20261018,0.5,resnet18,four_class,sentinel,0,0.526762643042,0.743902439024,0.523660684278,0.745467098679,0.413561630052,0.864286026683,0.0565933000034,49
16,20261018,0.5,resnet18,binary_healthy_affected,probe,0.496932515337,0.820965309201,0.822085889571,0.821413729268,0.405861960456,0.127504993357,0.892760180995,0.0185551000031,23
16,20261018,0.5,resnet18,binary_healthy_affected,sentinel,0,0.826475849732,0.829268292683,0.827627627628,0.411715527601,0.132388808155,0.885509838998,0.0185551000031,23
16,20261018,0.5,color_shortcut,four_class,probe,0.496932515337,0.600857843137,0.539877300613,0.454591697658,1.02654652772,0.586283172823,0.808290386581,0.0230808999913,37
16,20261018,0.5,color_shortcut,four_class,sentinel,0,0.440683831672,0.451219512195,0.358769661711,1.16068754636,0.673545709475,0.724737735182,0.0230808999913,37
16,20261018,0.5,color_shortcut,binary_healthy_affected,probe,0.496932515337,0.691101055807,0.693251533742,0.691287878788,0.589013513865,0.202808247296,0.748717948718,0.00981519999914,26
16,20261018,0.5,color_shortcut,binary_healthy_affected,sentinel,0,0.733452593918,0.731707317073,0.731707317073,0.594068949938,0.203426469899,0.757901013715,0.00981519999914,26
16,20261018,1,resnet18,four_class,probe,1,0.6408321662,0.742331288344,0.64823187442,0.601158024031,0.355429286631,0.907046750607,0.0793994999985,63
16,20261018,1,resnet18,four_class,sentinel,0,0.484242340347,0.707317073171,0.484987809126,0.751507555752,0.418197828532,0.873893041996,0.0793994999985,63
16,20261018,1,resnet18,binary_healthy_affected,probe,1,0.826847662142,0.828220858896,0.827434966727,0.36832754972,0.113963312504,0.914328808446,0.0213512000046,24
16,20261018,1,resnet18,binary_healthy_affected,sentinel,0,0.777579010137,0.780487804878,0.778378378378,0.422900476028,0.138607792525,0.884317233154,0.0213512000046,24
16,20261018,1,color_shortcut,four_class,probe,1,0.748535247432,0.61963190184,0.570043322621,0.944443299624,0.538473944743,0.858927605177,0.0229680000048,37
16,20261018,1,color_shortcut,four_class,sentinel,0,0.480089516427,0.487804878049,0.392748452265,1.1532095347,0.658396600715,0.729828239248,0.0229680000048,37
16,20261018,1,color_shortcut,binary_healthy_affected,probe,1,0.709803921569,0.711656441718,0.710085146641,0.563857564914,0.192406301322,0.778129713424,0.0104229999997,22
16,20261018,1,color_shortcut,binary_healthy_affected,sentinel,0,0.721824686941,0.719512195122,0.719470474491,0.598013545438,0.205028930254,0.75014907573,0.0104229999997,22
17,20261019,0,resnet18,four_class,probe,0,0.612698412698,0.736196319018,0.591680926828,0.724162804434,0.385866519825,0.880297005058,0.0728335000022,53
17,20261019,0,resnet18,four_class,sentinel,0,0.61946290144,0.780487804878,0.631070549631,0.70811120208,0.354081081007,0.820957366594,0.0728335000022,53
17,20261019,0,resnet18,binary_healthy_affected,probe,0,0.829487179487,0.828220858896,0.828214393255,0.41263674152,0.128657841525,0.897134238311,0.0178120999917,21
17,20261019,0,resnet18,binary_healthy_affected,sentinel,0,0.872987477639,0.878048780488,0.87537993921,0.341405020787,0.103145094914,0.935002981515,0.0178120999917,21
17,20261019,0,color_shortcut,four_class,probe,0,0.43025210084,0.472392638037,0.374840738971,1.25675591378,0.676589166135,0.683257945277,0.0255919999909,38
17,20261019,0,color_shortcut,four_class,sentinel,0,0.340070136582,0.378048780488,0.277398506134,1.30686160291,0.711392058697,0.620132293892,0.0255919999909,38
17,20261019,0,color_shortcut,binary_healthy_affected,probe,0,0.653619909502,0.650306748466,0.649462365591,0.634931493156,0.223156936385,0.692760180995,0.00943610000832,23
17,20261019,0,color_shortcut,binary_healthy_affected,sentinel,0,0.638938580799,0.646341463415,0.63409755347,0.673001289447,0.233477310294,0.669051878354,0.00943610000832,23
17,20261019,0.5,resnet18,four_class,probe,0.496932515337,0.691532446312,0.766871165644,0.691584143285,0.597560385037,0.33090331369,0.919392151658,0.0711997000035,48
17,20261019,0.5,resnet18,four_class,sentinel,0,0.606427648579,0.792682926829,0.61369910283,0.727158299618,0.362568404938,0.782808512978,0.0711997000035,48
17,20261019,0.5,resnet18,binary_healthy_affected,probe,0.496932515337,0.877601809955,0.877300613497,0.877185051236,0.36699253197,0.11202892781,0.917647058824,0.0190207000123,24
17,20261019,0.5,resnet18,binary_healthy_affected,sentinel,0,0.872987477639,0.878048780488,0.87537993921,0.333572864211,0.097836369269,0.951103160405,0.0190207000123,24
17,20261019,0.5,color_shortcut,four_class,probe,0.496932515337,0.52602124183,0.509202453988,0.425519444618,1.06296344527,0.603156019649,0.757700753802,0.0247133000084,38
17,20261019,0.5,color_shortcut,four_class,sentinel,0,0.316399040236,0.341463414634,0.246702625332,1.31216773596,0.725950194897,0.608718241221,0.0247133000084,38
17,20261019,0.5,color_shortcut,binary_healthy_affected,probe,0.496932515337,0.70173453997,0.699386503067,0.699205362859,0.585280716201,0.201695955231,0.746606334842,0.0103062999988,24
17,20261019,0.5,color_shortcut,binary_healthy_affected,sentinel,0,0.591234347048,0.59756097561,0.587185354691,0.690146822979,0.243918396453,0.63923673226,0.0103062999988,24
17,20261019,1,resnet18,four_class,probe,1,0.774229691877,0.822085889571,0.769150145443,0.516687723074,0.281360524861,0.949683400898,0.0656257999945,56
17,20261019,1,resnet18,four_class,sentinel,0,0.579641934293,0.756097560976,0.5625696767,0.72106698584,0.377635120638,0.824670121324,0.0656257999945,56
17,20261019,1,resnet18,binary_healthy_affected,probe,1,0.865837104072,0.865030674847,0.864984939759,0.34451195604,0.104507881731,0.930165912519,0.0157450999977,21
17,20261019,1,resnet18,binary_healthy_affected,sentinel,0,0.89862850328,0.90243902439,0.900966183575,0.316150158969,0.0918305905939,0.949910554562,0.0157450999977,21
17,20261019,1,color_shortcut,four_class,probe,1,0.697969187675,0.570552147239,0.505733937595,0.947976401984,0.541010506396,0.854283957819,0.0232957999979,40
17,20261019,1,color_shortcut,four_class,sentinel,0,0.34276947213,0.390243902439,0.273447712418,1.36487679325,0.711064580255,0.635065773467,0.0232957999979,40
17,20261019,1,color_shortcut,binary_healthy_affected,probe,1,0.712443438914,0.711656441718,0.711613024657,0.546256961773,0.185083704483,0.798190045249,0.0090818000026,23
17,20261019,1,color_shortcut,binary_healthy_affected,sentinel,0,0.579606440072,0.585365853659,0.576291793313,0.760280916056,0.245031931977,0.641025641026,0.0090818000026,23
18,20261020,0,resnet18,four_class,probe,0,0.699398926237,0.766871165644,0.673810498194,0.645856759223,0.352994343251,0.895673218947,0.0581309000117,49
18,20261020,0,resnet18,four_class,sentinel,0,0.735234403839,0.707317073171,0.679995579134,0.721658838898,0.410907284789,0.879141056735,0.0581309000117,49
18,20261020,0,resnet18,binary_healthy_affected,probe,0,0.809728506787,0.80981595092,0.809557909019,0.378935262444,0.121821212507,0.911463046757,0.0172001000028,24
18,20261020,0,resnet18,binary_healthy_affected,sentinel,0,0.814847942755,0.817073170732,0.815730337079,0.446071727316,0.142752153492,0.868813357185,0.0172001000028,24
18,20261020,0,color_shortcut,four_class,probe,0,0.469158496732,0.490797546012,0.39196136788,1.36368255123,0.674630345609,0.678005554791,0.0223304999963,37
18,20261020,0,color_shortcut,four_class,sentinel,0,0.632867294205,0.512195121951,0.474095424095,1.11026595925,0.627771381786,0.780801351622,0.0223304999963,37
18,20261020,0,color_shortcut,binary_healthy_affected,probe,0,0.638159879336,0.638036809816,0.637818702218,0.654822548741,0.225725254199,0.691101055807,0.00943059999554,23
18,20261020,0,color_shortcut,binary_healthy_affected,sentinel,0,0.660107334526,0.658536585366,0.658536585366,0.628898879213,0.216773494352,0.718545020871,0.00943059999554,23
18,20261020,0.5,resnet18,four_class,probe,0.496932515337,0.70496031746,0.742331288344,0.709353569014,0.595577551802,0.340463372832,0.921895761553,0.0648264999909,59
18,20261020,0.5,resnet18,four_class,sentinel,0,0.742455703212,0.682926829268,0.637520670919,0.750415093731,0.434602246011,0.882485597004,0.0648264999909,59
18,20261020,0.5,resnet18,binary_healthy_affected,probe,0.496932515337,0.785671191554,0.78527607362,0.785146687757,0.389395104591,0.128252176865,0.904223227753,0.0167455000046,24
18,20261020,0.5,resnet18,binary_healthy_affected,sentinel,0,0.817233154442,0.817073170732,0.816827997022,0.452281362247,0.14433525619,0.877757901014,0.0167455000046,24
18,20261020,0.5,color_shortcut,four_class,probe,0.496932515337,0.587885154062,0.496932515337,0.435364918071,1.13697023721,0.613515268748,0.802070449564,0.023721000005,40
18,20261020,0.5,color_shortcut,four_class,sentinel,0,0.614018087855,0.512195121951,0.467541317061,1.09383687935,0.618771558961,0.772981140542,0.023721000005,40
18,20261020,0.5,color_shortcut,binary_healthy_affected,probe,0.496932515337,0.658446455505,0.656441717791,0.656325301205,0.628098581011,0.217156212913,0.712066365008,0.00940450000053,24
18,20261020,0.5,color_shortcut,binary_healthy_affected,sentinel,0,0.649672033393,0.646341463415,0.645867460908,0.615445870209,0.212293166776,0.729278473465,0.00940450000053,24
18,20261020,1,resnet18,four_class,probe,1,0.827801120448,0.815950920245,0.779919806405,0.52499386424,0.289526128673,0.944643881665,0.0585872999945,53
18,20261020,1,resnet18,four_class,sentinel,0,0.739756367663,0.670731707317,0.712172538392,0.790639059642,0.450708301262,0.874333211065,0.0585872999945,53
18,20261020,1,resnet18,binary_healthy_affected,probe,1,0.809200603318,0.80981595092,0.809356725146,0.363720521473,0.116533661869,0.917797888386,0.0163546000113,22
18,20261020,1,resnet18,binary_healthy_affected,sentinel,0,0.793977340489,0.792682926829,0.792652089841,0.481967713708,0.15675415255,0.862850327967,0.0163546000113,22
18,20261020,1,color_shortcut,four_class,probe,1,0.741234827264,0.601226993865,0.557195538242,0.965447267546,0.548062283574,0.856233159095,0.0224841000017,37
18,20261020,1,color_shortcut,four_class,sentinel,0,0.549972314507,0.548780487805,0.454166666667,1.07533407006,0.615242341988,0.774743137314,0.0224841000017,37
18,20261020,1,color_shortcut,binary_healthy_affected,probe,1,0.686802413273,0.687116564417,0.68669204387,0.570698810577,0.194205509682,0.776319758673,0.00972570000158,24
18,20261020,1,color_shortcut,binary_healthy_affected,sentinel,0,0.6961836613,0.69512195122,0.695076602707,0.625100260136,0.217588871051,0.715563506261,0.00972570000158,24
19,20261021,0,resnet18,four_class,probe,0,0.719450280112,0.730061349693,0.687105801313,0.691456079772,0.387657538773,0.889858075714,0.0627021000109,53
19,20261021,0,resnet18,four_class,sentinel,0,0.648648025102,0.756097560976,0.640041094465,0.684055643882,0.365856256957,0.801859028289,0.0627021000109,53
19,20261021,0,resnet18,binary_healthy_affected,probe,0,0.810784313725,0.80981595092,0.809787314135,0.433115640495,0.136078322558,0.887028657617,0.016580800002,23
19,20261021,0,resnet18,binary_healthy_affected,sentinel,0,0.790399522958,0.792682926829,0.791161048689,0.433702529011,0.140879040543,0.877161598092,0.016580800002,23
19,20261021,0,color_shortcut,four_class,probe,0,0.344934640523,0.447852760736,0.329849741555,1.29247121365,0.665244235722,0.66613884382,0.0247432000033,40
19,20261021,0,color_shortcut,four_class,sentinel,0,0.276278146918,0.40243902439,0.2807956511,1.16246833397,0.667377951766,0.67774894318,0.0247432000033,40
19,20261021,0,color_shortcut,binary_healthy_affected,probe,0,0.653092006033,0.650306748466,0.649832284325,0.708909427122,0.226312065604,0.69592760181,0.00970400001097,23
19,20261021,0,color_shortcut,binary_healthy_affected,sentinel,0,0.619260584377,0.621951219512,0.619176029963,0.650580579969,0.228715760876,0.666666666667,0.00970400001097,23
19,20261021,0.5,resnet18,four_class,probe,0.496932515337,0.827976190476,0.766871165644,0.774663299663,0.5992759797,0.342160930736,0.920991472562,0.0617343000049,53
19,20261021,0.5,resnet18,four_class,sentinel,0,0.570275009228,0.756097560976,0.56188701561,0.699777670623,0.375249908174,0.790014809154,0.0617343000049,53
19,20261021,0.5,resnet18,binary_healthy_affected,probe,0.496932515337,0.829487179487,0.828220858896,0.828214393255,0.398653481884,0.125090052589,0.902413273002,0.0180830999889,25
19,20261021,0.5,resnet18,binary_healthy_affected,sentinel,0,0.764758497317,0.768292682927,0.765467409303,0.446827483934,0.146878437877,0.866428145498,0.0180830999889,25
19,20261021,0.5,color_shortcut,four_class,probe,0.496932515337,0.55277194211,0.509202453988,0.440393253666,1.17396396501,0.615544286576,0.740862835817,0.0228669999924,37
19,20261021,0.5,color_shortcut,four_class,sentinel,0,0.453719084533,0.439024390244,0.359545976607,1.19846928069,0.678628239758,0.669536586593,0.0228669999924,37
19,20261021,0.5,color_shortcut,binary_healthy_affected,probe,0.496932515337,0.677677224736,0.674846625767,0.674405457355,0.649968395419,0.213034557906,0.731674208145,0.00876989999961,22
19,20261021,0.5,color_shortcut,binary_healthy_affected,sentinel,0,0.57274895647,0.573170731707,0.572598659717,0.636325519684,0.222793029813,0.685748360167,0.00876989999961,22
19,20261021,1,resnet18,four_class,probe,1,0.842787114846,0.791411042945,0.798216128346,0.494297431318,0.286976334,0.946597845427,0.0586997999926,49
19,20261021,1,resnet18,four_class,sentinel,0,0.576088962717,0.768292682927,0.565132958182,0.675199937647,0.355591097027,0.783590492007,0.0586997999926,49
19,20261021,1,resnet18,binary_healthy_affected,probe,1,0.840196078431,0.840490797546,0.840196078431,0.3428790208,0.105945418728,0.926847662142,0.0168078999995,23
19,20261021,1,resnet18,binary_healthy_affected,sentinel,0,0.802027429934,0.80487804878,0.803003003003,0.416334861389,0.131942073156,0.884913536076,0.0168078999995,23
19,20261021,1,color_shortcut,four_class,probe,1,0.701406395892,0.564417177914,0.505372065984,0.952361679937,0.542305011597,0.864875617914,0.0213681999885,35
19,20261021,1,color_shortcut,four_class,sentinel,0,0.389234957549,0.40243902439,0.316351981352,1.19632789329,0.687452820907,0.66886138581,0.0213681999885,35
19,20261021,1,color_shortcut,binary_healthy_affected,probe,1,0.713499245852,0.711656441718,0.711613024657,0.574833883366,0.190796541329,0.792156862745,0.00918319998891,24
19,20261021,1,color_shortcut,binary_healthy_affected,sentinel,0,0.559928443649,0.560975609756,0.559928443649,0.64343369493,0.223377837131,0.693500298151,0.00918319998891,24
20,20261022,0,resnet18,four_class,probe,0,0.675058356676,0.748466257669,0.704524819332,0.665028874299,0.377816520231,0.882374352765,0.0572747999977,51
20,20261022,0,resnet18,four_class,sentinel,0,0.551425802879,0.756097560976,0.5369968212,0.674175352732,0.364898380529,0.836733176517,0.0572747999977,51
20,20261022,0,resnet18,binary_healthy_affected,probe,0,0.864253393665,0.865030674847,0.864617940199,0.338591094199,0.102284470791,0.932277526395,0.0170307999942,23
20,20261022,0,resnet18,binary_healthy_affected,sentinel,0,0.864937388193,0.865853658537,0.865353037767,0.373121950003,0.114041232248,0.914728682171,0.0170307999942,23
20,20261022,0,color_shortcut,four_class,probe,0,0.304686041083,0.435582822086,0.302628115128,1.15751112555,0.663972914607,0.653959757858,0.0244812999881,42
20,20261022,0,color_shortcut,four_class,sentinel,0,0.31780638612,0.463414634146,0.323325158966,1.18899085726,0.672432349931,0.688131304438,0.0244812999881,42
20,20261022,0,color_shortcut,binary_healthy_affected,probe,0,0.652036199095,0.650306748466,0.650254093732,0.599237033648,0.206084549433,0.745852187029,0.00956379999116,25
20,20261022,0,color_shortcut,binary_healthy_affected,sentinel,0,0.657722122838,0.658536585366,0.657722122838,0.650467736692,0.223815847705,0.694096601073,0.00956379999116,25
20,20261022,0.5,resnet18,four_class,probe,0.496932515337,0.721189309057,0.773006134969,0.748421478187,0.574375229213,0.328082422672,0.91512615384,0.0686268999998,57
20,20261022,0.5,resnet18,four_class,sentinel,0,0.576088962717,0.768292682927,0.546958493542,0.67791819473,0.375096950283,0.862338430587,0.0686268999998,57
20,20261022,0.5,resnet18,binary_healthy_affected,probe,0.496932515337,0.895248868778,0.895705521472,0.895453687983,0.318263502451,0.094944221072,0.942383107089,0.0170721000031,22
20,20261022,0.5,resnet18,binary_healthy_affected,sentinel,0,0.838103756708,0.841463414634,0.839530332681,0.384409096044,0.119721319725,0.909958258795,0.0170721000031,22
20,20261022,0.5,color_shortcut,four_class,probe,0.496932515337,0.466713352007,0.509202453988,0.403050322693,1.0527290263,0.598068303751,0.747821067127,0.0231182999996,37
20,20261022,0.5,color_shortcut,four_class,sentinel,0,0.332548911037,0.487804878049,0.336547704879,1.1695587999,0.667120103418,0.70367546959,0.0231182999996,37
20,20261022,0.5,color_shortcut,binary_healthy_affected,probe,0.496932515337,0.68197586727,0.680981595092,0.680969587474,0.581540603021,0.19774015636,0.773453996983,0.0101357999956,25
20,20261022,0.5,color_shortcut,binary_healthy_affected,sentinel,0,0.693798449612,0.69512195122,0.693984176743,0.65143211175,0.224571794719,0.692307692308,0.0101357999956,25
20,20261022,1,resnet18,four_class,probe,1,0.756477591036,0.791411042945,0.764849239664,0.490490207525,0.282307017558,0.945645069233,0.0579597000033,50
20,20261022,1,resnet18,four_class,sentinel,0,0.602874677003,0.80487804878,0.582072889657,0.685508289475,0.368042554879,0.865629386332,0.0579597000033,50
20,20261022,1,resnet18,binary_healthy_affected,probe,1,0.908069381599,0.907975460123,0.907850601138,0.29236802052,0.0852012903864,0.953846153846,0.0154626000003,21
20,20261022,1,resnet18,binary_healthy_affected,sentinel,0,0.850924269529,0.853658536585,0.852252252252,0.387560444412,0.120368273174,0.906976744186,0.0154626000003,21
20,20261022,1,color_shortcut,four_class,probe,1,0.654779411765,0.552147239264,0.488778939122,0.964650019858,0.553079293601,0.836060862754,0.0224675000063,38
20,20261022,1,color_shortcut,four_class,sentinel,0,0.287906053894,0.426829268293,0.294859307359,1.23146337712,0.687898293442,0.668596898957,0.0224675000063,38
20,20261022,1,color_shortcut,binary_healthy_affected,probe,1,0.713499245852,0.711656441718,0.711613024657,0.537902204223,0.180783789325,0.814630467572,0.00961370000732,23
20,20261022,1,color_shortcut,binary_healthy_affected,sentinel,0,0.633273703041,0.634146341463,0.633273703041,0.681341700626,0.235311164009,0.659511031604,0.00961370000732,23
21,20261023,0,resnet18,four_class,probe,0,0.627013305322,0.773006134969,0.632182141149,0.645159797388,0.34249809727,0.837550148628,0.0655471999926,60
21,20261023,0,resnet18,four_class,sentinel,0,0.575650609081,0.69512195122,0.578280450111,0.753738015905,0.428284006304,0.859865505223,0.0655471999926,60
21,20261023,0,resnet18,binary_healthy_affected,probe,0,0.871191553544,0.871165644172,0.870990841593,0.336147560552,0.10354345553,0.936802413273,0.0170684999903,21
21,20261023,0,resnet18,binary_healthy_affected,sentinel,0,0.802027429934,0.80487804878,0.803003003003,0.458738610669,0.147979029813,0.868813357185,0.0170684999903,21
21,20261023,0,color_shortcut,four_class,probe,0,0.369631185808,0.460122699387,0.336553513275,1.23729508308,0.687204484421,0.671519270766,0.0261095999886,47
21,20261023,0,color_shortcut,four_class,sentinel,0,0.363856589147,0.487804878049,0.342803030303,1.3776426806,0.672701140079,0.72780232653,0.0261095999886,47
21,20261023,0,color_shortcut,binary_healthy_affected,probe,0,0.697435897436,0.693251533742,0.69184815487,0.616043674123,0.213315100897,0.727450980392,0.00957330000529,25
21,20261023,0,color_shortcut,binary_healthy_affected,sentinel,0,0.677698270722,0.670731707317,0.666716844799,0.698159302596,0.23579297983,0.686344663089,0.00957330000529,25
21,20261023,0.5,resnet18,four_class,probe,0.496932515337,0.646183473389,0.80981595092,0.678511761561,0.545661935024,0.299044621784,0.926266368057,0.0581157999986,51
21,20261023,0.5,resnet18,four_class,sentinel,0,0.572535991141,0.69512195122,0.616013071895,0.754340823047,0.419687898437,0.863752088851,0.0581157999986,51
21,20261023,0.5,resnet18,binary_healthy_affected,probe,0.496932515337,0.870135746606,0.871165644172,0.870678907401,0.318631361466,0.0968471465487,0.941779788839,0.0162799999962,22
21,20261023,0.5,resnet18,binary_healthy_affected,sentinel,0,0.802027429934,0.80487804878,0.803003003003,0.471078781967,0.147149047463,0.870005963029,0.0162799999962,22
21,20261023,0.5,color_shortcut,four_class,probe,0.496932515337,0.555678104575,0.515337423313,0.42521425145,1.08855705404,0.612819449556,0.782669537019,0.0221562999941,37
21,20261023,0.5,color_shortcut,four_class,sentinel,0,0.445921004061,0.475609756098,0.377710084034,1.42983649018,0.678934605865,0.690519212025,0.0221562999941,37
21,20261023,0.5,color_shortcut,binary_healthy_affected,probe,0.496932515337,0.693137254902,0.687116564417,0.683253953134,0.590577029776,0.202466434512,0.763046757164,0.00902630000201,24
21,20261023,0.5,color_shortcut,binary_healthy_affected,sentinel,0,0.688133571855,0.682926829268,0.681220095694,0.64250856918,0.226083615976,0.69946332737,0.00902630000201,24
21,20261023,1,resnet18,four_class,probe,1,0.742944677871,0.822085889571,0.751124760867,0.478821530233,0.263928140678,0.953726554376,0.0576794999943,49
21,20261023,1,resnet18,four_class,sentinel,0,0.46327057955,0.682926829268,0.465348795289,0.773120339947,0.423316691841,0.859269016929,0.0576794999943,49
21,20261023,1,resnet18,binary_healthy_affected,probe,1,0.870135746606,0.871165644172,0.870678907401,0.3033749273,0.0910849642386,0.947209653092,0.016025600009,21
21,20261023,1,resnet18,binary_healthy_affected,sentinel,0,0.802027429934,0.80487804878,0.803003003003,0.464887589106,0.142561468002,0.872391174717,0.016025600009,21
21,20261023,1,color_shortcut,four_class,probe,1,0.706086601307,0.613496932515,0.54043230023,0.935135949095,0.53317221187,0.870201418473,0.0226752999879,38
21,20261023,1,color_shortcut,four_class,sentinel,0,0.431178479144,0.451219512195,0.372577996716,1.23416594421,0.640459308023,0.710883187358,0.0226752999879,38
21,20261023,1,color_shortcut,binary_healthy_affected,probe,1,0.776018099548,0.773006134969,0.772698149474,0.521276676326,0.172963336993,0.830165912519,0.0103263999918,22
21,20261023,1,color_shortcut,binary_healthy_affected,sentinel,0,0.650864639237,0.646341463415,0.645021645022,0.70540750177,0.227880865419,0.69946332737,0.0103263999918,22
22,20261024,0,resnet18,four_class,probe,0,0.682107843137,0.766871165644,0.697489648033,0.694028002705,0.371860030454,0.895378392923,0.062059200005,54
22,20261024,0,resnet18,four_class,sentinel,0,0.588685861942,0.682926829268,0.63097374543,0.698384215809,0.398369168728,0.875091795715,0.062059200005,54
22,20261024,0,resnet18,binary_healthy_affected,probe,0,0.839668174962,0.840490797546,0.840003020236,0.404729868773,0.125408107843,0.898190045249,0.0162073999963,21
22,20261024,0,resnet18,binary_healthy_affected,sentinel,0,0.764758497317,0.768292682927,0.765467409303,0.429121668909,0.142472920136,0.872987477639,0.0162073999963,21
22,20261024,0,color_shortcut,four_class,probe,0,0.504516806723,0.503067484663,0.409487112095,1.1590427905,0.652114130552,0.724595344348,0.0228550000029,38
22,20261024,0,color_shortcut,four_class,sentinel,0,0.366717423403,0.5,0.368757618959,1.16452829967,0.652020115397,0.668903780336,0.0228550000029,38
22,20261024,0,color_shortcut,binary_healthy_affected,probe,0,0.669155354449,0.668711656442,0.66859939759,0.602986549852,0.2094533903,0.732428355958,0.0093196999951,26
22,20261024,0,color_shortcut,binary_healthy_affected,sentinel,0,0.67412045319,0.670731707317,0.670290394639,0.573178055881,0.195758817283,0.781156827668,0.0093196999951,26
22,20261024,0.5,resnet18,four_class,probe,0.496932515337,0.761437908497,0.78527607362,0.726117886179,0.597735220689,0.319663241991,0.92292195716,0.0590958999965,52
22,20261024,0.5,resnet18,four_class,sentinel,0,0.628091546696,0.719512195122,0.672769652326,0.667230100891,0.39104804135,0.888724872158,0.0590958999965,52
22,20261024,0.5,resnet18,binary_healthy_affected,probe,0.496932515337,0.846078431373,0.846625766871,0.846255423505,0.36020963046,0.111211400107,0.920060331825,0.0172416999994,22
22,20261024,0.5,resnet18,binary_healthy_affected,sentinel,0,0.827668455575,0.829268292683,0.828349282297,0.425844938399,0.139981416104,0.874776386404,0.0172416999994,22
22,20261024,0.5,color_shortcut,four_class,probe,0.496932515337,0.633024042951,0.546012269939,0.472653321338,1.13236823455,0.608503613748,0.797703457492,0.0220874000079,37
22,20261024,0.5,color_shortcut,four_class,sentinel,0,0.377053340716,0.475609756098,0.350766509434,1.0978408484,0.636882308682,0.736370155922,0.0220874000079,37
22,20261024,0.5,color_shortcut,binary_healthy_affected,probe,0.496932515337,0.711915535445,0.711656441718,0.711482694987,0.592747741853,0.201721854004,0.757767722474,0.00960309999937,24
22,20261024,0.5,color_shortcut,binary_healthy_affected,sentinel,0,0.710196779964,0.707317073171,0.707142857143,0.576951902621,0.197545779531,0.7847346452,0.00960309999937,24
22,20261024,1,resnet18,four_class,probe,1,0.854160830999,0.822085889571,0.809458153061,0.499100295095,0.280977262539,0.947983256988,0.064420900002,53
22,20261024,1,resnet18,four_class,sentinel,0,0.588685861942,0.682926829268,0.623942208462,0.67925165899,0.404413648093,0.885920493973,0.064420900002,53
22,20261024,1,resnet18,binary_healthy_affected,probe,1,0.870663650075,0.871165644172,0.870854555744,0.323924924261,0.0985422966404,0.939064856712,0.0180506000033,22
22,20261024,1,resnet18,binary_healthy_affected,sentinel,0,0.814847942755,0.817073170732,0.815730337079,0.399863458813,0.132362108911,0.88908765653,0.0180506000033,22
22,20261024,1,color_shortcut,four_class,probe,1,0.6918767507,0.570552147239,0.510927856703,1.00719113202,0.559988744594,0.857620785615,0.0230709000025,38
22,20261024,1,color_shortcut,four_class,sentinel,0,0.364018087855,0.487804878049,0.358623188406,1.05640056175,0.61377587624,0.728481383256,0.0230709000025,38
22,20261024,1,color_shortcut,binary_healthy_affected,probe,1,0.743966817496,0.742331288344,0.742321589883,0.552780950852,0.187308772957,0.793061840121,0.00935659999959,24
22,20261024,1,color_shortcut,binary_healthy_affected,sentinel,0,0.699761478831,0.69512195122,0.693984176743,0.568425634546,0.193520512817,0.789505068575,0.00935659999959,24
23,20261025,0,resnet18,four_class,probe,0,0.667331932773,0.699386503067,0.664842228448,0.704578864121,0.408449247468,0.876277249125,0.0637588999962,56
23,20261025,0,resnet18,four_class,sentinel,0,0.560354374308,0.768292682927,0.552356596821,0.663796762795,0.360334141703,0.835709887024,0.0637588999962,56
23,20261025,0,resnet18,binary_healthy_affected,probe,0,0.760030165913,0.760736196319,0.760158460668,0.440640411367,0.145219970365,0.871945701357,0.0165687999979,23
23,20261025,0,resnet18,binary_healthy_affected,sentinel,0,0.850924269529,0.853658536585,0.852252252252,0.361599585011,0.113641370923,0.912343470483,0.0165687999979,23
23,20261025,0,color_shortcut,four_class,probe,0,0.374381419234,0.466257668712,0.343676900585,1.1434418042,0.649676665571,0.64075622016,0.0218411999958,36
23,20261025,0,color_shortcut,four_class,sentinel,0,0.4403839055,0.378048780488,0.327151938719,1.18676508859,0.707156091101,0.733906249575,0.0218411999958,36
23,20261025,0,color_shortcut,binary_healthy_affected,probe,0,0.685218702866,0.687116564417,0.6854115421,0.60059048964,0.207541278569,0.737104072398,0.00919930000964,22
23,20261025,0,color_shortcut,binary_healthy_affected,sentinel,0,0.587954680978,0.585365853659,0.585119047619,0.623722875306,0.222370167886,0.695885509839,0.00919930000964,22
23,20261025,0.5,resnet18,four_class,probe,0.496932515337,0.76133286648,0.791411042945,0.780606820081,0.589210884852,0.334787742684,0.910005507486,0.0711464999913,55
23,20261025,0.5,resnet18,four_class,sentinel,0,0.560354374308,0.768292682927,0.555723600188,0.635766692461,0.352585284012,0.855797619664,0.0711464999913,55
23,20261025,0.5,resnet18,binary_healthy_affected,probe,0.496932515337,0.814027149321,0.815950920245,0.814772727273,0.378183886347,0.120344893287,0.903921568627,0.0186872999911,21
23,20261025,0.5,resnet18,binary_healthy_affected,sentinel,0,0.838103756708,0.841463414634,0.839530332681,0.365875016373,0.114533084871,0.912343470483,0.0186872999911,21
23,20261025,0.5,color_shortcut,four_class,probe,0.496932515337,0.54679038282,0.558282208589,0.465076590077,1.05162196058,0.598198181164,0.730639199913,0.0229123000026,36
23,20261025,0.5,color_shortcut,four_class,sentinel,0,0.418420081211,0.378048780488,0.319651416122,1.2437659675,0.731342749067,0.703255894059,0.0229123000026,36
23,20261025,0.5,color_shortcut,binary_healthy_affected,probe,0.496932515337,0.699622926094,0.699386503067,0.699205362859,0.573231215799,0.195084015023,0.770889894419,0.00947950000409,25
23,20261025,0.5,color_shortcut,binary_healthy_affected,sentinel,0,0.624031007752,0.621951219512,0.621894987357,0.634497373643,0.226252113191,0.70244484198,0.00947950000409,25
23,20261025,1,resnet18,four_class,probe,1,0.760515873016,0.766871165644,0.773746543312,0.522540222721,0.305250621454,0.936850236243,0.0794089000119,70
23,20261025,1,resnet18,four_class,sentinel,0,0.547319121447,0.780487804878,0.537469751966,0.628979649397,0.332530221951,0.848873005589,0.0794089000119,70
23,20261025,1,resnet18,binary_healthy_affected,probe,1,0.820437405732,0.822085889571,0.821116367077,0.352102904625,0.111638231509,0.920663650075,0.0171857000096,22
23,20261025,1,resnet18,binary_healthy_affected,sentinel,0,0.814847942755,0.817073170732,0.815730337079,0.379524572918,0.118875385873,0.905784138342,0.0171857000096,22
23,20261025,1,color_shortcut,four_class,probe,1,0.735778478058,0.61963190184,0.588145032944,0.898162656632,0.51381465701,0.87594699625,0.0234376000008,38
23,20261025,1,color_shortcut,four_class,sentinel,0,0.429055924695,0.426829268293,0.341696779262,1.17502639506,0.664328410804,0.712235236203,0.0234376000008,38
23,20261025,1,color_shortcut,binary_healthy_affected,probe,1,0.749321266968,0.748466257669,0.748428383211,0.513445006751,0.169670843495,0.839969834087,0.00957090000156,25
23,20261025,1,color_shortcut,binary_healthy_affected,sentinel,0,0.600775193798,0.59756097561,0.597021593448,0.614598607049,0.219967396744,0.711389385808,0.00957090000156,25
24,20261026,0,resnet18,four_class,probe,0,0.660883520075,0.705521472393,0.622724407644,0.745823566931,0.411604727004,0.856714946185,0.0620399000036,55
24,20261026,0,resnet18,four_class,sentinel,0,0.789797895903,0.756097560976,0.681431803491,0.594624111447,0.340484534308,0.926003627072,0.0620399000036,55
24,20261026,0,resnet18,binary_healthy_affected,probe,0,0.796380090498,0.79754601227,0.796781140202,0.434012339226,0.139288320991,0.875414781297,0.0169362999877,24
24,20261026,0,resnet18,binary_healthy_affected,sentinel,0,0.850924269529,0.853658536585,0.852252252252,0.361285852879,0.1080601307,0.917113893858,0.0169362999877,24
24,20261026,0,color_shortcut,four_class,probe,0,0.442337768441,0.453987730061,0.362576954659,1.20694500294,0.67418015311,0.64353489963,0.0238791000011,38
24,20261026,0,color_shortcut,four_class,sentinel,0,0.357373569583,0.5,0.349191813478,1.24955784266,0.627074188991,0.690993245053,0.0238791000011,38
24,20261026,0,color_shortcut,binary_healthy_affected,probe,0,0.573529411765,0.576687116564,0.572568692281,0.676388259923,0.240666565763,0.641327300151,0.00904540000192,22
24,20261026,0,color_shortcut,binary_healthy_affected,sentinel,0,0.668157423971,0.670731707317,0.668314606742,0.716161445538,0.218008046223,0.712581991652,0.00904540000192,22
24,20261026,0.5,resnet18,four_class,probe,0.496932515337,0.692524509804,0.742331288344,0.664518712684,0.608363129561,0.355023164276,0.917081237074,0.0565132000047,49
24,20261026,0.5,resnet18,four_class,sentinel,0,0.826504245109,0.780487804878,0.726398601399,0.586592506965,0.327156902636,0.922768825333,0.0565132000047,49
24,20261026,0.5,resnet18,binary_healthy_affected,probe,0.496932515337,0.815082956259,0.815950920245,0.815388100272,0.38996637412,0.125771558961,0.901809954751,0.0159966000065,22
24,20261026,0.5,resnet18,binary_healthy_affected,sentinel,0,0.862552176506,0.865853658537,0.864217973807,0.380725904273,0.114936820353,0.903398926655,0.0159966000065,22
24,20261026,0.5,color_shortcut,four_class,probe,0.496932515337,0.551890756303,0.503067484663,0.422935534198,1.11224086691,0.621198048157,0.733170603231,0.0223017999961,37
24,20261026,0.5,color_shortcut,four_class,sentinel,0,0.336817091178,0.463414634146,0.32340641953,1.22140685947,0.670034957989,0.657837091094,0.0223017999961,37
24,20261026,0.5,color_shortcut,binary_healthy_affected,probe,0.496932515337,0.648868778281,0.650306748466,0.648985605803,0.637293563113,0.223686537441,0.692760180995,0.00914559999364,22
24,20261026,0.5,color_shortcut,binary_healthy_affected,sentinel,0,0.669350029815,0.670731707317,0.669502910882,0.6560199609,0.225085868627,0.696481812761,0.00914559999364,22
24,20261026,1,resnet18,four_class,probe,1,0.805018674136,0.79754601227,0.764571584775,0.520397961576,0.296707706882,0.944827323232,0.055199800001,49
24,20261026,1,resnet18,four_class,sentinel,0,0.792912513843,0.756097560976,0.689431124982,0.592828521747,0.333812545585,0.931889926374,0.055199800001,49
24,20261026,1,resnet18,binary_healthy_affected,probe,1,0.845022624434,0.846625766871,0.845789971618,0.348226007364,0.109336159059,0.925490196078,0.0162485000037,22
24,20261026,1,resnet18,binary_healthy_affected,sentinel,0,0.826475849732,0.829268292683,0.827627627628,0.380406088003,0.1202179121,0.906380441264,0.0162485000037,22
24,20261026,1,color_shortcut,four_class,probe,1,0.674836601307,0.570552147239,0.507329216733,0.969909037489,0.556551109796,0.833720247831,0.0240341000026,39
24,20261026,1,color_shortcut,four_class,sentinel,0,0.37523071244,0.524390243902,0.36431372549,1.14540972353,0.631913294946,0.665973922177,0.0240341000026,39
24,20261026,1,color_shortcut,binary_healthy_affected,probe,1,0.705505279035,0.705521472393,0.705244122966,0.588617426961,0.203101077755,0.749321266968,0.00943669999833,23
24,20261026,1,color_shortcut,binary_healthy_affected,sentinel,0,0.668157423971,0.670731707317,0.668314606742,0.628156797107,0.215066871334,0.723315444246,0.00943669999833,23
25,20261027,0,resnet18,four_class,probe,0,0.731605975724,0.748466257669,0.672620771089,0.59397911561,0.339054670318,0.917840554637,0.0671476999996,60
25,20261027,0,resnet18,four_class,sentinel,0,0.545196566999,0.756097560976,0.544413919414,0.643156335051,0.357168359904,0.861790711394,0.0671476999996,60
25,20261027,0,resnet18,binary_healthy_affected,probe,0,0.843966817496,0.846625766871,0.84513358416,0.35386174867,0.111899594485,0.928355957768,0.0161393000017,22
25,20261027,0,resnet18,binary_healthy_affected,sentinel,0,0.838103756708,0.841463414634,0.839530332681,0.3435292611,0.107021378007,0.930828861061,0.0161393000017,22
25,20261027,0,color_shortcut,four_class,probe,0,0.462710084034,0.453987730061,0.37385749389,1.14653309057,0.657036365,0.71101893673,0.0235558999993,40
25,20261027,0,color_shortcut,four_class,sentinel,0,0.420542635659,0.40243902439,0.331925999437,1.19762755729,0.680643079348,0.679682540533,0.0235558999993,40
25,20261027,0,color_shortcut,binary_healthy_affected,probe,0,0.624283559578,0.625766871166,0.624353016737,0.62802544419,0.221130806239,0.695022624434,0.0102514000027,24
25,20261027,0,color_shortcut,binary_healthy_affected,sentinel,0,0.599582587955,0.59756097561,0.597501115573,0.641118583882,0.225654943354,0.682766845558,0.0102514000027,24
25,20261027,0.5,resnet18,four_class,probe,0.496932515337,0.796516106443,0.815950920245,0.751057418365,0.520922891211,0.285514115431,0.943615394709,0.0705010999955,62
25,20261027,0.5,resnet18,four_class,sentinel,0,0.609680693983,0.792682926829,0.60128261831,0.630484757563,0.348917553124,0.852943536805,0.0705010999955,62
25,20261027,0.5,resnet18,binary_healthy_affected,probe,0.496932515337,0.870135746606,0.871165644172,0.870678907401,0.338047630931,0.103781934544,0.933484162896,0.0164020999946,23
25,20261027,0.5,resnet18,binary_healthy_affected,sentinel,0,0.849731663685,0.853658536585,0.851449275362,0.349203020818,0.108865940645,0.920095408468,0.0164020999946,23
25,20261027,0.5,color_shortcut,four_class,probe,0.496932515337,0.560714285714,0.521472392638,0.436769260695,1.07004736361,0.604407888236,0.784869731536,0.0234622999997,40
25,20261027,0.5,color_shortcut,four_class,sentinel,0,0.468876891842,0.451219512195,0.371352773098,1.20530479007,0.670979178605,0.662482241747,0.0234622999997,40
25,20261027,0.5,color_shortcut,binary_healthy_affected,probe,0.496932515337,0.66221719457,0.662576687117,0.66211887084,0.59241304052,0.205119752842,0.743137254902,0.0099637999956,26
25,20261027,0.5,color_shortcut,binary_healthy_affected,sentinel,0,0.658914728682,0.658536585366,0.658333333333,0.623996916713,0.220053459786,0.691115086464,0.0099637999956,26
25,20261027,1,resnet18,four_class,probe,1,0.87981442577,0.852760736196,0.87147556391,0.421107344132,0.230650341703,0.966508730115,0.0715808999958,64
25,20261027,1,resnet18,four_class,sentinel,0,0.571982281285,0.792682926829,0.573500093817,0.612057604937,0.327122628779,0.847038388086,0.0715808999958,64
25,20261027,1,resnet18,binary_healthy_affected,probe,1,0.876546003017,0.877300613497,0.876925400181,0.310544487144,0.0940879737989,0.942232277526,0.0182563999988,22
25,20261027,1,resnet18,binary_healthy_affected,sentinel,0,0.862552176506,0.865853658537,0.864217973807,0.322709685024,0.0998299617424,0.942158616577,0.0182563999988,22
25,20261027,1,color_shortcut,four_class,probe,1,0.699568160598,0.58282208589,0.553421631091,0.947154121671,0.532407656968,0.860329379233,0.0231303000037,37
25,20261027,1,color_shortcut,four_class,sentinel,0,0.295127353267,0.40243902439,0.293903420523,1.20549148544,0.665570638271,0.631286370434,0.0231303000037,37
25,20261027,1,color_shortcut,binary_healthy_affected,probe,1,0.717797888386,0.717791411043,0.717525617842,0.556082080084,0.188840570551,0.789592760181,0.00923510000575,24
25,20261027,1,color_shortcut,binary_healthy_affected,sentinel,0,0.646094215862,0.646341463415,0.645867460908,0.62818670394,0.221337015498,0.687537268933,0.00923510000575,24
26,20261028,0,resnet18,four_class,probe,0,0.553034547152,0.742331288344,0.525649350649,0.664624661757,0.372475494361,0.870211437994,0.0622299000097,55
26,20261028,0,resnet18,four_class,sentinel,0,0.59761443337,0.69512195122,0.587866218974,0.699276387118,0.40192082907,0.838840614316,0.0622299000097,55
26,20261028,0,resnet18,binary_healthy_affected,probe,0,0.828959276018,0.828220858896,0.828162650602,0.376484893286,0.117620056775,0.912518853695,0.0168378999952,23
26,20261028,0,resnet18,binary_healthy_affected,sentinel,0,0.804412641622,0.80487804878,0.804412641622,0.416290141558,0.136212495635,0.891472868217,0.0168378999952,23
26,20261028,0,color_shortcut,four_class,probe,0,0.492080999066,0.460122699387,0.380483161733,1.30246820381,0.62608858156,0.730708887656,0.0233674000046,36
26,20261028,0,color_shortcut,four_class,sentinel,0,0.468876891842,0.451219512195,0.382880140693,1.09936707478,0.63563049897,0.74676311804,0.0233674000046,36
26,20261028,0,color_shortcut,binary_healthy_affected,probe,0,0.656334841629,0.656441717791,0.65611814346,0.812414298002,0.211641721361,0.723680241327,0.00981780000438,24
26,20261028,0,color_shortcut,binary_healthy_affected,sentinel,0,0.664877757901,0.658536585366,0.655255255255,0.595940267616,0.205299709262,0.765652951699,0.00981780000438,24
26,20261028,0.5,resnet18,four_class,probe,0.496932515337,0.748045051354,0.766871165644,0.737576411842,0.592254631509,0.329120926757,0.899996204699,0.0596465999988,53
26,20261028,0.5,resnet18,four_class,sentinel,0,0.603428386859,0.707317073171,0.594047619048,0.712397317368,0.409184455987,0.868614619123,0.0596465999988,53
26,20261028,0.5,resnet18,binary_healthy_affected,probe,0.496932515337,0.865837104072,0.865030674847,0.864984939759,0.348505266314,0.108870093642,0.926244343891,0.0187728000019,25
26,20261028,0.5,resnet18,binary_healthy_affected,sentinel,0,0.791592128801,0.792682926829,0.791909240185,0.439583181694,0.142098280161,0.883720930233,0.0187728000019,25
26,20261028,0.5,color_shortcut,four_class,probe,0.496932515337,0.652941176471,0.570552147239,0.502582243403,1.22899982528,0.585225786889,0.804176789326,0.0247199000005,37
26,20261028,0.5,color_shortcut,four_class,sentinel,0,0.466754337394,0.426829268293,0.377609468195,1.09433637117,0.639139800404,0.749125866667,0.0247199000005,37
26,20261028,0.5,color_shortcut,binary_healthy_affected,probe,0.496932515337,0.711387631976,0.711656441718,0.7112652169,0.787100981243,0.199169619195,0.767269984917,0.00968149999972,25
26,20261028,0.5,color_shortcut,binary_healthy_affected,sentinel,0,0.652057245081,0.646341463415,0.643745318352,0.60503044955,0.209617045569,0.754919499106,0.00968149999972,25
26,20261028,1,resnet18,four_class,probe,1,0.791450746965,0.828220858896,0.810406844399,0.491843705519,0.270575003047,0.953275316484,0.0605924999982,50
26,20261028,1,resnet18,four_class,sentinel,0,0.622277593208,0.707317073171,0.611422413793,0.673124359809,0.397109217881,0.894375830589,0.0605924999982,50
26,20261028,1,resnet18,binary_healthy_affected,probe,1,0.883484162896,0.883435582822,0.883277428108,0.312848636999,0.0949552361205,0.941628959276,0.0173864999961,24
26,20261028,1,resnet18,binary_healthy_affected,sentinel,0,0.791592128801,0.792682926829,0.791909240185,0.433153016708,0.141120927472,0.880739415623,0.0173864999961,24
26,20261028,1,color_shortcut,four_class,probe,1,0.685288281979,0.58282208589,0.511593288773,0.929416481606,0.532105453038,0.855607162111,0.0211317999929,35
26,20261028,1,color_shortcut,four_class,sentinel,0,0.560861941676,0.426829268293,0.405477086018,1.10575024255,0.644691449229,0.754464055772,0.0211317999929,35
26,20261028,1,color_shortcut,binary_healthy_affected,probe,1,0.722624434389,0.723926380368,0.722883373002,0.541763403398,0.182358593742,0.809049773756,0.00938640000822,23
26,20261028,1,color_shortcut,binary_healthy_affected,sentinel,0,0.688133571855,0.682926829268,0.681220095694,0.629387126319,0.213513715124,0.756112104949,0.00938640000822,23
27,20261029,0,resnet18,four_class,probe,0,0.729586834734,0.760736196319,0.662073225517,0.630495648077,0.35316455884,0.911209128423,0.0625722999976,50
27,20261029,0,resnet18,four_class,sentinel,0,0.618863049096,0.634146341463,0.583291245791,0.795462970755,0.456823392581,0.873270174121,0.0625722999976,50
27,20261029,0,resnet18,binary_healthy_affected,probe,0,0.852488687783,0.852760736196,0.852488687783,0.307161458518,0.0954124321147,0.946455505279,0.0180258999899,21
27,20261029,0,resnet18,binary_healthy_affected,sentinel,0,0.745080500894,0.743902439024,0.743864346274,0.51428697943,0.173186422528,0.828264758497,0.0180258999899,21
27,20261029,0,color_shortcut,four_class,probe,0,0.368283146592,0.411042944785,0.320315109731,1.20778623384,0.685918305033,0.656496258146,0.0274845999957,44
27,20261029,0,color_shortcut,four_class,sentinel,0,0.514096530085,0.5,0.410617367707,1.03430590823,0.600490309036,0.804939593859,0.0274845999957,44
27,20261029,0,color_shortcut,binary_healthy_affected,probe,0,0.658974358974,0.656441717791,0.65611814346,0.629156637227,0.217825510471,0.724283559578,0.00954110000748,23
27,20261029,0,color_shortcut,binary_healthy_affected,sentinel,0,0.664877757901,0.658536585366,0.655255255255,0.57502480771,0.197602734995,0.781156827668,0.00954110000748,23
27,20261029,0.5,resnet18,four_class,probe,0.496932515337,0.758887721755,0.773006134969,0.706315987934,0.58601637291,0.332137224233,0.923333795524,0.0656955000013,55
27,20261029,0.5,resnet18,four_class,sentinel,0,0.582156699889,0.609756097561,0.530722891566,0.813522887236,0.466587549555,0.865361688792,0.0656955000013,55
27,20261029,0.5,resnet18,binary_healthy_affected,probe,0.496932515337,0.846078431373,0.846625766871,0.846255423505,0.31584766899,0.0997379655598,0.941779788839,0.0176078000077,24
27,20261029,0.5,resnet18,binary_healthy_affected,sentinel,0,0.781156827668,0.780487804878,0.780357142857,0.521089797919,0.169924441075,0.82587954681,0.0176078000077,24
27,20261029,0.5,color_shortcut,four_class,probe,0.496932515337,0.498424369748,0.503067484663,0.416330645161,1.09279388125,0.629166150404,0.745625517652,0.024055700007,40
27,20261029,0.5,color_shortcut,four_class,sentinel,0,0.492547988188,0.487804878049,0.400889328063,1.02184329227,0.594682525596,0.794858472991,0.024055700007,40
27,20261029,0.5,color_shortcut,binary_healthy_affected,probe,0.496932515337,0.684087481146,0.680981595092,0.680392156863,0.607843794288,0.210299503859,0.743891402715,0.00904409999202,23
27,20261029,0.5,color_shortcut,binary_healthy_affected,sentinel,0,0.640429338104,0.634146341463,0.630630630631,0.565771828742,0.193440483547,0.791890280262,0.00904409999202,23
27,20261029,1,resnet18,four_class,probe,1,0.830316293184,0.791411042945,0.739914645103,0.490874350013,0.274048859268,0.949340208186,0.0585462000017,52
27,20261029,1,resnet18,four_class,sentinel,0,0.611641749723,0.658536585366,0.568349260802,0.768913279789,0.450820880212,0.877367746991,0.0585462000017,52
27,20261029,1,resnet18,binary_healthy_affected,probe,1,0.864253393665,0.865030674847,0.864617940199,0.287054401153,0.0884440683084,0.955957767722,0.0171875999949,23
27,20261029,1,resnet18,binary_healthy_affected,sentinel,0,0.768336314848,0.768292682927,0.767982129561,0.509810476269,0.164963338294,0.831842576029,0.0171875999949,23
27,20261029,1,color_shortcut,four_class,probe,1,0.676960784314,0.552147239264,0.500389993676,0.970409279514,0.558638458189,0.833062296069,0.0227465999924,39
27,20261029,1,color_shortcut,four_class,sentinel,0,0.47099944629,0.475609756098,0.379892473118,1.03119034073,0.591648676903,0.781029638623,0.0227465999924,39
27,20261029,1,color_shortcut,binary_healthy_affected,probe,1,0.731146304676,0.730061349693,0.730051189401,0.563019663392,0.191075752372,0.788084464555,0.00945040000079,25
27,20261029,1,color_shortcut,binary_healthy_affected,sentinel,0,0.649672033393,0.646341463415,0.645867460908,0.562782251377,0.193702796532,0.787716159809,0.00945040000079,25
28,20261030,0,resnet18,four_class,probe,0,0.671691176471,0.711656441718,0.625879941304,0.703722496512,0.394798918212,0.876400688021,0.0578619000007,49
28,20261030,0,resnet18,four_class,sentinel,0,0.607119785899,0.69512195122,0.628895413653,0.761963400341,0.429662714512,0.873730396817,0.0578619000007,49
28,20261030,0,resnet18,binary_healthy_affected,probe,0,0.819909502262,0.822085889571,0.820763659804,0.435770620717,0.138699738471,0.875263951735,0.0170370999986,21
28,20261030,0,resnet18,binary_healthy_affected,sentinel,0,0.816040548599,0.817073170732,0.816390506046,0.353926908446,0.114375951961,0.918902802624,0.0170370999986,21
28,20261030,0,color_shortcut,four_class,probe,0,0.385113211951,0.423312883436,0.334623699653,1.26034242214,0.698696111415,0.636263155699,0.024073499997,41
28,20261030,0,color_shortcut,four_class,sentinel,0,0.316675895164,0.414634146341,0.31107299065,1.22030098967,0.689473086541,0.669641342155,0.024073499997,41
28,20261030,0,color_shortcut,binary_healthy_affected,probe,0,0.598039215686,0.59509202454,0.594343891403,0.660278568005,0.232473809389,0.671342383107,0.00924569999916,24
28,20261030,0,color_shortcut,binary_healthy_affected,sentinel,0,0.619260584377,0.621951219512,0.619176029963,0.640668092285,0.223674559192,0.691115086464,0.00924569999916,24
28,20261030,0.5,resnet18,four_class,probe,0.496932515337,0.742979691877,0.779141104294,0.698219322015,0.623807463673,0.356145423906,0.911843966403,0.0682086000015,60
28,20261030,0.5,resnet18,four_class,sentinel,0,0.823389627169,0.780487804878,0.794413380893,0.734972277395,0.399840902173,0.884902709528,0.0682086000015,60
28,20261030,0.5,resnet18,binary_healthy_affected,probe,0.496932515337,0.837556561086,0.840490797546,0.838736681887,0.394371482685,0.12380084761,0.898190045249,0.0173049000005,23
28,20261030,0.5,resnet18,binary_healthy_affected,sentinel,0,0.87656529517,0.878048780488,0.877392344498,0.357399965664,0.109362463808,0.916517590936,0.0173049000005,23
28,20261030,0.5,color_shortcut,four_class,probe,0.496932515337,0.521025910364,0.478527607362,0.407469592226,1.1024958316,0.627880425881,0.742250846471,0.0234723999893,38
28,20261030,0.5,color_shortcut,four_class,sentinel,0,0.328719084533,0.426829268293,0.317762308685,1.15925425416,0.650520865446,0.699893295294,0.0234723999893,38
28,20261030,0.5,color_shortcut,binary_healthy_affected,probe,0.496932515337,0.683559577677,0.680981595092,0.680681133213,0.586026504952,0.201505793845,0.751131221719,0.0101505999919,24
28,20261030,0.5,color_shortcut,binary_healthy_affected,sentinel,0,0.647286821705,0.646341463415,0.64628885914,0.607215588845,0.209856911252,0.730471079308,0.0101505999919,24
28,20261030,1,resnet18,four_class,probe,1,0.850513538749,0.840490797546,0.828866740495,0.490612138802,0.273169444165,0.946577477951,0.0673864000128,59
28,20261030,1,resnet18,four_class,sentinel,0,0.759897563677,0.719512195122,0.68609823911,0.754262299697,0.41353783571,0.874786410686,0.0673864000128,59
28,20261030,1,resnet18,binary_healthy_affected,probe,1,0.88137254902,0.883435582822,0.882569294354,0.351965142497,0.109658805847,0.923680241327,0.0166693000065,21
28,20261030,1,resnet18,binary_healthy_affected,sentinel,0,0.88938580799,0.890243902439,0.889834303627,0.317793538301,0.0961413986687,0.940369707812,0.0166693000065,21
28,20261030,1,color_shortcut,four_class,probe,1,0.702293417367,0.546012269939,0.518957147857,0.974520062121,0.561130379187,0.836242538679,0.0233308000024,39
28,20261030,1,color_shortcut,four_class,sentinel,0,0.385566629753,0.5,0.358703042665,1.11785082653,0.627045148372,0.718386997436,0.0233308000024,39
28,20261030,1,color_shortcut,binary_healthy_affected,probe,1,0.726847662142,0.723926380368,0.723551803415,0.541469478978,0.182397787725,0.807088989442,0.0104270000011,24
28,20261030,1,color_shortcut,binary_healthy_affected,sentinel,0,0.671735241503,0.670731707317,0.670682730924,0.583667313179,0.19875847631,0.770423375075,0.0104270000011,24
29,20261031,0,resnet18,four_class,probe,0,0.560720121382,0.656441717791,0.557051282051,0.842335076742,0.473626560416,0.834387366316,0.063031800004,54
29,20261031,0,resnet18,four_class,sentinel,0,0.752791620524,0.658536585366,0.606589867459,0.705068920958,0.405278835666,0.917737619713,0.063031800004,54
29,20261031,0,resnet18,binary_healthy_affected,probe,0,0.754147812971,0.754601226994,0.754147812971,0.446941007333,0.148405968424,0.868174962293,0.0161941999977,22
29,20261031,0,resnet18,binary_healthy_affected,sentinel,0,0.830053667263,0.829268292683,0.829166666667,0.368855251847,0.119362178133,0.918306499702,0.0161941999977,22
29,20261031,0,color_shortcut,four_class,probe,0,0.380864845938,0.460122699387,0.346482026745,1.12692252746,0.637703812872,0.666403319053,0.0236041000026,39
29,20261031,0,color_shortcut,four_class,sentinel,0,0.531676818014,0.451219512195,0.426231614681,1.03692034371,0.613030315265,0.735042625035,0.0236041000026,39
29,20261031,0,color_shortcut,binary_healthy_affected,probe,0,0.619457013575,0.61963190184,0.619273658831,0.634393640808,0.222608449922,0.693212669683,0.0106916999939,24
29,20261031,0,color_shortcut,binary_healthy_affected,sentinel,0,0.630888491354,0.634146341463,0.630630630631,0.669002027081,0.233584979309,0.665474060823,0.0106916999939,24
29,20261031,0.5,resnet18,four_class,probe,0.496932515337,0.679697712418,0.705521472393,0.638467017313,0.752589533025,0.426107471616,0.884046543451,0.0615931000066,51
29,20261031,0.5,resnet18,four_class,sentinel,0,0.742455703212,0.682926829268,0.626373626374,0.724431678625,0.417428217997,0.900783197016,0.0615931000066,51
29,20261031,0.5,resnet18,binary_healthy_affected,probe,0.496932515337,0.784087481146,0.78527607362,0.784464845669,0.429561356047,0.140762163467,0.882654600302,0.0175331999926,23
29,20261031,0.5,resnet18,binary_healthy_affected,sentinel,0,0.817233154442,0.817073170732,0.816827997022,0.378165429081,0.123554003353,0.911150864639,0.0175331999926,23
29,20261031,0.5,color_shortcut,four_class,probe,0.496932515337,0.551394724556,0.515337423313,0.424854469854,1.04946597022,0.595827249817,0.772688296134,0.0228273000102,37
29,20261031,0.5,color_shortcut,four_class,sentinel,0,0.531676818014,0.451219512195,0.397603463215,1.05919503944,0.606074155076,0.745370090793,0.0228273000102,37
29,20261031,0.5,color_shortcut,binary_healthy_affected,probe,0.496932515337,0.680392156863,0.680981595092,0.680392156863,0.600365208176,0.207037803499,0.738763197587,0.0104615000018,25
29,20261031,0.5,color_shortcut,binary_healthy_affected,sentinel,0,0.630888491354,0.634146341463,0.630630630631,0.664101814775,0.226258319695,0.695289206917,0.0104615000018,25
29,20261031,1,resnet18,four_class,probe,1,0.764875116713,0.779141104294,0.709327812125,0.597588789647,0.337366633984,0.925369106582,0.0656383999885,58
29,20261031,1,resnet18,four_class,sentinel,0,0.62638427464,0.682926829268,0.563398999375,0.697954731403,0.408370027263,0.900372472755,0.0656383999885,58
29,20261031,1,resnet18,binary_healthy_affected,probe,1,0.871191553544,0.871165644172,0.870990841593,0.35621686803,0.112097928335,0.923378582202,0.0167527999874,23
29,20261031,1,resnet18,binary_healthy_affected,sentinel,0,0.853309481216,0.853658536585,0.853309481216,0.334071653005,0.10559419818,0.930828861061,0.0167527999874,23
29,20261031,1,color_shortcut,four_class,probe,1,0.66481092437,0.588957055215,0.522032636454,0.932387555099,0.522955839019,0.851528551702,0.0222387000103,37
29,20261031,1,color_shortcut,four_class,sentinel,0,0.571082502769,0.487804878049,0.442310048442,1.03560266812,0.60997924441,0.760053075976,0.0222387000103,37
29,20261031,1,color_shortcut,binary_healthy_affected,probe,1,0.729034690799,0.730061349693,0.729235880399,0.550964585665,0.187117292383,0.790497737557,0.00922490000085,24
29,20261031,1,color_shortcut,binary_healthy_affected,sentinel,0,0.646094215862,0.646341463415,0.645867460908,0.633896063271,0.220782839398,0.701252236136,0.00922490000085,24
