repetition,seed,model,endpoint,panel,stratum,policy_BA_difference,policy_label_disagreement,exposure_gain,exposure_loss,exposure_wrong_to_wrong,exposure_turnover,exposure_label_churn,exposure_BA_delta,sham_gain,sham_loss,sham_wrong_to_wrong,sham_turnover,sham_label_churn,sham_BA_delta,turnover_difference,churn_difference
0,20261003,dinov2_cosine_1nn,multiclass,all_paired_probe,all_classes,0.18026315789473685,0.3458981693363844,0.2304862700228833,0.051916475972540045,0.007288329519450801,0.28240274599542337,0.28969107551487416,0.17856979405034323,0.08909610983981693,0.09078947368421053,0.011447368421052631,0.17988558352402745,0.1913329519450801,-0.0016933638443935918,0.10251716247139589,0.09835812356979405
0,20261003,dinov2_cosine_1nn,multiclass,all_paired_probe,healthy,0.15,0.23043478260869565,0.1782608695652174,0.02608695652173913,0.006521739130434782,0.20434782608695654,0.2108695652173913,0.15217391304347824,0.05217391304347826,0.05,0.0,0.10217391304347825,0.10217391304347825,0.002173913043478261,0.10217391304347827,0.10869565217391305
0,20261003,dinov2_cosine_1nn,multiclass,all_paired_probe,iris_yellow_virus,0.17105263157894737,0.21315789473684207,0.17368421052631577,0.031578947368421054,0.002631578947368421,0.20526315789473681,0.20789473684210527,0.14210526315789473,0.03421052631578947,0.06315789473684211,0.015789473684210527,0.09736842105263158,0.1131578947368421,-0.02894736842105263,0.10789473684210527,0.09473684210526315
0,20261003,dinov2_cosine_1nn,multiclass,all_paired_probe,purple_blotch,0.1,0.6,0.25,0.15,0.0,0.4,0.4,0.1,0.25,0.25,0.0,0.5,0.5,0.0,-0.1,-0.1
0,20261003,dinov2_cosine_1nn,multiclass,all_paired_probe,stemphylium_colletotrichum_leaf_blight,0.3,0.33999999999999997,0.32,0.0,0.02,0.32,0.33999999999999997,0.32,0.02,0.0,0.030000000000000006,0.02,0.05,0.02,0.3,0.29
0,20261003,dinov2_cosine_1nn,multiclass,selected_probe,all_classes,0.44113272311212814,0.44113272311212814,0.4223112128146453,0.0,0.0,0.4223112128146453,0.4223112128146453,0.4223112128146453,0.016361556064073225,0.03518306636155606,0.017631578947368422,0.05154462242562928,0.06917620137299771,-0.018821510297482837,0.370766590389016,0.3531350114416476
0,20261003,dinov2_cosine_1nn,multiclass,selected_probe,healthy,0.34347826086956523,0.34347826086956523,0.32608695652173914,0.0,0.0,0.32608695652173914,0.32608695652173914,0.32608695652173914,0.03913043478260869,0.056521739130434775,0.0,0.09565217391304348,0.09565217391304348,-0.017391304347826087,0.23043478260869565,0.23043478260869565
0,20261003,dinov2_cosine_1nn,multiclass,selected_probe,iris_yellow_virus,0.32105263157894737,0.32105263157894737,0.2631578947368421,0.0,0.0,0.2631578947368421,0.2631578947368421,0.2631578947368421,0.02631578947368421,0.08421052631578947,0.010526315789473684,0.11052631578947367,0.12105263157894737,-0.05789473684210526,0.1526315789473684,0.14210526315789473
0,20261003,dinov2_cosine_1nn,multiclass,selected_probe,purple_blotch,0.5,0.5,0.5,0.0,0.0,0.5,0.5,0.5,0.0,0.0,0.0,0.0,0.0,0.0,0.5,0.5
0,20261003,dinov2_cosine_1nn,multiclass,selected_probe,stemphylium_colletotrichum_leaf_blight,0.6,0.6,0.6,0.0,0.0,0.6,0.6,0.6,0.0,0.0,0.06000000000000001,0.0,0.06000000000000001,0.0,0.6,0.54
0,20261003,dinov2_cosine_1nn,multiclass,sentinel,all_classes,0.013775743707093818,0.05121281464530893,0.026830663615560642,0.01934782608695652,0.0,0.04617848970251716,0.04617848970251716,0.007482837528604116,0.02511441647597254,0.03140732265446224,0.0,0.056521739130434775,0.056521739130434775,-0.006292906178489701,-0.01034324942791762,-0.01034324942791762
0,20261003,dinov2_cosine_1nn,multiclass,sentinel,healthy,0.07826086956521738,0.08695652173913043,0.06521739130434782,0.017391304347826087,0.0,0.08260869565217391,0.08260869565217391,0.04782608695652174,0.04782608695652174,0.07826086956521738,0.0,0.12608695652173912,0.12608695652173912,-0.030434782608695653,-0.043478260869565216,-0.043478260869565216
0,20261003,dinov2_cosine_1nn,multiclass,sentinel,iris_yellow_virus,0.03684210526315789,0.05789473684210526,0.042105263157894736,0.0,0.0,0.042105263157894736,0.042105263157894736,0.042105263157894736,0.05263157894736842,0.047368421052631574,0.0,0.1,0.1,0.005263157894736842,-0.05789473684210526,-0.05789473684210526
0,20261003,dinov2_cosine_1nn,multiclass,sentinel,purple_blotch,0.0,0.0,0.0,0.0,0.0,0.0,0.0,0.0,0.0,0.0,0.0,0.0,0.0,0.0,0.0,0.0
0,20261003,dinov2_cosine_1nn,multiclass,sentinel,stemphylium_colletotrichum_leaf_blight,-0.06000000000000001,0.06000000000000001,0.0,0.06000000000000001,0.0,0.06000000000000001,0.06000000000000001,-0.06000000000000001,0.0,0.0,0.0,0.0,0.0,0.0,0.06000000000000001,0.06000000000000001
0,20261003,dinov2_cosine_1nn,multiclass,unselected_paired_probe,all_classes,-0.08060640732265446,0.2506636155606407,0.03866132723112128,0.10383295194508009,0.014576659038901601,0.14249427917620136,0.15707093821510298,-0.0651716247139588,0.16183066361556064,0.146395881006865,0.005263157894736842,0.3082265446224256,0.31348970251716246,0.015434782608695652,-0.16573226544622424,-0.1564187643020595
0,20261003,dinov2_cosine_1nn,multiclass,unselected_paired_probe,healthy,-0.043478260869565216,0.1173913043478261,0.030434782608695653,0.05217391304347826,0.013043478260869565,0.08260869565217391,0.09565217391304348,-0.021739130434782608,0.06521739130434782,0.043478260869565216,0.0,0.10869565217391304,0.10869565217391304,0.021739130434782608,-0.02608695652173913,-0.013043478260869565
0,20261003,dinov2_cosine_1nn,multiclass,unselected_paired_probe,iris_yellow_virus,0.021052631578947368,0.10526315789473684,0.08421052631578947,0.06315789473684211,0.005263157894736842,0.14736842105263157,0.1526315789473684,0.021052631578947368,0.042105263157894736,0.042105263157894736,0.021052631578947368,0.08421052631578947,0.10526315789473684,0.0,0.06315789473684211,0.047368421052631574
0,20261003,dinov2_cosine_1nn,multiclass,unselected_paired_probe,purple_blotch,-0.3,0.7,0.0,0.3,0.0,0.3,0.3,-0.3,0.5,0.5,0.0,1.0,1.0,0.0,-0.7,-0.7
0,20261003,dinov2_cosine_1nn,multiclass,unselected_paired_probe,stemphylium_colletotrichum_leaf_blight,0.0,0.08,0.04,0.0,0.04,0.04,0.08,0.04,0.04,0.0,0.0,0.04,0.04,0.04,0.0,0.04
0,20261003,dinov2_logit,multiclass,all_paired_probe,all_classes,0.023598398169336388,0.0740045766590389,0.04124713958810069,0.02940503432494279,0.0075000000000000015,0.07065217391304349,0.07815217391304348,0.011842105263157895,0.006121281464530892,0.01787757437070938,0.0005434782608695652,0.023998855835240272,0.024542334096109838,-0.01175629290617849,0.0466533180778032,0.05360983981693364
0,20261003,dinov2_logit,multiclass,all_paired_probe,healthy,0.03913043478260869,0.07391304347826086,0.041304347826086954,0.041304347826086954,0.0,0.08260869565217391,0.08260869565217391,0.0,0.008695652173913044,0.04782608695652174,0.002173913043478261,0.056521739130434775,0.05869565217391304,-0.03913043478260869,0.02608695652173913,0.02391304347826087
0,20261003,dinov2_logit,multiclass,all_paired_probe,iris_yellow_virus,0.005263157894736842,0.042105263157894736,0.023684210526315787,0.02631578947368421,0.0,0.05,0.05,-0.002631578947368421,0.015789473684210527,0.023684210526315787,0.0,0.039473684210526314,0.039473684210526314,-0.007894736842105263,0.010526315789473684,0.010526315789473684
0,20261003,dinov2_logit,multiclass,all_paired_probe,purple_blotch,-0.05,0.05,0.0,0.05,0.0,0.05,0.05,-0.05,0.0,0.0,0.0,0.0,0.0,0.0,0.05,0.05
0,20261003,dinov2_logit,multiclass,all_paired_probe,stemphylium_colletotrichum_leaf_blight,0.1,0.13,0.1,0.0,0.030000000000000006,0.1,0.13,0.1,0.0,0.0,0.0,0.0,0.0,0.0,0.1,0.13
0,20261003,dinov2_logit,multiclass,selected_probe,all_classes,0.07179633867276888,0.08312356979405035,0.0744279176201373,0.008066361556064073,0.0,0.08249427917620138,0.08249427917620138,0.06636155606407322,0.008752860411899313,0.014187643020594965,0.0010869565217391304,0.022940503432494277,0.02402745995423341,-0.005434782608695652,0.05955377574370709,0.05846681922196797
0,20261003,dinov2_logit,multiclass,selected_probe,healthy,0.06086956521739131,0.09565217391304348,0.06086956521739131,0.021739130434782608,0.0,0.08260869565217391,0.08260869565217391,0.03913043478260869,0.008695652173913044,0.030434782608695653,0.004347826086956522,0.03913043478260869,0.043478260869565216,-0.021739130434782608,0.043478260869565216,0.03913043478260869
0,20261003,dinov2_logit,multiclass,selected_probe,iris_yellow_virus,0.02631578947368421,0.03684210526315789,0.03684210526315789,0.010526315789473684,0.0,0.047368421052631574,0.047368421052631574,0.02631578947368421,0.02631578947368421,0.02631578947368421,0.0,0.05263157894736842,0.05263157894736842,0.0,-0.005263157894736842,-0.005263157894736842
0,20261003,dinov2_logit,multiclass,selected_probe,purple_blotch,0.0,0.0,0.0,0.0,0.0,0.0,0.0,0.0,0.0,0.0,0.0,0.0,0.0,0.0,0.0,0.0
0,20261003,dinov2_logit,multiclass,selected_probe,stemphylium_colletotrichum_leaf_blight,0.2,0.2,0.2,0.0,0.0,0.2,0.2,0.2,0.0,0.0,0.0,0.0,0.0,0.0,0.2,0.2
0,20261003,dinov2_logit,multiclass,sentinel,all_classes,-0.014874141876430205,0.07989702517162471,0.04708237986270023,0.02008009153318078,0.0013157894736842105,0.06716247139588101,0.06847826086956522,0.027002288329519453,0.052116704805492,0.010240274599542335,0.013157894736842105,0.06235697940503433,0.07551487414187644,0.04187643020594965,0.004805491990846683,-0.00703661327231121
0,20261003,dinov2_logit,multiclass,sentinel,healthy,-0.017391304347826087,0.08695652173913043,0.030434782608695653,0.043478260869565216,0.0,0.07391304347826086,0.07391304347826086,-0.013043478260869565,0.034782608695652174,0.030434782608695653,0.0,0.06521739130434782,0.06521739130434782,0.004347826086956522,0.008695652173913044,0.008695652173913044
0,20261003,dinov2_logit,multiclass,sentinel,iris_yellow_virus,-0.042105263157894736,0.1526315789473684,0.05789473684210526,0.03684210526315789,0.005263157894736842,0.09473684210526315,0.1,0.021052631578947368,0.07368421052631578,0.010526315789473684,0.05263157894736842,0.08421052631578947,0.13684210526315788,0.06315789473684211,0.010526315789473684,-0.03684210526315789
0,20261003,dinov2_logit,multiclass,sentinel,purple_blotch,0.0,0.0,0.0,0.0,0.0,0.0,0.0,0.0,0.0,0.0,0.0,0.0,0.0,0.0,0.0,0.0
0,20261003,dinov2_logit,multiclass,sentinel,stemphylium_colletotrichum_leaf_blight,0.0,0.08,0.1,0.0,0.0,0.1,0.1,0.1,0.1,0.0,0.0,0.1,0.1,0.1,0.0,0.0
0,20261003,dinov2_logit,multiclass,unselected_paired_probe,all_classes,-0.024599542334096107,0.06488558352402746,0.008066361556064073,0.05074370709382151,0.015000000000000003,0.05881006864988558,0.07381006864988558,-0.04267734553775744,0.003489702517162471,0.021567505720823797,0.0,0.025057208237986267,0.025057208237986267,-0.018077803203661327,0.03375286041189931,0.048752860411899315
0,20261003,dinov2_logit,multiclass,unselected_paired_probe,healthy,0.017391304347826087,0.05217391304347826,0.021739130434782608,0.06086956521739131,0.0,0.08260869565217391,0.08260869565217391,-0.03913043478260869,0.008695652173913044,0.06521739130434782,0.0,0.07391304347826086,0.07391304347826086,-0.056521739130434775,0.008695652173913044,0.008695652173913044
0,20261003,dinov2_logit,multiclass,unselected_paired_probe,iris_yellow_virus,-0.015789473684210527,0.047368421052631574,0.010526315789473684,0.042105263157894736,0.0,0.05263157894736842,0.05263157894736842,-0.031578947368421054,0.005263157894736842,0.021052631578947368,0.0,0.02631578947368421,0.02631578947368421,-0.015789473684210527,0.02631578947368421,0.02631578947368421
0,20261003,dinov2_logit,multiclass,unselected_paired_probe,purple_blotch,-0.1,0.1,0.0,0.1,0.0,0.1,0.1,-0.1,0.0,0.0,0.0,0.0,0.0,0.0,0.1,0.1
0,20261003,dinov2_logit,multiclass,unselected_paired_probe,stemphylium_colletotrichum_leaf_blight,0.0,0.06000000000000001,0.0,0.0,0.06000000000000001,0.0,0.06000000000000001,0.0,0.0,0.0,0.0,0.0,0.0,0.0,0.0,0.06000000000000001
1,20261004,dinov2_cosine_1nn,multiclass,all_paired_probe,all_classes,0.19914187643020595,0.26014302059496563,0.24253432494279176,0.03526887871853547,0.0005434782608695652,0.27780320366132727,0.2783466819221968,0.2072654462242563,0.056178489702517154,0.04805491990846682,0.005263157894736842,0.10423340961098397,0.10949656750572082,0.008123569794050343,0.17356979405034326,0.168850114416476
1,20261004,dinov2_cosine_1nn,multiclass,all_paired_probe,healthy,0.09130434782608696,0.13478260869565217,0.10434782608695652,0.017391304347826087,0.002173913043478261,0.12173913043478261,0.12391304347826086,0.08695652173913043,0.03260869565217391,0.03695652173913043,0.0,0.06956521739130435,0.06956521739130435,-0.004347826086956522,0.05217391304347826,0.05434782608695653
1,20261004,dinov2_cosine_1nn,multiclass,all_paired_probe,iris_yellow_virus,0.10526315789473684,0.21578947368421053,0.11578947368421053,0.07368421052631578,0.0,0.1894736842105263,0.1894736842105263,0.042105263157894736,0.042105263157894736,0.10526315789473684,0.021052631578947368,0.14736842105263157,0.16842105263157894,-0.06315789473684211,0.042105263157894736,0.021052631578947368
1,20261004,dinov2_cosine_1nn,multiclass,all_paired_probe,purple_blotch,0.4,0.4,0.5,0.0,0.0,0.5,0.5,0.5,0.1,0.0,0.0,0.1,0.1,0.1,0.4,0.4
1,20261004,dinov2_cosine_1nn,multiclass,all_paired_probe,stemphylium_colletotrichum_leaf_blight,0.2,0.29,0.25,0.05,0.0,0.3,0.3,0.2,0.05,0.05,0.0,0.1,0.1,0.0,0.2,0.2
1,20261004,dinov2_cosine_1nn,multiclass,selected_probe,all_classes,0.41084668192219687,0.437162471395881,0.47110983981693366,0.013157894736842105,0.0,0.48426773455377575,0.48426773455377575,0.4579519450800915,0.08553775743707094,0.0384324942791762,0.003947368421052632,0.12397025171624713,0.12791762013729976,0.04710526315789473,0.3602974828375286,0.35635011441647596
1,20261004,dinov2_cosine_1nn,multiclass,selected_probe,healthy,0.17391304347826086,0.17391304347826086,0.17391304347826086,0.0,0.0,0.17391304347826086,0.17391304347826086,0.17391304347826086,0.034782608695652174,0.034782608695652174,0.0,0.06956521739130435,0.06956521739130435,0.0,0.10434782608695652,0.10434782608695652
1,20261004,dinov2_cosine_1nn,multiclass,selected_probe,iris_yellow_virus,0.1894736842105263,0.29473684210526313,0.21052631578947367,0.05263157894736842,0.0,0.2631578947368421,0.2631578947368421,0.15789473684210525,0.047368421052631574,0.07894736842105263,0.015789473684210527,0.12631578947368421,0.14210526315789473,-0.031578947368421054,0.13684210526315788,0.12105263157894737
1,20261004,dinov2_cosine_1nn,multiclass,selected_probe,purple_blotch,0.8,0.8,1.0,0.0,0.0,1.0,1.0,1.0,0.2,0.0,0.0,0.2,0.2,0.2,0.8,0.8
1,20261004,dinov2_cosine_1nn,multiclass,selected_probe,stemphylium_colletotrichum_leaf_blight,0.48,0.48,0.5,0.0,0.0,0.5,0.5,0.5,0.06000000000000001,0.04,0.0,0.1,0.1,0.02,0.4,0.4
1,20261004,dinov2_cosine_1nn,multiclass,sentinel,all_classes,0.0073226544622425616,0.06704805491990846,0.015732265446224254,0.02288329519450801,0.030263157894736843,0.038615560640732266,0.0688787185354691,-0.007151029748283752,0.012185354691075515,0.026659038901601827,0.039473684210526314,0.03884439359267734,0.07831807780320366,-0.014473684210526316,-0.00022883295194508005,-0.009439359267734551
1,20261004,dinov2_cosine_1nn,multiclass,sentinel,healthy,-0.03913043478260869,0.12608695652173912,0.02608695652173913,0.06521739130434782,0.0,0.09130434782608696,0.09130434782608696,-0.03913043478260869,0.043478260869565216,0.043478260869565216,0.0,0.08695652173913043,0.08695652173913043,0.0,0.004347826086956522,0.004347826086956522
1,20261004,dinov2_cosine_1nn,multiclass,sentinel,iris_yellow_virus,0.06842105263157894,0.14210526315789473,0.03684210526315789,0.02631578947368421,0.021052631578947368,0.06315789473684211,0.08421052631578947,0.010526315789473684,0.005263157894736842,0.06315789473684211,0.05789473684210526,0.06842105263157894,0.12631578947368421,-0.05789473684210526,-0.005263157894736842,-0.042105263157894736
1,20261004,dinov2_cosine_1nn,multiclass,sentinel,purple_blotch,0.0,0.0,0.0,0.0,0.0,0.0,0.0,0.0,0.0,0.0,0.0,0.0,0.0,0.0,0.0,0.0
1,20261004,dinov2_cosine_1nn,multiclass,sentinel,stemphylium_colletotrichum_leaf_blight,0.0,0.0,0.0,0.0,0.1,0.0,0.1,0.0,0.0,0.0,0.1,0.0,0.1,0.0,0.0,0.0
1,20261004,dinov2_cosine_1nn,multiclass,unselected_paired_probe,all_classes,-0.012562929061784897,0.08312356979405035,0.013958810068649885,0.05737986270022884,0.0010869565217391304,0.07133867276887872,0.07242562929061784,-0.04342105263157895,0.026819221967963387,0.05767734553775743,0.006578947368421052,0.08449656750572082,0.09107551487414187,-0.03085812356979405,-0.013157894736842101,-0.018649885583524022
1,20261004,dinov2_cosine_1nn,multiclass,unselected_paired_probe,healthy,0.008695652173913044,0.09565217391304348,0.034782608695652174,0.034782608695652174,0.004347826086956522,0.06956521739130435,0.07391304347826086,0.0,0.030434782608695653,0.03913043478260869,0.0,0.06956521739130435,0.06956521739130435,-0.008695652173913044,0.0,0.004347826086956522
1,20261004,dinov2_cosine_1nn,multiclass,unselected_paired_probe,iris_yellow_virus,0.021052631578947368,0.13684210526315788,0.021052631578947368,0.09473684210526315,0.0,0.11578947368421053,0.11578947368421053,-0.07368421052631578,0.03684210526315789,0.13157894736842105,0.02631578947368421,0.16842105263157894,0.19473684210526315,-0.09473684210526315,-0.05263157894736842,-0.07894736842105263
1,20261004,dinov2_cosine_1nn,multiclass,unselected_paired_probe,purple_blotch,0.0,0.0,0.0,0.0,0.0,0.0,0.0,0.0,0.0,0.0,0.0,0.0,0.0,0.0,0.0,0.0
1,20261004,dinov2_cosine_1nn,multiclass,unselected_paired_probe,stemphylium_colletotrichum_leaf_blight,-0.08,0.1,0.0,0.1,0.0,0.1,0.1,-0.1,0.04,0.06000000000000001,0.0,0.1,0.1,-0.02,0.0,0.0
1,20261004,dinov2_logit,multiclass,all_paired_probe,all_classes,0.04739130434782608,0.1276029748283753,0.1840732265446224,0.006006864988558352,0.08078947368421052,0.19008009153318078,0.2708695652173913,0.1780663615560641,0.14237414187643022,0.011699084668192219,0.08789473684210526,0.15407322654462244,0.24196796338672769,0.13067505720823797,0.03600686498855836,0.028901601830663627
1,20261004,dinov2_logit,multiclass,all_paired_probe,healthy,0.019565217391304346,0.06304347826086956,0.08260869565217391,0.010869565217391304,0.0,0.0934782608695652,0.0934782608695652,0.07173913043478261,0.06739130434782609,0.015217391304347827,0.0,0.08260869565217391,0.08260869565217391,0.05217391304347826,0.010869565217391304,0.010869565217391304
1,20261004,dinov2_logit,multiclass,all_paired_probe,iris_yellow_virus,0.05,0.14736842105263157,0.07368421052631578,0.013157894736842105,0.013157894736842105,0.08684210526315789,0.1,0.060526315789473685,0.042105263157894736,0.031578947368421054,0.031578947368421054,0.07368421052631578,0.10526315789473684,0.010526315789473684,0.013157894736842105,-0.005263157894736842
1,20261004,dinov2_logit,multiclass,all_paired_probe,purple_blotch,0.0,0.1,0.25,0.0,0.25,0.25,0.5,0.25,0.25,0.0,0.2,0.25,0.45,0.25,0.0,0.05
1,20261004,dinov2_logit,multiclass,all_paired_probe,stemphylium_colletotrichum_leaf_blight,0.12000000000000002,0.2,0.32999999999999996,0.0,0.06000000000000001,0.32999999999999996,0.39,0.32999999999999996,0.21000000000000002,0.0,0.12000000000000002,0.21000000000000002,0.32999999999999996,0.21000000000000002,0.12,0.06000000000000001
1,20261004,dinov2_logit,multiclass,selected_probe,all_classes,0.11264302059496567,0.13100686498855835,0.3076659038901602,0.0037185354691075512,0.0,0.31138443935926774,0.31138443935926774,0.30394736842105263,0.2013729977116705,0.010068649885583524,0.031578947368421054,0.21144164759725398,0.24302059496567505,0.19130434782608696,0.09994279176201373,0.06836384439359268
1,20261004,dinov2_logit,multiclass,selected_probe,healthy,0.034782608695652174,0.06086956521739131,0.10434782608695652,0.004347826086956522,0.0,0.10869565217391304,0.10869565217391304,0.1,0.07391304347826086,0.008695652173913044,0.0,0.08260869565217391,0.08260869565217391,0.06521739130434782,0.02608695652173913,0.02608695652173913
1,20261004,dinov2_logit,multiclass,selected_probe,iris_yellow_virus,0.11578947368421053,0.1631578947368421,0.12631578947368421,0.010526315789473684,0.0,0.13684210526315788,0.13684210526315788,0.11578947368421053,0.031578947368421054,0.031578947368421054,0.02631578947368421,0.06315789473684211,0.0894736842105263,0.0,0.07368421052631578,0.047368421052631574
1,20261004,dinov2_logit,multiclass,selected_probe,purple_blotch,0.0,0.0,0.5,0.0,0.0,0.5,0.5,0.5,0.5,0.0,0.0,0.5,0.5,0.5,0.0,0.0
1,20261004,dinov2_logit,multiclass,selected_probe,stemphylium_colletotrichum_leaf_blight,0.3,0.3,0.5,0.0,0.0,0.5,0.5,0.5,0.2,0.0,0.1,0.2,0.3,0.2,0.3,0.2
1,20261004,dinov2_logit,multiclass,sentinel,all_classes,-0.08135011441647597,0.16209382151029747,0.040102974828375285,0.10766590389016018,0.005,0.14776887871853545,0.15276887871853545,-0.06756292906178489,0.026430205949656747,0.012643020594965675,0.0,0.039073226544622426,0.039073226544622426,0.013787185354691076,0.10869565217391304,0.11369565217391304
1,20261004,dinov2_logit,multiclass,sentinel,healthy,-0.004347826086956522,0.06521739130434782,0.013043478260869565,0.004347826086956522,0.0,0.017391304347826087,0.017391304347826087,0.008695652173913044,0.04782608695652174,0.034782608695652174,0.0,0.08260869565217391,0.08260869565217391,0.013043478260869565,-0.06521739130434782,-0.06521739130434782
1,20261004,dinov2_logit,multiclass,sentinel,iris_yellow_virus,-0.021052631578947368,0.06315789473684211,0.047368421052631574,0.02631578947368421,0.0,0.07368421052631578,0.07368421052631578,0.021052631578947368,0.05789473684210526,0.015789473684210527,0.0,0.07368421052631578,0.07368421052631578,0.042105263157894736,0.0,0.0
1,20261004,dinov2_logit,multiclass,sentinel,purple_blotch,-0.4,0.4,0.0,0.4,0.0,0.4,0.4,-0.4,0.0,0.0,0.0,0.0,0.0,0.0,0.4,0.4
1,20261004,dinov2_logit,multiclass,sentinel,stemphylium_colletotrichum_leaf_blight,0.1,0.12000000000000002,0.1,0.0,0.02,0.1,0.12000000000000002,0.1,0.0,0.0,0.0,0.0,0.0,0.0,0.1,0.12000000000000002
1,20261004,dinov2_logit,multiclass,unselected_paired_probe,all_classes,-0.017860411899313502,0.12419908466819223,0.06048054919908467,0.008295194508009153,0.16157894736842104,0.06877574370709381,0.23035469107551484,0.05218535469107551,0.08337528604118993,0.013329519450800914,0.14421052631578948,0.09670480549199086,0.2409153318077803,0.07004576659038902,-0.027929061784897024,-0.010560640732265439
1,20261004,dinov2_logit,multiclass,unselected_paired_probe,healthy,0.004347826086956522,0.06521739130434782,0.06086956521739131,0.017391304347826087,0.0,0.07826086956521738,0.07826086956521738,0.043478260869565216,0.06086956521739131,0.021739130434782608,0.0,0.08260869565217391,0.08260869565217391,0.03913043478260869,-0.004347826086956522,-0.004347826086956522
1,20261004,dinov2_logit,multiclass,unselected_paired_probe,iris_yellow_virus,-0.015789473684210527,0.13157894736842105,0.021052631578947368,0.015789473684210527,0.02631578947368421,0.03684210526315789,0.06315789473684211,0.005263157894736842,0.05263157894736842,0.031578947368421054,0.03684210526315789,0.08421052631578947,0.12105263157894737,0.021052631578947368,-0.047368421052631574,-0.05789473684210526
1,20261004,dinov2_logit,multiclass,unselected_paired_probe,purple_blotch,0.0,0.2,0.0,0.0,0.5,0.0,0.5,0.0,0.0,0.0,0.4,0.0,0.4,0.0,0.0,0.1
1,20261004,dinov2_logit,multiclass,unselected_paired_probe,stemphylium_colletotrichum_leaf_blight,-0.06000000000000001,0.1,0.16,0.0,0.12000000000000002,0.16,0.28,0.16,0.22000000000000003,0.0,0.14,0.22000000000000003,0.36,0.22000000000000003,-0.06000000000000001,-0.07999999999999999
2,20261005,dinov2_cosine_1nn,multiclass,all_paired_probe,all_classes,0.1935812356979405,0.2529919908466819,0.26933638443935926,0.0036041189931350108,0.015657894736842103,0.27294050343249426,0.2885983981693364,0.26573226544622425,0.09758009153318078,0.02542906178489702,0.08858695652173913,0.1230091533180778,0.21159610983981691,0.07215102974828376,0.14993135011441647,0.07700228832951947
2,20261005,dinov2_cosine_1nn,multiclass,all_paired_probe,healthy,0.13695652173913042,0.14565217391304347,0.13260869565217392,0.006521739130434782,0.0,0.1391304347826087,0.1391304347826087,0.12608695652173912,0.043478260869565216,0.05434782608695652,0.004347826086956522,0.09782608695652174,0.10217391304347827,-0.010869565217391304,0.041304347826086954,0.03695652173913043
2,20261005,dinov2_cosine_1nn,multiclass,all_paired_probe,iris_yellow_virus,0.19736842105263158,0.2263157894736842,0.19473684210526315,0.007894736842105263,0.002631578947368421,0.2026315789473684,0.20526315789473681,0.18684210526315786,0.03684210526315789,0.047368421052631574,0.0,0.08421052631578947,0.08421052631578947,-0.010526315789473684,0.11842105263157894,0.12105263157894737
2,20261005,dinov2_cosine_1nn,multiclass,all_paired_probe,purple_blotch,0.25,0.3,0.5,0.0,0.05,0.5,0.55,0.5,0.25,0.0,0.25,0.25,0.5,0.25,0.25,0.05
2,20261005,dinov2_cosine_1nn,multiclass,all_paired_probe,stemphylium_colletotrichum_leaf_blight,0.19,0.33999999999999997,0.25,0.0,0.01,0.25,0.26,0.25,0.06000000000000001,0.0,0.1,0.06000000000000001,0.16,0.06000000000000001,0.19,0.1
2,20261005,dinov2_cosine_1nn,multiclass,selected_probe,all_classes,0.38836384439359267,0.39362700228832953,0.5116132723112128,0.002631578947368421,0.0,0.5142448512585812,0.5142448512585812,0.5089816933638444,0.151395881006865,0.030778032036613272,0.09608695652173913,0.18217391304347824,0.2782608695652174,0.12061784897025171,0.332070938215103,0.23598398169336385
2,20261005,dinov2_cosine_1nn,multiclass,selected_probe,healthy,0.2260869565217391,0.2260869565217391,0.2043478260869565,0.0,0.0,0.2043478260869565,0.2043478260869565,0.2043478260869565,0.043478260869565216,0.06521739130434782,0.004347826086956522,0.10869565217391304,0.11304347826086955,-0.021739130434782608,0.09565217391304348,0.09130434782608696
2,20261005,dinov2_cosine_1nn,multiclass,selected_probe,iris_yellow_virus,0.34736842105263155,0.3684210526315789,0.34210526315789475,0.010526315789473684,0.0,0.3526315789473684,0.3526315789473684,0.33157894736842103,0.042105263157894736,0.05789473684210526,0.0,0.1,0.1,-0.015789473684210527,0.25263157894736843,0.25263157894736843
2,20261005,dinov2_cosine_1nn,multiclass,selected_probe,purple_blotch,0.5,0.5,1.0,0.0,0.0,1.0,1.0,1.0,0.5,0.0,0.3,0.5,0.8,0.5,0.5,0.2
2,20261005,dinov2_cosine_1nn,multiclass,selected_probe,stemphylium_colletotrichum_leaf_blight,0.48,0.48,0.5,0.0,0.0,0.5,0.5,0.5,0.02,0.0,0.08,0.02,0.1,0.02,0.48,0.4
2,20261005,dinov2_cosine_1nn,multiclass,sentinel,all_classes,-0.02734553775743707,0.06905034324942791,0.017963386727688786,0.02751716247139588,0.030869565217391304,0.04548054919908466,0.07635011441647596,-0.009553775743707093,0.03306636155606407,0.015274599542334094,0.02,0.048340961098398166,0.06834096109839817,0.017791762013729975,-0.002860411899313501,0.008009153318077809
2,20261005,dinov2_cosine_1nn,multiclass,sentinel,healthy,-0.030434782608695653,0.11304347826086955,0.008695652173913044,0.05217391304347826,0.043478260869565216,0.06086956521739131,0.10434782608695652,-0.043478260869565216,0.021739130434782608,0.034782608695652174,0.0,0.056521739130434775,0.056521739130434775,-0.013043478260869565,0.004347826086956522,0.04782608695652174
2,20261005,dinov2_cosine_1nn,multiclass,sentinel,iris_yellow_virus,-0.07894736842105263,0.1631578947368421,0.06315789473684211,0.05789473684210526,0.0,0.12105263157894737,0.12105263157894737,0.005263157894736842,0.11052631578947367,0.02631578947368421,0.0,0.13684210526315788,0.13684210526315788,0.08421052631578947,-0.015789473684210527,-0.015789473684210527
2,20261005,dinov2_cosine_1nn,multiclass,sentinel,purple_blotch,0.0,0.0,0.0,0.0,0.0,0.0,0.0,0.0,0.0,0.0,0.0,0.0,0.0,0.0,0.0,0.0
2,20261005,dinov2_cosine_1nn,multiclass,sentinel,stemphylium_colletotrichum_leaf_blight,0.0,0.0,0.0,0.0,0.08,0.0,0.08,0.0,0.0,0.0,0.08,0.0,0.08,0.0,0.0,0.0
2,20261005,dinov2_cosine_1nn,multiclass,unselected_paired_probe,all_classes,-0.0012013729977116729,0.11235697940503434,0.02705949656750572,0.004576659038901602,0.03131578947368421,0.031636155606407326,0.06295194508009153,0.022482837528604117,0.043764302059496565,0.02008009153318078,0.08108695652173913,0.06384439359267734,0.14493135011441646,0.02368421052631579,-0.032208237986270025,-0.08197940503432495
2,20261005,dinov2_cosine_1nn,multiclass,unselected_paired_probe,healthy,0.04782608695652174,0.06521739130434782,0.06086956521739131,0.013043478260869565,0.0,0.07391304347826086,0.07391304347826086,0.04782608695652174,0.043478260869565216,0.043478260869565216,0.004347826086956522,0.08695652173913043,0.09130434782608696,0.0,-0.013043478260869565,-0.017391304347826087
2,20261005,dinov2_cosine_1nn,multiclass,unselected_paired_probe,iris_yellow_virus,0.047368421052631574,0.08421052631578947,0.047368421052631574,0.005263157894736842,0.005263157894736842,0.05263157894736842,0.05789473684210526,0.042105263157894736,0.031578947368421054,0.03684210526315789,0.0,0.06842105263157894,0.06842105263157894,-0.005263157894736842,-0.015789473684210527,-0.010526315789473684
2,20261005,dinov2_cosine_1nn,multiclass,unselected_paired_probe,purple_blotch,0.0,0.1,0.0,0.0,0.1,0.0,0.1,0.0,0.0,0.0,0.2,0.0,0.2,0.0,0.0,-0.1
2,20261005,dinov2_cosine_1nn,multiclass,unselected_paired_probe,stemphylium_colletotrichum_leaf_blight,-0.1,0.2,0.0,0.0,0.02,0.0,0.02,0.0,0.1,0.0,0.12000000000000002,0.1,0.22000000000000003,0.1,-0.1,-0.2
2,20261005,dinov2_logit,multiclass,all_paired_probe,all_classes,0.07470251716247141,0.12572654462242563,0.09803203661327231,0.004605263157894736,0.005,0.10263729977116705,0.10763729977116705,0.09342677345537757,0.0362299771167048,0.017505720823798625,0.0475,0.05373569794050344,0.10123569794050342,0.01872425629290618,0.04890160183066361,0.006401601830663612
2,20261005,dinov2_logit,multiclass,all_paired_probe,healthy,0.04565217391304348,0.05869565217391304,0.06739130434782609,0.0,0.0,0.06739130434782609,0.06739130434782609,0.06739130434782609,0.03913043478260869,0.017391304347826087,0.0,0.056521739130434775,0.056521739130434775,0.021739130434782608,0.010869565217391304,0.010869565217391304
2,20261005,dinov2_logit,multiclass,all_paired_probe,iris_yellow_virus,0.06315789473684211,0.08421052631578947,0.04473684210526315,0.018421052631578946,0.0,0.06315789473684211,0.06315789473684211,0.02631578947368421,0.015789473684210527,0.05263157894736842,0.0,0.06842105263157894,0.06842105263157894,-0.03684210526315789,-0.005263157894736842,-0.005263157894736842
2,20261005,dinov2_logit,multiclass,all_paired_probe,purple_blotch,0.1,0.25,0.1,0.0,0.0,0.1,0.1,0.1,0.0,0.0,0.15,0.0,0.15,0.0,0.1,-0.05
2,20261005,dinov2_logit,multiclass,all_paired_probe,stemphylium_colletotrichum_leaf_blight,0.09,0.11000000000000001,0.18,0.0,0.02,0.18,0.2,0.18,0.09,0.0,0.04,0.09,0.13,0.09,0.09,0.06999999999999999
2,20261005,dinov2_logit,multiclass,selected_probe,all_classes,0.13956521739130434,0.1667391304347826,0.16361556064073227,0.002631578947368421,0.0,0.1662471395881007,0.1662471395881007,0.16098398169336384,0.04132723112128146,0.019908466819221968,0.025,0.06123569794050343,0.08623569794050343,0.0214187643020595,0.10501144164759724,0.08001144164759724
2,20261005,dinov2_logit,multiclass,selected_probe,healthy,0.07826086956521738,0.08695652173913043,0.09130434782608696,0.0,0.0,0.09130434782608696,0.09130434782608696,0.09130434782608696,0.034782608695652174,0.021739130434782608,0.0,0.056521739130434775,0.056521739130434775,0.013043478260869565,0.034782608695652174,0.034782608695652174
2,20261005,dinov2_logit,multiclass,selected_probe,iris_yellow_virus,0.1,0.1,0.06315789473684211,0.010526315789473684,0.0,0.07368421052631578,0.07368421052631578,0.05263157894736842,0.010526315789473684,0.05789473684210526,0.0,0.06842105263157894,0.06842105263157894,-0.047368421052631574,0.005263157894736842,0.005263157894736842
2,20261005,dinov2_logit,multiclass,selected_probe,purple_blotch,0.2,0.3,0.2,0.0,0.0,0.2,0.2,0.2,0.0,0.0,0.1,0.0,0.1,0.0,0.2,0.1
2,20261005,dinov2_logit,multiclass,selected_probe,stemphylium_colletotrichum_leaf_blight,0.18,0.18,0.3,0.0,0.0,0.3,0.3,0.3,0.12000000000000002,0.0,0.0,0.12000000000000002,0.12000000000000002,0.12000000000000002,0.18,0.18
2,20261005,dinov2_logit,multiclass,sentinel,all_classes,-0.008123569794050342,0.03398169336384439,0.015789473684210527,0.012929061784897024,0.0,0.028718535469107548,0.028718535469107548,0.002860411899313501,0.021052631578947368,0.010068649885583524,0.0,0.031121281464530894,0.031121281464530894,0.010983981693363844,-0.00240274599542334,-0.00240274599542334
2,20261005,dinov2_logit,multiclass,sentinel,healthy,0.004347826086956522,0.004347826086956522,0.0,0.004347826086956522,0.0,0.004347826086956522,0.004347826086956522,-0.004347826086956522,0.0,0.008695652173913044,0.0,0.008695652173913044,0.008695652173913044,-0.008695652173913044,-0.004347826086956522,-0.004347826086956522
2,20261005,dinov2_logit,multiclass,sentinel,iris_yellow_virus,-0.03684210526315789,0.13157894736842105,0.06315789473684211,0.047368421052631574,0.0,0.11052631578947367,0.11052631578947367,0.015789473684210527,0.08421052631578947,0.031578947368421054,0.0,0.11578947368421053,0.11578947368421053,0.05263157894736842,-0.005263157894736842,-0.005263157894736842
2,20261005,dinov2_logit,multiclass,sentinel,purple_blotch,0.0,0.0,0.0,0.0,0.0,0.0,0.0,0.0,0.0,0.0,0.0,0.0,0.0,0.0,0.0,0.0
2,20261005,dinov2_logit,multiclass,sentinel,stemphylium_colletotrichum_leaf_blight,0.0,0.0,0.0,0.0,0.0,0.0,0.0,0.0,0.0,0.0,0.0,0.0,0.0,0.0,0.0,0.0
2,20261005,dinov2_logit,multiclass,unselected_paired_probe,all_classes,0.009839816933638442,0.08471395881006864,0.032448512585812356,0.006578947368421052,0.01,0.039027459954233415,0.04902745995423341,0.025869565217391303,0.031132723112128148,0.015102974828375285,0.06999999999999999,0.04623569794050343,0.11623569794050344,0.01602974828375286,-0.0072082379862700215,-0.06720823798627001
2,20261005,dinov2_logit,multiclass,unselected_paired_probe,healthy,0.013043478260869565,0.030434782608695653,0.043478260869565216,0.0,0.0,0.043478260869565216,0.043478260869565216,0.043478260869565216,0.043478260869565216,0.013043478260869565,0.0,0.056521739130434775,0.056521739130434775,0.030434782608695653,-0.013043478260869565,-0.013043478260869565
2,20261005,dinov2_logit,multiclass,unselected_paired_probe,iris_yellow_virus,0.02631578947368421,0.06842105263157894,0.02631578947368421,0.02631578947368421,0.0,0.05263157894736842,0.05263157894736842,0.0,0.021052631578947368,0.047368421052631574,0.0,0.06842105263157894,0.06842105263157894,-0.02631578947368421,-0.015789473684210527,-0.015789473684210527
2,20261005,dinov2_logit,multiclass,unselected_paired_probe,purple_blotch,0.0,0.2,0.0,0.0,0.0,0.0,0.0,0.0,0.0,0.0,0.2,0.0,0.2,0.0,0.0,-0.2
2,20261005,dinov2_logit,multiclass,unselected_paired_probe,stemphylium_colletotrichum_leaf_blight,0.0,0.04,0.06000000000000001,0.0,0.04,0.06000000000000001,0.1,0.06000000000000001,0.06000000000000001,0.0,0.08,0.06000000000000001,0.14,0.06000000000000001,0.0,-0.04
3,20261006,dinov2_cosine_1nn,multiclass,all_paired_probe,all_classes,0.23989130434782607,0.31800915331807783,0.31215675057208236,0.013724256292906179,0.02241990846681922,0.32588100686498855,0.3483009153318078,0.2984324942791762,0.08505148741418764,0.026510297482837526,0.043506864988558346,0.11156178489702517,0.1550686498855835,0.058541189931350116,0.21431922196796335,0.19323226544622424
3,20261006,dinov2_cosine_1nn,multiclass,all_paired_probe,healthy,0.11956521739130435,0.19782608695652174,0.1565217391304348,0.021739130434782608,0.006521739130434782,0.1782608695652174,0.18478260869565216,0.13478260869565217,0.056521739130434775,0.041304347826086954,0.010869565217391304,0.09782608695652174,0.10869565217391304,0.015217391304347827,0.08043478260869566,0.07608695652173914
3,20261006,dinov2_cosine_1nn,multiclass,all_paired_probe,iris_yellow_virus,0.1,0.18421052631578946,0.14210526315789473,0.013157894736842105,0.013157894736842105,0.15526315789473683,0.16842105263157894,0.12894736842105264,0.07368421052631578,0.04473684210526315,0.013157894736842105,0.11842105263157894,0.13157894736842105,0.02894736842105263,0.03684210526315789,0.03684210526315789
3,20261006,dinov2_cosine_1nn,multiclass,all_paired_probe,purple_blotch,0.55,0.55,0.65,0.0,0.0,0.65,0.65,0.65,0.1,0.0,0.15,0.1,0.25,0.1,0.55,0.4
3,20261006,dinov2_cosine_1nn,multiclass,all_paired_probe,stemphylium_colletotrichum_leaf_blight,0.19,0.33999999999999997,0.3,0.02,0.07,0.32,0.39,0.27999999999999997,0.11000000000000001,0.02,0.0,0.13,0.13,0.09,0.19,0.26
3,20261006,dinov2_cosine_1nn,multiclass,selected_probe,all_classes,0.46090389016018307,0.4695995423340961,0.528604118993135,0.0,0.0,0.528604118993135,0.528604118993135,0.528604118993135,0.09278032036613272,0.025080091533180776,0.03461098398169336,0.11786041189931351,0.15247139588100686,0.06770022883295194,0.4107437070938215,0.3761327231121282
3,20261006,dinov2_cosine_1nn,multiclass,selected_probe,healthy,0.24782608695652172,0.28260869565217395,0.25652173913043474,0.0,0.0,0.25652173913043474,0.25652173913043474,0.25652173913043474,0.05217391304347826,0.043478260869565216,0.017391304347826087,0.09565217391304348,0.11304347826086955,0.008695652173913044,0.16086956521739132,0.14347826086956522
3,20261006,dinov2_cosine_1nn,multiclass,selected_probe,iris_yellow_virus,0.21578947368421053,0.21578947368421053,0.2578947368421053,0.0,0.0,0.2578947368421053,0.2578947368421053,0.2578947368421053,0.07894736842105263,0.03684210526315789,0.021052631578947368,0.11578947368421053,0.13684210526315788,0.042105263157894736,0.14210526315789473,0.12105263157894737
3,20261006,dinov2_cosine_1nn,multiclass,selected_probe,purple_blotch,0.9,0.9,1.0,0.0,0.0,1.0,1.0,1.0,0.1,0.0,0.1,0.1,0.2,0.1,0.9,0.8
3,20261006,dinov2_cosine_1nn,multiclass,selected_probe,stemphylium_colletotrichum_leaf_blight,0.48,0.48,0.6,0.0,0.0,0.6,0.6,0.6,0.14,0.02,0.0,0.16,0.16,0.12000000000000002,0.44000000000000006,0.44000000000000006
3,20261006,dinov2_cosine_1nn,multiclass,sentinel,all_classes,0.14456521739130437,0.2746224256292906,0.2337528604118993,0.037528604118993135,0.018135011441647596,0.2712814645308924,0.28941647597254005,0.19622425629290619,0.09181922196796338,0.04016018306636156,0.010697940503432493,0.13197940503432495,0.1426773455377574,0.051659038901601825,0.1393020594965675,0.14673913043478262
3,20261006,dinov2_cosine_1nn,multiclass,sentinel,healthy,-0.021739130434782608,0.25217391304347825,0.10869565217391304,0.08695652173913043,0.030434782608695653,0.1956521739130435,0.2260869565217391,0.021739130434782608,0.13043478260869565,0.08695652173913043,0.021739130434782608,0.21739130434782608,0.2391304347826087,0.043478260869565216,-0.021739130434782605,-0.013043478260869563
3,20261006,dinov2_cosine_1nn,multiclass,sentinel,iris_yellow_virus,0.0,0.12631578947368421,0.12631578947368421,0.06315789473684211,0.042105263157894736,0.1894736842105263,0.23157894736842105,0.06315789473684211,0.13684210526315788,0.07368421052631578,0.021052631578947368,0.21052631578947367,0.23157894736842105,0.06315789473684211,-0.021052631578947368,0.0
3,20261006,dinov2_cosine_1nn,multiclass,sentinel,purple_blotch,0.5,0.5,0.5,0.0,0.0,0.5,0.5,0.5,0.0,0.0,0.0,0.0,0.0,0.0,0.5,0.5
3,20261006,dinov2_cosine_1nn,multiclass,sentinel,stemphylium_colletotrichum_leaf_blight,0.1,0.22000000000000003,0.2,0.0,0.0,0.2,0.2,0.2,0.1,0.0,0.0,0.1,0.1,0.1,0.1,0.1
3,20261006,dinov2_cosine_1nn,multiclass,unselected_paired_probe,all_classes,0.018878718535469102,0.1664187643020595,0.09570938215102975,0.027448512585812358,0.04483981693363844,0.1231578947368421,0.16799771167048055,0.0682608695652174,0.07732265446224255,0.02794050343249428,0.05240274599542334,0.10526315789473684,0.15766590389016016,0.049382151029748286,0.017894736842105265,0.010331807780320364
3,20261006,dinov2_cosine_1nn,multiclass,unselected_paired_probe,healthy,-0.008695652173913044,0.11304347826086955,0.056521739130434775,0.043478260869565216,0.013043478260869565,0.1,0.11304347826086955,0.013043478260869565,0.06086956521739131,0.03913043478260869,0.004347826086956522,0.1,0.10434782608695652,0.021739130434782608,0.0,0.008695652173913044
3,20261006,dinov2_cosine_1nn,multiclass,unselected_paired_probe,iris_yellow_virus,-0.015789473684210527,0.1526315789473684,0.02631578947368421,0.02631578947368421,0.02631578947368421,0.05263157894736842,0.07894736842105263,0.0,0.06842105263157894,0.05263157894736842,0.005263157894736842,0.12105263157894737,0.12631578947368421,0.015789473684210527,-0.06842105263157894,-0.047368421052631574
3,20261006,dinov2_cosine_1nn,multiclass,unselected_paired_probe,purple_blotch,0.2,0.2,0.3,0.0,0.0,0.3,0.3,0.3,0.1,0.0,0.2,0.1,0.3,0.1,0.2,0.0
3,20261006,dinov2_cosine_1nn,multiclass,unselected_paired_probe,stemphylium_colletotrichum_leaf_blight,-0.1,0.2,0.0,0.04,0.14,0.04,0.18,-0.04,0.08,0.02,0.0,0.1,0.1,0.06000000000000001,-0.06,0.08
3,20261006,dinov2_logit,multiclass,all_paired_probe,all_classes,0.019536613272311213,0.05796910755148741,0.03133295194508009,0.01405034324942792,0.0017448512585812356,0.04538329519450801,0.04712814645308925,0.017282608695652173,0.018564073226544624,0.02081807780320366,0.003489702517162471,0.03938215102974828,0.042871853546910754,-0.0022540045766590395,0.006001144164759725,0.004256292906178492
3,20261006,dinov2_logit,multiclass,all_paired_probe,healthy,0.041304347826086954,0.07608695652173912,0.05217391304347826,0.013043478260869565,0.004347826086956522,0.06521739130434782,0.06956521739130435,0.03913043478260869,0.034782608695652174,0.03695652173913043,0.008695652173913044,0.07173913043478261,0.08043478260869566,-0.002173913043478261,-0.006521739130434782,-0.010869565217391304
3,20261006,dinov2_logit,multiclass,all_paired_probe,iris_yellow_virus,0.03684210526315789,0.11578947368421053,0.06315789473684211,0.013157894736842105,0.002631578947368421,0.0763157894736842,0.07894736842105263,0.05,0.039473684210526314,0.02631578947368421,0.005263157894736842,0.06578947368421052,0.07105263157894737,0.013157894736842105,0.010526315789473684,0.007894736842105263
3,20261006,dinov2_logit,multiclass,all_paired_probe,purple_blotch,0.0,0.0,0.0,0.0,0.0,0.0,0.0,0.0,0.0,0.0,0.0,0.0,0.0,0.0,0.0,0.0
3,20261006,dinov2_logit,multiclass,all_paired_probe,stemphylium_colletotrichum_leaf_blight,0.0,0.04,0.01,0.030000000000000006,0.0,0.04,0.04,-0.02,0.0,0.02,0.0,0.02,0.02,-0.02,0.02,0.02
3,20261006,dinov2_logit,multiclass,selected_probe,all_classes,0.049759725400457665,0.06331807780320366,0.046075514874141875,0.002402745995423341,0.0,0.048478260869565214,0.048478260869565214,0.04367276887871853,0.014187643020594965,0.020274599542334095,0.005892448512585812,0.034462242562929055,0.04035469107551487,-0.00608695652173913,0.014016018306636156,0.008123569794050342
3,20261006,dinov2_logit,multiclass,selected_probe,healthy,0.06956521739130435,0.08695652173913043,0.06956521739130435,0.004347826086956522,0.0,0.07391304347826086,0.07391304347826086,0.06521739130434782,0.030434782608695653,0.034782608695652174,0.013043478260869565,0.06521739130434782,0.07826086956521738,-0.004347826086956522,0.008695652173913044,-0.004347826086956522
3,20261006,dinov2_logit,multiclass,selected_probe,iris_yellow_virus,0.0894736842105263,0.12631578947368421,0.09473684210526315,0.005263157894736842,0.0,0.1,0.1,0.0894736842105263,0.02631578947368421,0.02631578947368421,0.010526315789473684,0.05263157894736842,0.06315789473684211,0.0,0.047368421052631574,0.03684210526315789
3,20261006,dinov2_logit,multiclass,selected_probe,purple_blotch,0.0,0.0,0.0,0.0,0.0,0.0,0.0,0.0,0.0,0.0,0.0,0.0,0.0,0.0,0.0,0.0
3,20261006,dinov2_logit,multiclass,selected_probe,stemphylium_colletotrichum_leaf_blight,0.04,0.04,0.02,0.0,0.0,0.02,0.02,0.02,0.0,0.02,0.0,0.02,0.02,-0.02,0.0,0.0
3,20261006,dinov2_logit,multiclass,sentinel,all_classes,0.02117848970251716,0.04863844393592677,0.07336384439359268,0.018077803203661327,0.002631578947368421,0.09144164759725401,0.09407322654462243,0.055286041189931356,0.046750572082379864,0.012643020594965675,0.011842105263157893,0.05939359267734554,0.07123569794050344,0.03410755148741419,0.03204805491990846,0.022837528604118994
3,20261006,dinov2_logit,multiclass,sentinel,healthy,-0.017391304347826087,0.06086956521739131,0.02608695652173913,0.056521739130434775,0.0,0.08260869565217391,0.08260869565217391,-0.030434782608695653,0.021739130434782608,0.034782608695652174,0.0,0.056521739130434775,0.056521739130434775,-0.013043478260869565,0.02608695652173913,0.02608695652173913
3,20261006,dinov2_logit,multiclass,sentinel,iris_yellow_virus,0.042105263157894736,0.07368421052631578,0.047368421052631574,0.015789473684210527,0.010526315789473684,0.06315789473684211,0.07368421052631578,0.031578947368421054,0.005263157894736842,0.015789473684210527,0.047368421052631574,0.021052631578947368,0.06842105263157894,-0.010526315789473684,0.042105263157894736,0.005263157894736842
3,20261006,dinov2_logit,multiclass,sentinel,purple_blotch,0.0,0.0,0.0,0.0,0.0,0.0,0.0,0.0,0.0,0.0,0.0,0.0,0.0,0.0,0.0,0.0
3,20261006,dinov2_logit,multiclass,sentinel,stemphylium_colletotrichum_leaf_blight,0.06000000000000001,0.06000000000000001,0.22000000000000003,0.0,0.0,0.22000000000000003,0.22000000000000003,0.22000000000000003,0.16,0.0,0.0,0.16,0.16,0.16,0.06000000000000001,0.06000000000000001
3,20261006,dinov2_logit,multiclass,unselected_paired_probe,all_classes,-0.010686498855835242,0.052620137299771164,0.016590389016018305,0.025697940503432493,0.003489702517162471,0.0422883295194508,0.04577803203661327,-0.009107551487414189,0.022940503432494277,0.021361556064073226,0.0010869565217391304,0.0443020594965675,0.04538901601830663,0.001578947368421052,-0.0020137299771167015,0.0003890160183066392
3,20261006,dinov2_logit,multiclass,unselected_paired_probe,healthy,0.013043478260869565,0.06521739130434782,0.034782608695652174,0.021739130434782608,0.008695652173913044,0.056521739130434775,0.06521739130434782,0.013043478260869565,0.03913043478260869,0.03913043478260869,0.004347826086956522,0.07826086956521738,0.08260869565217391,0.0,-0.021739130434782608,-0.017391304347826087
3,20261006,dinov2_logit,multiclass,unselected_paired_probe,iris_yellow_virus,-0.015789473684210527,0.10526315789473684,0.031578947368421054,0.021052631578947368,0.005263157894736842,0.05263157894736842,0.05789473684210526,0.010526315789473684,0.05263157894736842,0.02631578947368421,0.0,0.07894736842105263,0.07894736842105263,0.02631578947368421,-0.02631578947368421,-0.021052631578947368
3,20261006,dinov2_logit,multiclass,unselected_paired_probe,purple_blotch,0.0,0.0,0.0,0.0,0.0,0.0,0.0,0.0,0.0,0.0,0.0,0.0,0.0,0.0,0.0,0.0
3,20261006,dinov2_logit,multiclass,unselected_paired_probe,stemphylium_colletotrichum_leaf_blight,-0.04,0.04,0.0,0.06000000000000001,0.0,0.06000000000000001,0.06000000000000001,-0.06000000000000001,0.0,0.02,0.0,0.02,0.02,-0.02,0.04,0.04
4,20261007,dinov2_cosine_1nn,multiclass,all_paired_probe,all_classes,0.24556064073226547,0.3279805491990847,0.2574199084668192,0.018810068649885582,0.019130434782608695,0.27622997711670483,0.2953604118993135,0.23860983981693362,0.0498112128146453,0.056762013729977114,0.023724256292906178,0.10657322654462242,0.1302974828375286,-0.00695080091533181,0.16965675057208235,0.1650629290617849
4,20261007,dinov2_cosine_1nn,multiclass,all_paired_probe,healthy,0.15434782608695652,0.2108695652173913,0.1565217391304348,0.03260869565217391,0.006521739130434782,0.1891304347826087,0.1956521739130435,0.12391304347826086,0.02608695652173913,0.056521739130434775,0.021739130434782608,0.08260869565217391,0.10434782608695652,-0.030434782608695653,0.10652173913043479,0.09130434782608696
4,20261007,dinov2_cosine_1nn,multiclass,all_paired_probe,iris_yellow_virus,0.15789473684210525,0.2710526315789473,0.2631578947368421,0.002631578947368421,0.0,0.2657894736842105,0.2657894736842105,0.26052631578947366,0.1131578947368421,0.010526315789473684,0.013157894736842105,0.12368421052631577,0.13684210526315788,0.10263157894736841,0.14210526315789473,0.12894736842105264
4,20261007,dinov2_cosine_1nn,multiclass,all_paired_probe,purple_blotch,0.25,0.25,0.25,0.0,0.0,0.25,0.25,0.25,0.0,0.0,0.0,0.0,0.0,0.0,0.25,0.25
4,20261007,dinov2_cosine_1nn,multiclass,all_paired_probe,stemphylium_colletotrichum_leaf_blight,0.42000000000000004,0.58,0.36,0.04,0.07,0.4,0.47000000000000003,0.32,0.06000000000000001,0.16,0.06000000000000001,0.22000000000000003,0.28,-0.1,0.18,0.19
4,20261007,dinov2_cosine_1nn,multiclass,selected_probe,all_classes,0.47245995423340964,0.48824942791762016,0.4693935926773456,0.0,0.0,0.4693935926773456,0.4693935926773456,0.4693935926773456,0.04760869565217391,0.050675057208237985,0.023958810068649885,0.09828375286041191,0.12224256292906177,-0.0030663615560640755,0.37110983981693363,0.34715102974828377
4,20261007,dinov2_cosine_1nn,multiclass,selected_probe,healthy,0.2782608695652174,0.2782608695652174,0.25652173913043474,0.0,0.0,0.25652173913043474,0.25652173913043474,0.25652173913043474,0.030434782608695653,0.05217391304347826,0.034782608695652174,0.08260869565217391,0.11739130434782608,-0.021739130434782608,0.1739130434782609,0.13913043478260873
4,20261007,dinov2_cosine_1nn,multiclass,selected_probe,iris_yellow_virus,0.33157894736842103,0.39473684210526316,0.42105263157894735,0.0,0.0,0.42105263157894735,0.42105263157894735,0.42105263157894735,0.1,0.010526315789473684,0.021052631578947368,0.11052631578947367,0.13157894736842105,0.0894736842105263,0.31052631578947365,0.28947368421052627
4,20261007,dinov2_cosine_1nn,multiclass,selected_probe,purple_blotch,0.5,0.5,0.5,0.0,0.0,0.5,0.5,0.5,0.0,0.0,0.0,0.0,0.0,0.0,0.5,0.5
4,20261007,dinov2_cosine_1nn,multiclass,selected_probe,stemphylium_colletotrichum_leaf_blight,0.78,0.78,0.7,0.0,0.0,0.7,0.7,0.7,0.06000000000000001,0.14,0.04,0.2,0.24,-0.08,0.5,0.4600000000000001
4,20261007,dinov2_cosine_1nn,multiclass,sentinel,all_classes,0.07546910755148742,0.1659725400457666,0.14175057208237987,0.06566361556064074,0.012013729977116704,0.20741418764302058,0.2194279176201373,0.07608695652173912,0.11578947368421053,0.11517162471395881,0.0,0.23096109839816936,0.23096109839816936,0.0006178489702517054,-0.023546910755148746,-0.011533180778032046
4,20261007,dinov2_cosine_1nn,multiclass,sentinel,healthy,0.02608695652173913,0.056521739130434775,0.021739130434782608,0.017391304347826087,0.021739130434782608,0.03913043478260869,0.06086956521739131,0.004347826086956522,0.0,0.021739130434782608,0.0,0.021739130434782608,0.021739130434782608,-0.021739130434782608,0.017391304347826087,0.03913043478260869
4,20261007,dinov2_cosine_1nn,multiclass,sentinel,iris_yellow_virus,0.015789473684210527,0.14736842105263157,0.10526315789473684,0.10526315789473684,0.02631578947368421,0.21052631578947367,0.23684210526315788,0.0,0.06315789473684211,0.07894736842105263,0.0,0.14210526315789473,0.14210526315789473,-0.015789473684210527,0.06842105263157894,0.09473684210526315
4,20261007,dinov2_cosine_1nn,multiclass,sentinel,purple_blotch,0.0,0.0,0.3,0.0,0.0,0.3,0.3,0.3,0.3,0.0,0.0,0.3,0.3,0.3,0.0,0.0
4,20261007,dinov2_cosine_1nn,multiclass,sentinel,stemphylium_colletotrichum_leaf_blight,0.26,0.45999999999999996,0.14,0.14,0.0,0.28,0.28,0.0,0.1,0.36,0.0,0.45999999999999996,0.45999999999999996,-0.26,-0.18000000000000002,-0.18000000000000002
4,20261007,dinov2_cosine_1nn,multiclass,unselected_paired_probe,all_classes,0.018661327231121284,0.1677116704805492,0.0454462242562929,0.037620137299771164,0.03826086956521739,0.08306636155606408,0.12132723112128145,0.007826086956521738,0.05201372997711671,0.06284897025171625,0.023489702517162474,0.11486270022883296,0.13835240274599542,-0.010835240274599544,-0.03179633867276888,-0.01702517162471396
4,20261007,dinov2_cosine_1nn,multiclass,unselected_paired_probe,healthy,0.030434782608695653,0.14347826086956522,0.056521739130434775,0.06521739130434782,0.013043478260869565,0.12173913043478261,0.13478260869565217,-0.008695652173913044,0.021739130434782608,0.06086956521739131,0.008695652173913044,0.08260869565217391,0.09130434782608696,-0.03913043478260869,0.03913043478260869,0.043478260869565216
4,20261007,dinov2_cosine_1nn,multiclass,unselected_paired_probe,iris_yellow_virus,-0.015789473684210527,0.14736842105263157,0.10526315789473684,0.005263157894736842,0.0,0.11052631578947367,0.11052631578947367,0.1,0.12631578947368421,0.010526315789473684,0.005263157894736842,0.13684210526315788,0.14210526315789473,0.11578947368421053,-0.02631578947368421,-0.031578947368421054
4,20261007,dinov2_cosine_1nn,multiclass,unselected_paired_probe,purple_blotch,0.0,0.0,0.0,0.0,0.0,0.0,0.0,0.0,0.0,0.0,0.0,0.0,0.0,0.0,0.0,0.0
4,20261007,dinov2_cosine_1nn,multiclass,unselected_paired_probe,stemphylium_colletotrichum_leaf_blight,0.06000000000000001,0.38,0.02,0.08,0.14,0.1,0.24000000000000005,-0.06000000000000001,0.06000000000000001,0.18,0.08,0.24000000000000005,0.32,-0.12000000000000002,-0.14,-0.08
4,20261007,dinov2_logit,multiclass,all_paired_probe,all_classes,0.08382723112128146,0.18249427917620137,0.10697940503432495,0.07339244851258582,0.051315789473684204,0.18037185354691074,0.23168764302059497,0.03358695652173913,0.05835240274599542,0.10859267734553775,0.10875286041189931,0.16694508009153317,0.2756979405034325,-0.050240274599542334,0.013426773455377575,-0.04401029748283754
4,20261007,dinov2_logit,multiclass,all_paired_probe,healthy,0.034782608695652174,0.08260869565217391,0.06739130434782609,0.013043478260869565,0.0,0.08043478260869566,0.08043478260869566,0.05434782608695652,0.041304347826086954,0.021739130434782608,0.008695652173913044,0.06304347826086956,0.07173913043478261,0.019565217391304346,0.017391304347826087,0.008695652173913044
4,20261007,dinov2_logit,multiclass,all_paired_probe,iris_yellow_virus,0.060526315789473685,0.14736842105263157,0.11052631578947367,0.010526315789473684,0.005263157894736842,0.12105263157894737,0.12631578947368421,0.1,0.09210526315789473,0.05263157894736842,0.02631578947368421,0.14473684210526314,0.17105263157894737,0.039473684210526314,-0.023684210526315787,-0.04473684210526315
4,20261007,dinov2_logit,multiclass,all_paired_probe,purple_blotch,0.2,0.4,0.25,0.2,0.2,0.45,0.65,0.05,0.1,0.25,0.4,0.35,0.75,-0.15,0.1,-0.1
4,20261007,dinov2_logit,multiclass,all_paired_probe,stemphylium_colletotrichum_leaf_blight,0.04,0.1,0.0,0.07,0.0,0.07,0.07,-0.07,0.0,0.11000000000000001,0.0,0.11000000000000001,0.11000000000000001,-0.11000000000000001,-0.04,-0.04
4,20261007,dinov2_logit,multiclass,selected_probe,all_classes,0.19532036613272313,0.20229977116704806,0.19342105263157894,0.0010869565217391304,0.0,0.19450800915331806,0.19450800915331806,0.1923340961098398,0.03192219679633867,0.03490846681922197,0.13375286041189932,0.06683066361556064,0.20058352402745996,-0.0029862700228832973,0.12767734553775742,-0.006075514874141879
4,20261007,dinov2_logit,multiclass,selected_probe,healthy,0.07391304347826086,0.09130434782608696,0.1,0.004347826086956522,0.0,0.10434782608695652,0.10434782608695652,0.09565217391304348,0.043478260869565216,0.021739130434782608,0.008695652173913044,0.06521739130434782,0.07391304347826086,0.021739130434782608,0.03913043478260869,0.030434782608695653
4,20261007,dinov2_logit,multiclass,selected_probe,iris_yellow_virus,0.14736842105263157,0.15789473684210525,0.17368421052631577,0.0,0.0,0.17368421052631577,0.17368421052631577,0.17368421052631577,0.08421052631578947,0.05789473684210526,0.02631578947368421,0.14210526315789473,0.16842105263157894,0.02631578947368421,0.031578947368421054,0.005263157894736842
4,20261007,dinov2_logit,multiclass,selected_probe,purple_blotch,0.5,0.5,0.5,0.0,0.0,0.5,0.5,0.5,0.0,0.0,0.5,0.0,0.5,0.0,0.5,0.0
4,20261007,dinov2_logit,multiclass,selected_probe,stemphylium_colletotrichum_leaf_blight,0.06000000000000001,0.06000000000000001,0.0,0.0,0.0,0.0,0.0,0.0,0.0,0.06000000000000001,0.0,0.06000000000000001,0.06000000000000001,-0.06000000000000001,-0.06000000000000001,-0.06000000000000001
4,20261007,dinov2_logit,multiclass,sentinel,all_classes,-0.014668192219679632,0.05058352402745995,0.02070938215102975,0.019210526315789473,0.0010869565217391304,0.03991990846681922,0.04100686498855835,0.0014988558352402738,0.02551487414187643,0.009347826086956522,0.0,0.034862700228832956,0.034862700228832956,0.01616704805491991,0.00505720823798627,0.0061441647597254
4,20261007,dinov2_logit,multiclass,sentinel,healthy,0.008695652173913044,0.07391304347826086,0.056521739130434775,0.0,0.004347826086956522,0.056521739130434775,0.06086956521739131,0.056521739130434775,0.06521739130434782,0.017391304347826087,0.0,0.08260869565217391,0.08260869565217391,0.04782608695652174,-0.02608695652173913,-0.021739130434782608
4,20261007,dinov2_logit,multiclass,sentinel,iris_yellow_virus,-0.047368421052631574,0.06842105263157894,0.02631578947368421,0.03684210526315789,0.0,0.06315789473684211,0.06315789473684211,-0.010526315789473684,0.03684210526315789,0.0,0.0,0.03684210526315789,0.03684210526315789,0.03684210526315789,0.02631578947368421,0.02631578947368421
4,20261007,dinov2_logit,multiclass,sentinel,purple_blotch,0.0,0.0,0.0,0.0,0.0,0.0,0.0,0.0,0.0,0.0,0.0,0.0,0.0,0.0,0.0,0.0
4,20261007,dinov2_logit,multiclass,sentinel,stemphylium_colletotrichum_leaf_blight,-0.02,0.06000000000000001,0.0,0.04,0.0,0.04,0.04,-0.04,0.0,0.02,0.0,0.02,0.02,-0.02,0.02,0.02
4,20261007,dinov2_logit,multiclass,unselected_paired_probe,all_classes,-0.02766590389016018,0.16268878718535468,0.020537757437070935,0.1456979405034325,0.10263157894736841,0.16623569794050344,0.2688672768878718,-0.12516018306636156,0.08478260869565218,0.18227688787185353,0.0837528604118993,0.2670594965675057,0.350812356979405,-0.09749427917620138,-0.10082379862700228,-0.08194508009153316
4,20261007,dinov2_logit,multiclass,unselected_paired_probe,healthy,-0.004347826086956522,0.07391304347826086,0.034782608695652174,0.021739130434782608,0.0,0.056521739130434775,0.056521739130434775,0.013043478260869565,0.03913043478260869,0.021739130434782608,0.008695652173913044,0.06086956521739131,0.06956521739130435,0.017391304347826087,-0.004347826086956522,-0.013043478260869565
4,20261007,dinov2_logit,multiclass,unselected_paired_probe,iris_yellow_virus,-0.02631578947368421,0.13684210526315788,0.047368421052631574,0.021052631578947368,0.010526315789473684,0.06842105263157894,0.07894736842105263,0.02631578947368421,0.1,0.047368421052631574,0.02631578947368421,0.14736842105263157,0.17368421052631577,0.05263157894736842,-0.07894736842105263,-0.09473684210526315
4,20261007,dinov2_logit,multiclass,unselected_paired_probe,purple_blotch,-0.1,0.3,0.0,0.4,0.4,0.4,0.8,-0.4,0.2,0.5,0.3,0.7,1.0,-0.3,-0.3,-0.2
4,20261007,dinov2_logit,multiclass,unselected_paired_probe,stemphylium_colletotrichum_leaf_blight,0.02,0.14,0.0,0.14,0.0,0.14,0.14,-0.14,0.0,0.16,0.0,0.16,0.16,-0.16,-0.02,-0.02
5,20261008,dinov2_cosine_1nn,multiclass,all_paired_probe,all_classes,0.2361670480549199,0.3311613272311213,0.2795480549199085,0.037008009153318075,0.01881578947368421,0.31655606407322656,0.33537185354691074,0.2425400457665904,0.038901601830663615,0.03252860411899313,0.04826086956521739,0.07143020594965675,0.11969107551487415,0.00637299771167048,0.2451258581235698,0.21568077803203659
5,20261008,dinov2_cosine_1nn,multiclass,all_paired_probe,healthy,0.09782608695652174,0.13043478260869565,0.12608695652173912,0.004347826086956522,0.0,0.13043478260869565,0.13043478260869565,0.12173913043478261,0.06086956521739131,0.03695652173913043,0.013043478260869565,0.09782608695652174,0.1108695652173913,0.02391304347826087,0.03260869565217392,0.019565217391304353
5,20261008,dinov2_cosine_1nn,multiclass,all_paired_probe,iris_yellow_virus,0.13684210526315788,0.28421052631578947,0.19210526315789472,0.07368421052631578,0.005263157894736842,0.2657894736842105,0.2710526315789473,0.11842105263157894,0.04473684210526315,0.06315789473684211,0.05,0.10789473684210527,0.15789473684210525,-0.018421052631578946,0.15789473684210525,0.1131578947368421
5,20261008,dinov2_cosine_1nn,multiclass,all_paired_probe,purple_blotch,0.5,0.5,0.5,0.0,0.0,0.5,0.5,0.5,0.0,0.0,0.0,0.0,0.0,0.0,0.5,0.5
5,20261008,dinov2_cosine_1nn,multiclass,all_paired_probe,stemphylium_colletotrichum_leaf_blight,0.21000000000000002,0.41,0.3,0.07,0.07,0.37,0.44000000000000006,0.22999999999999998,0.05,0.030000000000000006,0.13,0.08,0.21000000000000002,0.02,0.29,0.22999999999999998
5,20261008,dinov2_cosine_1nn,multiclass,selected_probe,all_classes,0.5191418764302059,0.5296681922196796,0.5278604118993135,0.006578947368421052,0.0,0.5344393592677346,0.5344393592677346,0.5212814645308924,0.03856979405034325,0.03643020594965675,0.05596109839816934,0.075,0.13096109839816933,0.0021395881006864995,0.45943935926773455,0.4034782608695653
5,20261008,dinov2_cosine_1nn,multiclass,selected_probe,healthy,0.19130434782608696,0.19130434782608696,0.1956521739130435,0.0,0.0,0.1956521739130435,0.1956521739130435,0.1956521739130435,0.05217391304347826,0.04782608695652174,0.021739130434782608,0.1,0.1217391304347826,0.004347826086956522,0.09565217391304348,0.07391304347826086
5,20261008,dinov2_cosine_1nn,multiclass,selected_probe,iris_yellow_virus,0.3052631578947368,0.34736842105263155,0.3157894736842105,0.02631578947368421,0.0,0.34210526315789475,0.34210526315789475,0.28947368421052627,0.042105263157894736,0.05789473684210526,0.042105263157894736,0.1,0.14210526315789473,-0.015789473684210527,0.24210526315789474,0.2
5,20261008,dinov2_cosine_1nn,multiclass,selected_probe,purple_blotch,1.0,1.0,1.0,0.0,0.0,1.0,1.0,1.0,0.0,0.0,0.0,0.0,0.0,0.0,1.0,1.0
5,20261008,dinov2_cosine_1nn,multiclass,selected_probe,stemphylium_colletotrichum_leaf_blight,0.58,0.58,0.6,0.0,0.0,0.6,0.6,0.6,0.06000000000000001,0.04,0.16,0.1,0.26,0.02,0.5,0.33999999999999997
5,20261008,dinov2_cosine_1nn,multiclass,sentinel,all_classes,-0.005148741418764294,0.3515102974828375,0.14187643020594964,0.016132723112128145,0.027631578947368424,0.1580091533180778,0.18564073226544622,0.12574370709382152,0.16687643020594964,0.035983981693363844,0.045,0.2028604118993135,0.24786041189931352,0.1308924485125858,-0.044851258581235696,-0.06221967963386728
5,20261008,dinov2_cosine_1nn,multiclass,sentinel,healthy,0.04782608695652174,0.09130434782608696,0.004347826086956522,0.043478260869565216,0.0,0.04782608695652174,0.04782608695652174,-0.03913043478260869,0.004347826086956522,0.09130434782608696,0.0,0.09565217391304348,0.09565217391304348,-0.08695652173913043,-0.04782608695652174,-0.04782608695652174
5,20261008,dinov2_cosine_1nn,multiclass,sentinel,iris_yellow_virus,0.031578947368421054,0.09473684210526315,0.06315789473684211,0.021052631578947368,0.010526315789473684,0.08421052631578947,0.09473684210526315,0.042105263157894736,0.06315789473684211,0.05263157894736842,0.0,0.11578947368421053,0.11578947368421053,0.010526315789473684,-0.031578947368421054,-0.021052631578947368
5,20261008,dinov2_cosine_1nn,multiclass,sentinel,purple_blotch,0.0,1.0,0.5,0.0,0.0,0.5,0.5,0.5,0.5,0.0,0.0,0.5,0.5,0.5,0.0,0.0
5,20261008,dinov2_cosine_1nn,multiclass,sentinel,stemphylium_colletotrichum_leaf_blight,-0.1,0.22000000000000003,0.0,0.0,0.1,0.0,0.1,0.0,0.1,0.0,0.18,0.1,0.27999999999999997,0.1,-0.1,-0.18
5,20261008,dinov2_cosine_1nn,multiclass,unselected_paired_probe,all_classes,-0.04680778032036613,0.13265446224256291,0.031235697940503432,0.06743707093821509,0.03763157894736842,0.09867276887871854,0.13630434782608697,-0.03620137299771167,0.03923340961098398,0.02862700228832952,0.040560640732265445,0.0678604118993135,0.10842105263157895,0.010606407322654462,0.030812356979405035,0.027883295194508013
5,20261008,dinov2_cosine_1nn,multiclass,unselected_paired_probe,healthy,0.004347826086956522,0.06956521739130435,0.056521739130434775,0.008695652173913044,0.0,0.06521739130434782,0.06521739130434782,0.04782608695652174,0.06956521739130435,0.02608695652173913,0.004347826086956522,0.09565217391304348,0.1,0.043478260869565216,-0.030434782608695653,-0.034782608695652174
5,20261008,dinov2_cosine_1nn,multiclass,unselected_paired_probe,iris_yellow_virus,-0.031578947368421054,0.22105263157894733,0.06842105263157894,0.12105263157894737,0.010526315789473684,0.1894736842105263,0.2,-0.05263157894736842,0.047368421052631574,0.06842105263157894,0.05789473684210526,0.11578947368421053,0.17368421052631577,-0.021052631578947368,0.07368421052631578,0.02631578947368421
5,20261008,dinov2_cosine_1nn,multiclass,unselected_paired_probe,purple_blotch,0.0,0.0,0.0,0.0,0.0,0.0,0.0,0.0,0.0,0.0,0.0,0.0,0.0,0.0,0.0,0.0
5,20261008,dinov2_cosine_1nn,multiclass,unselected_paired_probe,stemphylium_colletotrichum_leaf_blight,-0.16,0.24,0.0,0.14,0.14,0.14,0.27999999999999997,-0.14,0.04,0.02,0.1,0.06000000000000001,0.16,0.02,0.08,0.12
5,20261008,dinov2_logit,multiclass,all_paired_probe,all_classes,0.20678489702517164,0.26083524027459953,0.26092677345537757,0.008209382151029749,0.025543478260869567,0.2691361556064073,0.2946796338672769,0.2527173913043478,0.06386727688787185,0.017934782608695653,0.0025,0.0818020594965675,0.08430205949656751,0.04593249427917621,0.1873340961098398,0.2103775743707094
5,20261008,dinov2_logit,multiclass,all_paired_probe,healthy,0.02608695652173913,0.03913043478260869,0.017391304347826087,0.006521739130434782,0.002173913043478261,0.02391304347826087,0.02608695652173913,0.010869565217391304,0.006521739130434782,0.021739130434782608,0.0,0.028260869565217388,0.028260869565217388,-0.015217391304347827,-0.004347826086956522,-0.002173913043478261
5,20261008,dinov2_logit,multiclass,all_paired_probe,iris_yellow_virus,0.021052631578947368,0.08421052631578947,0.02631578947368421,0.02631578947368421,0.0,0.05263157894736842,0.05263157894736842,0.0,0.02894736842105263,0.05,0.0,0.07894736842105263,0.07894736842105263,-0.021052631578947368,-0.02631578947368421,-0.02631578947368421
5,20261008,dinov2_logit,multiclass,all_paired_probe,purple_blotch,0.6,0.7,0.75,0.0,0.1,0.75,0.85,0.75,0.15,0.0,0.0,0.15,0.15,0.15,0.6,0.7
5,20261008,dinov2_logit,multiclass,all_paired_probe,stemphylium_colletotrichum_leaf_blight,0.18,0.22000000000000003,0.25,0.0,0.0,0.25,0.25,0.25,0.07,0.0,0.01,0.07,0.08,0.07,0.18,0.17
5,20261008,dinov2_logit,multiclass,selected_probe,all_classes,0.35030892448512585,0.36609839816933637,0.3522768878718535,0.003947368421052632,0.0,0.35622425629290616,0.35622425629290616,0.34832951945080093,0.013981693363844394,0.015961098398169334,0.005,0.029942791762013733,0.03494279176201373,-0.0019794050343249422,0.3262814645308924,0.32128146453089246
5,20261008,dinov2_logit,multiclass,selected_probe,healthy,0.03913043478260869,0.03913043478260869,0.021739130434782608,0.0,0.0,0.021739130434782608,0.021739130434782608,0.021739130434782608,0.004347826086956522,0.021739130434782608,0.0,0.02608695652173913,0.02608695652173913,-0.017391304347826087,-0.004347826086956522,-0.004347826086956522
5,20261008,dinov2_logit,multiclass,selected_probe,iris_yellow_virus,0.042105263157894736,0.10526315789473684,0.047368421052631574,0.015789473684210527,0.0,0.06315789473684211,0.06315789473684211,0.031578947368421054,0.031578947368421054,0.042105263157894736,0.0,0.07368421052631578,0.07368421052631578,-0.010526315789473684,-0.010526315789473684,-0.010526315789473684
5,20261008,dinov2_logit,multiclass,selected_probe,purple_blotch,1.0,1.0,1.0,0.0,0.0,1.0,1.0,1.0,0.0,0.0,0.0,0.0,0.0,0.0,1.0,1.0
5,20261008,dinov2_logit,multiclass,selected_probe,stemphylium_colletotrichum_leaf_blight,0.32,0.32,0.34,0.0,0.0,0.34,0.34,0.34,0.02,0.0,0.02,0.02,0.04,0.02,0.32,0.3
5,20261008,dinov2_logit,multiclass,sentinel,all_classes,0.007471395881006863,0.08215102974828375,0.035343249427917625,0.0405720823798627,0.030000000000000006,0.07591533180778032,0.10591533180778032,-0.005228832951945081,0.025080091533180776,0.03778032036613273,0.02,0.0628604118993135,0.08286041189931351,-0.012700228832951943,0.013054919908466819,0.023054919908466823
5,20261008,dinov2_logit,multiclass,sentinel,healthy,0.013043478260869565,0.03913043478260869,0.043478260869565216,0.03913043478260869,0.0,0.08260869565217391,0.08260869565217391,0.004347826086956522,0.043478260869565216,0.05217391304347826,0.0,0.09565217391304348,0.09565217391304348,-0.008695652173913044,-0.013043478260869565,-0.013043478260869565
5,20261008,dinov2_logit,multiclass,sentinel,iris_yellow_virus,0.03684210526315789,0.0894736842105263,0.05789473684210526,0.06315789473684211,0.0,0.12105263157894737,0.12105263157894737,-0.005263157894736842,0.03684210526315789,0.07894736842105263,0.0,0.11578947368421053,0.11578947368421053,-0.042105263157894736,0.005263157894736842,0.005263157894736842
5,20261008,dinov2_logit,multiclass,sentinel,purple_blotch,0.0,0.0,0.0,0.0,0.0,0.0,0.0,0.0,0.0,0.0,0.0,0.0,0.0,0.0,0.0,0.0
5,20261008,dinov2_logit,multiclass,sentinel,stemphylium_colletotrichum_leaf_blight,-0.02,0.2,0.04,0.06000000000000001,0.12000000000000002,0.1,0.22000000000000003,-0.02,0.02,0.02,0.08,0.04,0.12000000000000002,0.0,0.06000000000000001,0.1
5,20261008,dinov2_logit,multiclass,unselected_paired_probe,all_classes,0.0632608695652174,0.1555720823798627,0.1695766590389016,0.012471395881006864,0.051086956521739134,0.18204805491990847,0.23313501144164758,0.15710526315789472,0.11375286041189932,0.019908466819221968,0.0,0.13366132723112129,0.13366132723112129,0.09384439359267735,0.04838672768878719,0.09947368421052631
5,20261008,dinov2_logit,multiclass,unselected_paired_probe,healthy,0.013043478260869565,0.03913043478260869,0.013043478260869565,0.013043478260869565,0.004347826086956522,0.02608695652173913,0.030434782608695653,0.0,0.008695652173913044,0.021739130434782608,0.0,0.030434782608695653,0.030434782608695653,-0.013043478260869565,-0.004347826086956522,0.0
5,20261008,dinov2_logit,multiclass,unselected_paired_probe,iris_yellow_virus,0.0,0.06315789473684211,0.005263157894736842,0.03684210526315789,0.0,0.042105263157894736,0.042105263157894736,-0.031578947368421054,0.02631578947368421,0.05789473684210526,0.0,0.08421052631578947,0.08421052631578947,-0.031578947368421054,-0.042105263157894736,-0.042105263157894736
5,20261008,dinov2_logit,multiclass,unselected_paired_probe,purple_blotch,0.2,0.4,0.5,0.0,0.2,0.5,0.7,0.5,0.3,0.0,0.0,0.3,0.3,0.3,0.2,0.4
5,20261008,dinov2_logit,multiclass,unselected_paired_probe,stemphylium_colletotrichum_leaf_blight,0.04,0.12000000000000002,0.16,0.0,0.0,0.16,0.16,0.16,0.12000000000000002,0.0,0.0,0.12000000000000002,0.12000000000000002,0.12000000000000002,0.04,0.04
6,20261009,dinov2_cosine_1nn,multiclass,all_paired_probe,all_classes,0.24940503432494282,0.34143020594965673,0.23389016018306635,0.07946796338672768,0.05176201372997711,0.3133581235697941,0.36512013729977116,0.15442219679633867,0.02911899313501144,0.12410183066361555,0.0545766590389016,0.153220823798627,0.20779748283752858,-0.09498283752860412,0.16013729977116703,0.15732265446224256
6,20261009,dinov2_cosine_1nn,multiclass,all_paired_probe,healthy,0.14130434782608697,0.19782608695652174,0.17608695652173914,0.03260869565217391,0.006521739130434782,0.20869565217391303,0.21521739130434786,0.14347826086956522,0.07173913043478261,0.06956521739130435,0.013043478260869565,0.14130434782608697,0.15434782608695652,0.002173913043478261,0.06739130434782609,0.06086956521739131
6,20261009,dinov2_cosine_1nn,multiclass,all_paired_probe,iris_yellow_virus,0.2263157894736842,0.2578947368421053,0.23947368421052634,0.005263157894736842,0.010526315789473684,0.24473684210526314,0.2552631578947368,0.23421052631578948,0.04473684210526315,0.03684210526315789,0.005263157894736842,0.08157894736842106,0.08684210526315789,0.007894736842105263,0.1631578947368421,0.16842105263157894
6,20261009,dinov2_cosine_1nn,multiclass,all_paired_probe,purple_blotch,0.35,0.55,0.25,0.25,0.15,0.5,0.65,0.0,0.0,0.35,0.15,0.35,0.5,-0.35,0.15,0.15
6,20261009,dinov2_cosine_1nn,multiclass,all_paired_probe,stemphylium_colletotrichum_leaf_blight,0.27999999999999997,0.36,0.27,0.030000000000000006,0.04,0.3,0.33999999999999997,0.24,0.0,0.04,0.05,0.04,0.09,-0.04,0.26,0.25
6,20261009,dinov2_cosine_1nn,multiclass,selected_probe,all_classes,0.4690961098398169,0.4756178489702517,0.4139016018306636,0.0,0.0,0.4139016018306636,0.4139016018306636,0.4139016018306636,0.03272311212814645,0.08791762013729978,0.07326086956521739,0.12064073226544622,0.1939016018306636,-0.05519450800915332,0.2932608695652174,0.22000000000000003
6,20261009,dinov2_cosine_1nn,multiclass,selected_probe,healthy,0.25217391304347825,0.2782608695652174,0.2608695652173913,0.0,0.0,0.2608695652173913,0.2608695652173913,0.2608695652173913,0.07826086956521738,0.06956521739130435,0.013043478260869565,0.14782608695652172,0.16086956521739132,0.008695652173913044,0.11304347826086958,0.1
6,20261009,dinov2_cosine_1nn,multiclass,selected_probe,iris_yellow_virus,0.38421052631578945,0.38421052631578945,0.39473684210526316,0.0,0.0,0.39473684210526316,0.39473684210526316,0.39473684210526316,0.05263157894736842,0.042105263157894736,0.0,0.09473684210526315,0.09473684210526315,0.010526315789473684,0.3,0.3
6,20261009,dinov2_cosine_1nn,multiclass,selected_probe,purple_blotch,0.7,0.7,0.5,0.0,0.0,0.5,0.5,0.5,0.0,0.2,0.2,0.2,0.4,-0.2,0.3,0.1
6,20261009,dinov2_cosine_1nn,multiclass,selected_probe,stemphylium_colletotrichum_leaf_blight,0.54,0.54,0.5,0.0,0.0,0.5,0.5,0.5,0.0,0.04,0.08,0.04,0.12000000000000002,-0.04,0.45999999999999996,0.38
6,20261009,dinov2_cosine_1nn,multiclass,sentinel,all_classes,-0.010240274599542335,0.07110983981693364,0.020938215102974826,0.09736842105263158,0.015903890160183065,0.1183066361556064,0.13421052631578947,-0.07643020594965674,0.026830663615560642,0.09302059496567507,0.0072082379862700215,0.11985125858123569,0.12705949656750573,-0.06618993135011442,-0.0015446224256292918,0.007151029748283752
6,20261009,dinov2_cosine_1nn,multiclass,sentinel,healthy,-0.030434782608695653,0.17391304347826086,0.05217391304347826,0.1,0.04782608695652174,0.15217391304347824,0.2,-0.04782608695652174,0.06521739130434782,0.08260869565217391,0.013043478260869565,0.14782608695652172,0.16086956521739132,-0.017391304347826087,0.004347826086956522,0.03913043478260869
6,20261009,dinov2_cosine_1nn,multiclass,sentinel,iris_yellow_virus,-0.010526315789473684,0.11052631578947367,0.031578947368421054,0.0894736842105263,0.015789473684210527,0.12105263157894737,0.13684210526315788,-0.05789473684210526,0.042105263157894736,0.0894736842105263,0.015789473684210527,0.13157894736842105,0.14736842105263157,-0.047368421052631574,-0.010526315789473684,-0.010526315789473684
6,20261009,dinov2_cosine_1nn,multiclass,sentinel,purple_blotch,0.0,0.0,0.0,0.0,0.0,0.0,0.0,0.0,0.0,0.0,0.0,0.0,0.0,0.0,0.0,0.0
6,20261009,dinov2_cosine_1nn,multiclass,sentinel,stemphylium_colletotrichum_leaf_blight,0.0,0.0,0.0,0.2,0.0,0.2,0.2,-0.2,0.0,0.2,0.0,0.2,0.2,-0.2,0.0,0.0
6,20261009,dinov2_cosine_1nn,multiclass,unselected_paired_probe,all_classes,0.029713958810068653,0.2072425629290618,0.053878718535469106,0.15893592677345536,0.10352402745995422,0.2128146453089245,0.3163386727688787,-0.10505720823798628,0.02551487414187643,0.16028604118993134,0.035892448512585814,0.1858009153318078,0.2216933638443936,-0.13477116704805492,0.027013729977116707,0.09464530892448512
6,20261009,dinov2_cosine_1nn,multiclass,unselected_paired_probe,healthy,0.030434782608695653,0.11739130434782608,0.09130434782608696,0.06521739130434782,0.013043478260869565,0.15652173913043477,0.16956521739130434,0.02608695652173913,0.06521739130434782,0.06956521739130435,0.013043478260869565,0.13478260869565217,0.14782608695652172,-0.004347826086956522,0.021739130434782608,0.021739130434782608
6,20261009,dinov2_cosine_1nn,multiclass,unselected_paired_probe,iris_yellow_virus,0.06842105263157894,0.13157894736842105,0.08421052631578947,0.010526315789473684,0.021052631578947368,0.09473684210526315,0.11578947368421053,0.07368421052631578,0.03684210526315789,0.031578947368421054,0.010526315789473684,0.06842105263157894,0.07894736842105263,0.005263157894736842,0.02631578947368421,0.03684210526315789
6,20261009,dinov2_cosine_1nn,multiclass,unselected_paired_probe,purple_blotch,0.0,0.4,0.0,0.5,0.3,0.5,0.8,-0.5,0.0,0.5,0.1,0.5,0.6,-0.5,0.0,0.2
6,20261009,dinov2_cosine_1nn,multiclass,unselected_paired_probe,stemphylium_colletotrichum_leaf_blight,0.02,0.18,0.04,0.06000000000000001,0.08,0.1,0.18,-0.02,0.0,0.04,0.02,0.04,0.06000000000000001,-0.04,0.06000000000000001,0.12
6,20261009,dinov2_logit,multiclass,all_paired_probe,all_classes,0.16407322654462242,0.2612128146453089,0.17259725400457665,0.009067505720823798,0.06533180778032036,0.18166475972540047,0.2469965675057208,0.16352974828375286,0.021310068649885584,0.021853546910755146,0.02608695652173913,0.04316361556064073,0.06925057208237986,-0.0005434782608695652,0.13850114416475973,0.17774599542334096
6,20261009,dinov2_logit,multiclass,all_paired_probe,healthy,0.03260869565217391,0.08695652173913043,0.04565217391304348,0.015217391304347827,0.008695652173913044,0.06086956521739131,0.06956521739130435,0.030434782608695653,0.03260869565217391,0.034782608695652174,0.004347826086956522,0.06739130434782609,0.07173913043478261,-0.002173913043478261,-0.006521739130434782,-0.002173913043478261
6,20261009,dinov2_logit,multiclass,all_paired_probe,iris_yellow_virus,0.023684210526315787,0.10789473684210527,0.04473684210526315,0.021052631578947368,0.002631578947368421,0.06578947368421052,0.06842105263157894,0.023684210526315787,0.05263157894736842,0.05263157894736842,0.0,0.10526315789473684,0.10526315789473684,0.0,-0.039473684210526314,-0.03684210526315789
6,20261009,dinov2_logit,multiclass,all_paired_probe,purple_blotch,0.55,0.8,0.55,0.0,0.25,0.55,0.8,0.55,0.0,0.0,0.1,0.0,0.1,0.0,0.55,0.7
6,20261009,dinov2_logit,multiclass,all_paired_probe,stemphylium_colletotrichum_leaf_blight,0.05,0.05,0.05,0.0,0.0,0.05,0.05,0.05,0.0,0.0,0.0,0.0,0.0,0.0,0.05,0.05
6,20261009,dinov2_logit,multiclass,selected_probe,all_classes,0.3116704805491991,0.32173913043478264,0.30446224256292903,0.0,0.0,0.30446224256292903,0.30446224256292903,0.30446224256292903,0.01704805491990847,0.02425629290617849,0.05,0.041304347826086954,0.09130434782608696,-0.0072082379862700215,0.2631578947368421,0.21315789473684207
6,20261009,dinov2_logit,multiclass,selected_probe,healthy,0.07826086956521738,0.08695652173913043,0.06521739130434782,0.0,0.0,0.06521739130434782,0.06521739130434782,0.06521739130434782,0.02608695652173913,0.03913043478260869,0.0,0.06521739130434782,0.06521739130434782,-0.013043478260869565,0.0,0.0
6,20261009,dinov2_logit,multiclass,selected_probe,iris_yellow_virus,0.06842105263157894,0.1,0.05263157894736842,0.0,0.0,0.05263157894736842,0.05263157894736842,0.05263157894736842,0.042105263157894736,0.05789473684210526,0.0,0.1,0.1,-0.015789473684210527,-0.047368421052631574,-0.047368421052631574
6,20261009,dinov2_logit,multiclass,selected_probe,purple_blotch,1.0,1.0,1.0,0.0,0.0,1.0,1.0,1.0,0.0,0.0,0.2,0.0,0.2,0.0,1.0,0.8
6,20261009,dinov2_logit,multiclass,selected_probe,stemphylium_colletotrichum_leaf_blight,0.1,0.1,0.1,0.0,0.0,0.1,0.1,0.1,0.0,0.0,0.0,0.0,0.0,0.0,0.1,0.1
6,20261009,dinov2_logit,multiclass,sentinel,all_classes,0.019038901601830662,0.07346681922196796,0.03342105263157895,0.008695652173913044,0.02,0.04211670480549199,0.062116704805491994,0.024725400457665907,0.014210526315789474,0.008524027459954234,0.002631578947368421,0.022734553775743706,0.02536613272311213,0.00568649885583524,0.01938215102974828,0.03675057208237987
6,20261009,dinov2_logit,multiclass,sentinel,healthy,-0.021739130434782608,0.03913043478260869,0.0,0.034782608695652174,0.0,0.034782608695652174,0.034782608695652174,-0.034782608695652174,0.0,0.013043478260869565,0.0,0.013043478260869565,0.013043478260869565,-0.013043478260869565,0.021739130434782608,0.021739130434782608
6,20261009,dinov2_logit,multiclass,sentinel,iris_yellow_virus,0.05789473684210526,0.09473684210526315,0.07368421052631578,0.0,0.0,0.07368421052631578,0.07368421052631578,0.07368421052631578,0.03684210526315789,0.021052631578947368,0.010526315789473684,0.05789473684210526,0.06842105263157894,0.015789473684210527,0.015789473684210527,0.005263157894736842
6,20261009,dinov2_logit,multiclass,sentinel,purple_blotch,0.0,0.0,0.0,0.0,0.0,0.0,0.0,0.0,0.0,0.0,0.0,0.0,0.0,0.0,0.0,0.0
6,20261009,dinov2_logit,multiclass,sentinel,stemphylium_colletotrichum_leaf_blight,0.04,0.16,0.06000000000000001,0.0,0.08,0.06000000000000001,0.14,0.06000000000000001,0.02,0.0,0.0,0.02,0.02,0.02,0.04,0.12000000000000002
6,20261009,dinov2_logit,multiclass,unselected_paired_probe,all_classes,0.01647597254004577,0.20068649885583523,0.040732265446224256,0.018135011441647596,0.1306636155606407,0.058867276887871856,0.18953089244851257,0.02259725400457666,0.0255720823798627,0.019450800915331808,0.002173913043478261,0.04502288329519451,0.04719679633867277,0.006121281464530892,0.013844393592677343,0.14233409610983982
6,20261009,dinov2_logit,multiclass,unselected_paired_probe,healthy,-0.013043478260869565,0.08695652173913043,0.02608695652173913,0.030434782608695653,0.017391304347826087,0.056521739130434775,0.07391304347826086,-0.004347826086956522,0.03913043478260869,0.030434782608695653,0.008695652173913044,0.06956521739130435,0.07826086956521738,0.008695652173913044,-0.013043478260869565,-0.004347826086956522
6,20261009,dinov2_logit,multiclass,unselected_paired_probe,iris_yellow_virus,-0.021052631578947368,0.11578947368421053,0.03684210526315789,0.042105263157894736,0.005263157894736842,0.07894736842105263,0.08421052631578947,-0.005263157894736842,0.06315789473684211,0.047368421052631574,0.0,0.11052631578947367,0.11052631578947367,0.015789473684210527,-0.031578947368421054,-0.02631578947368421
6,20261009,dinov2_logit,multiclass,unselected_paired_probe,purple_blotch,0.1,0.6,0.1,0.0,0.5,0.1,0.6,0.1,0.0,0.0,0.0,0.0,0.0,0.0,0.1,0.6
6,20261009,dinov2_logit,multiclass,unselected_paired_probe,stemphylium_colletotrichum_leaf_blight,0.0,0.0,0.0,0.0,0.0,0.0,0.0,0.0,0.0,0.0,0.0,0.0,0.0,0.0,0.0,0.0
7,20261010,dinov2_cosine_1nn,multiclass,all_paired_probe,all_classes,0.2250114416475973,0.35684782608695653,0.20589244851258584,0.052900457665903886,0.01962242562929062,0.2587929061784897,0.27841533180778033,0.1529919908466819,0.06139588100686498,0.1334153318077803,0.08561212814645308,0.1948112128146453,0.2804233409610984,-0.07201945080091533,0.0639816933638444,-0.002008009153318066
7,20261010,dinov2_cosine_1nn,multiclass,all_paired_probe,healthy,0.18478260869565216,0.21739130434782608,0.11304347826086955,0.017391304347826087,0.002173913043478261,0.13043478260869565,0.1326086956521739,0.09565217391304348,0.043478260869565216,0.1326086956521739,0.010869565217391304,0.17608695652173914,0.18695652173913044,-0.0891304347826087,-0.04565217391304348,-0.05434782608695653
7,20261010,dinov2_cosine_1nn,multiclass,all_paired_probe,iris_yellow_virus,0.15526315789473683,0.3,0.31052631578947365,0.03421052631578947,0.02631578947368421,0.3447368421052631,0.37105263157894736,0.2763157894736842,0.14210526315789473,0.021052631578947368,0.031578947368421054,0.1631578947368421,0.19473684210526315,0.12105263157894737,0.18157894736842106,0.17631578947368423
7,20261010,dinov2_cosine_1nn,multiclass,all_paired_probe,purple_blotch,0.4,0.6,0.25,0.1,0.05,0.35,0.4,0.15,0.0,0.25,0.25,0.25,0.5,-0.25,0.1,-0.1
7,20261010,dinov2_cosine_1nn,multiclass,all_paired_probe,stemphylium_colletotrichum_leaf_blight,0.16,0.31,0.15,0.06000000000000001,0.0,0.21000000000000002,0.21000000000000002,0.09,0.06000000000000001,0.13,0.05,0.19,0.24000000000000005,-0.07,0.02,-0.030000000000000016
7,20261010,dinov2_cosine_1nn,multiclass,selected_probe,all_classes,0.4305835240274599,0.44110983981693364,0.36996567505720823,0.0,0.005263157894736842,0.36996567505720823,0.3752288329519451,0.36996567505720823,0.0744279176201373,0.13504576659038903,0.12352402745995424,0.2094736842105263,0.33299771167048053,-0.06061784897025172,0.16049199084668192,0.04223112128146455
7,20261010,dinov2_cosine_1nn,multiclass,selected_probe,healthy,0.2739130434782609,0.2739130434782609,0.19565217391304346,0.0,0.0,0.19565217391304346,0.19565217391304346,0.19565217391304346,0.06086956521739131,0.1391304347826087,0.013043478260869565,0.2,0.21304347826086958,-0.07826086956521738,-0.004347826086956533,-0.017391304347826094
7,20261010,dinov2_cosine_1nn,multiclass,selected_probe,iris_yellow_virus,0.3684210526315789,0.41052631578947363,0.4842105263157895,0.0,0.021052631578947368,0.4842105263157895,0.5052631578947369,0.4842105263157895,0.13684210526315788,0.021052631578947368,0.021052631578947368,0.15789473684210525,0.1789473684210526,0.11578947368421053,0.3263157894736842,0.3263157894736842
7,20261010,dinov2_cosine_1nn,multiclass,selected_probe,purple_blotch,0.8,0.8,0.5,0.0,0.0,0.5,0.5,0.5,0.0,0.3,0.4,0.3,0.7,-0.3,0.2,-0.2
7,20261010,dinov2_cosine_1nn,multiclass,selected_probe,stemphylium_colletotrichum_leaf_blight,0.28,0.28,0.3,0.0,0.0,0.3,0.3,0.3,0.1,0.08,0.06000000000000001,0.18,0.24,0.02,0.12,0.06000000000000001
7,20261010,dinov2_cosine_1nn,multiclass,sentinel,all_classes,-0.0020823798627002295,0.11046910755148742,0.021956521739130437,0.1576086956521739,0.019508009153318077,0.17956521739130435,0.19907322654462242,-0.13565217391304346,0.03462242562929062,0.16819221967963388,0.032665903890160185,0.20281464530892448,0.23548054919908465,-0.13356979405034325,-0.02324942791762012,-0.03640732265446224
7,20261010,dinov2_cosine_1nn,multiclass,sentinel,healthy,-0.030434782608695653,0.12608695652173912,0.04782608695652174,0.13043478260869565,0.004347826086956522,0.1782608695652174,0.1826086956521739,-0.08260869565217391,0.05217391304347826,0.10434782608695652,0.004347826086956522,0.15652173913043477,0.16086956521739132,-0.05217391304347826,0.021739130434782608,0.021739130434782608
7,20261010,dinov2_cosine_1nn,multiclass,sentinel,iris_yellow_virus,0.042105263157894736,0.11578947368421053,0.0,0.0,0.07368421052631578,0.0,0.07368421052631578,0.0,0.02631578947368421,0.06842105263157894,0.02631578947368421,0.09473684210526315,0.12105263157894737,-0.042105263157894736,-0.09473684210526315,-0.047368421052631574
7,20261010,dinov2_cosine_1nn,multiclass,sentinel,purple_blotch,0.0,0.0,0.0,0.5,0.0,0.5,0.5,-0.5,0.0,0.5,0.0,0.5,0.5,-0.5,0.0,0.0
7,20261010,dinov2_cosine_1nn,multiclass,sentinel,stemphylium_colletotrichum_leaf_blight,-0.02,0.2,0.04,0.0,0.0,0.04,0.04,0.04,0.06000000000000001,0.0,0.1,0.06000000000000001,0.16,0.06000000000000001,-0.02,-0.12000000000000002
7,20261010,dinov2_cosine_1nn,multiclass,unselected_paired_probe,all_classes,0.019439359267734553,0.27258581235697943,0.04181922196796338,0.10580091533180777,0.03398169336384439,0.14762013729977114,0.18160183066361554,-0.06398169336384439,0.048363844393592675,0.13178489702517163,0.04770022883295195,0.1801487414187643,0.22784897025171627,-0.08342105263157895,-0.03252860411899313,-0.04624713958810069
7,20261010,dinov2_cosine_1nn,multiclass,unselected_paired_probe,healthy,0.09565217391304348,0.16086956521739132,0.030434782608695653,0.034782608695652174,0.004347826086956522,0.06521739130434782,0.06956521739130435,-0.004347826086956522,0.02608695652173913,0.12608695652173912,0.008695652173913044,0.15217391304347827,0.16086956521739132,-0.1,-0.08695652173913043,-0.09130434782608696
7,20261010,dinov2_cosine_1nn,multiclass,unselected_paired_probe,iris_yellow_virus,-0.05789473684210526,0.1894736842105263,0.13684210526315788,0.06842105263157894,0.031578947368421054,0.20526315789473681,0.23684210526315788,0.06842105263157894,0.14736842105263157,0.021052631578947368,0.042105263157894736,0.16842105263157894,0.21052631578947367,0.12631578947368421,0.03684210526315789,0.02631578947368421
7,20261010,dinov2_cosine_1nn,multiclass,unselected_paired_probe,purple_blotch,0.0,0.4,0.0,0.2,0.1,0.2,0.3,-0.2,0.0,0.2,0.1,0.2,0.3,-0.2,0.0,0.0
7,20261010,dinov2_cosine_1nn,multiclass,unselected_paired_probe,stemphylium_colletotrichum_leaf_blight,0.04,0.33999999999999997,0.0,0.12000000000000002,0.0,0.12000000000000002,0.12000000000000002,-0.12000000000000002,0.02,0.18,0.04,0.2,0.24,-0.16,-0.08,-0.12
7,20261010,dinov2_logit,multiclass,all_paired_probe,all_classes,0.10644736842105262,0.18454805491990847,0.10294622425629289,0.024496567505720823,0.03967391304347826,0.12744279176201373,0.16711670480549198,0.07844965675057207,0.019450800915331808,0.047448512585812355,0.05283180778032036,0.06689931350114417,0.11973112128146453,-0.02799771167048055,0.06054347826086957,0.04738558352402746
7,20261010,dinov2_logit,multiclass,all_paired_probe,healthy,0.05,0.07608695652173912,0.056521739130434775,0.019565217391304346,0.008695652173913044,0.07608695652173914,0.08478260869565217,0.03695652173913043,0.030434782608695653,0.043478260869565216,0.008695652173913044,0.07391304347826086,0.08260869565217391,-0.013043478260869565,0.002173913043478261,0.002173913043478261
7,20261010,dinov2_logit,multiclass,all_paired_probe,iris_yellow_virus,0.06578947368421052,0.09210526315789473,0.10526315789473684,0.018421052631578946,0.0,0.12368421052631577,0.12368421052631577,0.08684210526315789,0.047368421052631574,0.02631578947368421,0.002631578947368421,0.07368421052631578,0.0763157894736842,0.021052631578947368,0.05,0.047368421052631574
7,20261010,dinov2_logit,multiclass,all_paired_probe,purple_blotch,0.25,0.5,0.25,0.0,0.15,0.25,0.4,0.25,0.0,0.0,0.2,0.0,0.2,0.0,0.25,0.2
7,20261010,dinov2_logit,multiclass,all_paired_probe,stemphylium_colletotrichum_leaf_blight,0.06000000000000001,0.07,0.0,0.06000000000000001,0.0,0.06000000000000001,0.06000000000000001,-0.06000000000000001,0.0,0.12000000000000002,0.0,0.12000000000000002,0.12000000000000002,-0.12000000000000002,-0.06,-0.06
7,20261010,dinov2_logit,multiclass,selected_probe,all_classes,0.19459954233409613,0.1994050343249428,0.18689931350114417,0.0037185354691075512,0.002173913043478261,0.19061784897025172,0.19279176201372997,0.1831807780320366,0.026029748283752856,0.03744851258581235,0.05217391304347826,0.06347826086956522,0.11565217391304347,-0.011418764302059497,0.12713958810068648,0.07713958810068648
7,20261010,dinov2_logit,multiclass,selected_probe,healthy,0.08260869565217391,0.09130434782608696,0.07391304347826086,0.004347826086956522,0.008695652173913044,0.07826086956521738,0.08695652173913043,0.06956521739130435,0.030434782608695653,0.043478260869565216,0.008695652173913044,0.07391304347826086,0.08260869565217391,-0.013043478260869565,0.004347826086956522,0.004347826086956522
7,20261010,dinov2_logit,multiclass,selected_probe,iris_yellow_virus,0.11578947368421053,0.12631578947368421,0.17368421052631577,0.010526315789473684,0.0,0.18421052631578946,0.18421052631578946,0.1631578947368421,0.07368421052631578,0.02631578947368421,0.0,0.1,0.1,0.047368421052631574,0.08421052631578947,0.08421052631578947
7,20261010,dinov2_logit,multiclass,selected_probe,purple_blotch,0.5,0.5,0.5,0.0,0.0,0.5,0.5,0.5,0.0,0.0,0.2,0.0,0.2,0.0,0.5,0.3
7,20261010,dinov2_logit,multiclass,selected_probe,stemphylium_colletotrichum_leaf_blight,0.08,0.08,0.0,0.0,0.0,0.0,0.0,0.0,0.0,0.08,0.0,0.08,0.08,-0.08,-0.08,-0.08
7,20261010,dinov2_logit,multiclass,sentinel,all_classes,-0.03326086956521739,0.07702517162471395,0.026830663615560642,0.06359267734553775,0.0,0.0904233409610984,0.0904233409610984,-0.03676201372997712,0.03255148741418764,0.03605263157894737,0.0,0.06860411899313501,0.06860411899313501,-0.0035011441647597266,0.02181922196796339,0.02181922196796339
7,20261010,dinov2_logit,multiclass,sentinel,healthy,-0.013043478260869565,0.056521739130434775,0.06521739130434782,0.021739130434782608,0.0,0.08695652173913043,0.08695652173913043,0.043478260869565216,0.056521739130434775,0.0,0.0,0.056521739130434775,0.056521739130434775,0.056521739130434775,0.030434782608695653,0.030434782608695653
7,20261010,dinov2_logit,multiclass,sentinel,iris_yellow_virus,0.0,0.13157894736842105,0.042105263157894736,0.05263157894736842,0.0,0.09473684210526315,0.09473684210526315,-0.010526315789473684,0.07368421052631578,0.08421052631578947,0.0,0.15789473684210525,0.15789473684210525,-0.010526315789473684,-0.06315789473684211,-0.06315789473684211
7,20261010,dinov2_logit,multiclass,sentinel,purple_blotch,-0.1,0.1,0.0,0.1,0.0,0.1,0.1,-0.1,0.0,0.0,0.0,0.0,0.0,0.0,0.1,0.1
7,20261010,dinov2_logit,multiclass,sentinel,stemphylium_colletotrichum_leaf_blight,-0.02,0.02,0.0,0.08,0.0,0.08,0.08,-0.08,0.0,0.06000000000000001,0.0,0.06000000000000001,0.06000000000000001,-0.06000000000000001,0.02,0.02
7,20261010,dinov2_logit,multiclass,unselected_paired_probe,all_classes,0.018295194508009153,0.16969107551487414,0.018993135011441648,0.0452745995423341,0.07717391304347826,0.06426773455377574,0.141441647597254,-0.026281464530892452,0.012871853546910755,0.057448512585812364,0.05348970251716247,0.0703203661327231,0.12381006864988557,-0.04457665903890161,-0.00605263157894737,0.017631578947368415
7,20261010,dinov2_logit,multiclass,unselected_paired_probe,healthy,0.017391304347826087,0.06086956521739131,0.03913043478260869,0.034782608695652174,0.008695652173913044,0.07391304347826086,0.08260869565217391,0.004347826086956522,0.030434782608695653,0.043478260869565216,0.008695652173913044,0.07391304347826086,0.08260869565217391,-0.013043478260869565,0.0,0.0
7,20261010,dinov2_logit,multiclass,unselected_paired_probe,iris_yellow_virus,0.015789473684210527,0.05789473684210526,0.03684210526315789,0.02631578947368421,0.0,0.06315789473684211,0.06315789473684211,0.010526315789473684,0.021052631578947368,0.02631578947368421,0.005263157894736842,0.047368421052631574,0.05263157894736842,-0.005263157894736842,0.015789473684210527,0.010526315789473684
7,20261010,dinov2_logit,multiclass,unselected_paired_probe,purple_blotch,0.0,0.5,0.0,0.0,0.3,0.0,0.3,0.0,0.0,0.0,0.2,0.0,0.2,0.0,0.0,0.1
7,20261010,dinov2_logit,multiclass,unselected_paired_probe,stemphylium_colletotrichum_leaf_blight,0.04,0.06000000000000001,0.0,0.12000000000000002,0.0,0.12000000000000002,0.12000000000000002,-0.12000000000000002,0.0,0.16,0.0,0.16,0.16,-0.16,-0.04,-0.04
8,20261011,dinov2_cosine_1nn,multiclass,all_paired_probe,all_classes,0.18624141876430206,0.25380434782608696,0.335383295194508,0.018604118993135015,0.03447368421052631,0.353987414187643,0.38846109839816934,0.31677917620137297,0.1795537757437071,0.049016018306636155,0.026310068649885582,0.22856979405034322,0.25487986270022883,0.13053775743707094,0.12541762013729976,0.1335812356979405
8,20261011,dinov2_cosine_1nn,multiclass,all_paired_probe,healthy,0.17391304347826086,0.21521739130434786,0.16521739130434782,0.006521739130434782,0.0,0.17173913043478262,0.17173913043478262,0.15869565217391304,0.043478260869565216,0.05869565217391304,0.03260869565217391,0.10217391304347827,0.13478260869565217,-0.015217391304347827,0.06956521739130435,0.03695652173913043
8,20261011,dinov2_cosine_1nn,multiclass,all_paired_probe,iris_yellow_virus,0.17105263157894737,0.25,0.2263157894736842,0.007894736842105263,0.007894736842105263,0.23421052631578948,0.24210526315789474,0.21842105263157893,0.09473684210526315,0.047368421052631574,0.002631578947368421,0.14210526315789473,0.14473684210526314,0.047368421052631574,0.09210526315789473,0.09736842105263158
8,20261011,dinov2_cosine_1nn,multiclass,all_paired_probe,purple_blotch,0.1,0.2,0.6,0.0,0.1,0.6,0.7,0.6,0.5,0.0,0.0,0.5,0.5,0.5,0.1,0.2
8,20261011,dinov2_cosine_1nn,multiclass,all_paired_probe,stemphylium_colletotrichum_leaf_blight,0.3,0.35,0.35,0.06000000000000001,0.030000000000000006,0.41,0.44000000000000006,0.29,0.08,0.09,0.07,0.16999999999999998,0.24,-0.01,0.24,0.2
8,20261011,dinov2_cosine_1nn,multiclass,selected_probe,all_classes,0.3521967963386728,0.354370709382151,0.5584096109839817,0.0,0.0,0.5584096109839817,0.5584096109839817,0.5584096109839817,0.24846681922196795,0.04225400457665904,0.022837528604118994,0.290720823798627,0.313558352402746,0.2062128146453089,0.2676887871853547,0.2448512585812357
8,20261011,dinov2_cosine_1nn,multiclass,selected_probe,healthy,0.2782608695652174,0.28695652173913044,0.26521739130434785,0.0,0.0,0.26521739130434785,0.26521739130434785,0.26521739130434785,0.03913043478260869,0.05217391304347826,0.02608695652173913,0.09130434782608696,0.11739130434782608,-0.013043478260869565,0.17391304347826086,0.14782608695652175
8,20261011,dinov2_cosine_1nn,multiclass,selected_probe,iris_yellow_virus,0.31052631578947365,0.31052631578947365,0.3684210526315789,0.0,0.0,0.3684210526315789,0.3684210526315789,0.3684210526315789,0.09473684210526315,0.03684210526315789,0.005263157894736842,0.13157894736842105,0.13684210526315788,0.05789473684210526,0.23684210526315788,0.23157894736842105
8,20261011,dinov2_cosine_1nn,multiclass,selected_probe,purple_blotch,0.2,0.2,1.0,0.0,0.0,1.0,1.0,1.0,0.8,0.0,0.0,0.8,0.8,0.8,0.2,0.2
8,20261011,dinov2_cosine_1nn,multiclass,selected_probe,stemphylium_colletotrichum_leaf_blight,0.62,0.62,0.6,0.0,0.0,0.6,0.6,0.6,0.06000000000000001,0.08,0.06000000000000001,0.14,0.2,-0.02,0.45999999999999996,0.39999999999999997
8,20261011,dinov2_cosine_1nn,multiclass,sentinel,all_classes,-0.20367276887871855,0.2724828375286041,0.021395881006864986,0.07740274599542334,0.015434782608695652,0.09879862700228834,0.11423340961098398,-0.05600686498855836,0.17037757437070938,0.022711670480549197,0.027448512585812358,0.19308924485125858,0.2205377574370709,0.14766590389016016,-0.09429061784897025,-0.10630434782608696
8,20261011,dinov2_cosine_1nn,multiclass,sentinel,healthy,-0.06521739130434782,0.14782608695652172,0.043478260869565216,0.10434782608695652,0.021739130434782608,0.14782608695652172,0.16956521739130434,-0.06086956521739131,0.04782608695652174,0.043478260869565216,0.043478260869565216,0.09130434782608696,0.13478260869565217,0.004347826086956522,0.056521739130434775,0.034782608695652174
8,20261011,dinov2_cosine_1nn,multiclass,sentinel,iris_yellow_virus,-0.0894736842105263,0.24210526315789474,0.042105263157894736,0.10526315789473684,0.0,0.14736842105263157,0.14736842105263157,-0.06315789473684211,0.07368421052631578,0.047368421052631574,0.02631578947368421,0.12105263157894737,0.14736842105263157,0.02631578947368421,0.02631578947368421,0.0
8,20261011,dinov2_cosine_1nn,multiclass,sentinel,purple_blotch,-0.5,0.5,0.0,0.0,0.0,0.0,0.0,0.0,0.5,0.0,0.0,0.5,0.5,0.5,-0.5,-0.5
8,20261011,dinov2_cosine_1nn,multiclass,sentinel,stemphylium_colletotrichum_leaf_blight,-0.16,0.2,0.0,0.1,0.04,0.1,0.14,-0.1,0.06000000000000001,0.0,0.04,0.06000000000000001,0.1,0.06000000000000001,0.04,0.04
8,20261011,dinov2_cosine_1nn,multiclass,unselected_paired_probe,all_classes,0.020286041189931346,0.15323798627002289,0.11235697940503434,0.03720823798627003,0.06894736842105262,0.14956521739130435,0.21851258581235697,0.07514874141876429,0.11064073226544621,0.055778032036613266,0.029782608695652173,0.1664187643020595,0.19620137299771168,0.05486270022883295,-0.016853546910755156,0.022311212814645303
8,20261011,dinov2_cosine_1nn,multiclass,unselected_paired_probe,healthy,0.06956521739130435,0.14347826086956522,0.06521739130434782,0.013043478260869565,0.0,0.07826086956521738,0.07826086956521738,0.05217391304347826,0.04782608695652174,0.06521739130434782,0.03913043478260869,0.11304347826086955,0.15217391304347824,-0.017391304347826087,-0.034782608695652174,-0.07391304347826086
8,20261011,dinov2_cosine_1nn,multiclass,unselected_paired_probe,iris_yellow_virus,0.031578947368421054,0.1894736842105263,0.08421052631578947,0.015789473684210527,0.015789473684210527,0.1,0.11578947368421053,0.06842105263157894,0.09473684210526315,0.05789473684210526,0.0,0.1526315789473684,0.1526315789473684,0.03684210526315789,-0.05263157894736842,-0.03684210526315789
8,20261011,dinov2_cosine_1nn,multiclass,unselected_paired_probe,purple_blotch,0.0,0.2,0.2,0.0,0.2,0.2,0.4,0.2,0.2,0.0,0.0,0.2,0.2,0.2,0.0,0.2
8,20261011,dinov2_cosine_1nn,multiclass,unselected_paired_probe,stemphylium_colletotrichum_leaf_blight,-0.02,0.08,0.1,0.12000000000000002,0.06000000000000001,0.22000000000000003,0.28,-0.02,0.1,0.1,0.08,0.2,0.27999999999999997,0.0,0.02,0.0
8,20261011,dinov2_logit,multiclass,all_paired_probe,all_classes,0.05882151029748284,0.08612700228832952,0.08288329519450802,0.016464530892448516,0.001973684210526316,0.09934782608695651,0.10132151029748285,0.0664187643020595,0.0270766590389016,0.019479405034324944,0.005263157894736842,0.046556064073226544,0.05181922196796338,0.007597254004576659,0.05279176201372997,0.04950228832951945
8,20261011,dinov2_logit,multiclass,all_paired_probe,healthy,0.06739130434782609,0.07608695652173912,0.06521739130434782,0.002173913043478261,0.0,0.06739130434782609,0.06739130434782609,0.06304347826086956,0.013043478260869565,0.017391304347826087,0.0,0.030434782608695653,0.030434782608695653,-0.004347826086956522,0.03695652173913043,0.03695652173913043
8,20261011,dinov2_logit,multiclass,all_paired_probe,iris_yellow_virus,0.05789473684210526,0.11842105263157894,0.12631578947368421,0.023684210526315787,0.007894736842105263,0.15,0.15789473684210525,0.10263157894736841,0.055263157894736833,0.010526315789473684,0.021052631578947368,0.06578947368421052,0.08684210526315789,0.04473684210526315,0.08421052631578947,0.07105263157894737
8,20261011,dinov2_logit,multiclass,all_paired_probe,purple_blotch,0.0,0.0,0.0,0.0,0.0,0.0,0.0,0.0,0.0,0.0,0.0,0.0,0.0,0.0,0.0,0.0
8,20261011,dinov2_logit,multiclass,all_paired_probe,stemphylium_colletotrichum_leaf_blight,0.11000000000000001,0.15,0.14,0.04,0.0,0.18,0.18,0.1,0.04,0.05,0.0,0.09,0.09,-0.01,0.09,0.09
8,20261011,dinov2_logit,multiclass,selected_probe,all_classes,0.11854691075514874,0.12203661327231122,0.14236842105263156,0.0010869565217391304,0.0013157894736842105,0.1434553775743707,0.14477116704805493,0.14128146453089246,0.03276887871853547,0.010034324942791762,0.005263157894736842,0.042803203661327234,0.04806636155606407,0.022734553775743703,0.10065217391304349,0.09670480549199086
8,20261011,dinov2_logit,multiclass,selected_probe,healthy,0.08260869565217391,0.09130434782608696,0.1,0.004347826086956522,0.0,0.10434782608695652,0.10434782608695652,0.09565217391304348,0.017391304347826087,0.004347826086956522,0.0,0.021739130434782608,0.021739130434782608,0.013043478260869565,0.08260869565217391,0.08260869565217391
8,20261011,dinov2_logit,multiclass,selected_probe,iris_yellow_virus,0.13157894736842105,0.13684210526315788,0.1894736842105263,0.0,0.005263157894736842,0.1894736842105263,0.19473684210526315,0.1894736842105263,0.07368421052631578,0.015789473684210527,0.021052631578947368,0.0894736842105263,0.11052631578947367,0.05789473684210526,0.1,0.08421052631578947
8,20261011,dinov2_logit,multiclass,selected_probe,purple_blotch,0.0,0.0,0.0,0.0,0.0,0.0,0.0,0.0,0.0,0.0,0.0,0.0,0.0,0.0,0.0,0.0
8,20261011,dinov2_logit,multiclass,selected_probe,stemphylium_colletotrichum_leaf_blight,0.26,0.26,0.28,0.0,0.0,0.28,0.28,0.28,0.04,0.02,0.0,0.06000000000000001,0.06000000000000001,0.02,0.22000000000000003,0.22000000000000003
8,20261011,dinov2_logit,multiclass,sentinel,all_classes,-0.08741418764302059,0.15794050343249427,0.034324942791762014,0.11499999999999999,0.011956521739130435,0.149324942791762,0.16128146453089245,-0.08067505720823799,0.032837528604118996,0.026098398169336384,0.008695652173913044,0.05893592677345537,0.06763157894736842,0.006739130434782606,0.09038901601830664,0.09364988558352402
8,20261011,dinov2_logit,multiclass,sentinel,healthy,0.06086956521739131,0.1391304347826087,0.04782608695652174,0.0,0.04782608695652174,0.04782608695652174,0.09565217391304348,0.04782608695652174,0.02608695652173913,0.03913043478260869,0.034782608695652174,0.06521739130434782,0.1,-0.013043478260869565,-0.017391304347826087,-0.004347826086956522
8,20261011,dinov2_logit,multiclass,sentinel,iris_yellow_virus,-0.010526315789473684,0.05263157894736842,0.0894736842105263,0.0,0.0,0.0894736842105263,0.0894736842105263,0.0894736842105263,0.10526315789473684,0.005263157894736842,0.0,0.11052631578947367,0.11052631578947367,0.1,-0.021052631578947368,-0.021052631578947368
8,20261011,dinov2_logit,multiclass,sentinel,purple_blotch,-0.4,0.4,0.0,0.4,0.0,0.4,0.4,-0.4,0.0,0.0,0.0,0.0,0.0,0.0,0.4,0.4
8,20261011,dinov2_logit,multiclass,sentinel,stemphylium_colletotrichum_leaf_blight,0.0,0.04,0.0,0.06000000000000001,0.0,0.06000000000000001,0.06000000000000001,-0.06000000000000001,0.0,0.06000000000000001,0.0,0.06000000000000001,0.06000000000000001,-0.06000000000000001,0.0,0.0
8,20261011,dinov2_logit,multiclass,unselected_paired_probe,all_classes,-0.0009038901601830663,0.050217391304347825,0.023398169336384438,0.031842105263157894,0.002631578947368421,0.05524027459954234,0.057871853546910754,-0.008443935926773458,0.021384439359267735,0.028924485125858122,0.005263157894736842,0.05030892448512586,0.0555720823798627,-0.007540045766590389,0.004931350114416476,0.002299771167048056
8,20261011,dinov2_logit,multiclass,unselected_paired_probe,healthy,0.05217391304347826,0.06086956521739131,0.030434782608695653,0.0,0.0,0.030434782608695653,0.030434782608695653,0.030434782608695653,0.008695652173913044,0.030434782608695653,0.0,0.03913043478260869,0.03913043478260869,-0.021739130434782608,-0.008695652173913044,-0.008695652173913044
8,20261011,dinov2_logit,multiclass,unselected_paired_probe,iris_yellow_virus,-0.015789473684210527,0.1,0.06315789473684211,0.047368421052631574,0.010526315789473684,0.11052631578947367,0.12105263157894737,0.015789473684210527,0.03684210526315789,0.005263157894736842,0.021052631578947368,0.042105263157894736,0.06315789473684211,0.031578947368421054,0.06842105263157894,0.05789473684210526
8,20261011,dinov2_logit,multiclass,unselected_paired_probe,purple_blotch,0.0,0.0,0.0,0.0,0.0,0.0,0.0,0.0,0.0,0.0,0.0,0.0,0.0,0.0,0.0,0.0
8,20261011,dinov2_logit,multiclass,unselected_paired_probe,stemphylium_colletotrichum_leaf_blight,-0.04,0.04,0.0,0.08,0.0,0.08,0.08,-0.08,0.04,0.08,0.0,0.12000000000000002,0.12000000000000002,-0.04,-0.04,-0.04
9,20261012,dinov2_cosine_1nn,multiclass,all_paired_probe,all_classes,0.24579519450800916,0.28989130434782606,0.25783752860411896,0.01999427917620137,0.010446224256292906,0.27783180778032035,0.2882780320366133,0.23784324942791762,0.030177345537757437,0.03812929061784896,0.05469107551487414,0.0683066361556064,0.12299771167048054,-0.007951945080091533,0.20952517162471396,0.16528032036613274
9,20261012,dinov2_cosine_1nn,multiclass,all_paired_probe,healthy,0.1173913043478261,0.16956521739130434,0.12608695652173912,0.03260869565217391,0.006521739130434782,0.15869565217391304,0.16521739130434782,0.0934782608695652,0.03913043478260869,0.06304347826086956,0.010869565217391304,0.10217391304347827,0.11304347826086955,-0.02391304347826087,0.05652173913043479,0.05217391304347827
9,20261012,dinov2_cosine_1nn,multiclass,all_paired_probe,iris_yellow_virus,0.16578947368421054,0.25,0.20526315789473681,0.047368421052631574,0.005263157894736842,0.25263157894736843,0.2578947368421053,0.15789473684210525,0.08157894736842106,0.0894736842105263,0.007894736842105263,0.17105263157894737,0.1789473684210526,-0.007894736842105263,0.08157894736842106,0.07894736842105263
9,20261012,dinov2_cosine_1nn,multiclass,all_paired_probe,purple_blotch,0.25,0.25,0.25,0.0,0.0,0.25,0.25,0.25,0.0,0.0,0.0,0.0,0.0,0.0,0.25,0.25
9,20261012,dinov2_cosine_1nn,multiclass,all_paired_probe,stemphylium_colletotrichum_leaf_blight,0.45,0.49000000000000005,0.45,0.0,0.030000000000000006,0.45,0.48,0.45,0.0,0.0,0.2,0.0,0.2,0.0,0.45,0.27999999999999997
9,20261012,dinov2_cosine_1nn,multiclass,selected_probe,all_classes,0.4503318077803204,0.4625057208237986,0.4477002288329519,0.0,0.0,0.4477002288329519,0.4477002288329519,0.4477002288329519,0.033237986270022876,0.035869565217391305,0.06848970251716248,0.06910755148741418,0.13759725400457665,-0.002631578947368421,0.37859267734553775,0.3101029748283753
9,20261012,dinov2_cosine_1nn,multiclass,selected_probe,healthy,0.20869565217391303,0.21739130434782608,0.20869565217391303,0.0,0.0,0.20869565217391303,0.20869565217391303,0.20869565217391303,0.043478260869565216,0.043478260869565216,0.008695652173913044,0.08695652173913043,0.09565217391304348,0.0,0.12173913043478261,0.11304347826086955
9,20261012,dinov2_cosine_1nn,multiclass,selected_probe,iris_yellow_virus,0.3526315789473684,0.3526315789473684,0.34210526315789475,0.0,0.0,0.34210526315789475,0.34210526315789475,0.34210526315789475,0.0894736842105263,0.1,0.005263157894736842,0.1894736842105263,0.19473684210526315,-0.010526315789473684,0.1526315789473684,0.14736842105263157
9,20261012,dinov2_cosine_1nn,multiclass,selected_probe,purple_blotch,0.5,0.5,0.5,0.0,0.0,0.5,0.5,0.5,0.0,0.0,0.0,0.0,0.0,0.0,0.5,0.5
9,20261012,dinov2_cosine_1nn,multiclass,selected_probe,stemphylium_colletotrichum_leaf_blight,0.74,0.78,0.74,0.0,0.0,0.74,0.74,0.74,0.0,0.0,0.26,0.0,0.26,0.0,0.74,0.48
9,20261012,dinov2_cosine_1nn,multiclass,sentinel,all_classes,-0.023146453089244852,0.23502288329519452,0.011956521739130435,0.07260869565217391,0.031578947368421054,0.08456521739130435,0.1161441647597254,-0.060652173913043485,0.03278032036613272,0.07028604118993134,0.15657894736842104,0.10306636155606408,0.2596453089244851,-0.037505720823798626,-0.018501144164759724,-0.14350114416475973
9,20261012,dinov2_cosine_1nn,multiclass,sentinel,healthy,-0.06521739130434782,0.16956521739130434,0.04782608695652174,0.13043478260869565,0.0,0.1782608695652174,0.1782608695652174,-0.08260869565217391,0.05217391304347826,0.06956521739130435,0.0,0.12173913043478261,0.12173913043478261,-0.017391304347826087,0.056521739130434775,0.056521739130434775
9,20261012,dinov2_cosine_1nn,multiclass,sentinel,iris_yellow_virus,-0.047368421052631574,0.11052631578947367,0.0,0.0,0.02631578947368421,0.0,0.02631578947368421,0.0,0.07894736842105263,0.031578947368421054,0.02631578947368421,0.11052631578947367,0.13684210526315788,0.047368421052631574,-0.11052631578947367,-0.11052631578947367
9,20261012,dinov2_cosine_1nn,multiclass,sentinel,purple_blotch,0.0,0.5,0.0,0.0,0.0,0.0,0.0,0.0,0.0,0.0,0.5,0.0,0.5,0.0,0.0,-0.5
9,20261012,dinov2_cosine_1nn,multiclass,sentinel,stemphylium_colletotrichum_leaf_blight,0.02,0.16,0.0,0.16,0.1,0.16,0.26,-0.16,0.0,0.18,0.1,0.18,0.28,-0.18,-0.02,-0.02
9,20261012,dinov2_cosine_1nn,multiclass,unselected_paired_probe,all_classes,0.04125858123569794,0.11727688787185356,0.06797482837528604,0.03998855835240274,0.02089244851258581,0.10796338672768879,0.1288558352402746,0.027986270022883297,0.027116704805491988,0.040389016018306634,0.04089244851258582,0.06750572082379862,0.10839816933638444,-0.013272311212814645,0.04045766590389016,0.020457665903890164
9,20261012,dinov2_cosine_1nn,multiclass,unselected_paired_probe,healthy,0.02608695652173913,0.12173913043478261,0.043478260869565216,0.06521739130434782,0.013043478260869565,0.10869565217391304,0.12173913043478261,-0.021739130434782608,0.034782608695652174,0.08260869565217391,0.013043478260869565,0.11739130434782608,0.13043478260869565,-0.04782608695652174,-0.008695652173913044,-0.008695652173913044
9,20261012,dinov2_cosine_1nn,multiclass,unselected_paired_probe,iris_yellow_virus,-0.021052631578947368,0.14736842105263157,0.06842105263157894,0.09473684210526315,0.010526315789473684,0.1631578947368421,0.17368421052631577,-0.02631578947368421,0.07368421052631578,0.07894736842105263,0.010526315789473684,0.1526315789473684,0.1631578947368421,-0.005263157894736842,0.010526315789473684,0.010526315789473684
9,20261012,dinov2_cosine_1nn,multiclass,unselected_paired_probe,purple_blotch,0.0,0.0,0.0,0.0,0.0,0.0,0.0,0.0,0.0,0.0,0.0,0.0,0.0,0.0,0.0,0.0
9,20261012,dinov2_cosine_1nn,multiclass,unselected_paired_probe,stemphylium_colletotrichum_leaf_blight,0.16,0.2,0.16,0.0,0.06000000000000001,0.16,0.22000000000000003,0.16,0.0,0.0,0.14,0.0,0.14,0.0,0.16,0.08
9,20261012,dinov2_logit,multiclass,all_paired_probe,all_classes,0.11154462242562928,0.15487986270022883,0.11826086956521739,0.016996567505720823,0.008918764302059496,0.1352574370709382,0.14417620137299772,0.10126430205949657,0.029742562929061783,0.0400228832951945,0.02371853546910755,0.06976544622425629,0.09348398169336385,-0.010280320366132724,0.06549199084668192,0.05069221967963387
9,20261012,dinov2_logit,multiclass,all_paired_probe,healthy,-0.004347826086956522,0.08478260869565217,0.06304347826086956,0.019565217391304346,0.013043478260869565,0.08260869565217391,0.09565217391304348,0.043478260869565216,0.06739130434782609,0.019565217391304346,0.004347826086956522,0.08695652173913043,0.09130434782608696,0.04782608695652174,-0.004347826086956522,0.004347826086956522
9,20261012,dinov2_logit,multiclass,all_paired_probe,iris_yellow_virus,0.11052631578947367,0.14473684210526314,0.1,0.018421052631578946,0.002631578947368421,0.11842105263157894,0.12105263157894737,0.08157894736842106,0.031578947368421054,0.060526315789473685,0.010526315789473684,0.09210526315789473,0.10263157894736841,-0.02894736842105263,0.02631578947368421,0.018421052631578946
9,20261012,dinov2_logit,multiclass,all_paired_probe,purple_blotch,0.25,0.25,0.25,0.0,0.0,0.25,0.25,0.25,0.0,0.0,0.0,0.0,0.0,0.0,0.25,0.25
9,20261012,dinov2_logit,multiclass,all_paired_probe,stemphylium_colletotrichum_leaf_blight,0.09,0.14,0.06000000000000001,0.030000000000000006,0.02,0.09,0.11000000000000001,0.030000000000000006,0.02,0.08,0.08,0.1,0.18,-0.06000000000000001,-0.01,-0.06999999999999999
9,20261012,dinov2_logit,multiclass,selected_probe,all_classes,0.2247826086956522,0.23937070938215102,0.21864988558352402,0.005892448512585812,0.002173913043478261,0.22454233409610982,0.2267162471395881,0.2127574370709382,0.028112128146453093,0.04013729977116705,0.01871853546910755,0.06824942791762013,0.0869679633867277,-0.012025171624713959,0.1562929061784897,0.13974828375286039
9,20261012,dinov2_logit,multiclass,selected_probe,healthy,0.03913043478260869,0.08695652173913043,0.09565217391304348,0.013043478260869565,0.008695652173913044,0.10869565217391304,0.11739130434782608,0.08260869565217391,0.06086956521739131,0.017391304347826087,0.004347826086956522,0.07826086956521738,0.08260869565217391,0.043478260869565216,0.030434782608695653,0.034782608695652174
9,20261012,dinov2_logit,multiclass,selected_probe,iris_yellow_virus,0.2,0.21052631578947367,0.1789473684210526,0.010526315789473684,0.0,0.1894736842105263,0.1894736842105263,0.16842105263157894,0.031578947368421054,0.06315789473684211,0.010526315789473684,0.09473684210526315,0.10526315789473684,-0.031578947368421054,0.09473684210526315,0.08421052631578947
9,20261012,dinov2_logit,multiclass,selected_probe,purple_blotch,0.5,0.5,0.5,0.0,0.0,0.5,0.5,0.5,0.0,0.0,0.0,0.0,0.0,0.0,0.5,0.5
9,20261012,dinov2_logit,multiclass,selected_probe,stemphylium_colletotrichum_leaf_blight,0.16,0.16,0.1,0.0,0.0,0.1,0.1,0.1,0.02,0.08,0.06000000000000001,0.1,0.16,-0.06000000000000001,0.0,-0.06000000000000001
9,20261012,dinov2_logit,multiclass,sentinel,all_classes,-0.007665903890160183,0.02877574370709382,0.008066361556064073,0.014187643020594965,0.0,0.022254004576659037,0.022254004576659037,-0.006121281464530892,0.006121281464530892,0.004576659038901602,0.002173913043478261,0.010697940503432493,0.012871853546910755,0.0015446224256292905,0.011556064073226544,0.009382151029748284
9,20261012,dinov2_logit,multiclass,sentinel,healthy,-0.004347826086956522,0.07826086956521738,0.021739130434782608,0.030434782608695653,0.0,0.05217391304347826,0.05217391304347826,-0.008695652173913044,0.008695652173913044,0.013043478260869565,0.008695652173913044,0.021739130434782608,0.030434782608695653,-0.004347826086956522,0.030434782608695653,0.021739130434782608
9,20261012,dinov2_logit,multiclass,sentinel,iris_yellow_virus,-0.02631578947368421,0.03684210526315789,0.010526315789473684,0.02631578947368421,0.0,0.03684210526315789,0.03684210526315789,-0.015789473684210527,0.015789473684210527,0.005263157894736842,0.0,0.021052631578947368,0.021052631578947368,0.010526315789473684,0.015789473684210527,0.015789473684210527
9,20261012,dinov2_logit,multiclass,sentinel,purple_blotch,0.0,0.0,0.0,0.0,0.0,0.0,0.0,0.0,0.0,0.0,0.0,0.0,0.0,0.0,0.0,0.0
9,20261012,dinov2_logit,multiclass,sentinel,stemphylium_colletotrichum_leaf_blight,0.0,0.0,0.0,0.0,0.0,0.0,0.0,0.0,0.0,0.0,0.0,0.0,0.0,0.0,0.0,0.0
9,20261012,dinov2_logit,multiclass,unselected_paired_probe,all_classes,-0.001693363844393593,0.07038901601830663,0.017871853546910753,0.02810068649885583,0.01566361556064073,0.04597254004576659,0.06163615560640732,-0.01022883295194508,0.03137299771167048,0.039908466819221965,0.028718535469107555,0.07128146453089244,0.1,-0.008535469107551489,-0.02530892448512586,-0.03836384439359268
9,20261012,dinov2_logit,multiclass,unselected_paired_probe,healthy,-0.04782608695652174,0.08260869565217391,0.030434782608695653,0.02608695652173913,0.017391304347826087,0.056521739130434775,0.07391304347826086,0.004347826086956522,0.07391304347826086,0.021739130434782608,0.004347826086956522,0.09565217391304348,0.1,0.05217391304347826,-0.03913043478260869,-0.02608695652173913
9,20261012,dinov2_logit,multiclass,unselected_paired_probe,iris_yellow_virus,0.021052631578947368,0.07894736842105263,0.021052631578947368,0.02631578947368421,0.005263157894736842,0.047368421052631574,0.05263157894736842,-0.005263157894736842,0.031578947368421054,0.05789473684210526,0.010526315789473684,0.0894736842105263,0.1,-0.02631578947368421,-0.042105263157894736,-0.047368421052631574
9,20261012,dinov2_logit,multiclass,unselected_paired_probe,purple_blotch,0.0,0.0,0.0,0.0,0.0,0.0,0.0,0.0,0.0,0.0,0.0,0.0,0.0,0.0,0.0,0.0
9,20261012,dinov2_logit,multiclass,unselected_paired_probe,stemphylium_colletotrichum_leaf_blight,0.02,0.12000000000000002,0.02,0.06000000000000001,0.04,0.08,0.12000000000000002,-0.04,0.02,0.08,0.1,0.1,0.2,-0.06000000000000001,-0.02,-0.08
10,20261013,dinov2_cosine_1nn,multiclass,all_paired_probe,all_classes,0.24848970251716246,0.2949141876430206,0.27110983981693365,0.04627574370709382,0.0125,0.31738558352402746,0.32988558352402747,0.2248340961098398,0.053003432494279176,0.07665903890160183,0.004605263157894736,0.129662471395881,0.13426773455377575,-0.023655606407322657,0.18772311212814646,0.19561784897025175
10,20261013,dinov2_cosine_1nn,multiclass,all_paired_probe,healthy,0.15869565217391304,0.1891304347826087,0.17391304347826086,0.028260869565217388,0.0,0.20217391304347826,0.20217391304347826,0.14565217391304347,0.08043478260869566,0.0934782608695652,0.0,0.17391304347826086,0.17391304347826086,-0.013043478260869565,0.028260869565217395,0.028260869565217395
10,20261013,dinov2_cosine_1nn,multiclass,all_paired_probe,iris_yellow_virus,0.15526315789473683,0.21052631578947367,0.26052631578947366,0.03684210526315789,0.0,0.2973684210526316,0.2973684210526316,0.2236842105263158,0.13157894736842105,0.06315789473684211,0.018421052631578946,0.19473684210526315,0.21315789473684207,0.06842105263157894,0.10263157894736843,0.08421052631578947
10,20261013,dinov2_cosine_1nn,multiclass,all_paired_probe,purple_blotch,0.5,0.55,0.5,0.0,0.05,0.5,0.55,0.5,0.0,0.0,0.0,0.0,0.0,0.0,0.5,0.55
10,20261013,dinov2_cosine_1nn,multiclass,all_paired_probe,stemphylium_colletotrichum_leaf_blight,0.18,0.22999999999999998,0.15,0.12000000000000002,0.0,0.27,0.27,0.030000000000000006,0.0,0.15,0.0,0.15,0.15,-0.15,0.12000000000000002,0.12000000000000002
10,20261013,dinov2_cosine_1nn,multiclass,selected_probe,all_classes,0.49162471395881,0.49162471395881,0.4823798627002288,0.002173913043478261,0.0,0.48455377574370706,0.48455377574370706,0.4802059496567506,0.041304347826086954,0.052723112128146454,0.005263157894736842,0.09402745995423341,0.09929061784897024,-0.011418764302059497,0.3905263157894737,0.38526315789473686
10,20261013,dinov2_cosine_1nn,multiclass,selected_probe,healthy,0.2391304347826087,0.2391304347826087,0.23478260869565215,0.008695652173913044,0.0,0.24347826086956523,0.24347826086956523,0.22608695652173916,0.06521739130434782,0.07826086956521738,0.0,0.14347826086956522,0.14347826086956522,-0.013043478260869565,0.1,0.1
10,20261013,dinov2_cosine_1nn,multiclass,selected_probe,iris_yellow_virus,0.34736842105263155,0.34736842105263155,0.39473684210526316,0.0,0.0,0.39473684210526316,0.39473684210526316,0.39473684210526316,0.1,0.05263157894736842,0.021052631578947368,0.1526315789473684,0.17368421052631577,0.047368421052631574,0.24210526315789474,0.22105263157894733
10,20261013,dinov2_cosine_1nn,multiclass,selected_probe,purple_blotch,1.0,1.0,1.0,0.0,0.0,1.0,1.0,1.0,0.0,0.0,0.0,0.0,0.0,0.0,1.0,1.0
10,20261013,dinov2_cosine_1nn,multiclass,selected_probe,stemphylium_colletotrichum_leaf_blight,0.38,0.38,0.3,0.0,0.0,0.3,0.3,0.3,0.0,0.08,0.0,0.08,0.08,-0.08,0.22000000000000003,0.22000000000000003
10,20261013,dinov2_cosine_1nn,multiclass,sentinel,all_classes,0.07971395881006864,0.26750572082379864,0.0665446224256293,0.1884324942791762,0.007665903890160183,0.2549771167048055,0.2626430205949657,-0.12188787185354691,0.022482837528604117,0.22408466819221964,0.0,0.2465675057208238,0.2465675057208238,-0.20160183066361553,0.008409610983981691,0.016075514874141873
10,20261013,dinov2_cosine_1nn,multiclass,sentinel,healthy,0.030434782608695653,0.11739130434782608,0.09565217391304348,0.034782608695652174,0.004347826086956522,0.13043478260869565,0.13478260869565217,0.06086956521739131,0.04782608695652174,0.017391304347826087,0.0,0.06521739130434782,0.06521739130434782,0.030434782608695653,0.06521739130434782,0.06956521739130435
10,20261013,dinov2_cosine_1nn,multiclass,sentinel,iris_yellow_virus,-0.031578947368421054,0.1526315789473684,0.010526315789473684,0.07894736842105263,0.02631578947368421,0.0894736842105263,0.11578947368421053,-0.06842105263157894,0.042105263157894736,0.07894736842105263,0.0,0.12105263157894737,0.12105263157894737,-0.03684210526315789,-0.031578947368421054,-0.005263157894736842
10,20261013,dinov2_cosine_1nn,multiclass,sentinel,purple_blotch,0.3,0.5,0.0,0.5,0.0,0.5,0.5,-0.5,0.0,0.8,0.0,0.8,0.8,-0.8,-0.3,-0.3
10,20261013,dinov2_cosine_1nn,multiclass,sentinel,stemphylium_colletotrichum_leaf_blight,0.02,0.3,0.16,0.14,0.0,0.3,0.3,0.02,0.0,0.0,0.0,0.0,0.0,0.0,0.3,0.3
10,20261013,dinov2_cosine_1nn,multiclass,unselected_paired_probe,all_classes,0.005354691075514874,0.09820366132723113,0.05983981693363845,0.0903775743707094,0.025,0.1502173913043478,0.17521739130434782,-0.030537757437070944,0.0647025171624714,0.10059496567505721,0.003947368421052632,0.1652974828375286,0.16924485125858124,-0.035892448512585814,-0.015080091533180778,0.005972540045766595
10,20261013,dinov2_cosine_1nn,multiclass,unselected_paired_probe,healthy,0.07826086956521738,0.1391304347826087,0.11304347826086955,0.04782608695652174,0.0,0.16086956521739132,0.16086956521739132,0.06521739130434782,0.09565217391304348,0.10869565217391304,0.0,0.20434782608695654,0.20434782608695654,-0.013043478260869565,-0.04347826086956522,-0.04347826086956522
10,20261013,dinov2_cosine_1nn,multiclass,unselected_paired_probe,iris_yellow_virus,-0.03684210526315789,0.07368421052631578,0.12631578947368421,0.07368421052631578,0.0,0.2,0.2,0.05263157894736842,0.1631578947368421,0.07368421052631578,0.015789473684210527,0.23684210526315788,0.25263157894736843,0.0894736842105263,-0.03684210526315789,-0.05263157894736842
10,20261013,dinov2_cosine_1nn,multiclass,unselected_paired_probe,purple_blotch,0.0,0.1,0.0,0.0,0.1,0.0,0.1,0.0,0.0,0.0,0.0,0.0,0.0,0.0,0.0,0.1
10,20261013,dinov2_cosine_1nn,multiclass,unselected_paired_probe,stemphylium_colletotrichum_leaf_blight,-0.02,0.08,0.0,0.24000000000000005,0.0,0.24000000000000005,0.24000000000000005,-0.24000000000000005,0.0,0.22000000000000003,0.0,0.22000000000000003,0.22000000000000003,-0.22000000000000003,0.02,0.02
10,20261013,dinov2_logit,multiclass,all_paired_probe,all_classes,0.17852974828375284,0.20444508009153317,0.2523283752860412,0.014267734553775743,0.003157894736842105,0.26659610983981696,0.26975400457665905,0.23806064073226546,0.0895766590389016,0.030045766590389017,0.013157894736842105,0.11962242562929062,0.13278032036613271,0.05953089244851258,0.1469736842105263,0.1369736842105263
10,20261013,dinov2_logit,multiclass,all_paired_probe,healthy,0.030434782608695653,0.06304347826086956,0.028260869565217388,0.02391304347826087,0.0,0.05217391304347826,0.05217391304347826,0.004347826086956522,0.013043478260869565,0.03913043478260869,0.0,0.05217391304347826,0.05217391304347826,-0.02608695652173913,0.0,0.0
10,20261013,dinov2_logit,multiclass,all_paired_probe,iris_yellow_virus,0.12368421052631577,0.14473684210526314,0.12105263157894737,0.013157894736842105,0.002631578947368421,0.13421052631578947,0.13684210526315788,0.10789473684210527,0.055263157894736833,0.07105263157894737,0.002631578947368421,0.12631578947368421,0.12894736842105264,-0.015789473684210527,0.007894736842105263,0.007894736842105263
10,20261013,dinov2_logit,multiclass,all_paired_probe,purple_blotch,0.5,0.5,0.75,0.0,0.0,0.75,0.75,0.75,0.25,0.0,0.05,0.25,0.3,0.25,0.5,0.45
10,20261013,dinov2_logit,multiclass,all_paired_probe,stemphylium_colletotrichum_leaf_blight,0.06000000000000001,0.11000000000000001,0.11000000000000001,0.02,0.01,0.13,0.13999999999999999,0.09,0.04,0.01,0.0,0.05,0.05,0.030000000000000006,0.08,0.09
10,20261013,dinov2_logit,multiclass,selected_probe,all_classes,0.3373455377574371,0.3508466819221968,0.34839816933638446,0.006750572082379863,0.0,0.3551487414187643,0.3551487414187643,0.34164759725400456,0.03556064073226545,0.03125858123569794,0.025,0.06681922196796339,0.09181922196796338,0.004302059496567508,0.2883295194508009,0.26332951945080085
10,20261013,dinov2_logit,multiclass,selected_probe,healthy,0.030434782608695653,0.07391304347826086,0.030434782608695653,0.021739130434782608,0.0,0.05217391304347826,0.05217391304347826,0.008695652173913044,0.004347826086956522,0.02608695652173913,0.0,0.030434782608695653,0.030434782608695653,-0.021739130434782608,0.021739130434782608,0.021739130434782608
10,20261013,dinov2_logit,multiclass,selected_probe,iris_yellow_virus,0.1789473684210526,0.1894736842105263,0.1631578947368421,0.005263157894736842,0.0,0.16842105263157894,0.16842105263157894,0.15789473684210525,0.05789473684210526,0.07894736842105263,0.0,0.13684210526315788,0.13684210526315788,-0.021052631578947368,0.031578947368421054,0.031578947368421054
10,20261013,dinov2_logit,multiclass,selected_probe,purple_blotch,1.0,1.0,1.0,0.0,0.0,1.0,1.0,1.0,0.0,0.0,0.1,0.0,0.1,0.0,1.0,0.9
10,20261013,dinov2_logit,multiclass,selected_probe,stemphylium_colletotrichum_leaf_blight,0.14,0.14,0.2,0.0,0.0,0.2,0.2,0.2,0.08,0.02,0.0,0.1,0.1,0.06000000000000001,0.1,0.1
10,20261013,dinov2_logit,multiclass,sentinel,all_classes,-0.0029633867276887883,0.042608695652173914,0.015789473684210527,0.029645308924485126,0.0,0.04543478260869565,0.04543478260869565,-0.0138558352402746,0.009210526315789473,0.020102974828375288,0.0010869565217391304,0.029313501144164762,0.03040045766590389,-0.010892448512585813,0.01612128146453089,0.01503432494279176
10,20261013,dinov2_logit,multiclass,sentinel,healthy,-0.008695652173913044,0.030434782608695653,0.0,0.021739130434782608,0.0,0.021739130434782608,0.021739130434782608,-0.021739130434782608,0.0,0.013043478260869565,0.004347826086956522,0.013043478260869565,0.017391304347826087,-0.013043478260869565,0.008695652173913044,0.004347826086956522
10,20261013,dinov2_logit,multiclass,sentinel,iris_yellow_virus,0.03684210526315789,0.1,0.06315789473684211,0.03684210526315789,0.0,0.1,0.1,0.02631578947368421,0.03684210526315789,0.047368421052631574,0.0,0.08421052631578947,0.08421052631578947,-0.010526315789473684,0.015789473684210527,0.015789473684210527
10,20261013,dinov2_logit,multiclass,sentinel,purple_blotch,0.0,0.0,0.0,0.0,0.0,0.0,0.0,0.0,0.0,0.0,0.0,0.0,0.0,0.0,0.0,0.0
10,20261013,dinov2_logit,multiclass,sentinel,stemphylium_colletotrichum_leaf_blight,-0.04,0.04,0.0,0.06000000000000001,0.0,0.06000000000000001,0.06000000000000001,-0.06000000000000001,0.0,0.02,0.0,0.02,0.02,-0.02,0.04,0.04
10,20261013,dinov2_logit,multiclass,unselected_paired_probe,all_classes,0.019713958810068648,0.058043478260869565,0.15625858123569794,0.021784897025171623,0.00631578947368421,0.17804347826086958,0.18435926773455377,0.13447368421052633,0.14359267734553777,0.028832951945080086,0.0013157894736842105,0.17242562929061783,0.17374141876430205,0.11475972540045767,0.005617848970251728,0.010617848970251722
10,20261013,dinov2_logit,multiclass,unselected_paired_probe,healthy,0.030434782608695653,0.05217391304347826,0.02608695652173913,0.02608695652173913,0.0,0.05217391304347826,0.05217391304347826,0.0,0.021739130434782608,0.05217391304347826,0.0,0.07391304347826086,0.07391304347826086,-0.030434782608695653,-0.021739130434782608,-0.021739130434782608
10,20261013,dinov2_logit,multiclass,unselected_paired_probe,iris_yellow_virus,0.06842105263157894,0.1,0.07894736842105263,0.021052631578947368,0.005263157894736842,0.1,0.10526315789473684,0.05789473684210526,0.05263157894736842,0.06315789473684211,0.005263157894736842,0.11578947368421053,0.12105263157894737,-0.010526315789473684,-0.015789473684210527,-0.015789473684210527
10,20261013,dinov2_logit,multiclass,unselected_paired_probe,purple_blotch,0.0,0.0,0.5,0.0,0.0,0.5,0.5,0.5,0.5,0.0,0.0,0.5,0.5,0.5,0.0,0.0
10,20261013,dinov2_logit,multiclass,unselected_paired_probe,stemphylium_colletotrichum_leaf_blight,-0.02,0.08,0.02,0.04,0.02,0.06000000000000001,0.08,-0.02,0.0,0.0,0.0,0.0,0.0,0.0,0.06000000000000001,0.08
11,20261014,dinov2_cosine_1nn,multiclass,all_paired_probe,all_classes,0.2505320366132723,0.3646853546910755,0.2758924485125858,0.02801487414187643,0.07078947368421053,0.30390732265446224,0.3746967963386728,0.2478775743707094,0.050652173913043476,0.0533066361556064,0.056710526315789475,0.10395881006864989,0.16066933638443937,-0.0026544622425629305,0.19994851258581234,0.21402745995423342
11,20261014,dinov2_cosine_1nn,multiclass,all_paired_probe,healthy,0.06739130434782609,0.1934782608695652,0.16304347826086957,0.06521739130434782,0.0,0.22826086956521738,0.22826086956521738,0.09782608695652173,0.08260869565217391,0.05217391304347826,0.0,0.13478260869565217,0.13478260869565217,0.030434782608695653,0.0934782608695652,0.0934782608695652
11,20261014,dinov2_cosine_1nn,multiclass,all_paired_probe,iris_yellow_virus,0.09473684210526315,0.20526315789473681,0.16052631578947368,0.03684210526315789,0.013157894736842105,0.19736842105263158,0.21052631578947367,0.12368421052631577,0.1,0.07105263157894737,0.03684210526315789,0.17105263157894737,0.20789473684210527,0.02894736842105263,0.026315789473684216,0.0026315789473684236
11,20261014,dinov2_cosine_1nn,multiclass,all_paired_probe,purple_blotch,0.5,0.7,0.5,0.0,0.2,0.5,0.7,0.5,0.0,0.0,0.05,0.0,0.05,0.0,0.5,0.65
11,20261014,dinov2_cosine_1nn,multiclass,all_paired_probe,stemphylium_colletotrichum_leaf_blight,0.33999999999999997,0.36,0.27999999999999997,0.01,0.06999999999999999,0.29,0.36,0.27,0.02,0.09,0.14,0.11000000000000001,0.25,-0.07,0.18,0.11000000000000001
11,20261014,dinov2_cosine_1nn,multiclass,selected_probe,all_classes,0.46954233409610985,0.5009496567505721,0.504862700228833,0.013043478260869565,0.0013157894736842105,0.5179061784897026,0.5192219679633867,0.4918192219679634,0.05610983981693364,0.03383295194508009,0.03921052631578947,0.08994279176201372,0.1291533180778032,0.022276887871853546,0.4279633867276888,0.39006864988558354
11,20261014,dinov2_cosine_1nn,multiclass,selected_probe,healthy,0.20869565217391303,0.28695652173913044,0.28260869565217395,0.05217391304347826,0.0,0.3347826086956522,0.3347826086956522,0.23043478260869565,0.07391304347826086,0.05217391304347826,0.0,0.12608695652173912,0.12608695652173912,0.021739130434782608,0.20869565217391303,0.20869565217391303
11,20261014,dinov2_cosine_1nn,multiclass,selected_probe,iris_yellow_virus,0.1894736842105263,0.23684210526315788,0.23684210526315788,0.0,0.005263157894736842,0.23684210526315788,0.24210526315789474,0.23684210526315788,0.11052631578947367,0.06315789473684211,0.03684210526315789,0.17368421052631577,0.21052631578947367,0.047368421052631574,0.06315789473684211,0.031578947368421054
11,20261014,dinov2_cosine_1nn,multiclass,selected_probe,purple_blotch,1.0,1.0,1.0,0.0,0.0,1.0,1.0,1.0,0.0,0.0,0.0,0.0,0.0,0.0,1.0,1.0
11,20261014,dinov2_cosine_1nn,multiclass,selected_probe,stemphylium_colletotrichum_leaf_blight,0.48,0.48,0.5,0.0,0.0,0.5,0.5,0.5,0.04,0.02,0.12000000000000002,0.06000000000000001,0.18,0.02,0.44000000000000006,0.32
11,20261014,dinov2_cosine_1nn,multiclass,sentinel,all_classes,-0.012414187643020594,0.0830091533180778,0.09723112128146452,0.05331807780320367,0.024084668192219678,0.15054919908466818,0.17463386727688787,0.04391304347826087,0.10604118993135012,0.04971395881006865,0.010526315789473684,0.15575514874141877,0.16628146453089246,0.05632723112128146,-0.005205949656750565,0.008352402745995422
11,20261014,dinov2_cosine_1nn,multiclass,sentinel,healthy,-0.03913043478260869,0.14782608695652172,0.08260869565217391,0.08695652173913043,0.017391304347826087,0.16956521739130434,0.1869565217391304,-0.004347826086956522,0.06521739130434782,0.030434782608695653,0.0,0.09565217391304348,0.09565217391304348,0.034782608695652174,0.07391304347826086,0.09130434782608696
11,20261014,dinov2_cosine_1nn,multiclass,sentinel,iris_yellow_virus,-0.010526315789473684,0.18421052631578946,0.12631578947368421,0.02631578947368421,0.07894736842105263,0.1526315789473684,0.23157894736842105,0.1,0.1789473684210526,0.06842105263157894,0.042105263157894736,0.24736842105263154,0.28947368421052627,0.11052631578947367,-0.09473684210526315,-0.05789473684210526
11,20261014,dinov2_cosine_1nn,multiclass,sentinel,purple_blotch,0.0,0.0,0.0,0.0,0.0,0.0,0.0,0.0,0.0,0.0,0.0,0.0,0.0,0.0,0.0,0.0
11,20261014,dinov2_cosine_1nn,multiclass,sentinel,stemphylium_colletotrichum_leaf_blight,0.0,0.0,0.18,0.1,0.0,0.28,0.28,0.08,0.18,0.1,0.0,0.28,0.28,0.08,0.0,0.0
11,20261014,dinov2_cosine_1nn,multiclass,unselected_paired_probe,all_classes,0.03152173913043478,0.22842105263157894,0.046922196796338675,0.04298627002288329,0.14026315789473684,0.08990846681922196,0.23017162471395883,0.003935926773455377,0.04519450800915332,0.07278032036613272,0.07421052631578948,0.11797482837528603,0.1921853546910755,-0.027585812356979406,-0.028066361556064075,0.037986270022883295
11,20261014,dinov2_cosine_1nn,multiclass,unselected_paired_probe,healthy,-0.07391304347826086,0.1,0.043478260869565216,0.07826086956521738,0.0,0.12173913043478261,0.12173913043478261,-0.034782608695652174,0.09130434782608696,0.05217391304347826,0.0,0.14347826086956522,0.14347826086956522,0.03913043478260869,-0.021739130434782608,-0.021739130434782608
11,20261014,dinov2_cosine_1nn,multiclass,unselected_paired_probe,iris_yellow_virus,0.0,0.17368421052631577,0.08421052631578947,0.07368421052631578,0.021052631578947368,0.15789473684210525,0.1789473684210526,0.010526315789473684,0.0894736842105263,0.07894736842105263,0.03684210526315789,0.16842105263157894,0.20526315789473681,0.010526315789473684,-0.010526315789473684,-0.02631578947368421
11,20261014,dinov2_cosine_1nn,multiclass,unselected_paired_probe,purple_blotch,0.0,0.4,0.0,0.0,0.4,0.0,0.4,0.0,0.0,0.0,0.1,0.0,0.1,0.0,0.0,0.3
11,20261014,dinov2_cosine_1nn,multiclass,unselected_paired_probe,stemphylium_colletotrichum_leaf_blight,0.2,0.24000000000000005,0.06000000000000001,0.02,0.13999999999999999,0.08,0.22000000000000003,0.04,0.0,0.16,0.16,0.16,0.32,-0.16,-0.08,-0.1
11,20261014,dinov2_logit,multiclass,all_paired_probe,all_classes,0.10406178489702518,0.13574942791762012,0.1185812356979405,0.014565217391304347,0.0,0.13314645308924483,0.13314645308924483,0.10401601830663613,0.030840961098398168,0.030886727688787186,0.004605263157894736,0.061727688787185354,0.06633295194508008,-4.576659038901601e-05,0.07141876430205948,0.06681350114416476
11,20261014,dinov2_logit,multiclass,all_paired_probe,healthy,0.04782608695652174,0.07826086956521738,0.03695652173913043,0.028260869565217388,0.0,0.06521739130434782,0.06521739130434782,0.008695652173913044,0.006521739130434782,0.04565217391304348,0.0,0.05217391304347826,0.05217391304347826,-0.03913043478260869,0.013043478260869565,0.013043478260869565
11,20261014,dinov2_logit,multiclass,all_paired_probe,iris_yellow_virus,0.018421052631578946,0.09473684210526315,0.047368421052631574,0.0,0.0,0.047368421052631574,0.047368421052631574,0.047368421052631574,0.03684210526315789,0.007894736842105263,0.018421052631578946,0.04473684210526315,0.06315789473684211,0.02894736842105263,0.002631578947368421,-0.015789473684210527
11,20261014,dinov2_logit,multiclass,all_paired_probe,purple_blotch,0.25,0.25,0.25,0.0,0.0,0.25,0.25,0.25,0.0,0.0,0.0,0.0,0.0,0.0,0.25,0.25
11,20261014,dinov2_logit,multiclass,all_paired_probe,stemphylium_colletotrichum_leaf_blight,0.1,0.12000000000000002,0.14,0.030000000000000006,0.0,0.17,0.17,0.11000000000000001,0.08,0.07,0.0,0.15,0.15,0.01,0.02,0.02
11,20261014,dinov2_logit,multiclass,selected_probe,all_classes,0.21752860411899314,0.23417620137299772,0.22127002288329517,0.002173913043478261,0.0,0.22344393592677342,0.22344393592677342,0.21909610983981692,0.031578947368421054,0.030011441647597253,0.006578947368421052,0.06159038901601831,0.06816933638443937,0.001567505720823799,0.16185354691075513,0.15527459954233408
11,20261014,dinov2_logit,multiclass,selected_probe,healthy,0.08695652173913043,0.09565217391304348,0.06086956521739131,0.008695652173913044,0.0,0.06956521739130435,0.06956521739130435,0.05217391304347826,0.0,0.034782608695652174,0.0,0.034782608695652174,0.034782608695652174,-0.034782608695652174,0.034782608695652174,0.034782608695652174
11,20261014,dinov2_logit,multiclass,selected_probe,iris_yellow_virus,0.06315789473684211,0.12105263157894737,0.08421052631578947,0.0,0.0,0.08421052631578947,0.08421052631578947,0.08421052631578947,0.02631578947368421,0.005263157894736842,0.02631578947368421,0.031578947368421054,0.05789473684210526,0.021052631578947368,0.05263157894736842,0.02631578947368421
11,20261014,dinov2_logit,multiclass,selected_probe,purple_blotch,0.5,0.5,0.5,0.0,0.0,0.5,0.5,0.5,0.0,0.0,0.0,0.0,0.0,0.0,0.5,0.5
11,20261014,dinov2_logit,multiclass,selected_probe,stemphylium_colletotrichum_leaf_blight,0.22000000000000003,0.22000000000000003,0.24000000000000005,0.0,0.0,0.24000000000000005,0.24000000000000005,0.24000000000000005,0.1,0.08,0.0,0.18,0.18,0.02,0.06000000000000001,0.06000000000000001
11,20261014,dinov2_logit,multiclass,sentinel,all_classes,-0.021121281464530895,0.07265446224256293,0.022082379862700226,0.03655606407322655,0.018135011441647596,0.05863844393592678,0.07677345537757438,-0.014473684210526316,0.026258581235697943,0.019610983981693364,0.006521739130434782,0.04586956521739131,0.05239130434782609,0.006647597254004575,0.01276887871853547,0.024382151029748285
11,20261014,dinov2_logit,multiclass,sentinel,healthy,-0.008695652173913044,0.06956521739130435,0.030434782608695653,0.030434782608695653,0.030434782608695653,0.06086956521739131,0.09130434782608696,0.0,0.02608695652173913,0.017391304347826087,0.02608695652173913,0.043478260869565216,0.06956521739130435,0.008695652173913044,0.017391304347826087,0.021739130434782608
11,20261014,dinov2_logit,multiclass,sentinel,iris_yellow_virus,-0.015789473684210527,0.12105263157894737,0.05789473684210526,0.015789473684210527,0.042105263157894736,0.07368421052631578,0.11578947368421053,0.042105263157894736,0.07894736842105263,0.021052631578947368,0.0,0.1,0.1,0.05789473684210526,-0.02631578947368421,0.015789473684210527
11,20261014,dinov2_logit,multiclass,sentinel,purple_blotch,0.0,0.0,0.0,0.0,0.0,0.0,0.0,0.0,0.0,0.0,0.0,0.0,0.0,0.0,0.0,0.0
11,20261014,dinov2_logit,multiclass,sentinel,stemphylium_colletotrichum_leaf_blight,-0.06000000000000001,0.1,0.0,0.1,0.0,0.1,0.1,-0.1,0.0,0.04,0.0,0.04,0.04,-0.04,0.06000000000000001,0.06000000000000001
11,20261014,dinov2_logit,multiclass,unselected_paired_probe,all_classes,-0.009405034324942791,0.03732265446224256,0.015892448512585814,0.026956521739130435,0.0,0.042848970251716245,0.042848970251716245,-0.011064073226544622,0.030102974828375283,0.03176201372997712,0.002631578947368421,0.06186498855835241,0.06449656750572083,-0.0016590389016018308,-0.019016018306636153,-0.021647597254004575
11,20261014,dinov2_logit,multiclass,unselected_paired_probe,healthy,0.008695652173913044,0.06086956521739131,0.013043478260869565,0.04782608695652174,0.0,0.06086956521739131,0.06086956521739131,-0.034782608695652174,0.013043478260869565,0.056521739130434775,0.0,0.06956521739130435,0.06956521739130435,-0.043478260869565216,-0.008695652173913044,-0.008695652173913044
11,20261014,dinov2_logit,multiclass,unselected_paired_probe,iris_yellow_virus,-0.02631578947368421,0.06842105263157894,0.010526315789473684,0.0,0.0,0.010526315789473684,0.010526315789473684,0.010526315789473684,0.047368421052631574,0.010526315789473684,0.010526315789473684,0.05789473684210526,0.06842105263157894,0.03684210526315789,-0.047368421052631574,-0.05789473684210526
11,20261014,dinov2_logit,multiclass,unselected_paired_probe,purple_blotch,0.0,0.0,0.0,0.0,0.0,0.0,0.0,0.0,0.0,0.0,0.0,0.0,0.0,0.0,0.0,0.0
11,20261014,dinov2_logit,multiclass,unselected_paired_probe,stemphylium_colletotrichum_leaf_blight,-0.02,0.02,0.04,0.06000000000000001,0.0,0.1,0.1,-0.02,0.06000000000000001,0.06000000000000001,0.0,0.12000000000000002,0.12000000000000002,0.0,-0.02,-0.02
12,20261015,dinov2_cosine_1nn,multiclass,all_paired_probe,all_classes,0.19906750572082382,0.25738558352402746,0.20838100686498856,0.03248283752860412,0.024605263157894738,0.2408638443935927,0.2654691075514874,0.17589816933638444,0.03192219679633867,0.05509153318077803,0.09856979405034325,0.0870137299771167,0.18558352402745998,-0.02316933638443936,0.15385011441647597,0.07988558352402746
12,20261015,dinov2_cosine_1nn,multiclass,all_paired_probe,healthy,0.11521739130434783,0.15217391304347827,0.12826086956521737,0.04782608695652174,0.0,0.17608695652173914,0.17608695652173914,0.08043478260869566,0.043478260869565216,0.07826086956521738,0.002173913043478261,0.12173913043478261,0.12391304347826086,-0.034782608695652174,0.05434782608695653,0.05217391304347826
12,20261015,dinov2_cosine_1nn,multiclass,all_paired_probe,iris_yellow_virus,0.22105263157894733,0.2973684210526316,0.2552631578947368,0.042105263157894736,0.018421052631578946,0.2973684210526316,0.3157894736842105,0.21315789473684207,0.08421052631578947,0.09210526315789473,0.042105263157894736,0.1763157894736842,0.21842105263157893,-0.007894736842105263,0.12105263157894737,0.09736842105263158
12,20261015,dinov2_cosine_1nn,multiclass,all_paired_probe,purple_blotch,0.25,0.35,0.25,0.0,0.05,0.25,0.3,0.25,0.0,0.0,0.25,0.0,0.25,0.0,0.25,0.05
12,20261015,dinov2_cosine_1nn,multiclass,all_paired_probe,stemphylium_colletotrichum_leaf_blight,0.21000000000000002,0.22999999999999998,0.2,0.04,0.030000000000000006,0.24,0.27,0.16,0.0,0.05,0.1,0.05,0.15,-0.05,0.19,0.12
12,20261015,dinov2_cosine_1nn,multiclass,selected_probe,all_classes,0.36907322654462243,0.36907322654462243,0.36498855835240274,0.004576659038901602,0.0,0.3695652173913043,0.3695652173913043,0.36041189931350115,0.02997711670480549,0.03863844393592677,0.08661327231121281,0.06861556064073226,0.15522883295194506,-0.008661327231121282,0.3009496567505721,0.21433638443935926
12,20261015,dinov2_cosine_1nn,multiclass,selected_probe,healthy,0.1826086956521739,0.1826086956521739,0.16521739130434782,0.013043478260869565,0.0,0.1782608695652174,0.1782608695652174,0.15217391304347824,0.030434782608695653,0.06086956521739131,0.004347826086956522,0.09130434782608696,0.09565217391304348,-0.030434782608695653,0.08695652173913043,0.08260869565217391
12,20261015,dinov2_cosine_1nn,multiclass,selected_probe,iris_yellow_virus,0.37368421052631573,0.37368421052631573,0.39473684210526316,0.005263157894736842,0.0,0.4,0.4,0.3894736842105263,0.0894736842105263,0.07368421052631578,0.042105263157894736,0.1631578947368421,0.20526315789473681,0.015789473684210527,0.23684210526315788,0.19473684210526315
12,20261015,dinov2_cosine_1nn,multiclass,selected_probe,purple_blotch,0.5,0.5,0.5,0.0,0.0,0.5,0.5,0.5,0.0,0.0,0.2,0.0,0.2,0.0,0.5,0.3
12,20261015,dinov2_cosine_1nn,multiclass,selected_probe,stemphylium_colletotrichum_leaf_blight,0.42000000000000004,0.42000000000000004,0.4,0.0,0.0,0.4,0.4,0.4,0.0,0.02,0.1,0.02,0.12000000000000002,-0.02,0.38,0.27999999999999997
12,20261015,dinov2_cosine_1nn,multiclass,sentinel,all_classes,0.04462242562929062,0.1565903890160183,0.06424485125858123,0.014588100686498856,0.10413043478260868,0.07883295194508008,0.1829633867276888,0.04965675057208238,0.04410755148741419,0.039073226544622426,0.1326086956521739,0.0831807780320366,0.21578947368421053,0.005034324942791762,-0.0043478260869565175,-0.03282608695652174
12,20261015,dinov2_cosine_1nn,multiclass,sentinel,healthy,0.05217391304347826,0.13478260869565217,0.10434782608695652,0.04782608695652174,0.056521739130434775,0.15217391304347827,0.20869565217391303,0.056521739130434775,0.08695652173913043,0.08260869565217391,0.030434782608695653,0.16956521739130434,0.2,0.004347826086956522,-0.017391304347826084,0.008695652173913045
12,20261015,dinov2_cosine_1nn,multiclass,sentinel,iris_yellow_virus,0.02631578947368421,0.13157894736842105,0.05263157894736842,0.010526315789473684,0.0,0.06315789473684211,0.06315789473684211,0.042105263157894736,0.0894736842105263,0.07368421052631578,0.0,0.1631578947368421,0.1631578947368421,0.015789473684210527,-0.1,-0.1
12,20261015,dinov2_cosine_1nn,multiclass,sentinel,purple_blotch,0.0,0.2,0.0,0.0,0.3,0.0,0.3,0.0,0.0,0.0,0.5,0.0,0.5,0.0,0.0,-0.2
12,20261015,dinov2_cosine_1nn,multiclass,sentinel,stemphylium_colletotrichum_leaf_blight,0.1,0.16,0.1,0.0,0.06000000000000001,0.1,0.16,0.1,0.0,0.0,0.0,0.0,0.0,0.0,0.1,0.16
12,20261015,dinov2_cosine_1nn,multiclass,unselected_paired_probe,all_classes,0.029061784897025173,0.1456979405034325,0.051773455377574364,0.06038901601830664,0.049210526315789475,0.11216247139588101,0.1613729977116705,-0.008615560640732267,0.03386727688787185,0.07154462242562928,0.11052631578947367,0.10541189931350115,0.2159382151029748,-0.03767734553775744,0.006750572082379866,-0.054565217391304356
12,20261015,dinov2_cosine_1nn,multiclass,unselected_paired_probe,healthy,0.04782608695652174,0.12173913043478261,0.09130434782608696,0.08260869565217391,0.0,0.17391304347826086,0.17391304347826086,0.008695652173913044,0.056521739130434775,0.09565217391304348,0.0,0.15217391304347824,0.15217391304347824,-0.03913043478260869,0.021739130434782615,0.021739130434782615
12,20261015,dinov2_cosine_1nn,multiclass,unselected_paired_probe,iris_yellow_virus,0.06842105263157894,0.22105263157894733,0.11578947368421053,0.07894736842105263,0.03684210526315789,0.19473684210526315,0.23157894736842105,0.03684210526315789,0.07894736842105263,0.11052631578947367,0.042105263157894736,0.1894736842105263,0.23157894736842105,-0.031578947368421054,0.005263157894736842,0.0
12,20261015,dinov2_cosine_1nn,multiclass,unselected_paired_probe,purple_blotch,0.0,0.2,0.0,0.0,0.1,0.0,0.1,0.0,0.0,0.0,0.3,0.0,0.3,0.0,0.0,-0.2
12,20261015,dinov2_cosine_1nn,multiclass,unselected_paired_probe,stemphylium_colletotrichum_leaf_blight,0.0,0.04,0.0,0.08,0.06000000000000001,0.08,0.14,-0.08,0.0,0.08,0.1,0.08,0.18,-0.08,0.0,-0.039999999999999994
12,20261015,dinov2_logit,multiclass,all_paired_probe,all_classes,0.11022311212814644,0.14056064073226543,0.03458237986270023,0.03117276887871854,0.0,0.06575514874141877,0.06575514874141877,0.0034096109839816926,0.02494279176201373,0.1317562929061785,0.0,0.1566990846681922,0.1566990846681922,-0.10681350114416477,-0.09094393592677345,-0.09094393592677345
12,20261015,dinov2_logit,multiclass,all_paired_probe,healthy,0.028260869565217388,0.05434782608695652,0.030434782608695653,0.015217391304347827,0.0,0.04565217391304348,0.04565217391304348,0.015217391304347827,0.02608695652173913,0.03913043478260869,0.0,0.06521739130434782,0.06521739130434782,-0.013043478260869565,-0.019565217391304346,-0.019565217391304346
12,20261015,dinov2_logit,multiclass,all_paired_probe,iris_yellow_virus,0.05263157894736842,0.10789473684210527,0.10789473684210527,0.039473684210526314,0.0,0.14736842105263157,0.14736842105263157,0.06842105263157894,0.07368421052631578,0.05789473684210526,0.0,0.13157894736842105,0.13157894736842105,0.015789473684210527,0.015789473684210527,0.015789473684210527
12,20261015,dinov2_logit,multiclass,all_paired_probe,purple_blotch,0.25,0.25,0.0,0.0,0.0,0.0,0.0,0.0,0.0,0.25,0.0,0.25,0.25,-0.25,-0.25,-0.25
12,20261015,dinov2_logit,multiclass,all_paired_probe,stemphylium_colletotrichum_leaf_blight,0.11000000000000001,0.15,0.0,0.07,0.0,0.07,0.07,-0.07,0.0,0.18,0.0,0.18,0.18,-0.18,-0.11000000000000001,-0.11000000000000001
12,20261015,dinov2_logit,multiclass,selected_probe,all_classes,0.20781464530892452,0.21479405034324942,0.04508009153318078,0.003489702517162471,0.0,0.04856979405034325,0.04856979405034325,0.0415903890160183,0.02757437070938215,0.1937986270022883,0.0,0.22137299771167046,0.22137299771167046,-0.1662242562929062,-0.17280320366132723,-0.17280320366132723
12,20261015,dinov2_logit,multiclass,selected_probe,healthy,0.056521739130434775,0.07391304347826086,0.043478260869565216,0.008695652173913044,0.0,0.05217391304347826,0.05217391304347826,0.034782608695652174,0.02608695652173913,0.04782608695652174,0.0,0.07391304347826086,0.07391304347826086,-0.021739130434782608,-0.021739130434782608,-0.021739130434782608
12,20261015,dinov2_logit,multiclass,selected_probe,iris_yellow_virus,0.09473684210526315,0.10526315789473684,0.13684210526315788,0.005263157894736842,0.0,0.14210526315789473,0.14210526315789473,0.13157894736842105,0.08421052631578947,0.047368421052631574,0.0,0.13157894736842105,0.13157894736842105,0.03684210526315789,0.010526315789473684,0.010526315789473684
12,20261015,dinov2_logit,multiclass,selected_probe,purple_blotch,0.5,0.5,0.0,0.0,0.0,0.0,0.0,0.0,0.0,0.5,0.0,0.5,0.5,-0.5,-0.5,-0.5
12,20261015,dinov2_logit,multiclass,selected_probe,stemphylium_colletotrichum_leaf_blight,0.18,0.18,0.0,0.0,0.0,0.0,0.0,0.0,0.0,0.18,0.0,0.18,0.18,-0.18,-0.18,-0.18
12,20261015,dinov2_logit,multiclass,sentinel,all_classes,0.021121281464530895,0.07145308924485126,0.04657894736842105,0.006350114416475971,0.015000000000000003,0.05292906178489702,0.06792906178489702,0.040228832951945084,0.035526315789473684,0.016418764302059498,0.02,0.05194508009153318,0.07194508009153319,0.019107551487414186,0.000983981693363846,-0.004016018306636155
12,20261015,dinov2_logit,multiclass,sentinel,healthy,0.008695652173913044,0.017391304347826087,0.0,0.004347826086956522,0.0,0.004347826086956522,0.004347826086956522,-0.004347826086956522,0.0,0.013043478260869565,0.0,0.013043478260869565,0.013043478260869565,-0.013043478260869565,-0.008695652173913044,-0.008695652173913044
12,20261015,dinov2_logit,multiclass,sentinel,iris_yellow_virus,0.015789473684210527,0.06842105263157894,0.02631578947368421,0.021052631578947368,0.0,0.047368421052631574,0.047368421052631574,0.005263157894736842,0.042105263157894736,0.05263157894736842,0.0,0.09473684210526315,0.09473684210526315,-0.010526315789473684,-0.047368421052631574,-0.047368421052631574
12,20261015,dinov2_logit,multiclass,sentinel,purple_blotch,0.0,0.0,0.0,0.0,0.0,0.0,0.0,0.0,0.0,0.0,0.0,0.0,0.0,0.0,0.0,0.0
12,20261015,dinov2_logit,multiclass,sentinel,stemphylium_colletotrichum_leaf_blight,0.06000000000000001,0.2,0.16,0.0,0.06000000000000001,0.16,0.22000000000000003,0.16,0.1,0.0,0.08,0.1,0.18,0.1,0.06000000000000001,0.04
12,20261015,dinov2_logit,multiclass,unselected_paired_probe,all_classes,0.01263157894736842,0.06632723112128146,0.024084668192219678,0.0588558352402746,0.0,0.08294050343249429,0.08294050343249429,-0.03477116704805492,0.02231121281464531,0.06971395881006866,0.0,0.09202517162471395,0.09202517162471395,-0.047402745995423344,-0.009084668192219678,-0.009084668192219678
12,20261015,dinov2_logit,multiclass,unselected_paired_probe,healthy,0.0,0.034782608695652174,0.017391304347826087,0.021739130434782608,0.0,0.03913043478260869,0.03913043478260869,-0.004347826086956522,0.02608695652173913,0.030434782608695653,0.0,0.056521739130434775,0.056521739130434775,-0.004347826086956522,-0.017391304347826087,-0.017391304347826087
12,20261015,dinov2_logit,multiclass,unselected_paired_probe,iris_yellow_virus,0.010526315789473684,0.11052631578947367,0.07894736842105263,0.07368421052631578,0.0,0.1526315789473684,0.1526315789473684,0.005263157894736842,0.06315789473684211,0.06842105263157894,0.0,0.13157894736842105,0.13157894736842105,-0.005263157894736842,0.021052631578947368,0.021052631578947368
12,20261015,dinov2_logit,multiclass,unselected_paired_probe,purple_blotch,0.0,0.0,0.0,0.0,0.0,0.0,0.0,0.0,0.0,0.0,0.0,0.0,0.0,0.0,0.0,0.0
12,20261015,dinov2_logit,multiclass,unselected_paired_probe,stemphylium_colletotrichum_leaf_blight,0.04,0.12000000000000002,0.0,0.14,0.0,0.14,0.14,-0.14,0.0,0.18,0.0,0.18,0.18,-0.18,-0.039999999999999994,-0.039999999999999994
13,20261016,dinov2_cosine_1nn,multiclass,all_paired_probe,all_classes,0.2523112128146453,0.3325572082379863,0.2632437070938215,0.0432837528604119,0.01108695652173913,0.3065274599542334,0.31761441647597255,0.21995995423340958,0.035583524027459956,0.06793478260869565,0.027717391304347826,0.1035183066361556,0.13123569794050344,-0.03235125858123569,0.20300915331807784,0.1863787185354691
13,20261016,dinov2_cosine_1nn,multiclass,all_paired_probe,healthy,0.07608695652173914,0.17391304347826086,0.16086956521739132,0.03260869565217391,0.004347826086956522,0.19347826086956524,0.19782608695652176,0.12826086956521737,0.07391304347826086,0.021739130434782608,0.010869565217391304,0.09565217391304347,0.10652173913043479,0.05217391304347826,0.09782608695652176,0.09130434782608696
13,20261016,dinov2_cosine_1nn,multiclass,all_paired_probe,iris_yellow_virus,0.1631578947368421,0.2763157894736842,0.09210526315789473,0.11052631578947367,0.0,0.2026315789473684,0.2026315789473684,-0.018421052631578946,0.018421052631578946,0.2,0.0,0.21842105263157893,0.21842105263157893,-0.18157894736842103,-0.015789473684210534,-0.015789473684210534
13,20261016,dinov2_cosine_1nn,multiclass,all_paired_probe,purple_blotch,0.5,0.5,0.5,0.0,0.0,0.5,0.5,0.5,0.0,0.0,0.0,0.0,0.0,0.0,0.5,0.5
13,20261016,dinov2_cosine_1nn,multiclass,all_paired_probe,stemphylium_colletotrichum_leaf_blight,0.27,0.38,0.3,0.030000000000000006,0.04,0.32999999999999996,0.37,0.27,0.05,0.05,0.1,0.1,0.2,0.0,0.23000000000000004,0.16999999999999998
13,20261016,dinov2_cosine_1nn,multiclass,selected_probe,all_classes,0.5309839816933638,0.5353318077803204,0.49599542334096114,0.0,0.0,0.49599542334096114,0.49599542334096114,0.49599542334096114,0.03262013729977117,0.06760869565217391,0.02717391304347826,0.10022883295194507,0.12740274599542334,-0.03498855835240274,0.39576659038901607,0.3685926773455378
13,20261016,dinov2_cosine_1nn,multiclass,selected_probe,healthy,0.19130434782608693,0.20869565217391303,0.2260869565217391,0.0,0.0,0.2260869565217391,0.2260869565217391,0.2260869565217391,0.06521739130434782,0.030434782608695653,0.008695652173913044,0.09565217391304348,0.10434782608695652,0.034782608695652174,0.13043478260869565,0.12173913043478261
13,20261016,dinov2_cosine_1nn,multiclass,selected_probe,iris_yellow_virus,0.3526315789473684,0.3526315789473684,0.15789473684210525,0.0,0.0,0.15789473684210525,0.15789473684210525,0.15789473684210525,0.005263157894736842,0.2,0.0,0.20526315789473681,0.20526315789473681,-0.19473684210526315,-0.047368421052631574,-0.047368421052631574
13,20261016,dinov2_cosine_1nn,multiclass,selected_probe,purple_blotch,1.0,1.0,1.0,0.0,0.0,1.0,1.0,1.0,0.0,0.0,0.0,0.0,0.0,0.0,1.0,1.0
13,20261016,dinov2_cosine_1nn,multiclass,selected_probe,stemphylium_colletotrichum_leaf_blight,0.58,0.58,0.6,0.0,0.0,0.6,0.6,0.6,0.06000000000000001,0.04,0.1,0.1,0.2,0.02,0.5,0.4
13,20261016,dinov2_cosine_1nn,multiclass,sentinel,all_classes,-0.015297482837528603,0.054645308924485124,0.0461441647597254,0.012471395881006864,0.011521739130434782,0.05861556064073227,0.07013729977116705,0.033672768878718534,0.055491990846681924,0.006521739130434782,0.0010869565217391304,0.062013729977116704,0.06310068649885583,0.04897025171624714,-0.0033981693363844393,0.007036613272311215
13,20261016,dinov2_cosine_1nn,multiclass,sentinel,healthy,-0.004347826086956522,0.12173913043478261,0.07826086956521738,0.013043478260869565,0.02608695652173913,0.09130434782608696,0.11739130434782608,0.06521739130434782,0.09565217391304348,0.02608695652173913,0.004347826086956522,0.12173913043478261,0.12608695652173912,0.06956521739130435,-0.030434782608695653,-0.008695652173913044
13,20261016,dinov2_cosine_1nn,multiclass,sentinel,iris_yellow_virus,-0.03684210526315789,0.03684210526315789,0.02631578947368421,0.03684210526315789,0.0,0.06315789473684211,0.06315789473684211,-0.010526315789473684,0.02631578947368421,0.0,0.0,0.02631578947368421,0.02631578947368421,0.02631578947368421,0.03684210526315789,0.03684210526315789
13,20261016,dinov2_cosine_1nn,multiclass,sentinel,purple_blotch,0.0,0.0,0.0,0.0,0.0,0.0,0.0,0.0,0.0,0.0,0.0,0.0,0.0,0.0,0.0,0.0
13,20261016,dinov2_cosine_1nn,multiclass,sentinel,stemphylium_colletotrichum_leaf_blight,-0.02,0.06000000000000001,0.08,0.0,0.02,0.08,0.1,0.08,0.1,0.0,0.0,0.1,0.1,0.1,-0.02,0.0
13,20261016,dinov2_cosine_1nn,multiclass,unselected_paired_probe,all_classes,-0.026361556064073227,0.12978260869565217,0.030491990846681923,0.0865675057208238,0.02217391304347826,0.11705949656750572,0.139233409610984,-0.05607551487414188,0.03854691075514874,0.06826086956521739,0.028260869565217395,0.10680778032036613,0.13506864988558354,-0.029713958810068653,0.01025171624713958,0.004164759725400452
13,20261016,dinov2_cosine_1nn,multiclass,unselected_paired_probe,healthy,-0.03913043478260869,0.1391304347826087,0.09565217391304348,0.06521739130434782,0.008695652173913044,0.16086956521739132,0.16956521739130434,0.030434782608695653,0.08260869565217391,0.013043478260869565,0.013043478260869565,0.09565217391304348,0.10869565217391304,0.06956521739130435,0.06521739130434782,0.06086956521739131
13,20261016,dinov2_cosine_1nn,multiclass,unselected_paired_probe,iris_yellow_virus,-0.02631578947368421,0.2,0.02631578947368421,0.22105263157894733,0.0,0.24736842105263154,0.24736842105263154,-0.19473684210526315,0.031578947368421054,0.2,0.0,0.23157894736842105,0.23157894736842105,-0.16842105263157894,0.015789473684210527,0.015789473684210527
13,20261016,dinov2_cosine_1nn,multiclass,unselected_paired_probe,purple_blotch,0.0,0.0,0.0,0.0,0.0,0.0,0.0,0.0,0.0,0.0,0.0,0.0,0.0,0.0,0.0,0.0
13,20261016,dinov2_cosine_1nn,multiclass,unselected_paired_probe,stemphylium_colletotrichum_leaf_blight,-0.04,0.18,0.0,0.06000000000000001,0.08,0.06000000000000001,0.14,-0.06000000000000001,0.04,0.06000000000000001,0.1,0.1,0.2,-0.02,-0.04,-0.06000000000000001
13,20261016,dinov2_logit,multiclass,all_paired_probe,all_classes,0.10467963386727688,0.1725572082379863,0.1501887871853547,0.031779176201373,0.0647883295194508,0.1819679633867277,0.24675629290617848,0.1184096109839817,0.05447940503432493,0.04074942791762014,0.06424485125858123,0.09522883295194508,0.15947368421052632,0.013729977116704806,0.08673913043478261,0.08728260869565216
13,20261016,dinov2_logit,multiclass,all_paired_probe,healthy,0.02608695652173913,0.07391304347826086,0.12391304347826086,0.008695652173913044,0.006521739130434782,0.13260869565217392,0.1391304347826087,0.11521739130434783,0.11739130434782608,0.028260869565217388,0.004347826086956522,0.14565217391304347,0.15,0.0891304347826087,-0.013043478260869568,-0.010869565217391302
13,20261016,dinov2_logit,multiclass,all_paired_probe,iris_yellow_virus,0.10263157894736841,0.12631578947368421,0.13684210526315788,0.018421052631578946,0.002631578947368421,0.15526315789473683,0.15789473684210525,0.11842105263157894,0.060526315789473685,0.04473684210526315,0.002631578947368421,0.10526315789473684,0.10789473684210527,0.015789473684210527,0.05,0.05
13,20261016,dinov2_logit,multiclass,all_paired_probe,purple_blotch,0.25,0.25,0.25,0.0,0.25,0.25,0.5,0.25,0.0,0.0,0.25,0.0,0.25,0.0,0.25,0.25
13,20261016,dinov2_logit,multiclass,all_paired_probe,stemphylium_colletotrichum_leaf_blight,0.04,0.24,0.09,0.1,0.0,0.19,0.19,-0.01,0.04,0.09,0.0,0.13,0.13,-0.05,0.06,0.06
13,20261016,dinov2_logit,multiclass,selected_probe,all_classes,0.23376430205949655,0.25052631578947365,0.2499771167048055,0.002631578947368421,0.0010869565217391304,0.2526086956521739,0.25369565217391304,0.2473455377574371,0.05776887871853546,0.04418764302059497,0.002402745995423341,0.10195652173913043,0.10435926773455377,0.013581235697940503,0.15065217391304347,0.14933638443935926
13,20261016,dinov2_logit,multiclass,selected_probe,healthy,0.043478260869565216,0.1,0.13043478260869565,0.0,0.004347826086956522,0.13043478260869565,0.13478260869565217,0.13043478260869565,0.11739130434782608,0.030434782608695653,0.004347826086956522,0.14782608695652172,0.15217391304347824,0.08695652173913043,-0.017391304347826087,-0.017391304347826087
13,20261016,dinov2_logit,multiclass,selected_probe,iris_yellow_virus,0.13157894736842105,0.14210526315789473,0.1894736842105263,0.010526315789473684,0.0,0.2,0.2,0.1789473684210526,0.07368421052631578,0.02631578947368421,0.005263157894736842,0.1,0.10526315789473684,0.047368421052631574,0.1,0.09473684210526315
13,20261016,dinov2_logit,multiclass,selected_probe,purple_blotch,0.5,0.5,0.5,0.0,0.0,0.5,0.5,0.5,0.0,0.0,0.0,0.0,0.0,0.0,0.5,0.5
13,20261016,dinov2_logit,multiclass,selected_probe,stemphylium_colletotrichum_leaf_blight,0.26,0.26,0.18,0.0,0.0,0.18,0.18,0.18,0.04,0.12000000000000002,0.0,0.16,0.16,-0.08,0.02,0.02
13,20261016,dinov2_logit,multiclass,sentinel,all_classes,-0.10657894736842106,0.1809954233409611,0.04194508009153318,0.014244851258581234,0.0,0.05618993135011442,0.05618993135011442,0.027700228832951944,0.1561899313501144,0.02191075514874142,0.0,0.17810068649885585,0.17810068649885585,0.134279176201373,-0.12191075514874142,-0.12191075514874142
13,20261016,dinov2_logit,multiclass,sentinel,healthy,0.0,0.02608695652173913,0.013043478260869565,0.004347826086956522,0.0,0.017391304347826087,0.017391304347826087,0.008695652173913044,0.017391304347826087,0.008695652173913044,0.0,0.02608695652173913,0.02608695652173913,0.008695652173913044,-0.008695652173913044,-0.008695652173913044
13,20261016,dinov2_logit,multiclass,sentinel,iris_yellow_virus,0.07368421052631578,0.15789473684210525,0.09473684210526315,0.05263157894736842,0.0,0.14736842105263157,0.14736842105263157,0.042105263157894736,0.047368421052631574,0.07894736842105263,0.0,0.12631578947368421,0.12631578947368421,-0.031578947368421054,0.021052631578947368,0.021052631578947368
13,20261016,dinov2_logit,multiclass,sentinel,purple_blotch,-0.5,0.5,0.0,0.0,0.0,0.0,0.0,0.0,0.5,0.0,0.0,0.5,0.5,0.5,-0.5,-0.5
13,20261016,dinov2_logit,multiclass,sentinel,stemphylium_colletotrichum_leaf_blight,0.0,0.04,0.06000000000000001,0.0,0.0,0.06000000000000001,0.06000000000000001,0.06000000000000001,0.06000000000000001,0.0,0.0,0.06000000000000001,0.06000000000000001,0.06000000000000001,0.0,0.0
13,20261016,dinov2_logit,multiclass,unselected_paired_probe,all_classes,-0.024405034324942794,0.09458810068649885,0.05040045766590388,0.06092677345537758,0.12848970251716246,0.11132723112128147,0.23981693363844392,-0.010526315789473687,0.05118993135011442,0.037311212814645306,0.12608695652173912,0.08850114416475971,0.21458810068649886,0.013878718535469108,0.022826086956521746,0.025228832951945078
13,20261016,dinov2_logit,multiclass,unselected_paired_probe,healthy,0.008695652173913044,0.04782608695652174,0.11739130434782608,0.017391304347826087,0.008695652173913044,0.13478260869565217,0.14347826086956522,0.1,0.11739130434782608,0.02608695652173913,0.004347826086956522,0.14347826086956522,0.14782608695652172,0.09130434782608696,-0.008695652173913044,-0.004347826086956522
13,20261016,dinov2_logit,multiclass,unselected_paired_probe,iris_yellow_virus,0.07368421052631578,0.11052631578947367,0.08421052631578947,0.02631578947368421,0.005263157894736842,0.11052631578947367,0.11578947368421053,0.05789473684210526,0.047368421052631574,0.06315789473684211,0.0,0.11052631578947367,0.11052631578947367,-0.015789473684210527,0.0,0.005263157894736842
13,20261016,dinov2_logit,multiclass,unselected_paired_probe,purple_blotch,0.0,0.0,0.0,0.0,0.5,0.0,0.5,0.0,0.0,0.0,0.5,0.0,0.5,0.0,0.0,0.0
13,20261016,dinov2_logit,multiclass,unselected_paired_probe,stemphylium_colletotrichum_leaf_blight,-0.18,0.22000000000000003,0.0,0.2,0.0,0.2,0.2,-0.2,0.04,0.06000000000000001,0.0,0.1,0.1,-0.02,0.1,0.1
14,20261017,dinov2_cosine_1nn,multiclass,all_paired_probe,all_classes,0.2834496567505721,0.3698169336384439,0.36941075514874144,0.030863844393592677,0.039164759725400455,0.40027459954233413,0.43943935926773453,0.33854691075514876,0.11053203661327231,0.05543478260869565,0.046796338672768875,0.16596681922196796,0.21276315789473682,0.05509725400457666,0.23430778032036614,0.2266762013729977
14,20261017,dinov2_cosine_1nn,multiclass,all_paired_probe,healthy,0.13695652173913045,0.24347826086956523,0.20869565217391303,0.02608695652173913,0.010869565217391304,0.2347826086956522,0.24565217391304345,0.1826086956521739,0.11739130434782608,0.07173913043478261,0.010869565217391304,0.1891304347826087,0.2,0.04565217391304348,0.04565217391304348,0.04565217391304348
14,20261017,dinov2_cosine_1nn,multiclass,all_paired_probe,iris_yellow_virus,0.13684210526315788,0.21578947368421053,0.1789473684210526,0.047368421052631574,0.015789473684210527,0.2263157894736842,0.24210526315789474,0.13157894736842105,0.04473684210526315,0.05,0.02631578947368421,0.09473684210526315,0.12105263157894737,-0.005263157894736842,0.13157894736842105,0.12105263157894737
14,20261017,dinov2_cosine_1nn,multiclass,all_paired_probe,purple_blotch,0.5,0.6,0.75,0.0,0.1,0.75,0.85,0.75,0.25,0.0,0.05,0.25,0.3,0.25,0.5,0.55
14,20261017,dinov2_cosine_1nn,multiclass,all_paired_probe,stemphylium_colletotrichum_leaf_blight,0.36,0.42000000000000004,0.33999999999999997,0.05,0.030000000000000006,0.39,0.42000000000000004,0.29,0.030000000000000006,0.1,0.1,0.13,0.22999999999999998,-0.07,0.26,0.19
14,20261017,dinov2_cosine_1nn,multiclass,selected_probe,all_classes,0.5631693363844393,0.5658009153318078,0.5566933638443936,0.0013157894736842105,0.0,0.5580091533180778,0.5580091533180778,0.5553775743707094,0.03943935926773455,0.04723112128146453,0.06352402745995424,0.0866704805491991,0.1501945080091533,-0.007791762013729976,0.47133867276887875,0.4078146453089245
14,20261017,dinov2_cosine_1nn,multiclass,selected_probe,healthy,0.33478260869565213,0.33478260869565213,0.34782608695652173,0.0,0.0,0.34782608695652173,0.34782608695652173,0.34782608695652173,0.09565217391304348,0.08260869565217391,0.013043478260869565,0.1782608695652174,0.19130434782608696,0.013043478260869565,0.16956521739130434,0.15652173913043477
14,20261017,dinov2_cosine_1nn,multiclass,selected_probe,iris_yellow_virus,0.2578947368421053,0.26842105263157895,0.2789473684210526,0.005263157894736842,0.0,0.28421052631578947,0.28421052631578947,0.27368421052631575,0.042105263157894736,0.02631578947368421,0.021052631578947368,0.06842105263157894,0.0894736842105263,0.015789473684210527,0.21578947368421053,0.19473684210526315
14,20261017,dinov2_cosine_1nn,multiclass,selected_probe,purple_blotch,1.0,1.0,1.0,0.0,0.0,1.0,1.0,1.0,0.0,0.0,0.1,0.0,0.1,0.0,1.0,0.9
14,20261017,dinov2_cosine_1nn,multiclass,selected_probe,stemphylium_colletotrichum_leaf_blight,0.66,0.66,0.6,0.0,0.0,0.6,0.6,0.6,0.02,0.08,0.12000000000000002,0.1,0.22000000000000003,-0.06000000000000001,0.5,0.38
14,20261017,dinov2_cosine_1nn,multiclass,sentinel,all_classes,0.005320366132723117,0.18893592677345536,0.021395881006864986,0.043478260869565216,0.05657894736842105,0.0648741418764302,0.12145308924485125,-0.022082379862700226,0.047883295194508006,0.07528604118993135,0.005,0.12316933638443936,0.12816933638443936,-0.027402745995423344,-0.05829519450800915,-0.006716247139588101
14,20261017,dinov2_cosine_1nn,multiclass,sentinel,healthy,-0.02608695652173913,0.16521739130434782,0.043478260869565216,0.07391304347826086,0.0,0.11739130434782608,0.11739130434782608,-0.030434782608695653,0.06521739130434782,0.06956521739130435,0.0,0.13478260869565217,0.13478260869565217,-0.004347826086956522,-0.017391304347826087,-0.017391304347826087
14,20261017,dinov2_cosine_1nn,multiclass,sentinel,iris_yellow_virus,-0.1526315789473684,0.21052631578947367,0.042105263157894736,0.1,0.02631578947368421,0.14210526315789473,0.16842105263157894,-0.05789473684210526,0.12631578947368421,0.031578947368421054,0.0,0.15789473684210525,0.15789473684210525,0.09473684210526315,-0.015789473684210527,0.010526315789473684
14,20261017,dinov2_cosine_1nn,multiclass,sentinel,purple_blotch,0.0,0.0,0.0,0.0,0.0,0.0,0.0,0.0,0.0,0.0,0.0,0.0,0.0,0.0,0.0,0.0
14,20261017,dinov2_cosine_1nn,multiclass,sentinel,stemphylium_colletotrichum_leaf_blight,0.2,0.38,0.0,0.0,0.2,0.0,0.2,0.0,0.0,0.2,0.02,0.2,0.22000000000000003,-0.2,-0.2,-0.02
14,20261017,dinov2_cosine_1nn,multiclass,unselected_paired_probe,all_classes,0.0037299771167048057,0.17383295194508008,0.18212814645308922,0.06041189931350115,0.07832951945080091,0.2425400457665904,0.3208695652173913,0.1217162471395881,0.18162471395881008,0.06363844393592677,0.030068649885583526,0.24526315789473685,0.27533180778032035,0.11798627002288328,-0.0027231121281464377,0.04553775743707094
14,20261017,dinov2_cosine_1nn,multiclass,unselected_paired_probe,healthy,-0.06086956521739131,0.15217391304347824,0.06956521739130435,0.05217391304347826,0.021739130434782608,0.12173913043478261,0.14347826086956522,0.017391304347826087,0.1391304347826087,0.06086956521739131,0.008695652173913044,0.2,0.20869565217391303,0.07826086956521738,-0.07826086956521738,-0.06521739130434782
14,20261017,dinov2_cosine_1nn,multiclass,unselected_paired_probe,iris_yellow_virus,0.015789473684210527,0.1631578947368421,0.07894736842105263,0.0894736842105263,0.031578947368421054,0.16842105263157894,0.2,-0.010526315789473684,0.047368421052631574,0.07368421052631578,0.031578947368421054,0.12105263157894737,0.1526315789473684,-0.02631578947368421,0.047368421052631574,0.047368421052631574
14,20261017,dinov2_cosine_1nn,multiclass,unselected_paired_probe,purple_blotch,0.0,0.2,0.5,0.0,0.2,0.5,0.7,0.5,0.5,0.0,0.0,0.5,0.5,0.5,0.0,0.2
14,20261017,dinov2_cosine_1nn,multiclass,unselected_paired_probe,stemphylium_colletotrichum_leaf_blight,0.06000000000000001,0.18,0.08,0.1,0.06000000000000001,0.18,0.24000000000000005,-0.02,0.04,0.12000000000000002,0.08,0.16,0.24000000000000005,-0.08,0.019999999999999997,5.551115123125783e-18
14,20261017,dinov2_logit,multiclass,all_paired_probe,all_classes,0.0867162471395881,0.10244851258581236,0.06859839816933638,0.010812356979405035,0.001973684210526316,0.07941075514874142,0.08138443935926773,0.057786041189931345,0.016790617848970252,0.045720823798627006,0.0006578947368421052,0.06251144164759725,0.06316933638443936,-0.02893020594965675,0.016899313501144164,0.018215102974828375
14,20261017,dinov2_logit,multiclass,all_paired_probe,healthy,0.017391304347826087,0.043478260869565216,0.03913043478260869,0.019565217391304346,0.0,0.05869565217391304,0.05869565217391304,0.019565217391304346,0.043478260869565216,0.041304347826086954,0.0,0.08478260869565217,0.08478260869565217,0.002173913043478261,-0.02608695652173913,-0.02608695652173913
14,20261017,dinov2_logit,multiclass,all_paired_probe,iris_yellow_virus,0.039473684210526314,0.0763157894736842,0.055263157894736833,0.023684210526315787,0.007894736842105263,0.07894736842105263,0.08684210526315789,0.031578947368421054,0.023684210526315787,0.031578947368421054,0.002631578947368421,0.055263157894736833,0.05789473684210526,-0.007894736842105263,0.023684210526315787,0.02894736842105263
14,20261017,dinov2_logit,multiclass,all_paired_probe,purple_blotch,0.05,0.05,0.0,0.0,0.0,0.0,0.0,0.0,0.0,0.05,0.0,0.05,0.05,-0.05,-0.05,-0.05
14,20261017,dinov2_logit,multiclass,all_paired_probe,stemphylium_colletotrichum_leaf_blight,0.24,0.24,0.18,0.0,0.0,0.18,0.18,0.18,0.0,0.06000000000000001,0.0,0.06000000000000001,0.06000000000000001,-0.06000000000000001,0.12,0.12
14,20261017,dinov2_logit,multiclass,selected_probe,all_classes,0.12276887871853548,0.12974828375286043,0.11192219679633866,0.0072082379862700215,0.0,0.1191304347826087,0.1191304347826087,0.10471395881006865,0.0198512585812357,0.03790617848970252,0.0,0.05775743707093821,0.05775743707093821,-0.018054919908466822,0.061372997711670485,0.061372997711670485
14,20261017,dinov2_logit,multiclass,selected_probe,healthy,0.017391304347826087,0.034782608695652174,0.043478260869565216,0.013043478260869565,0.0,0.056521739130434775,0.056521739130434775,0.030434782608695653,0.04782608695652174,0.034782608695652174,0.0,0.08260869565217391,0.08260869565217391,0.013043478260869565,-0.02608695652173913,-0.02608695652173913
14,20261017,dinov2_logit,multiclass,selected_probe,iris_yellow_virus,0.07368421052631578,0.08421052631578947,0.08421052631578947,0.015789473684210527,0.0,0.1,0.1,0.06842105263157894,0.031578947368421054,0.03684210526315789,0.0,0.06842105263157894,0.06842105263157894,-0.005263157894736842,0.031578947368421054,0.031578947368421054
14,20261017,dinov2_logit,multiclass,selected_probe,purple_blotch,0.0,0.0,0.0,0.0,0.0,0.0,0.0,0.0,0.0,0.0,0.0,0.0,0.0,0.0,0.0,0.0
14,20261017,dinov2_logit,multiclass,selected_probe,stemphylium_colletotrichum_leaf_blight,0.4,0.4,0.32,0.0,0.0,0.32,0.32,0.32,0.0,0.08,0.0,0.08,0.08,-0.08,0.24,0.24
14,20261017,dinov2_logit,multiclass,sentinel,all_classes,0.016441647597254007,0.07731121281464531,0.051086956521739134,0.04318077803203661,0.003260869565217391,0.09426773455377575,0.09752860411899314,0.00790617848970252,0.04115560640732265,0.04969107551487414,0.002173913043478261,0.09084668192219679,0.09302059496567505,-0.008535469107551485,0.003421052631578951,0.004508009153318085
14,20261017,dinov2_logit,multiclass,sentinel,healthy,-0.017391304347826087,0.12608695652173912,0.004347826086956522,0.06956521739130435,0.013043478260869565,0.07391304347826086,0.08695652173913043,-0.06521739130434782,0.013043478260869565,0.06086956521739131,0.008695652173913044,0.07391304347826086,0.08260869565217391,-0.04782608695652174,0.0,0.004347826086956522
14,20261017,dinov2_logit,multiclass,sentinel,iris_yellow_virus,-0.03684210526315789,0.06315789473684211,0.0,0.06315789473684211,0.0,0.06315789473684211,0.06315789473684211,-0.06315789473684211,0.031578947368421054,0.05789473684210526,0.0,0.0894736842105263,0.0894736842105263,-0.02631578947368421,-0.02631578947368421,-0.02631578947368421
14,20261017,dinov2_logit,multiclass,sentinel,purple_blotch,0.0,0.0,0.0,0.0,0.0,0.0,0.0,0.0,0.0,0.0,0.0,0.0,0.0,0.0,0.0,0.0
14,20261017,dinov2_logit,multiclass,sentinel,stemphylium_colletotrichum_leaf_blight,0.12000000000000002,0.12000000000000002,0.2,0.04,0.0,0.24000000000000005,0.24000000000000005,0.16,0.12000000000000002,0.08,0.0,0.2,0.2,0.04,0.04,0.04
14,20261017,dinov2_logit,multiclass,unselected_paired_probe,all_classes,0.05066361556064073,0.0751487414187643,0.025274599542334096,0.014416475972540043,0.003947368421052632,0.03969107551487414,0.04363844393592677,0.010858123569794051,0.013729977116704806,0.05353546910755149,0.0013157894736842105,0.0672654462242563,0.0685812356979405,-0.03980549199084669,-0.027574370709382158,-0.024942791762013732
14,20261017,dinov2_logit,multiclass,unselected_paired_probe,healthy,0.017391304347826087,0.05217391304347826,0.034782608695652174,0.02608695652173913,0.0,0.06086956521739131,0.06086956521739131,0.008695652173913044,0.03913043478260869,0.04782608695652174,0.0,0.08695652173913043,0.08695652173913043,-0.008695652173913044,-0.02608695652173913,-0.02608695652173913
14,20261017,dinov2_logit,multiclass,unselected_paired_probe,iris_yellow_virus,0.005263157894736842,0.06842105263157894,0.02631578947368421,0.031578947368421054,0.015789473684210527,0.05789473684210526,0.07368421052631578,-0.005263157894736842,0.015789473684210527,0.02631578947368421,0.005263157894736842,0.042105263157894736,0.047368421052631574,-0.010526315789473684,0.015789473684210527,0.02631578947368421
14,20261017,dinov2_logit,multiclass,unselected_paired_probe,purple_blotch,0.1,0.1,0.0,0.0,0.0,0.0,0.0,0.0,0.0,0.1,0.0,0.1,0.1,-0.1,-0.1,-0.1
14,20261017,dinov2_logit,multiclass,unselected_paired_probe,stemphylium_colletotrichum_leaf_blight,0.08,0.08,0.04,0.0,0.0,0.04,0.04,0.04,0.0,0.04,0.0,0.04,0.04,-0.04,0.0,0.0
15,20261018,dinov2_cosine_1nn,multiclass,all_paired_probe,all_classes,0.207745995423341,0.2601258581235698,0.22497139588100684,0.020823798627002288,0.007322654462242563,0.24579519450800916,0.25311784897025175,0.20414759725400455,0.03676201372997712,0.0403604118993135,0.012866132723112128,0.07712242562929061,0.08998855835240274,-0.0035983981693363852,0.16867276887871854,0.16312929061784898
15,20261018,dinov2_cosine_1nn,multiclass,all_paired_probe,healthy,0.14782608695652172,0.23260869565217393,0.16304347826086957,0.05434782608695652,0.010869565217391304,0.21739130434782608,0.22826086956521738,0.10869565217391304,0.056521739130434775,0.09565217391304348,0.013043478260869565,0.15217391304347827,0.16521739130434782,-0.03913043478260869,0.06521739130434782,0.06304347826086956
15,20261018,dinov2_cosine_1nn,multiclass,all_paired_probe,iris_yellow_virus,0.1631578947368421,0.2578947368421053,0.23684210526315788,0.02894736842105263,0.018421052631578946,0.2657894736842105,0.28421052631578947,0.20789473684210527,0.060526315789473685,0.015789473684210527,0.018421052631578946,0.0763157894736842,0.09473684210526315,0.04473684210526315,0.18947368421052632,0.18947368421052632
15,20261018,dinov2_cosine_1nn,multiclass,all_paired_probe,purple_blotch,0.25,0.25,0.25,0.0,0.0,0.25,0.25,0.25,0.0,0.0,0.0,0.0,0.0,0.0,0.25,0.25
15,20261018,dinov2_cosine_1nn,multiclass,all_paired_probe,stemphylium_colletotrichum_leaf_blight,0.27,0.3,0.25,0.0,0.0,0.25,0.25,0.25,0.030000000000000006,0.05,0.02,0.08,0.1,-0.02,0.16999999999999998,0.15
15,20261018,dinov2_cosine_1nn,multiclass,selected_probe,all_classes,0.4271281464530892,0.4336498855835241,0.40955377574370705,0.005434782608695652,0.0,0.4149885583524028,0.4149885583524028,0.40411899313501143,0.03356979405034325,0.05657894736842105,0.012437070938215103,0.0901487414187643,0.10258581235697942,-0.0230091533180778,0.32483981693363845,0.31240274599542334
15,20261018,dinov2_cosine_1nn,multiclass,selected_probe,healthy,0.26956521739130435,0.29565217391304344,0.2434782608695652,0.021739130434782608,0.0,0.2652173913043478,0.2652173913043478,0.2217391304347826,0.05217391304347826,0.1,0.008695652173913044,0.15217391304347824,0.16086956521739132,-0.04782608695652174,0.11304347826086955,0.10434782608695652
15,20261018,dinov2_cosine_1nn,multiclass,selected_probe,iris_yellow_virus,0.3789473684210526,0.3789473684210526,0.39473684210526316,0.0,0.0,0.39473684210526316,0.39473684210526316,0.39473684210526316,0.042105263157894736,0.02631578947368421,0.021052631578947368,0.06842105263157894,0.0894736842105263,0.015789473684210527,0.3263157894736842,0.3052631578947368
15,20261018,dinov2_cosine_1nn,multiclass,selected_probe,purple_blotch,0.5,0.5,0.5,0.0,0.0,0.5,0.5,0.5,0.0,0.0,0.0,0.0,0.0,0.0,0.5,0.5
15,20261018,dinov2_cosine_1nn,multiclass,selected_probe,stemphylium_colletotrichum_leaf_blight,0.5599999999999999,0.5599999999999999,0.5,0.0,0.0,0.5,0.5,0.5,0.04,0.1,0.02,0.14,0.16,-0.06000000000000001,0.36,0.33999999999999997
15,20261018,dinov2_cosine_1nn,multiclass,sentinel,all_classes,-0.04734553775743707,0.13511441647597253,0.0464187643020595,0.04113272311212814,0.030434782608695653,0.08755148741418764,0.11798627002288328,0.005286041189931351,0.075,0.022368421052631576,0.0,0.09736842105263158,0.09736842105263158,0.05263157894736843,-0.009816933638443943,0.020617848970251713
15,20261018,dinov2_cosine_1nn,multiclass,sentinel,healthy,-0.030434782608695653,0.14782608695652172,0.11304347826086955,0.043478260869565216,0.021739130434782608,0.15652173913043477,0.1782608695652174,0.06956521739130435,0.1,0.0,0.0,0.1,0.1,0.1,0.056521739130434775,0.07826086956521738
15,20261018,dinov2_cosine_1nn,multiclass,sentinel,iris_yellow_virus,0.021052631578947368,0.1526315789473684,0.05263157894736842,0.12105263157894737,0.0,0.17368421052631577,0.17368421052631577,-0.06842105263157894,0.0,0.0894736842105263,0.0,0.0894736842105263,0.0894736842105263,-0.0894736842105263,0.08421052631578947,0.08421052631578947
15,20261018,dinov2_cosine_1nn,multiclass,sentinel,purple_blotch,0.0,0.0,0.0,0.0,0.0,0.0,0.0,0.0,0.0,0.0,0.0,0.0,0.0,0.0,0.0,0.0
15,20261018,dinov2_cosine_1nn,multiclass,sentinel,stemphylium_colletotrichum_leaf_blight,-0.18,0.24000000000000005,0.02,0.0,0.1,0.02,0.12000000000000002,0.02,0.2,0.0,0.0,0.2,0.2,0.2,-0.18,-0.08
15,20261018,dinov2_cosine_1nn,multiclass,unselected_paired_probe,all_classes,-0.011636155606407322,0.08660183066361557,0.040389016018306634,0.03621281464530892,0.014645308924485127,0.07660183066361556,0.09124713958810068,0.004176201372997712,0.03995423340961098,0.02414187643020595,0.013295194508009154,0.06409610983981692,0.07739130434782608,0.015812356979405036,0.012505720823798628,0.0138558352402746
15,20261018,dinov2_cosine_1nn,multiclass,unselected_paired_probe,healthy,0.02608695652173913,0.16956521739130434,0.08260869565217391,0.08695652173913043,0.021739130434782608,0.16956521739130434,0.19130434782608696,-0.004347826086956522,0.06086956521739131,0.09130434782608696,0.017391304347826087,0.15217391304347824,0.16956521739130434,-0.030434782608695653,0.01739130434782609,0.021739130434782608
15,20261018,dinov2_cosine_1nn,multiclass,unselected_paired_probe,iris_yellow_virus,-0.05263157894736842,0.13684210526315788,0.07894736842105263,0.05789473684210526,0.03684210526315789,0.13684210526315788,0.17368421052631577,0.021052631578947368,0.07894736842105263,0.005263157894736842,0.015789473684210527,0.08421052631578947,0.1,0.07368421052631578,0.05263157894736842,0.07368421052631578
15,20261018,dinov2_cosine_1nn,multiclass,unselected_paired_probe,purple_blotch,0.0,0.0,0.0,0.0,0.0,0.0,0.0,0.0,0.0,0.0,0.0,0.0,0.0,0.0,0.0,0.0
15,20261018,dinov2_cosine_1nn,multiclass,unselected_paired_probe,stemphylium_colletotrichum_leaf_blight,-0.02,0.04,0.0,0.0,0.0,0.0,0.0,0.0,0.02,0.0,0.02,0.02,0.04,0.02,-0.02,-0.04
15,20261018,dinov2_logit,multiclass,all_paired_probe,all_classes,0.09693363844393593,0.1718878718535469,0.11498283752860412,0.019450800915331808,0.0638157894736842,0.1344336384439359,0.19824942791762012,0.09553203661327231,0.022196796338672768,0.02359839816933638,0.10699084668192219,0.04579519450800915,0.15278604118993136,-0.0014016018306636155,0.08863844393592676,0.04546338672768878
15,20261018,dinov2_logit,multiclass,all_paired_probe,healthy,0.028260869565217388,0.0891304347826087,0.04782608695652174,0.030434782608695653,0.0,0.07826086956521738,0.07826086956521738,0.017391304347826087,0.028260869565217388,0.03913043478260869,0.002173913043478261,0.06739130434782609,0.06956521739130435,-0.010869565217391304,0.010869565217391304,0.008695652173913044
15,20261018,dinov2_logit,multiclass,all_paired_probe,iris_yellow_virus,0.039473684210526314,0.16842105263157894,0.09210526315789473,0.047368421052631574,0.005263157894736842,0.1394736842105263,0.14473684210526314,0.04473684210526315,0.060526315789473685,0.055263157894736833,0.015789473684210527,0.11578947368421053,0.13157894736842105,0.005263157894736842,0.023684210526315787,0.013157894736842105
15,20261018,dinov2_logit,multiclass,all_paired_probe,purple_blotch,0.25,0.35,0.25,0.0,0.25,0.25,0.5,0.25,0.0,0.0,0.4,0.0,0.4,0.0,0.25,0.1
15,20261018,dinov2_logit,multiclass,all_paired_probe,stemphylium_colletotrichum_leaf_blight,0.07,0.08,0.07,0.0,0.0,0.07,0.07,0.07,0.0,0.0,0.01,0.0,0.01,0.0,0.07,0.06000000000000001
15,20261018,dinov2_logit,multiclass,selected_probe,all_classes,0.20656750572082377,0.227162471395881,0.21314645308924485,0.007665903890160183,0.0,0.22081235697940507,0.22081235697940507,0.20548054919908468,0.022082379862700226,0.02316933638443936,0.12631578947368421,0.045251716247139584,0.1715675057208238,-0.0010869565217391304,0.17556064073226546,0.049244851258581246
15,20261018,dinov2_logit,multiclass,selected_probe,healthy,0.06521739130434782,0.07391304347826086,0.06521739130434782,0.004347826086956522,0.0,0.06956521739130435,0.06956521739130435,0.06086956521739131,0.030434782608695653,0.034782608695652174,0.0,0.06521739130434782,0.06521739130434782,-0.004347826086956522,0.004347826086956522,0.004347826086956522
15,20261018,dinov2_logit,multiclass,selected_probe,iris_yellow_virus,0.12105263157894737,0.19473684210526315,0.14736842105263157,0.02631578947368421,0.0,0.17368421052631577,0.17368421052631577,0.12105263157894737,0.05789473684210526,0.05789473684210526,0.005263157894736842,0.11578947368421053,0.12105263157894737,0.0,0.05789473684210526,0.05263157894736842
15,20261018,dinov2_logit,multiclass,selected_probe,purple_blotch,0.5,0.5,0.5,0.0,0.0,0.5,0.5,0.5,0.0,0.0,0.5,0.0,0.5,0.0,0.5,0.0
15,20261018,dinov2_logit,multiclass,selected_probe,stemphylium_colletotrichum_leaf_blight,0.14,0.14,0.14,0.0,0.0,0.14,0.14,0.14,0.0,0.0,0.0,0.0,0.0,0.0,0.14,0.14
15,20261018,dinov2_logit,multiclass,sentinel,all_classes,0.028020594965675057,0.06524027459954233,0.009782608695652173,0.028695652173913046,0.005434782608695652,0.03847826086956522,0.043913043478260874,-0.018913043478260873,0.009153318077803204,0.05608695652173913,0.008695652173913044,0.06524027459954233,0.07393592677345537,-0.04693363844393593,-0.026762013729977115,-0.030022883295194508
15,20261018,dinov2_logit,multiclass,sentinel,healthy,0.08260869565217391,0.13043478260869565,0.03913043478260869,0.034782608695652174,0.021739130434782608,0.07391304347826086,0.09565217391304348,0.004347826086956522,0.02608695652173913,0.10434782608695652,0.034782608695652174,0.13043478260869565,0.16521739130434782,-0.07826086956521738,-0.056521739130434775,-0.06956521739130435
15,20261018,dinov2_logit,multiclass,sentinel,iris_yellow_virus,-0.010526315789473684,0.010526315789473684,0.0,0.0,0.0,0.0,0.0,0.0,0.010526315789473684,0.0,0.0,0.010526315789473684,0.010526315789473684,0.010526315789473684,-0.010526315789473684,-0.010526315789473684
15,20261018,dinov2_logit,multiclass,sentinel,purple_blotch,0.0,0.0,0.0,0.0,0.0,0.0,0.0,0.0,0.0,0.0,0.0,0.0,0.0,0.0,0.0,0.0
15,20261018,dinov2_logit,multiclass,sentinel,stemphylium_colletotrichum_leaf_blight,0.04,0.12000000000000002,0.0,0.08,0.0,0.08,0.08,-0.08,0.0,0.12000000000000002,0.0,0.12000000000000002,0.12000000000000002,-0.12000000000000002,-0.04,-0.04
15,20261018,dinov2_logit,multiclass,unselected_paired_probe,all_classes,-0.012700228832951943,0.11661327231121281,0.016819221967963385,0.031235697940503432,0.1276315789473684,0.04805491990846682,0.17568649885583526,-0.014416475972540043,0.02231121281464531,0.02402745995423341,0.08766590389016019,0.046338672768878715,0.1340045766590389,-0.0017162471395881008,0.0017162471395881,0.04168192219679634
15,20261018,dinov2_logit,multiclass,unselected_paired_probe,healthy,-0.008695652173913044,0.10434782608695652,0.030434782608695653,0.056521739130434775,0.0,0.08695652173913043,0.08695652173913043,-0.02608695652173913,0.02608695652173913,0.043478260869565216,0.004347826086956522,0.06956521739130435,0.07391304347826086,-0.017391304347826087,0.017391304347826087,0.013043478260869565
15,20261018,dinov2_logit,multiclass,unselected_paired_probe,iris_yellow_virus,-0.042105263157894736,0.14210526315789473,0.03684210526315789,0.06842105263157894,0.010526315789473684,0.10526315789473684,0.11578947368421053,-0.031578947368421054,0.06315789473684211,0.05263157894736842,0.02631578947368421,0.11578947368421053,0.14210526315789473,0.010526315789473684,-0.010526315789473684,-0.02631578947368421
15,20261018,dinov2_logit,multiclass,unselected_paired_probe,purple_blotch,0.0,0.2,0.0,0.0,0.5,0.0,0.5,0.0,0.0,0.0,0.3,0.0,0.3,0.0,0.0,0.2
15,20261018,dinov2_logit,multiclass,unselected_paired_probe,stemphylium_colletotrichum_leaf_blight,0.0,0.02,0.0,0.0,0.0,0.0,0.0,0.0,0.0,0.0,0.02,0.0,0.02,0.0,0.0,-0.02
16,20261019,dinov2_cosine_1nn,multiclass,all_paired_probe,all_classes,0.31660755148741415,0.36453089244851256,0.36064073226544624,0.018564073226544624,0.005263157894736842,0.37920480549199087,0.3844679633867277,0.3420766590389016,0.04852402745995423,0.023054919908466816,0.035394736842105264,0.07157894736842105,0.1069736842105263,0.025469107551487413,0.3076258581235698,0.27749427917620134
16,20261019,dinov2_cosine_1nn,multiclass,all_paired_probe,healthy,0.13695652173913042,0.22391304347826088,0.19782608695652174,0.034782608695652174,0.0,0.23260869565217393,0.23260869565217393,0.16304347826086957,0.06304347826086956,0.03695652173913043,0.0,0.1,0.1,0.02608695652173913,0.13260869565217392,0.13260869565217392
16,20261019,dinov2_cosine_1nn,multiclass,all_paired_probe,iris_yellow_virus,0.1894736842105263,0.28421052631578947,0.24473684210526314,0.039473684210526314,0.021052631578947368,0.28421052631578947,0.3052631578947368,0.20526315789473681,0.07105263157894737,0.055263157894736833,0.031578947368421054,0.12631578947368421,0.15789473684210525,0.015789473684210527,0.15789473684210525,0.14736842105263157
16,20261019,dinov2_cosine_1nn,multiclass,all_paired_probe,purple_blotch,0.5,0.5,0.5,0.0,0.0,0.5,0.5,0.5,0.0,0.0,0.0,0.0,0.0,0.0,0.5,0.5
16,20261019,dinov2_cosine_1nn,multiclass,all_paired_probe,stemphylium_colletotrichum_leaf_blight,0.44000000000000006,0.45,0.5,0.0,0.0,0.5,0.5,0.5,0.06000000000000001,0.0,0.11000000000000001,0.06000000000000001,0.16999999999999998,0.06000000000000001,0.44000000000000006,0.33
16,20261019,dinov2_cosine_1nn,multiclass,selected_probe,all_classes,0.5882951945080092,0.5969908466819221,0.6226544622425629,0.004347826086956522,0.0,0.6270022883295194,0.6270022883295194,0.6183066361556064,0.053638443935926775,0.023627002288329518,0.045526315789473686,0.0772654462242563,0.12279176201372999,0.030011441647597253,0.5497368421052632,0.5042105263157894
16,20261019,dinov2_cosine_1nn,multiclass,selected_probe,healthy,0.3173913043478261,0.3521739130434783,0.3695652173913043,0.017391304347826087,0.0,0.3869565217391304,0.3869565217391304,0.3521739130434783,0.06086956521739131,0.02608695652173913,0.0,0.08695652173913043,0.08695652173913043,0.034782608695652174,0.3,0.3
16,20261019,dinov2_cosine_1nn,multiclass,selected_probe,iris_yellow_virus,0.41578947368421054,0.41578947368421054,0.42105263157894735,0.0,0.0,0.42105263157894735,0.42105263157894735,0.42105263157894735,0.07368421052631578,0.06842105263157894,0.042105263157894736,0.14210526315789473,0.18421052631578946,0.005263157894736842,0.2789473684210526,0.23684210526315788
16,20261019,dinov2_cosine_1nn,multiclass,selected_probe,purple_blotch,1.0,1.0,1.0,0.0,0.0,1.0,1.0,1.0,0.0,0.0,0.0,0.0,0.0,0.0,1.0,1.0
16,20261019,dinov2_cosine_1nn,multiclass,selected_probe,stemphylium_colletotrichum_leaf_blight,0.62,0.62,0.7,0.0,0.0,0.7,0.7,0.7,0.08,0.0,0.14,0.08,0.22000000000000003,0.08,0.62,0.48
16,20261019,dinov2_cosine_1nn,multiclass,sentinel,all_classes,0.11956521739130435,0.21839816933638442,0.05652173913043479,0.042219679633867274,0.036304347826086956,0.09874141876430206,0.13504576659038903,0.01430205949656751,0.021796338672768877,0.12705949656750573,0.0,0.1488558352402746,0.1488558352402746,-0.10526315789473684,-0.05011441647597255,-0.013810068649885585
16,20261019,dinov2_cosine_1nn,multiclass,sentinel,healthy,-0.021739130434782608,0.13043478260869565,0.02608695652173913,0.04782608695652174,0.06521739130434782,0.07391304347826086,0.1391304347826087,-0.021739130434782608,0.06086956521739131,0.06086956521739131,0.0,0.12173913043478261,0.12173913043478261,0.0,-0.04782608695652174,0.017391304347826087
16,20261019,dinov2_cosine_1nn,multiclass,sentinel,iris_yellow_virus,0.0,0.1631578947368421,0.0,0.12105263157894737,0.0,0.12105263157894737,0.12105263157894737,-0.12105263157894737,0.02631578947368421,0.14736842105263157,0.0,0.17368421052631577,0.17368421052631577,-0.12105263157894737,-0.05263157894736842,-0.05263157894736842
16,20261019,dinov2_cosine_1nn,multiclass,sentinel,purple_blotch,0.0,0.0,0.0,0.0,0.0,0.0,0.0,0.0,0.0,0.0,0.0,0.0,0.0,0.0,0.0,0.0
16,20261019,dinov2_cosine_1nn,multiclass,sentinel,stemphylium_colletotrichum_leaf_blight,0.5,0.58,0.2,0.0,0.08,0.2,0.28,0.2,0.0,0.3,0.0,0.3,0.3,-0.3,-0.1,-0.019999999999999997
16,20261019,dinov2_cosine_1nn,multiclass,unselected_paired_probe,all_classes,0.044919908466819224,0.132070938215103,0.09862700228832952,0.03278032036613272,0.010526315789473684,0.13140732265446226,0.14193363844393594,0.06584668192219681,0.04340961098398169,0.022482837528604117,0.02526315789473684,0.06589244851258581,0.09115560640732265,0.02092677345537757,0.06551487414187643,0.050778032036613276
16,20261019,dinov2_cosine_1nn,multiclass,unselected_paired_probe,healthy,-0.043478260869565216,0.09565217391304348,0.02608695652173913,0.05217391304347826,0.0,0.07826086956521738,0.07826086956521738,-0.02608695652173913,0.06521739130434782,0.04782608695652174,0.0,0.11304347826086955,0.11304347826086955,0.017391304347826087,-0.034782608695652174,-0.034782608695652174
16,20261019,dinov2_cosine_1nn,multiclass,unselected_paired_probe,iris_yellow_virus,-0.03684210526315789,0.1526315789473684,0.06842105263157894,0.07894736842105263,0.042105263157894736,0.14736842105263157,0.1894736842105263,-0.010526315789473684,0.06842105263157894,0.042105263157894736,0.021052631578947368,0.11052631578947367,0.13157894736842105,0.02631578947368421,0.03684210526315789,0.05789473684210526
16,20261019,dinov2_cosine_1nn,multiclass,unselected_paired_probe,purple_blotch,0.0,0.0,0.0,0.0,0.0,0.0,0.0,0.0,0.0,0.0,0.0,0.0,0.0,0.0,0.0,0.0
16,20261019,dinov2_cosine_1nn,multiclass,unselected_paired_probe,stemphylium_colletotrichum_leaf_blight,0.26,0.28,0.3,0.0,0.0,0.3,0.3,0.3,0.04,0.0,0.08,0.04,0.12000000000000002,0.04,0.26,0.18
16,20261019,dinov2_logit,multiclass,all_paired_probe,all_classes,0.250337528604119,0.2939588100686499,0.17405606407322655,0.018192219679633866,0.003289473684210526,0.1922482837528604,0.19553775743707094,0.1558638443935927,0.048953089244851256,0.14342677345537758,0.003947368421052632,0.19237986270022883,0.19632723112128148,-0.0944736842105263,-0.00013157894736842978,-0.0007894736842105399
16,20261019,dinov2_logit,multiclass,all_paired_probe,healthy,0.02608695652173913,0.034782608695652174,0.030434782608695653,0.004347826086956522,0.0,0.034782608695652174,0.034782608695652174,0.02608695652173913,0.017391304347826087,0.017391304347826087,0.0,0.034782608695652174,0.034782608695652174,0.0,0.0,0.0
16,20261019,dinov2_logit,multiclass,all_paired_probe,iris_yellow_virus,0.055263157894736833,0.12105263157894737,0.11578947368421053,0.018421052631578946,0.013157894736842105,0.13421052631578947,0.14736842105263157,0.09736842105263158,0.06842105263157894,0.02631578947368421,0.015789473684210527,0.09473684210526315,0.11052631578947367,0.042105263157894736,0.039473684210526314,0.03684210526315789
16,20261019,dinov2_logit,multiclass,all_paired_probe,purple_blotch,0.9,0.9,0.5,0.0,0.0,0.5,0.5,0.5,0.1,0.5,0.0,0.6,0.6,-0.4,-0.1,-0.1
16,20261019,dinov2_logit,multiclass,all_paired_probe,stemphylium_colletotrichum_leaf_blight,0.02,0.12000000000000002,0.05,0.05,0.0,0.1,0.1,0.0,0.01,0.030000000000000006,0.0,0.04,0.04,-0.02,0.06000000000000001,0.06000000000000001
16,20261019,dinov2_logit,multiclass,selected_probe,all_classes,0.26827231121281464,0.27090389016018307,0.20143020594965674,0.0010869565217391304,0.0,0.20251716247139587,0.20251716247139587,0.2003432494279176,0.07385583524027459,0.14178489702517164,0.005263157894736842,0.2156407322654462,0.22090389016018305,-0.06792906178489702,-0.013123569794050337,-0.01838672768878718
16,20261019,dinov2_logit,multiclass,selected_probe,healthy,0.04782608695652174,0.04782608695652174,0.04782608695652174,0.004347826086956522,0.0,0.05217391304347826,0.05217391304347826,0.043478260869565216,0.021739130434782608,0.02608695652173913,0.0,0.04782608695652174,0.04782608695652174,-0.004347826086956522,0.004347826086956522,0.004347826086956522
16,20261019,dinov2_logit,multiclass,selected_probe,iris_yellow_virus,0.10526315789473684,0.11578947368421053,0.15789473684210525,0.0,0.0,0.15789473684210525,0.15789473684210525,0.15789473684210525,0.07368421052631578,0.021052631578947368,0.021052631578947368,0.09473684210526315,0.11578947368421053,0.05263157894736842,0.06315789473684211,0.042105263157894736
16,20261019,dinov2_logit,multiclass,selected_probe,purple_blotch,0.8,0.8,0.5,0.0,0.0,0.5,0.5,0.5,0.2,0.5,0.0,0.7,0.7,-0.3,-0.2,-0.2
16,20261019,dinov2_logit,multiclass,selected_probe,stemphylium_colletotrichum_leaf_blight,0.12000000000000002,0.12000000000000002,0.1,0.0,0.0,0.1,0.1,0.1,0.0,0.02,0.0,0.02,0.02,-0.02,0.08,0.08
16,20261019,dinov2_logit,multiclass,sentinel,all_classes,-0.0687070938215103,0.11131578947368422,0.010263157894736842,0.09281464530892448,0.008695652173913044,0.1030778032036613,0.11177345537757437,-0.08255148741418764,0.008066361556064073,0.02191075514874142,0.006521739130434782,0.02997711670480549,0.036498855835240276,-0.013844393592677345,0.07310068649885583,0.07527459954233409
16,20261019,dinov2_logit,multiclass,sentinel,healthy,-0.06956521739130435,0.1,0.0,0.056521739130434775,0.034782608695652174,0.056521739130434775,0.09130434782608696,-0.056521739130434775,0.021739130434782608,0.008695652173913044,0.02608695652173913,0.030434782608695653,0.056521739130434775,0.013043478260869565,0.02608695652173913,0.034782608695652174
16,20261019,dinov2_logit,multiclass,sentinel,iris_yellow_virus,-0.005263157894736842,0.10526315789473684,0.021052631578947368,0.09473684210526315,0.0,0.11578947368421053,0.11578947368421053,-0.07368421052631578,0.010526315789473684,0.07894736842105263,0.0,0.0894736842105263,0.0894736842105263,-0.06842105263157894,0.02631578947368421,0.02631578947368421
16,20261019,dinov2_logit,multiclass,sentinel,purple_blotch,-0.2,0.2,0.0,0.2,0.0,0.2,0.2,-0.2,0.0,0.0,0.0,0.0,0.0,0.0,0.2,0.2
16,20261019,dinov2_logit,multiclass,sentinel,stemphylium_colletotrichum_leaf_blight,0.0,0.04,0.02,0.02,0.0,0.04,0.04,0.0,0.0,0.0,0.0,0.0,0.0,0.0,0.04,0.04
16,20261019,dinov2_logit,multiclass,unselected_paired_probe,all_classes,0.23240274599542335,0.3170137299771167,0.14668192219679632,0.03529748283752861,0.006578947368421052,0.18197940503432491,0.188558352402746,0.11138443935926774,0.024050343249427918,0.14506864988558352,0.002631578947368421,0.16911899313501144,0.17175057208237984,-0.1210183066361556,0.012860411899313506,0.016807780320366134
16,20261019,dinov2_logit,multiclass,unselected_paired_probe,healthy,0.004347826086956522,0.021739130434782608,0.013043478260869565,0.004347826086956522,0.0,0.017391304347826087,0.017391304347826087,0.008695652173913044,0.013043478260869565,0.008695652173913044,0.0,0.021739130434782608,0.021739130434782608,0.004347826086956522,-0.004347826086956522,-0.004347826086956522
16,20261019,dinov2_logit,multiclass,unselected_paired_probe,iris_yellow_virus,0.005263157894736842,0.12631578947368421,0.07368421052631578,0.03684210526315789,0.02631578947368421,0.11052631578947367,0.13684210526315788,0.03684210526315789,0.06315789473684211,0.031578947368421054,0.010526315789473684,0.09473684210526315,0.10526315789473684,0.031578947368421054,0.015789473684210527,0.031578947368421054
16,20261019,dinov2_logit,multiclass,unselected_paired_probe,purple_blotch,1.0,1.0,0.5,0.0,0.0,0.5,0.5,0.5,0.0,0.5,0.0,0.5,0.5,-0.5,0.0,0.0
16,20261019,dinov2_logit,multiclass,unselected_paired_probe,stemphylium_colletotrichum_leaf_blight,-0.08,0.12000000000000002,0.0,0.1,0.0,0.1,0.1,-0.1,0.02,0.04,0.0,0.06000000000000001,0.06000000000000001,-0.02,0.04,0.04
17,20261020,dinov2_cosine_1nn,multiclass,all_paired_probe,all_classes,0.28693363844393593,0.34331235697940504,0.27860411899313503,0.020303203661327228,0.018295194508009156,0.29890732265446224,0.3172025171624714,0.25830091533180777,0.0340675057208238,0.06270022883295194,0.02881578947368421,0.09676773455377574,0.12558352402745995,-0.028632723112128146,0.2021395881006865,0.19161899313501143
17,20261020,dinov2_cosine_1nn,multiclass,all_paired_probe,healthy,0.12826086956521737,0.21956521739130436,0.1565217391304348,0.021739130434782608,0.017391304347826087,0.1782608695652174,0.1956521739130435,0.13478260869565217,0.06521739130434782,0.05869565217391304,0.0,0.12391304347826086,0.12391304347826086,0.006521739130434782,0.05434782608695652,0.07173913043478261
17,20261020,dinov2_cosine_1nn,multiclass,all_paired_probe,iris_yellow_virus,0.23947368421052634,0.3236842105263158,0.2578947368421053,0.039473684210526314,0.015789473684210527,0.2973684210526316,0.3131578947368421,0.21842105263157893,0.07105263157894737,0.09210526315789473,0.005263157894736842,0.1631578947368421,0.16842105263157894,-0.021052631578947368,0.13421052631578947,0.14473684210526316
17,20261020,dinov2_cosine_1nn,multiclass,all_paired_probe,purple_blotch,0.5,0.5,0.5,0.0,0.0,0.5,0.5,0.5,0.0,0.0,0.0,0.0,0.0,0.0,0.5,0.5
17,20261020,dinov2_cosine_1nn,multiclass,all_paired_probe,stemphylium_colletotrichum_leaf_blight,0.27999999999999997,0.32999999999999996,0.2,0.02,0.04,0.22000000000000003,0.26,0.18,0.0,0.1,0.11000000000000001,0.1,0.21000000000000002,-0.1,0.12,0.05
17,20261020,dinov2_cosine_1nn,multiclass,selected_probe,all_classes,0.5671281464530893,0.5693020594965674,0.5261441647597254,0.0,0.0,0.5261441647597254,0.5261441647597254,0.5261441647597254,0.030320366132723108,0.07130434782608697,0.02,0.10162471395881005,0.12162471395881007,-0.04098398169336384,0.42451945080091535,0.40451945080091534
17,20261020,dinov2_cosine_1nn,multiclass,selected_probe,healthy,0.26956521739130435,0.2782608695652174,0.2782608695652174,0.0,0.0,0.2782608695652174,0.2782608695652174,0.2782608695652174,0.07391304347826086,0.06521739130434782,0.0,0.1391304347826087,0.1391304347826087,0.008695652173913044,0.1391304347826087,0.1391304347826087
17,20261020,dinov2_cosine_1nn,multiclass,selected_probe,iris_yellow_virus,0.4789473684210527,0.4789473684210527,0.42631578947368415,0.0,0.0,0.42631578947368415,0.42631578947368415,0.42631578947368415,0.047368421052631574,0.1,0.0,0.14736842105263157,0.14736842105263157,-0.05263157894736842,0.2789473684210526,0.2789473684210526
17,20261020,dinov2_cosine_1nn,multiclass,selected_probe,purple_blotch,1.0,1.0,1.0,0.0,0.0,1.0,1.0,1.0,0.0,0.0,0.0,0.0,0.0,0.0,1.0,1.0
17,20261020,dinov2_cosine_1nn,multiclass,selected_probe,stemphylium_colletotrichum_leaf_blight,0.52,0.52,0.4,0.0,0.0,0.4,0.4,0.4,0.0,0.12000000000000002,0.08,0.12000000000000002,0.2,-0.12000000000000002,0.28,0.2
17,20261020,dinov2_cosine_1nn,multiclass,sentinel,all_classes,0.15488558352402745,0.24252860411899313,0.21514874141876428,0.03667048054919908,0.022013729977116703,0.25181922196796336,0.27383295194508006,0.17847826086956523,0.06398169336384439,0.040389016018306634,0.06855835240274599,0.10437070938215103,0.17292906178489703,0.023592677345537764,0.14744851258581235,0.10090389016018306
17,20261020,dinov2_cosine_1nn,multiclass,sentinel,healthy,0.05217391304347826,0.08695652173913043,0.05217391304347826,0.07826086956521738,0.021739130434782608,0.13043478260869565,0.15217391304347824,-0.02608695652173913,0.004347826086956522,0.08260869565217391,0.017391304347826087,0.08695652173913043,0.10434782608695652,-0.07826086956521738,0.043478260869565216,0.04782608695652174
17,20261020,dinov2_cosine_1nn,multiclass,sentinel,iris_yellow_virus,0.047368421052631574,0.1631578947368421,0.06842105263157894,0.06842105263157894,0.02631578947368421,0.13684210526315788,0.1631578947368421,0.0,0.031578947368421054,0.07894736842105263,0.03684210526315789,0.11052631578947367,0.14736842105263157,-0.047368421052631574,0.02631578947368421,0.015789473684210527
17,20261020,dinov2_cosine_1nn,multiclass,sentinel,purple_blotch,0.5,0.5,0.5,0.0,0.0,0.5,0.5,0.5,0.0,0.0,0.0,0.0,0.0,0.0,0.5,0.5
17,20261020,dinov2_cosine_1nn,multiclass,sentinel,stemphylium_colletotrichum_leaf_blight,0.02,0.22000000000000003,0.24,0.0,0.04,0.24,0.27999999999999997,0.24,0.22000000000000003,0.0,0.22000000000000003,0.22000000000000003,0.44000000000000006,0.22000000000000003,0.019999999999999997,-0.16
17,20261020,dinov2_cosine_1nn,multiclass,unselected_paired_probe,all_classes,0.00673913043478261,0.11732265446224258,0.03106407322654462,0.040606407322654456,0.03659038901601831,0.07167048054919908,0.10826086956521738,-0.00954233409610984,0.037814645308924484,0.05409610983981693,0.03763157894736842,0.09191075514874142,0.12954233409610985,-0.01628146453089245,-0.020240274599542335,-0.021281464530892448
17,20261020,dinov2_cosine_1nn,multiclass,unselected_paired_probe,healthy,-0.013043478260869565,0.16086956521739132,0.034782608695652174,0.043478260869565216,0.034782608695652174,0.07826086956521738,0.11304347826086955,-0.008695652173913044,0.056521739130434775,0.05217391304347826,0.0,0.10869565217391304,0.10869565217391304,0.004347826086956522,-0.030434782608695653,0.004347826086956522
17,20261020,dinov2_cosine_1nn,multiclass,unselected_paired_probe,iris_yellow_virus,0.0,0.16842105263157894,0.0894736842105263,0.07894736842105263,0.031578947368421054,0.16842105263157894,0.2,0.010526315789473684,0.09473684210526315,0.08421052631578947,0.010526315789473684,0.1789473684210526,0.1894736842105263,0.010526315789473684,-0.010526315789473684,0.010526315789473684
17,20261020,dinov2_cosine_1nn,multiclass,unselected_paired_probe,purple_blotch,0.0,0.0,0.0,0.0,0.0,0.0,0.0,0.0,0.0,0.0,0.0,0.0,0.0,0.0,0.0,0.0
17,20261020,dinov2_cosine_1nn,multiclass,unselected_paired_probe,stemphylium_colletotrichum_leaf_blight,0.04,0.14,0.0,0.04,0.08,0.04,0.12000000000000002,-0.04,0.0,0.08,0.14,0.08,0.22000000000000003,-0.08,-0.04,-0.1
17,20261020,dinov2_logit,multiclass,all_paired_probe,all_classes,0.14003432494279175,0.17971395881006863,0.1389816933638444,0.02389016018306636,0.01263157894736842,0.16287185354691075,0.1755034324942792,0.11509153318077803,0.033083524027459954,0.05802631578947368,0.0225,0.09110983981693363,0.11360983981693365,-0.02494279176201373,0.07176201372997712,0.06189359267734553
17,20261020,dinov2_logit,multiclass,all_paired_probe,healthy,0.05434782608695652,0.08043478260869566,0.05434782608695652,0.02608695652173913,0.0,0.08043478260869566,0.08043478260869566,0.028260869565217388,0.02391304347826087,0.05,0.0,0.07391304347826086,0.07391304347826086,-0.02608695652173913,0.006521739130434782,0.006521739130434782
17,20261020,dinov2_logit,multiclass,all_paired_probe,iris_yellow_virus,0.06578947368421052,0.11842105263157894,0.031578947368421054,0.039473684210526314,0.010526315789473684,0.07105263157894737,0.08157894736842106,-0.007894736842105263,0.018421052631578946,0.09210526315789473,0.0,0.11052631578947367,0.11052631578947367,-0.07368421052631578,-0.039473684210526314,-0.02894736842105263
17,20261020,dinov2_logit,multiclass,all_paired_probe,purple_blotch,0.2,0.2,0.25,0.0,0.0,0.25,0.25,0.25,0.05,0.0,0.0,0.05,0.05,0.05,0.2,0.2
17,20261020,dinov2_logit,multiclass,all_paired_probe,stemphylium_colletotrichum_leaf_blight,0.24,0.32,0.22000000000000003,0.030000000000000006,0.04,0.25,0.29,0.19,0.04,0.09,0.09,0.13,0.22000000000000003,-0.05,0.12,0.06999999999999999
17,20261020,dinov2_logit,multiclass,selected_probe,all_classes,0.24133867276887871,0.25575514874141875,0.2244279176201373,0.002173913043478261,0.005263157894736842,0.22660183066361556,0.23186498855835241,0.22225400457665906,0.05046910755148741,0.0695537757437071,0.015000000000000003,0.1200228832951945,0.13502288329519452,-0.019084668192219677,0.10657894736842104,0.09684210526315788
17,20261020,dinov2_logit,multiclass,selected_probe,healthy,0.06956521739130435,0.09565217391304348,0.06086956521739131,0.008695652173913044,0.0,0.06956521739130435,0.06956521739130435,0.05217391304347826,0.02608695652173913,0.043478260869565216,0.0,0.06956521739130435,0.06956521739130435,-0.017391304347826087,0.0,0.0
17,20261020,dinov2_logit,multiclass,selected_probe,iris_yellow_virus,0.11578947368421053,0.14736842105263157,0.03684210526315789,0.0,0.021052631578947368,0.03684210526315789,0.05789473684210526,0.03684210526315789,0.015789473684210527,0.09473684210526315,0.0,0.11052631578947367,0.11052631578947367,-0.07894736842105263,-0.07368421052631578,-0.05263157894736842
17,20261020,dinov2_logit,multiclass,selected_probe,purple_blotch,0.4,0.4,0.5,0.0,0.0,0.5,0.5,0.5,0.1,0.0,0.0,0.1,0.1,0.1,0.4,0.4
17,20261020,dinov2_logit,multiclass,selected_probe,stemphylium_colletotrichum_leaf_blight,0.38,0.38,0.3,0.0,0.0,0.3,0.3,0.3,0.06000000000000001,0.14,0.06000000000000001,0.2,0.26,-0.08,0.1,0.039999999999999994
17,20261020,dinov2_logit,multiclass,sentinel,all_classes,0.1294050343249428,0.18862700228832951,0.13770022883295194,0.08276887871853547,0.010526315789473684,0.22046910755148744,0.2309954233409611,0.05493135011441648,0.035526315789473684,0.11000000000000001,0.003947368421052632,0.14552631578947367,0.14947368421052631,-0.07447368421052632,0.07494279176201372,0.08152173913043478
17,20261020,dinov2_logit,multiclass,sentinel,healthy,-0.008695652173913044,0.02608695652173913,0.008695652173913044,0.017391304347826087,0.0,0.02608695652173913,0.02608695652173913,-0.008695652173913044,0.0,0.0,0.0,0.0,0.0,0.0,0.02608695652173913,0.02608695652173913
17,20261020,dinov2_logit,multiclass,sentinel,iris_yellow_virus,0.02631578947368421,0.16842105263157894,0.042105263157894736,0.07368421052631578,0.042105263157894736,0.11578947368421053,0.15789473684210525,-0.031578947368421054,0.042105263157894736,0.1,0.015789473684210527,0.14210526315789473,0.15789473684210525,-0.05789473684210526,-0.02631578947368421,0.0
17,20261020,dinov2_logit,multiclass,sentinel,purple_blotch,0.4,0.4,0.5,0.0,0.0,0.5,0.5,0.5,0.1,0.0,0.0,0.1,0.1,0.1,0.4,0.4
17,20261020,dinov2_logit,multiclass,sentinel,stemphylium_colletotrichum_leaf_blight,0.1,0.16,0.0,0.24000000000000005,0.0,0.24000000000000005,0.24000000000000005,-0.24000000000000005,0.0,0.33999999999999997,0.0,0.33999999999999997,0.33999999999999997,-0.33999999999999997,-0.09999999999999999,-0.09999999999999999
17,20261020,dinov2_logit,multiclass,unselected_paired_probe,all_classes,0.038729977116704804,0.10367276887871854,0.05353546910755149,0.04560640732265446,0.02,0.09914187643020596,0.11914187643020595,0.007929061784897027,0.015697940503432494,0.04649885583524027,0.030000000000000006,0.06219679633867277,0.09219679633867277,-0.03080091533180778,0.03694508009153318,0.02694508009153318
17,20261020,dinov2_logit,multiclass,unselected_paired_probe,healthy,0.03913043478260869,0.06521739130434782,0.04782608695652174,0.043478260869565216,0.0,0.09130434782608696,0.09130434782608696,0.004347826086956522,0.021739130434782608,0.056521739130434775,0.0,0.07826086956521738,0.07826086956521738,-0.034782608695652174,0.013043478260869565,0.013043478260869565
17,20261020,dinov2_logit,multiclass,unselected_paired_probe,iris_yellow_virus,0.015789473684210527,0.0894736842105263,0.02631578947368421,0.07894736842105263,0.0,0.10526315789473684,0.10526315789473684,-0.05263157894736842,0.021052631578947368,0.0894736842105263,0.0,0.11052631578947367,0.11052631578947367,-0.06842105263157894,-0.005263157894736842,-0.005263157894736842
17,20261020,dinov2_logit,multiclass,unselected_paired_probe,purple_blotch,0.0,0.0,0.0,0.0,0.0,0.0,0.0,0.0,0.0,0.0,0.0,0.0,0.0,0.0,0.0,0.0
17,20261020,dinov2_logit,multiclass,unselected_paired_probe,stemphylium_colletotrichum_leaf_blight,0.1,0.26,0.14,0.06000000000000001,0.08,0.2,0.28,0.08,0.02,0.04,0.12000000000000002,0.06000000000000001,0.18,-0.02,0.14,0.1
18,20261021,dinov2_cosine_1nn,multiclass,all_paired_probe,all_classes,0.27486270022883297,0.37636155606407323,0.33018306636155603,0.015909610983981692,0.00608695652173913,0.3460926773455378,0.3521796338672769,0.3142734553775744,0.07634439359267735,0.03693363844393592,0.07232265446224256,0.11327803203661327,0.18560068649885583,0.039410755148741414,0.23281464530892446,0.16657894736842108
18,20261021,dinov2_cosine_1nn,multiclass,all_paired_probe,healthy,0.1326086956521739,0.1891304347826087,0.1565217391304348,0.015217391304347827,0.004347826086956522,0.17173913043478262,0.17608695652173914,0.14130434782608697,0.03695652173913043,0.028260869565217388,0.010869565217391304,0.06521739130434782,0.07608695652173914,0.008695652173913044,0.10652173913043479,0.1
18,20261021,dinov2_cosine_1nn,multiclass,all_paired_probe,iris_yellow_virus,0.18684210526315786,0.2763157894736842,0.33421052631578946,0.018421052631578946,0.0,0.3526315789473684,0.3526315789473684,0.3157894736842105,0.16842105263157894,0.039473684210526314,0.018421052631578946,0.20789473684210527,0.2263157894736842,0.12894736842105264,0.14473684210526316,0.12631578947368421
18,20261021,dinov2_cosine_1nn,multiclass,all_paired_probe,purple_blotch,0.55,0.65,0.55,0.0,0.0,0.55,0.55,0.55,0.0,0.0,0.25,0.0,0.25,0.0,0.55,0.3
18,20261021,dinov2_cosine_1nn,multiclass,all_paired_probe,stemphylium_colletotrichum_leaf_blight,0.22999999999999998,0.39,0.27999999999999997,0.030000000000000006,0.02,0.31,0.32999999999999996,0.25,0.1,0.08,0.01,0.18,0.19,0.02,0.13,0.13999999999999999
18,20261021,dinov2_cosine_1nn,multiclass,selected_probe,all_classes,0.5136041189931351,0.5575514874141876,0.5625858123569794,0.0,0.0,0.5625858123569794,0.5625858123569794,0.5625858123569794,0.09034324942791762,0.04136155606407323,0.08352402745995423,0.13170480549199087,0.2152288329519451,0.04898169336384439,0.43088100686498854,0.3473569794050343
18,20261021,dinov2_cosine_1nn,multiclass,selected_probe,healthy,0.25652173913043474,0.25652173913043474,0.2608695652173913,0.0,0.0,0.2608695652173913,0.2608695652173913,0.2608695652173913,0.043478260869565216,0.03913043478260869,0.013043478260869565,0.08260869565217391,0.09565217391304348,0.004347826086956522,0.17826086956521742,0.16521739130434782
18,20261021,dinov2_cosine_1nn,multiclass,selected_probe,iris_yellow_virus,0.35789473684210527,0.37368421052631573,0.4894736842105263,0.0,0.0,0.4894736842105263,0.4894736842105263,0.4894736842105263,0.15789473684210525,0.02631578947368421,0.021052631578947368,0.18421052631578946,0.20526315789473681,0.13157894736842105,0.3052631578947368,0.28421052631578947
18,20261021,dinov2_cosine_1nn,multiclass,selected_probe,purple_blotch,1.0,1.0,1.0,0.0,0.0,1.0,1.0,1.0,0.0,0.0,0.3,0.0,0.3,0.0,1.0,0.7
18,20261021,dinov2_cosine_1nn,multiclass,selected_probe,stemphylium_colletotrichum_leaf_blight,0.44000000000000006,0.6,0.5,0.0,0.0,0.5,0.5,0.5,0.16,0.1,0.0,0.26,0.26,0.06000000000000001,0.24,0.24
18,20261021,dinov2_cosine_1nn,multiclass,sentinel,all_classes,-0.029508009153318082,0.2537299771167048,0.054462242562929065,0.024828375286041187,0.022105263157894735,0.07929061784897025,0.10139588100686499,0.02963386727688787,0.08505720823798626,0.025915331807780318,0.13026315789473683,0.1109725400457666,0.24123569794050342,0.05914187643020595,-0.031681922196796344,-0.13983981693363848
18,20261021,dinov2_cosine_1nn,multiclass,sentinel,healthy,-0.004347826086956522,0.2391304347826087,0.06521739130434782,0.07826086956521738,0.0,0.14347826086956522,0.14347826086956522,-0.013043478260869565,0.07391304347826086,0.08260869565217391,0.0,0.15652173913043477,0.15652173913043477,-0.008695652173913044,-0.013043478260869565,-0.013043478260869565
18,20261021,dinov2_cosine_1nn,multiclass,sentinel,iris_yellow_virus,0.02631578947368421,0.11578947368421053,0.05263157894736842,0.021052631578947368,0.06842105263157894,0.07368421052631578,0.14210526315789473,0.031578947368421054,0.02631578947368421,0.021052631578947368,0.021052631578947368,0.047368421052631574,0.06842105263157894,0.005263157894736842,0.02631578947368421,0.07368421052631578
18,20261021,dinov2_cosine_1nn,multiclass,sentinel,purple_blotch,0.0,0.5,0.0,0.0,0.0,0.0,0.0,0.0,0.0,0.0,0.5,0.0,0.5,0.0,0.0,-0.5
18,20261021,dinov2_cosine_1nn,multiclass,sentinel,stemphylium_colletotrichum_leaf_blight,-0.14,0.16,0.1,0.0,0.02,0.1,0.12000000000000002,0.1,0.24000000000000005,0.0,0.0,0.24000000000000005,0.24000000000000005,0.24000000000000005,-0.14,-0.12000000000000002
18,20261021,dinov2_cosine_1nn,multiclass,unselected_paired_probe,all_classes,0.0361212814645309,0.19517162471395882,0.09778032036613273,0.031819221967963385,0.01217391304347826,0.1295995423340961,0.14177345537757435,0.06596109839816934,0.06234553775743708,0.03250572082379863,0.061121281464530886,0.09485125858123569,0.1559725400457666,0.029839816933638443,0.03474828375286041,-0.014199084668192224
18,20261021,dinov2_cosine_1nn,multiclass,unselected_paired_probe,healthy,0.008695652173913044,0.12173913043478261,0.05217391304347826,0.030434782608695653,0.008695652173913044,0.08260869565217391,0.09130434782608696,0.021739130434782608,0.030434782608695653,0.017391304347826087,0.008695652173913044,0.04782608695652174,0.056521739130434775,0.013043478260869565,0.034782608695652174,0.034782608695652174
18,20261021,dinov2_cosine_1nn,multiclass,unselected_paired_probe,iris_yellow_virus,0.015789473684210527,0.1789473684210526,0.1789473684210526,0.03684210526315789,0.0,0.21578947368421053,0.21578947368421053,0.14210526315789473,0.1789473684210526,0.05263157894736842,0.015789473684210527,0.23157894736842105,0.24736842105263154,0.12631578947368421,-0.015789473684210527,-0.031578947368421054
18,20261021,dinov2_cosine_1nn,multiclass,unselected_paired_probe,purple_blotch,0.1,0.3,0.1,0.0,0.0,0.1,0.1,0.1,0.0,0.0,0.2,0.0,0.2,0.0,0.1,-0.1
18,20261021,dinov2_cosine_1nn,multiclass,unselected_paired_probe,stemphylium_colletotrichum_leaf_blight,0.02,0.18,0.06000000000000001,0.06000000000000001,0.04,0.12000000000000002,0.16,0.0,0.04,0.06000000000000001,0.02,0.1,0.12000000000000002,-0.02,0.02,0.04
18,20261021,dinov2_logit,multiclass,all_paired_probe,all_classes,0.16160183066361555,0.22440503432494277,0.19456521739130433,0.018707093821510295,0.045789473684210526,0.21327231121281462,0.2590617848970252,0.17585812356979405,0.03784897025171625,0.023592677345537754,0.06776315789473683,0.06144164759725401,0.12920480549199084,0.014256292906178492,0.15183066361556063,0.12985697940503432
18,20261021,dinov2_logit,multiclass,all_paired_probe,healthy,0.019565217391304346,0.041304347826086954,0.028260869565217388,0.019565217391304346,0.0,0.04782608695652174,0.04782608695652174,0.008695652173913044,0.010869565217391304,0.021739130434782608,0.0,0.03260869565217391,0.03260869565217391,-0.010869565217391304,0.015217391304347827,0.015217391304347827
18,20261021,dinov2_logit,multiclass,all_paired_probe,iris_yellow_virus,0.03684210526315789,0.12631578947368421,0.1,0.055263157894736833,0.013157894736842105,0.15526315789473683,0.16842105263157894,0.04473684210526315,0.060526315789473685,0.05263157894736842,0.021052631578947368,0.1131578947368421,0.13421052631578947,0.007894736842105263,0.042105263157894736,0.03421052631578947
18,20261021,dinov2_logit,multiclass,all_paired_probe,purple_blotch,0.5,0.6,0.5,0.0,0.15,0.5,0.65,0.5,0.0,0.0,0.25,0.0,0.25,0.0,0.5,0.4
18,20261021,dinov2_logit,multiclass,all_paired_probe,stemphylium_colletotrichum_leaf_blight,0.09,0.13,0.15,0.0,0.02,0.15,0.17,0.15,0.08,0.02,0.0,0.1,0.1,0.06000000000000001,0.05,0.07
18,20261021,dinov2_logit,multiclass,selected_probe,all_classes,0.3352745995423341,0.34876430205949654,0.36530892448512586,0.011155606407322655,0.01263157894736842,0.37646453089244847,0.38909610983981696,0.3541533180778032,0.04750572082379863,0.02862700228832952,0.055263157894736833,0.07613272311212814,0.131395881006865,0.01887871853546911,0.30033180778032037,0.25770022883295196
18,20261021,dinov2_logit,multiclass,selected_probe,healthy,0.034782608695652174,0.043478260869565216,0.03913043478260869,0.013043478260869565,0.0,0.05217391304347826,0.05217391304347826,0.02608695652173913,0.017391304347826087,0.02608695652173913,0.0,0.043478260869565216,0.043478260869565216,-0.008695652173913044,0.008695652173913044,0.008695652173913044
18,20261021,dinov2_logit,multiclass,selected_probe,iris_yellow_virus,0.12631578947368421,0.13157894736842105,0.14210526315789473,0.031578947368421054,0.010526315789473684,0.17368421052631577,0.18421052631578946,0.11052631578947367,0.05263157894736842,0.06842105263157894,0.021052631578947368,0.12105263157894737,0.14210526315789473,-0.015789473684210527,0.05263157894736842,0.042105263157894736
18,20261021,dinov2_logit,multiclass,selected_probe,purple_blotch,1.0,1.0,1.0,0.0,0.0,1.0,1.0,1.0,0.0,0.0,0.2,0.0,0.2,0.0,1.0,0.8
18,20261021,dinov2_logit,multiclass,selected_probe,stemphylium_colletotrichum_leaf_blight,0.18,0.22000000000000003,0.28,0.0,0.04,0.28,0.32,0.28,0.12000000000000002,0.02,0.0,0.14,0.14,0.1,0.14,0.18
18,20261021,dinov2_logit,multiclass,sentinel,all_classes,-0.0019107551487414192,0.05637299771167048,0.03368421052631579,0.028203661327231122,0.007608695652173913,0.061887871853546904,0.06949656750572082,0.005480549199084668,0.03931350114416476,0.03192219679633867,0.005434782608695652,0.07123569794050343,0.07667048054919909,0.007391304347826089,-0.009347826086956524,-0.007173913043478258
18,20261021,dinov2_logit,multiclass,sentinel,healthy,-0.008695652173913044,0.07391304347826086,0.0,0.03913043478260869,0.030434782608695653,0.03913043478260869,0.06956521739130435,-0.03913043478260869,0.013043478260869565,0.043478260869565216,0.021739130434782608,0.056521739130434775,0.07826086956521738,-0.030434782608695653,-0.017391304347826087,-0.008695652173913044
18,20261021,dinov2_logit,multiclass,sentinel,iris_yellow_virus,0.021052631578947368,0.13157894736842105,0.09473684210526315,0.07368421052631578,0.0,0.16842105263157894,0.16842105263157894,0.021052631578947368,0.08421052631578947,0.08421052631578947,0.0,0.16842105263157894,0.16842105263157894,0.0,0.0,0.0
18,20261021,dinov2_logit,multiclass,sentinel,purple_blotch,0.0,0.0,0.0,0.0,0.0,0.0,0.0,0.0,0.0,0.0,0.0,0.0,0.0,0.0,0.0,0.0
18,20261021,dinov2_logit,multiclass,sentinel,stemphylium_colletotrichum_leaf_blight,-0.02,0.02,0.04,0.0,0.0,0.04,0.04,0.04,0.06000000000000001,0.0,0.0,0.06000000000000001,0.06000000000000001,0.06000000000000001,-0.02,-0.02
18,20261021,dinov2_logit,multiclass,unselected_paired_probe,all_classes,-0.012070938215102975,0.10004576659038902,0.023821510297482838,0.026258581235697943,0.07894736842105263,0.050080091533180784,0.12902745995423343,-0.0024370709382151023,0.028192219679633868,0.018558352402745996,0.08026315789473684,0.04675057208237986,0.1270137299771167,0.009633867276887873,0.0033295194508009144,0.0020137299771167015
18,20261021,dinov2_logit,multiclass,unselected_paired_probe,healthy,0.004347826086956522,0.03913043478260869,0.017391304347826087,0.02608695652173913,0.0,0.043478260869565216,0.043478260869565216,-0.008695652173913044,0.004347826086956522,0.017391304347826087,0.0,0.021739130434782608,0.021739130434782608,-0.013043478260869565,0.021739130434782608,0.021739130434782608
18,20261021,dinov2_logit,multiclass,unselected_paired_probe,iris_yellow_virus,-0.05263157894736842,0.12105263157894737,0.05789473684210526,0.07894736842105263,0.015789473684210527,0.13684210526315788,0.1526315789473684,-0.021052631578947368,0.06842105263157894,0.03684210526315789,0.021052631578947368,0.10526315789473684,0.12631578947368421,0.031578947368421054,0.031578947368421054,0.02631578947368421
18,20261021,dinov2_logit,multiclass,unselected_paired_probe,purple_blotch,0.0,0.2,0.0,0.0,0.3,0.0,0.3,0.0,0.0,0.0,0.3,0.0,0.3,0.0,0.0,0.0
18,20261021,dinov2_logit,multiclass,unselected_paired_probe,stemphylium_colletotrichum_leaf_blight,0.0,0.04,0.02,0.0,0.0,0.02,0.02,0.02,0.04,0.02,0.0,0.06000000000000001,0.06000000000000001,0.02,-0.04,-0.04
19,20261022,dinov2_cosine_1nn,multiclass,all_paired_probe,all_classes,0.29052059496567506,0.319662471395881,0.28535469107551487,0.023752860411899314,0.01263157894736842,0.3091075514874142,0.32173913043478264,0.26160183066361553,0.03914187643020595,0.06806064073226545,0.016750572082379865,0.1072025171624714,0.12395308924485127,-0.028918764302059502,0.2019050343249428,0.19778604118993134
19,20261022,dinov2_cosine_1nn,multiclass,all_paired_probe,healthy,0.1826086956521739,0.22391304347826088,0.22826086956521738,0.008695652173913044,0.0,0.23695652173913043,0.23695652173913043,0.21956521739130436,0.09130434782608696,0.05434782608695652,0.021739130434782608,0.14565217391304347,0.16739130434782606,0.03695652173913043,0.09130434782608696,0.06956521739130435
19,20261022,dinov2_cosine_1nn,multiclass,all_paired_probe,iris_yellow_virus,0.23947368421052634,0.29473684210526313,0.21315789473684207,0.02631578947368421,0.010526315789473684,0.23947368421052628,0.25,0.18684210526315786,0.055263157894736833,0.10789473684210527,0.005263157894736842,0.1631578947368421,0.16842105263157894,-0.05263157894736842,0.0763157894736842,0.08157894736842106
19,20261022,dinov2_cosine_1nn,multiclass,all_paired_probe,purple_blotch,0.5,0.5,0.5,0.0,0.0,0.5,0.5,0.5,0.0,0.0,0.0,0.0,0.0,0.0,0.5,0.5
19,20261022,dinov2_cosine_1nn,multiclass,all_paired_probe,stemphylium_colletotrichum_leaf_blight,0.24,0.26,0.2,0.06000000000000001,0.04,0.26,0.3,0.14,0.01,0.11000000000000001,0.04,0.12000000000000002,0.16,-0.1,0.13999999999999999,0.13999999999999999
19,20261022,dinov2_cosine_1nn,multiclass,selected_probe,all_classes,0.5593249427917619,0.5593249427917619,0.5318649885583524,0.002631578947368421,0.0,0.5344965675057207,0.5344965675057207,0.529233409610984,0.04121281464530892,0.07130434782608695,0.0037185354691075512,0.11251716247139587,0.11623569794050344,-0.030091533180778028,0.4219794050343249,0.41826086956521735
19,20261022,dinov2_cosine_1nn,multiclass,selected_probe,healthy,0.34782608695652173,0.34782608695652173,0.3695652173913043,0.0,0.0,0.3695652173913043,0.3695652173913043,0.3695652173913043,0.08695652173913043,0.06521739130434782,0.004347826086956522,0.15217391304347824,0.15652173913043477,0.021739130434782608,0.21739130434782608,0.21304347826086958
19,20261022,dinov2_cosine_1nn,multiclass,selected_probe,iris_yellow_virus,0.3894736842105263,0.3894736842105263,0.3578947368421052,0.010526315789473684,0.0,0.3684210526315789,0.3684210526315789,0.34736842105263155,0.05789473684210526,0.1,0.010526315789473684,0.15789473684210525,0.16842105263157894,-0.042105263157894736,0.21052631578947367,0.2
19,20261022,dinov2_cosine_1nn,multiclass,selected_probe,purple_blotch,1.0,1.0,1.0,0.0,0.0,1.0,1.0,1.0,0.0,0.0,0.0,0.0,0.0,0.0,1.0,1.0
19,20261022,dinov2_cosine_1nn,multiclass,selected_probe,stemphylium_colletotrichum_leaf_blight,0.5,0.5,0.4,0.0,0.0,0.4,0.4,0.4,0.02,0.12000000000000002,0.0,0.14,0.14,-0.1,0.26,0.26
19,20261022,dinov2_cosine_1nn,multiclass,sentinel,all_classes,-0.04449656750572083,0.28381006864988556,0.08060640732265446,0.056762013729977114,0.01652173913043478,0.13736842105263158,0.15389016018306637,0.023844393592677347,0.17088100686498858,0.1025400457665904,0.005434782608695652,0.2734210526315789,0.2788558352402746,0.06834096109839817,-0.13605263157894737,-0.12496567505720821
19,20261022,dinov2_cosine_1nn,multiclass,sentinel,healthy,0.030434782608695653,0.1826086956521739,0.14347826086956522,0.056521739130434775,0.02608695652173913,0.2,0.2260869565217391,0.08695652173913043,0.07826086956521738,0.021739130434782608,0.021739130434782608,0.1,0.12173913043478261,0.056521739130434775,0.1,0.10434782608695652
19,20261022,dinov2_cosine_1nn,multiclass,sentinel,iris_yellow_virus,0.031578947368421054,0.1526315789473684,0.07894736842105263,0.11052631578947367,0.0,0.1894736842105263,0.1894736842105263,-0.031578947368421054,0.10526315789473684,0.16842105263157894,0.0,0.27368421052631575,0.27368421052631575,-0.06315789473684211,-0.08421052631578947,-0.08421052631578947
19,20261022,dinov2_cosine_1nn,multiclass,sentinel,purple_blotch,-0.5,0.5,0.0,0.0,0.0,0.0,0.0,0.0,0.5,0.0,0.0,0.5,0.5,0.5,-0.5,-0.5
19,20261022,dinov2_cosine_1nn,multiclass,sentinel,stemphylium_colletotrichum_leaf_blight,0.26,0.3,0.1,0.06000000000000001,0.04,0.16,0.2,0.04,0.0,0.22000000000000003,0.0,0.22000000000000003,0.22000000000000003,-0.22000000000000003,-0.06000000000000001,-0.02
19,20261022,dinov2_cosine_1nn,multiclass,unselected_paired_probe,all_classes,0.0217162471395881,0.08,0.03884439359267734,0.044874141876430206,0.02526315789473684,0.08371853546910754,0.1089816933638444,-0.006029748283752862,0.037070938215102975,0.06481693363844394,0.029782608695652173,0.1018878718535469,0.13167048054919908,-0.027745995423340962,-0.018169336384439357,-0.02268878718535469
19,20261022,dinov2_cosine_1nn,multiclass,unselected_paired_probe,healthy,0.017391304347826087,0.1,0.08695652173913043,0.017391304347826087,0.0,0.10434782608695652,0.10434782608695652,0.06956521739130435,0.09565217391304348,0.043478260869565216,0.03913043478260869,0.1391304347826087,0.1782608695652174,0.05217391304347826,-0.034782608695652174,-0.07391304347826086
19,20261022,dinov2_cosine_1nn,multiclass,unselected_paired_probe,iris_yellow_virus,0.0894736842105263,0.2,0.06842105263157894,0.042105263157894736,0.021052631578947368,0.11052631578947367,0.13157894736842105,0.02631578947368421,0.05263157894736842,0.11578947368421053,0.0,0.16842105263157894,0.16842105263157894,-0.06315789473684211,-0.05789473684210526,-0.03684210526315789
19,20261022,dinov2_cosine_1nn,multiclass,unselected_paired_probe,purple_blotch,0.0,0.0,0.0,0.0,0.0,0.0,0.0,0.0,0.0,0.0,0.0,0.0,0.0,0.0,0.0,0.0
19,20261022,dinov2_cosine_1nn,multiclass,unselected_paired_probe,stemphylium_colletotrichum_leaf_blight,-0.02,0.02,0.0,0.12000000000000002,0.08,0.12000000000000002,0.2,-0.12000000000000002,0.0,0.1,0.08,0.1,0.18,-0.1,0.02,0.02
19,20261022,dinov2_logit,multiclass,all_paired_probe,all_classes,0.17120137299771168,0.23056064073226543,0.20100686498855835,0.011121281464530893,0.013043478260869565,0.21212814645308925,0.2251716247139588,0.18988558352402746,0.03446796338672769,0.0157837528604119,0.01870137299771167,0.05025171624713959,0.06895308924485126,0.01868421052631579,0.16187643020594963,0.15621853546910752
19,20261022,dinov2_logit,multiclass,all_paired_probe,healthy,0.002173913043478261,0.05434782608695652,0.06086956521739131,0.008695652173913044,0.002173913043478261,0.06956521739130435,0.07173913043478261,0.05217391304347826,0.08260869565217391,0.03260869565217391,0.002173913043478261,0.11521739130434783,0.11739130434782608,0.05,-0.04565217391304348,-0.04565217391304348
19,20261022,dinov2_logit,multiclass,all_paired_probe,iris_yellow_virus,0.05263157894736842,0.10789473684210527,0.1131578947368421,0.015789473684210527,0.0,0.12894736842105264,0.12894736842105264,0.09736842105263158,0.055263157894736833,0.010526315789473684,0.002631578947368421,0.06578947368421052,0.06842105263157894,0.04473684210526315,0.06315789473684211,0.060526315789473685
19,20261022,dinov2_logit,multiclass,all_paired_probe,purple_blotch,0.5,0.55,0.5,0.0,0.05,0.5,0.55,0.5,0.0,0.0,0.0,0.0,0.0,0.0,0.5,0.55
19,20261022,dinov2_logit,multiclass,all_paired_probe,stemphylium_colletotrichum_leaf_blight,0.13,0.21000000000000002,0.13,0.02,0.0,0.15,0.15,0.11000000000000001,0.0,0.02,0.07,0.02,0.09,-0.02,0.13,0.06
19,20261022,dinov2_logit,multiclass,selected_probe,all_classes,0.35526315789473684,0.37093821510297487,0.37100686498855834,0.002173913043478261,0.0010869565217391304,0.3731807780320366,0.37426773455377577,0.3688329519450801,0.03272311212814645,0.019153318077803204,0.01608695652173913,0.051876430205949654,0.06796338672768878,0.013569794050343248,0.32130434782608697,0.30630434782608695
19,20261022,dinov2_logit,multiclass,selected_probe,healthy,0.0,0.05217391304347826,0.06086956521739131,0.008695652173913044,0.004347826086956522,0.06956521739130435,0.07391304347826086,0.05217391304347826,0.07826086956521738,0.02608695652173913,0.004347826086956522,0.10434782608695652,0.10869565217391304,0.05217391304347826,-0.034782608695652174,-0.034782608695652174
19,20261022,dinov2_logit,multiclass,selected_probe,iris_yellow_virus,0.12105263157894737,0.13157894736842105,0.1631578947368421,0.0,0.0,0.1631578947368421,0.1631578947368421,0.1631578947368421,0.05263157894736842,0.010526315789473684,0.0,0.06315789473684211,0.06315789473684211,0.042105263157894736,0.1,0.1
19,20261022,dinov2_logit,multiclass,selected_probe,purple_blotch,1.0,1.0,1.0,0.0,0.0,1.0,1.0,1.0,0.0,0.0,0.0,0.0,0.0,0.0,1.0,1.0
19,20261022,dinov2_logit,multiclass,selected_probe,stemphylium_colletotrichum_leaf_blight,0.3,0.3,0.26,0.0,0.0,0.26,0.26,0.26,0.0,0.04,0.06000000000000001,0.04,0.1,-0.04,0.22000000000000003,0.16
19,20261022,dinov2_logit,multiclass,sentinel,all_classes,0.03564073226544623,0.34220823798627,0.1702745995423341,0.03588100686498856,0.002173913043478261,0.20615560640732267,0.2083295194508009,0.13439359267734552,0.11505720823798626,0.016304347826086956,0.11000000000000001,0.13136155606407324,0.24136155606407322,0.09875286041189932,0.07479405034324943,-0.03303203661327231
19,20261022,dinov2_logit,multiclass,sentinel,healthy,-0.05217391304347826,0.11304347826086955,0.034782608695652174,0.07826086956521738,0.008695652173913044,0.11304347826086955,0.12173913043478261,-0.043478260869565216,0.07391304347826086,0.06521739130434782,0.0,0.1391304347826087,0.1391304347826087,0.008695652173913044,-0.02608695652173913,-0.017391304347826087
19,20261022,dinov2_logit,multiclass,sentinel,iris_yellow_virus,-0.005263157894736842,0.015789473684210527,0.12631578947368421,0.005263157894736842,0.0,0.13157894736842105,0.13157894736842105,0.12105263157894737,0.12631578947368421,0.0,0.0,0.12631578947368421,0.12631578947368421,0.12631578947368421,0.005263157894736842,0.005263157894736842
19,20261022,dinov2_logit,multiclass,sentinel,purple_blotch,0.4,1.0,0.5,0.0,0.0,0.5,0.5,0.5,0.1,0.0,0.4,0.1,0.5,0.1,0.4,0.0
19,20261022,dinov2_logit,multiclass,sentinel,stemphylium_colletotrichum_leaf_blight,-0.2,0.24000000000000005,0.02,0.06000000000000001,0.0,0.08,0.08,-0.04,0.16,0.0,0.04,0.16,0.2,0.16,-0.08,-0.12000000000000002
19,20261022,dinov2_logit,multiclass,unselected_paired_probe,all_classes,-0.0128604118993135,0.09018306636155607,0.031006864988558352,0.020068649885583524,0.025,0.05107551487414187,0.07607551487414188,0.010938215102974828,0.03621281464530892,0.012414187643020594,0.02131578947368421,0.048627002288329516,0.06994279176201372,0.02379862700228833,0.0024485125858123577,0.006132723112128149
19,20261022,dinov2_logit,multiclass,unselected_paired_probe,healthy,0.004347826086956522,0.056521739130434775,0.06086956521739131,0.008695652173913044,0.0,0.06956521739130435,0.06956521739130435,0.05217391304347826,0.08695652173913043,0.03913043478260869,0.0,0.12608695652173912,0.12608695652173912,0.04782608695652174,-0.056521739130434775,-0.056521739130434775
19,20261022,dinov2_logit,multiclass,unselected_paired_probe,iris_yellow_virus,-0.015789473684210527,0.08421052631578947,0.06315789473684211,0.031578947368421054,0.0,0.09473684210526315,0.09473684210526315,0.031578947368421054,0.05789473684210526,0.010526315789473684,0.005263157894736842,0.06842105263157894,0.07368421052631578,0.047368421052631574,0.02631578947368421,0.021052631578947368
19,20261022,dinov2_logit,multiclass,unselected_paired_probe,purple_blotch,0.0,0.1,0.0,0.0,0.1,0.0,0.1,0.0,0.0,0.0,0.0,0.0,0.0,0.0,0.0,0.1
19,20261022,dinov2_logit,multiclass,unselected_paired_probe,stemphylium_colletotrichum_leaf_blight,-0.04,0.12000000000000002,0.0,0.04,0.0,0.04,0.04,-0.04,0.0,0.0,0.08,0.0,0.08,0.0,0.04,-0.04
20,20261023,dinov2_cosine_1nn,multiclass,all_paired_probe,all_classes,0.24244279176201372,0.40098398169336386,0.30286613272311214,0.02324370709382151,0.03200800915331808,0.32610983981693364,0.35811784897025173,0.2796224256292906,0.08887299771167048,0.05169336384439359,0.10587528604118994,0.14056636155606408,0.246441647597254,0.03717963386727689,0.18554347826086956,0.11167620137299769
20,20261023,dinov2_cosine_1nn,multiclass,all_paired_probe,healthy,0.17608695652173914,0.24130434782608695,0.26304347826086955,0.010869565217391304,0.004347826086956522,0.2739130434782609,0.2782608695652174,0.25217391304347825,0.12391304347826086,0.04782608695652174,0.010869565217391304,0.17173913043478262,0.1826086956521739,0.07608695652173912,0.10217391304347827,0.09565217391304348
20,20261023,dinov2_cosine_1nn,multiclass,all_paired_probe,iris_yellow_virus,0.12368421052631577,0.2026315789473684,0.16842105263157894,0.042105263157894736,0.023684210526315787,0.21052631578947367,0.23421052631578948,0.12631578947368421,0.08157894736842106,0.07894736842105263,0.002631578947368421,0.16052631578947368,0.1631578947368421,0.002631578947368421,0.05,0.07105263157894737
20,20261023,dinov2_cosine_1nn,multiclass,all_paired_probe,purple_blotch,0.5,0.75,0.5,0.0,0.0,0.5,0.5,0.5,0.0,0.0,0.4,0.0,0.4,0.0,0.5,0.1
20,20261023,dinov2_cosine_1nn,multiclass,all_paired_probe,stemphylium_colletotrichum_leaf_blight,0.16999999999999998,0.41,0.27999999999999997,0.04,0.1,0.32,0.42000000000000004,0.24,0.15,0.08,0.01,0.23000000000000004,0.24,0.07,0.09,0.18000000000000002
20,20261023,dinov2_cosine_1nn,multiclass,selected_probe,all_classes,0.5129748283752861,0.5542906178489703,0.5401601830663616,0.003260869565217391,0.02131578947368421,0.5434210526315789,0.5647368421052631,0.5368993135011442,0.06624713958810069,0.04232265446224256,0.07717391304347826,0.10856979405034324,0.18574370709382151,0.023924485125858125,0.43485125858123574,0.37899313501144166
20,20261023,dinov2_cosine_1nn,multiclass,selected_probe,healthy,0.34347826086956523,0.34347826086956523,0.3869565217391304,0.013043478260869565,0.0,0.4,0.4,0.3739130434782609,0.09130434782608696,0.06086956521739131,0.008695652173913044,0.15217391304347824,0.16086956521739132,0.030434782608695653,0.24782608695652178,0.2391304347826087
20,20261023,dinov2_cosine_1nn,multiclass,selected_probe,iris_yellow_virus,0.26842105263157895,0.27368421052631575,0.27368421052631575,0.0,0.005263157894736842,0.27368421052631575,0.2789473684210526,0.27368421052631575,0.07368421052631578,0.06842105263157894,0.0,0.14210526315789473,0.14210526315789473,0.005263157894736842,0.13157894736842105,0.13684210526315788
20,20261023,dinov2_cosine_1nn,multiclass,selected_probe,purple_blotch,1.0,1.0,1.0,0.0,0.0,1.0,1.0,1.0,0.0,0.0,0.3,0.0,0.3,0.0,1.0,0.7
20,20261023,dinov2_cosine_1nn,multiclass,selected_probe,stemphylium_colletotrichum_leaf_blight,0.44000000000000006,0.6,0.5,0.0,0.08,0.5,0.58,0.5,0.1,0.04,0.0,0.14,0.14,0.06000000000000001,0.36,0.44000000000000006
20,20261023,dinov2_cosine_1nn,multiclass,sentinel,all_classes,0.05964530892448513,0.16573226544622427,0.06704805491990846,0.26704805491990846,0.0,0.3340961098398169,0.3340961098398169,-0.2,0.0467391304347826,0.30638443935926774,0.030000000000000006,0.35312356979405035,0.3831235697940503,-0.2596453089244851,-0.0190274599542334,-0.0490274599542334
20,20261023,dinov2_cosine_1nn,multiclass,sentinel,healthy,0.021739130434782608,0.12608695652173912,0.12608695652173912,0.02608695652173913,0.0,0.15217391304347824,0.15217391304347824,0.1,0.08695652173913043,0.008695652173913044,0.0,0.09565217391304348,0.09565217391304348,0.07826086956521738,0.056521739130434775,0.056521739130434775
20,20261023,dinov2_cosine_1nn,multiclass,sentinel,iris_yellow_virus,0.03684210526315789,0.23684210526315788,0.14210526315789473,0.14210526315789473,0.0,0.28421052631578947,0.28421052631578947,0.0,0.1,0.13684210526315788,0.0,0.23684210526315788,0.23684210526315788,-0.03684210526315789,0.047368421052631574,0.047368421052631574
20,20261023,dinov2_cosine_1nn,multiclass,sentinel,purple_blotch,0.1,0.1,0.0,0.8,0.0,0.8,0.8,-0.8,0.0,0.9,0.0,0.9,0.9,-0.9,-0.1,-0.1
20,20261023,dinov2_cosine_1nn,multiclass,sentinel,stemphylium_colletotrichum_leaf_blight,0.08,0.2,0.0,0.1,0.0,0.1,0.1,-0.1,0.0,0.18,0.12000000000000002,0.18,0.3,-0.18,-0.08,-0.2
20,20261023,dinov2_cosine_1nn,multiclass,unselected_paired_probe,all_classes,-0.028089244851258587,0.24767734553775744,0.0655720823798627,0.04322654462242563,0.04270022883295195,0.10879862700228833,0.15149885583524028,0.022345537757437067,0.11149885583524026,0.06106407322654463,0.1345766590389016,0.1725629290617849,0.3071395881006865,0.05043478260869565,-0.06376430205949657,-0.15564073226544622
20,20261023,dinov2_cosine_1nn,multiclass,unselected_paired_probe,healthy,0.008695652173913044,0.1391304347826087,0.1391304347826087,0.008695652173913044,0.008695652173913044,0.14782608695652172,0.1565217391304348,0.13043478260869565,0.15652173913043477,0.034782608695652174,0.013043478260869565,0.19130434782608696,0.20434782608695654,0.12173913043478261,-0.043478260869565216,-0.04782608695652174
20,20261023,dinov2_cosine_1nn,multiclass,unselected_paired_probe,iris_yellow_virus,-0.021052631578947368,0.13157894736842105,0.06315789473684211,0.08421052631578947,0.042105263157894736,0.14736842105263157,0.1894736842105263,-0.021052631578947368,0.0894736842105263,0.0894736842105263,0.005263157894736842,0.1789473684210526,0.18421052631578946,0.0,-0.031578947368421054,0.005263157894736842
20,20261023,dinov2_cosine_1nn,multiclass,unselected_paired_probe,purple_blotch,0.0,0.5,0.0,0.0,0.0,0.0,0.0,0.0,0.0,0.0,0.5,0.0,0.5,0.0,0.0,-0.5
20,20261023,dinov2_cosine_1nn,multiclass,unselected_paired_probe,stemphylium_colletotrichum_leaf_blight,-0.1,0.22000000000000003,0.06000000000000001,0.08,0.12000000000000002,0.14,0.26,-0.02,0.2,0.12000000000000002,0.02,0.32,0.34,0.08,-0.18,-0.08
20,20261023,dinov2_logit,multiclass,all_paired_probe,all_classes,0.20810068649885585,0.23075514874141873,0.19367276887871854,0.0072082379862700215,0.003947368421052632,0.20088100686498858,0.2048283752860412,0.18646453089244852,0.06657894736842104,0.08821510297482837,0.0037185354691075512,0.15479405034324942,0.15851258581235697,-0.021636155606407324,0.04608695652173913,0.04631578947368423
20,20261023,dinov2_logit,multiclass,all_paired_probe,healthy,0.02608695652173913,0.04565217391304348,0.06521739130434782,0.013043478260869565,0.0,0.07826086956521738,0.07826086956521738,0.05217391304347826,0.05,0.02391304347826087,0.004347826086956522,0.07391304347826086,0.07826086956521738,0.02608695652173913,0.004347826086956522,0.0
20,20261023,dinov2_logit,multiclass,all_paired_probe,iris_yellow_virus,0.0763157894736842,0.14736842105263157,0.0894736842105263,0.015789473684210527,0.015789473684210527,0.10526315789473684,0.12105263157894737,0.07368421052631578,0.02631578947368421,0.02894736842105263,0.010526315789473684,0.055263157894736833,0.06578947368421052,-0.002631578947368421,0.05,0.055263157894736833
20,20261023,dinov2_logit,multiclass,all_paired_probe,purple_blotch,0.55,0.55,0.45,0.0,0.0,0.45,0.45,0.45,0.15,0.25,0.0,0.4,0.4,-0.1,0.05,0.05
20,20261023,dinov2_logit,multiclass,all_paired_probe,stemphylium_colletotrichum_leaf_blight,0.18,0.18,0.16999999999999998,0.0,0.0,0.16999999999999998,0.16999999999999998,0.16999999999999998,0.04,0.05,0.0,0.09,0.09,-0.01,0.08,0.08
20,20261023,dinov2_logit,multiclass,selected_probe,all_classes,0.2287986270022883,0.24149885583524028,0.25163615560640734,0.003489702517162471,0.0013157894736842105,0.2551258581235698,0.256441647597254,0.24814645308924485,0.05116704805491991,0.031819221967963385,0.002631578947368421,0.0829862700228833,0.08561784897025172,0.01934782608695652,0.1721395881006865,0.17082379862700228
20,20261023,dinov2_logit,multiclass,selected_probe,healthy,0.04782608695652174,0.056521739130434775,0.07391304347826086,0.008695652173913044,0.0,0.08260869565217391,0.08260869565217391,0.06521739130434782,0.04782608695652174,0.030434782608695653,0.0,0.07826086956521738,0.07826086956521738,0.017391304347826087,0.004347826086956522,0.004347826086956522
20,20261023,dinov2_logit,multiclass,selected_probe,iris_yellow_virus,0.14736842105263157,0.1894736842105263,0.1526315789473684,0.005263157894736842,0.005263157894736842,0.15789473684210525,0.1631578947368421,0.14736842105263157,0.03684210526315789,0.03684210526315789,0.010526315789473684,0.07368421052631578,0.08421052631578947,0.0,0.08421052631578947,0.07894736842105263
20,20261023,dinov2_logit,multiclass,selected_probe,purple_blotch,0.4,0.4,0.5,0.0,0.0,0.5,0.5,0.5,0.1,0.0,0.0,0.1,0.1,0.1,0.4,0.4
20,20261023,dinov2_logit,multiclass,selected_probe,stemphylium_colletotrichum_leaf_blight,0.32,0.32,0.28,0.0,0.0,0.28,0.28,0.28,0.02,0.06000000000000001,0.0,0.08,0.08,-0.04,0.2,0.2
20,20261023,dinov2_logit,multiclass,sentinel,all_classes,-0.016247139588100687,0.14951945080091533,0.04255148741418764,0.050961098398169334,0.005434782608695652,0.09351258581235697,0.09894736842105263,-0.008409610983981696,0.056636155606407314,0.04879862700228833,0.0,0.10543478260869565,0.10543478260869565,0.00783752860411899,-0.011922196796338666,-0.006487414187643014
20,20261023,dinov2_logit,multiclass,sentinel,healthy,0.008695652173913044,0.1391304347826087,0.056521739130434775,0.021739130434782608,0.021739130434782608,0.07826086956521738,0.1,0.034782608695652174,0.07391304347826086,0.04782608695652174,0.0,0.12173913043478261,0.12173913043478261,0.02608695652173913,-0.043478260869565216,-0.021739130434782608
20,20261023,dinov2_logit,multiclass,sentinel,iris_yellow_virus,-0.07368421052631578,0.1789473684210526,0.07368421052631578,0.042105263157894736,0.0,0.11578947368421053,0.11578947368421053,0.031578947368421054,0.1526315789473684,0.047368421052631574,0.0,0.2,0.2,0.10526315789473684,-0.08421052631578947,-0.08421052631578947
20,20261023,dinov2_logit,multiclass,sentinel,purple_blotch,0.1,0.1,0.0,0.0,0.0,0.0,0.0,0.0,0.0,0.1,0.0,0.1,0.1,-0.1,-0.1,-0.1
20,20261023,dinov2_logit,multiclass,sentinel,stemphylium_colletotrichum_leaf_blight,-0.1,0.18,0.04,0.14,0.0,0.18,0.18,-0.1,0.0,0.0,0.0,0.0,0.0,0.0,0.18,0.18
20,20261023,dinov2_logit,multiclass,unselected_paired_probe,all_classes,0.18740274599542334,0.22001144164759726,0.13570938215102973,0.010926773455377573,0.006578947368421052,0.14663615560640733,0.15321510297482838,0.12478260869565216,0.08199084668192219,0.14461098398169336,0.004805491990846682,0.22660183066361556,0.23140732265446223,-0.06262013729977117,-0.07996567505720822,-0.07819221967963386
20,20261023,dinov2_logit,multiclass,unselected_paired_probe,healthy,0.004347826086956522,0.034782608695652174,0.056521739130434775,0.017391304347826087,0.0,0.07391304347826086,0.07391304347826086,0.03913043478260869,0.05217391304347826,0.017391304347826087,0.008695652173913044,0.06956521739130435,0.07826086956521738,0.034782608695652174,0.004347826086956522,-0.004347826086956522
20,20261023,dinov2_logit,multiclass,unselected_paired_probe,iris_yellow_virus,0.005263157894736842,0.10526315789473684,0.02631578947368421,0.02631578947368421,0.02631578947368421,0.05263157894736842,0.07894736842105263,0.0,0.015789473684210527,0.021052631578947368,0.010526315789473684,0.03684210526315789,0.047368421052631574,-0.005263157894736842,0.015789473684210527,0.031578947368421054
20,20261023,dinov2_logit,multiclass,unselected_paired_probe,purple_blotch,0.7,0.7,0.4,0.0,0.0,0.4,0.4,0.4,0.2,0.5,0.0,0.7,0.7,-0.3,-0.3,-0.3
20,20261023,dinov2_logit,multiclass,unselected_paired_probe,stemphylium_colletotrichum_leaf_blight,0.04,0.04,0.06000000000000001,0.0,0.0,0.06000000000000001,0.06000000000000001,0.06000000000000001,0.06000000000000001,0.04,0.0,0.1,0.1,0.02,-0.04,-0.04
21,20261024,dinov2_cosine_1nn,multiclass,all_paired_probe,all_classes,0.24378718535469107,0.2860526315789474,0.28813501144164755,0.020520594965675057,0.02108695652173913,0.30865560640732265,0.3297425629290618,0.2676144164759725,0.077545766590389,0.05371853546910754,0.03350686498855835,0.13126430205949657,0.16477116704805492,0.02382723112128147,0.17739130434782607,0.16497139588100687
21,20261024,dinov2_cosine_1nn,multiclass,all_paired_probe,healthy,0.16304347826086957,0.2,0.13043478260869565,0.03260869565217391,0.004347826086956522,0.16304347826086957,0.1673913043478261,0.09782608695652174,0.03913043478260869,0.10434782608695652,0.010869565217391304,0.14347826086956522,0.15434782608695652,-0.06521739130434782,0.019565217391304353,0.013043478260869568
21,20261024,dinov2_cosine_1nn,multiclass,all_paired_probe,iris_yellow_virus,0.14210526315789473,0.18421052631578946,0.14210526315789473,0.039473684210526314,0.0,0.18157894736842103,0.18157894736842103,0.10263157894736841,0.021052631578947368,0.060526315789473685,0.013157894736842105,0.08157894736842106,0.09473684210526315,-0.039473684210526314,0.1,0.08684210526315789
21,20261024,dinov2_cosine_1nn,multiclass,all_paired_probe,purple_blotch,0.35,0.4,0.6,0.0,0.05,0.6,0.65,0.6,0.25,0.0,0.05,0.25,0.3,0.25,0.35,0.35
21,20261024,dinov2_cosine_1nn,multiclass,all_paired_probe,stemphylium_colletotrichum_leaf_blight,0.32,0.36,0.27999999999999997,0.01,0.030000000000000006,0.29,0.32,0.27,0.0,0.05,0.06000000000000001,0.05,0.11000000000000001,-0.05,0.24,0.21000000000000002
21,20261024,dinov2_cosine_1nn,multiclass,selected_probe,all_classes,0.4433752860411899,0.4486384439359267,0.4896453089244851,0.004805491990846682,0.0,0.4944508009153318,0.4944508009153318,0.4848398169336384,0.09004576659038901,0.048581235697940504,0.04983981693363844,0.13862700228832953,0.18846681922196798,0.04146453089244852,0.3558237986270023,0.3059839816933638
21,20261024,dinov2_cosine_1nn,multiclass,selected_probe,healthy,0.2608695652173913,0.2608695652173913,0.2217391304347826,0.008695652173913044,0.0,0.23043478260869565,0.23043478260869565,0.21304347826086958,0.03913043478260869,0.08695652173913043,0.013043478260869565,0.12608695652173912,0.1391304347826087,-0.04782608695652174,0.10434782608695652,0.09130434782608696
21,20261024,dinov2_cosine_1nn,multiclass,selected_probe,iris_yellow_virus,0.25263157894736843,0.27368421052631575,0.23684210526315788,0.010526315789473684,0.0,0.24736842105263154,0.24736842105263154,0.2263157894736842,0.021052631578947368,0.047368421052631574,0.02631578947368421,0.06842105263157894,0.09473684210526315,-0.02631578947368421,0.1789473684210526,0.1526315789473684
21,20261024,dinov2_cosine_1nn,multiclass,selected_probe,purple_blotch,0.7,0.7,1.0,0.0,0.0,1.0,1.0,1.0,0.3,0.0,0.1,0.3,0.4,0.3,0.7,0.6
21,20261024,dinov2_cosine_1nn,multiclass,selected_probe,stemphylium_colletotrichum_leaf_blight,0.5599999999999999,0.5599999999999999,0.5,0.0,0.0,0.5,0.5,0.5,0.0,0.06000000000000001,0.06000000000000001,0.06000000000000001,0.12000000000000002,-0.06000000000000001,0.44000000000000006,0.38
21,20261024,dinov2_cosine_1nn,multiclass,sentinel,all_classes,-0.02345537757437071,0.0988558352402746,0.033237986270022876,0.019279176201372997,0.075,0.05251716247139589,0.12751716247139588,0.013958810068649885,0.06458810068649885,0.02717391304347826,0.05263157894736842,0.09176201372997712,0.14439359267734553,0.03741418764302059,-0.03924485125858124,-0.016876430205949654
21,20261024,dinov2_cosine_1nn,multiclass,sentinel,healthy,-0.004347826086956522,0.021739130434782608,0.043478260869565216,0.008695652173913044,0.0,0.05217391304347826,0.05217391304347826,0.034782608695652174,0.04782608695652174,0.008695652173913044,0.0,0.056521739130434775,0.056521739130434775,0.03913043478260869,-0.004347826086956522,-0.004347826086956522
21,20261024,dinov2_cosine_1nn,multiclass,sentinel,iris_yellow_virus,0.010526315789473684,0.17368421052631577,0.0894736842105263,0.06842105263157894,0.0,0.15789473684210525,0.15789473684210525,0.021052631578947368,0.11052631578947367,0.1,0.010526315789473684,0.21052631578947367,0.22105263157894733,0.010526315789473684,-0.05263157894736842,-0.06315789473684211
21,20261024,dinov2_cosine_1nn,multiclass,sentinel,purple_blotch,0.0,0.1,0.0,0.0,0.3,0.0,0.3,0.0,0.0,0.0,0.2,0.0,0.2,0.0,0.0,0.1
21,20261024,dinov2_cosine_1nn,multiclass,sentinel,stemphylium_colletotrichum_leaf_blight,-0.1,0.1,0.0,0.0,0.0,0.0,0.0,0.0,0.1,0.0,0.0,0.1,0.1,0.1,-0.1,-0.1
21,20261024,dinov2_cosine_1nn,multiclass,unselected_paired_probe,all_classes,0.04419908466819222,0.12346681922196796,0.08662471395881007,0.03623569794050343,0.04217391304347826,0.12286041189931352,0.16503432494279174,0.05038901601830664,0.065045766590389,0.0588558352402746,0.01717391304347826,0.12390160183066361,0.14107551487414188,0.006189931350114416,-0.0010411899313501137,0.02395881006864989
21,20261024,dinov2_cosine_1nn,multiclass,unselected_paired_probe,healthy,0.06521739130434782,0.1391304347826087,0.03913043478260869,0.056521739130434775,0.008695652173913044,0.09565217391304348,0.10434782608695652,-0.017391304347826087,0.03913043478260869,0.12173913043478261,0.008695652173913044,0.16086956521739132,0.16956521739130434,-0.08260869565217391,-0.06521739130434782,-0.06521739130434782
21,20261024,dinov2_cosine_1nn,multiclass,unselected_paired_probe,iris_yellow_virus,0.031578947368421054,0.09473684210526315,0.047368421052631574,0.06842105263157894,0.0,0.11578947368421053,0.11578947368421053,-0.021052631578947368,0.021052631578947368,0.07368421052631578,0.0,0.09473684210526315,0.09473684210526315,-0.05263157894736842,0.021052631578947368,0.021052631578947368
21,20261024,dinov2_cosine_1nn,multiclass,unselected_paired_probe,purple_blotch,0.0,0.1,0.2,0.0,0.1,0.2,0.3,0.2,0.2,0.0,0.0,0.2,0.2,0.2,0.0,0.1
21,20261024,dinov2_cosine_1nn,multiclass,unselected_paired_probe,stemphylium_colletotrichum_leaf_blight,0.08,0.16,0.06000000000000001,0.02,0.06000000000000001,0.08,0.14,0.04,0.0,0.04,0.06000000000000001,0.04,0.1,-0.04,0.04,0.04
21,20261024,dinov2_logit,multiclass,all_paired_probe,all_classes,0.03943935926773455,0.10648741418764303,0.11359267734553775,0.008850114416475973,0.002402745995423341,0.12244279176201371,0.12484553775743708,0.10474256292906178,0.09415903890160184,0.028855835240274595,0.002402745995423341,0.12301487414187644,0.1254176201372998,0.06530320366132723,-0.0005720823798627039,-0.0005720823798627025
21,20261024,dinov2_logit,multiclass,all_paired_probe,healthy,0.04565217391304348,0.07173913043478261,0.07173913043478261,0.004347826086956522,0.004347826086956522,0.07608695652173912,0.08043478260869566,0.06739130434782609,0.043478260869565216,0.021739130434782608,0.004347826086956522,0.06521739130434782,0.06956521739130435,0.021739130434782608,0.010869565217391304,0.010869565217391304
21,20261024,dinov2_logit,multiclass,all_paired_probe,iris_yellow_virus,0.042105263157894736,0.08421052631578947,0.05263157894736842,0.021052631578947368,0.005263157894736842,0.07368421052631578,0.07894736842105263,0.031578947368421054,0.013157894736842105,0.023684210526315787,0.005263157894736842,0.03684210526315789,0.042105263157894736,-0.010526315789473684,0.03684210526315789,0.03684210526315789
21,20261024,dinov2_logit,multiclass,all_paired_probe,purple_blotch,-0.05,0.15,0.25,0.0,0.0,0.25,0.25,0.25,0.3,0.0,0.0,0.3,0.3,0.3,-0.05,-0.05
21,20261024,dinov2_logit,multiclass,all_paired_probe,stemphylium_colletotrichum_leaf_blight,0.12000000000000002,0.12000000000000002,0.08,0.01,0.0,0.09,0.09,0.07,0.02,0.07,0.0,0.09,0.09,-0.05,0.0,0.0
21,20261024,dinov2_logit,multiclass,selected_probe,all_classes,0.11864988558352403,0.12391304347826086,0.2121395881006865,0.0,0.0,0.2121395881006865,0.2121395881006865,0.2121395881006865,0.12613272311212814,0.032643020594965676,0.0010869565217391304,0.15877574370709382,0.15986270022883295,0.09348970251716247,0.05336384439359267,0.05227688787185355
21,20261024,dinov2_logit,multiclass,selected_probe,healthy,0.09565217391304348,0.09565217391304348,0.10434782608695652,0.0,0.0,0.10434782608695652,0.10434782608695652,0.10434782608695652,0.043478260869565216,0.034782608695652174,0.004347826086956522,0.07826086956521738,0.08260869565217391,0.008695652173913044,0.02608695652173913,0.021739130434782608
21,20261024,dinov2_logit,multiclass,selected_probe,iris_yellow_virus,0.07894736842105263,0.1,0.08421052631578947,0.0,0.0,0.08421052631578947,0.08421052631578947,0.08421052631578947,0.021052631578947368,0.015789473684210527,0.0,0.03684210526315789,0.03684210526315789,0.005263157894736842,0.047368421052631574,0.047368421052631574
21,20261024,dinov2_logit,multiclass,selected_probe,purple_blotch,0.1,0.1,0.5,0.0,0.0,0.5,0.5,0.5,0.4,0.0,0.0,0.4,0.4,0.4,0.1,0.1
21,20261024,dinov2_logit,multiclass,selected_probe,stemphylium_colletotrichum_leaf_blight,0.2,0.2,0.16,0.0,0.0,0.16,0.16,0.16,0.04,0.08,0.0,0.12000000000000002,0.12000000000000002,-0.04,0.04,0.04
21,20261024,dinov2_logit,multiclass,sentinel,all_classes,0.0031350114416475957,0.04366132723112128,0.018077803203661327,0.03852402745995424,0.007894736842105263,0.05660183066361556,0.06449656750572083,-0.02044622425629291,0.013501144164759726,0.03708237986270023,0.011842105263157893,0.050583524027459956,0.062425629290617846,-0.023581235697940506,0.006018306636155608,0.002070938215102976
21,20261024,dinov2_logit,multiclass,sentinel,healthy,0.030434782608695653,0.030434782608695653,0.056521739130434775,0.013043478260869565,0.0,0.06956521739130435,0.06956521739130435,0.043478260869565216,0.043478260869565216,0.030434782608695653,0.0,0.07391304347826086,0.07391304347826086,0.013043478260869565,-0.004347826086956522,-0.004347826086956522
21,20261024,dinov2_logit,multiclass,sentinel,iris_yellow_virus,0.042105263157894736,0.08421052631578947,0.015789473684210527,0.021052631578947368,0.031578947368421054,0.03684210526315789,0.06842105263157894,-0.005263157894736842,0.010526315789473684,0.05789473684210526,0.047368421052631574,0.06842105263157894,0.11578947368421053,-0.047368421052631574,-0.031578947368421054,-0.047368421052631574
21,20261024,dinov2_logit,multiclass,sentinel,purple_blotch,0.0,0.0,0.0,0.0,0.0,0.0,0.0,0.0,0.0,0.0,0.0,0.0,0.0,0.0,0.0,0.0
21,20261024,dinov2_logit,multiclass,sentinel,stemphylium_colletotrichum_leaf_blight,-0.06000000000000001,0.06000000000000001,0.0,0.12000000000000002,0.0,0.12000000000000002,0.12000000000000002,-0.12000000000000002,0.0,0.06000000000000001,0.0,0.06000000000000001,0.06000000000000001,-0.06000000000000001,0.06000000000000001,0.06000000000000001
21,20261024,dinov2_logit,multiclass,unselected_paired_probe,all_classes,-0.039771167048054924,0.08906178489702518,0.015045766590389014,0.017700228832951945,0.004805491990846682,0.03274599542334096,0.03755148741418764,-0.002654462242562929,0.062185354691075514,0.02506864988558353,0.0037185354691075512,0.08725400457665904,0.0909725400457666,0.037116704805491986,-0.054508009153318084,-0.05342105263157896
21,20261024,dinov2_logit,multiclass,unselected_paired_probe,healthy,-0.004347826086956522,0.04782608695652174,0.03913043478260869,0.008695652173913044,0.008695652173913044,0.04782608695652174,0.056521739130434775,0.030434782608695653,0.043478260869565216,0.008695652173913044,0.004347826086956522,0.05217391304347826,0.056521739130434775,0.034782608695652174,-0.004347826086956522,0.0
21,20261024,dinov2_logit,multiclass,unselected_paired_probe,iris_yellow_virus,0.005263157894736842,0.06842105263157894,0.021052631578947368,0.042105263157894736,0.010526315789473684,0.06315789473684211,0.07368421052631578,-0.021052631578947368,0.005263157894736842,0.031578947368421054,0.010526315789473684,0.03684210526315789,0.047368421052631574,-0.02631578947368421,0.02631578947368421,0.02631578947368421
21,20261024,dinov2_logit,multiclass,unselected_paired_probe,purple_blotch,-0.2,0.2,0.0,0.0,0.0,0.0,0.0,0.0,0.2,0.0,0.0,0.2,0.2,0.2,-0.2,-0.2
21,20261024,dinov2_logit,multiclass,unselected_paired_probe,stemphylium_colletotrichum_leaf_blight,0.04,0.04,0.0,0.02,0.0,0.02,0.02,-0.02,0.0,0.06000000000000001,0.0,0.06000000000000001,0.06000000000000001,-0.06000000000000001,-0.04,-0.04
22,20261025,dinov2_cosine_1nn,multiclass,all_paired_probe,all_classes,0.18355835240274598,0.24850686498855837,0.22271167048054918,0.0318649885583524,0.060789473684210525,0.2545766590389016,0.31536613272311215,0.19084668192219678,0.0906578947368421,0.0833695652173913,0.05460526315789473,0.17402745995423344,0.22863272311212812,0.007288329519450802,0.08054919908466819,0.086733409610984
22,20261025,dinov2_cosine_1nn,multiclass,all_paired_probe,healthy,0.11739130434782608,0.16086956521739132,0.14347826086956522,0.019565217391304346,0.0,0.16304347826086957,0.16304347826086957,0.12391304347826086,0.05,0.043478260869565216,0.0,0.0934782608695652,0.0934782608695652,0.006521739130434782,0.06956521739130436,0.06956521739130436
22,20261025,dinov2_cosine_1nn,multiclass,all_paired_probe,iris_yellow_virus,0.08684210526315789,0.21315789473684207,0.14736842105263157,0.05789473684210526,0.013157894736842105,0.20526315789473681,0.21842105263157893,0.0894736842105263,0.05263157894736842,0.05,0.018421052631578946,0.10263157894736841,0.12105263157894737,0.002631578947368421,0.10263157894736841,0.09736842105263158
22,20261025,dinov2_cosine_1nn,multiclass,all_paired_probe,purple_blotch,0.25,0.3,0.5,0.0,0.2,0.5,0.7,0.5,0.25,0.0,0.2,0.25,0.45,0.25,0.25,0.25
22,20261025,dinov2_cosine_1nn,multiclass,all_paired_probe,stemphylium_colletotrichum_leaf_blight,0.28,0.32,0.1,0.05,0.030000000000000006,0.15,0.18,0.05,0.01,0.24,0.0,0.25,0.25,-0.22999999999999998,-0.1,-0.06999999999999999
22,20261025,dinov2_cosine_1nn,multiclass,selected_probe,all_classes,0.32902745995423344,0.3579176201372998,0.41018306636155605,0.007665903890160183,0.005263157894736842,0.41784897025171625,0.42311212814645305,0.4025171624713959,0.15969107551487413,0.08620137299771166,0.02894736842105263,0.24589244851258582,0.27483981693363846,0.07348970251716247,0.17195652173913042,0.14827231121281464
22,20261025,dinov2_cosine_1nn,multiclass,selected_probe,healthy,0.24347826086956523,0.26956521739130435,0.25652173913043474,0.004347826086956522,0.0,0.2608695652173913,0.2608695652173913,0.25217391304347825,0.06086956521739131,0.05217391304347826,0.0,0.11304347826086955,0.11304347826086955,0.008695652173913044,0.14782608695652175,0.14782608695652175
22,20261025,dinov2_cosine_1nn,multiclass,selected_probe,iris_yellow_virus,0.1526315789473684,0.24210526315789474,0.18421052631578946,0.02631578947368421,0.021052631578947368,0.21052631578947367,0.23157894736842105,0.15789473684210525,0.05789473684210526,0.05263157894736842,0.015789473684210527,0.11052631578947367,0.12631578947368421,0.005263157894736842,0.1,0.10526315789473684
22,20261025,dinov2_cosine_1nn,multiclass,selected_probe,purple_blotch,0.5,0.5,1.0,0.0,0.0,1.0,1.0,1.0,0.5,0.0,0.1,0.5,0.6,0.5,0.5,0.4
22,20261025,dinov2_cosine_1nn,multiclass,selected_probe,stemphylium_colletotrichum_leaf_blight,0.42000000000000004,0.42000000000000004,0.2,0.0,0.0,0.2,0.2,0.2,0.02,0.24,0.0,0.26,0.26,-0.22000000000000003,-0.06,-0.06
22,20261025,dinov2_cosine_1nn,multiclass,sentinel,all_classes,0.10059496567505721,0.3286384439359268,0.12477116704805491,0.0659954233409611,0.0402974828375286,0.19076659038901603,0.23106407322654463,0.05877574370709382,0.03135011441647597,0.07316933638443936,0.23266590389016018,0.10451945080091533,0.3371853546910755,-0.04181922196796339,0.08624713958810068,-0.10612128146453088
22,20261025,dinov2_cosine_1nn,multiclass,sentinel,healthy,0.008695652173913044,0.06086956521739131,0.10434782608695652,0.02608695652173913,0.004347826086956522,0.13043478260869565,0.13478260869565217,0.07826086956521738,0.10434782608695652,0.034782608695652174,0.004347826086956522,0.1391304347826087,0.14347826086956522,0.06956521739130435,-0.008695652173913044,-0.008695652173913044
22,20261025,dinov2_cosine_1nn,multiclass,sentinel,iris_yellow_virus,0.17368421052631577,0.27368421052631575,0.09473684210526315,0.05789473684210526,0.03684210526315789,0.1526315789473684,0.1894736842105263,0.03684210526315789,0.021052631578947368,0.15789473684210525,0.02631578947368421,0.1789473684210526,0.20526315789473681,-0.13684210526315788,-0.02631578947368421,-0.015789473684210527
22,20261025,dinov2_cosine_1nn,multiclass,sentinel,purple_blotch,0.2,0.7,0.2,0.0,0.1,0.2,0.3,0.2,0.0,0.0,0.8,0.0,0.8,0.0,0.2,-0.5
22,20261025,dinov2_cosine_1nn,multiclass,sentinel,stemphylium_colletotrichum_leaf_blight,0.02,0.28,0.1,0.18,0.02,0.28,0.3,-0.08,0.0,0.1,0.1,0.1,0.2,-0.1,0.18,0.1
22,20261025,dinov2_cosine_1nn,multiclass,unselected_paired_probe,all_classes,0.03808924485125858,0.13909610983981693,0.035240274599542334,0.05606407322654462,0.11631578947368422,0.09130434782608696,0.20762013729977116,-0.02082379862700229,0.02162471395881007,0.08053775743707095,0.08026315789473684,0.102162471395881,0.18242562929061784,-0.058913043478260874,-0.010858123569794051,0.025194508009153314
22,20261025,dinov2_cosine_1nn,multiclass,unselected_paired_probe,healthy,-0.008695652173913044,0.05217391304347826,0.030434782608695653,0.034782608695652174,0.0,0.06521739130434782,0.06521739130434782,-0.004347826086956522,0.03913043478260869,0.034782608695652174,0.0,0.07391304347826086,0.07391304347826086,0.004347826086956522,-0.008695652173913044,-0.008695652173913044
22,20261025,dinov2_cosine_1nn,multiclass,unselected_paired_probe,iris_yellow_virus,0.021052631578947368,0.18421052631578946,0.11052631578947367,0.0894736842105263,0.005263157894736842,0.2,0.20526315789473681,0.021052631578947368,0.047368421052631574,0.047368421052631574,0.021052631578947368,0.09473684210526315,0.11578947368421053,0.0,0.10526315789473684,0.0894736842105263
22,20261025,dinov2_cosine_1nn,multiclass,unselected_paired_probe,purple_blotch,0.0,0.1,0.0,0.0,0.4,0.0,0.4,0.0,0.0,0.0,0.3,0.0,0.3,0.0,0.0,0.1
22,20261025,dinov2_cosine_1nn,multiclass,unselected_paired_probe,stemphylium_colletotrichum_leaf_blight,0.14,0.22000000000000003,0.0,0.1,0.06000000000000001,0.1,0.16,-0.1,0.0,0.24000000000000005,0.0,0.24000000000000005,0.24000000000000005,-0.24000000000000005,-0.14,-0.08
22,20261025,dinov2_logit,multiclass,all_paired_probe,all_classes,0.08621281464530892,0.25080091533180776,0.17469679633867277,0.0038329519450800917,0.027631578947368417,0.17852974828375284,0.20616132723112127,0.17086384439359267,0.10315789473684209,0.01850686498855835,0.042105263157894736,0.12166475972540045,0.16377002288329517,0.08465102974828376,0.056864988558352404,0.04239130434782608
22,20261025,dinov2_logit,multiclass,all_paired_probe,healthy,-0.013043478260869565,0.034782608695652174,0.028260869565217388,0.002173913043478261,0.0,0.030434782608695653,0.030434782608695653,0.02608695652173913,0.05,0.010869565217391304,0.0,0.06086956521739131,0.06086956521739131,0.03913043478260869,-0.030434782608695653,-0.030434782608695653
22,20261025,dinov2_logit,multiclass,all_paired_probe,iris_yellow_virus,0.10789473684210527,0.11842105263157894,0.060526315789473685,0.013157894736842105,0.010526315789473684,0.07368421052631578,0.08421052631578947,0.047368421052631574,0.002631578947368421,0.06315789473684211,0.018421052631578946,0.06578947368421052,0.08421052631578947,-0.060526315789473685,0.007894736842105263,0.0
22,20261025,dinov2_logit,multiclass,all_paired_probe,purple_blotch,0.25,0.75,0.5,0.0,0.1,0.5,0.6,0.5,0.25,0.0,0.15,0.25,0.4,0.25,0.25,0.2
22,20261025,dinov2_logit,multiclass,all_paired_probe,stemphylium_colletotrichum_leaf_blight,0.0,0.1,0.11000000000000001,0.0,0.0,0.11000000000000001,0.11000000000000001,0.11000000000000001,0.11000000000000001,0.0,0.0,0.11000000000000001,0.11000000000000001,0.11000000000000001,0.0,0.0
22,20261025,dinov2_logit,multiclass,selected_probe,all_classes,0.30729977116704804,0.31645308924485127,0.33218535469107546,0.0,0.0,0.33218535469107546,0.33218535469107546,0.33218535469107546,0.039359267734553775,0.014473684210526316,0.07894736842105263,0.05383295194508009,0.13278032036613271,0.02488558352402746,0.27835240274599543,0.19940503432494278
22,20261025,dinov2_logit,multiclass,selected_probe,healthy,-0.008695652173913044,0.017391304347826087,0.043478260869565216,0.0,0.0,0.043478260869565216,0.043478260869565216,0.043478260869565216,0.05217391304347826,0.0,0.0,0.05217391304347826,0.05217391304347826,0.05217391304347826,-0.008695652173913044,-0.008695652173913044
22,20261025,dinov2_logit,multiclass,selected_probe,iris_yellow_virus,0.15789473684210525,0.16842105263157894,0.10526315789473684,0.0,0.0,0.10526315789473684,0.10526315789473684,0.10526315789473684,0.005263157894736842,0.05789473684210526,0.015789473684210527,0.06315789473684211,0.07894736842105263,-0.05263157894736842,0.042105263157894736,0.02631578947368421
22,20261025,dinov2_logit,multiclass,selected_probe,purple_blotch,1.0,1.0,1.0,0.0,0.0,1.0,1.0,1.0,0.0,0.0,0.3,0.0,0.3,0.0,1.0,0.7
22,20261025,dinov2_logit,multiclass,selected_probe,stemphylium_colletotrichum_leaf_blight,0.08,0.08,0.18,0.0,0.0,0.18,0.18,0.18,0.1,0.0,0.0,0.1,0.1,0.1,0.08,0.08
22,20261025,dinov2_logit,multiclass,sentinel,all_classes,0.07562929061784898,0.13978260869565218,0.22247139588100687,0.028787185354691075,0.007894736842105263,0.25125858123569794,0.2591533180778032,0.1936842105263158,0.142929061784897,0.024874141876430205,0.0,0.16780320366132723,0.16780320366132723,0.11805491990846681,0.08345537757437071,0.09135011441647597
22,20261025,dinov2_logit,multiclass,sentinel,healthy,0.013043478260869565,0.03913043478260869,0.013043478260869565,0.013043478260869565,0.0,0.02608695652173913,0.02608695652173913,0.0,0.004347826086956522,0.017391304347826087,0.0,0.021739130434782608,0.021739130434782608,-0.013043478260869565,0.004347826086956522,0.004347826086956522
22,20261025,dinov2_logit,multiclass,sentinel,iris_yellow_virus,-0.010526315789473684,0.1,0.03684210526315789,0.042105263157894736,0.031578947368421054,0.07894736842105263,0.11052631578947367,-0.005263157894736842,0.047368421052631574,0.042105263157894736,0.0,0.0894736842105263,0.0894736842105263,0.005263157894736842,-0.010526315789473684,0.021052631578947368
22,20261025,dinov2_logit,multiclass,sentinel,purple_blotch,0.2,0.2,0.7,0.0,0.0,0.7,0.7,0.7,0.5,0.0,0.0,0.5,0.5,0.5,0.2,0.2
22,20261025,dinov2_logit,multiclass,sentinel,stemphylium_colletotrichum_leaf_blight,0.1,0.22000000000000003,0.14,0.06000000000000001,0.0,0.2,0.2,0.08,0.02,0.04,0.0,0.06000000000000001,0.06000000000000001,-0.02,0.14,0.14
22,20261025,dinov2_logit,multiclass,unselected_paired_probe,all_classes,-0.1348741418764302,0.1851487414187643,0.017208237986270022,0.007665903890160183,0.055263157894736833,0.024874141876430205,0.08013729977116704,0.00954233409610984,0.16695652173913042,0.02254004576659039,0.005263157894736842,0.18949656750572083,0.19475972540045766,0.14441647597254006,-0.1646224256292906,-0.11462242562929063
22,20261025,dinov2_logit,multiclass,unselected_paired_probe,healthy,-0.017391304347826087,0.05217391304347826,0.013043478260869565,0.004347826086956522,0.0,0.017391304347826087,0.017391304347826087,0.008695652173913044,0.04782608695652174,0.021739130434782608,0.0,0.06956521739130435,0.06956521739130435,0.02608695652173913,-0.05217391304347826,-0.05217391304347826
22,20261025,dinov2_logit,multiclass,unselected_paired_probe,iris_yellow_virus,0.05789473684210526,0.06842105263157894,0.015789473684210527,0.02631578947368421,0.021052631578947368,0.042105263157894736,0.06315789473684211,-0.010526315789473684,0.0,0.06842105263157894,0.021052631578947368,0.06842105263157894,0.0894736842105263,-0.06842105263157894,-0.02631578947368421,-0.02631578947368421
22,20261025,dinov2_logit,multiclass,unselected_paired_probe,purple_blotch,-0.5,0.5,0.0,0.0,0.2,0.0,0.2,0.0,0.5,0.0,0.0,0.5,0.5,0.5,-0.5,-0.3
22,20261025,dinov2_logit,multiclass,unselected_paired_probe,stemphylium_colletotrichum_leaf_blight,-0.08,0.12000000000000002,0.04,0.0,0.0,0.04,0.04,0.04,0.12000000000000002,0.0,0.0,0.12000000000000002,0.12000000000000002,0.12000000000000002,-0.08,-0.08
23,20261026,dinov2_cosine_1nn,multiclass,all_paired_probe,all_classes,0.18644736842105264,0.27495995423340963,0.2274141876430206,0.03066933638443936,0.014078947368421052,0.25808352402745993,0.272162471395881,0.19674485125858124,0.04706521739130435,0.036767734553775744,0.05078947368421053,0.08383295194508009,0.1346224256292906,0.010297482837528606,0.17425057208237987,0.1375400457665904
23,20261026,dinov2_cosine_1nn,multiclass,all_paired_probe,healthy,0.15,0.1782608695652174,0.1391304347826087,0.034782608695652174,0.0,0.17391304347826086,0.17391304347826086,0.10434782608695652,0.028260869565217388,0.07391304347826086,0.0,0.10217391304347827,0.10217391304347827,-0.04565217391304348,0.07173913043478261,0.07173913043478261
23,20261026,dinov2_cosine_1nn,multiclass,all_paired_probe,iris_yellow_virus,0.16578947368421051,0.28157894736842104,0.21052631578947367,0.05789473684210526,0.02631578947368421,0.26842105263157895,0.29473684210526313,0.1526315789473684,0.05,0.06315789473684211,0.013157894736842105,0.1131578947368421,0.12631578947368421,-0.013157894736842105,0.15526315789473683,0.16842105263157894
23,20261026,dinov2_cosine_1nn,multiclass,all_paired_probe,purple_blotch,0.25,0.35,0.25,0.0,0.0,0.25,0.25,0.25,0.0,0.0,0.15,0.0,0.15,0.0,0.25,0.1
23,20261026,dinov2_cosine_1nn,multiclass,all_paired_probe,stemphylium_colletotrichum_leaf_blight,0.18,0.29,0.31,0.030000000000000006,0.030000000000000006,0.33999999999999997,0.37,0.27999999999999997,0.11000000000000001,0.01,0.04,0.12000000000000002,0.16,0.1,0.22000000000000003,0.21000000000000002
23,20261026,dinov2_cosine_1nn,multiclass,selected_probe,all_classes,0.3840389016018307,0.39147597254004574,0.3953089244851259,0.0010869565217391304,0.002631578947368421,0.39639588100686496,0.3990274599542334,0.3942219679633867,0.04576659038901602,0.03558352402745995,0.034999999999999996,0.08135011441647597,0.11635011441647598,0.010183066361556064,0.315045766590389,0.2826773455377574
23,20261026,dinov2_cosine_1nn,multiclass,selected_probe,healthy,0.2782608695652174,0.28695652173913044,0.2391304347826087,0.004347826086956522,0.0,0.24347826086956523,0.24347826086956523,0.23478260869565215,0.030434782608695653,0.07391304347826086,0.0,0.10434782608695652,0.10434782608695652,-0.043478260869565216,0.1391304347826087,0.1391304347826087
23,20261026,dinov2_cosine_1nn,multiclass,selected_probe,iris_yellow_virus,0.3578947368421052,0.3789473684210526,0.34210526315789475,0.0,0.010526315789473684,0.34210526315789475,0.3526315789473684,0.34210526315789475,0.05263157894736842,0.06842105263157894,0.0,0.12105263157894737,0.12105263157894737,-0.015789473684210527,0.22105263157894733,0.23157894736842105
23,20261026,dinov2_cosine_1nn,multiclass,selected_probe,purple_blotch,0.5,0.5,0.5,0.0,0.0,0.5,0.5,0.5,0.0,0.0,0.1,0.0,0.1,0.0,0.5,0.4
23,20261026,dinov2_cosine_1nn,multiclass,selected_probe,stemphylium_colletotrichum_leaf_blight,0.4,0.4,0.5,0.0,0.0,0.5,0.5,0.5,0.1,0.0,0.04,0.1,0.14,0.1,0.4,0.36
23,20261026,dinov2_cosine_1nn,multiclass,sentinel,all_classes,0.004221967963386726,0.13362700228832952,0.05687643020594966,0.034862700228832956,0.05,0.09173913043478261,0.14173913043478262,0.02201372997711671,0.08473684210526315,0.06694508009153319,0.03043478260869565,0.15168192219679635,0.182116704805492,0.01779176201372998,-0.059942791762013725,-0.040377574370709386
23,20261026,dinov2_cosine_1nn,multiclass,sentinel,healthy,0.034782608695652174,0.12608695652173912,0.004347826086956522,0.08260869565217391,0.0,0.08695652173913043,0.08695652173913043,-0.07826086956521738,0.0,0.11304347826086955,0.021739130434782608,0.11304347826086955,0.13478260869565217,-0.11304347826086955,-0.02608695652173913,-0.04782608695652174
23,20261026,dinov2_cosine_1nn,multiclass,sentinel,iris_yellow_virus,0.042105263157894736,0.16842105263157894,0.06315789473684211,0.03684210526315789,0.0,0.1,0.1,0.02631578947368421,0.07894736842105263,0.09473684210526315,0.0,0.17368421052631577,0.17368421052631577,-0.015789473684210527,-0.07368421052631578,-0.07368421052631578
23,20261026,dinov2_cosine_1nn,multiclass,sentinel,purple_blotch,0.0,0.1,0.0,0.0,0.2,0.0,0.2,0.0,0.0,0.0,0.1,0.0,0.1,0.0,0.0,0.1
23,20261026,dinov2_cosine_1nn,multiclass,sentinel,stemphylium_colletotrichum_leaf_blight,-0.06000000000000001,0.14,0.16,0.02,0.0,0.18,0.18,0.14,0.26,0.06000000000000001,0.0,0.32,0.32,0.2,-0.13999999999999999,-0.13999999999999999
23,20261026,dinov2_cosine_1nn,multiclass,unselected_paired_probe,all_classes,-0.0111441647597254,0.15844393592677344,0.05951945080091533,0.06025171624713958,0.025526315789473685,0.11977116704805493,0.14529748283752858,-0.0007322654462242534,0.04836384439359268,0.03795194508009153,0.06657894736842104,0.0863157894736842,0.15289473684210525,0.010411899313501147,0.03345537757437071,-0.007597254004576665
23,20261026,dinov2_cosine_1nn,multiclass,unselected_paired_probe,healthy,0.021739130434782608,0.06956521739130435,0.03913043478260869,0.06521739130434782,0.0,0.10434782608695652,0.10434782608695652,-0.02608695652173913,0.02608695652173913,0.07391304347826086,0.0,0.1,0.1,-0.04782608695652174,0.004347826086956522,0.004347826086956522
23,20261026,dinov2_cosine_1nn,multiclass,unselected_paired_probe,iris_yellow_virus,-0.02631578947368421,0.18421052631578946,0.07894736842105263,0.11578947368421053,0.042105263157894736,0.19473684210526315,0.23684210526315788,-0.03684210526315789,0.047368421052631574,0.05789473684210526,0.02631578947368421,0.10526315789473684,0.13157894736842105,-0.010526315789473684,0.0894736842105263,0.10526315789473684
23,20261026,dinov2_cosine_1nn,multiclass,unselected_paired_probe,purple_blotch,0.0,0.2,0.0,0.0,0.0,0.0,0.0,0.0,0.0,0.0,0.2,0.0,0.2,0.0,0.0,-0.2
23,20261026,dinov2_cosine_1nn,multiclass,unselected_paired_probe,stemphylium_colletotrichum_leaf_blight,-0.04,0.18,0.12000000000000002,0.06000000000000001,0.06000000000000001,0.18,0.24000000000000005,0.06000000000000001,0.12000000000000002,0.02,0.04,0.14,0.18,0.1,0.04,0.06
23,20261026,dinov2_logit,multiclass,all_paired_probe,all_classes,0.10749427917620138,0.13435354691075516,0.12016590389016017,0.004347826086956522,0.007637299771167047,0.12451372997711671,0.13215102974828374,0.11581807780320366,0.022397025171624712,0.014073226544622425,0.002717391304347826,0.03647025171624714,0.039187643020594964,0.008323798627002287,0.08804347826086957,0.0929633867276888
23,20261026,dinov2_logit,multiclass,all_paired_probe,healthy,0.03260869565217391,0.08478260869565217,0.05434782608695652,0.017391304347826087,0.017391304347826087,0.07173913043478261,0.0891304347826087,0.03695652173913043,0.03695652173913043,0.03260869565217391,0.010869565217391304,0.06956521739130435,0.08043478260869566,0.004347826086956522,0.002173913043478261,0.008695652173913044
23,20261026,dinov2_logit,multiclass,all_paired_probe,iris_yellow_virus,0.047368421052631574,0.10263157894736841,0.0763157894736842,0.0,0.013157894736842105,0.0763157894736842,0.0894736842105263,0.0763157894736842,0.05263157894736842,0.023684210526315787,0.0,0.0763157894736842,0.0763157894736842,0.02894736842105263,0.0,0.013157894736842105
23,20261026,dinov2_logit,multiclass,all_paired_probe,purple_blotch,0.25,0.25,0.25,0.0,0.0,0.25,0.25,0.25,0.0,0.0,0.0,0.0,0.0,0.0,0.25,0.25
23,20261026,dinov2_logit,multiclass,all_paired_probe,stemphylium_colletotrichum_leaf_blight,0.1,0.1,0.1,0.0,0.0,0.1,0.1,0.1,0.0,0.0,0.0,0.0,0.0,0.0,0.1,0.1
23,20261026,dinov2_logit,multiclass,selected_probe,all_classes,0.21498855835240271,0.22002288329519448,0.21893592677345536,0.0,0.006750572082379863,0.21893592677345536,0.22568649885583522,0.21893592677345536,0.020308924485125855,0.016361556064073225,0.004347826086956522,0.03667048054919908,0.041018306636155605,0.003947368421052632,0.1822654462242563,0.18466819221967962
23,20261026,dinov2_logit,multiclass,selected_probe,healthy,0.06521739130434782,0.06956521739130435,0.06521739130434782,0.0,0.021739130434782608,0.06521739130434782,0.08695652173913043,0.06521739130434782,0.03913043478260869,0.03913043478260869,0.017391304347826087,0.07826086956521738,0.09565217391304348,0.0,-0.013043478260869565,-0.008695652173913044
23,20261026,dinov2_logit,multiclass,selected_probe,iris_yellow_virus,0.09473684210526315,0.11052631578947367,0.11052631578947367,0.0,0.005263157894736842,0.11052631578947367,0.11578947368421053,0.11052631578947367,0.042105263157894736,0.02631578947368421,0.0,0.06842105263157894,0.06842105263157894,0.015789473684210527,0.042105263157894736,0.047368421052631574
23,20261026,dinov2_logit,multiclass,selected_probe,purple_blotch,0.5,0.5,0.5,0.0,0.0,0.5,0.5,0.5,0.0,0.0,0.0,0.0,0.0,0.0,0.5,0.5
23,20261026,dinov2_logit,multiclass,selected_probe,stemphylium_colletotrichum_leaf_blight,0.2,0.2,0.2,0.0,0.0,0.2,0.2,0.2,0.0,0.0,0.0,0.0,0.0,0.0,0.2,0.2
23,20261026,dinov2_logit,multiclass,sentinel,all_classes,-0.012402745995423339,0.05160183066361557,0.021304347826086957,0.003489702517162471,0.009347826086956522,0.024794050343249427,0.03414187643020595,0.017814645308924484,0.03525171624713959,0.005034324942791762,0.002173913043478261,0.04028604118993135,0.042459954233409605,0.030217391304347828,-0.01549199084668192,-0.00831807780320366
23,20261026,dinov2_logit,multiclass,sentinel,healthy,-0.004347826086956522,0.06956521739130435,0.06521739130434782,0.008695652173913044,0.017391304347826087,0.07391304347826086,0.09130434782608696,0.056521739130434775,0.06521739130434782,0.004347826086956522,0.008695652173913044,0.06956521739130435,0.07826086956521738,0.06086956521739131,0.004347826086956522,0.013043478260869565
23,20261026,dinov2_logit,multiclass,sentinel,iris_yellow_virus,-0.005263157894736842,0.03684210526315789,0.0,0.005263157894736842,0.0,0.005263157894736842,0.005263157894736842,-0.005263157894736842,0.015789473684210527,0.015789473684210527,0.0,0.031578947368421054,0.031578947368421054,0.0,-0.02631578947368421,-0.02631578947368421
23,20261026,dinov2_logit,multiclass,sentinel,purple_blotch,0.0,0.0,0.0,0.0,0.0,0.0,0.0,0.0,0.0,0.0,0.0,0.0,0.0,0.0,0.0,0.0
23,20261026,dinov2_logit,multiclass,sentinel,stemphylium_colletotrichum_leaf_blight,-0.04,0.1,0.02,0.0,0.02,0.02,0.04,0.02,0.06000000000000001,0.0,0.0,0.06000000000000001,0.06000000000000001,0.06000000000000001,-0.04,-0.02
23,20261026,dinov2_logit,multiclass,unselected_paired_probe,all_classes,0.0,0.04868421052631579,0.021395881006864986,0.008695652173913044,0.008524027459954234,0.030091533180778028,0.03861556064073226,0.012700228832951943,0.02448512585812357,0.011784897025171624,0.0010869565217391304,0.03627002288329519,0.037356979405034324,0.012700228832951943,-0.006178489702517163,0.0012585812356979407
23,20261026,dinov2_logit,multiclass,unselected_paired_probe,healthy,0.0,0.1,0.043478260869565216,0.034782608695652174,0.013043478260869565,0.07826086956521738,0.09130434782608696,0.008695652173913044,0.034782608695652174,0.02608695652173913,0.004347826086956522,0.06086956521739131,0.06521739130434782,0.008695652173913044,0.017391304347826087,0.02608695652173913
23,20261026,dinov2_logit,multiclass,unselected_paired_probe,iris_yellow_virus,0.0,0.09473684210526315,0.042105263157894736,0.0,0.021052631578947368,0.042105263157894736,0.06315789473684211,0.042105263157894736,0.06315789473684211,0.021052631578947368,0.0,0.08421052631578947,0.08421052631578947,0.042105263157894736,-0.042105263157894736,-0.021052631578947368
23,20261026,dinov2_logit,multiclass,unselected_paired_probe,purple_blotch,0.0,0.0,0.0,0.0,0.0,0.0,0.0,0.0,0.0,0.0,0.0,0.0,0.0,0.0,0.0,0.0
23,20261026,dinov2_logit,multiclass,unselected_paired_probe,stemphylium_colletotrichum_leaf_blight,0.0,0.0,0.0,0.0,0.0,0.0,0.0,0.0,0.0,0.0,0.0,0.0,0.0,0.0,0.0,0.0
24,20261027,dinov2_cosine_1nn,multiclass,all_paired_probe,all_classes,0.10834096109839816,0.1626315789473684,0.1573512585812357,0.021304347826086957,0.009267734553775744,0.17865560640732264,0.1879233409610984,0.13604691075514874,0.03629862700228832,0.008592677345537756,0.024485125858123572,0.04489130434782609,0.06937643020594966,0.027705949656750568,0.13376430205949658,0.11854691075514874
24,20261027,dinov2_cosine_1nn,multiclass,all_paired_probe,healthy,0.20652173913043476,0.25,0.24782608695652172,0.015217391304347827,0.02391304347826087,0.26304347826086955,0.28695652173913044,0.23260869565217393,0.04782608695652174,0.021739130434782608,0.034782608695652174,0.06956521739130435,0.10434782608695652,0.02608695652173913,0.1934782608695652,0.1826086956521739
24,20261027,dinov2_cosine_1nn,multiclass,all_paired_probe,iris_yellow_virus,0.08684210526315789,0.11052631578947367,0.18157894736842103,0.0,0.013157894736842105,0.18157894736842103,0.19473684210526315,0.18157894736842103,0.09736842105263158,0.002631578947368421,0.013157894736842105,0.1,0.1131578947368421,0.09473684210526315,0.08157894736842106,0.08157894736842106
24,20261027,dinov2_cosine_1nn,multiclass,all_paired_probe,purple_blotch,0.0,0.0,0.0,0.0,0.0,0.0,0.0,0.0,0.0,0.0,0.0,0.0,0.0,0.0,0.0,0.0
24,20261027,dinov2_cosine_1nn,multiclass,all_paired_probe,stemphylium_colletotrichum_leaf_blight,0.13999999999999999,0.29,0.2,0.06999999999999999,0.0,0.27,0.27,0.13,0.0,0.01,0.05,0.01,0.06000000000000001,-0.01,0.26,0.21000000000000002
24,20261027,dinov2_cosine_1nn,multiclass,selected_probe,all_classes,0.24170480549199086,0.24170480549199086,0.27019450800915334,0.0,0.0,0.27019450800915334,0.27019450800915334,0.27019450800915334,0.035240274599542334,0.006750572082379863,0.016750572082379865,0.0419908466819222,0.058741418764302056,0.028489702517162468,0.22820366132723113,0.21145308924485126
24,20261027,dinov2_cosine_1nn,multiclass,selected_probe,healthy,0.3826086956521739,0.3826086956521739,0.391304347826087,0.0,0.0,0.391304347826087,0.391304347826087,0.391304347826087,0.030434782608695653,0.021739130434782608,0.021739130434782608,0.05217391304347826,0.07391304347826086,0.008695652173913044,0.3391304347826087,0.3173913043478261
24,20261027,dinov2_cosine_1nn,multiclass,selected_probe,iris_yellow_virus,0.18421052631578946,0.18421052631578946,0.28947368421052627,0.0,0.0,0.28947368421052627,0.28947368421052627,0.28947368421052627,0.11052631578947367,0.005263157894736842,0.005263157894736842,0.11578947368421053,0.12105263157894737,0.10526315789473684,0.17368421052631577,0.16842105263157894
24,20261027,dinov2_cosine_1nn,multiclass,selected_probe,purple_blotch,0.0,0.0,0.0,0.0,0.0,0.0,0.0,0.0,0.0,0.0,0.0,0.0,0.0,0.0,0.0,0.0
24,20261027,dinov2_cosine_1nn,multiclass,selected_probe,stemphylium_colletotrichum_leaf_blight,0.4,0.4,0.4,0.0,0.0,0.4,0.4,0.4,0.0,0.0,0.04,0.0,0.04,0.0,0.4,0.36
24,20261027,dinov2_cosine_1nn,multiclass,sentinel,all_classes,-0.009153318077803204,0.03346681922196797,0.02162471395881007,0.015331807780320367,0.03152173913043478,0.03695652173913043,0.06847826086956522,0.006292906178489701,0.031235697940503432,0.015789473684210527,0.031750572082379865,0.04702517162471396,0.07877574370709381,0.015446224256292907,-0.010068649885583522,-0.010297482837528602
24,20261027,dinov2_cosine_1nn,multiclass,sentinel,healthy,-0.02608695652173913,0.03913043478260869,0.03913043478260869,0.008695652173913044,0.02608695652173913,0.04782608695652174,0.07391304347826086,0.030434782608695653,0.056521739130434775,0.0,0.021739130434782608,0.056521739130434775,0.07826086956521738,0.056521739130434775,-0.008695652173913044,-0.004347826086956522
24,20261027,dinov2_cosine_1nn,multiclass,sentinel,iris_yellow_virus,-0.010526315789473684,0.09473684210526315,0.047368421052631574,0.05263157894736842,0.0,0.1,0.1,-0.005263157894736842,0.06842105263157894,0.06315789473684211,0.005263157894736842,0.13157894736842105,0.13684210526315788,0.005263157894736842,-0.031578947368421054,-0.03684210526315789
24,20261027,dinov2_cosine_1nn,multiclass,sentinel,purple_blotch,0.0,0.0,0.0,0.0,0.0,0.0,0.0,0.0,0.0,0.0,0.0,0.0,0.0,0.0,0.0,0.0
24,20261027,dinov2_cosine_1nn,multiclass,sentinel,stemphylium_colletotrichum_leaf_blight,0.0,0.0,0.0,0.0,0.1,0.0,0.1,0.0,0.0,0.0,0.1,0.0,0.1,0.0,0.0,0.0
24,20261027,dinov2_cosine_1nn,multiclass,unselected_paired_probe,all_classes,-0.02502288329519451,0.08355835240274599,0.044508009153318075,0.042608695652173914,0.018535469107551487,0.08711670480549198,0.10565217391304346,0.001899313501144164,0.037356979405034324,0.010434782608695653,0.03221967963386728,0.04779176201372998,0.08001144164759726,0.02692219679633867,0.03932494279176201,0.025640732265446227
24,20261027,dinov2_cosine_1nn,multiclass,unselected_paired_probe,healthy,0.030434782608695653,0.11739130434782608,0.10434782608695652,0.030434782608695653,0.04782608695652174,0.13478260869565217,0.1826086956521739,0.07391304347826086,0.06521739130434782,0.021739130434782608,0.04782608695652174,0.08695652173913043,0.13478260869565217,0.043478260869565216,0.047826086956521734,0.04782608695652174
24,20261027,dinov2_cosine_1nn,multiclass,unselected_paired_probe,iris_yellow_virus,-0.010526315789473684,0.03684210526315789,0.07368421052631578,0.0,0.02631578947368421,0.07368421052631578,0.1,0.07368421052631578,0.08421052631578947,0.0,0.021052631578947368,0.08421052631578947,0.10526315789473684,0.08421052631578947,-0.010526315789473684,-0.005263157894736842
24,20261027,dinov2_cosine_1nn,multiclass,unselected_paired_probe,purple_blotch,0.0,0.0,0.0,0.0,0.0,0.0,0.0,0.0,0.0,0.0,0.0,0.0,0.0,0.0,0.0,0.0
24,20261027,dinov2_cosine_1nn,multiclass,unselected_paired_probe,stemphylium_colletotrichum_leaf_blight,-0.12000000000000002,0.18,0.0,0.13999999999999999,0.0,0.13999999999999999,0.13999999999999999,-0.13999999999999999,0.0,0.02,0.06000000000000001,0.02,0.08,-0.02,0.12,0.06
24,20261027,dinov2_logit,multiclass,all_paired_probe,all_classes,0.06420480549199084,0.11533180778032037,0.10314645308924483,0.023770022883295196,0.0038329519450800917,0.12691647597254002,0.13074942791762015,0.07937643020594966,0.03958810068649886,0.02441647597254005,0.0038157894736842108,0.0640045766590389,0.0678203661327231,0.015171624713958809,0.06291189931350114,0.06292906178489703
24,20261027,dinov2_logit,multiclass,all_paired_probe,healthy,0.03260869565217391,0.05869565217391304,0.06521739130434782,0.010869565217391304,0.002173913043478261,0.07608695652173912,0.07826086956521738,0.05434782608695652,0.04782608695652174,0.02608695652173913,0.0,0.07391304347826086,0.07391304347826086,0.021739130434782608,0.002173913043478261,0.004347826086956522
24,20261027,dinov2_logit,multiclass,all_paired_probe,iris_yellow_virus,0.03421052631578947,0.1526315789473684,0.09736842105263158,0.03421052631578947,0.013157894736842105,0.13157894736842105,0.14473684210526314,0.06315789473684211,0.060526315789473685,0.031578947368421054,0.005263157894736842,0.09210526315789473,0.09736842105263158,0.02894736842105263,0.039473684210526314,0.047368421052631574
24,20261027,dinov2_logit,multiclass,all_paired_probe,purple_blotch,0.15,0.15,0.15,0.0,0.0,0.15,0.15,0.15,0.0,0.0,0.0,0.0,0.0,0.0,0.15,0.15
24,20261027,dinov2_logit,multiclass,all_paired_probe,stemphylium_colletotrichum_leaf_blight,0.04,0.1,0.1,0.05,0.0,0.15,0.15,0.05,0.05,0.04,0.01,0.09,0.1,0.01,0.06,0.05
24,20261027,dinov2_logit,multiclass,selected_probe,all_classes,0.1321853546910755,0.149233409610984,0.1524599542334096,0.002402745995423341,0.002631578947368421,0.15486270022883294,0.15749427917620137,0.15005720823798627,0.04469107551487414,0.026819221967963387,0.0076315789473684215,0.07151029748283752,0.07914187643020595,0.017871853546910753,0.08335240274599542,0.07835240274599542
24,20261027,dinov2_logit,multiclass,selected_probe,healthy,0.043478260869565216,0.06956521739130435,0.07826086956521738,0.004347826086956522,0.0,0.08260869565217391,0.08260869565217391,0.07391304347826086,0.06086956521739131,0.030434782608695653,0.0,0.09130434782608696,0.09130434782608696,0.030434782608695653,-0.008695652173913044,-0.008695652173913044
24,20261027,dinov2_logit,multiclass,selected_probe,iris_yellow_virus,0.10526315789473684,0.14736842105263157,0.13157894736842105,0.005263157894736842,0.010526315789473684,0.13684210526315788,0.14736842105263157,0.12631578947368421,0.05789473684210526,0.03684210526315789,0.010526315789473684,0.09473684210526315,0.10526315789473684,0.021052631578947368,0.042105263157894736,0.042105263157894736
24,20261027,dinov2_logit,multiclass,selected_probe,purple_blotch,0.3,0.3,0.3,0.0,0.0,0.3,0.3,0.3,0.0,0.0,0.0,0.0,0.0,0.0,0.3,0.3
24,20261027,dinov2_logit,multiclass,selected_probe,stemphylium_colletotrichum_leaf_blight,0.08,0.08,0.1,0.0,0.0,0.1,0.1,0.1,0.06000000000000001,0.04,0.02,0.1,0.12000000000000002,0.02,0.0,-0.02
24,20261027,dinov2_logit,multiclass,sentinel,all_classes,0.006052631578947369,0.08625858123569793,0.023329519450800914,0.032208237986270025,0.026578947368421053,0.055537757437070935,0.08211670480549199,-0.008878718535469106,0.017471395881006865,0.03240274599542334,0.005,0.0498741418764302,0.05487414187643021,-0.014931350114416476,0.005663615560640731,0.027242562929061787
24,20261027,dinov2_logit,multiclass,sentinel,healthy,0.0,0.02608695652173913,0.021739130434782608,0.013043478260869565,0.0,0.034782608695652174,0.034782608695652174,0.008695652173913044,0.013043478260869565,0.004347826086956522,0.0,0.017391304347826087,0.017391304347826087,0.008695652173913044,0.017391304347826087,0.017391304347826087
24,20261027,dinov2_logit,multiclass,sentinel,iris_yellow_virus,-0.015789473684210527,0.1789473684210526,0.031578947368421054,0.11578947368421053,0.02631578947368421,0.14736842105263157,0.17368421052631577,-0.08421052631578947,0.03684210526315789,0.10526315789473684,0.0,0.14210526315789473,0.14210526315789473,-0.06842105263157894,0.005263157894736842,0.031578947368421054
24,20261027,dinov2_logit,multiclass,sentinel,purple_blotch,0.0,0.0,0.0,0.0,0.0,0.0,0.0,0.0,0.0,0.0,0.0,0.0,0.0,0.0,0.0,0.0
24,20261027,dinov2_logit,multiclass,sentinel,stemphylium_colletotrichum_leaf_blight,0.04,0.14,0.04,0.0,0.08,0.04,0.12000000000000002,0.04,0.02,0.02,0.02,0.04,0.06000000000000001,0.0,0.0,0.06000000000000001
24,20261027,dinov2_logit,multiclass,unselected_paired_probe,all_classes,-0.0037757437070938212,0.08143020594965675,0.05383295194508009,0.04513729977116705,0.005034324942791762,0.09897025171624714,0.10400457665903891,0.008695652173913044,0.034485125858123564,0.022013729977116703,0.0,0.056498855835240266,0.056498855835240266,0.012471395881006864,0.04247139588100687,0.04750572082379863
24,20261027,dinov2_logit,multiclass,unselected_paired_probe,healthy,0.021739130434782608,0.04782608695652174,0.05217391304347826,0.017391304347826087,0.004347826086956522,0.06956521739130435,0.07391304347826086,0.034782608695652174,0.034782608695652174,0.021739130434782608,0.0,0.056521739130434775,0.056521739130434775,0.013043478260869565,0.013043478260869565,0.017391304347826087
24,20261027,dinov2_logit,multiclass,unselected_paired_probe,iris_yellow_virus,-0.03684210526315789,0.15789473684210525,0.06315789473684211,0.06315789473684211,0.015789473684210527,0.12631578947368421,0.14210526315789473,0.0,0.06315789473684211,0.02631578947368421,0.0,0.0894736842105263,0.0894736842105263,0.03684210526315789,0.03684210526315789,0.05263157894736842
24,20261027,dinov2_logit,multiclass,unselected_paired_probe,purple_blotch,0.0,0.0,0.0,0.0,0.0,0.0,0.0,0.0,0.0,0.0,0.0,0.0,0.0,0.0,0.0,0.0
24,20261027,dinov2_logit,multiclass,unselected_paired_probe,stemphylium_colletotrichum_leaf_blight,0.0,0.12000000000000002,0.1,0.1,0.0,0.2,0.2,0.0,0.04,0.04,0.0,0.08,0.08,0.0,0.12000000000000002,0.12000000000000002
25,20261028,dinov2_cosine_1nn,multiclass,all_paired_probe,all_classes,0.19784897025171624,0.3170537757437071,0.19071510297482838,0.04208810068649886,0.060789473684210525,0.23280320366132723,0.2935926773455378,0.14862700228832953,0.030720823798627,0.07994279176201373,0.020165903890160184,0.11066361556064072,0.13082951945080093,-0.04922196796338673,0.12213958810068651,0.16276315789473683
25,20261028,dinov2_cosine_1nn,multiclass,all_paired_probe,healthy,0.1108695652173913,0.19347826086956524,0.12391304347826086,0.04782608695652174,0.0,0.17173913043478262,0.17173913043478262,0.07608695652173914,0.041304347826086954,0.07608695652173912,0.004347826086956522,0.1173913043478261,0.12173913043478261,-0.034782608695652174,0.05434782608695652,0.05
25,20261028,dinov2_cosine_1nn,multiclass,all_paired_probe,iris_yellow_virus,0.16052631578947368,0.19473684210526315,0.1789473684210526,0.010526315789473684,0.013157894736842105,0.1894736842105263,0.2026315789473684,0.16842105263157894,0.031578947368421054,0.023684210526315787,0.02631578947368421,0.055263157894736833,0.08157894736842106,0.007894736842105263,0.13421052631578947,0.12105263157894737
25,20261028,dinov2_cosine_1nn,multiclass,all_paired_probe,purple_blotch,0.25,0.45,0.25,0.0,0.2,0.25,0.45,0.25,0.0,0.0,0.0,0.0,0.0,0.0,0.25,0.45
25,20261028,dinov2_cosine_1nn,multiclass,all_paired_probe,stemphylium_colletotrichum_leaf_blight,0.27,0.43,0.21000000000000002,0.11000000000000001,0.030000000000000006,0.32,0.35,0.1,0.05,0.22000000000000003,0.05,0.27,0.32,-0.17,0.05,0.030000000000000006
25,20261028,dinov2_cosine_1nn,multiclass,selected_probe,all_classes,0.40787185354691075,0.4322196796338673,0.3546338672768879,0.02717391304347826,0.0,0.3818077803203661,0.3818077803203661,0.3274599542334096,0.021819221967963386,0.10223112128146453,0.01108695652173913,0.12405034324942792,0.13513729977116706,-0.08041189931350115,0.25775743707093823,0.2466704805491991
25,20261028,dinov2_cosine_1nn,multiclass,selected_probe,healthy,0.23043478260869565,0.24782608695652172,0.1869565217391304,0.008695652173913044,0.0,0.1956521739130435,0.1956521739130435,0.1782608695652174,0.030434782608695653,0.08260869565217391,0.004347826086956522,0.11304347826086955,0.11739130434782608,-0.05217391304347826,0.08260869565217391,0.0782608695652174
25,20261028,dinov2_cosine_1nn,multiclass,selected_probe,iris_yellow_virus,0.32105263157894737,0.32105263157894737,0.33157894736842103,0.0,0.0,0.33157894736842103,0.33157894736842103,0.33157894736842103,0.03684210526315789,0.02631578947368421,0.0,0.06315789473684211,0.06315789473684211,0.010526315789473684,0.26842105263157895,0.26842105263157895
25,20261028,dinov2_cosine_1nn,multiclass,selected_probe,purple_blotch,0.5,0.5,0.5,0.0,0.0,0.5,0.5,0.5,0.0,0.0,0.0,0.0,0.0,0.0,0.5,0.5
25,20261028,dinov2_cosine_1nn,multiclass,selected_probe,stemphylium_colletotrichum_leaf_blight,0.58,0.6599999999999999,0.4,0.1,0.0,0.5,0.5,0.3,0.02,0.3,0.04,0.32,0.36,-0.27999999999999997,0.18,0.13999999999999999
25,20261028,dinov2_cosine_1nn,multiclass,sentinel,all_classes,-0.057608695652173914,0.12070938215102975,0.09210526315789473,0.030491990846681923,0.006578947368421052,0.12259725400457666,0.1291762013729977,0.061613272311212816,0.14210526315789473,0.02288329519450801,0.014645308924485127,0.16498855835240275,0.17963386727688788,0.11922196796338673,-0.04239130434782609,-0.05045766590389017
25,20261028,dinov2_cosine_1nn,multiclass,sentinel,healthy,-0.030434782608695653,0.15652173913043477,0.0,0.09565217391304348,0.0,0.09565217391304348,0.09565217391304348,-0.09565217391304348,0.0,0.06521739130434782,0.021739130434782608,0.06521739130434782,0.08695652173913043,-0.06521739130434782,0.030434782608695653,0.008695652173913044
25,20261028,dinov2_cosine_1nn,multiclass,sentinel,iris_yellow_virus,0.0,0.12631578947368421,0.06842105263157894,0.02631578947368421,0.02631578947368421,0.09473684210526315,0.12105263157894737,0.042105263157894736,0.06842105263157894,0.02631578947368421,0.03684210526315789,0.09473684210526315,0.13157894736842105,0.042105263157894736,0.0,-0.010526315789473684
25,20261028,dinov2_cosine_1nn,multiclass,sentinel,purple_blotch,-0.2,0.2,0.3,0.0,0.0,0.3,0.3,0.3,0.5,0.0,0.0,0.5,0.5,0.5,-0.2,-0.2
25,20261028,dinov2_cosine_1nn,multiclass,sentinel,stemphylium_colletotrichum_leaf_blight,0.0,0.0,0.0,0.0,0.0,0.0,0.0,0.0,0.0,0.0,0.0,0.0,0.0,0.0,0.0,0.0
25,20261028,dinov2_cosine_1nn,multiclass,unselected_paired_probe,all_classes,-0.01217391304347826,0.20188787185354692,0.026796338672768878,0.05700228832951946,0.12157894736842105,0.08379862700228832,0.20537757437070941,-0.030205949656750573,0.03962242562929062,0.05765446224256293,0.029244851258581235,0.09727688787185354,0.1265217391304348,-0.018032036613272313,-0.013478260869565217,0.0788558352402746
25,20261028,dinov2_cosine_1nn,multiclass,unselected_paired_probe,healthy,-0.008695652173913044,0.1391304347826087,0.06086956521739131,0.08695652173913043,0.0,0.14782608695652172,0.14782608695652172,-0.02608695652173913,0.05217391304347826,0.06956521739130435,0.004347826086956522,0.12173913043478261,0.12608695652173912,-0.017391304347826087,0.02608695652173913,0.021739130434782608
25,20261028,dinov2_cosine_1nn,multiclass,unselected_paired_probe,iris_yellow_virus,0.0,0.06842105263157894,0.02631578947368421,0.021052631578947368,0.02631578947368421,0.047368421052631574,0.07368421052631578,0.005263157894736842,0.02631578947368421,0.021052631578947368,0.05263157894736842,0.047368421052631574,0.1,0.005263157894736842,0.0,-0.02631578947368421
25,20261028,dinov2_cosine_1nn,multiclass,unselected_paired_probe,purple_blotch,0.0,0.4,0.0,0.0,0.4,0.0,0.4,0.0,0.0,0.0,0.0,0.0,0.0,0.0,0.0,0.4
25,20261028,dinov2_cosine_1nn,multiclass,unselected_paired_probe,stemphylium_colletotrichum_leaf_blight,-0.04,0.2,0.02,0.12000000000000002,0.06000000000000001,0.14,0.2,-0.1,0.08,0.14,0.06000000000000001,0.22000000000000003,0.28,-0.06000000000000001,-0.08,-0.08
25,20261028,dinov2_logit,multiclass,all_paired_probe,all_classes,0.12165903890160183,0.18232837528604118,0.13486842105263158,0.010549199084668193,0.009708237986270022,0.14541762013729978,0.1551258581235698,0.12431922196796338,0.05157894736842106,0.0489187643020595,0.01907894736842105,0.10049771167048054,0.1195766590389016,0.0026601830663615543,0.04491990846681922,0.03554919908466819
25,20261028,dinov2_logit,multiclass,all_paired_probe,healthy,0.043478260869565216,0.07826086956521738,0.0,0.019565217391304346,0.013043478260869565,0.019565217391304346,0.03260869565217391,-0.019565217391304346,0.0,0.06304347826086956,0.0,0.06304347826086956,0.06304347826086956,-0.06304347826086956,-0.043478260869565216,-0.030434782608695653
25,20261028,dinov2_logit,multiclass,all_paired_probe,iris_yellow_virus,0.013157894736842105,0.12105263157894737,0.1394736842105263,0.002631578947368421,0.015789473684210527,0.14210526315789473,0.15789473684210525,0.13684210526315788,0.12631578947368421,0.002631578947368421,0.02631578947368421,0.12894736842105264,0.15526315789473683,0.12368421052631577,0.013157894736842105,0.002631578947368421
25,20261028,dinov2_logit,multiclass,all_paired_probe,purple_blotch,0.25,0.25,0.25,0.0,0.0,0.25,0.25,0.25,0.0,0.0,0.05,0.0,0.05,0.0,0.25,0.2
25,20261028,dinov2_logit,multiclass,all_paired_probe,stemphylium_colletotrichum_leaf_blight,0.18,0.28,0.15,0.02,0.01,0.17,0.18,0.13,0.08,0.13,0.0,0.21000000000000002,0.21000000000000002,-0.05,-0.039999999999999994,-0.029999999999999992
25,20261028,dinov2_logit,multiclass,selected_probe,all_classes,0.24867276887871853,0.2624599542334096,0.2263157894736842,0.0,0.003260869565217391,0.2263157894736842,0.2295766590389016,0.2263157894736842,0.035263157894736843,0.05762013729977117,0.03289473684210527,0.09288329519450801,0.12577803203661325,-0.022356979405034328,0.1334324942791762,0.10379862700228833
25,20261028,dinov2_logit,multiclass,selected_probe,healthy,0.06521739130434782,0.07826086956521738,0.0,0.0,0.013043478260869565,0.0,0.013043478260869565,0.0,0.0,0.06521739130434782,0.0,0.06521739130434782,0.06521739130434782,-0.06521739130434782,-0.06521739130434782,-0.05217391304347826
25,20261028,dinov2_logit,multiclass,selected_probe,iris_yellow_virus,0.0894736842105263,0.13157894736842105,0.20526315789473681,0.0,0.0,0.20526315789473681,0.20526315789473681,0.20526315789473681,0.12105263157894737,0.005263157894736842,0.031578947368421054,0.12631578947368421,0.15789473684210525,0.11578947368421053,0.07894736842105263,0.047368421052631574
25,20261028,dinov2_logit,multiclass,selected_probe,purple_blotch,0.5,0.5,0.5,0.0,0.0,0.5,0.5,0.5,0.0,0.0,0.1,0.0,0.1,0.0,0.5,0.4
25,20261028,dinov2_logit,multiclass,selected_probe,stemphylium_colletotrichum_leaf_blight,0.33999999999999997,0.33999999999999997,0.2,0.0,0.0,0.2,0.2,0.2,0.02,0.16,0.0,0.18,0.18,-0.14,0.02,0.02
25,20261028,dinov2_logit,multiclass,sentinel,all_classes,0.03609839816933639,0.10425629290617851,0.06796338672768878,0.008947368421052631,0.0013157894736842105,0.07691075514874142,0.07822654462242563,0.05901601830663615,0.036613272311212815,0.013695652173913043,0.02631578947368421,0.05030892448512586,0.07662471395881007,0.022917620137299772,0.02660183066361556,0.001601830663615561
25,20261028,dinov2_logit,multiclass,sentinel,healthy,0.03913043478260869,0.03913043478260869,0.008695652173913044,0.0,0.0,0.008695652173913044,0.008695652173913044,0.008695652173913044,0.004347826086956522,0.034782608695652174,0.0,0.03913043478260869,0.03913043478260869,-0.030434782608695653,-0.030434782608695653,-0.030434782608695653
25,20261028,dinov2_logit,multiclass,sentinel,iris_yellow_virus,0.005263157894736842,0.05789473684210526,0.06315789473684211,0.015789473684210527,0.005263157894736842,0.07894736842105263,0.08421052631578947,0.047368421052631574,0.042105263157894736,0.0,0.005263157894736842,0.042105263157894736,0.047368421052631574,0.042105263157894736,0.03684210526315789,0.03684210526315789
25,20261028,dinov2_logit,multiclass,sentinel,purple_blotch,0.0,0.1,0.0,0.0,0.0,0.0,0.0,0.0,0.0,0.0,0.1,0.0,0.1,0.0,0.0,-0.1
25,20261028,dinov2_logit,multiclass,sentinel,stemphylium_colletotrichum_leaf_blight,0.1,0.22000000000000003,0.2,0.02,0.0,0.22000000000000003,0.22000000000000003,0.18,0.1,0.02,0.0,0.12000000000000002,0.12000000000000002,0.08,0.1,0.1
25,20261028,dinov2_logit,multiclass,unselected_paired_probe,all_classes,-0.005354691075514872,0.10219679633867278,0.04342105263157895,0.021098398169336386,0.016155606407322654,0.06451945080091534,0.08067505720823799,0.022322654462242564,0.06789473684210526,0.04021739130434783,0.005263157894736842,0.10811212814645307,0.11337528604118993,0.027677345537757435,-0.043592677345537754,-0.03270022883295194
25,20261028,dinov2_logit,multiclass,unselected_paired_probe,healthy,0.021739130434782608,0.07826086956521738,0.0,0.03913043478260869,0.013043478260869565,0.03913043478260869,0.05217391304347826,-0.03913043478260869,0.0,0.06086956521739131,0.0,0.06086956521739131,0.06086956521739131,-0.06086956521739131,-0.021739130434782608,-0.008695652173913044
25,20261028,dinov2_logit,multiclass,unselected_paired_probe,iris_yellow_virus,-0.06315789473684211,0.11052631578947367,0.07368421052631578,0.005263157894736842,0.031578947368421054,0.07894736842105263,0.11052631578947367,0.06842105263157894,0.13157894736842105,0.0,0.021052631578947368,0.13157894736842105,0.1526315789473684,0.13157894736842105,-0.05263157894736842,-0.042105263157894736
25,20261028,dinov2_logit,multiclass,unselected_paired_probe,purple_blotch,0.0,0.0,0.0,0.0,0.0,0.0,0.0,0.0,0.0,0.0,0.0,0.0,0.0,0.0,0.0,0.0
25,20261028,dinov2_logit,multiclass,unselected_paired_probe,stemphylium_colletotrichum_leaf_blight,0.02,0.22000000000000003,0.1,0.04,0.02,0.14,0.16,0.06000000000000001,0.14,0.1,0.0,0.24,0.24,0.04,-0.1,-0.08
26,20261029,dinov2_cosine_1nn,multiclass,all_paired_probe,all_classes,0.20223112128146453,0.2585354691075515,0.2018821510297483,0.04582951945080092,0.028804347826086957,0.24771167048054918,0.27651601830663614,0.15605263157894736,0.028003432494279175,0.07418192219679634,0.06556064073226545,0.10218535469107551,0.16774599542334095,-0.04617848970251716,0.14552631578947367,0.10877002288329521
26,20261029,dinov2_cosine_1nn,multiclass,all_paired_probe,healthy,0.1326086956521739,0.24782608695652172,0.2217391304347826,0.07173913043478261,0.015217391304347827,0.29347826086956524,0.30869565217391304,0.15,0.08043478260869566,0.06304347826086956,0.004347826086956522,0.14347826086956522,0.14782608695652172,0.017391304347826087,0.15,0.16086956521739132
26,20261029,dinov2_cosine_1nn,multiclass,all_paired_probe,iris_yellow_virus,0.2263157894736842,0.2763157894736842,0.16578947368421051,0.08157894736842106,0.0,0.24736842105263154,0.24736842105263154,0.08421052631578947,0.031578947368421054,0.17368421052631577,0.007894736842105263,0.20526315789473681,0.21315789473684207,-0.14210526315789473,0.04210526315789474,0.03421052631578948
26,20261029,dinov2_cosine_1nn,multiclass,all_paired_probe,purple_blotch,0.25,0.25,0.25,0.0,0.1,0.25,0.35,0.25,0.0,0.0,0.25,0.0,0.25,0.0,0.25,0.1
26,20261029,dinov2_cosine_1nn,multiclass,all_paired_probe,stemphylium_colletotrichum_leaf_blight,0.2,0.26,0.16999999999999998,0.030000000000000006,0.0,0.2,0.2,0.14,0.0,0.06000000000000001,0.0,0.06000000000000001,0.06000000000000001,-0.06000000000000001,0.13999999999999999,0.13999999999999999
26,20261029,dinov2_cosine_1nn,multiclass,selected_probe,all_classes,0.3780205949656751,0.3834553775743707,0.35257437070938213,0.007665903890160183,0.003260869565217391,0.36024027459954233,0.3635011441647597,0.344908466819222,0.03203661327231121,0.0651487414187643,0.08003432494279175,0.0971853546910755,0.17721967963386728,-0.03311212814645309,0.2630549199084668,0.18628146453089245
26,20261029,dinov2_cosine_1nn,multiclass,selected_probe,healthy,0.28260869565217395,0.30434782608695654,0.32608695652173914,0.004347826086956522,0.013043478260869565,0.33043478260869563,0.34347826086956523,0.32173913043478264,0.09130434782608696,0.05217391304347826,0.004347826086956522,0.14347826086956522,0.14782608695652172,0.03913043478260869,0.18695652173913044,0.19565217391304351
26,20261029,dinov2_cosine_1nn,multiclass,selected_probe,iris_yellow_virus,0.3894736842105263,0.3894736842105263,0.28421052631578947,0.02631578947368421,0.0,0.31052631578947365,0.31052631578947365,0.2578947368421053,0.03684210526315789,0.16842105263157894,0.015789473684210527,0.20526315789473681,0.22105263157894733,-0.13157894736842105,0.10526315789473684,0.0894736842105263
26,20261029,dinov2_cosine_1nn,multiclass,selected_probe,purple_blotch,0.5,0.5,0.5,0.0,0.0,0.5,0.5,0.5,0.0,0.0,0.3,0.0,0.3,0.0,0.5,0.2
26,20261029,dinov2_cosine_1nn,multiclass,selected_probe,stemphylium_colletotrichum_leaf_blight,0.33999999999999997,0.33999999999999997,0.3,0.0,0.0,0.3,0.3,0.3,0.0,0.04,0.0,0.04,0.04,-0.04,0.26,0.26
26,20261029,dinov2_cosine_1nn,multiclass,sentinel,all_classes,0.06489702517162471,0.24411899313501145,0.08421052631578947,0.04665903890160183,0.14217391304347826,0.1308695652173913,0.2730434782608696,0.037551487414187644,0.042848970251716245,0.07019450800915332,0.1820137299771167,0.11304347826086955,0.29505720823798626,-0.02734553775743707,0.017826086956521745,-0.022013729977116696
26,20261029,dinov2_cosine_1nn,multiclass,sentinel,healthy,0.08695652173913043,0.2217391304347826,0.1,0.043478260869565216,0.008695652173913044,0.14347826086956522,0.15217391304347824,0.056521739130434775,0.06086956521739131,0.09130434782608696,0.021739130434782608,0.15217391304347824,0.17391304347826086,-0.030434782608695653,-0.008695652173913044,-0.021739130434782608
26,20261029,dinov2_cosine_1nn,multiclass,sentinel,iris_yellow_virus,0.05263157894736842,0.19473684210526315,0.03684210526315789,0.06315789473684211,0.0,0.1,0.1,-0.02631578947368421,0.010526315789473684,0.0894736842105263,0.02631578947368421,0.1,0.12631578947368421,-0.07894736842105263,0.0,-0.02631578947368421
26,20261029,dinov2_cosine_1nn,multiclass,sentinel,purple_blotch,-0.1,0.2,0.0,0.0,0.5,0.0,0.5,0.0,0.1,0.0,0.4,0.1,0.5,0.1,-0.1,0.0
26,20261029,dinov2_cosine_1nn,multiclass,sentinel,stemphylium_colletotrichum_leaf_blight,0.22000000000000003,0.36,0.2,0.08,0.06000000000000001,0.28,0.34,0.12000000000000002,0.0,0.1,0.28,0.1,0.38,-0.1,0.18,-0.03999999999999999
26,20261029,dinov2_cosine_1nn,multiclass,unselected_paired_probe,all_classes,0.026441647597254002,0.13361556064073227,0.05118993135011442,0.08399313501144165,0.05434782608695652,0.13518306636155605,0.18953089244851257,-0.03280320366132723,0.023970251716247136,0.08321510297482838,0.051086956521739134,0.10718535469107551,0.15827231121281465,-0.059244851258581234,0.02799771167048055,0.03125858123569795
26,20261029,dinov2_cosine_1nn,multiclass,unselected_paired_probe,healthy,-0.017391304347826087,0.19130434782608693,0.11739130434782608,0.1391304347826087,0.017391304347826087,0.25652173913043474,0.2739130434782609,-0.021739130434782608,0.06956521739130435,0.07391304347826086,0.004347826086956522,0.14347826086956522,0.14782608695652172,-0.004347826086956522,0.11304347826086958,0.12608695652173912
26,20261029,dinov2_cosine_1nn,multiclass,unselected_paired_probe,iris_yellow_virus,0.06315789473684211,0.1631578947368421,0.047368421052631574,0.13684210526315788,0.0,0.18421052631578946,0.18421052631578946,-0.0894736842105263,0.02631578947368421,0.1789473684210526,0.0,0.20526315789473681,0.20526315789473681,-0.1526315789473684,-0.021052631578947368,-0.021052631578947368
26,20261029,dinov2_cosine_1nn,multiclass,unselected_paired_probe,purple_blotch,0.0,0.0,0.0,0.0,0.2,0.0,0.2,0.0,0.0,0.0,0.2,0.0,0.2,0.0,0.0,0.0
26,20261029,dinov2_cosine_1nn,multiclass,unselected_paired_probe,stemphylium_colletotrichum_leaf_blight,0.06000000000000001,0.18,0.04,0.06000000000000001,0.0,0.1,0.1,-0.02,0.0,0.08,0.0,0.08,0.08,-0.08,0.02,0.02
26,20261029,dinov2_logit,multiclass,all_paired_probe,all_classes,0.06848970251716247,0.11344965675057209,0.06272883295194508,0.015789473684210527,0.005131578947368421,0.07851830663615561,0.08364988558352403,0.04693935926773456,0.025720823798627,0.04727116704805492,0.005692219679633867,0.07299199084668193,0.07868421052631579,-0.021550343249427915,0.005526315789473685,0.004965675057208238
26,20261029,dinov2_logit,multiclass,all_paired_probe,healthy,0.008695652173913044,0.08695652173913043,0.04565217391304348,0.05,0.0,0.09565217391304348,0.09565217391304348,-0.004347826086956522,0.041304347826086954,0.05434782608695652,0.004347826086956522,0.09565217391304348,0.1,-0.013043478260869565,0.0,-0.004347826086956522
26,20261029,dinov2_logit,multiclass,all_paired_probe,iris_yellow_virus,0.10526315789473684,0.13684210526315788,0.10526315789473684,0.013157894736842105,0.010526315789473684,0.11842105263157894,0.12894736842105264,0.09210526315789473,0.031578947368421054,0.04473684210526315,0.018421052631578946,0.0763157894736842,0.09473684210526315,-0.013157894736842105,0.042105263157894736,0.03421052631578947
26,20261029,dinov2_logit,multiclass,all_paired_probe,purple_blotch,0.05,0.05,0.0,0.0,0.0,0.0,0.0,0.0,0.0,0.05,0.0,0.05,0.05,-0.05,-0.05,-0.05
26,20261029,dinov2_logit,multiclass,all_paired_probe,stemphylium_colletotrichum_leaf_blight,0.11000000000000001,0.18,0.1,0.0,0.01,0.1,0.11000000000000001,0.1,0.030000000000000006,0.04,0.0,0.07,0.07,-0.01,0.030000000000000006,0.04
26,20261029,dinov2_logit,multiclass,selected_probe,all_classes,0.10294050343249428,0.11472540045766591,0.10600686498855835,0.006750572082379863,0.0013157894736842105,0.11275743707093822,0.11407322654462242,0.09925629290617849,0.02488558352402746,0.02856979405034325,0.005034324942791762,0.05345537757437071,0.05848970251716247,-0.00368421052631579,0.05930205949656751,0.05558352402745995
26,20261029,dinov2_logit,multiclass,selected_probe,healthy,0.03913043478260869,0.06521739130434782,0.06086956521739131,0.021739130434782608,0.0,0.08260869565217391,0.08260869565217391,0.03913043478260869,0.05217391304347826,0.05217391304347826,0.004347826086956522,0.10434782608695652,0.10869565217391304,0.0,-0.021739130434782608,-0.02608695652173913
26,20261029,dinov2_logit,multiclass,selected_probe,iris_yellow_virus,0.1526315789473684,0.17368421052631577,0.1631578947368421,0.005263157894736842,0.005263157894736842,0.16842105263157894,0.17368421052631577,0.15789473684210525,0.047368421052631574,0.042105263157894736,0.015789473684210527,0.0894736842105263,0.10526315789473684,0.005263157894736842,0.07894736842105263,0.06842105263157894
26,20261029,dinov2_logit,multiclass,selected_probe,purple_blotch,0.0,0.0,0.0,0.0,0.0,0.0,0.0,0.0,0.0,0.0,0.0,0.0,0.0,0.0,0.0,0.0
26,20261029,dinov2_logit,multiclass,selected_probe,stemphylium_colletotrichum_leaf_blight,0.22000000000000003,0.22000000000000003,0.2,0.0,0.0,0.2,0.2,0.2,0.0,0.02,0.0,0.02,0.02,-0.02,0.18,0.18
26,20261029,dinov2_logit,multiclass,sentinel,all_classes,0.015228832951945081,0.15734553775743707,0.020263157894736844,0.021395881006864986,0.13999999999999999,0.04165903890160183,0.18165903890160182,-0.001132723112128145,0.003947368421052632,0.020308924485125855,0.23500000000000001,0.02425629290617849,0.25925629290617846,-0.016361556064073225,0.01740274599542334,-0.07759725400457666
26,20261029,dinov2_logit,multiclass,sentinel,healthy,-0.004347826086956522,0.030434782608695653,0.0,0.043478260869565216,0.0,0.043478260869565216,0.043478260869565216,-0.043478260869565216,0.0,0.03913043478260869,0.0,0.03913043478260869,0.03913043478260869,-0.03913043478260869,0.004347826086956522,0.004347826086956522
26,20261029,dinov2_logit,multiclass,sentinel,iris_yellow_virus,0.005263157894736842,0.07894736842105263,0.021052631578947368,0.042105263157894736,0.0,0.06315789473684211,0.06315789473684211,-0.021052631578947368,0.015789473684210527,0.042105263157894736,0.0,0.05789473684210526,0.05789473684210526,-0.02631578947368421,0.005263157894736842,0.005263157894736842
26,20261029,dinov2_logit,multiclass,sentinel,purple_blotch,0.0,0.4,0.0,0.0,0.5,0.0,0.5,0.0,0.0,0.0,0.9,0.0,0.9,0.0,0.0,-0.4
26,20261029,dinov2_logit,multiclass,sentinel,stemphylium_colletotrichum_leaf_blight,0.06000000000000001,0.12000000000000002,0.06000000000000001,0.0,0.06000000000000001,0.06000000000000001,0.12000000000000002,0.06000000000000001,0.0,0.0,0.04,0.0,0.04,0.0,0.06000000000000001,0.08
26,20261029,dinov2_logit,multiclass,unselected_paired_probe,all_classes,0.034038901601830665,0.11217391304347826,0.019450800915331808,0.024828375286041187,0.008947368421052631,0.04427917620137299,0.05322654462242563,-0.005377574370709382,0.026556064073226547,0.0659725400457666,0.006350114416475971,0.09252860411899314,0.09887871853546912,-0.03941647597254004,-0.048249427917620144,-0.04565217391304348
26,20261029,dinov2_logit,multiclass,unselected_paired_probe,healthy,-0.021739130434782608,0.10869565217391304,0.030434782608695653,0.07826086956521738,0.0,0.10869565217391304,0.10869565217391304,-0.04782608695652174,0.030434782608695653,0.056521739130434775,0.004347826086956522,0.08695652173913043,0.09130434782608696,-0.02608695652173913,0.021739130434782608,0.017391304347826087
26,20261029,dinov2_logit,multiclass,unselected_paired_probe,iris_yellow_virus,0.05789473684210526,0.1,0.047368421052631574,0.021052631578947368,0.015789473684210527,0.06842105263157894,0.08421052631578947,0.02631578947368421,0.015789473684210527,0.047368421052631574,0.021052631578947368,0.06315789473684211,0.08421052631578947,-0.031578947368421054,0.005263157894736842,0.0
26,20261029,dinov2_logit,multiclass,unselected_paired_probe,purple_blotch,0.1,0.1,0.0,0.0,0.0,0.0,0.0,0.0,0.0,0.1,0.0,0.1,0.1,-0.1,-0.1,-0.1
26,20261029,dinov2_logit,multiclass,unselected_paired_probe,stemphylium_colletotrichum_leaf_blight,0.0,0.14,0.0,0.0,0.02,0.0,0.02,0.0,0.06000000000000001,0.06000000000000001,0.0,0.12000000000000002,0.12000000000000002,0.0,-0.12000000000000002,-0.1
27,20261030,dinov2_cosine_1nn,multiclass,all_paired_probe,all_classes,0.2818649885583524,0.43601258581235697,0.31997139588100687,0.025143020594965676,0.027946224256292906,0.3451144164759726,0.37306064073226547,0.29482837528604117,0.06062929061784896,0.04766590389016018,0.13741990846681923,0.10829519450800915,0.24571510297482835,0.012963386727688792,0.2368192219679634,0.1273455377574371
27,20261030,dinov2_cosine_1nn,multiclass,all_paired_probe,healthy,0.11956521739130435,0.1782608695652174,0.16304347826086957,0.034782608695652174,0.006521739130434782,0.19782608695652174,0.20434782608695654,0.12826086956521737,0.06304347826086956,0.05434782608695652,0.006521739130434782,0.11739130434782608,0.12391304347826086,0.008695652173913044,0.08043478260869566,0.08043478260869566
27,20261030,dinov2_cosine_1nn,multiclass,all_paired_probe,iris_yellow_virus,0.2578947368421053,0.36578947368421055,0.23684210526315788,0.06578947368421052,0.005263157894736842,0.3026315789473684,0.3078947368421053,0.17105263157894737,0.039473684210526314,0.12631578947368421,0.013157894736842105,0.16578947368421051,0.1789473684210526,-0.08684210526315789,0.1368421052631579,0.12894736842105264
27,20261030,dinov2_cosine_1nn,multiclass,all_paired_probe,purple_blotch,0.5,0.8,0.5,0.0,0.0,0.5,0.5,0.5,0.0,0.0,0.5,0.0,0.5,0.0,0.5,0.0
27,20261030,dinov2_cosine_1nn,multiclass,all_paired_probe,stemphylium_colletotrichum_leaf_blight,0.25,0.4,0.38,0.0,0.1,0.38,0.48,0.38,0.14,0.01,0.030000000000000006,0.15,0.18,0.13,0.22999999999999998,0.3
27,20261030,dinov2_cosine_1nn,multiclass,selected_probe,all_classes,0.5564645308924485,0.5577803203661327,0.5710755148741419,0.002631578947368421,0.0,0.5737070938215103,0.5737070938215103,0.5684439359267734,0.05986270022883296,0.047883295194508006,0.11003432494279175,0.10774599542334096,0.21778032036613273,0.011979405034324946,0.46596109839816935,0.35592677345537754
27,20261030,dinov2_cosine_1nn,multiclass,selected_probe,healthy,0.25217391304347825,0.25217391304347825,0.26956521739130435,0.0,0.0,0.26956521739130435,0.26956521739130435,0.26956521739130435,0.08260869565217391,0.06521739130434782,0.004347826086956522,0.14782608695652172,0.15217391304347824,0.017391304347826087,0.12173913043478261,0.1173913043478261
27,20261030,dinov2_cosine_1nn,multiclass,selected_probe,iris_yellow_virus,0.47368421052631576,0.47894736842105257,0.39473684210526316,0.010526315789473684,0.0,0.4052631578947368,0.4052631578947368,0.38421052631578945,0.03684210526315789,0.12631578947368421,0.015789473684210527,0.1631578947368421,0.1789473684210526,-0.0894736842105263,0.24210526315789474,0.2263157894736842
27,20261030,dinov2_cosine_1nn,multiclass,selected_probe,purple_blotch,1.0,1.0,1.0,0.0,0.0,1.0,1.0,1.0,0.0,0.0,0.4,0.0,0.4,0.0,1.0,0.6
27,20261030,dinov2_cosine_1nn,multiclass,selected_probe,stemphylium_colletotrichum_leaf_blight,0.5,0.5,0.62,0.0,0.0,0.62,0.62,0.62,0.12000000000000002,0.0,0.02,0.12000000000000002,0.14,0.12000000000000002,0.5,0.4800000000000001
27,20261030,dinov2_cosine_1nn,multiclass,sentinel,all_classes,0.08449656750572083,0.14759725400457666,0.047425629290617846,0.03935926773455377,0.035526315789473684,0.08678489702517163,0.1223112128146453,0.008066361556064074,0.012185354691075515,0.08861556064073225,0.06394736842105263,0.10080091533180777,0.1647482837528604,-0.07643020594965674,-0.014016018306636152,-0.0424370709382151
27,20261030,dinov2_cosine_1nn,multiclass,sentinel,healthy,0.06956521739130435,0.09565217391304348,0.07391304347826086,0.05217391304347826,0.0,0.12608695652173912,0.12608695652173912,0.021739130434782608,0.043478260869565216,0.09130434782608696,0.0,0.13478260869565217,0.13478260869565217,-0.04782608695652174,-0.008695652173913044,-0.008695652173913044
27,20261030,dinov2_cosine_1nn,multiclass,sentinel,iris_yellow_virus,0.06842105263157894,0.19473684210526315,0.015789473684210527,0.10526315789473684,0.042105263157894736,0.12105263157894737,0.1631578947368421,-0.0894736842105263,0.005263157894736842,0.1631578947368421,0.015789473684210527,0.16842105263157894,0.18421052631578946,-0.15789473684210525,-0.047368421052631574,-0.021052631578947368
27,20261030,dinov2_cosine_1nn,multiclass,sentinel,purple_blotch,0.0,0.1,0.0,0.0,0.0,0.0,0.0,0.0,0.0,0.0,0.1,0.0,0.1,0.0,0.0,-0.1
27,20261030,dinov2_cosine_1nn,multiclass,sentinel,stemphylium_colletotrichum_leaf_blight,0.2,0.2,0.1,0.0,0.1,0.1,0.2,0.1,0.0,0.1,0.14,0.1,0.24,-0.1,0.0,-0.039999999999999994
27,20261030,dinov2_cosine_1nn,multiclass,unselected_paired_probe,all_classes,0.0072654462242562915,0.31424485125858126,0.06886727688787185,0.04765446224256292,0.05589244851258581,0.11652173913043477,0.17241418764302058,0.021212814645308928,0.061395881006864994,0.047448512585812355,0.16480549199084668,0.10884439359267735,0.273649885583524,0.013947368421052635,0.007677345537757443,-0.10123569794050342
27,20261030,dinov2_cosine_1nn,multiclass,unselected_paired_probe,healthy,-0.013043478260869565,0.10434782608695652,0.056521739130434775,0.06956521739130435,0.013043478260869565,0.12608695652173912,0.1391304347826087,-0.013043478260869565,0.043478260869565216,0.043478260869565216,0.008695652173913044,0.08695652173913043,0.09565217391304348,0.0,0.03913043478260869,0.043478260869565216
27,20261030,dinov2_cosine_1nn,multiclass,unselected_paired_probe,iris_yellow_virus,0.042105263157894736,0.25263157894736843,0.07894736842105263,0.12105263157894737,0.010526315789473684,0.2,0.21052631578947367,-0.042105263157894736,0.042105263157894736,0.12631578947368421,0.010526315789473684,0.16842105263157894,0.1789473684210526,-0.08421052631578947,0.031578947368421054,0.031578947368421054
27,20261030,dinov2_cosine_1nn,multiclass,unselected_paired_probe,purple_blotch,0.0,0.6,0.0,0.0,0.0,0.0,0.0,0.0,0.0,0.0,0.6,0.0,0.6,0.0,0.0,-0.6
27,20261030,dinov2_cosine_1nn,multiclass,unselected_paired_probe,stemphylium_colletotrichum_leaf_blight,0.0,0.3,0.14,0.0,0.2,0.14,0.33999999999999997,0.14,0.16,0.02,0.04,0.18,0.22000000000000003,0.14,-0.04,0.12
27,20261030,dinov2_logit,multiclass,all_paired_probe,all_classes,0.10937070938215103,0.16505720823798625,0.07823226544622426,0.04939931350114417,0.007294050343249428,0.12763157894736843,0.13492562929061785,0.028832951945080086,0.007866132723112127,0.08840389016018306,0.008295194508009153,0.0962700228832952,0.10456521739130435,-0.08053775743707094,0.031361556064073225,0.0303604118993135
27,20261030,dinov2_logit,multiclass,all_paired_probe,healthy,0.03695652173913043,0.07391304347826086,0.02608695652173913,0.02391304347826087,0.02391304347826087,0.05,0.07391304347826086,0.002173913043478261,0.013043478260869565,0.04782608695652174,0.017391304347826087,0.06086956521739131,0.07826086956521738,-0.034782608695652174,-0.010869565217391304,-0.004347826086956522
27,20261030,dinov2_logit,multiclass,all_paired_probe,iris_yellow_virus,0.060526315789473685,0.12631578947368421,0.03684210526315789,0.023684210526315787,0.005263157894736842,0.060526315789473685,0.06578947368421052,0.013157894736842105,0.018421052631578946,0.06578947368421052,0.015789473684210527,0.08421052631578947,0.1,-0.047368421052631574,-0.023684210526315787,-0.03421052631578947
27,20261030,dinov2_logit,multiclass,all_paired_probe,purple_blotch,0.25,0.25,0.25,0.0,0.0,0.25,0.25,0.25,0.0,0.0,0.0,0.0,0.0,0.0,0.25,0.25
27,20261030,dinov2_logit,multiclass,all_paired_probe,stemphylium_colletotrichum_leaf_blight,0.09,0.21000000000000002,0.0,0.15,0.0,0.15,0.15,-0.15,0.0,0.24,0.0,0.24,0.24,-0.24,-0.09,-0.09
27,20261030,dinov2_logit,multiclass,selected_probe,all_classes,0.21762013729977117,0.2331235697940503,0.15102974828375287,0.005034324942791762,0.007837528604118993,0.15606407322654464,0.16390160183066363,0.1459954233409611,0.006121281464530892,0.07774599542334096,0.005892448512585812,0.08386727688787185,0.08975972540045767,-0.07162471395881007,0.07219679633867276,0.07414187643020595
27,20261030,dinov2_logit,multiclass,selected_probe,healthy,0.06521739130434782,0.09565217391304348,0.030434782608695653,0.004347826086956522,0.02608695652173913,0.034782608695652174,0.06086956521739131,0.02608695652173913,0.008695652173913044,0.04782608695652174,0.013043478260869565,0.056521739130434775,0.06956521739130435,-0.03913043478260869,-0.021739130434782608,-0.008695652173913044
27,20261030,dinov2_logit,multiclass,selected_probe,iris_yellow_virus,0.10526315789473684,0.13684210526315788,0.07368421052631578,0.015789473684210527,0.005263157894736842,0.0894736842105263,0.09473684210526315,0.05789473684210526,0.015789473684210527,0.06315789473684211,0.010526315789473684,0.07894736842105263,0.0894736842105263,-0.047368421052631574,0.010526315789473684,0.005263157894736842
27,20261030,dinov2_logit,multiclass,selected_probe,purple_blotch,0.5,0.5,0.5,0.0,0.0,0.5,0.5,0.5,0.0,0.0,0.0,0.0,0.0,0.0,0.5,0.5
27,20261030,dinov2_logit,multiclass,selected_probe,stemphylium_colletotrichum_leaf_blight,0.2,0.2,0.0,0.0,0.0,0.0,0.0,0.0,0.0,0.2,0.0,0.2,0.2,-0.2,-0.2,-0.2
27,20261030,dinov2_logit,multiclass,sentinel,all_classes,-0.08466819221967962,0.16437070938215104,0.08448512585812357,0.02620137299771167,0.0071739130434782614,0.11068649885583523,0.11786041189931351,0.058283752860411896,0.17625858123569793,0.0333066361556064,0.005434782608695652,0.20956521739130435,0.215,0.1429519450800915,-0.09887871853546912,-0.0971395881006865
27,20261030,dinov2_logit,multiclass,sentinel,healthy,0.008695652173913044,0.08695652173913043,0.034782608695652174,0.05217391304347826,0.008695652173913044,0.08695652173913043,0.09565217391304348,-0.017391304347826087,0.02608695652173913,0.05217391304347826,0.021739130434782608,0.07826086956521738,0.1,-0.02608695652173913,0.008695652173913044,-0.004347826086956522
27,20261030,dinov2_logit,multiclass,sentinel,iris_yellow_virus,-0.047368421052631574,0.11052631578947367,0.06315789473684211,0.05263157894736842,0.0,0.11578947368421053,0.11578947368421053,0.010526315789473684,0.07894736842105263,0.021052631578947368,0.0,0.1,0.1,0.05789473684210526,0.015789473684210527,0.015789473684210527
27,20261030,dinov2_logit,multiclass,sentinel,purple_blotch,-0.3,0.3,0.2,0.0,0.0,0.2,0.2,0.2,0.5,0.0,0.0,0.5,0.5,0.5,-0.3,-0.3
27,20261030,dinov2_logit,multiclass,sentinel,stemphylium_colletotrichum_leaf_blight,0.0,0.16,0.04,0.0,0.02,0.04,0.06000000000000001,0.04,0.1,0.06000000000000001,0.0,0.16,0.16,0.04,-0.12000000000000002,-0.1
27,20261030,dinov2_logit,multiclass,unselected_paired_probe,all_classes,0.0011212814645308918,0.09699084668192219,0.005434782608695652,0.09376430205949657,0.006750572082379863,0.09919908466819222,0.10594965675057208,-0.08832951945080092,0.009610983981693364,0.09906178489702518,0.010697940503432493,0.10867276887871853,0.11937070938215102,-0.08945080091533181,-0.009473684210526311,-0.013421052631578945
27,20261030,dinov2_logit,multiclass,unselected_paired_probe,healthy,0.008695652173913044,0.05217391304347826,0.021739130434782608,0.043478260869565216,0.021739130434782608,0.06521739130434782,0.08695652173913043,-0.021739130434782608,0.017391304347826087,0.04782608695652174,0.021739130434782608,0.06521739130434782,0.08695652173913043,-0.030434782608695653,0.0,0.0
27,20261030,dinov2_logit,multiclass,unselected_paired_probe,iris_yellow_virus,0.015789473684210527,0.11578947368421053,0.0,0.031578947368421054,0.005263157894736842,0.031578947368421054,0.03684210526315789,-0.031578947368421054,0.021052631578947368,0.06842105263157894,0.021052631578947368,0.0894736842105263,0.11052631578947367,-0.047368421052631574,-0.05789473684210526,-0.07368421052631578
27,20261030,dinov2_logit,multiclass,unselected_paired_probe,purple_blotch,0.0,0.0,0.0,0.0,0.0,0.0,0.0,0.0,0.0,0.0,0.0,0.0,0.0,0.0,0.0,0.0
27,20261030,dinov2_logit,multiclass,unselected_paired_probe,stemphylium_colletotrichum_leaf_blight,-0.02,0.22000000000000003,0.0,0.3,0.0,0.3,0.3,-0.3,0.0,0.27999999999999997,0.0,0.27999999999999997,0.27999999999999997,-0.27999999999999997,0.020000000000000007,0.020000000000000007
28,20261031,dinov2_cosine_1nn,multiclass,all_paired_probe,all_classes,0.2852116704805492,0.3376659038901602,0.2681578947368421,0.008323798627002287,0.06518306636155606,0.2764816933638444,0.34166475972540045,0.2598340961098398,0.06189359267734553,0.08727116704805492,0.10709382151029749,0.14916475972540044,0.25625858123569795,-0.025377574370709383,0.12731693363844393,0.08540617848970253
28,20261031,dinov2_cosine_1nn,multiclass,all_paired_probe,healthy,0.09347826086956522,0.10434782608695652,0.15,0.004347826086956522,0.006521739130434782,0.15434782608695652,0.16086956521739132,0.14565217391304347,0.056521739130434775,0.004347826086956522,0.015217391304347827,0.06086956521739131,0.07608695652173912,0.05217391304347826,0.09347826086956522,0.08478260869565218
28,20261031,dinov2_cosine_1nn,multiclass,all_paired_probe,iris_yellow_virus,0.14736842105263157,0.2263157894736842,0.25263157894736843,0.02894736842105263,0.03421052631578947,0.28157894736842104,0.3157894736842105,0.2236842105263158,0.12105263157894737,0.04473684210526315,0.013157894736842105,0.16578947368421054,0.17894736842105263,0.0763157894736842,0.11578947368421053,0.1368421052631579
28,20261031,dinov2_cosine_1nn,multiclass,all_paired_probe,purple_blotch,0.5,0.5,0.25,0.0,0.15,0.25,0.4,0.25,0.0,0.25,0.25,0.25,0.5,-0.25,0.0,-0.1
28,20261031,dinov2_cosine_1nn,multiclass,all_paired_probe,stemphylium_colletotrichum_leaf_blight,0.4,0.52,0.42000000000000004,0.0,0.07,0.42000000000000004,0.49000000000000005,0.42000000000000004,0.07,0.05,0.15,0.12000000000000002,0.27,0.02,0.3,0.22000000000000003
28,20261031,dinov2_cosine_1nn,multiclass,selected_probe,all_classes,0.5398283752860411,0.5498283752860412,0.45961098398169337,0.0,0.011315789473684211,0.45961098398169337,0.4709267734553776,0.45961098398169337,0.062448512585812355,0.14266590389016018,0.0845766590389016,0.20511441647597253,0.28969107551487416,-0.08021739130434784,0.2544965675057208,0.18123569794050343
28,20261031,dinov2_cosine_1nn,multiclass,selected_probe,healthy,0.1782608695652174,0.1782608695652174,0.21739130434782608,0.0,0.0,0.21739130434782608,0.21739130434782608,0.21739130434782608,0.043478260869565216,0.004347826086956522,0.013043478260869565,0.04782608695652174,0.06086956521739131,0.03913043478260869,0.16956521739130434,0.1565217391304348
28,20261031,dinov2_cosine_1nn,multiclass,selected_probe,iris_yellow_virus,0.32105263157894737,0.32105263157894737,0.42105263157894735,0.0,0.005263157894736842,0.42105263157894735,0.42631578947368415,0.42105263157894735,0.12631578947368421,0.02631578947368421,0.005263157894736842,0.1526315789473684,0.15789473684210525,0.1,0.26842105263157895,0.26842105263157895
28,20261031,dinov2_cosine_1nn,multiclass,selected_probe,purple_blotch,1.0,1.0,0.5,0.0,0.0,0.5,0.5,0.5,0.0,0.5,0.2,0.5,0.7,-0.5,0.0,-0.2
28,20261031,dinov2_cosine_1nn,multiclass,selected_probe,stemphylium_colletotrichum_leaf_blight,0.6599999999999999,0.7,0.7,0.0,0.04,0.7,0.74,0.7,0.08,0.04,0.12000000000000002,0.12000000000000002,0.24000000000000005,0.04,0.5800000000000001,0.5
28,20261031,dinov2_cosine_1nn,multiclass,sentinel,all_classes,0.0006521739130434766,0.12094965675057208,0.03768878718535469,0.055949656750572084,0.024382151029748285,0.09363844393592677,0.11802059496567505,-0.018260869565217393,0.057974828375286044,0.07688787185354691,0.015926773455377574,0.13486270022883295,0.15078947368421053,-0.01891304347826087,-0.04122425629290618,-0.03276887871853547
28,20261031,dinov2_cosine_1nn,multiclass,sentinel,healthy,0.08260869565217391,0.1869565217391304,0.07391304347826086,0.08695652173913043,0.021739130434782608,0.16086956521739132,0.1826086956521739,-0.013043478260869565,0.043478260869565216,0.1391304347826087,0.017391304347826087,0.1826086956521739,0.2,-0.09565217391304348,-0.021739130434782608,-0.017391304347826087
28,20261031,dinov2_cosine_1nn,multiclass,sentinel,iris_yellow_virus,0.0,0.13684210526315788,0.03684210526315789,0.03684210526315789,0.015789473684210527,0.07368421052631578,0.0894736842105263,0.0,0.06842105263157894,0.06842105263157894,0.02631578947368421,0.13684210526315788,0.1631578947368421,0.0,-0.06315789473684211,-0.07368421052631578
28,20261031,dinov2_cosine_1nn,multiclass,sentinel,purple_blotch,0.0,0.0,0.0,0.0,0.0,0.0,0.0,0.0,0.0,0.0,0.0,0.0,0.0,0.0,0.0,0.0
28,20261031,dinov2_cosine_1nn,multiclass,sentinel,stemphylium_colletotrichum_leaf_blight,-0.08,0.16,0.04,0.1,0.06000000000000001,0.14,0.2,-0.06000000000000001,0.12000000000000002,0.1,0.02,0.22000000000000003,0.24,0.02,-0.08,-0.039999999999999994
28,20261031,dinov2_cosine_1nn,multiclass,unselected_paired_probe,all_classes,0.030594965675057206,0.12550343249427917,0.07670480549199085,0.016647597254004574,0.11905034324942791,0.09335240274599542,0.21240274599542333,0.06005720823798627,0.06133867276887872,0.03187643020594966,0.12961098398169338,0.09321510297482836,0.22282608695652173,0.029462242562929057,0.0001372997711670501,-0.010423340961098397
28,20261031,dinov2_cosine_1nn,multiclass,unselected_paired_probe,healthy,0.008695652173913044,0.030434782608695653,0.08260869565217391,0.008695652173913044,0.013043478260869565,0.09130434782608696,0.10434782608695652,0.07391304347826086,0.06956521739130435,0.004347826086956522,0.017391304347826087,0.07391304347826086,0.09130434782608696,0.06521739130434782,0.017391304347826087,0.013043478260869565
28,20261031,dinov2_cosine_1nn,multiclass,unselected_paired_probe,iris_yellow_virus,-0.02631578947368421,0.13157894736842105,0.08421052631578947,0.05789473684210526,0.06315789473684211,0.14210526315789473,0.20526315789473681,0.02631578947368421,0.11578947368421053,0.06315789473684211,0.021052631578947368,0.1789473684210526,0.2,0.05263157894736842,-0.03684210526315789,0.005263157894736842
28,20261031,dinov2_cosine_1nn,multiclass,unselected_paired_probe,purple_blotch,0.0,0.0,0.0,0.0,0.3,0.0,0.3,0.0,0.0,0.0,0.3,0.0,0.3,0.0,0.0,0.0
28,20261031,dinov2_cosine_1nn,multiclass,unselected_paired_probe,stemphylium_colletotrichum_leaf_blight,0.14,0.34,0.14,0.0,0.1,0.14,0.24000000000000005,0.14,0.06000000000000001,0.06000000000000001,0.18,0.12000000000000002,0.3,0.0,0.02,-0.06
28,20261031,dinov2_logit,multiclass,all_paired_probe,all_classes,0.1513329519450801,0.20661899313501145,0.19715675057208237,0.0234954233409611,0.0006578947368421052,0.22065217391304345,0.2213100686498856,0.1736613272311213,0.038186498855835235,0.01585812356979405,0.003289473684210526,0.05404462242562928,0.05733409610983982,0.02232837528604119,0.16660755148741418,0.16397597254004576
28,20261031,dinov2_logit,multiclass,all_paired_probe,healthy,0.002173913043478261,0.07173913043478261,0.056521739130434775,0.02608695652173913,0.0,0.08260869565217391,0.08260869565217391,0.030434782608695653,0.03695652173913043,0.008695652173913044,0.0,0.04565217391304348,0.04565217391304348,0.028260869565217388,0.03695652173913043,0.03695652173913043
28,20261031,dinov2_logit,multiclass,all_paired_probe,iris_yellow_virus,0.06315789473684211,0.09473684210526315,0.042105263157894736,0.007894736842105263,0.002631578947368421,0.05,0.05263157894736842,0.03421052631578947,0.015789473684210527,0.04473684210526315,0.013157894736842105,0.060526315789473685,0.07368421052631578,-0.02894736842105263,-0.010526315789473684,-0.021052631578947368
28,20261031,dinov2_logit,multiclass,all_paired_probe,purple_blotch,0.55,0.55,0.55,0.0,0.0,0.55,0.55,0.55,0.0,0.0,0.0,0.0,0.0,0.0,0.55,0.55
28,20261031,dinov2_logit,multiclass,all_paired_probe,stemphylium_colletotrichum_leaf_blight,-0.01,0.11000000000000001,0.14,0.06,0.0,0.2,0.2,0.08,0.1,0.01,0.0,0.11000000000000001,0.11000000000000001,0.09,0.09,0.09
28,20261031,dinov2_logit,multiclass,selected_probe,all_classes,0.22629290617848968,0.23807780320366131,0.26058352402746,0.003260869565217391,0.0013157894736842105,0.26384439359267736,0.2651601830663616,0.25732265446224256,0.0437299771167048,0.012700228832951943,0.003947368421052632,0.05643020594965675,0.060377574370709376,0.03102974828375286,0.2074141876430206,0.20478260869565218
28,20261031,dinov2_logit,multiclass,selected_probe,healthy,0.030434782608695653,0.056521739130434775,0.07391304347826086,0.013043478260869565,0.0,0.08695652173913043,0.08695652173913043,0.06086956521739131,0.03913043478260869,0.008695652173913044,0.0,0.04782608695652174,0.04782608695652174,0.030434782608695653,0.03913043478260869,0.03913043478260869
28,20261031,dinov2_logit,multiclass,selected_probe,iris_yellow_virus,0.09473684210526315,0.11578947368421053,0.06842105263157894,0.0,0.005263157894736842,0.06842105263157894,0.07368421052631578,0.06842105263157894,0.015789473684210527,0.042105263157894736,0.015789473684210527,0.05789473684210526,0.07368421052631578,-0.02631578947368421,0.010526315789473684,0.0
28,20261031,dinov2_logit,multiclass,selected_probe,purple_blotch,0.7,0.7,0.7,0.0,0.0,0.7,0.7,0.7,0.0,0.0,0.0,0.0,0.0,0.0,0.7,0.7
28,20261031,dinov2_logit,multiclass,selected_probe,stemphylium_colletotrichum_leaf_blight,0.08,0.08,0.2,0.0,0.0,0.2,0.2,0.2,0.12000000000000002,0.0,0.0,0.12000000000000002,0.12000000000000002,0.12000000000000002,0.08,0.08
28,20261031,dinov2_logit,multiclass,sentinel,all_classes,0.017505720823798625,0.04712814645308924,0.08796338672768879,0.018329519450800916,0.0,0.1062929061784897,0.1062929061784897,0.06963386727688788,0.08135011441647597,0.02922196796338673,0.0010869565217391304,0.11057208237986269,0.11165903890160182,0.052128146453089254,-0.0042791762013729955,-0.005366132723112127
28,20261031,dinov2_logit,multiclass,sentinel,healthy,0.017391304347826087,0.06956521739130435,0.10869565217391304,0.021739130434782608,0.0,0.13043478260869565,0.13043478260869565,0.08695652173913043,0.10434782608695652,0.034782608695652174,0.004347826086956522,0.1391304347826087,0.14347826086956522,0.06956521739130435,-0.008695652173913044,-0.013043478260869565
28,20261031,dinov2_logit,multiclass,sentinel,iris_yellow_virus,0.05263157894736842,0.07894736842105263,0.06315789473684211,0.031578947368421054,0.0,0.09473684210526315,0.09473684210526315,0.031578947368421054,0.021052631578947368,0.042105263157894736,0.0,0.06315789473684211,0.06315789473684211,-0.021052631578947368,0.031578947368421054,0.031578947368421054
28,20261031,dinov2_logit,multiclass,sentinel,purple_blotch,0.0,0.0,0.0,0.0,0.0,0.0,0.0,0.0,0.0,0.0,0.0,0.0,0.0,0.0,0.0,0.0
28,20261031,dinov2_logit,multiclass,sentinel,stemphylium_colletotrichum_leaf_blight,0.0,0.04,0.18,0.02,0.0,0.2,0.2,0.16,0.2,0.04,0.0,0.24000000000000005,0.24000000000000005,0.16,-0.04,-0.04
28,20261031,dinov2_logit,multiclass,unselected_paired_probe,all_classes,0.07637299771167047,0.17516018306636155,0.13372997711670478,0.04372997711670481,0.0,0.1774599542334096,0.1774599542334096,0.09,0.032643020594965676,0.019016018306636157,0.002631578947368421,0.051659038901601825,0.05429061784897025,0.013627002288329521,0.12580091533180776,0.12316933638443936
28,20261031,dinov2_logit,multiclass,unselected_paired_probe,healthy,-0.02608695652173913,0.08695652173913043,0.03913043478260869,0.03913043478260869,0.0,0.07826086956521738,0.07826086956521738,0.0,0.034782608695652174,0.008695652173913044,0.0,0.043478260869565216,0.043478260869565216,0.02608695652173913,0.034782608695652174,0.034782608695652174
28,20261031,dinov2_logit,multiclass,unselected_paired_probe,iris_yellow_virus,0.031578947368421054,0.07368421052631578,0.015789473684210527,0.015789473684210527,0.0,0.031578947368421054,0.031578947368421054,0.0,0.015789473684210527,0.047368421052631574,0.010526315789473684,0.06315789473684211,0.07368421052631578,-0.031578947368421054,-0.031578947368421054,-0.042105263157894736
28,20261031,dinov2_logit,multiclass,unselected_paired_probe,purple_blotch,0.4,0.4,0.4,0.0,0.0,0.4,0.4,0.4,0.0,0.0,0.0,0.0,0.0,0.0,0.4,0.4
28,20261031,dinov2_logit,multiclass,unselected_paired_probe,stemphylium_colletotrichum_leaf_blight,-0.1,0.14,0.08,0.12,0.0,0.2,0.2,-0.04,0.08,0.02,0.0,0.1,0.1,0.06000000000000001,0.1,0.1
29,20261032,dinov2_cosine_1nn,multiclass,all_paired_probe,all_classes,0.27894736842105267,0.36287185354691076,0.2976659038901602,0.04933638443935927,0.0272883295194508,0.34700228832951946,0.3742906178489703,0.24832951945080092,0.051401601830663626,0.08201945080091533,0.06644736842105263,0.13342105263157894,0.19986842105263158,-0.030617848970251715,0.21358123569794052,0.1744221967963387
29,20261032,dinov2_cosine_1nn,multiclass,all_paired_probe,healthy,0.2,0.28043478260869564,0.20434782608695654,0.03260869565217391,0.006521739130434782,0.23695652173913043,0.24347826086956523,0.17173913043478262,0.06086956521739131,0.0891304347826087,0.0,0.15,0.15,-0.028260869565217388,0.08695652173913045,0.09347826086956522
29,20261032,dinov2_cosine_1nn,multiclass,all_paired_probe,iris_yellow_virus,0.16578947368421051,0.32105263157894737,0.2263157894736842,0.04473684210526315,0.002631578947368421,0.2710526315789473,0.27368421052631575,0.18157894736842103,0.09473684210526315,0.07894736842105263,0.015789473684210527,0.17368421052631577,0.1894736842105263,0.015789473684210527,0.09736842105263158,0.08421052631578947
29,20261032,dinov2_cosine_1nn,multiclass,all_paired_probe,purple_blotch,0.5,0.5,0.5,0.0,0.1,0.5,0.6,0.5,0.0,0.0,0.25,0.0,0.25,0.0,0.5,0.35
29,20261032,dinov2_cosine_1nn,multiclass,all_paired_probe,stemphylium_colletotrichum_leaf_blight,0.25,0.35,0.26,0.12,0.0,0.38,0.38,0.14,0.05,0.16,0.0,0.21000000000000002,0.21000000000000002,-0.11000000000000001,0.16999999999999998,0.16999999999999998
29,20261032,dinov2_cosine_1nn,multiclass,selected_probe,all_classes,0.5581464530892448,0.5870938215102974,0.5606407322654462,0.006350114416475971,0.0,0.5669908466819222,0.5669908466819222,0.5542906178489703,0.05998855835240274,0.06384439359267735,0.08026315789473684,0.12383295194508008,0.20409610983981694,-0.0038558352402745994,0.4431578947368421,0.36289473684210527
29,20261032,dinov2_cosine_1nn,multiclass,selected_probe,healthy,0.3652173913043478,0.3652173913043478,0.34782608695652173,0.004347826086956522,0.0,0.3521739130434782,0.3521739130434782,0.34347826086956523,0.06521739130434782,0.08695652173913043,0.0,0.15217391304347827,0.15217391304347827,-0.021739130434782608,0.2,0.2
29,20261032,dinov2_cosine_1nn,multiclass,selected_probe,iris_yellow_virus,0.34736842105263155,0.4631578947368421,0.39473684210526316,0.021052631578947368,0.0,0.41578947368421054,0.41578947368421054,0.37368421052631573,0.09473684210526315,0.06842105263157894,0.021052631578947368,0.1631578947368421,0.18421052631578946,0.02631578947368421,0.25263157894736843,0.23157894736842105
29,20261032,dinov2_cosine_1nn,multiclass,selected_probe,purple_blotch,1.0,1.0,1.0,0.0,0.0,1.0,1.0,1.0,0.0,0.0,0.3,0.0,0.3,0.0,1.0,0.7
29,20261032,dinov2_cosine_1nn,multiclass,selected_probe,stemphylium_colletotrichum_leaf_blight,0.52,0.52,0.5,0.0,0.0,0.5,0.5,0.5,0.08,0.1,0.0,0.18,0.18,-0.02,0.32,0.32
29,20261032,dinov2_cosine_1nn,multiclass,sentinel,all_classes,0.018260869565217393,0.08946224256292906,0.029462242562929057,0.04255148741418764,0.007608695652173913,0.0720137299771167,0.07962242562929062,-0.01308924485125858,0.03318077803203661,0.0645308924485126,0.005434782608695652,0.0977116704805492,0.10314645308924483,-0.03135011441647597,-0.025697940503432493,-0.023524027459954237
29,20261032,dinov2_cosine_1nn,multiclass,sentinel,healthy,0.013043478260869565,0.06521739130434782,0.06521739130434782,0.056521739130434775,0.030434782608695653,0.12173913043478261,0.15217391304347824,0.008695652173913044,0.06956521739130435,0.07391304347826086,0.021739130434782608,0.14347826086956522,0.16521739130434782,-0.004347826086956522,-0.021739130434782608,-0.013043478260869565
29,20261032,dinov2_cosine_1nn,multiclass,sentinel,iris_yellow_virus,0.0,0.1526315789473684,0.05263157894736842,0.07368421052631578,0.0,0.12631578947368421,0.12631578947368421,-0.021052631578947368,0.06315789473684211,0.08421052631578947,0.0,0.14736842105263157,0.14736842105263157,-0.021052631578947368,-0.021052631578947368,-0.021052631578947368
29,20261032,dinov2_cosine_1nn,multiclass,sentinel,purple_blotch,0.0,0.0,0.0,0.0,0.0,0.0,0.0,0.0,0.0,0.0,0.0,0.0,0.0,0.0,0.0,0.0
29,20261032,dinov2_cosine_1nn,multiclass,sentinel,stemphylium_colletotrichum_leaf_blight,0.06000000000000001,0.14,0.0,0.04,0.0,0.04,0.04,-0.04,0.0,0.1,0.0,0.1,0.1,-0.1,-0.06000000000000001,-0.06000000000000001
29,20261032,dinov2_cosine_1nn,multiclass,unselected_paired_probe,all_classes,-0.0002517162471395884,0.13864988558352404,0.034691075514874145,0.09232265446224255,0.0545766590389016,0.1270137299771167,0.1815903890160183,-0.05763157894736842,0.04281464530892448,0.10019450800915333,0.05263157894736842,0.1430091533180778,0.19564073226544623,-0.05737986270022884,-0.015995423340961098,-0.014050343249427926
29,20261032,dinov2_cosine_1nn,multiclass,unselected_paired_probe,healthy,0.034782608695652174,0.1956521739130435,0.06086956521739131,0.06086956521739131,0.013043478260869565,0.12173913043478261,0.13478260869565217,0.0,0.056521739130434775,0.09130434782608696,0.0,0.14782608695652172,0.14782608695652172,-0.034782608695652174,-0.02608695652173913,-0.013043478260869565
29,20261032,dinov2_cosine_1nn,multiclass,unselected_paired_probe,iris_yellow_virus,-0.015789473684210527,0.1789473684210526,0.05789473684210526,0.06842105263157894,0.005263157894736842,0.12631578947368421,0.13157894736842105,-0.010526315789473684,0.09473684210526315,0.0894736842105263,0.010526315789473684,0.18421052631578946,0.19473684210526315,0.005263157894736842,-0.05789473684210526,-0.06315789473684211
29,20261032,dinov2_cosine_1nn,multiclass,unselected_paired_probe,purple_blotch,0.0,0.0,0.0,0.0,0.2,0.0,0.2,0.0,0.0,0.0,0.2,0.0,0.2,0.0,0.0,0.0
29,20261032,dinov2_cosine_1nn,multiclass,unselected_paired_probe,stemphylium_colletotrichum_leaf_blight,-0.02,0.18,0.02,0.24,0.0,0.26,0.26,-0.22000000000000003,0.02,0.22000000000000003,0.0,0.24,0.24,-0.2,0.019999999999999997,0.019999999999999997
29,20261032,dinov2_logit,multiclass,all_paired_probe,all_classes,0.1390903890160183,0.16996567505720822,0.11967391304347826,0.007951945080091533,0.010675057208237988,0.1276258581235698,0.13830091533180777,0.11172196796338674,0.02402745995423341,0.051395881006864985,0.011893592677345537,0.0754233409610984,0.08731693363844394,-0.02736842105263158,0.052202517162471394,0.05098398169336384
29,20261032,dinov2_logit,multiclass,all_paired_probe,healthy,0.034782608695652174,0.09565217391304348,0.05869565217391304,0.02391304347826087,0.002173913043478261,0.08260869565217391,0.08478260869565217,0.034782608695652174,0.043478260869565216,0.043478260869565216,0.006521739130434782,0.08695652173913043,0.0934782608695652,0.0,-0.004347826086956523,-0.008695652173913045
29,20261032,dinov2_logit,multiclass,all_paired_probe,iris_yellow_virus,0.031578947368421054,0.08421052631578947,0.05,0.007894736842105263,0.010526315789473684,0.05789473684210526,0.06842105263157894,0.042105263157894736,0.05263157894736842,0.042105263157894736,0.021052631578947368,0.09473684210526315,0.11578947368421053,0.010526315789473684,-0.03684210526315789,-0.047368421052631574
29,20261032,dinov2_logit,multiclass,all_paired_probe,purple_blotch,0.3,0.3,0.25,0.0,0.0,0.25,0.25,0.25,0.0,0.05,0.0,0.05,0.05,-0.05,0.2,0.2
29,20261032,dinov2_logit,multiclass,all_paired_probe,stemphylium_colletotrichum_leaf_blight,0.19,0.2,0.12000000000000002,0.0,0.030000000000000006,0.12000000000000002,0.15,0.12000000000000002,0.0,0.07,0.02,0.07,0.09,-0.07,0.05,0.06
29,20261032,dinov2_logit,multiclass,selected_probe,all_classes,0.2618649885583524,0.2839473684210526,0.22167048054919908,0.0,0.002402745995423341,0.22167048054919908,0.22407322654462242,0.22167048054919908,0.02425629290617849,0.06445080091533181,0.005263157894736842,0.08870709382151029,0.09397025171624714,-0.04019450800915332,0.1329633867276888,0.13010297482837527
29,20261032,dinov2_logit,multiclass,selected_probe,healthy,0.06956521739130435,0.1,0.07826086956521738,0.0,0.004347826086956522,0.07826086956521738,0.08260869565217391,0.07826086956521738,0.03913043478260869,0.030434782608695653,0.0,0.06956521739130435,0.06956521739130435,0.008695652173913044,0.008695652173913044,0.013043478260869565
29,20261032,dinov2_logit,multiclass,selected_probe,iris_yellow_virus,0.05789473684210526,0.11578947368421053,0.06842105263157894,0.0,0.005263157894736842,0.06842105263157894,0.07368421052631578,0.06842105263157894,0.05789473684210526,0.047368421052631574,0.021052631578947368,0.10526315789473684,0.12631578947368421,0.010526315789473684,-0.03684210526315789,-0.05263157894736842
29,20261032,dinov2_logit,multiclass,selected_probe,purple_blotch,0.6,0.6,0.5,0.0,0.0,0.5,0.5,0.5,0.0,0.1,0.0,0.1,0.1,-0.1,0.4,0.4
29,20261032,dinov2_logit,multiclass,selected_probe,stemphylium_colletotrichum_leaf_blight,0.32,0.32,0.24000000000000005,0.0,0.0,0.24000000000000005,0.24000000000000005,0.24000000000000005,0.0,0.08,0.0,0.08,0.08,-0.08,0.16,0.16
29,20261032,dinov2_logit,multiclass,sentinel,all_classes,5.7208237986269836e-05,0.04895881006864988,0.017105263157894735,0.02988558352402746,0.009210526315789473,0.046990846681922195,0.05620137299771166,-0.012780320366132724,0.015560640732265447,0.02839816933638444,0.002631578947368421,0.043958810068649885,0.04659038901601831,-0.012837528604118992,0.0030320366132723098,0.00961098398169336
29,20261032,dinov2_logit,multiclass,sentinel,healthy,-0.02608695652173913,0.034782608695652174,0.0,0.05217391304347826,0.0,0.05217391304347826,0.05217391304347826,-0.05217391304347826,0.004347826086956522,0.030434782608695653,0.0,0.034782608695652174,0.034782608695652174,-0.02608695652173913,0.017391304347826087,0.017391304347826087
29,20261032,dinov2_logit,multiclass,sentinel,iris_yellow_virus,0.02631578947368421,0.12105263157894737,0.06842105263157894,0.047368421052631574,0.03684210526315789,0.11578947368421053,0.1526315789473684,0.021052631578947368,0.05789473684210526,0.06315789473684211,0.010526315789473684,0.12105263157894737,0.13157894736842105,-0.005263157894736842,-0.005263157894736842,0.021052631578947368
29,20261032,dinov2_logit,multiclass,sentinel,purple_blotch,0.0,0.0,0.0,0.0,0.0,0.0,0.0,0.0,0.0,0.0,0.0,0.0,0.0,0.0,0.0,0.0
29,20261032,dinov2_logit,multiclass,sentinel,stemphylium_colletotrichum_leaf_blight,0.0,0.04,0.0,0.02,0.0,0.02,0.02,-0.02,0.0,0.02,0.0,0.02,0.02,-0.02,0.0,0.0
29,20261032,dinov2_logit,multiclass,unselected_paired_probe,all_classes,0.01631578947368421,0.05598398169336384,0.017677345537757436,0.015903890160183065,0.018947368421052633,0.033581235697940505,0.05252860411899314,0.0017734553775743706,0.02379862700228833,0.03834096109839817,0.018524027459954233,0.0621395881006865,0.08066361556064074,-0.014542334096109841,-0.028558352402745995,-0.028135011441647595
29,20261032,dinov2_logit,multiclass,unselected_paired_probe,healthy,0.0,0.09130434782608696,0.03913043478260869,0.04782608695652174,0.0,0.08695652173913043,0.08695652173913043,-0.008695652173913044,0.04782608695652174,0.056521739130434775,0.013043478260869565,0.10434782608695652,0.11739130434782608,-0.008695652173913044,-0.017391304347826087,-0.030434782608695653
29,20261032,dinov2_logit,multiclass,unselected_paired_probe,iris_yellow_virus,0.005263157894736842,0.05263157894736842,0.031578947368421054,0.015789473684210527,0.015789473684210527,0.047368421052631574,0.06315789473684211,0.015789473684210527,0.047368421052631574,0.03684210526315789,0.021052631578947368,0.08421052631578947,0.10526315789473684,0.010526315789473684,-0.03684210526315789,-0.042105263157894736
29,20261032,dinov2_logit,multiclass,unselected_paired_probe,purple_blotch,0.0,0.0,0.0,0.0,0.0,0.0,0.0,0.0,0.0,0.0,0.0,0.0,0.0,0.0,0.0,0.0
29,20261032,dinov2_logit,multiclass,unselected_paired_probe,stemphylium_colletotrichum_leaf_blight,0.06000000000000001,0.08,0.0,0.0,0.06000000000000001,0.0,0.06000000000000001,0.0,0.0,0.06000000000000001,0.04,0.06000000000000001,0.1,-0.06000000000000001,-0.06000000000000001,-0.04
