raw_row,raw_content_id,parquet_sha256,local_sha256,label,original_filename,local_path
0,6effb138e9c6803b36e5fc3b6acc1b3b948c30b5c0c7f3e402c02ead9c3bbe9e,0826d21b2455e99a624cdc4e37843ce4a88ff0443df57216c2f343d183279936,f7a41cfa22346f7290276f6c2f0b5c9a98d3162319a96fe6dea8dc6fed8bf564,healthy,77.jpg,data/cold_raw_hf/healthy/row_0000.jpg
1,e66eba296e8506520d90e537c969cf29c153272514f2ea13b4b5731ed8c483bc,810aa1fa5216c02092e44b0f57d18c6ba169e957398c55b7d55f9ef85c66dfd1,431edb5a2cbcd2987b99fa518b27f76e02204e36832c30e8f15a28dbbc083d46,healthy,IMG_2617.jpg,data/cold_raw_hf/healthy/row_0001.jpg
2,9c80209884bbfd31d67236d8ed9723ceb457b1d9a84284d2ebe45914bb9d18b6,74895ab9402f9b0309d8082eb8dea5ca2cbefa2d2574407f0c58a71b89dac134,e699a93b6835f2507a311e49410ffd0ed1f458f3aec4ae93c04483c6314f0245,healthy,88.jpg,data/cold_raw_hf/healthy/row_0002.jpg
3,b13da31ee17f66a6c4469d065f272796a9cfe036a62ddd95dca3832ad74d2dae,7b5fd235cbea88478130f4ac10ce753553a6769386f3a2eb288f23a35eda82b1,166004dd0ce6e7d392900c2759f9e96e87ecd02bf807e57d0bdb6e866e159897,healthy,IMG_8851.jpg,data/cold_raw_hf/healthy/row_0003.jpg
4,0dc3290a738d13b7018d453cbf0708dcd7a8e8fae2639f2c91e557ff73671894,a8fbebbf6e5da77ecec434fe968bdfd352d890c2870bd22532ca25f69b1586e5,0bd12d14b81963af9f8c471ee7fa152f4ab1f2a3d29446d48d2c8234e54cdd99,healthy,IMG_7586.jpg,data/cold_raw_hf/healthy/row_0004.jpg
5,7c68f850b2618bfab819fab96bfb4cb400c0b77f676b1c8ac124b209ff3fddd1,0b03072041f6ef65ebf05df6f4f661f836199b27418555b9d07cf5b4a31a3a88,884caecad485cae57e5755f6a461f8a9ad189655ad1e6df3c6c4f84854fbaeed,healthy,IMG_4064.jpg,data/cold_raw_hf/healthy/row_0005.jpg
6,1571283d4afaea2330dd797eb8abdae588f1c173487ef84ccfb4dd6531deedeb,33455e06b5f500c5a9bf04fec18e91e9f4e73fe83c2e6f8e09a93b0479d4d053,d199423d468b5c5db453eecd7b486fc6f95da014766b4fed4f52379945752cc4,healthy,360.jpg,data/cold_raw_hf/healthy/row_0006.jpg
7,842ffcf6c4b970451910f6d586e7fcdc2afaec5fc7528b9035158bf06c78c319,cdd463b85a7f47e812d21985d3a9d0d5580967633b29695ce82d60a24bdfd645,7f7c76ebf7453ef3bc8c51e6759213f9e5fd04336b6bb76f2defb81b40fb1cf0,healthy,IMG_4058.jpg,data/cold_raw_hf/healthy/row_0007.jpg
8,ffb13c3be8dfbd06e23da26894073cea7116b9d35c80c8b2191f6221a01d4c43,03a6d7ce5c4032f58e7418dcfeac429b9d830aa94921e0cc5fe56ef244d4b07c,ebf32a708db05eb894fee8aad564370ac53b4bcbff55554f6ed761189885963f,healthy,IMG_0362.jpg,data/cold_raw_hf/healthy/row_0008.jpg
9,048694974413781752278a4581ccacebe815d47ebc98b0922c80dc43f714f66a,dc69bd0f12c78e648756b9d15c1663755038a44b13b567b76d8ee212d04a4783,9de176028160eabb905d73029ef516ee959bed6a82674c9a180a7a701a1b8850,healthy,IMG_8071.jpg,data/cold_raw_hf/healthy/row_0009.jpg
10,f646060f5ff9623b09a5b19c1a47dbf8469cb1b3380620311eed276d49f4b382,934ead8c7b27c5d2c7f85cd9547dfda786103120080b4a714bd1e6380f8937cf,3e1f2a3e3246420cadb32cd43c5631c6f77b1a9cbc1b3c0defc714ff2e69b1b1,healthy,IMG_8065.jpg,data/cold_raw_hf/healthy/row_0010.jpg
11,98b5fefb09f6c3931b8349e6000f566ba30af2bc8dc91a828cad0ce01e8e42e8,2bdec061fa4d13ec8d41b4b46b66af607847d340edfba898813867c930ec3d69,81025ea135624761bd6cea29339db4baf88ffff59eee3d7d13ce38cf70166141,healthy,IMG_0363.jpg,data/cold_raw_hf/healthy/row_0011.jpg
12,625f0cbfb51605fb2cc310fb6460e2e3d4e4d4985fa04c610c6d8e0d24c70e2c,470da7fde09252d5d9591a5b2568a33b8b8e41502964619aa708bf3d2e02929c,34e8abd037c50ec7d1f025a461622827a6a6c6ce4e9c250e1185827ac870e031,healthy,229.jpg,data/cold_raw_hf/healthy/row_0012.jpg
13,5ff11491d193cb0d08dfd68809b5c6dd0b0097b6e2f74a3a5ff99b22f64f670d,c19c56c1992f2e0ea20ae728500621349b4056ce86a2b012cafdfa51c3f747cf,4bd49f28d8ce853519b987445e38d9d68abdc90a5ffe1e7d99ac1efe6a069298,healthy,IMG_9347.jpg,data/cold_raw_hf/healthy/row_0013.jpg
14,129bd634394cfc20bf431f888ba3865e3dd8f5b0a8c20f1401a2accf65c58d35,04abd5326841e490d101531ecaef371d4821cbe260bc038487abb7673d11bc31,a38d2b85db8825270e8a3f12a2146473b5d33ccc64f36a1d85e16d37a3619f85,healthy,IMG_7544.jpg,data/cold_raw_hf/healthy/row_0014.jpg
15,23601526dd7a545860a02887e1ca88c5683c960cc114ab1004d3de27d7c519dc,93f2bf5b599afe51e9e82c87014dde725a9470b4ecaf747a70751fba622db10a,ae7ce22ced3e3925829313b5fb47b28ab6e369188ef98a91c9216587a2c02473,healthy,IMG_4065.jpg,data/cold_raw_hf/healthy/row_0015.jpg
16,a4d38fe5664724f68bde522c355125f2097f72f855a972c2c124f83453efe1eb,368b73d7e6b704a151a4b846ca42acf33ab19aeecb2f7f9a36b11b49f2f9aa64,cc18dada0c245a7f0c7b30faf11e961793edc797d6823291770efac3a2b22da0,healthy,IMG_9826_1.jpg,data/cold_raw_hf/healthy/row_0016.jpg
17,3c60d9eab1110d81fc308c9b59f4c53cd3d38ef26fc2012525903e3910877eb1,5a2176f97e4314a5b7b34de477646f096d435b4572f21995b0d98689b00b3f41,d5c80b772d3647f40ed2b1e3d1a05d2505626ef5397a32ed66e699f54aaa6d46,healthy,IMG_7587.jpg,data/cold_raw_hf/healthy/row_0017.jpg
18,d20e91d67ecf21ae3835ecf9062fea1e13229614642dd5ecef67d5f039acc92f,ea0ebf1c5006e035d6e94e4f0e0e513ffe5871d24295d67eb1d83cb2fbb8c433,96d5575463047ada795d69212350f8a5249bce8e3ca8b1675fd0c9316923a6ad,healthy,76.jpg,data/cold_raw_hf/healthy/row_0018.jpg
19,ca6ff6e8d491bde0449e13ee0903bd24a3ca23bc919cf583a693f5a2f520f2b3,008f344bb5bd2de41c4dff32429ead6b3fc51603878ad87f38111137cac55c28,7ea9121d2f420e612696321c809b8d19115ac3ef725eed12bc6e1eecfb360a3d,healthy,62.jpg,data/cold_raw_hf/healthy/row_0019.jpg
20,50b22e7da21c806c0e60a5a7602ecc93ec76f18f0b0fbf90af59e9bcc0def0e9,9d42bdb9dbfab437d7391fc44287d846d48337ddce822358c7a846823bfbc312,826d4d6264d73471e0d55c995f3c78dc35cec30cf1449402841448012d98e08c,healthy,74.jpg,data/cold_raw_hf/healthy/row_0020.jpg
21,ac882c7c17a1be81579f9ea6a4dd415d824ce70ecb1b99ac99e08726e36d2fd8,e9fd9571ddfe300579193e81d54230e784acc108adab41ef04a3285d9005befb,ca8e48dc82ba0513d5529ccb05246418e5489e00ace377bb48771c048e9812fe,healthy,60.jpg,data/cold_raw_hf/healthy/row_0021.jpg
22,17674d84b87de5752dd60d88ba71841b1dae36b4e1a11fd8d81c6b7af0c6b58f,eae2e2d55c4f546979448b98777cb13ddb6c6b5e3676f81c9a8407c850a796e6,89e52e7126e60f10f9d204d7efa9ae4c394642face5f670417af2c42717dd852,healthy,48.jpg,data/cold_raw_hf/healthy/row_0022.jpg
23,f53ae567c1df433466def81ff88cb0cd670233a31f4e08d124a5ea268212401d,c4945f350686e53b4e4b9c59adb5bfb839dad3c028cffa8a2b07fdcb9d18fdda,c8cb0e49da3aaf6a0e9e74ff75bffac88dea1dbafd83721048d5e47139805aaf,healthy,IMG_9483_8.jpg,data/cold_raw_hf/healthy/row_0023.jpg
24,2dcd8b1cc22d74aaf4887df62856ab2287d36ae9f27919a90e29eaded64a6680,8f34697ecbcf6067e8d804d76d4f02d9ecc2cd31cd0f91f1ac1a0325014d05df,7a0b91f49147bfe4fbc6de4f8db8db99812c080846714b7e917fa279d369674e,healthy,IMG_9392.jpg,data/cold_raw_hf/healthy/row_0024.jpg
25,7bb2b8379d34d26c407eb700b49b8cd54c8e3563d936cbae06d925ebcfea9041,f8ef3a7faffa546f80b032039f88db6535b754e9365410e07f3ae31c6dfab12d,a338a332692178335a757e7e7fedf76ddf9b140139632c50cb23f6072ad0320c,healthy,IMG_0349.jpg,data/cold_raw_hf/healthy/row_0025.jpg
26,c124113c3dff3bb7315917dc6ea625af5f568688ebb3e9ce3c78883cbebcd289,20205832979113d054caf6a3a4955063c0900c6bb5a6abcde7de9f943e7c2cd4,03885b28fc0fa41c37dcb6667a1c346109c4d8aea2608c0554fac962557208ee,healthy,216.jpg,data/cold_raw_hf/healthy/row_0026.jpg
27,787b988049b258e334f409ef2874c0d49451275959eacde0c16d5ce9ebd7150b,88df06dca281528749c0e339f08074dd05d48af206574373680154104787b35e,8e67fc47e6623b7267a235e36e32d7316b92e58956731fbbd6aadea6938b83aa,healthy,IMG_0348.jpg,data/cold_raw_hf/healthy/row_0027.jpg
28,dbeaa83c212cf0d980a434edb0f73819c1a097764930b1f1ccb2a7a5600610b9,c0a8a43c7294d44f4bc8faaea5fa8f9c6a5ae85e8b3341b4ed0820a4a42c1903,d71cfdd9b8e1aaf2fe9af2c1d92a525f080559bd2b2a47208d0a093f98de9125,healthy,202.jpg,data/cold_raw_hf/healthy/row_0028.jpg
29,fe35e5f44ad6e672239bd1c6398d7c6d3513f1967e134a325cd99e361987b66b,e11b5a67b2d1eb1917dc10a1c19afbeaba72e0653f37139a60e15862f5724be8,3d8af442cbdd2c586d8f396412976d9893cbc1ed711b55e3bdb62516c4bdeaab,healthy,IMG_0360.jpg,data/cold_raw_hf/healthy/row_0029.jpg
30,2f66642c11e0d63be2a0b78ba772e84a5382be5abc3896bd9903b2382d8cc2a7,20c20a3b88a3312068442631f95e41434d355bfc400ea5922fae769c54b6982e,3052b243272332ecbfc34f5cfb8385720659bfcd3fb5260e4703088de4037c52,healthy,IMG_9350.jpg,data/cold_raw_hf/healthy/row_0030.jpg
31,10009fe98073bf36bb07dcc8aa202cdf1b8215a8cd85f46606886223337774c1,033f371b0655a6d59629e1a7501fcbe87d6eb84242f1ccd77e2225749b409288,1a7ad6dcc8633907ee09bba9ff5dc332d6b586dc061027bc67f34fa9081bdee6,healthy,IMG_9393.jpg,data/cold_raw_hf/healthy/row_0031.jpg
32,709a96d3e2cb0195a4615b1fd8440352695db3b8a80eb31c3123b90476a5a555,52b95a3bac7227a0472f1c3634ce7c8aee0c10294eb29621aeb334e2d8b30c79,f8083e5e26c42ae5b651ea2eb13bac7737cc278c337f4d25628ce10d8f9baeee,healthy,362.jpg,data/cold_raw_hf/healthy/row_0032.jpg
33,345e2bb5575bb21f5e512662d2b9bdcd4f5889a34ce5a725677bde57298c51cf,ea1f1dbcedf09343adae2bd8d96eda1c21bb4a5875efa59f017de919ab65951a,f3947f069d2809e3168947498e8706ccc8c4b32597da31ceffe7333c5c09abf8,healthy,160.jpg,data/cold_raw_hf/healthy/row_0033.jpg
34,82adba5bc87498aec0f07bb8d2ac2be56aae4f8d70d7b23e6e8c84b22b75e5a0,1ecfa1d4055c2e53bced5450a5e080780b7c9f0c3431c62d715af11e5d072f95,095901636c23eed976314de5d7385dbdd05087d763277a57bf2919585e6896b5,healthy,49.jpg,data/cold_raw_hf/healthy/row_0034.jpg
35,87e1cb860c16b581065075b826b3341a5058fb61845d160e143cd3e962944cdf,e8c7dad8a6be6c283397095d290702a00aa65f6ea1f2cdcfce106e599041e579,91aeebffa575c62f26d96f2249df271f30dd7e3a2a6adf1a6d261b52380da252,healthy,61.jpg,data/cold_raw_hf/healthy/row_0035.jpg
36,4be0b0ddbb168b0c2c52b4f9283b9ba0a3b2b094c3715bde1c51bcaf5ad96d03,07cf9166c79f31a8755cc9c646870a9430ed9563d71d09915413221683652367,79eeb3b3c466e4e95a8995a2ce028a6d9dd3b5875b669dfee842a1a1bf64f5b9,healthy,75.jpg,data/cold_raw_hf/healthy/row_0036.jpg
37,af29da7e171903463fa88b5ca626d9bfe6a9c969a0f25d0d5d7679607bf312ad,d208cae0c6c5cb35ddc9f65938cdf6cf9c2e937687dc3e0dcbbf404c9d6e2548,13571cf30dc556df8eb4c90387377af761c02d99e32e73dea86a06df1c2b7e92,healthy,59.jpg,data/cold_raw_hf/healthy/row_0037.jpg
38,a5b684954e9a60bed29c9ca103439502b131fa3c7c27b9850a9b911ebd3f9a27,a1a6672e26d75c8bd8ba66e9c8bdacb92d39c1216400fd01add68558727e23e2,669f9eb03936a0dfb879a03922913c2b29f08ebcea293dd60b21b7f4535f9c74,healthy,71.jpg,data/cold_raw_hf/healthy/row_0038.jpg
39,374ac697c3e5c7db19730654fc3e31a1f0d0bf42c128c9cae3efa972f660db0b,613d23aab7110e4f4ef8fbfd31a74be9ecbe3556b3bba5a9b1fde0b12073f389,f5b030cd8fce5c971e04ec6ba729051de8149308a4c62abc234483564447fef0,healthy,65.jpg,data/cold_raw_hf/healthy/row_0039.jpg
40,967c2624e84f41fbd7d2e5fea59276ce47c19a9e96c4c2144bd936c626ade71a,0f202118ac5bad243a5fbf53b735c9dacc4f43ddaf5ec85cca6faf08b1a335af,f12952fa26354a5b6d99de2f96ad568c450c11f8368471c7bc68cad50b8b0b27,healthy,IMG_4079_5.jpg,data/cold_raw_hf/healthy/row_0040.jpg
41,8d4452b7cc80f304817ae42ae0a7861a95d981491dc27c148b9dc3adeb214801,dd4eee923e6a9862bcf5410007059fbc66511789211e021e1daccf4c474176b6,24253bbc3db3723dd1c0fe62a0a0c1f345a0c86f06ee4415c058f1e391458875,healthy,170.jpg,data/cold_raw_hf/healthy/row_0041.jpg
42,9cdac0fde2141d7cd153849f9bf1a5f25e540ebacbf5c74b2590770e1ce15d19,6a9f0e4b28b826bb5b00bdcc71ef218ac5cbe3ee271bc99d346d52ca59df6a60,4ab0bd1d193a4ae92a1ea15972de4065a879b2ecd2f8ea8dd04a045024e93894,healthy,IMG_2621_8.jpg,data/cold_raw_hf/healthy/row_0042.jpg
43,c1dabc841ab3497a5721a66b77177925576182561163616f1b43a0dc6d69dfcc,446469b32dd2a29d8e3f24a4dce9c34c9cb7c5f5e5a01326cfb15607a705b840,c6a1a49843cfd8146dc22ace2fa8a5bf533df7e7f4cae54536f1c5c55cd5ab7d,healthy,IMG_4076.jpg,data/cold_raw_hf/healthy/row_0043.jpg
44,7f31f3d89deab1f3e15dcd9c3dd13f53a5319416196a3d2002dfe4b88b0b6df6,56ac17d2e768732fb7fa7d199a1f28e177e908d22d18daae8758bfd969a45560,069a0164fbdbc0e080448297d54c204fd66628cbca13fb7a5b9de702831cfc57,healthy,IMG_8089.jpg,data/cold_raw_hf/healthy/row_0044.jpg
45,5ab450f6ad78ec0127a19146f6c75dfd0c825c8c54ba8fa4e1a561a4019090d2,1164828c081943a5b9ccdfa220391beb4d8ae8d0363e54bb59c9e0245bce9106,a698ec6c42aa49f533ec0b46bfdfd3393bfb420a9dee6042ffddf90ba4085f56,healthy,IMG_9383.jpg,data/cold_raw_hf/healthy/row_0045.jpg
46,88ec570a10d00ca99541e18fbdee9643672c78332743d5ff7328f39d04d7d5c5,45596484569f44f39e22f2d243c0f63cee16c16088c8be20a2d851004aa1c391,8968d6913a2f388d0afa4b023df51aa7ee30610d61c9ccdd140c63cdfc5a34b0,healthy,206.jpg,data/cold_raw_hf/healthy/row_0046.jpg
47,ac01b34ec99de8d5fd9ecf42c69825740565859dd2c46ee26cdb3dc39606d744,29d945feb0ee7c4c55da62bee835e4afe4efa731b2f1296b440fc7f24772a393,7be7fa22124154f6fd6633925e8fdd616831829ef5dc347591a259425ceeee50,healthy,IMG_8062.jpg,data/cold_raw_hf/healthy/row_0047.jpg
48,8aa6f501b0b107ae2755c6042541791a1187125e0389a358e0bbe2064d996e85,c60162e91e6fa480e00bd892617df6c60b6a3b0641a0e981213be64ee00dce85,6d2a4fa665d34b6b28eef37162f045ab1aeee0c7d82d907c9e11868a1d65f3da,healthy,IMG_2017.jpg,data/cold_raw_hf/healthy/row_0048.jpg
49,174d8df71b131b0c48493f83e1138fea941834c03e2817b07bbce084b29c3800,d808aa89a1634d98e1fe895cd31b01cf12b811dfc7fb87fcd45b5a531a4e49ff,4420a8ef3315504f0711d20fbf24af007a36a45fbceb77e2249bb0992c3d4d3b,healthy,IMG_2016.jpg,data/cold_raw_hf/healthy/row_0049.jpg
50,0c8bb53e73f4b8bfa2cc6e0c874e7941be29e9a6e2094bfb49a415f953305651,12f1b22c083bfc84066803b95cf53df10cf6d1532bbe01e253c895fb4213fcdb,4f6605b9756ddfafbcbe5f799c9e366088d4f246bac66dd1ef7c04d2c35ea92a,healthy,IMG_8077.jpg,data/cold_raw_hf/healthy/row_0050.jpg
51,8b007e293eb909ccffcdabe3104eec824d04db687d264efa119bd1ba804a2ce2,844d7e0fc1030f41cc5de9b037ee2571ab33892c78f0474181fb90ec53d6c11f,afef5542415ca9aaaed7ab28179c00089b67f4adabe2700be2889e5289029d6e,healthy,207.jpg,data/cold_raw_hf/healthy/row_0051.jpg
52,58c71749ed2038d66c7f68889df611c405dd0a5f445773830635d43ef0aefbbd,96a011d1d25946d3de93ebd9993488a46b8be176fc59f278cebe31c3868a2c99,cb48b05296ebb8d7845fe1660e55ccd634dc6529d0899d3b0486e88ee2f002fd,healthy,IMG_9382.jpg,data/cold_raw_hf/healthy/row_0052.jpg
53,a1e4c07910f4acba33f166b322a1e37513b837a74757fdc2b8f5ccb9ac673b9f,cb19f68bc8b70fdf8eebcb80edd47b9ae46d161600eff655f9cc56708c4b6c8b,4e6eb5f3e5b6dab1edde66a7f7eda2e00ea71909d59b270b1994072934e9b47f,healthy,IMG_8088.jpg,data/cold_raw_hf/healthy/row_0053.jpg
54,4089decef636eeedeef61062156cf91089c73c4be2cb8118eeae5b0fc9993fdd,4bef4306ca41097f89258f6cd67f035cf2af24a435ab8b0976de765664e18897,1bcb75bffa874a6bb6126ab111583233d3a6afc124a69a65cbb0b66c36b3827d,healthy,IMG_4063.jpg,data/cold_raw_hf/healthy/row_0054.jpg
55,b002854a5fa3103264b6013144c1caeb3c20e3f7c06c4de69f77d50893b99723,b77ca78078140a9b7463ae7b224b14d1c3eb82e8c7c24e63aa1b3da41c061700,2861127fea6f4adb3597dff94a0f5dbe283bf81e9ab9c93bfd9170c8d9040d40,healthy,IMG_7542.jpg,data/cold_raw_hf/healthy/row_0055.jpg
56,bcdf7a205104620001c735a9ec2f32e02698079f1fb922f5b1060969a4bdec7a,01d178a7191916c83378a1d1ae6d7f05357b9f9e09cb92d85c8050b59dc7d60d,0f801d3c3b500afd8730427b310cfc9229a150fad240a58af3a099a0cfa7de28,healthy,IMG_7556.jpg,data/cold_raw_hf/healthy/row_0056.jpg
57,3f19f955e274ffe53e5b4888ca40c05e6c880d3f6ccaa62c75ac1dff9d7d92ec,0745de203c3e5bfa36c7d8e103949cf151e2aa66b3728930b64fc822f66f5924,d5856124e9e6b416c49a24a9b45629d7353ccaa9f5e94ed18066cb154508e39a,healthy,171.jpg,data/cold_raw_hf/healthy/row_0057.jpg
58,83c034035c90a0a0159b5f0fc8c78f7689926cb68b6d24b66fad0add36535adf,cad43cf2a2ac8467458bc729ae5bd4950eb9e74f8cbad0f868e9667db8feb33e,d5b0de53a0f443c3ec21d586c720814c6aa2e5ec022f3cbe19d68bef68d9e71c,healthy,IMG_7973.jpg,data/cold_raw_hf/healthy/row_0058.jpg
59,8fcfd196a936581a70789e914337f221a01cf10f296a732d21c56779a671465d,71f411b662cc91ce9f3db1c38e5a9d35cceec67d79c6e4dfc9520d76076fde51,6ae19ab9eba3f016fd33cbab9261553d3609ee406654d8435faf0afefffffa0f,healthy,70.jpg,data/cold_raw_hf/healthy/row_0059.jpg
60,ce3be8dd04fba40ad0e432cdcda1debd5e7f72f409a8bb48ae5894f29f7bac0f,eb93143039e474031a356b4943791b2ebd84d069ed60bb4052ddc8b14b00b019,da5d247461ee39320917b5309a9fbe6eb4a707798ba062ec52929b845960c91b,healthy,58.jpg,data/cold_raw_hf/healthy/row_0060.jpg
61,020831cb8c97e39cda6613153ae7019a16c836041efe2db84d213b6deedc6156,5c6247cbaf11016744a2e084d0cd85f395c8e15adaa584260af16a6f110b4aca,703ad2bf6fae06f47d1f2b60843a0733a65dbef1c82d2bd4a6fe962eb74cb16d,healthy,8.jpg,data/cold_raw_hf/healthy/row_0061.jpg
62,a6590c6abe1601503d3823704e07821146c6fb25374c5c782282e78d1ec791e3,70df5a30741f7e7286fae9515c0ec46ba987bc287b80a2d9e8b1d81b64ebdeb6,e0d7b66b2fdf54f102e2dc0f2f824ed3ca4dcd289322ce74baeee79b1c62140f,healthy,66.jpg,data/cold_raw_hf/healthy/row_0062.jpg
63,b377d01ae87c6172a594db4418f41b76d4e595bd5a6e4378ceed06e9e788b158,0cc6839b1315e6fbd98bd82aab39e742bc793e8ea7d6e26954fb097968852609,f7dd7ab20d0acfbb7810e830735124dc1df510e32590081ca97e28328150cd50,healthy,72.jpg,data/cold_raw_hf/healthy/row_0063.jpg
64,dadbc274ff6aac76d1a7f6f28fab1243dd72e3557d3ca0074b5087e98f063240,9b640b0112bf859639f26ac519914499bac8d09330349af6b30dd2efc1c83bc5,c3d973683c918f79676bc05056dc895a6e6d855e08e56c44e7a5ad762e177fbf,healthy,IMG_7554.jpg,data/cold_raw_hf/healthy/row_0064.jpg
65,d0077075bcbfe7c38c4b14905e50ecc7367ae4aa3165afa1234cb8210dd61260,37fb43e52a884c96c82a137b2d25d083388a3e3c8fb866ff06c6253a3a3a1959,3a38fc77774cdd361a8b01eab4debcdda8ee5376cba126a5d70a2f4498d2018e,healthy,359.jpg,data/cold_raw_hf/healthy/row_0065.jpg
66,ace06d4652c6ec6a79f773163f87f7901e5f86428b48373cd8d29eff7cc0fe6a,eeb21f5e30b9f494049e897fef9126f67ae0e1263e35eeea07e0be5423356ad2,69e75bcd1e0e7ab110d9f7a511ad9cb60cc842303dde0ebc06f8279feb7cf982,healthy,IMG_7568.jpg,data/cold_raw_hf/healthy/row_0066.jpg
67,3549e3dd965433325c15373dceceaa5c92cd4b9a7d9852d7341f6be886343dab,cfd8742b3d70a7637c50cb134a5200d228bdeb0375f0b257019597db1a7f1162,2be752c9c388c649aa7c8f987b4eb011d9eed33436c46f654f8ced632e585cb1,healthy,IMG_9394.jpg,data/cold_raw_hf/healthy/row_0067.jpg
68,9c0ea7cb7d6720f0d184fed8bd999691d47a42eb33fac22003baa380eeafb7a8,08a3d94f9fbc94e4fd8e5f670dd328b64076c2450edd40d39b3d9821420123ab,70d8232389a16e19565fbe84c2297933e85d031d7edacd845a82426ff6f86d7d,healthy,211.jpg,data/cold_raw_hf/healthy/row_0068.jpg
69,fc240651413d63815b4422a61792a9a662c88c02ae368e30243c75086d268609,49c44b7c3a60a0bef2c9580e234af8d21ce1ca3bc7977e8622831ac5d35a572b,0a5f22d20ede5ed3eceedd5dff394d237ebba42834b467e9da2130c19b41d8e4,healthy,IMG_8075.jpg,data/cold_raw_hf/healthy/row_0069.jpg
70,ff8b853441ac53fc95372efadee040511359c076c4fc126a9436d6b2ba0f19cd,6227afb496d0fc07a852c47d22963ae8249b6d134841dba2bd2a7ec808490852,21f435172870a0460a0c98ef4ffc02e9147c1bd59309b1ea83567660f5d373b3,healthy,239.jpg,data/cold_raw_hf/healthy/row_0070.jpg
71,2ad570fd3128eda10900cc1968f9024c3cce8270aa7ad804ad832b883dda8adc,0399017685111625a2e8958a57896bdab3abd66692b96a958d6a41228b8d716a,6ec93fe42b0ef27316be511fd8327e03995dae912b0704a9a3a3e9f00babc1e7,healthy,IMG_9357.jpg,data/cold_raw_hf/healthy/row_0071.jpg
72,d1b53a29338b1db87c2a0a97c90c7fc622ad547160364a05f47d9c5d7c259f7e,b786f9b87a761ac3ba1c2d3d1536a96df94155d8f513b12bf371c1bf9bf22058,e2f47fc10cbda0c2a5a3733aef15479952c284e9221fc1df54c52a425d590168,healthy,IMG_8049.jpg,data/cold_raw_hf/healthy/row_0072.jpg
73,90d23db1f28bb6cf28cb9beccdac15763653d08b21e3af5ce17907ad752485a1,49fe0c07e5b8a4e4fcec1830c103a8a94c684baeeeb579f7cbbd44770a147e89,0bbbb3a46ee39ac1dffc6375a50db159825e4cef2051939bcdb83f84f6bf0389,healthy,IMG_9828.jpg,data/cold_raw_hf/healthy/row_0073.jpg
74,b938ba9db86f8aea27461b5f70f28f195de0da1180e92c06f17590460172aa82,a07a29936b4b60ccdb76dd8d800dc6f2c3043406213a0af99844524a8bb22a2b,de147889b199e14c5d10b17260006c2998161107d7bc750d7c8f8899f3403654,healthy,IMG_2028.jpg,data/cold_raw_hf/healthy/row_0074.jpg
75,ead14ce46905dfd6ce38c6641ef88516bdf3d0ec0fe4da1bcc2545326109e2bd,3c5af9b429a63252961d0b93d44bacd6c1666e6e2c4a7b350cca045bc3ba2807,24d7c555cade128b5c7eb0d41e7ab1804e68074fd91cb2c364d65dac18c8b55c,healthy,IMG_4044_7.jpg,data/cold_raw_hf/healthy/row_0075.jpg
76,e4eba2800f9bf42734bb682a1fbf24c7e50aaf01a6fa31c70f70141d67db0942,27454d71292ee5868388abe7ee5ae55490721d84ceb910aa600f6f04a908acf7,98902782e1804c06fc440cd9f690c343786310a5c1bb4d2185f6ece3c19dd74c,healthy,IMG_2015.jpg,data/cold_raw_hf/healthy/row_0076.jpg
77,0dea3ee29f1e16e687613a005c8957971c4d0bf14913a622fcd01a1b7add3d6c,529aa71e0bc9c8c817785ff8a3248b557dea14affca7db7b3f81589cac844b4a,24385607713566c0410319269783b5da66586e65a22cb245c45221d5fc9a462d,healthy,IMG_2029.jpg,data/cold_raw_hf/healthy/row_0077.jpg
78,a1ad9b7f71e3902465269e07a8a19371ed7928e44ee369784be9b592c797b7d6,74385161af726952ac804b0cd18dd8b010ad7000a656d0fd06e9b996359c1f63,34a3d2239acbe9c5848ffa0c0779c84777d512f727e033d7a0017d7e86924cc7,healthy,IMG_9430.jpg,data/cold_raw_hf/healthy/row_0078.jpg
79,9d33175a0084092dae22a462e96a09985e14c6e4a7694f61948ce69e560fa487,d840fab5bf33bb6ce4e4867929c766f4df7061bec155358b4359b61ab72e92d2,38a8d7415bcd6d71abe107221a6d699a492af2d7c981373528bb9f989973e19f,healthy,238.jpg,data/cold_raw_hf/healthy/row_0079.jpg
80,0b6d53d68e888961372cbdb3fc046f6ff747be353b0040f1b2778380dd1ad045,c7f187ee9cea9b10f9f3db52c4c2e7d4bb67eaf947e6c02bc6a55406bb899a77,280207d7dc7021faec8f93a30a44460bb5a8670c978149939390616638813523,healthy,IMG_8048.jpg,data/cold_raw_hf/healthy/row_0080.jpg
81,d10ff09364e328070fb37ffc9d545f60bbd47cf51b239819aa867f80ab2e25a1,c437c5631cfb11e0ba5c2908661a0998ca5161b57a1827d353b96ad499188d8b,69eef55d07602eb9f6e1018ac9116c035fc4df4ce247d70dffefc9ea607153f2,healthy,IMG_8074.jpg,data/cold_raw_hf/healthy/row_0081.jpg
82,e842d7a01c3bf6c398297a4c708e675daee1cbcbbf6e69429e8540d2e2e3a294,abbc05513d66480c19cc931980f540b878c975c2db8ed6957295668c38857d61,83a99449d545966072f1e78bace6ab0d03b528a100e2a00b8561587068a42efe,healthy,210.jpg,data/cold_raw_hf/healthy/row_0082.jpg
83,621579f52ac01101a007b208977c7ab02c99fd6e31933ea95a38b6ad4ce5c89a,d05df00bbdd6ffa0384422a844bb6f617bd4c64def540320ec65080ea6a50d3b,cb33259dac7a6ffaaefe63005940a5514acbd3f5ca7e3429536277d577b3ae9b,healthy,IMG_9381.jpg,data/cold_raw_hf/healthy/row_0083.jpg
84,fc10eaca86bb53e798063076007872997b4d7de10923b300628c1e646e4c6733,f7ad69756c7ca42bec794327ed52841bcb59632ba623b9ce69419f7ad78e573e,3c33cc19b38197fd08c0eeba0e5efa1ce7e00230d06e0d4e9c727ed96e5ea441,healthy,IMG_8833_8.jpg,data/cold_raw_hf/healthy/row_0084.jpg
85,5ce6efea5d21b5c381f8b48949f81b8795af83d0610c1357338e565df0ae5862,9a887a797726a6ac60c3d7c310d1af9c0fa3446e32c9d03b56df33084e7df703,be8a05610c6a0402c7c1efcfc9efc31fe26e0ee9f30b66c132b1a6ce601e03c0,healthy,IMG_8855.jpg,data/cold_raw_hf/healthy/row_0085.jpg
86,7306c9ef871e491d548d254c2385918c905f00aaeee1bad34a6473f0458e684d,78c4ae81e25ad1f648b7389fe8625196e1f0f041b3284dcc6044875cb1c089d2,0849c58a63ba389646806e2d58e3f0ec4d353fc43bc241387b1e6ae62c7f018a,healthy,IMG_7582.jpg,data/cold_raw_hf/healthy/row_0086.jpg
87,9be2132f297c388d12ff2c958fbc7a7626f2afc225c6060d47b69ee94b0c28e1,26319dd6d3dc186f6e5153043ebb99da5da1d9c637a12c18e7c516a28e3a7924,d3140748a6a96baec199dce6502c65c39f4dcc82db60432504184d8a6f98a4ba,healthy,166.jpg,data/cold_raw_hf/healthy/row_0087.jpg
88,5cb2e4eb17a1cb4c8053475f16ec22ae35b06e010aaae2849732458989061375,3f9726fdeead617d379bb41660746dccc05fc40abbb77a4ad9c623b2984b8a3f,6374a57b6c852d5256a953b075380d46e2637c0a0c3df6830bd68d4333e20bf2,healthy,98.jpg,data/cold_raw_hf/healthy/row_0088.jpg
89,03548116b58c468354bc65cd32a669f3dc4f6bed9f4962ac836486254a7e4639,76b685ab1a31c966ccd955a21779b548c3d61905392d89687876a286f7333d1c,48f93f242065b0d999733c25f0050017797279f48f9224be604b2f8fea0935e3,healthy,73.jpg,data/cold_raw_hf/healthy/row_0089.jpg
90,c878e145ff0f43a7495bb68eb0ba3f09696c5d91746d7fe0bf761b65437a509e,0cd00d9f64ed3295c3c76be288312b5ad0dd808db416ace0d2d791644e447a05,4943a8197c0179c4f56ce2802db3d57734d43906afe91f1e99b03fdb5849e3c6,healthy,67.jpg,data/cold_raw_hf/healthy/row_0090.jpg
91,06085ada3dc8691afd7e8e3ed65578245ac74df42d2adca402dee634f3646d7d,81578097486293953f60f3537738669d4f0c3ff8a105d18b93c73b24d8140af0,fbff221bfd22dd6102ea1681b8be14c051fb395d51638c79cdee0bb0b0b40c97,healthy,9.jpg,data/cold_raw_hf/healthy/row_0091.jpg
92,ac30dd6a7dd60045c1a81005b3911ef0844102b4d8ab03d124c0bb3b129ba641,ab4ae35d344a74ae5d8231ab87c84536f15c16456ea94d53d7458fab4c993e63,6809beee170698b25bfab2353cb06da54c7aeaa0bb9f96411a010fc419cc7a47,healthy,14.jpg,data/cold_raw_hf/healthy/row_0092.jpg
93,d5cad2872615a36f9594833c56efb42258cf95ccabe7259010da4b5f282131fa,561f400cc31f9a3502f7ee0515f96b6dbb347faa5ef51824da680ed3f5cb94a9,88bee9be5ad7887afe85a46f88503caa71f96b2cc62684d87a9f96702f3dfe33,healthy,IMG_2674.jpg,data/cold_raw_hf/healthy/row_0093.jpg
94,74820ba9b4dc1d9e6e78c72692d2b140b480d39470d41b9a3ec73821446b448e,d30c20f12dae20aa3c00b2f7a9338b57e9cbbf95ae86e0807790fb1dac3a67a4,45eb475d26362f598e14f4c24fff35a7b337848f303c02d914d10392b3d87f74,healthy,101.jpg,data/cold_raw_hf/healthy/row_0094.jpg
95,ff69e15eb5af3c8b595edbc42e33889c1ad8db686197cf8dfc2b5dca9c7b056f,04d0c498a9e625df09a5c7f6fb8f319b1d551d3b5e392f35497b45bf33c1b02b,1affa8b939a22582291ab45274ffee330eb88d87c3a769d94a3a5caead0456a9,healthy,IMG_0271_6.jpg,data/cold_raw_hf/healthy/row_0095.jpg
96,454b6e44f5481ee65bea7f417f1a9856081860c6e78d0663d25ccdd545d9546c,fff9b2bc00c5ff3a68c3110dc8b79c61cba77195b96f13090623bc273b4d73d1,ece4742b5398fb54d081a5830208274813739edc002c37b13eb5a1140c2e8900,healthy,IMG_0261.jpg,data/cold_raw_hf/healthy/row_0096.jpg
97,adffffb3259f5982124c799eb7a06b0fc1b61a462288bafdbfcebd1a18526bc2,f45ecd79187819a9391051cce09ca48de6f58e24c9970b0a71aa38d802552152,3892a6f13384e0b93f41faa721cbc4e9325a60d11df706f4ce699f40d4a99d3f,healthy,IMG_0273_4.jpg,data/cold_raw_hf/healthy/row_0097.jpg
98,6d6517c8f1ead4767093f34a081bc4a528809890ce410f1f3179c89879085133,2cfcae00841e86e614a090fca689ccf6521748bb546dacdf7dc18ba05b177c3b,d2ca96297c75cb914b515f5a686f965698c3fccdc3ade76323e06d3a821fb3fe,healthy,303.jpg,data/cold_raw_hf/healthy/row_0098.jpg
99,a49571a687eff80d783323942d2434bb8e6d38ef0108491a7c7378898e6af51f,e9679ec32b4c3be071f651f1379849e06a09bf5816b3a52e8cb064d527e273a7,6312b9c2b1853bf065e9241139c0dff615fecc339f9049f9d35a99a50f0c4f35,healthy,317.jpg,data/cold_raw_hf/healthy/row_0099.jpg
100,ce81e29131c11d9e8ca88659a1cad34f2c89b5066ed93dd101c366a33b1e3f15,c740a20a55dff39e918556f444212b262d2538f2bfffad058fad4bbc7b1cc86a,401c8f542c35a38edb9f4a0d0ee2d2d98bddc88b2a92024e1cb90173d8e858e1,healthy,IMG_9443.jpg,data/cold_raw_hf/healthy/row_0100.jpg
101,40a6c843e12e63eeecaef5350affd84a988f407504aff9b6738c62f1d85298a0,a25f6fefa3182330763461eaf6eece9c85a417a7f7b24c69223f5936037fca6b,56ab5a1fdd38b549ca0961058ab54ba9f39a5495125785b316bac86e7e6dfef7,healthy,IMG_9457.jpg,data/cold_raw_hf/healthy/row_0101.jpg
102,25282dc39d679685a2b8307c69f7bea7dd832e6705188a0f38604775f191a261,04a264148c65f79bdb69bd7eccea5dfbb201fa11335bc920a54fed83684139e1,b6357c746667d397cba0336e14aca18f7a20398184ed9391cc3ae0517ce1421e,healthy,277.jpg,data/cold_raw_hf/healthy/row_0102.jpg
103,0393248da4bc1a9be4697f69d7de32ea54934b4b771e362635aab6bb9202787f,54e61de6d6cf47c1cbcb73af254b257ce7202143cc17bab16be3a7084a8858a5,8b186ee284ad33ca2fd8c06f91f101a1fd73f5e8ff8196781c801d3fa2b26acc,healthy,IMG_0329.jpg,data/cold_raw_hf/healthy/row_0103.jpg
104,fd991f02d36e3c2fa0b331def42941a6896d706ef9116556279443f1e88f39d4,07ea8b0ad6bfb056dc40f20cfdba724abcb628bbc02a191c693aab21b8f04882,60288e3e0ebec73308a7e13a74166834c02dd87972dc4b6cba25456d8346afc4,healthy,IMG_9898.jpg,data/cold_raw_hf/healthy/row_0104.jpg
105,b0a6d27ff7292a0220cade8d2feb97e05afcf460533c16e68dade8100ec762ce,37e0861d9168634ceda239e0397404975d116fec15280fec999c7309074386bb,a84db66375f82e9686e1ac13bc738b70c64bb488513f8b322862852515d3ec37,healthy,IMG_0328.jpg,data/cold_raw_hf/healthy/row_0105.jpg
106,9a57788bebf05045c20cb3dc7c8cc0488300fd532cc7311bfb5bfff60bcaf37f,bfe3d89a272559df7ed82f60a906b2992a4a1522d4608ee82b2b06b5cc13a27a,76128fe7cd7eb5bbf5439e0be8782a94b8361bbfa57d00bfba50390ea1c859f2,healthy,262.jpg,data/cold_raw_hf/healthy/row_0106.jpg
107,03285c78cbb4b976dfc6539d1821b61060621991352f95d6dfb541b3440fd640,66586ace086b3bb7cfc8078cb4c492433f172a3307e2ac6d4150f6065e795877,295254831d9f2a74a784d2cd7af61cc1f088a00e08af4d9f1d55b7542daf497e,healthy,IMG_4628.jpg,data/cold_raw_hf/healthy/row_0107.jpg
108,f1a11416422259cc26d8e8c46dc4553841a5fcee31e8fc221b128368d080c62d,e0955b98eb4039402a8609a344093b8de969bf22bcc971e4b5048943ccc00c40,d0e774744434927a951db349e6694ba64b8b46607e4d5aaa5eb4cd3a9f7d80ad,healthy,276.jpg,data/cold_raw_hf/healthy/row_0108.jpg
109,42cf0b19dc2c6373e0ae2b53c475ae54c1fc3740e76ddcc1020d50b0a4a97b42,18dc776b13ef5dbcc89b137b87b2d11d53bd9064eab702c712bbbd05a65cb0cc,d9ec5ff9a53b17b5e7b0de66076b54fe285445f60d0bad7aee5753417fab8aa0,healthy,IMG_9456.jpg,data/cold_raw_hf/healthy/row_0109.jpg
110,2f0f96b7a7cc7852491c7af012a103207b3705a1e323caa4f6f1bb26bb64633e,42e921b07e8eee35c7206abeceba0676e432f886d206393ecba8d1d11287b6e2,785b2aa85a9f1996a3f55434f47ea26f41674956ab90d7484fa2fb78c0506cf0,healthy,IMG_2059_1.jpg,data/cold_raw_hf/healthy/row_0110.jpg
111,d909133a606984ef93271467d498c072f8721f464cacec24cdea035e368f0d28,8171f3540b1e7359e4b37af4a695bcc72904b7e29b16357f3631abeddcb2f5dc,1af611cc4336d83f6722b48721e6bf97412525f1dbe3e3949fa0d295bc802131,healthy,IMG_7586_1.jpg,data/cold_raw_hf/healthy/row_0111.jpg
112,f10181a68f87f0e5c1b3d8a387231352f50f647662a93435e154454153e6d9bd,e748fbb9c8425c729e6ed72148dd22f749fe62a90a8bbb06f302487d9a225df7,6c4d45edf7de0bdc9c63320f16f73a6e278fbe8a56370cb9730072d0421386b5,healthy,IMG_9495.jpg,data/cold_raw_hf/healthy/row_0112.jpg
113,071407b0bce648b89ec87fc7473669187888c67b24976acefd93c948aed4e2eb,ff9f8beeac2fd76aa993737ed60bf662394e0a4d4d149d45b4c49f1496cfa53c,0b18ec7f2c9b92b28c72d35cb641455d007985e0b1d67119ba7a468747f20507,healthy,289.jpg,data/cold_raw_hf/healthy/row_0113.jpg
114,dc9607d3267d2faaf122b736be91039872edf3bc2e9ab44be11a9efe453f68d3,0fd718daaf2cb40534b4f6be798584a2eee81c4850b0395d48c7de692d01ce5a,2baeae7628848cf0d428328b622c6f89796b1ba6a664e92afb50c964e655176b,healthy,316.jpg,data/cold_raw_hf/healthy/row_0114.jpg
115,ffb7d1cde61ae9f908a42e737e29e78c26bc0dc3144877fdfc302821c3de0cc1,4ea08d08ba724fdc0550ecc82d0e21b60f18ce828f967120f6efa0ea14a0186c,7e858ef0bae9e34adc2cb118e858c73e7e1a3be094507c911c8c7d200fa771af,healthy,302.jpg,data/cold_raw_hf/healthy/row_0115.jpg
116,9a3cae49a54f7278f53fe46d9f90b04079a3d276047103135953aaf7a49791a0,495f1d69d61b29f491b21c55220efa0c0a75064344d1d815bf26c82d9e2c8867,d4e8cca9eaeb50f5e8b1cdfe13e920f9894a1d687a4fd56ca396145efd6b2cca,healthy,IMG_0260.jpg,data/cold_raw_hf/healthy/row_0116.jpg
117,b33af8c53988863c81026b503a52caa9617305c1755c21edbb9aa8d56699f835,6f466a63c43a9312171b09cb99302dd82fd8fdd6263df59844a53f5b85897cd7,fbbecfbf6baa10235eb71de94b6cc56a23e119eaf6d38660d9c8e00836c043ed,healthy,IMG_0274.jpg,data/cold_raw_hf/healthy/row_0117.jpg
118,00e74c1decbd44e222fda9a4361fa0934a88a517c300ef221d493729e9f8114c,643ba8037f3dc157c7d7d132d0ed59c4c3c5e7b0cb501b0ecb64a5d9a5f61376,1b05ce1cdbd4bbddbdf573df2827ba8592359ce9960ebdbeb9cb98c4aaa29ee5,healthy,IMG_8833.jpg,data/cold_raw_hf/healthy/row_0118.jpg
119,b1df882370c833428125310c5b2ed6e74e9e3b481fd699e20519e58286096a77,df49674e28bd8c1fbaf1bc858337417aa1d577105631612e20d926dde28daaf5,f534038c500d485b7cc66dbd347ccd7556ab14fb247281a02215981da48d35e9,healthy,100.jpg,data/cold_raw_hf/healthy/row_0119.jpg
120,40d83fe6d58db836712d6aaac28a9c59fab6426f372ae345a5b319cf4bdd7d0a,00908266d9744cb3a41e863b850d02a138791a27e9084b98ed837297d968dd82,885fd99ea65323dbc694de21e6b5bf91e4f753547ab7c7559c671481252b1af1,healthy,IMG_0271_7.jpg,data/cold_raw_hf/healthy/row_0120.jpg
121,467688b60ba07a79590b0d9a8ac228f329874502b5e92796d4f50a7564cb308f,1c3c317b8866b1ea36ae126f281368fbf1857f2669fa15689dd8f927a42df3c3,8fa9220b5462cd6bca8456b94a62d8db6dfe3691fc8497f6ab4bfda10f5e5c75,healthy,IMG_9907.jpg,data/cold_raw_hf/healthy/row_0121.jpg
122,cf2d1c7f0c3b496ab5ad568d303c6c650c54aeb3f07e800d9438d701bb224341,9e110d8318f272f7a99e7f3897ed15750794f6757b82b3a0623a4e2a894b45e4,848170c01c802beed5a45c8b4cea3f2b5f764c6516dfa5416ea8db8b1e2dca52,healthy,17.jpg,data/cold_raw_hf/healthy/row_0122.jpg
123,b2c1809f5bdc549b50ae90d86fd63ff2c78b8a255df4e48b461a8d731740a66e,7d0c88d0f255e0a7eca000dacbd2d460f3587f69c4b8a5cd0da5ffe66492aeb2,e3f013ab95796f91563f1bde9afbb3f8e9969529bc0994ef9ca1ff7cb8937152,healthy,IMG_2656_1.jpg,data/cold_raw_hf/healthy/row_0123.jpg
124,189414596dc002d5cffb070a9b43180bbced54460e872ec8bb70da4690654ceb,059e20240b48c631509118e83c141476d34062a26217e1e0019033af9d356d3a,01bb69acbc966c1bfa4bd16f2bdb72314712464ef23efdf05d70e3d02f8a2d50,healthy,IMG_0289.jpg,data/cold_raw_hf/healthy/row_0124.jpg
125,3f4779daf9c1ea51162c1d37a86975900d14f92ee178036304a876a9c65e9a68,fc343014fe2823994cdc72fe8e654ab45b22d11fe5fd6ad28db1cce779b344cc,309fab176d3151ab8644acf7036b5661d4179429b02a8235e506748d813dec04,healthy,314.jpg,data/cold_raw_hf/healthy/row_0125.jpg
126,f30f60587854690c611cb3010d3870c0f815c5fc96b67ecc7a1c43f4964a9f1a,df20d2aead079e01416b08a2a3a27168084875b06aee828cac6934c333f3de53,9ea4beec32848c65d388553ad9c460571188085a0f53680e1675ebeb85ca3825,healthy,248.jpg,data/cold_raw_hf/healthy/row_0126.jpg
127,9a964d281c83e9eaa749a1ab7b4a29eec0f449d488cca39607070d0e9cb870ee,81be75c612431be609cdc0e4c0637c5710da55fd26ba8468557b5382e63e1aa1,55029e3265044b4b82273d2830700e0b01ddf4ec36a60637841e1a104d99b3c7,healthy,IMG_9859.jpg,data/cold_raw_hf/healthy/row_0127.jpg
128,9c2818b71dab221bb0d49cef29c1f638b3376b5358000701d3838ac50cfccf88,9ba896646d8e60c4ea97a524d861684e2e2a5e2cb67187813d17579ac7d8171a,ac9a372a3f87d9f9bd9f3144eb98027dec7fb5e6e0d9fe0d0582524cabf4903c,healthy,IMG_8040_1.jpg,data/cold_raw_hf/healthy/row_0128.jpg
129,2aab2e033e579d643d5613cdbac14818f0953b57a35baa077b5bb13e32099d34,72a0411dd04339fe5678f3c32317c2b70cd351ef9147ab220617a7dc8d86d3a0,f92a48865caa61ff11d6679a6703228a73bfce4458592323a0b06a21d4563fa6,healthy,IMG_9865.jpg,data/cold_raw_hf/healthy/row_0129.jpg
130,0f77d9d11716c5b3ffd502b4f217c18dccc7b2f75fda30f4f402fda7f4aa6aaf,5c2ec682ce47606779dc7e39c26f38f681d094c4ae6031e0c2b882164ffcfe35,130d9b77a71f8a4bbbaa61215dc61d22e60c9b2e686e0881b89a269552361320,healthy,IMG_2059.jpg,data/cold_raw_hf/healthy/row_0130.jpg
131,c5df6409094ad7c6f9da25baed535b70644b30d966e840859b75eb8dfd3c4d07,0bb2d4f81a26b5256ad320f7c7969d8b926352789a4b9f33ec1b1292f95447f2,9cc5c5ffd5b367bd4759fa099021de6763e4ccb8a3a91719b6bb89111874302d,healthy,IMG_9864.jpg,data/cold_raw_hf/healthy/row_0131.jpg
132,4cc2121760d88d0345bcac9145d501f8c23eb259292389ae313b35d2fe83a4a4,b3c2884abec4070f80ff4edf12bc0efdd893cdd8e93298159443d24071d98a12,242a17a2e25ab2afa90e5ae1624794dcedde358d196e83f83988de7496f7ecf8,healthy,IMG_8099_1.jpg,data/cold_raw_hf/healthy/row_0132.jpg
133,7bee08205a453b9626d9857b066537c44e4d94eb46432e65b072e69bc16571ca,d7da07ba8e58905f4d8c0f93daa24373dc836d1db4e7159a8fe95fe9178af78f,195f609d4d67b40e88e355a4f91d0496ae34d817fca244a09fa0f037b4e9f30f,healthy,IMG_0303.jpg,data/cold_raw_hf/healthy/row_0133.jpg
134,93fdfecb2b0381d70b485f8a03bb126290eea4f09e750f9938db4927d39f7461,cda5a37f165ab4cb4344b6d344e69305d7ec9cf72a5ded99c9ac302ade41166f,3c42ab3b64df9a30ee2ce481ac95583c413d9e280b22590cee12f80101dad158,healthy,249.jpg,data/cold_raw_hf/healthy/row_0134.jpg
135,5123bd994a15464cbad0253ccf4d93de1cb4e5b063e5860c8e3e1eb7f183a5a4,8a1c426a245ce318213f035f8b96c27d35b49f82e247c0d059f8e45eb5772c75,5a53d3d1fe7ac15dadfa1af864ae325636477ec864f20ddf5d2fb90cfd430a11,healthy,IMG_9482.jpg,data/cold_raw_hf/healthy/row_0135.jpg
136,c12d5c5d8ec6dcd8a040dd03cc3912c9f11f37f904a62ffad818605c2a8977fe,2508ea38ca2676262853505d5819114605d79909745c56d61cee902fb2965934,a38a0fae01c26ac28f24af2c350614516bb1b507e2ead7030560624c515e592c,healthy,301.jpg,data/cold_raw_hf/healthy/row_0136.jpg
137,3ad510bb298aa7675a8b4e9da765ee53d2d0233e4ed49cf20a1fe943109f3de5,5a1c34e86157a9b0090d2f1a5bf85111ddb4cbded00175a94917291e840811c5,2c9d01ab5e1c1348a8f45a4c9cee51e82c964f198717aa15f3cfde073967210e,healthy,IMG_9509.jpg,data/cold_raw_hf/healthy/row_0137.jpg
138,d624c52e4ec6519a62da6bf7eb9a29e087e2836ff28d4705506ed19bdcfcedd5,af328ee8fde8119c438da4c5a2357f475d661efadee97bbdf005f35e6047d90f,2f9cee2d250c515ed9998db656a0aaaa2adea9d9853eb4e4f9c2e9a6955f8731,healthy,IMG_4039.jpg,data/cold_raw_hf/healthy/row_0138.jpg
139,c6744c285db5c1b95c4aa17bb4b79906165522b9342575b3a43235c8aa0052e3,7ef86d33ac13a396999181445381755559c1043d26735bf79fa9a2af9a5efc8a,ae739cdb7fb6c88febdd835c4858cea44a9e918c77a91e2837334eed57fc307d,healthy,315.jpg,data/cold_raw_hf/healthy/row_0139.jpg
140,52c3b25db41b7c5922bdf3d6937526050a50963bf1555959e71e6c0783e44041,301aace39746c0c1d243262449d399ba8d303cbf60dc2d191a4c23116f9efde2,ffe312be87a9d8fb02d519fdab3f0046d33ae73e627d435b20b2f36fcdddfc82,healthy,IMG_6160.jpg,data/cold_raw_hf/healthy/row_0140.jpg
141,d4c46cc33de22080c5c9c96149c1913170eb0df787b653299e029ea142fe6b89,7d4b04ffd9d0bfd11960ba313e141acf7393a45728ca96986d4d1fed37bcc8ab,0f20c3f5813832330261305551ebdbab48c1284e6fbbb8166d903cba18a7fb56,healthy,329.jpg,data/cold_raw_hf/healthy/row_0141.jpg
142,0f9a9113b923a11676fed366e7b51773f4a7384120494f37357e7c304dc48688,20d5dd8bd9acd58bb082484441ca3e63197a0c4a50776b7de57e625c3f502751,fbbb6408c3dfde06579f806a8f5db3decca630efca329da8fb37629fb51a317a,healthy,IMG_0288.jpg,data/cold_raw_hf/healthy/row_0142.jpg
143,1623c944ae0f590b83e285833cc8efce2ebd23be5d5100c8846272d8fef1d8c3,8b39be8f97b066a6b3494afcd852de44c542b651f05016c1753079a40c6ca149,5a3bc15dfb2703493b4208a6de6a3f4bc4f08c67c892dc69fe44e09147cf8143,healthy,IMG_8062_7.jpg,data/cold_raw_hf/healthy/row_0143.jpg
144,7ab931a3931c4b5199e2f73cf30cd322b9015e78c61c1947c41f673a187dd71c,b14bd18cd3eacf74bdf39ea999b9345f04ec82a2c9575d961ea8b90314db9cb6,0bbee4111a1f4761273d599b47f072589ef8f20d3dbf7c1f7b74e406b117be80,healthy,IMG_8830.jpg,data/cold_raw_hf/healthy/row_0144.jpg
145,56de0cfc8c051c9c743e11ea843dcb69ec64a3429606384954b1a766b7c9e448,c0456497d7a163d34f486a008211b474f34cda77d21b239d289f3ecad01fd001,f5051a4d0d9074f2905f4e5c98ff5addfb0eb35ae1bbda126fdc46f2e57c40ff,healthy,IMG_0271_4.jpg,data/cold_raw_hf/healthy/row_0145.jpg
146,e0cfbfb0aa419723ff02b62f27aadc0b78a418555a80174064ebbaa235087b63,b546ce12e356c730c82aef2ec342fc94761fd9213776ff6cdbea27530a3826fb,6dc6ef2b9e3d379612a9f4cfd02f6bd82e4f371329c765a08e9daf2b1200a7f6,healthy,117.jpg,data/cold_raw_hf/healthy/row_0146.jpg
147,fa0a30d0490f9074114d348a12883ec62007f2b2c5b07694dbc6c3cdffefc88b,8630ed64ad98d0a77b5d3f5ddbf30f356bb787a60a6a6de435c63ea2a05dbb2a,5345ae45fa079f86de8bfcee8489096250c470ee523a16659a291bcc4dab4d78,healthy,IMG_8055_8.jpg,data/cold_raw_hf/healthy/row_0147.jpg
148,49e0209f662c22ce659ace64bb40d3f4055116cc6e245052e38498d2ceec9f6e,9571d481c1277cbc011c33e144bfd37e580b997cf093961619753dafee02e280,636a97308578662b1ef87f385b9670f498642261d62ed324153482e9d6a80de7,healthy,12.jpg,data/cold_raw_hf/healthy/row_0148.jpg
149,81a4aa9b12acc976a9a9b8f6e5101f717c3cb8bb8e9c9d4248d442354e2037f8,44963a220dd7691e3c2d1d7da50e2f57e44a406d65a3d7d46d900458963ad94e,b0a369e8864047625234ce9b9b81ca816ce935060400465f48b2b3b19d9a122e,healthy,IMG_7973_1.jpg,data/cold_raw_hf/healthy/row_0149.jpg
150,722e682bf0e73cb21c0ca2cfc269cab9cdccb57031e2b91f410c38803fa9b3b7,31312f5b8f7c09db089e09ee62102284d1ddaad5c73b3472334d7b208d4246fa,438d1e8a77857b164e85259b83bd481d85e6f4655f118a784f9d71b1105924e8,healthy,113.jpg,data/cold_raw_hf/healthy/row_0150.jpg
151,5e64b27dd9c75e7805c639844cbbf968f440404c5df10de270d2f93c1d719b99,eee06c99b74c4698579af35970d866dea0e3b32dd12c9e292f31c39e4bc7f2b4,8a1458c259d331ed298db8f2a31d237147e11bc2ebad43a68f790e234dfbfe4f,healthy,107.jpg,data/cold_raw_hf/healthy/row_0151.jpg
152,e526e2ae9304521fc1757ddbac284bda39322e48ba061c65e039de1d08deb83f,d2bf417e5b2c60d380d602f5909cb749846786e32c23a7568dd29d2ca3a03238,38822f635f825e1a7187cb9ad051a97543ebdbf69080467abaa1e8092d01063e,healthy,IMG_2672.jpg,data/cold_raw_hf/healthy/row_0152.jpg
153,027048bbad05d4ba1072bdee0545a67455d0c33237f21e4c7693b45faf01e21d,4725857a69eb5eeddbc7544d62524a09d014fa2847d0a207b8008dd56acad254,b35e02389c4ad2975d4f27ef0a77422431e14cf4eb1d0dbbeda0d09e9beee63f,healthy,IMG_8834.jpg,data/cold_raw_hf/healthy/row_0153.jpg
154,a8fe680f419ff9c9f43c4b8ba2ab953069d258e66fc69d4f5cf0b48218f8cc44,a4b917675fbe3f3fd5bd790a73e4b5bde1cea5a7552d6c1284050273f587e735,555deea06673264a9fd572807f6901d1dccbeb49f99ae7f4d118a7297e16ef8e,healthy,311.jpg,data/cold_raw_hf/healthy/row_0154.jpg
155,f6a62bacaa1e2e70d019761402b775d3869e6bf8adde57ee5d7dbd79ef94742c,4fc0dd6cc303a185cf4de33d32aec59523266e95b0d16c52a682bc97b7050aa0,f407a708c2c2364ce7a138a231a260e77695fc53c17124608d7020f161f1b31e,healthy,305.jpg,data/cold_raw_hf/healthy/row_0155.jpg
156,00bf476393f20a27b6f0e44bff51fadcce6cb91b0f70fe0bbb1238799ca3117f,d922a554dae173c2204e149af3a52907e8813051f8c3315806cabffc332c78be,00e8e4d9c710c8a1eab3cebed34051eddf3d25074923327c4ec128305886b2db,healthy,IMG_0267.jpg,data/cold_raw_hf/healthy/row_0156.jpg
157,9b568f15b10701f2571018e21760cfb5464fc31deeee6f24a115dda2866aa095,2b3d81fa8ce59e23ddf4450c259fd30b030fb57a77393782197ac597d59ac650,9a952c015e2002ad7ecb2e2d44ae38d2218b29f524265d0211429f7be83fe6c7,healthy,339.jpg,data/cold_raw_hf/healthy/row_0157.jpg
158,e232577b1b857e5b34102abd6e2d3719a24990249c16ac005c5714af1f8826f9,d059b82372975e7aa4354ed01bf597bb7cdd3474dba8e1190d7dcea6efe541cd,3abb6b4e31ba9865d89b22dce7e3566bb4b7bcae3bd6ad3ccc3d3a59a2dda321,healthy,IMG_0273.jpg,data/cold_raw_hf/healthy/row_0158.jpg
159,60c2f1446b158548ead9ea29e8ff146eb8cb2e0342d29d9de89dadb66690e2e8,f5745a36a6a5ae53784a514d61a5d75e690877cd84b752a47020ae4765ad6449,447b28be2344ff8c72c30f62e06d42b7b1a849a2d8bff94103dd466d293a8ef9,healthy,IMG_9492.jpg,data/cold_raw_hf/healthy/row_0159.jpg
160,3780678fa4a18b4b180f8219f41717bcf02b2ba082243c30e381d9bebf2241a9,a367045b9f2a83c10680c2be93d529caf60e62a844db664d3e370c832ff958c1,cc16a8baa39df28e66107a8da8b4b1222fbf586e69d92ed72b7ef68a3c60e6af,healthy,IMG_0313.jpg,data/cold_raw_hf/healthy/row_0160.jpg
161,64abd533c4405041c7f52fd908358fc48e42eade065d99d1911449d6d53aef3b,34d048fe7e9ca89b4dabbbffac5591643337c0afa557cb054db1de99bb6b3f4d,8deb4e2ff82809647f7c00c5e166e14bc000ec55a87fe0b3edabf0ec75319e88,healthy,IMG_9860.jpg,data/cold_raw_hf/healthy/row_0161.jpg
162,4f83973226a44c0c8ec6623920607301e44f328cd227bd1f6b1e6680fe8113a6,02d39508f74769803b0d638928f9f0c26b10d60fd5f08c373b1eda287847f474,9b472dc4564ed52d8bcb867a373d371a168692872325951dbef10129c35c64f6,healthy,IMG_2061.jpg,data/cold_raw_hf/healthy/row_0162.jpg
163,f0073732c828835c22167725bb6f0f0f8e1b7cdfd5041262025ede81c5fe5b2a,0a06dc4a6beef75c1d0b0e0f0f81a29a4758a309a44621b296e23ab2163f6052,1973d50df76ff0f21ce6db2aedb84e06ef7fc1225646efd473a14ff18126ac95,healthy,IMG_9861.jpg,data/cold_raw_hf/healthy/row_0163.jpg
164,8dacd611b16968c3d0caada2179115ab78970fb51d92660fb50152b96bd854cb,47735ea29a427e607df066c728e1fad096c8d6365003655a03e41410c4a1d85a,3cf718754e6817478511424ed56ded09938a0dc147380bc62453e43bf7af50a2,healthy,IMG_4606.jpg,data/cold_raw_hf/healthy/row_0164.jpg
165,3715757026e27fdf4acbca50f1f79dd350abf99eeea2b79be3d6e46e45be4caa,2a057ff43425c6a40b9dd5d7703ab156dc3f6c506cfd3b1a317a12ead872087f,7816def546caea3a8efd88fb1d928008a6d67d191a01c82afcd444ceeb686e8e,healthy,IMG_0306.jpg,data/cold_raw_hf/healthy/row_0165.jpg
166,ab6242f63dbc5e7887b6b342b5450708f07af819aeb51aac2ed905f10413869c,e0995c6e8c2aa18f6d5f5051f4ae8ad8ad9b989f61a483c4d8b8061bc681081e,a8b414844223fbb70ad786c7673093cc1d2602715ae80cafb87494d2dfaea1a2,healthy,264.jpg,data/cold_raw_hf/healthy/row_0166.jpg
167,01c782eb85cfc09bdca09c3e96b2f0367321c214be840712eb5823783539f3fd,27b88728ff037c9af5a593bbaaf9f1cfe67e5ae4ba810bd3acd672e0d9397c53,848824fcf0ce5d57e1383dbe1a3c8ca2fcb9b72e09ef95f33a02874bfb70fdfa,healthy,IMG_8799.jpg,data/cold_raw_hf/healthy/row_0167.jpg
168,1bcbfb5d27082821fb37feb6b5d6911880c52e7a3550a363c06d1cb87951d521,3f82143fc9c38e2c593c55b1c3e9cc0e4895b866a53113f8996e680850a00715,a60f8a09d7d772aacb9f9171254bd99ff07b7c31ca3286da41fdb26500e0ccfd,healthy,338.jpg,data/cold_raw_hf/healthy/row_0168.jpg
169,95b8dd5484e633adfdd61fbc6ecb9a266dbcc0c4027aab2f81ae25da7f016b6e,09643e9911464aa66f073ba932664d7d156320b8274ac76ed5fa87238fbc12a6,b1335e05a04aa85a678d2b3ac0731a9a11575e90351eacbf1d9bf56f9fc60ebe,healthy,IMG_4028.jpg,data/cold_raw_hf/healthy/row_0169.jpg
170,7e500464e8974082b47ba8170478d29a6865edd72139a06b55293c36b9cd1b0d,82c79bae62e6cd914f5c93d33c3f5468980f43e3d9d678ac0524abe72d3a469a,ed9f737e7b32dc6fdc0e8a0917588e9c0857101dbd2a897506d19c0c1beabf28,healthy,IMG_7580_1.jpg,data/cold_raw_hf/healthy/row_0170.jpg
171,df599ab524ed885b98ba7dfdb88576392459e3776b39402c4ebdb56ff646638d,6efeecd10e9b0b803103813a871e83e6de4df0994e89e9657964c8760f6adbcc,b57bfe84cc193032e227da086eedc6cbadb4c70e504b2638e7a215b3dc195da6,healthy,IMG_8821.jpg,data/cold_raw_hf/healthy/row_0171.jpg
172,c3a29cf8e1daf73b9534f597a47b197e99783025de90313fc67f9276e69789c2,e68a6000c369aa0270185b095bf7004eacb0f192b9d59ae7cf637ab01caa5c97,8c0d509e3621b741ff001f377689b3deec8ce877336d1930a6279e11d290b6e3,healthy,13.jpg,data/cold_raw_hf/healthy/row_0172.jpg
173,d65933a0a1de7a774d4d1dc90e97d26deddf648b9a0cce6cc522240a39d87ec3,2d5844cec2e19d3d9fbc988a5a3627c49b242c452627652d835b14d7fbae70aa,03882cfb6881ddb64a7725a2df63e204eb25716973410522fda4382a4b11d8d8,healthy,IMG_9477_6.jpg,data/cold_raw_hf/healthy/row_0173.jpg
174,cd4e78c7f9356731860fd5b5d100603aa97f943ba9f25c0c4de623440afe842e,ae28845e8afbcde2d0e29e6eb691fa2389f58b151e5935bee6eb8250e3d4b26e,8b4470bd823fc3a230a44d1875d8ada16d7477d7fbf31f4f1dde83a05c379907,healthy,39.jpg,data/cold_raw_hf/healthy/row_0174.jpg
175,ca2aa45bc6096e0f7789856476c477c2a553d6d2b762d4806eff3d1f2f765a64,505fb4e5016ca191bc72bbd1ab38aba2e9c45bcd2767619cba6b72236466e526,8668ff32c7603df902a4e6850fcfc3f29f1dc310a5c3a019dac1eb381b5008c8,healthy,IMG_7582_1.jpg,data/cold_raw_hf/healthy/row_0175.jpg
176,a08c60eeb778b8c0bd972491c5cfe036d3d082982ba5231d305bbeb57be27364,b11292bccd195910d5443f5e65fc59eec799e5b5489201470af34cd71c7eb8ec,f9d8350ea0af0f45f7b07e8216216cd020fd8627ce2b666f24543043d182d624,healthy,11.jpg,data/cold_raw_hf/healthy/row_0176.jpg
177,0a40e710d05f44f42a2945214ecf1dd86c9414f91544e4864147a6778caed968,6db1b9834c36c6a563e1e2b687b512907a51ff9389e0372831233719be43c5d5,f4e3862ee9892bbd1e0feb992004fcdbf5c097db510b33665a07ced0a286c513,healthy,IMG_0271_3.jpg,data/cold_raw_hf/healthy/row_0177.jpg
178,c4e781247c6a7cb2f4bbe69a99faf83aac7355e4d9b1c42f8e28fe0255feaeef,35a0643e9fc52f5146ad3550cebe275d98ba1b45280d8e1cba586bd5006cb18e,8a214b951e26aae7459defca2a361476a41e82b3e418d1592727b53015836cb3,healthy,IMG_9347_1.jpg,data/cold_raw_hf/healthy/row_0178.jpg
179,9a65a68b83bab4ff17dd892cdf0869da0c8b7263d92fabdd0cb5ae75771d7273,9b66477001d2adb63eb580cd1d3b11057a6bf6195eef9eb7748471f3a7817fb7,c3c250968cfaaac1cd36df77c127cc828371b37417b5a47d0147fbf65fd21923,healthy,138.jpg,data/cold_raw_hf/healthy/row_0179.jpg
180,7f1a56c1ac36f21994ed6ab0bff4f3e0f683429784dc1f302f90d9a42ecbc153,435be9fc7d53349d9fa21555fd99a36ac93646f37be1cf2751bc0df026adb827,324045d1b0a506cb375394ab169c0af870e90a92ea441a167228651cf53b421c,healthy,IMG_8837.jpg,data/cold_raw_hf/healthy/row_0180.jpg
181,9348358aff7078af724dcc59a5a2eb57f04186b3bd7d7688c43fc6af2f0fa464,f491cff47fc5fec9fccdb749ec99d14b8f79f5921f3856bae448911dbc44128c,abceaa37df94b2f1a1d81d9f8e6a16bc6e47e13916100253ec8d80a7ce885ddc,healthy,312.jpg,data/cold_raw_hf/healthy/row_0181.jpg
182,b873c1d00253afc0fd31ff5fac566e94cfb0196f4aeb0c81b192c31e58b24bd3,bfb97ce569b1a445be22dc66f612803a687892763a17e35be42a327e35e07f64,f17f2852c9150097b1e6dadde7c2b2ccd25f8756a2fc97e59eb98e5196ae2443,healthy,IMG_0258.jpg,data/cold_raw_hf/healthy/row_0182.jpg
183,2a1b0a084da9f712a22625cf908581810fb80afb1ac5ccac7ee51f32a04b0a0e,c5c9814deada7c21ae3b03b04ce11aa224fc2c221f5999046cb45c92e2fd1e1b,4622a6434b49d30e43c37f1e17af88fd9bb03639a619eb4a6ff39bdcd46db3e2,healthy,IMG_0264.jpg,data/cold_raw_hf/healthy/row_0183.jpg
184,79e77234a313a594845e9130e9354b692bfe2df5f8c881ebf132e38d111e3f97,c4be19e59b7e8b7be540024b9a1a3161289feda4038b5c5d7be590539c2f033a,b73e430b9a19d031a4dcd3dfb72409f5435f2f3f72378468da3a00d11a864a4c,healthy,299.jpg,data/cold_raw_hf/healthy/row_0184.jpg
185,edf53d10cd3ea3ded4b1d9e90b9d6ed2c88399fde69fb2b8510c047732805591,691e19a69b4df8d54659a8702c251c8fb368289636aceffe8e0154cf80ccd5a0,0bbe66f9cdfdca47b22a6962a7e02068a1c313063d72271aba5164b0658c2397,healthy,266.jpg,data/cold_raw_hf/healthy/row_0185.jpg
186,7034a3e8cbf2657bdb1c544497a495a37219ba7491b3b4cf5e19279dea787d6f,72204b58dc61373afd24cd9ce36a0513e4c6509b79f3f099bdfe11775a45801b,99761131cf80cce92b4eaca7221c8a78b0b6875fc6a15e108631f59919805636,healthy,IMG_9888.jpg,data/cold_raw_hf/healthy/row_0186.jpg
187,aadf2dea5d5abef9ba54471c7fe233bf5f040cf34fb2b82f314a4806519c02dc,9afb50a5e64c93504856944c62a9220d327321a5261edb06c6076a4058a65f22,2a3deb78dc23f198c60beab5a82ac09153e9970d21a51e6cc9df4aea3f990dab,healthy,IMG_9889.jpg,data/cold_raw_hf/healthy/row_0187.jpg
188,a84d2ef6049dbe0b09f8d81aefb985a85f8d8698b67014beda7e287fa90adde8,7b10cbe0ecdb0316fdde8c4163129bf5e86f0f46266f60b4413824bce8213445,ec5a572ac320f0c08ec6eed8f794c724b4630c5e5cfa6ff5f97e684a39ed90ab,healthy,IMG_2034_8.jpg,data/cold_raw_hf/healthy/row_0188.jpg
189,728a9cad505dd8b806d427ddb7f5a4ff479bfe127cd7f73b4a834980c41b2068,4b879348133c7d53f7b4058eccdf5a7344a9425058332a1d57970978fbe36c96,c74817faeda7c9afdfe393047d460433c2743a8fb54a5c9b99a22b1260bdb8e9,healthy,IMG_2620_9.jpg,data/cold_raw_hf/healthy/row_0189.jpg
190,1ac8ee3b54ec7703eb879e16507d608e1cb1267858eee80f69b5e0b1cb78b1f4,5ea912a6f7a4e750312e3bb42c0432386e03ee326c349291a5e1beda539db1f0,d2e8afac681eef94bd6c03065cd9c570b37693144bc0d6b68feacd1955761828,healthy,298.jpg,data/cold_raw_hf/healthy/row_0190.jpg
191,fccc1365bf99f19d5428b38bf02763cb4effd05f743cbc6d947092718f54e316,e6d8db8449f5adf0ec556183a52a1f41a50c39c0132bbb8ded139224cd903205,493a23c7960bb8c24efb9089c59a4fcdc126990e4ac8db740d3117b678e500da,healthy,IMG_0265.jpg,data/cold_raw_hf/healthy/row_0191.jpg
192,704ed44c7ce0a03f3fbef0defed6bbbc78e11525285c98d6f4bdfcac1a9db47a,fc12d6f16b4775e9166d19113f76c156d5a91a92eb5703b78ba0ff0ab22141b4,3c966b5e05c9b7cbdb77929ec456ba3e31e08bf227b447ab0fdf78e64ab2cf3e,healthy,IMG_0259.jpg,data/cold_raw_hf/healthy/row_0192.jpg
193,d877b51060bda26bbbddee6ca0e994880b7a75d9cbb2ad1af0bdc5083ca9ffe6,6f7a7ccdde619015f970e09253195eb86889a17a8dd7490a0f500688b6026dc9,aa47bb114399572dac11d44d5cc19daaf592c57fb5a7ceb5e486363e5121889e,healthy,313.jpg,data/cold_raw_hf/healthy/row_0193.jpg
194,9406c556d638d3a6cdadf5320f96e4f9caa800549cbb5162c573bea397e08d06,0c3b4ab229edb13955d4049b84b61cd84a24831cb1eedf5c50d0fb61cb826b7c,f0bf57a9ba65559ce4ce397140a0d29a552527f565eb753984e790909f3e4235,healthy,307.jpg,data/cold_raw_hf/healthy/row_0194.jpg
195,3afd7a36d3cf4d353d679cd043bf4d8dc7acecf07162cc37866ec24fc530c761,60ee984166926e509b5ab39463f8fb77396d83b4c116086adbf2116f46447983,2261aac31e899f98efe1efb1f8bab44ae54003ee918d83c0c35ae2e12074470d,healthy,IMG_8836.jpg,data/cold_raw_hf/healthy/row_0195.jpg
196,e0cb9810a7cadfb3acc584230d20b198782c7be09e2a4bd9be97bea8a0cde12f,7f99e2cf5cc393f7777c5bfbff8fee0e2320c94c8f7c527215b544f881360ff1,e99471cb73bab3d32337e301d7dd0f85c5e11fd59d84c802ced7f433f34af952,healthy,IMG_6199.jpg,data/cold_raw_hf/healthy/row_0196.jpg
197,dc15aafc74049f92e65c9c8ab65094da3dc342c3a067c4f0cfa6f15bbd0f3427,2496191b632a43c0d0903483ef312434ab752b60caac541b32b8063bf80ee556,6dac29d816ce122b40dc2d481a9f620ae5e37e14edadceb804877d189886881a,healthy,139.jpg,data/cold_raw_hf/healthy/row_0197.jpg
198,6d5562df04f907e9064c090bc7cfff38f9dd3d55362f1a276d7885e92e55607b,37e4735a450893addf8786a7f85dd863f257ab2e80a0ae845ae7db8f3ee68762,75573d631718bb868448cb4cb02339223e414ce055599a225a35d3c7748477c9,healthy,IMG_2658.jpg,data/cold_raw_hf/healthy/row_0198.jpg
199,2726d6f1152640bb1022b6549019cc35268f78cae8223e4c44259285ee1c846a,48411e7f27f4180cf279d2b26d691b6a5165ae6752ddf3acdf55ca39ee80d1b1,b4f8fd440316c256783469673599a5fd50d47eff8d138a871332a79707ceb17b,healthy,105.jpg,data/cold_raw_hf/healthy/row_0199.jpg
200,5d8bb3952d21f38abff92471c0f8ce9fd0c92b09252b726d85f5bf04c5c304a8,19ccd9ba1c99a20c5e8b4b26369e199adae608493b37b23a13b7aebd92b37774,2e96758310adb22369e43c07e951c90fa5de94b7235b3b5566738de76239cb40,healthy,10.jpg,data/cold_raw_hf/healthy/row_0200.jpg
201,0f3c6ff2b4829fbe4cb0c016bbb7b54c5ee41b530d1f19a41d1e1d6b2a327c20,523aac3dd947e0b895f721ddd16d29196420c8804ff2e16f663ac4da2f895c84,838631f1f7e18896019a96f8a6949ca4c4d2fac2393af4c128728da6fc099f02,healthy,38.jpg,data/cold_raw_hf/healthy/row_0201.jpg
202,bd8c0e9b503a490da4f0d17ad129629b317afdac174c216a117e79ebc06ce430,6f623d7282a7a5730a8c33325ffe4b3cd4ec40ba6ef3bdddf2837620d88339c5,f1150681e7bdfd051f425f983d0dd1d2b829349dfccb97921e56b5428a8a8c1b,healthy,21.jpg,data/cold_raw_hf/healthy/row_0202.jpg
203,602eae004fd934cf3e399c66c8d37124bf5d904f1bda8d75f0b74051dcee624b,8eb8f8361946f12073fdc3cfe31a06f0e5c6ef04daa709fa6e713f86dfdac89c,ac667852b17f0b2e68ff5f736493f1b1ce8648d3020ed2786aa1b7f5d683a6c1,healthy,35.jpg,data/cold_raw_hf/healthy/row_0203.jpg
204,22df6ec25b70d2b19e921db457efe876dcf2dd9236603a2325a5d1a16f469dd3,deac168f8410d4758a3034b8b624276a166704d2d080fb88f06bece7980be71f,35b3a2034c1ee2d0ba90f431e3613dadb255e098b70f91bf7cf6483826266c18,healthy,IMG_2641.jpg,data/cold_raw_hf/healthy/row_0204.jpg
205,0e4b2cbce8035d945745f8b8e23091a8590dadb8c2563356058b158bf17123af,70922f4030ddb33a59d35b74dc13bf1ced09c4e0db79dfe817563fcb9127bcb7,cbf2c6d66a3a6ce70e7bccbdf99c58ca5818e4808f1b4dc19db0c366ef245ac1,healthy,322.jpg,data/cold_raw_hf/healthy/row_0205.jpg
206,108765b7cffdf7e81c094e58c3fbe14bbe09812c893647e1cd65cc2dc860c41c,072a754d378186f5ec25ed02305c3897f685523c595b6d08b7b31f718cc92173,29d2a824ce44d3ec87b98b56a29f4c260770eaf99b50bf1b4cc506519fea1a4f,healthy,IMG_9338.jpg,data/cold_raw_hf/healthy/row_0206.jpg
207,75362e0825ef9b5a63c946f1c9887709148e7b41af1ad5c2a5232aa2377cff60,3c66f3d261b7954145ef0eaec002a9083d623afc749a21b620d952e72d9a17e5,ea020ae590b65ad9ca630659629e968ad2d7e003b276cc09dbcf325e8a23c323,healthy,IMG_8032.jpg,data/cold_raw_hf/healthy/row_0207.jpg
208,01b88a82497e4f59634cb9d0aa7f734c79ed3863b308d0b5cff7a05bfd432dfb,2897a71ac07d55c03f88f35d177aaa2eddb8f7550c6a8729124e8c0eb83c4a0e,45e7f4a94af90cd379a7f18a509357497e1adf4b22a255369051fce63d9c8489,healthy,IMG_4608.jpg,data/cold_raw_hf/healthy/row_0208.jpg
209,7d0206b2ea392325305e999545c964d4e69a18aeeeac01be0ed30e6c3a08f5dc,43754542ba6b1ce20ad25e62e1060cc5842ee2746825e2d49cc9dbe67d2314fb,376b0f636de66cf8518e6ddb5468847fbd2dd247bd59f398d23151d2351eedfc,healthy,IMG_9890.jpg,data/cold_raw_hf/healthy/row_0209.jpg
210,ed040a79c3ef7e4eb576f9d7edb290c92093f98958f97c979bad6011da28fbd7,ed7ac504486d457976af365de95dfaff19ec77b2f934d5cca75f4b70b20c7143,6d20f9f0804f368ff9d6a0c0a0df4b0aec4581496a0008aaebe76aab99a642be,healthy,IMG_2046.jpg,data/cold_raw_hf/healthy/row_0210.jpg
211,9bd94e9499b741e482ce7fd0b006f454a3fbe1f5bb34ec76db5c595028cb15f3,62fef1a7ea3e80b47847d47b39343eb781fc7cdbd70d59cb9c26a106bebf7737,fc7afe37321ea5c8393e241dc8f4e0fa7ac4ac9c6c980a9a9ec0bfe04f1670d9,healthy,243.jpg,data/cold_raw_hf/healthy/row_0211.jpg
212,2b99dba8227c55debaff0ffe0681a627ed6c385da443656ae2c8eb3e2cb27574,7bf9c329dd5168d8df25f7982c9d304f016c4c337153fd071f7797d531cae4db,1a7ce0f5c286d9a39ec5b8a3414db8c0a51a933634df0c0cff4b5241a552e225,healthy,IMG_9477.jpg,data/cold_raw_hf/healthy/row_0212.jpg
213,5aa86a3cb1fb62544c23bad4e66c89f244169402ec9ae3c4c215acb3b3121621,8ab81f6cf90a07aaa09562df95bb1f4bbc2cbb1de0b10592a67d1685d1f179ef,9ba4ffe47af6eda077019791ec38e6128b5825ea7067d71dd8b472dbd11ddc02,healthy,294.jpg,data/cold_raw_hf/healthy/row_0213.jpg
214,092ad36c4ccb5cf5f95eec025194700d34539194e4de8cbee3f0b7a888c34dee,842c60f23f8a6496d342987a3e9469c1da7430a634066d4c102125a04b260652,1bfc946d9ece2e42f7a5083172200d69835895484f5c894e7b0d41138446aab3,healthy,337.jpg,data/cold_raw_hf/healthy/row_0214.jpg
215,edb5698a948a8fa48aa912c314a056dade295954151a6e6e500820d274db703c,2c45d1832bb060939b735df96abbecd5222fe7017761f8f1e869b6dc533d3987,018aed29c539e46793e3e3fda197e81090d88b58f8f55e75caeabe28b363cec8,healthy,323.jpg,data/cold_raw_hf/healthy/row_0215.jpg
216,f740ab5e4177965db0c13fb19fe48f2c3aea0706f219764265c194750a7d15cd,ca1995b0f302d1d7f1d07f48d4c78387932a47a1fe3fc6413c48b634fb1af50f,ce22b5f0701bef482e803cac9d422b3afb9e256d90b705d0f70e8dac60b3a73b,healthy,IMG_4033.jpg,data/cold_raw_hf/healthy/row_0216.jpg
217,2657554d3e518e69ca2090b017baabff4fe66adb38b8f679474a2b94f9253752,f6aeff4837cde8e95dc3ed66ceb96965f4b740a9ad6bcf5faeb7a6d1a01097e9,6dd2b34920cad52f9c9e97a7aa173641ff17432ef9384593ab3d5854382861fa,healthy,IMG_8806.jpg,data/cold_raw_hf/healthy/row_0217.jpg
218,81959225bdf7292736b9726bca731bf98d7aafd2cd23987dbdfe463be8a8b74b,87b8bae46c1092222c2924ffd530993a426e8b2e7a25389250710bab2f666e4a,0a0c554739ed5177839a356718960611e279a01344c005cc66e4a77efb0307fc,healthy,IMG_2668.jpg,data/cold_raw_hf/healthy/row_0218.jpg
219,817158028ab9f633474ab04e4dfcdab194c034cb2a902377882968a47eb88309,feb60c7590df4e2cf2bb031f7cab7f8486b9a4d78182e135619c5bdd48c470bc,de6da8ea23385908722983d35a6b3c3c5dba9ccf6337a4862ef3de779e5153a7,healthy,IMG_7960_5.jpg,data/cold_raw_hf/healthy/row_0219.jpg
220,8fc3c7bfb7bd7285d87c1b949084612c96605ba43ab4b9fc4c9a73466c7b3d6b,4e7fc5a0dfc7ca224f3dbc0a3407e450121298c3d03b028297d47c8f7944b36c,cbbc29768e2c3f2bea560742f658c856ea91eae0db29514658a6119b5161b0c7,healthy,34.jpg,data/cold_raw_hf/healthy/row_0220.jpg
221,f375aeca7e2eb9ed606992774f4b4ae8722a838c5f1971433e250dd7997f83b9,d4dfd96b1b1df06a691961551d2999244d5c2a86e519f35ad8d1a82a65274750,033b4cffead15f26fbe3b141c1f78c2bfa535999a404fd857513eda5f16340d0,healthy,20.jpg,data/cold_raw_hf/healthy/row_0221.jpg
222,436919ad1d4791a9550f9c32e0f2cd871d9cfdad8c5335c56449798b37a669c9,4e9d7232206a53922a0c5c441f353e094c705335f0583edba409025f9040935d,86fd39edd883f292c360848b6ed0eb3d718369e51720f63e5426d402d226b5d4,healthy,36.jpg,data/cold_raw_hf/healthy/row_0222.jpg
223,2c4f60079e9d012d70adcf5addd56cee29569815b6c4f0507b55690e4325832c,2aa3a8a760199ddd78f87470e7eb73c84f36a0afc9953a4b5d32191b35cb597e,e3bfa994e42d22db0bb5047fb7b1f5e358c46ff5f519a2b7e95e4c7a3b1bf745,healthy,22.jpg,data/cold_raw_hf/healthy/row_0223.jpg
224,7e5e9898c20dbfade9d8b23c19118b73d6fd26224cdced105da1ad5da10bf8fe,0837b4aa4607950cfb90ff64f5471fc839e3bf4b244b70dcd7d9a403cca10f52,ce69fbed79278c8007e77f80616e97b2061c08dff9d4dc5f6e7fe837088e5024,healthy,IMG_2656.jpg,data/cold_raw_hf/healthy/row_0224.jpg
225,09b4d487d71ee2f0b5e685b2aa56ffc84ff466b3d3400199d881c055ca6d6b10,e13233d94e220577b550bb1aeece3e40fc6efca7d97cd91129d74c3f24be9386,05b4b89ef44806f815e579a5a3984897ff9c6a6b0dca525f1d4d1365d226545a,healthy,IMG_2016_1.jpg,data/cold_raw_hf/healthy/row_0225.jpg
226,77e9073d0771c7aad4fcc25e8372846d8ed222a5302e8704c351a7788bda1393,c0e70c04722cb59677837a4cea1d4c83c9ab52a9ab6394ca918554fbef17513b,416a46e732f25f7efe55b26c519634f152a0451e308a124a7c7ebb7e89ccc067,healthy,IMG_2642.jpg,data/cold_raw_hf/healthy/row_0226.jpg
227,ee53edcb5121b5cea4f825d1f85b041dc288c7b8fc44874262115c07082c9ce8,8ee60ab2e8acb95e0cd6f5d0ad21fe85a749df617e0aaf555580a112480a8fd4,567b7238c69edb1e1d5bc6aedc2cc5cb36f6fdda766d005394b7ad18df2cea32,healthy,137.jpg,data/cold_raw_hf/healthy/row_0227.jpg
228,afa5fe830dfc9a15cab5f4f44702b0407d3268a7f45b260686b01f86459c04d9,74b4417627890c72eff633a0280083576c5f7579dd5096b4a922bad10d365897,23c38cec4c63250ea499c82105d718b72f7fc8b7c84239757e052c4b049a5d13,healthy,IMG_0280.jpg,data/cold_raw_hf/healthy/row_0228.jpg
229,54d095b552d0a171e639761e96602f1ddbb5bd6490f10be28048e841f805d0d6,29740f56d084e3430a9abc437e6412001a03a950ed18262cb61aaee6ab76fe25,a3b0c899374a6781d831c93242247515b043f45ce3332d80abe2113d5b723947,healthy,335.jpg,data/cold_raw_hf/healthy/row_0229.jpg
230,c3e130059007a5f1a6a31985959438cc6c25e5aef6fe6ed32a9d572908c7692f,f475cea7a62dabfa8ad9956ab28b2ad4726acb206cf7ebfcc028b74decbe5447,2aebcd6c13f914a3e3e35d5e8351fe097ed104b9d2e3fe929724d26c13eb66d0,healthy,IMG_4037_1.jpg,data/cold_raw_hf/healthy/row_0230.jpg
231,b7d6fc014a5da9e7e72cc5fe89c7cd82ab967c7ffcda053876902c07cbdec997,aaa3d21394e6aed65e815d7c6af34d0ce6082e75b707d8e9f05080cf2acf3a53,2313b7ad5dde921724f9a4b811fbaac8816c5d0bc22d09b63ce761bd6228b089,healthy,321.jpg,data/cold_raw_hf/healthy/row_0231.jpg
232,fbc4ec11de862d1f3605bec4c81acdba1741cdf165903efed85a3684d60a94e2,0eb5af54d77123ca08193818215a8b4554b935c30bdec520a4d8e03cb5fcac38,18f02cb45e66a446e646d57f12277c7c7610a9d52d98f0f1303afb9169151fee,healthy,IMG_2029_3.jpg,data/cold_raw_hf/healthy/row_0232.jpg
233,0ee0dcefdb9f1100f931c178b3b26998ea68361c0608dfeb9df985970a4af7c5,72a498b044cb2a07feb6f9d664b18a25ebbf26da2fe4cedb1f18cf0be83d33bd,970ab2c57451821b2f65a310ea61b3ef73a3832aa8bda4b8c78be66c38eb05e4,healthy,296.jpg,data/cold_raw_hf/healthy/row_0233.jpg
234,b50d700653bb496706e4a751cba7beac0e53d17fa23485325077286c050e3d03,b55948fd0dcb87238ea244a4f6b484d4044620c64cd6fb059835d5dc68d4ad43,e2ea058d482e6bfc8d2706835033ff2cb5527f74dd3a5d7360dd1f0e192beab4,healthy,241.jpg,data/cold_raw_hf/healthy/row_0234.jpg
235,c9e65163039fc1579c21b289eea3f48413b93f129d19ec3c6e5db65ee945afc8,2a3c0b1a7c654cc4c03fd2f146c88a171e9a2d9b7afd18da36833fd4684db716,f6f51b30057a829ded1c4ec517316525ac8a51793aaee9911306a6c24aaf6dbe,healthy,IMG_9850.jpg,data/cold_raw_hf/healthy/row_0235.jpg
236,6a7edb3a7d8304d8eb304b5a09e0c7ac59208bc257d90d1f8bdd2cf6dbad95b5,c67073d5edc1ca6a6d7ff43be0c64ffd009eb38af740c8d3eb5d323eedf2fe38,085bb66399f597181bd29f615d80d8168ba674da147537cf5ca8bd177de374c4,healthy,IMG_2044.jpg,data/cold_raw_hf/healthy/row_0236.jpg
237,4e610fc38a55468872a78c9c8442e6cecc452d80429b04ff72524d557698eff4,e37f12062c55bef6c00e0497349b815056ca467487ecbfa3e63996e4361f2388,983d2acafb47bf48ee32b5177d14e4515c672f37b3ae78d1d91d4616d02266f1,healthy,IMG_9887.jpg,data/cold_raw_hf/healthy/row_0237.jpg
238,c8a5f5348d3058c74025ada5a64eb365bf1bb93c9c0500f129cbf080da6fc0d2,932319dbc7ff07a90356dab28f206da31152bc8de8202057ef862131786f0651,00a501207d8c8b607cca6a14c7dc6a7364db8e9dfca78ac33c4f4d1c4b9a84b1,healthy,IMG_9851.jpg,data/cold_raw_hf/healthy/row_0238.jpg
239,ddff42abd2e0187e19e61acebde04dd82b6e3321fd1737a8bff4aa1761a14d68,9efecf0a43e2ed4770e2ab65877b5c0c93b4c6cc37a144c385af9b1acb131284,91c2c64db57c95d36d3900e80fa05fa60956528aa2520fd056356812409387d5,healthy,254.jpg,data/cold_raw_hf/healthy/row_0239.jpg
240,0ec804f1f9543aa6a1a079b58111758693ef1e426bac29c32708b51807d1828b,8da11fc94084857cbb84c70f93ade886830b10bb1e31c58b481c2695a29586a1,36199aee65e98321e2f5719eab82c41d379c8a012849e8e9bb75761b994327c7,healthy,IMG_8030.jpg,data/cold_raw_hf/healthy/row_0240.jpg
241,69c08d684c85511ab47c3e229e853918c32cb5e2db2949ab376a15970620b707,64100872c9938cf4c93a1cd810b171b90ae3940fb2fef967a774084a466b9ff3,732bed4b91366e95f997eff839ca29d26ac10406e09533ea574e8c8d56944fff,healthy,240.jpg,data/cold_raw_hf/healthy/row_0241.jpg
242,0bb09d653b556b7523617adb9987fe0aa73aa659f037e3320fdabff320480e2d,99ce86cbf02acefa65ad637b1e1f2d10271cb0deaabfe727bc2f27e1c6091ec6,d1791f5c0694cf6f45525a906017cdb1a07cf49453c7349f5c5c7946b5e83ead,healthy,IMG_9460.jpg,data/cold_raw_hf/healthy/row_0242.jpg
243,def9d01ef093d4ff0aa81cf8120be036b453bdc66f281e97dcb3e271390cee7e,4895a1019432e3dfe813afa1f620089e846ca23bc5df8d38fc8ce4320aaa14fa,6f51f19d6cfb1c8fde0b45f4fdd9532638d04355ee0cb2f463382d5d8d5c4bb9,healthy,IMG_2034_7.jpg,data/cold_raw_hf/healthy/row_0243.jpg
244,06465405e9b71bd02bf371b545e963b0ee1eb62caf7c4ebb4f4c1261e75227e5,052c3f716965a23455f8e9a9e5a8d9cd6e701ffdbc8de74c937a576d67f9bac7,2d8dd421ff83bf337cd47e64f73bc1b8dd12a1c981308a290f79103f83ec81dd,healthy,IMG_6179_1.jpg,data/cold_raw_hf/healthy/row_0244.jpg
245,1f847f9af7bcdccff6ecbc9572932c676418554eb4a6fcebfedc1f4990cfc0c5,eadb5a561b3ba7806049b4ca3cd5a8cc8408baafd7bdddb5c97509dacb2bbe02,3390a9497ee45fa6ea2bac69363066e266853530daa24cdb980281e18ce50201,healthy,320.jpg,data/cold_raw_hf/healthy/row_0245.jpg
246,3894f49eab94c9ff1d1261a55b51105fb337c7def501ed0be93f7e99ed6c9986,c63cebc4d161abc11d54e6a62dde4c557321e104db4b4cd17966a179a4ca78ad,89a699981c14126bdf11e83716b9f6b0ef8f6841a58782348dba1220bebdd626,healthy,IMG_7511.jpg,data/cold_raw_hf/healthy/row_0246.jpg
247,efdfe725ec7fbb2febec9d122dc921b42d432b89467ec81f7e122a5e6751c59c,db9dfcf2b3c7613328080a733b725fb384dc7146e920283bcfab1764f5ff3756,128e25341882d6344190999004fef7d862e98a40564dc76d4791f84dd64cd89e,healthy,334.jpg,data/cold_raw_hf/healthy/row_0247.jpg
248,416cf7202c10ff2a403d1ce9762e1f2b76b55d15d43150e1b0e76f84452a09ed,082da4be15a3a5615b5bd90731f5a0628b28aa4ad6c90231111b5f55105ee925,1f1bc6aa3cf6bb6a7db97308cef3c96785abce5791db43effe6143bce253f0d6,healthy,IMG_4030.jpg,data/cold_raw_hf/healthy/row_0248.jpg
249,a41f7a072c33f36ff560893a0fc95376c2fc270bda8799fe1d2a6f6c16b029e9,7cbfd0b96a5f13c62fa469a2fd0cbc46ab4f9435255f4d72356d42e93696f85b,5220418a47c8fc956dcc5ec2a4f41e6064d4bb06d90642dcb3ee9f7bbd84b198,healthy,IMG_0281.jpg,data/cold_raw_hf/healthy/row_0249.jpg
250,9a0471cc13f319421c6548a88015913ea7ade4d366df4c36715b5f78f3396183,d25afa620d6d625fc011bcfd70dbcd2bc07e6c3c6f0152193130d923bdf221cb,ad1bf559169dea4b6db0a330c17026b10dfc5ac82780127a26de210863d3d019,healthy,IMG_2643.jpg,data/cold_raw_hf/healthy/row_0250.jpg
251,d1157cacfbfab1627dc1d6930bbc913da2756691205fd89d9a8a85dcf73db798,ad272dfc10de4955192b3aec394baff2f6d039b82b96d6ac2427c13c96443c32,174beb04ee033178a7193a1b29df05df1b9a24ff085d7169d58f0793adfd2748,healthy,23.jpg,data/cold_raw_hf/healthy/row_0251.jpg
252,63d6834388ec891f58f76c598bed741b9ab5fca76cbb27e1bd7b3ecf18f8e638,c61835926b7980c7d679e4c0b3845bc0d72c891d7e6a8b49f224e19608ea0691,ec204b00f4a5c50b81a8e2f417737bf8dbdf9cf47b7a8f6ced77f1fe7b8418f1,healthy,37.jpg,data/cold_raw_hf/healthy/row_0252.jpg
253,817fda7fb9cc7563d75c6812ea9c9e7611c42f5718baea4599c8be1253625a32,1d9033ceaeef2d3209a1c4b0d0cba16baeb7dc4cd87ea1402cccd7f148e27f9b,d3ddda020bafdd5942b8d6958dd795ef39fc46bfd1cfeb4333a04c5845e9fa0a,healthy,IMG_0259_1.jpg,data/cold_raw_hf/healthy/row_0253.jpg
254,bfb991c04796f99fc6490238395dcce98d58005d7c23ac4806a13dc7ae278a5f,0235119d37a6d5f1f77ae0f1024c38a348ac9fb91d0855e3683d811edae81f80,a10accdc6321dde17b0682f188448fefe88860f3d2987a611ad2605d9861ca53,healthy,33.jpg,data/cold_raw_hf/healthy/row_0254.jpg
255,e965d05ccbd61a80d67b552db5aea89865ede6b9440f03861594ef2512c4cc68,63b7d20cb8b7884987b6f334f5fe489b167106315cbc45de799fc32daa5dd3a2,984633371ba9a22c1f6cff80dafb024509ad001836d31418714c8f35a2518a2b,healthy,IMG_2653.jpg,data/cold_raw_hf/healthy/row_0255.jpg
256,5ed9ab4628dc174c5f13206b9f493bd35431ce551ca942214bdc83ca4d6e4c1b,e00246452e9881f5e17300fafc5adceeec5058a78e5a1d5188aac8fd3b8d0e23,fb258ddac8f88544f8690a19884e086b16e4a9f3d43796eb0168468476926753,healthy,IMG_2626_4.jpg,data/cold_raw_hf/healthy/row_0256.jpg
257,9a65e7daa0e4ae645e8d4b8c78ca18444839df43f16185ce536121329d625825,e2678b1f19d52bb695676f0330e4d74579133fec7edbdf998c8fb98193653a5c,97a5c92f9e4a2f36a47c9130e921367d9d879268cfd882b7345db86e693709e0,healthy,IMG_9495_9.jpg,data/cold_raw_hf/healthy/row_0257.jpg
258,b401b2c2e9f0f56d9b8d04674f69ae75c844ecbc17581f09edf5d52eb11c60b9,79dfb5540b6864b67aed49f02a83c98c08a6710e72bf25f27be0ffa65c85aaa7,87d9268e70ca9c05489c732ccc731ae2e54a6d277a1fbacf966e1ad3f70ef71d,healthy,IMG_0285.jpg,data/cold_raw_hf/healthy/row_0258.jpg
259,c57e7d1cb437fd59d04aedda06ae7b55ef1e7ec3be530af6aca2830a34bbc611,ddd0fb9075ee1809c04bee454d0df6d99e20f64eaab846340f37e59b8b72d67b,98968b7a4d9f31885b62b61de73bcbca95c53267175dd035a50cfe6e49cf79e1,healthy,330.jpg,data/cold_raw_hf/healthy/row_0259.jpg
260,a5b2893d9dd898e37ec4a673226987a13987576dbb357fd0dd3466fe7cdeb497,81fa033539cbd1d07a7b1f7edd1ffc7e25eeac91be02001d150bbb7f31dd3264,580dd0b2cfd7c760cccd726cdfe2594fa233b6a204f0a53c7c5850deb03f7241,healthy,324.jpg,data/cold_raw_hf/healthy/row_0260.jpg
261,0477689ac34309d6891325f443db2354308b91786670f04f6ac365c0cf287b21,8fba7395dabb91aba3322109f799b9f27893f6b7f661b8a078f27fd9ec433c7b,c7337ef17212b90be03e1939c5b0cddb7cbc86dd114a869aa2d143d3d216e2ff,healthy,318.jpg,data/cold_raw_hf/healthy/row_0261.jpg
262,64d812f88cf6ced24d417e05075fd597f369d9813054aa250497db0494acedef,0133ebb0aec9ffed30b1d754c82f78a2dd9c2036e5047cf965c249d5b8e9755e,c11db941b5907e661b41f1b904ca50d05593c880a75bc823e19f3a5a09be0af2,healthy,IMG_8791.jpg,data/cold_raw_hf/healthy/row_0262.jpg
263,ef8c63f60506f5b04f52914891360f56f85fe60cf4248e83f3e7786243081983,b33536e467cbfec06abd64c43c006221e0513f1649a6aef4a13f12d4ec515d7f,4bfdc2aa95725abed78de2a699ec803b60de6dcb2f05c77d13720ad1b381398b,healthy,293.jpg,data/cold_raw_hf/healthy/row_0263.jpg
264,60952564ce430ee0e5c4bc5cadbad871b2556cb59cf20003305062a28ce7c687,e7bda016525f6a954d3b22ed926b72a73eaaa62561d4ec10e7c06c3825e323c9,26aee5a30e327287ae1b4a73b1cdeb7215275c137f0ff965774b50290a3d7dba,healthy,IMG_8034.jpg,data/cold_raw_hf/healthy/row_0264.jpg
265,7882dd6df38e2ea93a456d581296d821604d47a5c83ef66a3aba6c6bfa7e5094,bb28bad469582c4aa7e70b10c81e061a0e1cbb02611d1a07d0897063ddb7db02,8eaaf455378d387a9e74947893e6e04b0e3c8d9c0a17c5e7ef44ae9f28e20833,healthy,250.jpg,data/cold_raw_hf/healthy/row_0265.jpg
266,76b46527a5a815eadd07fb42f0f36924462afbcf2c84672126865bda30599fd0,5e4411dc7a607c0594fcf377044956782b591ebccc594174777977410a53c61a,98c30ce099a6988aa2eda4ff2c969326bd533fad27ba06b25f86e01fd340a4af,healthy,IMG_0332.jpg,data/cold_raw_hf/healthy/row_0266.jpg
267,7a43cf2593ddaace08c3ad9d424ddc7331b7876078213299be2fb7db626e40f6,700afce11e22269fbb3420c4b0d0ced68fa89d284308982d121f72c52a70efb4,41c3108937269e2ca5861b43932de9c29ba1e43d0c1689b3ef9529dc28e19f80,healthy,278.jpg,data/cold_raw_hf/healthy/row_0267.jpg
268,faf27b0495bfadab73b2c01f7af4d932beaf6695f3bc4c485c4a646c52cbfdd3,7df599f389cee8579e70b482f107dd1d83910d8b4539c5b420f64dfb79d21969,2945615a749cefe94721e4ba7b8ebac5762aed3e174ec8168263b6797b7947ce,healthy,IMG_9855.jpg,data/cold_raw_hf/healthy/row_0268.jpg
269,69b8b35ff9d31efdef2f04abe98a593676e2ce30767da670fb0e51689bab85b5,cb01781cc8fd51239bc0d8fb1755591009d285c07f730fbc22d48455c7da17cb,9062648d6f28708833d6f1548dea93339ff9fa2ef733752998c5626c1e05fb87,healthy,IMG_9869.jpg,data/cold_raw_hf/healthy/row_0269.jpg
270,aa02cec33faaf72097df1a172d77464fd46a9f61fd8d8ee4ff19583b8e2101a9,fda23e7ac36338e411494f3ef28de038db6ae5a1dda939cfe64de84afb7f7f0f,41883c188776eed27a4e33fed848ce195993c58ac7b5ba024510782df9847ada,healthy,IMG_2041.jpg,data/cold_raw_hf/healthy/row_0270.jpg
271,28371bf27a2ba9ae0bc2aaaa9509ab8d71b490f279e250d6f2b70db0bb1876f6,f55f0c2264d91d96a836d87f87b2b5469a87fafb7d88a94b800bf4deec1c8c87,ef200f3f9e32f7cba26decc8afa3d46d8596c13b32c99c6dbae912d57eae3a39,healthy,IMG_0264_4.jpg,data/cold_raw_hf/healthy/row_0271.jpg
272,72f6dc641968ca9c26914874b0eccdb31bb96886f3444ff05be4688ce96937f6,190c224a6f7bdb879e74ed81bf882e12206fed4ec2c458c4f09dfd2ec6fc405e,3a35bc253ea38a5913f41d6b12c4a4b79fd074977da6c0c369f2cc32b175fb0e,healthy,279.jpg,data/cold_raw_hf/healthy/row_0272.jpg
273,0f93785c2a9ad5dfdd46b64b7291ded599bb16f7aab636acc14b9215cd9a8c66,e750f6d66229e51c329e9e133c64110a95c719d9821dde1bac0f61bc51c7ec2f,64136a4af4a1805712560965f4536eb04f354ab7e7e154a63670e9d669259858,healthy,IMG_0333.jpg,data/cold_raw_hf/healthy/row_0273.jpg
274,4bd3d3370847deb51b947c2948f06335bdfba9fd06773ba243fef6996b998ed3,576149a184a93c75d89840c335f343a75c9b910c718d477ebb8c9cee9e98b340,6f75d76f26e124caec2f3ab6c55e052ea8041afc8f8b39c357ffbcda5360437b,healthy,251.jpg,data/cold_raw_hf/healthy/row_0274.jpg
275,33411aad05a16bdcd63828eb81e52fe2215f23e190b29924525390edbcd8eef7,2d1f720ce37dda49393c4d34e9aa1f0d42d5ba2c069d3ba0ca4954e36a57b405,3ccfb04db89ca50b217b9c80b38bc0bcc655ceee921e35fef9ba6cb5dbee964c,healthy,245.jpg,data/cold_raw_hf/healthy/row_0275.jpg
276,00868309c9aef58d56837a752eb485dcf606860678e9afbc8272c2144a379b0b,2306678f55065a2dfaa9d207a5ca40728f62d10ceb4aff7286d64c31bd4fd84a,77d14f0b2db3a004cba28332b2eaa70123bb194bd480faafc42734b3db39d24c,healthy,IMG_8035.jpg,data/cold_raw_hf/healthy/row_0276.jpg
277,3d0ac17bff970c5c74f16e31611969d38a3c2b30279b33179aeb4f3673829fd0,e0802c3d2081574abfab24de1866677ce3d8de3d66e092444b227adb411d39e9,3249796bada53d8c226c986be94f32eda8426b460dc6b9805d7d171c455c3418,healthy,IMG_2620_3.jpg,data/cold_raw_hf/healthy/row_0277.jpg
278,957d936255ab7f9811de591fee24c4c4589ec98ad8fda15dbcbc7d24889dac41,eac4ada2409053815f78d80e5f19554e3a5f967e23cb9670d2558772db9abe1c,f1b89a1d39781f0eae23b7c4e5ba867afe99a7c1fb0404e67aa64525958504b9,healthy,286.jpg,data/cold_raw_hf/healthy/row_0278.jpg
279,72ff4c6c225f2f09558c836f264231bb4a73ced0c9eedadfd8e4a5ec89b48066,9ab265d2b3347197b37b29c2568ed022ebd601afab49f28c1d6c126ca6345d27,f15d152fecda4ae27ab24baa56982b1dd573d717890f37fcfc21ffcd992cf4b4,healthy,319.jpg,data/cold_raw_hf/healthy/row_0279.jpg
280,8103eca76f879a4ade8c20a1ad2619069843c1feac74df0b99ad97747792b003,092ed730c58a770b9b038868a682d232e382f31cb774fcb9a2ae6318562fc0d8,6e892a16e37f9cc5e758a16995d7f47a2f42721fdf860c76c57dfcd7b3b6c4c3,healthy,IMG_4035.jpg,data/cold_raw_hf/healthy/row_0280.jpg
281,15e93b1b1570da05a3789777521d01c7785067b125947c7635714b1507917dd8,e59303dc1d3e836fde0a133ad825c401bc5b278636e5e2f3ac7bf4d9faa620e9,0c2c989fadafceef5aebdd7eecbcf5f23d5e12f589bd5f145b98289d1a0f0273,healthy,331.jpg,data/cold_raw_hf/healthy/row_0281.jpg
282,61e1a05c92d960df9ef4b5f3069f1e1dda8db49d98235f8ce7d08e8242365be6,7debfb276d97952e41914f8fbe39eeb981e1094cfeae7e1d252b984319b24039,da753fea238c7c46e1e94f3f650ace2c753576cf49035375537219f4ca246a19,healthy,IMG_8828.jpg,data/cold_raw_hf/healthy/row_0282.jpg
283,db28c0b6a4916fbbb7df7f64256923027aa11d4bf5c995fbcf8526915c52d87a,520df8128df7980a92c5a0bbb7420a70f7f0ed6e74a0ccaf85827b9e5095e97a,bc6c920b12804880f43892329bbe294f74cac067788853080f946d6281aa8bd0,healthy,IMG_0360_5.jpg,data/cold_raw_hf/healthy/row_0283.jpg
284,3111424f67726697a0b4f07ac0ab5fe116397d65b1675eddb4860b76db1d7871,6445b7cbfc485ee96e34cff5cb72ca8792a87bc19c279b79d032a181ac3fcf2c,f6689005b28e243b6f70f28f96f14d1c8df9434d71c8eb0089c638b6e77092d1,healthy,26.jpg,data/cold_raw_hf/healthy/row_0284.jpg
285,bf240e9844b98cb28b22378aa6a796c58145825f3e789dabd7654e18a037dbdb,10b6a91a5c55fa16382dc76f5a98d99544028578fd4d13265557efb35c8ed6f9,65d176992106f3dd0a21b64c98a6cd725bdc200763edece7bf4857fd5f92c1ad,healthy,18.jpg,data/cold_raw_hf/healthy/row_0285.jpg
286,eaa82f6df545fe6aba44c73388dff4929e488d1a76caed6d3a159a86c20770d8,963198dcc394944bda9923a8b1ba679eaa598639281a3255a7870c2485229a91,72552f60c95fb313d5dfcad534d4e4eb1730d662c79eb28cfb236d6493727883,healthy,24.jpg,data/cold_raw_hf/healthy/row_0286.jpg
287,207b36351b6794f931fdb7282fa3b29f1c582c3e7668410c45a5a0aff6ab20dc,b88c26256f9b669b7e8d3cd8d21f479b8cde25914fc09259c3e9ee370b95749c,ae372b75787d4de11b1d38e723b25dd22426091811eb29d54280ee6d2ffcf63f,healthy,IMG_0259_6.jpg,data/cold_raw_hf/healthy/row_0287.jpg
288,b0b59cf39a73c3ff030d978e7eae5b7d7a4df6c2ae122baf265ea8424b942a28,c54b65aad27479b1325fd7f470a6babae067416a633833688564acee545ccbf2,eb23628f1f1bf630e59beb9c56c639cb7ae3554b6a45c8722eb25f7dfaa63346,healthy,IMG_2678.jpg,data/cold_raw_hf/healthy/row_0288.jpg
289,72f1d99184ae217bdd18fae388b75b58fd4a17f48e855985cc6027f4146e0fc3,3c5567c4ca8462778733a00cb0ceabcebc316481146e831f00531bf6d99f992b,395fa3b5249c9022322417df4194f88e81eb7fdda9f5d3e037c0e026bfb18921,healthy,IMG_2644.jpg,data/cold_raw_hf/healthy/row_0289.jpg
290,8b3c33639d2555a85e84b552f0ba89e08520e09cdcc5dc2f7a7c64f89e51e57d,077636e4e2f54c051988becb3f077b419c195944586700dc4fa7ec328606ea6f,3fb54f4b4eae3a53d8d03161dd2edd1f07f18bff37a11358baea6891dfdb0e73,healthy,IMG_0292.jpg,data/cold_raw_hf/healthy/row_0290.jpg
291,442ac243f7107a18d47aee6fdd9da37930e098f86a71ddd070900d9ec9163c8c,e802f7f9da7031dcee987cffaf29c71b77e690d60c44872f78d494187d8a3eda,6999bc4da2606f4dbf09e3c46dbbc0b7b4aff99bb89991fa78b6b258bf878ff7,healthy,IMG_6185.jpg,data/cold_raw_hf/healthy/row_0291.jpg
292,ee71aaaeafe0f938d168822a35e7909eecae8a25bc9a5312ef30e9cc576b66bc,87a0cb20e3ed9add2cc39058e8236284998c734d0c494b127e3f2cea4002e739,7ada1f6841d4c2e18e9a1e95fa05f7023576ff89b34aa5f2c9ab6d1a795e9a1c,healthy,327.jpg,data/cold_raw_hf/healthy/row_0292.jpg
293,d50b0b7d1ec9c95000b630c697a544508f1e01a6af4a25327dfc40d6dd3f3cfc,fbd5fc6defdf926b6a4a1139372cc4f659d6a33db1fa05771060b8af045d463f,1ce657bce31f2187a93e3ba751c8b356582c294171b6c2c7151c3e873c2fbb7f,healthy,IMG_0279.jpg,data/cold_raw_hf/healthy/row_0293.jpg
294,0bdb0838584805313ce23c66d43acfb92e0fb89e74061ad746b806bc9d02d90a,cb7c4576c43fcc8b098614d626fecf44b3206b43cc65bb662135f2c6449bb022,650ccfa447bf5c9080bb07f55616f47daf8c80eb069817372cfeafa3e7458a48,healthy,IMG_9856.jpg,data/cold_raw_hf/healthy/row_0294.jpg
295,f2ef05efb53910bc3b105d8e5cfd9706f30396a51a7da39f5d0e3b3ac95d1136,a52da9e5996366603d40a2cf931b91a407510e5d21570e258ea9925f522050e5,6a9fea77e1223e7e3a190dd982703bb22346dddeebcc9553ebf4c9bbff15f8f2,healthy,IMG_9895.jpg,data/cold_raw_hf/healthy/row_0295.jpg
296,420bdd2f66bf8409b679657a60c70ce7e6c2bce5566c370e580c519b2bc7558e,022db29d3983e125f1feab7f7ca3c366359a0df0c042aec87ace962a3c35fce8,bf78d9da6603567f79595a88d08b7ba8a38e7a2e6e4a00e797d552ac507a3f68,healthy,IMG_2042.jpg,data/cold_raw_hf/healthy/row_0296.jpg
297,ab166a490a9618fa6ad27c93cb9133642eef0ce36f8269098721ce0a45094a7a,866c98a4d22bf7e523122b456654f0922b37657cc6546916de1182d9a4c694df,ce9b18d27ab1e32051d9cbbe078d7664f497325d533bde7b106708ba891c4409,healthy,IMG_9466.jpg,data/cold_raw_hf/healthy/row_0297.jpg
298,991d70ac7bb768dfcc9ea40b3400d460feebc68bd3982d7f372a6248160c4652,cb30e4d0aa936a16501a2dffa5a9a6049da07f79256ff190f566ab7eb816c7e0,3d3ec8ca29b9cb3d66f1df6c056bce580d4b63f972fff99013791287342b6c14,healthy,246.jpg,data/cold_raw_hf/healthy/row_0298.jpg
299,fdfdad1fcd2e06d0d109b11e68862a33242f1676eda25b0bb2a586dd39ca43c5,7d12541b4be8b55e8ffe15ed5aadab9656a568b298028374549707a4f97c5361,00a90b6df5a92b9d4758dbd64ada97751f6d6a3ec0aabf27c43f9fc15d3633cf,healthy,285.jpg,data/cold_raw_hf/healthy/row_0299.jpg
300,b95db9f047b5f0d6ca08b36d848181ca32807197d18708dfbdbce4d97d44d96b,dabc2c09309e5ab5c26766c498e0b23cc62fa709dfc177b9620e76bfd9829ccf,68a385a42d051b9909a6c101fae8554d49c5865a100fdf17a81151c59880cbd6,healthy,332.jpg,data/cold_raw_hf/healthy/row_0300.jpg
301,c73306d19f43322b106cc4ceb7c0f4ed99e30ad97bc53567eeb78d14e4341f31,8079bf135a609d554321f3011e5f73f6e8378206af893d9c0028df1042991317,5414403ff9badd736d24c584b2ebda3d411c82da5a969e70c2b990ac7ac12eaf,healthy,IMG_0293.jpg,data/cold_raw_hf/healthy/row_0301.jpg
302,9b44244806b0dbef11b9ecfced3ea86f1664b4eccbc3ab2fd99925f7faf99cc2,834a6c255eac5251b4d8deae35658e44bf4d26f1d86b968cdc5514c62cba33e0,0251da78a269f95db154efbc07779c752e7dca502caa8b4fcdde48eb93edf03f,healthy,IMG_0346_5.jpg,data/cold_raw_hf/healthy/row_0302.jpg
303,0adadb8021906e209e6be316f51c1c04827ca8272fdc61b951080e9f4600a1b3,a113fc16a52b971c130778b7d234ba186a28b7bf1680def05ab0497c52717cea,5f39800ea3ba359f11a74a7ecb47c49781d1a80e75f3c551bbe7a18d06c2b1dc,healthy,IMG_2645.jpg,data/cold_raw_hf/healthy/row_0303.jpg
304,76858ce6a818a24b4fdd69dc77881ea9d74999185f4519d53e786a528b7d9693,1df1ead9795d76ee523bd7f745d19d115b50266e684affdda0ee26aff9cd8c82,9fa9c83c2b7215196a886a1a392905a69ce96c1cffef7d6e03988e16bb9da35d,healthy,31.jpg,data/cold_raw_hf/healthy/row_0304.jpg
305,75f31f2ae8adce0f34ffbdcc855282351324b060bdc816045f061415c62f307f,efff2892fba28b2268458a2c4801d79975bc09ef1f3b0ebb3d3ac0fbaf9f1046,bb15bbaa13709706332ceadbe20dc3c3980f76900aa97e8d2e281dc14cc26499,healthy,25.jpg,data/cold_raw_hf/healthy/row_0305.jpg
306,074f5389a1ddb8395799db0ed4bdf24082b86f8bbf4d7c62914152b0c394e3b1,dcd1e017d53df053a3ff7cc1315be397b6035d4d7c09b797cbd8683948ce8036,90f73c939e70affd5a5b023dc7a1abaf270dc47a582ae4b942e9a817bed1ff27,healthy,19.jpg,data/cold_raw_hf/healthy/row_0306.jpg
307,c2eaf1159376255a047ecc3d5bfa93b80a62152cba7a6c6603434fcc9dfc9473,febd961d1b247e6438a423c52ce5a9e15ca154cdc84da86a6fb77b8ab1dbf3ed,258c0fcb8f67f0a9f818a991734394604719b55fb43c6317447b1ad64c0d858a,healthy,42.jpg,data/cold_raw_hf/healthy/row_0307.jpg
308,dbbc6b2443572c78884f9b4d0b7110756fa3a7d1ed4fb31ad088d0cff642250b,697d8c7c78fc7f4508057d4c9ae7a5f3bbc65edcc1e96a94eaf0416bb782eb85,f0ee5d7b03404b023a5389ce2ec2d1d88be0fe7c04cbb0a27161b35111e83911,healthy,4.jpg,data/cold_raw_hf/healthy/row_0308.jpg
309,af0e3c36eac96a410d0fa22ffc947ddcf6576f4224259e9c8a865c0dc957fc8d,e95b5052a85204b7f4415a729388739702aadce1fb19089f120d1b4aa1251d39,63bfb867f73e3e032c2a699b6038d43d2d2c90dcd411dd9f17cd88a7bd2c3321,healthy,IMG_2636.jpg,data/cold_raw_hf/healthy/row_0309.jpg
310,3114112ee3e238db57f0d8c3272d2fe6cf2c10b02613610ca8ba656efc06bbda,bc8f7cdaf4ee8b302443fc214ca91583bd22340aae74cd4a05fc5041562f65a6,3f79e3464550c0420df8215020b89eeb3ffce41c8d368426fd2445f098c9b6a8,healthy,95.jpg,data/cold_raw_hf/healthy/row_0310.jpg
311,d42b036866641842807178b7cb44ab2b5213b350a401ac6c3553ca18d9b5b61d,fb42ea2bbff8a977545310f15648b3a0713f0b097c6b050b1e47d9a7604eb30e,5eb012cff1f0f679862ce8ccfc258246d763b39b486d1ace83303436c24e45cd,healthy,157.jpg,data/cold_raw_hf/healthy/row_0311.jpg
312,30c86119d5f12d8ee7d5e7953e9af4d1b6981784d228e0804012bcb5167af50c,44308ad0ac5a48b2069a96d6bc75a8c83010b8a41af1ebd1b610f2f31a56ca85,6ae4cdbbb2a0245b9a95fdc655d47b0396a0f95076d68a8e08722132009d0774,healthy,IMG_8870.jpg,data/cold_raw_hf/healthy/row_0312.jpg
313,81a6ca7ba8cca8b53f8231f584aa919dbacdd71d1b0b71b5b9c5e60b268529b0,77073397e984f34cd237d23b90400c00e5f9197aa86848e261e9b25993d6254c,f9bbabf6e9fd4471855f89cf9cbe6cbb4873bad40af166ecd2e3e77d4499dd07,healthy,341.jpg,data/cold_raw_hf/healthy/row_0313.jpg
314,e611eb1219108ff4a0b3d3bd1539d34ef494d5741f3b572072b26ffa1c3ae076,727a1cb536206264c3fc607f6aba6f93fa2a228ef87519635e464f851e4edeaa,501ad845a403456082f604b1b4a71803543f57086cb9bf92b19ed2b951059d33,healthy,IMG_4079.jpg,data/cold_raw_hf/healthy/row_0314.jpg
315,7214b079b6fc7f75eef076e4e60b30920b96d48218311263a7865d5a05172953,f1a231818e69d6fe216c5bcc4b20efa7df4e6fd385548f2ccfaab90cfdda10f2,19fe5deefbb302adb23d769da133b1a3cbc7e4031dc07f0fd28520697c8f0f00,healthy,IMG_2627_1.jpg,data/cold_raw_hf/healthy/row_0315.jpg
316,1b3a3ac2ce0a26053b77aa2b882a61f1bdaccc0e2ef3a439e0f9b73a49579118,625821e17ced19493064aaac61808a8c14c33f77b3699327974c9adf859594e1,d76b34880f11d66251ccc93d887fb5d1a31d1f67d422f9d8155f22f6379811c3,healthy,IMG_8086.jpg,data/cold_raw_hf/healthy/row_0316.jpg
317,bd11d9b65e3a666eceb33606412e339afeb964fa3d64f8c7c1a5b007ebf6fbca,61b9399f50f2fedbf2df7d7ae3a70caaabc89c4f3ee7e3d659409589826e3cdb,b9c64050ff5a5c0d7a8d7d763749a1c18f386f2c9cbd9557a0ac5f5a68cef5ed,healthy,209.jpg,data/cold_raw_hf/healthy/row_0317.jpg
318,f5722e82a782c8f7c45dc03f6a69770c1dcffa955e51ff6cdb81d2e06fd1fb0a,4a50c22e83f4d3475d9f843b4cdcbbd99a63549cae8d747cfd0c32d6194ff9da,b5a8747bd4cb7267fa8a900b7791dc66e924a784868d1899750908ba66ae0477,healthy,IMG_0343.jpg,data/cold_raw_hf/healthy/row_0318.jpg
319,950acfe594b2fc50575dff0f6f23cca0646b5d8968017fd669fca3e7f1bdaf50,5b351647ceaae3ec35338dbc7e929122ea1abdf1f4a6fc7c73b37f71c1d75c55,951d737e9b77487e707bfd19d96418d0af1160db9812f7120a613c926d93635f,healthy,235.jpg,data/cold_raw_hf/healthy/row_0319.jpg
320,b1c8cf4321c76f32055077b0e4a8d5a71a888fd6384b9ab53f61932678629fd9,d807487fb2f96386809105de0294e01c9fe1aa01f0757e82b71260b85f3136a1,efb6833784f8ad11de6693d305c790a76a576317f73373fe0af7ea2d31293459,healthy,IMG_8045.jpg,data/cold_raw_hf/healthy/row_0320.jpg
321,ba6056657ae4ef32331cd6fdf31aabea5fb40a8cadc5ef49d6c6e705509f785d,a7dfe47c19648fdb057edac8f46225689a5327fb389cffaa1403b30fd87ccff2,ae5df5981af61205b77a30c5cd7d6897d24fdba64185ad9795cbc7ec70626ab3,healthy,221.jpg,data/cold_raw_hf/healthy/row_0321.jpg
322,962718ef56b8a9bb196f02be6a1d5f0bd159f87eb8a5ca6d6833bca7f73b3444,5ad97dbc0d1e1464fecdbc3e6a8c330abbf930be92023c536d53436a2ac38b53,ac4f6ccf2e9b19243f6d59f163b2f66264aaeccd0fa8318f8eec6a6063740f7f,healthy,IMG_9830.jpg,data/cold_raw_hf/healthy/row_0322.jpg
323,ed2ff602be47bde7a1658094d8b98c7cbbcd7c7511fc6dcddc430e3a927a3742,6ac7c8775f710c2d6109099ea517b1885ca1d553ba61af9b673e4e5a215b52df,158ef080f0ca7b6efb908fc8c9a45232c3c048c5f35179b7fe628035e739d9a1,healthy,IMG_2030.jpg,data/cold_raw_hf/healthy/row_0323.jpg
324,3a7ca0f2cea28fbce36fdfb1addd4981eab10541c2e7810c1213fac31db3d324,dc2e48c6ebc7e45ab2267a80190c24972064344064a7eacb4735da8130b9bdea,d149f4cb902352b5268720e2b770b7bda843e9e219bbfde9dc34aa50bc9c2799,healthy,IMG_7612.jpg,data/cold_raw_hf/healthy/row_0324.jpg
325,033bbd77f597ff2bfe507d886963281e905b9518fa778b8d232fc5c0fecf2666,80af7ddaf60a2813a51772a157dbb1bc0332c0a0a09cf6ad3a455dcb0b0e23bc,2a20188d559560043d9be5b8436c6657f7fecff845b618745071e7efb7de563f,healthy,IMG_9831.jpg,data/cold_raw_hf/healthy/row_0325.jpg
326,065b815a4e453152fd7979be3da4f6f44e24c1cd63d555630f86223692f0aa19,c755aa05d4d4f34b6ace74332737acbca8fc633f48b4c89330294b04d8349092,267567c1663eae4ad9d92d71428a82e9acfc7fa9e6276e32a2d0764a110a9b30,healthy,IMG_0258_1.jpg,data/cold_raw_hf/healthy/row_0326.jpg
327,fd5fc72f6ec3a58696e8e67e95fff4b763f798c842f4511e37b3826a2644754f,b43979eb971e2850b50872bacc1b52f8899970cf91d45b1efe9c0dfd312e3316,bd00d1b3b6c0f8fdba5bd496bbbe3678a46e729fa90f3ad0ffb6ab99b9b96f4f,healthy,IMG_8054_5.jpg,data/cold_raw_hf/healthy/row_0327.jpg
328,d3a799559e1311c370c6f1414313c17c036e71877e7b0022972eebf5209207a5,c1404c3ec2b45746344b045c354b8a2a06a601e6901a072635744d65a51ec785,52ed9887cc9d0027ed5598d981b6a5cf4345587e3a00aeda28d3ce50cd147424,healthy,IMG_8050.jpg,data/cold_raw_hf/healthy/row_0328.jpg
329,c56a68c0d2d48abf3e527199624d5f58941751336a7485cd6c7aca302fb69710,98d0a1d913c2adce311ce7cf6b248f37f4580a1ece31d2dd078d6c821b62f9bb,8240352a07fd22ecabf4e2989ea32d90247f013758aa941f59a30dcb13610aa8,healthy,234.jpg,data/cold_raw_hf/healthy/row_0329.jpg
330,547d1c6931c91e4c0e3b1ee2a34c35e480c5b317d83e208cb01ed2f948df3c2b,9e4088caee5f55a71694b830fb3c8f332ec3def2039231f2dbb427bd261bc398,c0d916d5dedf7aafa85871799cc40bab8edb03fb6c5670cdd74be1ea106402b9,healthy,IMG_8044.jpg,data/cold_raw_hf/healthy/row_0330.jpg
331,a393e65f00ae138bb58279c2150b8baaf8a2c41bda702dc7168bbe09d66d26e8,2acd34d6add3f0ae6ecf3d1939253145865f69be6af53120bb9e7f772d9ff309,6215d42d3bbe0289f7c714057484da8976ce703fdff4a31d6e677c51d2a280f6,healthy,IMG_4656.jpg,data/cold_raw_hf/healthy/row_0331.jpg
332,203054e633a2c65ae9ab9fc6e471c1de41d86299044940e509aafeb7daad1bee,19ad0c7b4d53a6d0c6c4a80d25404a7ea622866a8160924aad837a90f4feb398,be8743fa2f134dc14ceccbfcc6a80d15679fb86eaa2e1cc9e19b16d22837909f,healthy,IMG_0356.jpg,data/cold_raw_hf/healthy/row_0332.jpg
333,bba508521848a9c3f195a312452a81a3b58a9dc06e913755a07515323ce86c05,33ae1ebf11eb35ce9023b7cf6603b9d094d1ace229d58680bb2363e9f441853a,d7c5db8ef21700a711cdd0284df8271e4d730928f766ae62a2a4523f90f4ec5b,healthy,IMG_8833_4.jpg,data/cold_raw_hf/healthy/row_0333.jpg
334,f0c0c77f27ba729a6795e0a5691489498ab40e50c00bfbb43c690224ba8422be,2b6bb4bfdea8cb75c02a5beec92611849cad780210a4e6e55171df90985c47b0,7c407e88cd36d5a680af9dca28ac340364ad0655299c74fc6301d341a5f4416d,healthy,340.jpg,data/cold_raw_hf/healthy/row_0334.jpg
335,334d200132f4ab4deb83ebcf7137a15c11a1f212ee21b963db4e8bf72a6ed29b,c233e1932b00a084806a2ebb39e58e4abf5bab02eb4e6cc39092f9b2886286b1,7d96c673beaa45a2b7dabd8bee0e3addd061609e8aefb30de7831528437e89b9,healthy,IMG_6135.jpg,data/cold_raw_hf/healthy/row_0335.jpg
336,c4a938b260bf12b8c22dbc80ffdf2fdf335e68cba8808a01ed549f1d151b09b4,5ec1b1d865857448f6aabcdf5fff42834313580c77afefb2529091c2ed23f59b,1c181609893b0d9cd28a8a1e64aac673a3193d81369b751c8ea666ccb6da172d,healthy,IMG_4044.jpg,data/cold_raw_hf/healthy/row_0336.jpg
337,22a803d35657be4ef00c2407707faeb74c44ed9b07d055040861290b104e1733,9fb7f6068094b0ae297900fa3fc29240d8bc4918b77f492e3672df126999d32c,45a11f7eb8adfdd8eb820256f8f6964ff5d91bb989f775eef41fb044789bd631,healthy,IMG_8871.jpg,data/cold_raw_hf/healthy/row_0337.jpg
338,3a118895a7b25f1860eae41d894e12e9f877c43db45fbc4e6ac2897fd989021d,cf80fba6a8689366d19968e570c9fc72805a6017e9df0fe18ab660e501d9fb56,786f7828ba442b02a139b79f9b7b9d80b3a56e8c7ab654532b0a79b831a6a9d1,healthy,156.jpg,data/cold_raw_hf/healthy/row_0338.jpg
339,082473a5a910b0739458d91cba7f9bae85f49564cde5c0278fdb654647581718,0e3a4fb47175e942a47003783a2c0c5f565079cffb1e53b68136bb840982e5dc,0b3ddcca3a70ad163efe73cb85410ce38046ee83f4b83634606c54522f1afe4c,healthy,142.jpg,data/cold_raw_hf/healthy/row_0339.jpg
340,d5d1ba5f70995ecdbedc9c53cc5fd85310b5ccf2c876f5810f303b3f4a674736,b5778618ca8a7b6af3d0945be0dc97154aa37cd98b8b1bce76f1dad83b0cc4ee,94f987cf7854eef9cdce36fb15dc094a8371915adb9083e86ff3a29ac101744c,healthy,94.jpg,data/cold_raw_hf/healthy/row_0340.jpg
341,e62edd3bc89b61cd09d8e632b13b023322d0a45e1e9768e4c457185012e6f8fe,3d838b903f316dcee682785604a06fc641d7165577444cf5d3026f530e4623a2,2343bac151478e5e67e4f8757e4c6ce0ac393ad2d25e2284ebe2c13c6927fe56,healthy,80.jpg,data/cold_raw_hf/healthy/row_0341.jpg
342,7396185d37fd72748d0aa13b2137a3b757688745311e4956faf42e641500112b,e321d971444497b4a500543c1224e9f8e0f4b38f08eefd9a5d597c9dfe2d5c5c,479e54d5f130acdd324f68a91256dc0585e1309841b3aa5c71c63174aade0199,healthy,181.jpg,data/cold_raw_hf/healthy/row_0342.jpg
343,c854f8156e971919040dbc742bbd2ab55158fcbfd18771a997642e35ee566ced,6e08a172bfdf71f592692eb903792c97ea6eb125b4d0b828a6adcde0807c8fa1,4f792bdc04c0ac9721ceee3b2127d40df742d6e1fef5df472190ed633edfe84e,healthy,57.jpg,data/cold_raw_hf/healthy/row_0343.jpg
344,9b21959d232afa3208efc3c379062e23d8b1c622b3a05639f1ba55e2d2369881,6969526e907d85cd663987ce1f4554036b7106ae21c5aacd67a2581f4a435550,ed97fa4a660ef638095147c0089df262a9eb1bc20c49046cdce5a5b5ba8c6289,healthy,55.jpg,data/cold_raw_hf/healthy/row_0344.jpg
345,f514af3a27b3422cfe59b60c50285e5018a68f4b09f338fff8cf7beeedfa5e7b,a6233d76d78f2e25b939cd807e6da26171ec936d89abe5fdc68208ee9b384f48,ffdf4d5d2c587becae1e606dfd99ce4ca0333810ecd92f8879d9d4647344c018,healthy,7.jpg,data/cold_raw_hf/healthy/row_0345.jpg
346,052eb715b4b064dd7949a8944c5700aabc4c33f75d947cdff6022aad26913fbf,64538bf366fa91d548b675c887de7ce1d52469d69ea5f6f2410c096db4dbc623,ad19c35db3d305fd40b66e8cef0dd3217beb30c8b579137264c8a32bde9ab398,healthy,41.jpg,data/cold_raw_hf/healthy/row_0346.jpg
347,ad6fc506bc0e61ab5a6fad151226af4d3aefb7a22ea11552019960edd6c4e5b2,a445df78e65bf12699010257e41b129bf3474749c17a4c634e1d8f4458571ca0,c6620ad9e955b0b4a7147ad30d45405e6b354a0e5791ca47fe9c044b4fe4ab84,healthy,183.jpg,data/cold_raw_hf/healthy/row_0347.jpg
348,fca256c3373b222c394a715f2a98b78beda885c5e23fecd89909d63f89e57f1a,987c23a7a0d1398563fc2bd5ff89f31434282a1352735a93ba615823b77b3a84,4b36fe97158c28115ac1e8d4f70fc093667e5bd8222df6184c5ec0cc8396c3b9,healthy,96.jpg,data/cold_raw_hf/healthy/row_0348.jpg
349,fa8c5e6cb2bab7c7085a32b27456017b0127257c71f7618e2df793eded414446,bc5d5e0a80cf6cfc065e35e4b0fa7366a04ac2629d237852b4ec6e21ec8f4479,85fb5c3b19502436f68494605265be6354129ca62d14d7a1556ceab193814afc,healthy,IMG_2635.jpg,data/cold_raw_hf/healthy/row_0349.jpg
350,b51cb5f8b01038cc5302cbee403dc811b48aef8a684cdfd4d1dc17b9725cbdb7,6999b94a54d1ea48a9a1bba7003942b661eb49506b69156ff2ae88c6d06f8e9c,159ad5f0c81b733b1b344efceb2aa9b511cf1ae0ce9435fde1ceefe923137c17,healthy,82.jpg,data/cold_raw_hf/healthy/row_0350.jpg
351,93e31bfc297edeed3e6efa443c2319fe4ea0b2df4e62d26115fe23b0f290c675,477e1079e6b341da0e05b8807267e5b8a2d020a83fe2fb2d5c32560a88cba3e6,c20edd46a4749c30e7b7abe34483890ac6ea623c2de7e338ca2ab720e469d14a,healthy,154.jpg,data/cold_raw_hf/healthy/row_0351.jpg
352,fee761c2987b237c7987239e2be23e4ab0cbf807ed25e4383c992db4a5ce9b20,cb4426cde4e1f0961df4f424263df8f026595569b451b2896f5420e5c3d4d427,0a5cbe83f43ac84e7946a016258f013f1d1a813d7ef241d0d63d49844480ae78,healthy,140.jpg,data/cold_raw_hf/healthy/row_0352.jpg
353,dccd792ebfcfc4d31f8333d06b66726ef2d09634d7dd48391ead501eb8c96608,fd9f69cc50946134cea2ef0a4bd63235d13eeb9214b1bf8e7ac7946406bfdba1,f2d233f2be636aea64c70b7f88da248fd4e142de4ba7fb2fa3b251f95840d6cd,healthy,IMG_8091.jpg,data/cold_raw_hf/healthy/row_0353.jpg
354,75d962c5c659528139324a8ddbd17248ef25c3f8fac6d7cb08cef3da52077ca0,08ba91de5f0b089528dee6784240ab5d65d43035f292bd9d22cae4a315ced343,8d25884a75bdc0a69665aa0a021789a7729490b305d01d36869e8016a67bf269,healthy,IMG_4640.jpg,data/cold_raw_hf/healthy/row_0354.jpg
355,c35dc231351ed368c088001fbacef0687e662b22d165a5a2d786e1ce6a4dfbb2,25b147265d9d840f2818dd10f4fec26ffbe34de12309137dd495d9adac12872d,febde959658d42ee565c4ee8a506be32f3cb08c0662ef50c785c6d895e86a322,healthy,222.jpg,data/cold_raw_hf/healthy/row_0355.jpg
356,0ff0f22141b4d2736a2e82e8bd806552e39d8ece8350fed3499356ededc57ddc,4a29a9c972afbce924ba47f7667b609380b228371e2a5014ccfeca29bcc898c9,408390e5ecb52d0b2e9ec541261f41ccc2c1d4829f8852918dacb026c47f62b4,healthy,IMG_4034_1.jpg,data/cold_raw_hf/healthy/row_0356.jpg
357,352cd67b4ae07614adc58613cc62392f64a37246fa4f5cd4083836c028856501,db445b633760ac4d6d35709ec82e364282d779f274125e6b60d930cf274c19db,46282ceba0728c10314f98021c97d6720c1372115d6703abe031a38904ff4756,healthy,IMG_9826.jpg,data/cold_raw_hf/healthy/row_0357.jpg
358,ed77a4e708f50a636b5cf2965b767376d7323d9c96bf0905690a11836a939c71,6f4021c8023e60d08152b04fd340c0d80a27f5a6c971e455289daaaa7e01af8c,575bd5b5631abb236e55bd82e3ab3673cb50dab87e2b4b575281006c6c71d99a,healthy,IMG_9832.jpg,data/cold_raw_hf/healthy/row_0358.jpg
359,3ca6fa7ec43d1c7f9019cb2054eaf7d8c99c07fe53d6591a73caa1c8feb60237,212e511118d2872a4937f8f9ac27012c5f651662f3c94a8e92570dde002df6de,5a11cdd4a5f451d3090b6939b3884c117677c766b74112e8360dfa45a5904c6c,healthy,IMG_9359.jpg,data/cold_raw_hf/healthy/row_0359.jpg
360,1d7c71a436c20562a72ea8995bfe89c577111bb22adb3ee027469bc619970b8a,205d3d7bc693636e055ecda8b31b77ba80bc6d06a83899d44101586f26748d7a,7d090c4218c36bf06acb350a85b05b12a5ecbb29c5d2cc3062bb6f6c0c6303ed,healthy,237.jpg,data/cold_raw_hf/healthy/row_0360.jpg
361,1a7117bb00cc84cebf128ad2e7b56bea4faf02e7e2ec96906732e3be7ea94bd8,9d6c46193921e874661cd3cea7b244b872460c8eebcccd804d0a7c7d32c7ae3f,d28f062444859b49a08c6443f050f990fb42b5fc1341c7b9f99b14985914ec3d,healthy,IMG_4641.jpg,data/cold_raw_hf/healthy/row_0361.jpg
362,ba300e0309c09a515a6f7726a7379d58af2ff997e27ff73000d9271197b47b2e,83d59d54b7a8d99279eb1dd0827acd4be40a0618589ccff88480592b4b0af793,f23e4e95b22d575fdc35800da47f42fab5d5e09a8deafec4f58291d2409dd4cf,healthy,IMG_0341.jpg,data/cold_raw_hf/healthy/row_0362.jpg
363,e3281278f38f39c0fd0fd000047fadedf8060fa20d759e449fb0ba7b44484b26,b78078604277f05653448034e427b1ebdf91afc8b36cd47740f3cc28baf44769,060e26fe9b3dfa1352602adb9e4d167382f6d0e46b72c3df03b5edaf7e4ea434,healthy,IMG_8084.jpg,data/cold_raw_hf/healthy/row_0363.jpg
364,ee919e2f3010f5277cc2f950cfa85727cb3962d2aa2a9da2350151a119e7de08,babf9a82b5ec5e9fb78b263ab4d6e8bbc2060c037e03d69cde58cb8db19fedb2,b4e25a8860e34a76cbc1d2c6914cbd250c42a801e61e09558fd6e1ccd11f8403,healthy,IMG_0365_7.jpg,data/cold_raw_hf/healthy/row_0364.jpg
365,de8624261d17d1a03d0a8d6b1090a3ee944d4398040143d3717c5d852e2329ca,e03884a17cfeb50fcbf8b4b5a99a80b9d24a8d51bed1912f2ff8d28e4040d5b2,a295653d4d12ce157ce7ae1d732b2ede61e8a5634c896c019c34801c6e2ff360,healthy,IMG_8872.jpg,data/cold_raw_hf/healthy/row_0365.jpg
366,eaa3c41c970c12ad71a9f39fabc6c64dac156d2e27eed399178e052b05b81eeb,80265e3fdaf3fcfc686c32d2a5bc47818ba5abbbdffba824496395038036de27,511aed7ba69b6e92028f70d6c06319a8f558e4b2c5e9c9ac11b5faa553428588,healthy,IMG_8866.jpg,data/cold_raw_hf/healthy/row_0366.jpg
367,1c90b60e4fb28b26387a673091f9cfde49762da11d878c8d42d89ae24248d151,068927efa10dc6d8fffcbff2f576f262961fb1c6196222b07a2bc8fd16889b28,13ff0acebb3c57c394918a8c0e3cac0312276b141f9eead66b3494e1262e8891,healthy,IMG_2620.jpg,data/cold_raw_hf/healthy/row_0367.jpg
368,8adfcd8c0e0f17a7296b7a8bf47fd417bfc612e46a939afd85c6e7c56946d486,6eda83ef5971468267d252128715eb2fdf7f7080e0f271fb34b98eea858714de,8adffec496ce4b4d94db6899f2de1ea2c9d37d22a0d01b0fe760676096af4d67,healthy,83.jpg,data/cold_raw_hf/healthy/row_0368.jpg
369,470bb59e4bfef6609427c9462b1e9872bb33f96175932518e8f339fa5c8ca4ef,36fdab2936f0669ed195621d1207524fe4ef8ec6bcad7c862ee75474ded798ca,c2ceafd292cb1e9b6bca2fff9a7925f78ba1db67129ea55f7c11a8d3f206280e,healthy,97.jpg,data/cold_raw_hf/healthy/row_0369.jpg
370,f0b40330805459fafbe31256b7d6abe82b2511dc8d119a410a59a6aa007a1ecb,3387605ed43569e611c8580aa598dc29d8325f77e92a29a653beec2ff8563f70,bc74dd4f0cf7b95d1dee800fda06e9551c6c8b580c4edb33d5f71a50e6497fe9,healthy,IMG_2634.jpg,data/cold_raw_hf/healthy/row_0370.jpg
371,ca4886d926f917eb02020848463e2a9ed216d896568dd7c6fd98ffb632b43b36,6d4550cc49acbd0c905b5b5b8148ea9257231756b07a24f7e55703727bcdc01c,c5b3cf7a194064e8599d85356946e0f3dd6ce6cfd820e9dfa3e28b5ca7039d12,healthy,182.jpg,data/cold_raw_hf/healthy/row_0371.jpg
372,a768a9d55d770a31ba8c11a01d3763c9234cd10210e3f147c3b2e464299b99cc,3fc64d184ffc40d90aa9d6e8bf2031712d433f6d6b2a58f8c3bc85bed044e002,a2a9b1ef9baf1a1d77ad90b42c777ee557494f6c69e82a457498373a0f3ba082,healthy,40.jpg,data/cold_raw_hf/healthy/row_0372.jpg
373,ca24b356ce205523797db3853a0d3f960ed02d63a39675330a69e08732ea5dda,e61876eecc122e6d1bc1bebbd74a9176fa63f4363f91baf507f45d556aa74eb7,63af3fa24c786f87adc0984431b4954cd6aad0ace2562e585100e1e46d496a87,healthy,50.jpg,data/cold_raw_hf/healthy/row_0373.jpg
374,f11cd22bcdcc7c52a939f1c44836d46cc0dd57aa15bc0019936e3a0f1315de60,0bce29e777c531ab8308db8e6aff84510ffe88ca65d8379cd45f62b703f5a897,750c5eb60b76b60cd77cb9872ab1717b0d07945eef02260f3bbddd85cabd4e9f,healthy,44.jpg,data/cold_raw_hf/healthy/row_0374.jpg
375,6aee7f0d8dacc9e62d827ada84ef459dd3e5fe16dbc4b30c86143aa7bfdb788e,a06a4f5755fcf160e7cded2948fd74d5cdd003be5fae62908227fb2568907e5f,3329c5d2df51b03717a269df10884847bc9e7174b4dbccd20aa88df1e527f83f,healthy,IMG_2618.jpg,data/cold_raw_hf/healthy/row_0375.jpg
376,583d1576d26ac2b25c450389e367c197db01250b47834e8645f780dc58c29e9c,2f5933fa88083ad7c2e55769c6910119fa2b9c9d8b6d41880878a9e1f7ebd839,dde29b1017512228d9b7f8745c9b12bea859ca90e983022337f7b1eaadbc4db6,healthy,IMG_6126_5.jpg,data/cold_raw_hf/healthy/row_0376.jpg
377,1b4f1812ccf2d290ce03963b6d0a78983647a7882412fc62a04430b97a1b903f,877e131f9dca1d01c1a12956c31bdee907a144c3efb98d0ce4ceb288392850e7,f54a2075e22ca7b465b4b2833b7a4aa2a32f7e2ef63721b2dd8bd88c82f676a5,healthy,IMG_4057.jpg,data/cold_raw_hf/healthy/row_0377.jpg
378,728030174c5c5a9b6e5533799fd9c6752460c3aac8b8e11320e4a43ee5797873,5bd9cf28ee8d0d368a997087e5386f1d45c347f4bade68dff6930aa802a66156,7cd0e2b35374a0f02271acc5540d9ff9c9ac84824477b92ad1aea7c81d4975f2,healthy,IMG_9349.jpg,data/cold_raw_hf/healthy/row_0378.jpg
379,ce93511124f1ba07f9b743cab27ef427c2634d5734c47732c305ccfb8c5ea81a,da4e6d66a856d1b8fc0ad5c8f5641e926a7f34b1404532b155a181bd84492e94,000e3223f3fc6f0eb6427f138569334e218256fb8f11334045a5b3ed062ab529,healthy,227.jpg,data/cold_raw_hf/healthy/row_0379.jpg
380,42f9a83964466c89b8c0abb94b3d2b0d8c34c7ec07c74e0e85a54cb897168abf,5183ea148d0e3b40360e9b66b9c81a976ca63a383ef22e0be172fb4c78da654b,3b64bea253013415228421bb07705c8e24cc280cde64eb716e03660e9e6628e7,healthy,IMG_0351.jpg,data/cold_raw_hf/healthy/row_0380.jpg
381,fa52067e35d1fb74a1155ab9643de59de843c06cd78616fdc021dbafd89e4143,2cde24ef5be401b559c5acf37d56d7e7d2b373e82cbabd3e981af8ba41612fb0,eaa76751edc4c9008760316c10888f08e414c1d8b1dc8d37891486c21a7838da,healthy,IMG_0345.jpg,data/cold_raw_hf/healthy/row_0381.jpg
382,c63a2f43d188b3688d09d5b6b435354733f73d3fd4fb1e930060d58064fbfa35,131a68dd49077815c9ef7364831f277e59c326db44424ce13135b3d3b1f5f8ae,0a2d4cd61909c8ff3f2e2f7dab838c839e0e2817cd4b2276d8595175243d4f6e,healthy,IMG_9822.jpg,data/cold_raw_hf/healthy/row_0382.jpg
383,d8939d1f9a6427d4edb6dd3757adeb6d8fe044152de926b83bff975c94b085cb,ac52a06af03d4192574fc61562139bb5a683b5ef2807552587e9988eb71a4511,55191b0beacadb3af382be7697071511a06591fa0840d04a111f60168f8f1af8,healthy,IMG_9831_1.jpg,data/cold_raw_hf/healthy/row_0383.jpg
384,c934982f7cf48dc274b37bc7be5da36d6112db789266145e4bd919fc6222bcb6,1aa90ecd64eb9dd96ced4886d2b1f01b956c870248a9f57d5412549a08dc693e,2459e69cfe7218b9ef8040671bcbcd40c3abd5d8804bf08d20c142f3c0eb313e,healthy,IMG_9908_1.jpg,data/cold_raw_hf/healthy/row_0384.jpg
385,b4feb834ddf519bacad47925316fb2e204416e9ede753be33f02256ec38dbb67,3c475353a923f8d3a1ea83860234ffb18cf8b912e6f0a337e12ec6ee47b0f710,fa7b86cfce8d066838121191e98707b212bc519ee6d1b7b40aeaa490a378a839,healthy,IMG_0344.jpg,data/cold_raw_hf/healthy/row_0385.jpg
386,6b2825ebeb43cc79f6416e87857f2b0c1d2f2c69b7c296e893d0583d7914d1de,36b0b6c5ae41522411f09f7aefb9420e7f86d5c3dd55fbb44e79246a429aa77d,f32add47d0049fe8b54ead859b6f4733c8a07e13c76e1e40381918f909cb972e,healthy,IMG_9412.jpg,data/cold_raw_hf/healthy/row_0386.jpg
387,e1e80a07fd3f3ed5d84acf6ae5e9da088b2bca7f14fd6494b2941e5fdd35eb71,c5979eed33bb7f5bc13adf7d9310cf7f00f488b4618340e96ba2c0a4055f4388,026dc39e58c856138d317beb0e9168c41bd3ce5a12909c6f990babc5d612ee7e,healthy,232.jpg,data/cold_raw_hf/healthy/row_0387.jpg
388,5cb2a964e54d37771c97539c0837ab54d8f9c4e8be667ec698662bd0c9ec6fa7,e53338161e2d6b382ed6240f2cb5967b38842489d7c6908484f197f3020bd2fb,b99d7a52372d8f908ecf10531a4f41728c6342fe920a26dff720a39591d92bf9,healthy,IMG_8042.jpg,data/cold_raw_hf/healthy/row_0388.jpg
389,9726753ea846c59432058cd3ae70266e7b798b263e5fd1b79133a14fe6b2f929,cddc82adf6353e6e8579c8c3b6a1759d429893308b6b59e2a2bd1115b9a5e85e,6913bb44b21ee069bb05fcfe88d68494a63dc5a0ca7aed217297cb123fdb7d35,healthy,IMG_7958_4.jpg,data/cold_raw_hf/healthy/row_0389.jpg
390,e1cad5a05af8e28605235c79975d89db647618f9f7619659a5767f7580187f8f,790a721870ba130975b7b784e17b6e377a436071b96bfa585c8ca8605d7f7177,10f237d2d63a1348a3af669156a451f4b2f77e5f0e827a0a42824f3736b4ec8f,healthy,226.jpg,data/cold_raw_hf/healthy/row_0390.jpg
391,ac215918c4df783ff42f8aea65d1a8476eeacabd161ba68495ac7ab1624a2744,9eeab7afe2ca7835cb9dcafeb188f8da2d9024625c2245ca60e65a02ce4bf9aa,cd72f4edccf9d4f45809b58aaf3dac0525767bf231f9bce7c8a0d2b786ffa23c,healthy,IMG_4056.jpg,data/cold_raw_hf/healthy/row_0391.jpg
392,7b1ea987df28b5b7ab2f6391659688bc458a2a3e92e38e859da38bad028048cb,ec0a6a36de9e55eedad3163643181568b7a4f2f38d2468dfae2ed003dcd4d6ec,825383e03fe933a4eb8228ed4d9dcd588f9f65b0c433948aeb38c55289060d6b,healthy,86.jpg,data/cold_raw_hf/healthy/row_0392.jpg
393,49a4a7bef992793e3213a957af1879928f97c8a310b5c2a69486adf25a1b2745,11f49595affc7b3afeb73ec2b78390cab0c9ee8d12340165db129a52b165c09e,482a71682f97e2d516a6c90a4a2208ace429cded3062b73cfa2e427db88e297a,healthy,IMG_8108_7.jpg,data/cold_raw_hf/healthy/row_0393.jpg
394,7e18d62612be6c5db6de9d3f241b5da9af2562755aad325605efd65cab8e17e1,d16e34ecfa5de67d803bcf6ac1d956c424c28d9b495a6e3bf071957d3b25729e,2068d30e3b53148ce34ea9e9b7d1bb8bdb10dcbd6a8a6e1d0736fb59d773e220,healthy,92.jpg,data/cold_raw_hf/healthy/row_0394.jpg
395,e82f0813ae1f505ce1be7a96f71585f286ab5eca293b6f21ec8376e30f782407,8dae06cbc5033e0a9d0f0dcb11b41115be96ea631ef33d020909532ece049ee9,a0521d1ef5fcf07d3466b7cb98e10a7341b0a123f492f828f8a2968670334cb8,healthy,51.jpg,data/cold_raw_hf/healthy/row_0395.jpg
396,acd5d1830a0568d24ba20713c41f55a0b7f9f9a31cbd8400b4da19408a20a419,b9c50a697ef2474290138c8bdcf803a0e78773e607773d7ab2200cb63a4cfd54,4c3b327a8d7adb0f6f89633b49d7d5bcf67685de07f144f2822f79390f988823,healthy,47.jpg,data/cold_raw_hf/healthy/row_0396.jpg
397,7a1454c9bf3c91df4b92ef356211bb2d004e266519193769c54555ad952d27de,899edb591b1eee84f385505f7493278299f966785197227c9158926151869136,8726753c1ff9038e05be7789d1c4e6849b90b8dba3cb6676ebb7841f522d2532,healthy,53.jpg,data/cold_raw_hf/healthy/row_0397.jpg
398,e1cc6120a9f0ab38f01be768cf3e29fe14715ca84437f6fa3a9100175127c33a,247bd8d76a96719cf188797199f9ed9afb542f59b13c0cf8d70575c6e415d4fb,c409a2a3f3e532590f3f6ae8c2ffce31bdb89674ad67db9c642c10c3af72ab46,healthy,1.jpg,data/cold_raw_hf/healthy/row_0398.jpg
399,bc06315ee0b9633074258b50f80ec520d007b242b87f56e298b5b013a8e2f717,61082704015c6bffd70b169768715852c05caf1710c3d939182f51add596f652,91c745fcf8bf04fdcb148db214458b1c268b8cc2635edc9f3087b185e9b1cd46,healthy,IMG_2627.jpg,data/cold_raw_hf/healthy/row_0399.jpg
400,43539a6779dd426aba9c4ec49582d2fc685916a358e5036d92b7f713cdb83bf7,0fa21f4fda6172d70be7c51eb6a84e49edd4d9a6fbc109f2b22483cf642708bd,12f79fa78ab9abea14468cf150520beb336e376b02e85685d995ccafaedd7bbf,healthy,84.jpg,data/cold_raw_hf/healthy/row_0400.jpg
401,420da114947e7c3c08d6cb8112851142bbedfcad1bb1d3c424b38d8f2637e6a3,7d8fc9f96b9faa6772fb903a1ade7c3b3e4f6e3c164438acd786960adf18d4fc,47ef92da2d30d60f9afce5b3de9e26e1897eb35d41fa737223f87e5af6ba2076,healthy,90.jpg,data/cold_raw_hf/healthy/row_0401.jpg
402,d4805d9e23bc645daa5ab8c34913ff99ffaaa08599109a075430ab6cdbc00a8c,120a306302bcf3cd4b478c391454b56265035b2c801f398e2301ca186f9f288b,3c334cbcf9c291acad4f702d1a37e303d758b4dc2f83bf8b1edd96de08f4ba22,healthy,IMG_4068.jpg,data/cold_raw_hf/healthy/row_0402.jpg
403,c177a2c3743a6c725cdbc4b8e6b5ed9120dc8e6b62a3f624ba79d73af2e3a4a3,fcab43534da9126e1d6d2ec6aba8a1d564402d392162081289569bd446b1b8bf,529d3b2219514fbc24355f52638d7672b411ccb488b373256892c50cf276b6f3,healthy,IMG_4040.jpg,data/cold_raw_hf/healthy/row_0403.jpg
404,c10f252f9cd237c05e6c1dd511912e5c4bd7053928435179ee1b3b170e68b143,d96e995d6354f912b0eb1d3f88a06196740cd10f5ba0b9370b705cad6f3fac6a,fd318df0acf3955967fdecc12adcbae71c1c31f6efc1aa80d26795efdeeef8a7,healthy,IMG_0385.jpg,data/cold_raw_hf/healthy/row_0404.jpg
405,a46ee0e4f4c03c265af6e3e5274eaee938f1e58c46e90719d28f44d7788d541a,bcddfd1374d168e48b8167a9468397a388fdb7e9d9e08a5504e24adb9c5533cc,3bad557ac0017b9cff87aaa5e53bc7356ff5fae873a3b0429d8c1eda816d6da8,healthy,IMG_8040.jpg,data/cold_raw_hf/healthy/row_0405.jpg
406,0905189b3508fa584f28ee9bd2a84aab11d3b3684ab9788432c6c98895619883,13bd14318820545937fea598fc9da846004ce54711af7360999188a87ec7dbc4,746a493cee18365f005a975d611706fe32a61bfee5ca11bb7d7e9790bf56ab6b,healthy,230.jpg,data/cold_raw_hf/healthy/row_0406.jpg
407,b4be567e3b0479c34d4c2897ad6d6c8df647817785a5d659c372e544bfd92055,4ef4fd54dfc6ab49358c0078e946d04fa3038cbd3877d26b83c0551d8415bfab,49e38f473792feb7718b0fa80fc76a417142c57e174f896259927453130a0d5b,healthy,224.jpg,data/cold_raw_hf/healthy/row_0407.jpg
408,b305f5a0c765fc86ad5aa2f578227c8ed1ec00e7addf5705fc4db3ff761387d4,5b7b96276361eed2ce4262baa89c70d11b3c99bed73dc1a03b922e7d8067eda5,96a8b1ba1ebb85157e45c31b8ad83924944b9e5a7caef113e545f5aed0e30e8a,healthy,IMG_0346.jpg,data/cold_raw_hf/healthy/row_0408.jpg
409,c53550ccf0e86136dec4ef0e7d0846a7636bbca3094fea1d705d9da616e6932f,eff9f08f1280aac1dd5bad2b6b85c2a52183b07b90815f04c57a89d83bedaa28,e9e3329eaf7d8b98f997906991896b27290a9d24d39186c70aba6684476d7908,healthy,IMG_9404.jpg,data/cold_raw_hf/healthy/row_0409.jpg
410,c549c0cfc956afdc5fa2dc2f616c05bda689cfb1a2dab212758a744f551453f5,fe63a964afe89f2bb2faa32d828ccf2a3fbaf356da5d953581005e8c177be3bb,8ad7701e49bc8bcf3bcfb6219ed635cb1a2178055d4b768a050fe5d4f114acb0,healthy,IMG_7947_1.jpg,data/cold_raw_hf/healthy/row_0410.jpg
411,8d4ccfc36365f5845aed76971abfcf255db0049bc489b469cff465b884f078d6,ca08359045b1dfef647a4c794ae2d3e36a660f716596be4f340786e9a005717a,b2cf09d88d296b1df4ae65746bfc1f3001b3d97b9a20123eab66144e219cb98c,healthy,IMG_2034.jpg,data/cold_raw_hf/healthy/row_0411.jpg
412,39907957845bd53639a51893547e3fb34cb9ced8e75ad8cf4d7c1d36c08b797f,ceed403d7e3c014c03442c37b3dfd795f8501b214cc439e9e66b8b27b886225a,bf7da390cf004865b6944db31eae088214f03cd2700b7b886fbb5953884dd35f,healthy,219.jpg,data/cold_raw_hf/healthy/row_0412.jpg
413,0b9ee4d909d6bf233db2e4bcb7502ce9b3e3cf6b206b5644078ba3ecca611c25,27a8e144f4f00736227200074ba35e3eb91e68203ff385ea9207b22a8950e03e,3461575fcfda718dd63754f63f82376a4d879dfbb10863baa403c60796980652,healthy,IMG_0345_4.jpg,data/cold_raw_hf/healthy/row_0413.jpg
414,4704354cbb6181ea4679ead9b25202820cc9b9a58df975c4215df7ab22fd25ea,1446cdba39b050727e4e182ddfde5d2826a26a0715bdb270bf0f4300e148ea9e,8debc5c1626261c46354a88b5dfa142aee48652d5af51981287ed8fc7606b07d,healthy,IMG_4647.jpg,data/cold_raw_hf/healthy/row_0414.jpg
415,98858175312b5e81d2268ec860f483b2b9678a3ed3db845a4d34dfad80c14a9f,db815514a7ba04d4cf9a8a04f0e6724c6a6ae94fb5a26de12c7d1989721a37d8,33cf6f7b859be3eba4fc3fb0e57e2182dc79f66bd8b023e6ddcc211cc3491f6b,healthy,IMG_9405.jpg,data/cold_raw_hf/healthy/row_0415.jpg
416,a48b3334cd7ff58ec283da8b2cf301bad36bd1065ef7407d2d3ab5485c25e11e,1f0cc8d6349e4d978a4724018945b90e3cbd6acad36d13638313227f5493fb68,73565053c51c63d68f9353df523f037126e3bfa2115dcaed7805ffac351ae197,healthy,IMG_0384.jpg,data/cold_raw_hf/healthy/row_0416.jpg
417,cf84ea215f12e1ff4327a3bcc92d2bfd81454e6f23625748ebdaa67fed53c04e,3bbc4ce9dd6e48f0d903bdbde1b597a285ff17bc9e3152f14becddf2936d60c9,474488bd0f3bc0bb7fa2080b466c6805075aacd0bbc9573c56b5ae680bfb06cd,healthy,IMG_9388.jpg,data/cold_raw_hf/healthy/row_0417.jpg
418,1bba487d4c3204190927e0ad61d01d920f05150186ec84525d6f58d1e61a7ba5,0624f4106934492a377f91171efa25be12552011d8bc954b2e15a7e47b065033,8d9e59f9d3b380b3579872b45aaa82455e71d1226e94c471ee89e1ffe8f64534,healthy,IMG_4069.jpg,data/cold_raw_hf/healthy/row_0418.jpg
419,4b287cb6deac68ed519291da46e17b50e0d3b54e82b8446c960824c5b19e0c24,2c7228194007e1893d459a62cc9482e819aae98bf8bcd4fd0f1b2272e05d7758,986b2c007aa647885826f5e14ef2987a5f6bf0c27995a08a588fb366e8a40840,healthy,IMG_4082.jpg,data/cold_raw_hf/healthy/row_0419.jpg
420,f50f46fa547bde7f47073ca1d2b8133d9b0758d6683881b2b9e0292f971b1ea7,16634cba0053313f3d67af316f558eb20d1bc05c7eb982755dabdf68a13d4596,7c9cf46555986d2fc8bd6a004a7bc71015a07c203bc60c4291888b5b7bc0e426,healthy,91.jpg,data/cold_raw_hf/healthy/row_0420.jpg
421,e7962d23aaefc758ac7f16b19489bb15feb5e4a26f4c90fe1003af881bb8aa2b,56dc5a9fd3298acc88992a310682a7e622118a3ca9f04bc02c0836a878ad45fe,81d041dc81c058ca467dd5f3c1148dc1060e517e7e51fae54cc0b029fe09fe21,healthy,IMG_2626.jpg,data/cold_raw_hf/healthy/row_0421.jpg
422,b602771f5b95120f41a2772f232f8c96d5cabf1c9f42cd88a63a635ff93fc6eb,f7c350df671a7b9640b6f634a770f7e2c2c8b7fd2f16a0d3a128b80254033345,3f705cabd22b8e748a8d49317ec298e3d0725a71a971d584f486fd711d8117c0,healthy,85.jpg,data/cold_raw_hf/healthy/row_0422.jpg
423,81777c417669b560082cad9f3a42bfe77a0850531439a501b9faa50a69bbe7f0,0adc9ddedd658e98989bc35be72ef860070aaa9e27fd9ea2a235e45c7ab7c408,6e86922147fc5d312751515c3dc3eea65075c18cd1387b0ca6f59163a6f9ed5e,healthy,153.jpg,data/cold_raw_hf/healthy/row_0423.jpg
424,25eceb6b24f8a5d122bd447814295c57a9571c822b87d13716b53a9e072799c1,453bfa344b219b8697df79df6f11d4b799c25880e34b821b7b6853d1a7b5ba48,a6ce151c32f77369b7bd532d29f4aa355024241f3fd3971ac6f308ad237f41ab,healthy,46.jpg,data/cold_raw_hf/healthy/row_0424.jpg
425,87fe75d84cf0c7d56be9a63f863f6d9d915f79297c4a4489062652c42e43e9cc,e3305e88fee7e4a8f6ab0b29e4cf70abe180f2397b8300fd5b3b596042a67e34,a614fd5326700ae8fad370d397a8a8f0de71891982a5459772b2517420874002,healthy,190.jpg,data/cold_raw_hf/healthy/row_0425.jpg
426,0288079fe75022f826aa7c0530edae7d61fc850a9d8e7e9dcc6a72f1cda5fbe0,2d47df680d02c28874a835ad64ec4a5a06ca9f163d936d06cea285b75f9d029b,57b3724ad9beb65060b5ef51d5e7fc7dad316cb92cc4bb5faebf71fa8c661954,stemphylium_colletotrichum_leaf_blight,63.jpg,data/cold_raw_hf/stemphylium_colletotrichum_leaf_blight/row_0426.jpg
427,7e9877ffef09b1044d59427b116cc6d883666c3893a6cbfbcc6bf956a9edc03b,18bc8cd1bb03a8ac1dc47512e01f168b2149617cd79fb933a6e2586b08224a7e,934acdbb741765d4f30b126144363bee2ace0a973f69e4419a31195f1a3199ed,stemphylium_colletotrichum_leaf_blight,IMG_6129.jpg,data/cold_raw_hf/stemphylium_colletotrichum_leaf_blight/row_0427.jpg
428,58a01a54062e09ae20d8f3d3c12b1643c69fb4f4bd506ffb6e795d7dae819b18,f9d427dd07e81299dc02362e6d593e33df0e509843feae01396b51863ffaa83a,4d2baa68b32efad7727abb0a1efe5f41f4fa6af940d0cdc9e06a151d215f82d8,stemphylium_colletotrichum_leaf_blight,IMG_9385.jpg,data/cold_raw_hf/stemphylium_colletotrichum_leaf_blight/row_0428.jpg
429,13bf2c90e5dec798539cde299b9dfb2e8cc237b050de4456531807d0b4598e05,2a405b08e15a6e0d59c38b0e7319498f02b9077e9f111575212dc87cd4a52091,3e756548961d1452721ad038e4c535345c3df34b829710bf5b7c92f720d637a8,stemphylium_colletotrichum_leaf_blight,IMG_8850.jpg,data/cold_raw_hf/stemphylium_colletotrichum_leaf_blight/row_0429.jpg
430,0a5a30ae87ac2b3c6545cd25ddff826cc7d6e962b220d10d2e3f538beb4b5235,8bc0696b4eef7e415ee295b75882ca419b6543bde6f2426010f8edf8735b8ede,d5ac01d1f339a1d6547d08a91ed76892fab9d799a2282e9acb6a9fce21308839,stemphylium_colletotrichum_leaf_blight,89.jpg,data/cold_raw_hf/stemphylium_colletotrichum_leaf_blight/row_0430.jpg
431,f957538697e149e027279f881e0e5a6e0643535bacc5f8014bc28101fc6a29fa,0462c1b00bbe34517287b405ee4f07292a4cd87471115f98446d1461044911a5,7d389af9747a141a9b5a3708bba19f333f95482e2d8b23093d97ead9bb01bb13,stemphylium_colletotrichum_leaf_blight,IMG_4067.jpg,data/cold_raw_hf/stemphylium_colletotrichum_leaf_blight/row_0431.jpg
432,3447f25f784dfe08fdc3f5ec1a7813f956b36b5e918820620c60f7bb98fecd23,eaea2c9a40e75c52b5d5bae7bd2df6b935c4011a089a50e343f8842fc4c21e23,fe9a7d1763a00f96c267075ffa8c212be9502b8828b670b1212fcb6acc2912f8,stemphylium_colletotrichum_leaf_blight,IMG_9379.jpg,data/cold_raw_hf/stemphylium_colletotrichum_leaf_blight/row_0432.jpg
433,b13ce2d0182ec73fe98ebd731a49d51c0e6c88f69cf79dc94eed9e9bda2ffdba,06bb7ef1067c5e38b09341c808bc095b36626c03229a4a2f89f55d9e2a152f15,c68bb9741162c168a6e1dff21d8b1075878b47ad27573a7c48158846d8b088a5,stemphylium_colletotrichum_leaf_blight,217.jpg,data/cold_raw_hf/stemphylium_colletotrichum_leaf_blight/row_0433.jpg
434,32344a77d602e791258e61287c2d0276b12984662e35b26c2abcf928fef4e052,5133195e8d5d3b2fef1e3d9015b362f9ff6b185ad3b91cadf1defbc0c747442d,841865f7d2193d5573fb2cc593d930ccfac17d59a35aa6edfc71e88d1642b5c5,stemphylium_colletotrichum_leaf_blight,IMG_8061_7.jpg,data/cold_raw_hf/stemphylium_colletotrichum_leaf_blight/row_0434.jpg
435,92a702555a78935cf72c99f39b347b515feb8bb2658eeb745777ab5eae8caff2,53bcddbac91702092077505262b316d2cde8c0da3170ef8d32eca6960647a480,061619b893c45998d1ffb9d3708d8da24317033d334b0141a584aeb528d5e32c,stemphylium_colletotrichum_leaf_blight,IMG_9450_3.jpg,data/cold_raw_hf/stemphylium_colletotrichum_leaf_blight/row_0435.jpg
436,b184d1dd7d92aa6083234cb7ddfbdb0675ea2a62911229f99a719d143f11c5df,4507c3fa9a8a3c1e7af327e189d1c379d8837916eac1adec078e8e081f9b2a0a,e3bdaceec462d98f296e5bfab815ba725c7bc558953cae37df7383d99f49e2c3,stemphylium_colletotrichum_leaf_blight,IMG_4066.jpg,data/cold_raw_hf/stemphylium_colletotrichum_leaf_blight/row_0436.jpg
437,a2836b2db04d7c1e781c18fce8cca07402382cd0b6b9ec3ca1c46004e8ef6a46,608d0b7be20240041041b0b6d4b13064ac6574eee860f714ab2597c4ff0c79de,6717c88488d976c8d2804c3acce55bf94e6f58b590cede0d2b24513fe09f405a,stemphylium_colletotrichum_leaf_blight,IMG_8056_8.jpg,data/cold_raw_hf/stemphylium_colletotrichum_leaf_blight/row_0437.jpg
438,88677ffb1ca7de8143e483f9c4ab38f0c773296f4d5c09e513c79e32405377a3,fc4b02bf410b22b0e775066a95c1a2c8a779002b864b33c419a4a18dfbd250a9,2d4f1883033993a61af8f80da9647b8bf54eb7e74fdb48304ec2a08c1ec6c9cf,stemphylium_colletotrichum_leaf_blight,IMG_8856.jpg,data/cold_raw_hf/stemphylium_colletotrichum_leaf_blight/row_0438.jpg
439,0eec8938b85c272c681bfa09d469767220ed7544c265c8157e3942c6d16a6c9b,23cd9eb4fbd9ca223975ead5abce1f076db8e70cb9b4fbcc6911d8fb54fcdadd,720ebe63205316875995e62dc4f7fcdd960342a6f8aea4d834c8e937ba568f51,stemphylium_colletotrichum_leaf_blight,99.jpg,data/cold_raw_hf/stemphylium_colletotrichum_leaf_blight/row_0439.jpg
440,83b0a077084cd4bee31a4bdf94949c5f99e5df6e3f0cb351e8210bf89e085047,34d60f47b40e68e123a11121d116b692057d24418a11c7ddb7ac2069324f9736,67a705f142f9a1601ecfe07693c896e2085b9bb3b67b3eb7ba1a2fb60197e3ae,stemphylium_colletotrichum_leaf_blight,IMG_8061.jpg,data/cold_raw_hf/stemphylium_colletotrichum_leaf_blight/row_0440.jpg
441,bbed31285e9bedbe3fb3c4a0f51a2eb5ae07cab50c53985266d7848076bd7392,95a2b9c43d9d307547971954a5bdf41ec5352827ce271cfffc352edc5af3b5fe,c095a67e35d18d36a64ada8987be99b280af950a3fc9f734c1cfd21f454569ad,stemphylium_colletotrichum_leaf_blight,IMG_9424.jpg,data/cold_raw_hf/stemphylium_colletotrichum_leaf_blight/row_0441.jpg
442,8ed3b277e26d2c8942a70e014be1162557aec10428c7a429a4d0369ec20d35ac,83bb7b7be856bcac2ac28c29e9df087dd95c87252a6fb51a9edd4227d7532203,e3d9556d160a696dc2def09f3aadd87f158472ac8ec02faf75d7aa11b48cfa71,stemphylium_colletotrichum_leaf_blight,358.jpg,data/cold_raw_hf/stemphylium_colletotrichum_leaf_blight/row_0442.jpg
443,f4c881236aaf03aa3ba03c89faf6a373fe28dd587bb4e31b1ee0180e9d68c771,00fc9085b1279f901e998c16d99ed30d689876dccd047616bab87f3a18f960cc,a596f982460a1b1f1e9f4c2b3cd4569b210cc8237738d291f6af8e8e2d5ee271,stemphylium_colletotrichum_leaf_blight,28.jpg,data/cold_raw_hf/stemphylium_colletotrichum_leaf_blight/row_0443.jpg
444,caa44b94855331c3454dc43ef195ef3876645f8632bda8e02bfee7a7f56aec16,24b4181742c6117476236b6bc67f1e351600fca4e9d056261feb95d8a306f404,ff522fdebfb13afef626371fb43c2fa35b1b0022619d3e5f9042786aef3375b4,stemphylium_colletotrichum_leaf_blight,IMG_2660.jpg,data/cold_raw_hf/stemphylium_colletotrichum_leaf_blight/row_0444.jpg
445,4f71bed551801eeea4271aea173e6187ee366ac3f732e82c7261bce9d5485e90,1869d3893c63ffe61d387eed1551ceb97835308597d747beafcc2b3649edde67,4d74a3d29ce52c72ab8e2fadba717f5de74dc7d195c0513610219c950b02eef7,stemphylium_colletotrichum_leaf_blight,129.jpg,data/cold_raw_hf/stemphylium_colletotrichum_leaf_blight/row_0445.jpg
446,e2bbd443665ee2ce64e666a92c48802e95806fbe8ce0d808a7fc913d61259786,506acd5d27bcfaf166cbf16a2cc5eea527fe63ad6cd119b0ca19ebec13e3158d,0e5d403b95fecdc8ba256b175aca1bc01dd6ddce536bb299e16f022f57438f40,stemphylium_colletotrichum_leaf_blight,alasa.jpg,data/cold_raw_hf/stemphylium_colletotrichum_leaf_blight/row_0446.jpg
447,772db99f2adc4cd842e9c8dfcec9d008739b89db34425fb4666a36022e3eceea,6f160a8a7239fb26fae7cc05f009a1d623bcf164b493c46162529a0d3f995985,6b7f4bf845eb551917f34d454541a1939e27353ad01fb5dfa3c6377163266c16,stemphylium_colletotrichum_leaf_blight,IMG_6200.jpg,data/cold_raw_hf/stemphylium_colletotrichum_leaf_blight/row_0447.jpg
448,c5fc959d10165ef18f16d52b0fc0c56588bd690bc5b9e654772b7252bf2638c1,aa48934888c51ebe2ac5de90c641b2bd52101f8da272f6320233c817972d81f0,35eb2f4dea5e21caa8a9241732624f31e056cb61e1310f2acc41303457b5293c,stemphylium_colletotrichum_leaf_blight,IMG_0300.jpg,data/cold_raw_hf/stemphylium_colletotrichum_leaf_blight/row_0448.jpg
449,d5653edb6226d66a85edad03e490ea2040adad8bad9000610e4c221f5466e3d7,3668426d1b1f125e12aab83be6cf03fcd83592f14c0da11526d2993ec9afa2ac,1e870f5fe51ed94ea857e35b3f39d73955d9788a9705489a19597055528ad057,stemphylium_colletotrichum_leaf_blight,114.jpg,data/cold_raw_hf/stemphylium_colletotrichum_leaf_blight/row_0449.jpg
450,b91876eab0c465d6636d949b05e3b9b6c45653031f6d35829450123d72754ad8,690b51e27e39d57e0da0abeb882b2bdce95c9d7a17e22888c844f33352ab8517,48e3f8355200c5103d5c10b6010ab7ae65a60e1d1d34e04118f081f0939f7138,stemphylium_colletotrichum_leaf_blight,IMG_2654_1.jpg,data/cold_raw_hf/stemphylium_colletotrichum_leaf_blight/row_0450.jpg
451,c45018a325153b2b154ac59e775d9b766e9f7cc0c30eb1d821df20ed10ab4974,139666449b16a4bcba7598d819592b2f5267ac92eb7cd682fbf44b777936e077,f83886be45d5953bd7b1f0db2c573cbb40b0a270d01b49c61345e174a583bf7e,stemphylium_colletotrichum_leaf_blight,102.jpg,data/cold_raw_hf/stemphylium_colletotrichum_leaf_blight/row_0451.jpg
452,0e9fc453568bd8cb1ae0204482936d713000827ab5a6747a1cf9d3f8454862c7,d07707a52cf7228fd87a75e97278c2b9f50d7c85ed0d98720707c25deeb2012a,3c0b8574f483dda2785f8c49b345bbbe7c5f62e85973a9d72e01cdd66bf03691,stemphylium_colletotrichum_leaf_blight,328.jpg,data/cold_raw_hf/stemphylium_colletotrichum_leaf_blight/row_0452.jpg
453,1a3acfd08d1c7fd133996719953e81cb1da4c368c2cb0c6cff0b913342130827,1904c46299fed0154eead2ae8c1568facdb3deaac12d78ecda5ca539f04c5eb8,3ad1acda270a8ffbc3427a439eae6238bc5613960a6f6e17ca51fdcf487bd3e4,stemphylium_colletotrichum_leaf_blight,260.jpg,data/cold_raw_hf/stemphylium_colletotrichum_leaf_blight/row_0453.jpg
454,257aed08d92d04418fecb690d7157561699558b3a060eea310def36b3ca49535,2a3d0d1908b3ff2fcbac01f88ade373c6a02f744d9fa6ad921a5c468eaedd59c,e3939b644c9e53d933889ab1b35c72f510c9b0b18eb45d951f0ce4909ddc3bf9,stemphylium_colletotrichum_leaf_blight,IMG_2071.jpg,data/cold_raw_hf/stemphylium_colletotrichum_leaf_blight/row_0454.jpg
455,6c06b8ac9ccc43dff9e14d76abb8f950202c07b7df563837a381550c8aa5bd9d,07faa91306d7877179f049264ecb85afe57a1e32c747ef748ebe8a771bac1ffd,3784c49661c641902a478d3ddb42da08ba56161edbb2c5da1c880b35155e194a,stemphylium_colletotrichum_leaf_blight,275.jpg,data/cold_raw_hf/stemphylium_colletotrichum_leaf_blight/row_0455.jpg
456,19e83057adf27247008733281b5ba60588f8cffd1e7a504c2d3a4d9d6f121ffa,d628744ae940e866dc2519227fca9b835d9a51d1b469112ba98f7f0588f78ef5,ab847646a1c2cf4969abe63dab4cf6b7f3a8c27061b87c1b21f4ffc7f318e73c,stemphylium_colletotrichum_leaf_blight,261.jpg,data/cold_raw_hf/stemphylium_colletotrichum_leaf_blight/row_0456.jpg
457,413f6004a51eeb8d217f3981190fe42d1740d8951254d8c281492ce87999a29f,fde9575f34773b111a0fefa181ea2d773a27c7c277ca672882948a88fa7db6a3,f532db3aa124208e7eca184995d102d2dcd317e7e0360f17994aec3adbc6f36f,stemphylium_colletotrichum_leaf_blight,IMG_8824.jpg,data/cold_raw_hf/stemphylium_colletotrichum_leaf_blight/row_0457.jpg
458,4a9a261c2511000c16e5be081df2a0ced4e830bb9e9399616d764bd0b8a314e4,52b249c357e7dbf035fac1deda34b7169d9af3b496db8eb800f25de668fa6e07,6c73bee541a276aa383fcfaca6432a8d50f5ac990021dcf7acdb1cf20a44120c,stemphylium_colletotrichum_leaf_blight,IMG_8798.jpg,data/cold_raw_hf/stemphylium_colletotrichum_leaf_blight/row_0458.jpg
459,84a8440e0770af03c21e5539f26f0a6193e2708276c546da8b88f84f36efe95d,e9c257c216ed0cc5dea13c3e969713c6f8fd3d6f6b3d2cb5c80b0587acda2cee,591be9a21c2db8c23907eb60425b2d545955f6d4fd913645a87b8d82dac4d1e4,stemphylium_colletotrichum_leaf_blight,IMG_0307.jpg,data/cold_raw_hf/stemphylium_colletotrichum_leaf_blight/row_0459.jpg
460,1cebd9d8b351c18ece52cfb07ba7846b5e3299b0d83ccb68fe884f37a2fc9961,6c0c8ddae10f3e63efe988effdf2278aa7d9906c37f9cb3be839cf9be3289262,9123a6f8359b5238a9a3593fa2d2f11f67d8f79f0e7bb7583e88483dd5c99401,stemphylium_colletotrichum_leaf_blight,IMG_9450.jpg,data/cold_raw_hf/stemphylium_colletotrichum_leaf_blight/row_0460.jpg
461,9c760df25087277d3b0ca749b17af94488855c6548a8eff765cc7f826beaca92,533d5f6b355543c43edf1c056477d3c5f97ee1fdf60ce2d7117e765ac63cbd11,8b9bb70621dcebc015b9b7a0db6198126cb0a3bcce949147c1ebca553e472972,stemphylium_colletotrichum_leaf_blight,IMG_2659.jpg,data/cold_raw_hf/stemphylium_colletotrichum_leaf_blight/row_0461.jpg
462,eec51373fb669d407ad0b7b4d841d30c9863eee7d9343919dde31495c66f4dc0,3c1b5070d745c6cfd9ca5d43d36482957458f3d0054a8a4eccc669e043668999,80d65acd50f04e07df30d533dabae8010fb536485ec1397ed9fb054469c41b4b,stemphylium_colletotrichum_leaf_blight,IMG_0305.jpg,data/cold_raw_hf/stemphylium_colletotrichum_leaf_blight/row_0462.jpg
463,7fab44aa7ed8c42e23f0f1defb8a0603135e1e1137caeb218646a31e01f256ba,eaa99d3d423482fc7b6eeb7c9765074cd87dc7c81f7569dfb7f1782152fd87bc,faa8fe92a70da919cca2c17c8c22c006182821aea6190c1ef438ea5af76f128a,stemphylium_colletotrichum_leaf_blight,IMG_2655.jpg,data/cold_raw_hf/stemphylium_colletotrichum_leaf_blight/row_0463.jpg
464,7bfd9cd097cbf772e270e4534e357997c70c595e98d76de9a343586817cddafb,9d4163c2e4003238cb514fc80349d9d45b465f25413574932bf5563c99fb611a,f3b38a917cd731b0a22a2ce3a3c068f7304af0ee12b91dc1d6bba08a81070060,stemphylium_colletotrichum_leaf_blight,108.jpg,data/cold_raw_hf/stemphylium_colletotrichum_leaf_blight/row_0464.jpg
465,27e1fba415a7c85e02721a638c8492bf5727bf39129c1b920bff864d69574bf3,d9575acdbf25adccee78046f9d80064951f72e325468906728f3ebc206a89b1b,63ac24f267dd7a1070514fbdc60a0d35793ec4fd068918733166a509877e3e49,stemphylium_colletotrichum_leaf_blight,IMG_4032.jpg,data/cold_raw_hf/stemphylium_colletotrichum_leaf_blight/row_0465.jpg
466,c9d979da0039fec7bcb893cdaf708810afae14df64ee436a9479991f4326cb6b,e2497e2fed690a178886681b62a8fc90b9331dd9cfe685330d1b0a93e9c74aa3,f272502167e71c9606d3aa31e3f96ebaa6b7c7382de8cf94ed2f1da5fb36d0fe,stemphylium_colletotrichum_leaf_blight,336.jpg,data/cold_raw_hf/stemphylium_colletotrichum_leaf_blight/row_0466.jpg
467,5da81007236dacfa98a52068259b7964b6503aac47c1c4693aeaf4c6cc834922,8c9427d3219b2dff2cca4f2df1b38d681666b5a14dc84d908923e2c7ac556b31,ab83fa41f6318360dba8ab61f8637e8492b4330755a01a6deb50be51cc697877,stemphylium_colletotrichum_leaf_blight,IMG_0320.jpg,data/cold_raw_hf/stemphylium_colletotrichum_leaf_blight/row_0467.jpg
468,b6082034df357c958601710dc44311309650b8425d554ac3ed84ca421d77163b,93e9408e38f3add3397b1e051f36371bc73f93f6d0e9ec6d85ce7ad12ebfd5b0,f95c535da911833c13223d79040b827f5e10180be90def4ac6794e2cedd5d7e1,stemphylium_colletotrichum_leaf_blight,IMG_0308.jpg,data/cold_raw_hf/stemphylium_colletotrichum_leaf_blight/row_0468.jpg
469,ac2b3e88f2421b93757fb0d2e5eb17402f2c9777bf56fe3e342bdfd236c04855,ede860a3d7ff380a99705eeea04aafa3e5a3ad8b86f74d40e2d5f2d0a795cc98,17d989246c5bf00babf5574ec589a4e5cc9a80edfcaef0b44f147476c39ac86c,stemphylium_colletotrichum_leaf_blight,IMG_0309.jpg,data/cold_raw_hf/stemphylium_colletotrichum_leaf_blight/row_0469.jpg
470,700396dc0403ac2c6b34afe71b2a10d18fb622a3f7cdbf295fb05d3c2527ccff,3b611e4607012be6f9b586e4abb438fc1b3b8b0c0ece13799e7b03837457d0e3,c7f7a290bcae1965a104db4fec01ba6d2033cc2afdd306e57f0eacd9dd46beac,stemphylium_colletotrichum_leaf_blight,135.jpg,data/cold_raw_hf/stemphylium_colletotrichum_leaf_blight/row_0470.jpg
471,b710d8b14107111d2d3b762d421dd0c30834c128663b118b6f60a52aafef8213,b444b5af7bb3dfd42e2ad4c338445c14bbc374b5a8b7571972e578c6cf712f68,cffd16a88cfe139df52f7411f4757c848e343a044c223b184c42580efc41bd49,stemphylium_colletotrichum_leaf_blight,IMG_2654.jpg,data/cold_raw_hf/stemphylium_colletotrichum_leaf_blight/row_0471.jpg
472,6cc7e90e42774a2474e60d75f0dc70fc12c90e9388a0e94e104da5accd88accc,2d4ed579ab141d2d548b975b4d4e3cbcb2099c7ce58e237013de1c58743a2054,b4a941ad84ba25f4ab50b18dfd846fad5981488e2e318ef7e06093d3a4aadab5,stemphylium_colletotrichum_leaf_blight,IMG_6197.jpg,data/cold_raw_hf/stemphylium_colletotrichum_leaf_blight/row_0472.jpg
473,63057bd99cf3d20ff5404933c54c45c986f854b28296f220ea7c1feb783602e0,05c624853c5724672870421e349eddaa8bff87639c6802da817f8d27ec48799f,b7b3ed018192f2fc1913330df0dfa4ee64d925b0d374cb9c6c1f85c6e9ae218f,stemphylium_colletotrichum_leaf_blight,IMG_6183.jpg,data/cold_raw_hf/stemphylium_colletotrichum_leaf_blight/row_0473.jpg
474,f6c6c2b90d4b96c48241430e1cfd08132d3a2d8c9420b89a6e937922a2c0d1a6,c5b0fea9ccb2289f557b349aec506fab1b27c8e6668cd1e07b68d5dda7103849,41b2ec1e1e342787b616bc2f1ca2040428a126bec22df146bfc3b523311054c8,stemphylium_colletotrichum_leaf_blight,IMG_0257.jpg,data/cold_raw_hf/stemphylium_colletotrichum_leaf_blight/row_0474.jpg
475,e6edf0581ee5290c11cf53ff2f19b8dbc8ec920c45f081f0f7cc9586711a97d2,23457771e09147dc43062613aef0bf932f3edb7eb194404f05f0e9c777c86fab,74b7769ef9eb01288701d7886d4b495c0f2afab428a1875c46bb32a0630c9df2,stemphylium_colletotrichum_leaf_blight,IMG_0323.jpg,data/cold_raw_hf/stemphylium_colletotrichum_leaf_blight/row_0475.jpg
476,3244a755a808c381dfa08ce6c505a3091b2541d0473d7fc79f8eb645a44105ae,51ce45f89b13079b63f090208402cd240aec7cce21e2551158684804fd724b5c,df5dee98d0cd93f10ab7e817b8e0c4b47b978c5f3c34fa23ca2c6d3a206c85b9,stemphylium_colletotrichum_leaf_blight,IMG_0336.jpg,data/cold_raw_hf/stemphylium_colletotrichum_leaf_blight/row_0476.jpg
477,89e538e33e94af013a9ca3eef4b937a64991c4b25621e63ae49df21adf213b98,390a7e6c9d1ab5bd04a1ee68e59f358d53c4cd5975f294f992eed4477e60d5a2,24d41e9bf5675a26f519a13008e7fb726377750bf83a758b20f3556139b60238,stemphylium_colletotrichum_leaf_blight,297.jpg,data/cold_raw_hf/stemphylium_colletotrichum_leaf_blight/row_0477.jpg
478,65b4b7ba137101c84a92a91a88dedc13528e9677c7972f6a2856872f0e8269a5,8754d28f6edd0469c5229829cbcae84185fb0d0a69c5d0fa8d69cf33133a8a9d,8fb2c476ab83603962524a1ba437af23881be8eead889a7f325e10b4ddc23a42,stemphylium_colletotrichum_leaf_blight,308.jpg,data/cold_raw_hf/stemphylium_colletotrichum_leaf_blight/row_0478.jpg
479,01243594dfbf82a901c6d766ff394da39833ccde1a77f81731725e1b749882c2,e68b8aad5fa54ec1ab330ab103c295066f5c2c136d386ff1b8855eeda2babc52,c7d2bdf0ddcd6194ecfb838d5c16fb3d2878fd6ec5522ec17cda42d8dcb2f720,stemphylium_colletotrichum_leaf_blight,136.jpg,data/cold_raw_hf/stemphylium_colletotrichum_leaf_blight/row_0479.jpg
480,07ca8718e51f5d6f5a03b6afbadcd1f33d07c6ca1c182dcde17163e82bfa99d3,3d52ea9ecccdbaf79bdd525feee7cb029a58e24b2f9aff1aef3077a4c298fbbb,030b734e53fc49da7a7cc7c112978fda926e4c126607ee95b321429d1647ece0,stemphylium_colletotrichum_leaf_blight,132.jpg,data/cold_raw_hf/stemphylium_colletotrichum_leaf_blight/row_0480.jpg
481,ab8cb3b647dc64deb6b3a46b15531ec564b87c196ec6a08176b125414ba4d0ea,7a04ac825385d7f80b6e9bbb0315c9d91c36fafa326f7eb959d4672138fe7149,60828f878b84b2bdfc25350fcfb51fec4afee0aebb8d5e39948aaead8c5cff25,stemphylium_colletotrichum_leaf_blight,126.jpg,data/cold_raw_hf/stemphylium_colletotrichum_leaf_blight/row_0481.jpg
482,4e0c219be6dc54c84b2acff2ac86b90e48070a32b0a7e749d3c5717747596443,f578ec356408572ea478d99770cbef8eee79cf10970d976f1b2bf540423b109d,8613b63b789117654ee07158402af04fdbdaf8d405fda1d1a17334161693d9a4,stemphylium_colletotrichum_leaf_blight,IMG_4034.jpg,data/cold_raw_hf/stemphylium_colletotrichum_leaf_blight/row_0482.jpg
483,5fa6f1ec7874cdedb7b366f5cedce97efa651f88b1152f5627a9566617420345,be20ad413f3315fdbbc7a0e681fd8eaa1ef2789470dc7f2e4bab7cd3ad4fc51f,fab1db3ed1c5e5399c3f2a16c108c835d6666bae2bb78940f721208ec59f147f,stemphylium_colletotrichum_leaf_blight,244.jpg,data/cold_raw_hf/stemphylium_colletotrichum_leaf_blight/row_0483.jpg
484,76c8a3bec443a495c3343aabf5a58bc1b3363d61a4e36a9d7ffc323b3ec349d8,271d46be67883511c35164440f145410221f37eebc4b450d11a68a81ebc97d5d,939942e0afa24674910000ee1be6e1ebb23a344d9036007c1de9ab6928892386,stemphylium_colletotrichum_leaf_blight,IMG_0327.jpg,data/cold_raw_hf/stemphylium_colletotrichum_leaf_blight/row_0484.jpg
485,d514f7c34180a3e6d859a3898fa688c32f76047936d449befcdf5d00648e7333,8d2d5c03e586e3df56153c2163340b552ad02d9d0f2529820bfe0ee74b25de2b,b844449ba88a60bac412805219217958cb4b1e9cd60dad68bc16b0dd52640798,stemphylium_colletotrichum_leaf_blight,325.jpg,data/cold_raw_hf/stemphylium_colletotrichum_leaf_blight/row_0485.jpg
486,80761eac22a48892668d016c5c7620a57ad97725be7cc2c7a7f6ac8317c6a7b9,8acfd2101e94cbe329ef4813ab4c05a6eabbf4352f30674ec5499be7466848b6,fe397e3c4552b626a93db2f51ec51c589bdfe8fb8ec0e6e1dae2bc552cc15c5c,stemphylium_colletotrichum_leaf_blight,IMG_0284.jpg,data/cold_raw_hf/stemphylium_colletotrichum_leaf_blight/row_0486.jpg
487,01471c20028ac04dec78a9497f2346cbb8833d65fd48f0f09df67e444598e9da,ef80a0c0f1324c95658fa3ee730b825bb79239b82dd468a2bfba914c40504d83,aa0b17abdd7f73873c910388134b2d7b9ca01f9044f780411d129b14a0e8eb20,stemphylium_colletotrichum_leaf_blight,30.jpg,data/cold_raw_hf/stemphylium_colletotrichum_leaf_blight/row_0487.jpg
488,dcc9690abbb4b50278909403bdaf595507695650b5b79f3c2e51240862b41cce,80c396f2b1d04e5a83f6284345587ae43d0c44fc352a9b60f48e1933d983cf0e,0d45cfe76a0f5075ad3243ede81666859bd954eb8c45d2ec941646b0eba1a01d,stemphylium_colletotrichum_leaf_blight,IMG_8802.jpg,data/cold_raw_hf/stemphylium_colletotrichum_leaf_blight/row_0488.jpg
489,5d5ccb81f7f453a457f4e369cab771b142ffdac33209021a09ca44cab38041b9,1ad4c100d5d32094b65673013a266599d40efee1c9dfbd5238c16bc5cf6f934d,3f7b91f8f93a1281d3eb41b25aaba91ee499c234ad0e5e860262321967b42347,stemphylium_colletotrichum_leaf_blight,IMG_9507.jpg,data/cold_raw_hf/stemphylium_colletotrichum_leaf_blight/row_0489.jpg
490,6987268cf9565bf9d5bc0f144643662aa3c003eca3bdfe2148e6289205b851dc,eaf23eec2bbf97fccb6cc540bcfbf83a5c220a5b7bfc8b5260a3b73656195367,fc7b75ee1baf711afc9f4621ab861947250b10c9ec6decaa5755d2c4e8400ced,stemphylium_colletotrichum_leaf_blight,IMG_0330.jpg,data/cold_raw_hf/stemphylium_colletotrichum_leaf_blight/row_0490.jpg
491,893f10bdb748573848107591e5d833eeedfd5750232624b163b7babce57f0ec3,39a93b0f392b5892c63b885a3f4298f33227e63ef37d8a686c89d6c163c898af,b63cbec5c98b2e755f521335628a4c30eed52520be6a421c158d1e8a4963cac9,stemphylium_colletotrichum_leaf_blight,IMG_9506.jpg,data/cold_raw_hf/stemphylium_colletotrichum_leaf_blight/row_0491.jpg
492,24879f00ec027b82572622451f720ce17003154d813a342a5a97e48eb0a21996,10faa97cdecc10b9111cadabbd13d318a77d341a41b160cda4b015bc92030be3,e246eac5a9cc17f281d740b11b73de885330f214add375646251ce357cea36f0,stemphylium_colletotrichum_leaf_blight,326.jpg,data/cold_raw_hf/stemphylium_colletotrichum_leaf_blight/row_0492.jpg
493,cece52f354f198eb1e219a04b98d5d9abf0ab5061755d40d6ba367cd7987b8c5,1d826b4be3cbd592151a79093f66cfa83aea603fba9b3c468be1380288ef589a,ad95217a6c9449aba19c14f3f9f5c947e5cfef7132c68ff033b8f3529cee8f9c,stemphylium_colletotrichum_leaf_blight,118.jpg,data/cold_raw_hf/stemphylium_colletotrichum_leaf_blight/row_0493.jpg
494,9eab45af48d569101806fde9cde9b42f0b739b7c8b9051751240e9d75078481d,98ca2e395492b9dfd6a4d942e3fb422d65fe471a1b184bc0cf8e28e694640b6f,836f00e8f7fe8e9128e0a6f896c0afefcbbced0c959d26687e58293818a8c32d,stemphylium_colletotrichum_leaf_blight,130.jpg,data/cold_raw_hf/stemphylium_colletotrichum_leaf_blight/row_0494.jpg
495,bed1c96b0dda4cdc80b231d18c80a32f830b00f2edee8ba70db19ea127fd2722,9e72b0502f7ad883bb6711dcfb4a8b9957430dc57dc28e58d550e4d6a41c751d,39536cd346c6aef20e784d45a796839ffa61c2afc9027ae1133fd0da182bbe08,stemphylium_colletotrichum_leaf_blight,IMG_4068_2.jpg,data/cold_raw_hf/stemphylium_colletotrichum_leaf_blight/row_0495.jpg
496,2beac029e550a1cefa730243a22379a39a54955bfad154486ab8dca2a288d094,fbc9fd279c29e5e831d425fbae2c3f5ab5fb79b3f71f0650cead799c65545f43,d6e343005557026091196bf02bad904b2efb43ae9f19d8e60cee11d1ba8d213f,stemphylium_colletotrichum_leaf_blight,IMG_8858.jpg,data/cold_raw_hf/stemphylium_colletotrichum_leaf_blight/row_0496.jpg
497,c933e778ab2a3478b5f513ffc87526848c97acc361a8fde69804999bd6a952e2,cb76a7f8b5ae9f6a6a4725e4574f7bbf3b2d1313222f0c2d38e477cc8f5854ad,3e13c23a251332f5fe7fe6b43ba81e58e9f36693cb9b647c428b9f98adf882d5,stemphylium_colletotrichum_leaf_blight,IMG_4051.jpg,data/cold_raw_hf/stemphylium_colletotrichum_leaf_blight/row_0497.jpg
498,6126b3aff419dc8cf0480c900e971e089d7463b9f49e21aa18104ba6175e9d20,d1b4396a90e79e3f397374519d965878ca5d2797deaeb7571c7b40862a7bccf1,d3108d863a70dad9f2e90ae9efee9d3d921e26e2013347212de8d0a23e643a85,stemphylium_colletotrichum_leaf_blight,IMG_8051.jpg,data/cold_raw_hf/stemphylium_colletotrichum_leaf_blight/row_0498.jpg
499,5a47e30f1f8d1f956a85c177afd9797b39643075d1fc09dfb8a2349a185a569c,c8a7197f7a977ba87bc65c707888acd95b508f558092115188c5d17443fde1d3,2a0c42e03cd70ef34dce1bfd82f0e446a2f3cb15eb157b7b8f736de1503fd302,stemphylium_colletotrichum_leaf_blight,IMG_0342.jpg,data/cold_raw_hf/stemphylium_colletotrichum_leaf_blight/row_0499.jpg
500,a18938213ad3516ac6b3840e8c6f3ffe3461714741d251082b55f0a8e596e7f7,198861e7d55f3ceb868f2f62b5ab5b700850b038d170ce23a6291fd89dcc84ae,abfaca87da5c7fe0faecfdef4276bfd716005ae94694c90f1d92a4b658fa9a95,stemphylium_colletotrichum_leaf_blight,208.jpg,data/cold_raw_hf/stemphylium_colletotrichum_leaf_blight/row_0500.jpg
501,3f24184e42f98597b33b881f549f9dc7ff6cf704977ab418f739e3ee95ec0022,0ad3cad1fb86011bb8dfb124152dcdfb468649bcf860ce488300e08f81238e51,cd38ecb42eb4a103c6b94bc0fcd1c7a088a4cd41b455e377904f29f94fc3c6e3,stemphylium_colletotrichum_leaf_blight,5.jpg,data/cold_raw_hf/stemphylium_colletotrichum_leaf_blight/row_0501.jpg
502,0e64ad9554b4248d4a985aa59bc22439cf82685cc221c1f36a51a9bad7670b30,69ace28b17fbc2008258b23e960297d8addeb719477b90b43e368b5e3081bd0f,071e784e356455e4e80b56c2719e41bc8981ac094e5e818204c853a940dd2b81,stemphylium_colletotrichum_leaf_blight,43.jpg,data/cold_raw_hf/stemphylium_colletotrichum_leaf_blight/row_0502.jpg
503,986175f6d2f3518f6abc8b23f57624a2ebd17b4a0abfd62df517fbfb5a19b66e,6860b5852b884cbba937642c688f9d6bc036e89a2cd7a44abe4e9e5374ca718a,1a45380f0e2187ade142063e13ed1eadb5abb5225113d7a614ae7d6bbca05ade,stemphylium_colletotrichum_leaf_blight,69.jpg,data/cold_raw_hf/stemphylium_colletotrichum_leaf_blight/row_0503.jpg
504,49ff37a9f4f8c3cb721ec3cc17000ec207d526ec82110af353878d769c5f081e,d35346d68d653401cbcaf0ec4ccfba2b00c59ef57b70eb4964e1f816342eb3fc,701b611f847a4707228778f32af48da0d4643b90925ac61970548a4f7e47ae9a,stemphylium_colletotrichum_leaf_blight,236.jpg,data/cold_raw_hf/stemphylium_colletotrichum_leaf_blight/row_0504.jpg
505,ec186e4221c77ac998b20b8df12a6e1fd0dbea138c6258c7804acba8af2cb2ca,cb0de8ed6ea59ba79b83836d8b5805e86bc165059b0e56612f903c8091d6f840,e9855b5854fac53a054d69c2ffc3ee2a838b3f19592df1d75e41d633189114a1,stemphylium_colletotrichum_leaf_blight,IMG_8053.jpg,data/cold_raw_hf/stemphylium_colletotrichum_leaf_blight/row_0505.jpg
506,fa3b585aa60178735939759fa5e6473a249b06d76185c7654306e5d0c4d8e8c3,fc2ef456ec53452c766592c0a4642c15bcc17a864aec89ddaa9c00a8465401d0,824368c14ae645b08339856260338422a3c99bb982de2794a7d6487258ac83f4,stemphylium_colletotrichum_leaf_blight,68.jpg,data/cold_raw_hf/stemphylium_colletotrichum_leaf_blight/row_0506.jpg
507,09661768439db374888d9a8cc97f4ade7ba6ac1ab61c8cad270b71acc279ac6b,9344045f281beb56dac500a4752b80c0913567314b5432c6e312dec32c6aaa2a,0b5a800854d059d1ce54ce2f1667c73d16ea5f6ca534a8b4fe63d13b61b3cf08,stemphylium_colletotrichum_leaf_blight,54.jpg,data/cold_raw_hf/stemphylium_colletotrichum_leaf_blight/row_0507.jpg
508,38411a6bde199238ae0db2d949e2ccfdbaa40a84a35cc0901e060fe2f2c7c113,873ffb59b8dfc7e0e3b988d7f5f82df5da63955bfe6ee37e75499ec0d7b0b77c,74c8730dfa836aee309c7070cfee4a44b936726e5c3f583e24334aaaac577545,stemphylium_colletotrichum_leaf_blight,6.jpg,data/cold_raw_hf/stemphylium_colletotrichum_leaf_blight/row_0508.jpg
509,f8ac447abe1600c3a8723989c46afe54590dff47d6973ce2efc7616d17040e86,245e8e1eee058b66f4c714c34776a8b0ebf830b00fcc76e0a347ce4241b5454c,440d7e7b31956cecc377139b8f653c8a033b0b439631c6614a6d7e82aa064081,stemphylium_colletotrichum_leaf_blight,78.jpg,data/cold_raw_hf/stemphylium_colletotrichum_leaf_blight/row_0509.jpg
510,b727270a308f219c246421bb9f6c3c12c66eac34da2ead0775660980ac269b87,72e0c5a22921115ae9c691319e958e87a63f2bb6c7e5e6ee1b508eefc995f455,41eb985fd4036ecc983dcb0ea3f094572d2da1c190d4ba2e88fc264d0f1dd383,stemphylium_colletotrichum_leaf_blight,93.jpg,data/cold_raw_hf/stemphylium_colletotrichum_leaf_blight/row_0510.jpg
511,926c5119a9434ff9044c494de9e9fbde49ee62197cb5837c16321b1c3e674f4b,dba4cb8b1f95c356f54163b06c1c6505780a800907ae91980a98c1364d65fd0a,c78605d944807454b39e5f4ef13f1b96c1ee8a75b8d5d13096d1e0bac6b28677,stemphylium_colletotrichum_leaf_blight,IMG_4030_1.jpg,data/cold_raw_hf/stemphylium_colletotrichum_leaf_blight/row_0511.jpg
512,26b181545a8ae04d6263e50f8f0faeb5b7b7a8bba3dab41b5328a813520f0d1a,bdafbb0ce9fc466c76dc2b6d769f8760622858995e2dd5ece36dbf7f263d755a,5aa9f529ae71fbea76de4323ceaca11ebaffe941afe6ed865b6fd8b7b206a7bb,stemphylium_colletotrichum_leaf_blight,IMG_9407.jpg,data/cold_raw_hf/stemphylium_colletotrichum_leaf_blight/row_0512.jpg
513,714963e678740822e082897f3aad7d0c3949b4bb51ccfc550abd1500e7fa5768,1135cec14bc475244ccbc430cd645ced9b3db6fc5cfb15dcccca5abc3bf3bc54,2adc26fe9269e4802956d0694cc58cdff29fad62b814e0aedd98c096e3a735be,stemphylium_colletotrichum_leaf_blight,79.jpg,data/cold_raw_hf/stemphylium_colletotrichum_leaf_blight/row_0513.jpg
514,4b034eab17468b1d598590a78c8571ec124329311bc71db2ab575819500520f0,30a7584859f2a0738ee6dbc0196f2254b85cf946669044b96c210a7d24d14acf,9f55f628c39445df1cfc27adc0458dc7e25417c43dea87023ba9ba3fc6e00c4e,stemphylium_colletotrichum_leaf_blight,218.jpg,data/cold_raw_hf/stemphylium_colletotrichum_leaf_blight/row_0514.jpg
515,98583a4dbb5cc156cfa1b1f657db6069e009f2015289368497c92df793ae13d0,e0a61196b7aca061ea92cef29152264722696f5b19ba43d474c3f7165eb1c973,9e89b093bb4be8131d4293d8bf73a37fd1ded05d9530ada9ddce753c4e15e366,stemphylium_colletotrichum_leaf_blight,52.jpg,data/cold_raw_hf/stemphylium_colletotrichum_leaf_blight/row_0515.jpg
516,030d98ccdc62f778dddfc96dc70442cd9fda21d51d25d06c074cb850be680c23,c6e515ca156f384fb20fdda53b9f2bd015fc49d39b6108cb7b00d18cb3dcf503,574cfa596f67a119cab9f31cecf2bcd727a01938799d04abea79a2e46684fa66,purple_blotch,IMG_9824_3.jpg,data/cold_raw_hf/purple_blotch/row_0516.jpg
517,2bd87ee041d7deb4f407c8017094fd1ed80c12077cb155add719e86257088cfd,98b6f2eb052abb0d1fc8a287700039937a19dbffb1df8100e65c0797c6eca2a8,8ad8346bbe762c20c842b30fde895c1371c9916c0ab1f2fa6edada9d98993815,purple_blotch,IMG_9437.jpg,data/cold_raw_hf/purple_blotch/row_0517.jpg
518,e31d9caf501b00407c1eda1f0f283700e29d78d111559346a1f4dcf972cb3aee,88d73aecbf16a2c62b4a897ac3c711a70d6b08fabb43763a02bce3c0d3d83a01,225a0660fe6cd126a76e0dabfafe774902828352755d4986e87207d9da97f84f,purple_blotch,IMG_9427.jpg,data/cold_raw_hf/purple_blotch/row_0518.jpg
519,122a7ad3310f98ffb729324f1955035b4a3040f2fd6b0e8838efaaba495e803c,cce1b3661429915f57dc41dc62448b7e3ea644d832fa7666d96cebef5ed8bdd8,c50563cf4f409f7417f41c1f07bee27d3918fa613df3f4ba54e81bd059713eef,purple_blotch,IMG_9341.jpg,data/cold_raw_hf/purple_blotch/row_0519.jpg
520,914a201329d368a875b8ecd6a0731d6b711c7b1352bfed5087293717929c1c7f,f993274aa80bc3702ff035d330a4903784254e28e0b94e11a63040aeb95f4a0b,4ca0491cb576bd2acf1112911da946778de438e83bfb8356880d35a6d655786d,purple_blotch,IMG_9342.jpg,data/cold_raw_hf/purple_blotch/row_0520.jpg
521,ffb5e7b467a5b769762f9e11e02df7cb0588f4c228a7fcb79c1aa94897c84378,061e928fe1f4c6566cfa1a354ee92ead12d02d574183345b366618bd1d887595,b1d758a295eba84c296fc3e39e107757d55553036ab51a7058cdb3e21e66ae01,purple_blotch,IMG_9824_6.jpg,data/cold_raw_hf/purple_blotch/row_0521.jpg
522,81139ed5a95d52f0bc6f50af40e1e1b39a628bdf62df2da43a2a1286fcb4b515,f26126c80a826f04215b9c3718e1a6523c15da87ff52bc09c8d8390cffa4179c,0df7e8de7e83dc07c96b7947557e60316f9d6eec1d71c73bf932d45c79ee9bb3,purple_blotch,IMG_0314.jpg,data/cold_raw_hf/purple_blotch/row_0522.jpg
523,b86859bef2931d718e3578429acc50a03a9522cf3bbb06e5d95df5af3eb031f4,c5b12b0bd1ef14f1d64a51fc049debf8c5b52fd2ca8b7361a44c31c22661057b,98ee9891a58f1cb44b26a7cb11b5b81e0cd412b07691333cafb21d48d77ccf03,purple_blotch,300.jpg,data/cold_raw_hf/purple_blotch/row_0523.jpg
524,89f141fa34b67cbd115ec986f1fe83e408b8ae4368be540750fad8561b3a21c9,12da0af873c32e1db6164c47701a757da8b0179c70938635619123110c8e98a5,100249e6028faa0a4fe8798b052d3fe746a727c70d779013d444c543a25ef004,purple_blotch,IMG_0298.jpg,data/cold_raw_hf/purple_blotch/row_0524.jpg
525,f7aa8eecc927bea8f322e344abd35572b27b6433ae205b2a4ad6143f6c456876,82d4f5df0355229bf2326cc938d35ebba9951c93e4c222e1d34c7a196118ff03,f21de37db142c20ac37d25566c3da8101092761c95eb9ee39bb22b2f24ea35ed,purple_blotch,IMG_0297.jpg,data/cold_raw_hf/purple_blotch/row_0525.jpg
526,9a0a1d4d0c6676bf78fe174e24df5fb1e72bff0120f6d3cfc5701b0090aaafe4,5c5552e754cafbaa1983dd5d7b99b92d8604706a4dfcf4f7c7547b9bd71b4c3a,ebeeb1d725f79af6f0156114f6f97d366442989581275094908cd5f134961962,purple_blotch,242.jpg,data/cold_raw_hf/purple_blotch/row_0526.jpg
527,aac9d8274a2fece36276a49450ec07c55a0e92fad9dbc383866000e0f4d7081e,845f930922d921663aa4c044c8c5540a883bf5f038f665ca267c7b417db2ef8b,623968a261377cce6625d6b96f8f077033ec86302c371b7938b7727f12ae7530,purple_blotch,IMG_9908.jpg,data/cold_raw_hf/purple_blotch/row_0527.jpg
528,167d28ed3f72d83db50a49d1c0e8556742e7b89fdc956f0ae1354f5cb281462e,01f11bf4912814158a56938f44555732d18ac6c211ad8a88cd08314de91da4d5,b052b14788184ea2e63d7979d634982593c3b80e380ec732f9510c435e1bd942,purple_blotch,IMG_0293.jpg,data/cold_raw_hf/purple_blotch/row_0528.jpg
529,2976f962c5f7ab68d19f260a5d25231c24b34e96a6e5925fc65f8cb3cb3a4bd2,e896fd87768c58042acd78915823968c1a975b3da38df14d2202f1df8d7108e1,049a83bf5877c18a5e898f45c42fa4f1a5ace1590a3d5c37591fe972c88875dc,purple_blotch,IMG_9824.jpg,data/cold_raw_hf/purple_blotch/row_0529.jpg
530,647ac196c4b991ade199d4600994ea4295522b6080c9cf07df471fccde6e28bb,9f8e3a63c4f4e0b0a7522ec1ab6cbdfee86def28612c82d5baa16d07a6d491a0,2faf8b24156fdd601c59f83de8cf9cc966bbddcf9cf3e3f9bf84370ca2795bad,purple_blotch,IMG_9428.jpg,data/cold_raw_hf/purple_blotch/row_0530.jpg
531,11d27b368d8620f87c206e2c4af1f60cb86a38867bfe2720209dc56171b7b4f5,1a718f03504c62398bf8f78ecae0d113bf486f86d4f4be76bce0883f078bd244,9bcf16f37d6ae18160772d2351193bc159bbae9563751f9a0feccdd73c5f3805,purple_blotch,233.jpg,data/cold_raw_hf/purple_blotch/row_0531.jpg
532,d986db850d8e7b186f3837f9ccfe41863fdab7f992876a5971ec65e101f96276,a88d57ab1a1c78d02b721f0c5fd57772c59767ca46b7079457c4f5e99d3b8b46,6b1eb97a9106973cbab3cd925aa17d4b4e84e0b4c076b4fdc891739a6f90aefc,purple_blotch,225.jpg,data/cold_raw_hf/purple_blotch/row_0532.jpg
533,a8887b5f1f1fc37a010f2b26c4f6e2d372b9f0a9d2832defa22e5cded3b3044b,9eb27e9d6b302673abc7a8a47e6fac3e2e6c143ac36a6627fce7797b36276574,f858f0ff4a3237a68f365bf563bfd809e36f67315ab2eb349433ac1a260be601,purple_blotch,231.jpg,data/cold_raw_hf/purple_blotch/row_0533.jpg
534,79024d3a0d984a93ef1be95bb29ddf94edc16e66b022a883d02e28433f00d69c,39c6435a30e091c554b857c9252eba497bf3c0f2a1e8033c51210ce3d1b786a1,5a5936de9400b4094f1ffedb372dd869d6589ddfaf7a87b0b0e9f663da8e5776,iris_yellow_virus,IMG_7960.jpg,data/cold_raw_hf/iris_yellow_virus/row_0534.jpg
535,2bba8c45c9a800c0c0d9d9f69878874f4c8b7995b1f372bc4e7998f70fe3bef5,04b15029a8e1f98b3a538d6fe392f6ccb7c57b87c4bb73dba4de345beb62093d,66dd4f32d6783c4fdc47c517509d46c1eb0220d752eba2a6c99fa98d65e8d99e,iris_yellow_virus,189.jpg,data/cold_raw_hf/iris_yellow_virus/row_0535.jpg
536,5d275ad332a8420e191917b21fba583c41da37506ccef1b45c93fe180d3a5f59,738c3b06bda03c60a46385d8261dcb3e926b91a6ca2fae6765a580a3b4920845,fd6c04cc880a1469d9ec2d9afbb79d3602e4bf81365abd32422417dd6914c0e8,iris_yellow_virus,IMG_7948.jpg,data/cold_raw_hf/iris_yellow_virus/row_0536.jpg
537,3a78f5797d47c02554914dde51fcaa64b420e0ab88ab393935cca28e30dbeef4,7d0899518034d5831ad5d48962545bb5a606a18b87593fe0a7b320aa7e9f1e8a,8589c3fbab111a127dd4b67253499c1c5d80b050581c0bafa4052f12ca46c87d,iris_yellow_virus,162.jpg,data/cold_raw_hf/iris_yellow_virus/row_0537.jpg
538,39f6c6abe4adb904b9f30cf87645345039a89f7179da7acb56db15ff633960b1,cdfdc991e96d8ad2cb8fa91b0796dec0b8c4d03e472defc4d98f88b9b406e3de,be3d3ff67017231f37a7133919ef9bf9a64fddf806e0c151dbaecd4bb7a778bf,iris_yellow_virus,176.jpg,data/cold_raw_hf/iris_yellow_virus/row_0538.jpg
539,1010559e736188f1a57ba328a5e90315b3090aa492a23e1b62dbd5a385992bb0,ee95453891d84d15e6c18ae8974d25f6505743ea66e91d26b26a05584b3d0e57,46fa194ee4240b305bea439ba30175c61cbcc78bbfa6bba23c936c49df1fd0b8,iris_yellow_virus,IMG_7592.jpg,data/cold_raw_hf/iris_yellow_virus/row_0539.jpg
540,d319df26096d84adf7f20ff833b8118b27cd2d23c6aef65e95dc2a9e0fffba0d,2c5820d52bf235fbd25b2d05e2923df8633fa0906047ce34a4853df2abe5ec89,1c5763c6ddb3c0123d03f8ef9c32c56781d63448b12a49abc9b15fb916c5ad96,iris_yellow_virus,IMG_7579.jpg,data/cold_raw_hf/iris_yellow_virus/row_0540.jpg
541,ed9157155b8e6c4b74f6b3353c263830f9a79a8d0f5963a0a91847ef09c4d44a,018ae61d314e574c63b02f2d4e2706e37570cdbc7126c9e030e53e085684d4d2,bfbe29acd3b57f5a2caab51bc9e53e24b8e21c94ba7c55e9811687e8eb8319b2,iris_yellow_virus,348.jpg,data/cold_raw_hf/iris_yellow_virus/row_0541.jpg
542,827411ebc7660f11e416f6bba43b0ce8a5e29a59ba57b72cd172f7b581b3d43a,7fd3b2d9cf5539c45b122046c2d5aeac9f6624432b47544bf4b33a151865a7e2,13a4907d21056b09b827ae97f4372d5aafbdbab6d5a7118fcd51e66d649c6e7f,iris_yellow_virus,228.jpg,data/cold_raw_hf/iris_yellow_virus/row_0542.jpg
543,8f91557e33c9edc9cfa689bbf53fc8f1ca2382b42eb30aa0b420604cd77fde20,6cfc7ba438bdc826d030a111dcbe132cf24a9627c0fb1cfa2d56ebab06956764,6429ce40062db75e948fff1bd73d3193d44b020d1e5ce00e07233cce01173a20,iris_yellow_virus,IMG_9352.jpg,data/cold_raw_hf/iris_yellow_virus/row_0543.jpg
544,5393f6b92a1380ac14cc2e026fd48603c29e30e537716da944e12199e84748b8,96c7cfc2008ca960d6d131287fbde4150b52c0c1817811d0c03d7e4d519bd093,27ac3e02484b4c553654f07a52ab58ca6abee5d7cb952e81ee51f50896cb2c4b,iris_yellow_virus,IMG_9434.jpg,data/cold_raw_hf/iris_yellow_virus/row_0544.jpg
545,6d7cb7dd6ec936519ff5b369c209c10f6684dd01499b85f44a4967a5cfd43ef9,c377869364f1a01c2da02bdda0d0bbae6f0b10e40abf989d2253de4fde2531ce,ca63790d90e0507caf08d535c69e0390842c085855032dcb19832eed591bb2ac,iris_yellow_virus,214.jpg,data/cold_raw_hf/iris_yellow_virus/row_0545.jpg
546,7c46a85bdac738e14942570681d67d64d6c9688559a9f46da2adb06b9934401d,c6538a4b678e4f5fda5b56eae75525e3118c5d0feeacd24a5d3b76001510f023,a40915f312aa20c164964ca55ca1382ac0b647c2d96bfc7de01976a247e0c6fd,iris_yellow_virus,IMG_8064.jpg,data/cold_raw_hf/iris_yellow_virus/row_0546.jpg
547,70df16992eff63cc0273a9b259cac2f044478eeb02b069bdceae91577e80369a,e825c7ba69d3950e6a51be0406a94a49af1c901e556fb705f6d7e9e407f41d43,d663f3d7dcb4f4e851a5ff0b33b2f4668235b5839ffbc7037a71c7dce9a9f3cd,iris_yellow_virus,200.jpg,data/cold_raw_hf/iris_yellow_virus/row_0547.jpg
548,d6c67872dc2306d33385ceba2a1c625a4af73abbd9d2fab9951ba69328364710,22cfd85763bb507610d2641c5a46659db78e663cd43319d6845acc15d05bf217,c40d4909bf413092bbc5f5e5e2b894395f425ebeeb86d21ec44f6163d9c96547,iris_yellow_virus,IMG_9839.jpg,data/cold_raw_hf/iris_yellow_virus/row_0548.jpg
549,37d08130f7d8598022e9dfb89bf1808e13422bc6fb5952d6c1f559f65b3d9160,8a54cc2117db01a126723108df7c40490fe2585ffeb1b501484ab6f4f55ab033,20976fb9e3edfe3c8a07adf95492be948820dd0a699b91ea099b4aa37bcd803d,iris_yellow_virus,IMG_9838.jpg,data/cold_raw_hf/iris_yellow_virus/row_0549.jpg
550,0318d1344cdedb5de6f6b0d60a9d7ecea69ea17ca5440098eb87bae8b400f39d,c8037ea8a887a7c6ac14a85fee7bfc6c060fa8dcac23141d95095f64c6bd24ad,0864f3f802bbf9500a71346d42333e694764d8698309879b552b9c2cc2df2890,iris_yellow_virus,201.jpg,data/cold_raw_hf/iris_yellow_virus/row_0550.jpg
551,53218272578f9003aea282919b72f39040064e7097d7db550546b8c12330c856,10293d8f39076ccf2d7a180d1d1d94c2568c1f628ab13b236d3a7d481ff39e4c,53920b578aeacd9fd2d3474aa4930e769bd09dec988bca981206d1ae8fc60612,iris_yellow_virus,215.jpg,data/cold_raw_hf/iris_yellow_virus/row_0551.jpg
552,198dcc404a3151acd189737856e2572675cd9e30bec2b891b6435820c83a21a4,99d7edf202c4247b52a44e37a0822c8516490dc3b8f47f6fb3c8324a8d52a5ae,00bc381e992722f79fc2455d3767612adb81ed067670b6b5f57649bd14613e76,iris_yellow_virus,IMG_9421.jpg,data/cold_raw_hf/iris_yellow_virus/row_0552.jpg
553,0f2dc586b94ff6082c17dee4577d1423bc2b41d86360cc5a5a52e5569738979e,3dcc4842eaeedffa14c72dfadff305833b9140d039a8aeb9a7363d09c77b5c84,1546334287615effac52e199603c1abb0af1556962799c5c205a1f30bccddbca,iris_yellow_virus,IMG_0388.jpg,data/cold_raw_hf/iris_yellow_virus/row_0553.jpg
554,82f5ea8b399840596d4f658cd0261f0a29fd051e4e5dcacc367f15c8a39c349c,1adb4524429a9ca318b420b14cb83f10640cace1caf49de4b5d26401994f46c2,feef9f715839c427366e3119cfbb23acb069b7867f795792d7907bfc941bbf8a,iris_yellow_virus,IMG_9384.jpg,data/cold_raw_hf/iris_yellow_virus/row_0554.jpg
555,ce03e62368f8be8bf6a5975d48625412da017033837eea139dddc1ef6c86aefa,26306b1d90c05ebb67be950a027e6c0956117a564c4ea775087d04217ca96cfc,4f811fceb06fe8c1874a0953a96f0fffe7882cc0948e0501bbf6b5f61780bf7b,iris_yellow_virus,361.jpg,data/cold_raw_hf/iris_yellow_virus/row_0555.jpg
556,413ef40de96be395901f17f1380e95d16c889a7eadad9f5cee590156d513b162,82d7166841838185c3dc928f0a73d8f1b7e40e60fd815817694a2a389ba6f892,d8112334700fdf53b1b66032917d1cc6f9feb0e4d808d2554491e799099a8ae5,iris_yellow_virus,349.jpg,data/cold_raw_hf/iris_yellow_virus/row_0556.jpg
557,12f6148f7784602d53b71df7fdac7bece5ad174ca414fa33f272469272751ffd,a85d56f9fefd557fd14be30cd8fb831326eea4dcea4784599ff1019c5e6c1bc8,571811216f0bbd7e37fdb57c35a1679c90124f492c0d8875a677cd83d4766cf3,iris_yellow_virus,IMG_7593.jpg,data/cold_raw_hf/iris_yellow_virus/row_0557.jpg
558,9ff0120fb2446250ca81cc6943dda941f3255ae9da50c7eeaa887f0445690b65,bc1d050ef2b4f8077d53ebae5079a2086fef235aaf37387f85b375ab75f6da9e,523bc2bd2bb9688c5d841c5859bc4d859da3ca99d4686562871c3c17b194cf1d,iris_yellow_virus,IMG_8826_1.jpg,data/cold_raw_hf/iris_yellow_virus/row_0558.jpg
559,bc512cd29e95e3a8794b66b201191ea7d7db2ff9710321f343082e070f3950d8,69b6d6db94cd43a8cc437816a514f221febd8041bc5c422a824d8068b6bc9cab,cf8b132dc73a48a603adbd2878b2b82aee2691ca80474468ff340903593b9383,iris_yellow_virus,177.jpg,data/cold_raw_hf/iris_yellow_virus/row_0559.jpg
560,d1a3b7642aece01a1c5fb1773de79ead6d74dc2c7672e7bfb8893cd5a63c64be,a1547cc2e04336d857ea191a9ca76ffa0e35b773c639681b02c991a7469fc7b3,d25f659dbabc13730115c4c66c76b4c3b601519e5301a35037588b98bc651bda,iris_yellow_virus,163.jpg,data/cold_raw_hf/iris_yellow_virus/row_0560.jpg
561,094144423621fc913fa678d35e653b4cf52f671d939efd6f37bd89b2a46d0971,48e215725dc221ae13e0eade013c48d72884c0f2a8959e03c330ba493cefdd3c,5f864947aaca94795c4a01bcb9010364fb43d8f867ffe288110d5c683f309a85,iris_yellow_virus,188.jpg,data/cold_raw_hf/iris_yellow_virus/row_0561.jpg
562,2fdce861ff21f064532aeda770e9976edc873c2c49234d2d16c8f6ffa39afb8b,f146174e8597904f0e03878397dbc209f98855f7a3ff44d0a87f86d631e76d44,8a8ace0c1694c17e842fc2daa31a9b614241aff0e461bc9160ed659d775b7ad2,iris_yellow_virus,149.jpg,data/cold_raw_hf/iris_yellow_virus/row_0562.jpg
563,324439710cf5390b1d50c232346b37ca5435909eef04dbc5543e3587725c9ba2,cd2794698fd4fe569f476f0c60cb2bc88ee30e3422009fa60cc99e3529a6934d,a4654436c6d7e3a82a1f1aa9198a9d9870e001f23948db3c9f6fbd57cd00e469,iris_yellow_virus,175.jpg,data/cold_raw_hf/iris_yellow_virus/row_0563.jpg
564,21cdcb0c29f3abfb2e062bf320ec3ce2266dd9537662f41d85d6da13dadca25e,791bf8f04f0658bc4996bef8dc441e6df8b005751fa3758290fa47af6b1a0cdf,7d713f52e6da1d0c7b81cab0395d1ff0a8c8645a8b6d091ea0ca3f85f55b092c,iris_yellow_virus,161.jpg,data/cold_raw_hf/iris_yellow_virus/row_0564.jpg
565,66a93453e174f9f02c8c3145ac55fde67cc610aeedd912c89630cbfd3e35f1e1,46036a48d007f69ae22e922075818a54465502273d0fba904aeb850eff759ee1,6b9d36d140bacdfa82e078093a6169e48185284d772ad41f762adba6db7f2850,iris_yellow_virus,IMG_8852.jpg,data/cold_raw_hf/iris_yellow_virus/row_0565.jpg
566,d274e268dea56d90b4c4695e1002cbab10046f74c26df14b3a16f2f553a9e1fd,98b7783a298e43c38a6b604aa70d35c3606c7cedda7b1117e88227dfe75188bb,752543f1af00ab08d740f1a1b5b9bcb06af159677fb143f5123c9b4a375877a0,iris_yellow_virus,IMG_7585.jpg,data/cold_raw_hf/iris_yellow_virus/row_0566.jpg
567,28460b3efda8fbcf59898efb9a045736d6c3edad4400ba46f61ea0ef078b202d,83b9134d3069cb6dd47812d7dbc4c423b9305f8a001f489b97de5784ffb93b80,79a144ae8606453356d96a72e2c220eb050adacd60b760cd6bb170497e01634e,iris_yellow_virus,IMG_8107.jpg,data/cold_raw_hf/iris_yellow_virus/row_0567.jpg
568,c626c7d83876c5ff19f06ef38fe31ed63c04f84d03da11baab0c3d18f790fd9c,405391aa777c73703f16c01e99466f5dc4a9ad4b8e8da67202b01b3ba3270894,692a119b902a76ab477951d9ffed86167f73e0f56280704cc3f2dccec947c34f,iris_yellow_virus,363.jpg,data/cold_raw_hf/iris_yellow_virus/row_0568.jpg
569,4ef472fc2f5df4129b9ec7421eac46e93956afe1f90358b75b463cb0308bf417,016bda2db30dcaf05d650f482d8661ac944416f631490c870fce11deea98c66a,1a9fd6884c46879232bd01a4dcc40831f08d892937518e45e9f1e3f2919eb0cf,iris_yellow_virus,203.jpg,data/cold_raw_hf/iris_yellow_virus/row_0569.jpg
570,44d61e8e991dedab5fce4ceb28f3c6da474c0558b930afaffb0120360d8157c0,cca995d5edd8ec19a5f7a423fa4024cb2ddaaa8f9c6b42cb1f5119901f3c6589,a34213d1ebbba3ebf3d214e0a51736f733c8ae8cfbd606b240ab1e0508ff184b,iris_yellow_virus,IMG_9378.jpg,data/cold_raw_hf/iris_yellow_virus/row_0570.jpg
571,2221f3522ac7dd280c5a82de99d4e090889504b06524802006ebe00fcd8b7926,d50dceaecd7b30e3c1a08a3760f34782e0176e37e541f630ab7ee183641abec3,1814375d78aefbb04b12c781d9fd6032b287859fb1362116806524b8accdf9a9,iris_yellow_virus,IMG_0313_1.jpg,data/cold_raw_hf/iris_yellow_virus/row_0571.jpg
572,3e84b55194e45e3d0d9bd24cc3fe45b4f2f041b91b351755be5d6274ef6f7cc4,6a087b0b58a387902e93ca2646c7d5444dbb919149ec96fdf3f3ace85ea84f49,d80a3b87ec086c92c9b048d1391f527fb33aa4b2a718339f1afbd3603a3c6785,iris_yellow_virus,IMG_9344.jpg,data/cold_raw_hf/iris_yellow_virus/row_0572.jpg
573,1c95822831f73dd7077116e055ca07ae407a583d237d3f11dc239ad3efa2083f,55c273261dede0175f97a8fd861a0dffdb66d49d37c6fd7f71eeac29b8af7da2,961f59107e5bab6bf314e1569a8a42f6cf49197551ec77a61f9b35e3895ce2ab,iris_yellow_virus,IMG_9436.jpg,data/cold_raw_hf/iris_yellow_virus/row_0573.jpg
574,8d62870dd9e1608463c20a890de3f151eea4f4199efc450ab799ecec54b90486,c2c555a83f9fb377fa7e5abc9e4570793c2fc5dca96fb484f77751f61703c7ad,30fb0fd8965645aa4b8b78147e488ca02ba56b46f82d1316fce4e488773f59c6,iris_yellow_virus,IMG_7584.jpg,data/cold_raw_hf/iris_yellow_virus/row_0574.jpg
575,55484d7b35a5e0131795a1d132e825c0c943f8b5f555a24818eec1289ce0e8d4,58e1e298398171705b7aedcdb79e4d96f962877ea6e74c20d8b0292da19fba23,d280804042906d8aabd91974ccac36e3513f28d67de191f4f64a1331ab8279a5,iris_yellow_virus,174.jpg,data/cold_raw_hf/iris_yellow_virus/row_0575.jpg
576,b67ba2befd5d929ac505d5cef5e6ebeb0a1567c770b7088d843e5686be25a2a9,ce5922d841c2abcb3cecb271fa69fb83cc118412ba174159d8b634a3169f5b8d,d58c496a593d6965143578534535f3274dc46d003e8c8a1fc1d7b1ef4ecd194c,iris_yellow_virus,148.jpg,data/cold_raw_hf/iris_yellow_virus/row_0576.jpg
577,c2ce80bffe118a43996ee1ee222d42531b0fc7f1cd38aafa98e14d5f69f105df,107787eab4f8e5ce357d29a5e54c6f16898762d2778a83e12c70391e294251fa,85ca9567c04b030b92cc9826605cd41e932f013a9f3b3ba07493e860e878380c,iris_yellow_virus,IMG_7966.jpg,data/cold_raw_hf/iris_yellow_virus/row_0577.jpg
578,fcebcc5d5b014a1c0c7faa5a83113571bc4ed2c9cd1ab0ecfc921b0bce325468,c0134b36f54f1a416b9bab318f10dc096c58ca0f59782007530b9237581617a1,9c5bc87208b04ee4826110ff9697e01c995492f6f1eedde2e49651e1aa542e64,iris_yellow_virus,164.jpg,data/cold_raw_hf/iris_yellow_virus/row_0578.jpg
579,2fc03601e5c234e3e0f9611be61c662f13e5121df583252772de5337f1fd38b0,548d59455e700b31e76d6fa13f18ac78e21c7bc1cdedb3fd5fa9c99fd271c448,5cc40a6d2749b21d4cc795d582e3a8bcb0d7f9725f1db0fc762c70792f2dad02,iris_yellow_virus,158.jpg,data/cold_raw_hf/iris_yellow_virus/row_0579.jpg
580,0722006f6d8977bc255bb847b2daaad7ce4cc32d59d0812b45de441f56580590,58d26379f5bd0a8b2af3154db4f982bcbc609cd2e0ddc31135a58cf80a9922e0,ef0154f988c79ba9ec46f71a97a77529ba7c531eb9664342fe3481f75ab5631e,iris_yellow_virus,IMG_7580.jpg,data/cold_raw_hf/iris_yellow_virus/row_0580.jpg
581,ec790854c23ea405c4047f6e49a1e8c53c4b5271168b0d357d0c42d409ab21ec,203431226ba405fe746769fbc1a014a4594f02ff9806245e9de204de5532e917,400d97e84af94bde7afe72ca1196dbae0bd41b04f07383a6af864cc6e498755d,iris_yellow_virus,366.jpg,data/cold_raw_hf/iris_yellow_virus/row_0581.jpg
582,cc4cadcd8e807a897df4401d986ddee7604a6937c4a3fb3fa519eff0d3077bb9,18dc891f43359220d859d13150357fa881f7cf2044c3c75efb758d1ea8eb48dd,e91a9910bcc77c1bf4ce7ebef5d7e368ec2a247e7927fd9101b54538d7827ade,iris_yellow_virus,212.jpg,data/cold_raw_hf/iris_yellow_virus/row_0582.jpg
583,55c98be068f24b55187e4858b43ad3f06fc05e44ae1e414be8fc0892c391418b,f11f659a6f61d60f8d4d170ca4a159c12deb2fe4bedbecaeacc3547098e54935,6b8bc83c22da5dd0e69ae17d9e7929fed1165f380a68b6bb1dcc0bbeb6071e58,iris_yellow_virus,IMG_0365.jpg,data/cold_raw_hf/iris_yellow_virus/row_0583.jpg
584,19e180783ded648db5a89a02e2e988516f169eef3f93463889a9bc1fe7e74dd8,4e924338c01333f97c3f1247b8109e57dbda12e8a68fd4e4afc5faba0a73b5e8,c9dde0f3808133706a43acb9c55d1b5110ba4194418bc63504e55414d2699be1,iris_yellow_virus,213.jpg,data/cold_raw_hf/iris_yellow_virus/row_0584.jpg
585,281a97173613244c02a1490abde47ef2a3468a6a4514ecf5e0f3e4da7b3ae166,755a48814dc8bb6561ad54f444f72abf66e71923e38caacf124105ecb08f6d3c,44c4e52d7e973b3fe598dd087728051004298de008ec27c69c8c0f76eae0bbb6,iris_yellow_virus,IMG_9452_4.jpg,data/cold_raw_hf/iris_yellow_virus/row_0585.jpg
586,079fb21abba3abd22789243d03f1fcbd475ac76ada4ac0e55698203dfc04bef5,fd95f1c84342945f156bf0b6dd29cee5f39a22ea3ead24c53602adc910c75cbd,861ecf5d70c802a69d60f10517e346923e73653f26619dddb7369285de4d45bd,iris_yellow_virus,159.jpg,data/cold_raw_hf/iris_yellow_virus/row_0586.jpg
587,0c69abec0d9db00bd415a376e295b27a86d480f3afabee5f1015214f6aefb72d,749a837ee23a39f41dfa504060129a22c4c1c3820cf2f69c845fab66ead0f8d9,f09028792726c5c0491be2a7869f81fbf9f65a072b485bf0fc6d7fd284ad93f5,iris_yellow_virus,165.jpg,data/cold_raw_hf/iris_yellow_virus/row_0587.jpg
588,0a11873339fbf974af12865b5cade63addf24e8da6007b60156d476d8062c6cd,88a13b2906043580574206a64294e3eaf4eeb30ef5c87c28ba28d5234481de48,f748eaa78c0040282dea2d8726d8f3e7ea65514a93e3b8f9dfc58b1084d0f54f,iris_yellow_virus,198.jpg,data/cold_raw_hf/iris_yellow_virus/row_0588.jpg
589,89ed891a216d65eaedc0920c104b501b7523e495b90e25a268e2b193f6b492bc,c860fd0ad9f0ce3231a0a02aa11f4253022f9738d6305ccafdf62e382e59c246,cb06a5a2e4b5c1bf535925c72bb9a6ed8d8bda4c97b834a3a62a166803ab087c,iris_yellow_virus,167.jpg,data/cold_raw_hf/iris_yellow_virus/row_0589.jpg
590,2af2a26b1d864f2af40b5d3d1cdf58b49b69783f803a165598a1f4671f5c93e0,932180023da88e20368158877f8a55bd3a8b090f008977c98fb08199e403a0f1,1bc2d86de858888eaded8d489c22b4df8d36e1303984b236dc0951fd2b08449d,iris_yellow_virus,173.jpg,data/cold_raw_hf/iris_yellow_virus/row_0590.jpg
591,2b6959675786c2c989dc11b94867e16073475c14b83b950ee8aad10a5e823137,c87b691b6e36630a05460dbcd2053066ebe8b0b49c0adc6a58f950d491509e9e,a97626df7eb4c5c7769c36a80df819592731820d9ac19caf162b6c51d803eea1,iris_yellow_virus,IMG_8854.jpg,data/cold_raw_hf/iris_yellow_virus/row_0591.jpg
592,7e2ae7f3cbde83d33c85e0012e3e9e78841cdb62c6f1fcd664c7e4e99831ebfe,71643d712c60c388e8ebb7ec050308a876d2a9b8e6fc5fb0dc407aa69a1b70fe,6a7027d6dce9b2dc39415b0b2018fba6b8d06fa21d8e2516a49172e8dde0344a,iris_yellow_virus,IMG_8840.jpg,data/cold_raw_hf/iris_yellow_virus/row_0592.jpg
593,6dbdaa6329b25a9b51844f2dd71df9e6939c9b2b9a42f533e2be47b9ac1dddf2,4c5c66195bdb6f8a93e4a397ad49edba8575e17b85acc23ddc1dfd49e3308074,9a683bcb47cd44e3e0c8fcc73b1bde82284b7fe2ff0cd9b0335565420250a9c6,iris_yellow_virus,IMG_7540.jpg,data/cold_raw_hf/iris_yellow_virus/row_0593.jpg
594,fdd39aef52f150550debdd65cbd98f7c421c30ace15b4cdffa0069c4c30ec6be,67c6b87087d2b62f05167db4a1a72e52cfc33c364e14d4b5bf54941a8512280f,62935b873c3eda3a5aaa1765b59d63ceeefaf801e5b985c56904382925e2e8c6,iris_yellow_virus,IMG_9380.jpg,data/cold_raw_hf/iris_yellow_virus/row_0594.jpg
595,6fd8a6ea3399f3ec9e0801804c7e049ab06edd06d8829c0c2bc07dd83502ae19,e633d0dbd53086ec044365c19946ecc0fa4c41116b71472777ecdeb142f96e43,bb51e538cda1f28ce661c9a04743dd27a94cc59f781ead98cff643d91ac4e3f2,iris_yellow_virus,205.jpg,data/cold_raw_hf/iris_yellow_virus/row_0595.jpg
596,6b3db940b8f2ab96438b5958e28c96543e5f3982b3bf77168cb5aa560e108886,3c5e1e9e3531220ccf30b74c345bff363b0a1415cb6f5a3d5aabc5c9855eb7b6,ef175f3db248638de6734bcecf4a1f81cf5875c7bb69a34dd5b7ad4e65b5669a,iris_yellow_virus,IMG_8054_9.jpg,data/cold_raw_hf/iris_yellow_virus/row_0596.jpg
597,36d3c5e9175836da71cd6dc6b85fe0e703f94ef1f99617c501bc442a9c3ed939,c361f394366adc8f2032ec074adf3a84b24105b8a1682fbd66f13f9c1df501d8,d0b461d6c1e540005223d04df26099fd1b2fcd0a1b92292747073d48e169dccb,iris_yellow_virus,204.jpg,data/cold_raw_hf/iris_yellow_virus/row_0597.jpg
598,af207b21da02bf1c23de33e8641e0deef64f62a9ab6ff61e2ba3b8b7d871fea3,d07343caa37c1898baefb7a2e50dec2d633315820d9a1f6be9c1b2c946588ca0,cbaf5bfbdef2d1cad4e04e84ac171ac3afe83cbf46d5dc867e47f13d12cc6f0e,iris_yellow_virus,IMG_9452_7.jpg,data/cold_raw_hf/iris_yellow_virus/row_0598.jpg
599,7c01f85e5a984680ce9d7d3c57e34aa9d24edb7365c62c17911f655236e044a7,ed74a411b8e2f2ab226e94679377ea87f0c1cfb54f306d84ad2e88d5a5832a5a,515014631d91e76b99796d7b8bf26e745101d47d23e78605dc21c8cb3978b94f,iris_yellow_virus,172.jpg,data/cold_raw_hf/iris_yellow_virus/row_0599.jpg
600,0fd024bdd4e2331b92d4e13d6de5b12a51818eb2c8fb680a32b124f27d16ed4b,e3019c19cd0d3644bb1826320897b02b720416c71fff6bf8d95929078f1bcb93,35dba3dfbdb29f708af6b4342703dc5a5ecffd5fa0c9e727a09ffcc4048f8858,iris_yellow_virus,IMG_7970.jpg,data/cold_raw_hf/iris_yellow_virus/row_0600.jpg
601,20874049af714fd834c55b2f58c3177c2277e5ff364c835512785dc789947aa3,f6673109fbbdded7fe8325989db88b7fc151aa9911307c12fe0e5a4cda28a68c,c0a7be278a37a153b1d16320496556971af7705ea067384062d6f231dd0d3247,iris_yellow_virus,199.jpg,data/cold_raw_hf/iris_yellow_virus/row_0601.jpg
602,b1f3364f0c1a6df2c3069cd1a755fc6dc8e18b903c843e13091b280890a460c7,d85e028889bafa723efc25fe353c9013bff93f1dfb91e1d300c6c9ba04f1547f,9136e4c612ce245d862c9edfcbbbe47aec40c8080e6a894a3f9e5b0a8eb40e41,iris_yellow_virus,IMG_7562_1.jpg,data/cold_raw_hf/iris_yellow_virus/row_0602.jpg
603,168f54b46d81b90e8ef89f193843513b01694c2701f71bef2372016cbef4fb75,b4927fa54d289f00acb1293cbf45060db445b3294af4138920dd3c49b787c892,d43ff55152e311e09173d0d35b209dd0001d84caa0942b20b512b54196161301,iris_yellow_virus,IMG_8826.jpg,data/cold_raw_hf/iris_yellow_virus/row_0603.jpg
604,0dedfe8cdd35452c92d2c577a53c994dcd350919643e47c5b6bbb902319082b0,ef7c007b0daded685fedccee761ca158d3815a5b2ff1f211914badd60333bbbc,f24ea62372b6059bb17c385973de0978875ee02314c4180acbb7477eea94956a,iris_yellow_virus,IMG_6189.jpg,data/cold_raw_hf/iris_yellow_virus/row_0604.jpg
605,9bf4d4046e7325bd3beff62eaab3e6a18094cf907d63bcc6364c3e3b72dabd1f,85d65acafe37fa2c04a3a33fc95b5bcc118d28aed2a924d9f5fb1fd2a709767f,29b847c5f2c018d6cf9224f2f46eaba97128052af19522284157f02b32ef5d8b,iris_yellow_virus,288.jpg,data/cold_raw_hf/iris_yellow_virus/row_0605.jpg
606,0ac8e55f2206954ca96b8b8e05e571eb812c3dfd1c4d73ae69e4aad35a155f1c,3cd6c4956430b0c061f829099c8f86f0c252b45c31ff70c576ffc4c5860060d3,9439ba231605cd9db937ec13bcfd23c477cd89ae1019e679dbb68df7e1507646,iris_yellow_virus,IMG_0301.jpg,data/cold_raw_hf/iris_yellow_virus/row_0606.jpg
607,cb4066bff3a7363793297dba7800688deef756cbeb4eb30b941cfd31e4ddec62,c796e4d83a06bcd60c2ccfe5a2d12c68b5032ba8fce4bac1db026f0f9a582b27,dc6d28f7a94479a501f17f4a9035bf4c723e9b18acdd4f0da70fd43bc4745ce5,iris_yellow_virus,263.jpg,data/cold_raw_hf/iris_yellow_virus/row_0607.jpg
608,3143c8b98c07b3a5cae13a0e9be652f24254ddd8d1420ec8a17d56d2631e4d78,bae24abdb07b0c0bc264cbb05fa23f4f64ca5219c37aff3dead959ff4f475961,cd339cfd44d7632510ca2ebe5a6b5f48c4f7ced7060beeac77c81ebbddc12973,iris_yellow_virus,IMG_9482_8.jpg,data/cold_raw_hf/iris_yellow_virus/row_0608.jpg
609,c73958d351acdc4de97f47752ab7e2eb2d08601b7c8de1f6559bfff823bda54f,cf76f83caacda2223db757f88ad452bbe1a8a7f11e430b2fdd5f48a47159c52c,00602da12d5bb4d0b120492e363fa73c2100288c9a02d58762c8708b1193d312,iris_yellow_virus,IMG_9873.jpg,data/cold_raw_hf/iris_yellow_virus/row_0609.jpg
610,6c25cecc931f3b8274ada51bc529db7f7a16677c135ef350c97a6ada6069f5b7,8b0575051fe6c88854b0e946eceaae72f01ca0eca63ade6ed477da1fb1e751e1,587643e2a30dd35103ec27183bd2ae7e4483905ed64bfed3c32fe8f35cbf7234,iris_yellow_virus,IMG_9867.jpg,data/cold_raw_hf/iris_yellow_virus/row_0610.jpg
611,f9c6d59b9847a3211e8b386c849e213b1e766e936df137ebeb5554ef9e1faeb2,eca35bf2eb5f001b2f77070b99fb7930e96b74209d6e2081ecbe164182b1a309,83f47ab16aa645adafff700329895b7ff003e17a2c0490d55d5f9d7996c02518,iris_yellow_virus,IMG_9455_7.jpg,data/cold_raw_hf/iris_yellow_virus/row_0611.jpg
612,60f02f152509c9685c5e8b531e269f5e7d7a8926546b8e90755081065a03ada6,1a0c20faaa324862938ad04ec405a0c9b7c2b875b2c4f2a388facd8e0708a661,c7d6dc0ea73c8953bbe14756e0607f37fb69945f61ed2c4dae24f5b1c84ca088,iris_yellow_virus,116.jpg,data/cold_raw_hf/iris_yellow_virus/row_0612.jpg
613,056f8169ff495b7bfb16915a9642d7bd75045f4b27d3d15f977acaea0bb0b8b4,b71a955d7ac4c18a4d4e2d2da2e961e02a0e00b087d32be032c168dc50d279fd,f6dca657af66a4401c4ddedde71b331c0a531de73bce409d9ff612f69743e1c5,iris_yellow_virus,IMG_0310_1.jpg,data/cold_raw_hf/iris_yellow_virus/row_0613.jpg
614,9cb5aeb0a248d74a5e50cbbf1770ebe9d00aeeb3d59e82b2d294551b2a958bfd,92176d2a02196f7e172ffa84d837499a0b312ea6fe1751746e6c444073a52121,b43fcfc55d678e79a52b9fe0775f64dd29f42645bc1451d3a3ffe8a861084de5,iris_yellow_virus,IMG_0276.jpg,data/cold_raw_hf/iris_yellow_virus/row_0614.jpg
615,cbd10f9eb608b37e672b49717947fff6e37fb4aed424f67ce046551aad217d3b,1edb33a4238a91fef9f42f3121968b203e79d74a3089054c579c0ecdb8dd0fd1,b163a3e773ff33993aed33708d030e82588443dce77d2f9365aff6440ca8e61f,iris_yellow_virus,IMG_6161.jpg,data/cold_raw_hf/iris_yellow_virus/row_0615.jpg
616,ef66634a287f2cf040ad726dbec36ea8aa4ec89bf5e17561d6302d4302b38ce8,4d97d333d5038e2c2608dd7170cf3344185f95a84533b6a8d9d0a3ff41177819,36f60f9ccf14c3606b18c6b9fb30fb84d2c9b64d2ce89b11fc95be125f29d781,iris_yellow_virus,IMG_7525.jpg,data/cold_raw_hf/iris_yellow_virus/row_0616.jpg
617,31f3a601b56df342e23713dd82f539bc832685b864eed0601eac7258ba5645a5,43d49301e2bc644203402febdea30b55c05fbc158a2ebf9c4246222af0775c7f,5e3cd0ec732657204b1ccd845ee44266a802c9316eca8939b0837b48b4b5f1f4,iris_yellow_virus,IMG_9483.jpg,data/cold_raw_hf/iris_yellow_virus/row_0617.jpg
618,6e75423526c9292652d036175d9163e650745b0968b07ce3c928bfdb07ab2427,8eae8f64ec0cba6859445b6e2dcfab087b51ff4390a00828586110edc3549ef5,2234118a62c8ed4fb8e120b350d4df63d21e3233328f35bbec3ed90923bd1e14,iris_yellow_virus,IMG_0302.jpg,data/cold_raw_hf/iris_yellow_virus/row_0618.jpg
619,886bfd1b8b8196bdfd74e1a586fcb661d4cc975f4c8bad6e9d2e82301b930ac4,eb8100f1125e997165c608da2395d575a6a5d38e3a2f53b78e6674a110683104,6079663b6b67b68f9b20186b985f81d15ec94356fd1df60f0610b8d8c5677634,iris_yellow_virus,274.jpg,data/cold_raw_hf/iris_yellow_virus/row_0619.jpg
620,49c5b33e264fb6d424ec54717356cd3c4a2e8792744e3cce0320a6757507e513,af95bc3817056f5436b86030a09a0465a5195a76e7c85858600bb0a06ba6da9d,f2adbe0d51ccc9e92d2b7dbf79459cae61b70286e0a7d953d9e6492993ba9fab,iris_yellow_virus,IMG_7579_1.jpg,data/cold_raw_hf/iris_yellow_virus/row_0620.jpg
621,a4f0888a14108e387a791c9a0817d4e9c8efda147a75b84332956f62753b7856,20a8688293aac9f364535efcbc70a25fff7d5a0b580528745f0252b4b0d6f1f5,594b4aaeb1be51832488fb4d3693f1f69f5a32950d64fe9235dd0fa568f4311c,iris_yellow_virus,IMG_9858.jpg,data/cold_raw_hf/iris_yellow_virus/row_0621.jpg
622,313c72efd645230abee577b4810c5b7b296c831d0d7ad3ef2ce1d46b29663e5a,593d8ba1f41a778e54af508a37de61183662aa12f453d7639e1021a70c76efd7,93ceef543c4ec02634d860f62511683393505b26df285830a626ac96851338fc,iris_yellow_virus,IMG_9455.jpg,data/cold_raw_hf/iris_yellow_virus/row_0622.jpg
623,8a4e2b0b3dbfea779eb7abee2a33e4fbef9e51c5e4edf945646926cf3054e72c,2bc8a62018d54d2c18fbddc2f88ebd9e75ffc17298622b7343e511553e06e8c7,4facb1cf81577419fb67d2c910709be9878a3bf96eaa95ec57c2a00bf371c944,iris_yellow_virus,IMG_7518.jpg,data/cold_raw_hf/iris_yellow_virus/row_0623.jpg
624,71c877a87ab3ffe470730565289fc19eef91b5c058aaf98fc1b79dcbe81f25d2,7415f437f98d07462f9a2d023d07ea53e6d6a032f40de49616f7841eff3b7d81,a8d22bc48ef08905ccd71b949203c235061d25f930f458ae4448548819b58fdb,iris_yellow_virus,IMG_0277.jpg,data/cold_raw_hf/iris_yellow_virus/row_0624.jpg
625,06b970c8c903fd913c3a22ba0cad11d429b35ff1818dca668f179e177c49e8ac,64c0f1846af0dad0e82644e259301726ea4a1d9d386653f0297d627fdd502002,3803eefb6c6984bf610249e5ff6bb494f5f69050425596abc9fb4197ac9e9967,iris_yellow_virus,IMG_6174.jpg,data/cold_raw_hf/iris_yellow_virus/row_0625.jpg
626,06b975b8d676a8569bd861451d400ed463a0679c3f6fe98a85b3b757e7630572,3e78734606e82d513f0d205858b4cad2e1347024cd1055843930ab268bcd61a3,30e1077479d6e0cf7b57da0f700a64a52de446042d3e51dc928cdccd17f0c65e,iris_yellow_virus,IMG_0263.jpg,data/cold_raw_hf/iris_yellow_virus/row_0626.jpg
627,44c92cfd145f179dea8a6c40ccaa4dbaae5055aea1f83b5bd8c131f2fe793f31,c141ed4ed980ab3d4f1e264ab78b7125e7f4d050235ae66157ca64b0e7eeb859,8b71be37d7f91a45199ef71845da44d6ee0089645a2c172365f507f904d756af,iris_yellow_virus,103.jpg,data/cold_raw_hf/iris_yellow_virus/row_0627.jpg
628,76b5fae8c6814c6808e386f338340b2995005a54194262714e08dec28583450b,37c6b9d143deedc941a4d55f6e653e08c2196c0e6d4f645720572dbc0b216ae5,56978c53a30174b7ea9ba3ed6cee05303cb299432ed703caae07fd1e47d0a0fd,iris_yellow_virus,IMG_0255_1.jpg,data/cold_raw_hf/iris_yellow_virus/row_0628.jpg
629,57f5c6cd148d5c5ff57d75eb6b9f6ab469060ccb0ce52c6eafa7be114c097916,5d2cdb26c729fbc77f18eb3038d55f78adb9f98894dcad7de27d7f68e4277cf0,2b030465bb39168fc5047130ecdaaa2b62cca334582f4ee96cdf9dbd551a46e7,iris_yellow_virus,IMG_6158.jpg,data/cold_raw_hf/iris_yellow_virus/row_0629.jpg
630,19d76a5ef57870471873782fdbd06d64a792ad34544e6ca5bdc274ffba355f58,c65e4569250d7d63190e8c7c2128751cc04a9ac9a5dc2c7607cc26a4a38104e0,41f3d83f4092c0c65c051e9c466648d16cc62ec8caee7aad624fac65ea307976,iris_yellow_virus,IMG_6170.jpg,data/cold_raw_hf/iris_yellow_virus/row_0630.jpg
631,0ac713a2353b1b8941a4a72aeb9133ae59b0f22c6e54600d14ed7def27336147,bcd47575ebba533a2851d77277421816af82055164ce658b5b89b99ab2c89cf6,3df0f3cd7fd4b1b53f2571069e63750883d8e1c2ea3dfe85412033d660b98956,iris_yellow_virus,IMG_6164.jpg,data/cold_raw_hf/iris_yellow_virus/row_0631.jpg
632,7ebc8d54e2c994c0a64236f9013811e9972fb59d1e74eb65a29093b30538c52c,2215718e55899ea68e26015d4a94ccb3bdc802a192c6bc5aaa59c53e20a723a9,0373dc1e427105f11e2ee9eae9c07143bc343b80cea73e447d59c40869716309,iris_yellow_virus,IMG_9486.jpg,data/cold_raw_hf/iris_yellow_virus/row_0632.jpg
633,182402505d39e07b7f115b041514686fe06878e4d82ac17e11529e54a78533b7,608a86c1a656b471990b1650a2a83d3ad1e15fd732bcf8df7cb61d9fd071a94f,96bc17682fa6cb72d7a44d6fe600bbe7c0f4921f3d44ab1f14ea89305428c3ac,iris_yellow_virus,271.jpg,data/cold_raw_hf/iris_yellow_virus/row_0633.jpg
634,82663babfa2dc60134b955ab380f6ab3a06f48dec2b4135f71c9228b2316af3d,8e5939f876a55d908532847d0757d212b74e744c90560fa1080a29b6297e29c2,73e22d947b7c8749979adbff186289fadaab4375eb28cf1b8123a3126d71223c,iris_yellow_virus,259.jpg,data/cold_raw_hf/iris_yellow_virus/row_0634.jpg
635,4671b8657f49326ada36deebeb8817bceca1f389b8a522bdb78617ea15c62e69,de702feb5da2b1b2596b81610ac9cb50b495bc7a146423d6d8f5bbb1cd919acc,c4f9b96c2925170072508da4bee7ce2ac2f8578e1ca387ccb2fd30c8e9537516,iris_yellow_virus,IMG_9451.jpg,data/cold_raw_hf/iris_yellow_virus/row_0635.jpg
636,f1d60f3786b45b930115a63dde592347830c30e5c44a1741f2a0785a3d566d0d,9b1fc43b5d83bae1c6198a9064ea669b01a9b42aadde0534fd3e0419d439b477,94f894f925d2059bfb2fb3c8ac475499fe252fc6728c2a800d393d3dd5f90cc1,iris_yellow_virus,IMG_9337.jpg,data/cold_raw_hf/iris_yellow_virus/row_0636.jpg
637,1c0006832a9523e56b000ff2287775f2f26984b558337a9d5fccd3b1899ae40b,68f8fa61d47f4b4c8f7ccc574be0f62acefcdf196e60d49fc77f7d6e879979a8,4d96400b137305839ce7439faaf28c6fa50131a94cd75b108b7af7c4ffc8a080,iris_yellow_virus,IMG_8029.jpg,data/cold_raw_hf/iris_yellow_virus/row_0637.jpg
638,19f4eb6f66dbf54e9ec73ebd5fc52bea500e1fc7cd1c2b9eb503426fd70e787b,b64329a5506ba219e931bf869798ec7526a4f356499e81baaf6190d289aa868e,b29a5310a4de14a47afb56fac4bb6b1aabc64172ebeeccb0968b91ef7640d27c,iris_yellow_virus,258.jpg,data/cold_raw_hf/iris_yellow_virus/row_0638.jpg
639,7e8c8610d66cd0331847d370921455db7ae7c5b33e4108f6ab4f9ae1b1bb01d9,d546ebdaa016d8cb69edb8188c273a128a4a686c311e1eef93b2e333acbbc9f2,167a9e36df29af815d8d34d3ab2d9c309a4355addaa9d0e9824c9599bc294ff0,iris_yellow_virus,IMG_0312.jpg,data/cold_raw_hf/iris_yellow_virus/row_0639.jpg
640,0e52dcb1494ad7673e7311277e9ee43bbdeffc4140affb0fd8f0ee1e871b573f,d4df4cf481bcf1f2c2fdd55d173b675cda8aac0a609a1e79ed4d3901c696ac36,15583b2d8216bca7ce30bd1949b8106086eb927d023eb87f205e917604c69676,iris_yellow_virus,270.jpg,data/cold_raw_hf/iris_yellow_virus/row_0640.jpg
641,4bcc758814ea42fcd60df5f4b9473161d2be5adf14340480678ceba383c77dd9,b72effdad5b8e0304ca683d273845a72aeeeb206f914eb3b8070ca71e181cc13,b3c92030b5c83d92a8ffdafe74fa8b9fce527520341adafbcadd7145c9852b9e,iris_yellow_virus,IMG_0266.jpg,data/cold_raw_hf/iris_yellow_virus/row_0641.jpg
642,8dc5024492ca8638878e6ebf6fdf2878efbffad37ddae9b2a1c85b0561f4e7dd,f7c792d48f8dc784fd294f5ce499c8f4cc17d2b7ea8d1defa26418dc7dac427c,0d3f7e132667b8290c9e492bebab8064d399e50f80155d8e0043d96c151897a3,iris_yellow_virus,IMG_6171.jpg,data/cold_raw_hf/iris_yellow_virus/row_0642.jpg
643,1350a5b809e7fbf1451bf190021264faccc3292ce7610d41c1816e305d2146e5,316784e60f06c946df5a2e2649186e1de427e631c3ca79bd5b653d497b6e82fe,07e558116bd445663d0284c3165f682bde006a0a70bbd44b5b36bbbe3eee56ad,iris_yellow_virus,IMG_6159.jpg,data/cold_raw_hf/iris_yellow_virus/row_0643.jpg
644,794cd51210f15d716af75020062abd9257a2710b68f4e8b5b870df2cffddc444,649a3ec4b00b1b0ecd69bfb55a1dc94b02ef7cc283f738d93d77af7db9f69fba,a7495d9fa1373adfb5431ae2d47369918330d1b0753e7919af7487b60fe32ad2,iris_yellow_virus,IMG_7521.jpg,data/cold_raw_hf/iris_yellow_virus/row_0644.jpg
645,2caec53facdc09da98e833ae9a17c123230493e90c7d98697ed66e8b84855f59,df8996440a09b993fee1973f5a6f4c2b79c313de8c4d4eec8603a41fb458ef9d,7edba8642469c9e573957683e3fce07af23769c46218d284542037e83cab5a27,iris_yellow_virus,304.jpg,data/cold_raw_hf/iris_yellow_virus/row_0645.jpg
646,9069850d589b479489109473a760d13189f1c22aa1af92a3c301e44fa5439f9a,1b4483589a30df8e02513774af4b3fe1bee1636c371074d19886077dfed697e6,64055405554254925d3193786d6346d1d01ee8618aaaa9b2d1e5e348df3d42d3,iris_yellow_virus,IMG_7535.jpg,data/cold_raw_hf/iris_yellow_virus/row_0646.jpg
647,bc264f55cdb6e0993926ce8f575bedfede303d06f03c33d55185dfaa7d22f5b3,dae00c7eb6debd3a43153154d567557eb4a1514822a1c127f60cbaf6a5d2e7e4,fb5d5b3af403c2dfdcac9fa3b9c49ba41395506ea81bd8e15f4830c6c4b413c4,iris_yellow_virus,310.jpg,data/cold_raw_hf/iris_yellow_virus/row_0647.jpg
648,62f356d95c19c8a295b48b0d1d31213c8368f5a0299e889f17f208b68cfa9cf2,0d5d432e2aee3d99256071d92b6bb0feb48c962cea6f928be419a3f812900218,bb7bf8723ddf7bd59b2412e2bb0feae0a393902892f706c96c6ab3f2ad07d711,iris_yellow_virus,IMG_8835.jpg,data/cold_raw_hf/iris_yellow_virus/row_0648.jpg
649,ab9c1ece04872e31cac26056b1ad718d1d65e046bf693b06aaecfba13df0bffd,880cacb84b76c8ff32ebe925864290c10234f06c7739d4466e2eb9de9b70f338,f53c1a2729c731bfe92c7432639faba137a8f956b83c711d597c8d1858308b8e,iris_yellow_virus,IMG_0299.jpg,data/cold_raw_hf/iris_yellow_virus/row_0649.jpg
650,4a4417a793b0fd5dde0fdc4ffb291e67d007eb7f9ecdca922404ba7bc0201b80,8a39c6d1e0d10ce558dc038c54c8dfdc02eedf99559140e3179ec41d82e19918,3b8eecec2242c0205b891e3cf81d9a5ad7ac19707856e285769fb7a13c6af786,iris_yellow_virus,106.jpg,data/cold_raw_hf/iris_yellow_virus/row_0650.jpg
651,fa3590e5a604658f37012d5e3e9bd342245048c347184ce2f69f1320f097644e,701dbbea33b031cd727bc92c4c3e490a3225a98629e1975c90c15a33c5df8da1,39fcf28e7ee975698caaa02602de7747806376bf48ca987cec1a99d7e5ed6279,iris_yellow_virus,112.jpg,data/cold_raw_hf/iris_yellow_virus/row_0651.jpg
652,44c92cfd145f179dea8a6c40ccaa4dbaae5055aea1f83b5bd8c131f2fe793f31,c141ed4ed980ab3d4f1e264ab78b7125e7f4d050235ae66157ca64b0e7eeb859,8b71be37d7f91a45199ef71845da44d6ee0089645a2c172365f507f904d756af,iris_yellow_virus,104.jpg,data/cold_raw_hf/iris_yellow_virus/row_0652.jpg
653,763846b8a39ced1afc854f25342909b87544764d838147dbaa19490167945f2b,0f4e9737c0bca2af5426af0cbbb8510d5e10617476c640094608fac3ea8002cd,f08105e7663f77cee8a45de7217672aa9796dec87345a4255609d72e3892c881,iris_yellow_virus,110.jpg,data/cold_raw_hf/iris_yellow_virus/row_0653.jpg
654,062b7c6acfe14bf2739d23425b90b628df0929f20ec5d948b0a787555f17dd20,a0af14c300b92e4d455758a23fddac81cb81520f47606dad60453a26c87796cb,7844234b93bdadab63bf48549d29bf3f3d1008a26341d0791c8f856a954d2f38,iris_yellow_virus,IMG_6173.jpg,data/cold_raw_hf/iris_yellow_virus/row_0654.jpg
655,f2d9c116e90a05cab2ccbcaddca7578d8103c19f2545e93f6c8cec762ef02224,e10cea71d5ea24ffc350714fce312053fca33dbbfec5d1381735344af9b7e037,79f44c5fe031a978f01dfa3c159f8c660002a0993011c7330c6d22af6a056736,iris_yellow_virus,272.jpg,data/cold_raw_hf/iris_yellow_virus/row_0655.jpg
656,3885200c028e7824639904f1bd1346b920fda4d51fc3f183833f71d9ce6277d0,4d317e40e3509cee364dc83765c6cba1bba13e74f7f2e8d03c21aeb407228329,de4a9c6836fa4f81aa35bcb323eaf6e58a4e895d8186df2960e1d40975a61a62,iris_yellow_virus,IMG_0304.jpg,data/cold_raw_hf/iris_yellow_virus/row_0656.jpg
657,2dbe03d1a574d21d1f0323bb4ea79aa13e694818cd3a0b9e69f83c557cb04fa9,779a3699c6d67224f6a042fe06c3f9fea61a277c5e1cbf443e1acab96d49fb17,de0f2253bbb89b203b32e5258a4816824b8032c90f7ccf09af190ece6dd97c10,iris_yellow_virus,IMG_0310.jpg,data/cold_raw_hf/iris_yellow_virus/row_0657.jpg
658,5f3394ff5edb5710647ae50b63ebba4457366ae474ba700368cf1627f984544f,4f71fe7b661230eaa2293c2e1ade25d3553588b544ee21681d7d815aabafe659,3fd805d275957dff0a0b545c8174f9e0a603089a06537659f6840434bd3d5f5b,iris_yellow_virus,IMG_9452.jpg,data/cold_raw_hf/iris_yellow_virus/row_0658.jpg
659,022c4df61fa75f9a31240041b3e26c13df984de7baa53f118e8d25c44beca599,734ce6017a6f0ac4b3bc42e8ad4d819b3298e128ed74b877f27da2bfbc9edc89,6c4c05ddec3fc86a33884c643e2b3d66898752bd25c649d6d7bf9670212b7428,iris_yellow_virus,IMG_9876.jpg,data/cold_raw_hf/iris_yellow_virus/row_0659.jpg
660,d6437f5cb5e2c61141dd96afcc48e905e417c71b30f60b5adcbcee187be4cf31,5d641b4fe07a23677b7a3cb799eb6b8da58dc0a8bbb8f9c70f13d7348d6bbb74,16887e31918c4d1e845c41f43eeb4536a4477edf382f2832be125ae4ab91bedd,iris_yellow_virus,IMG_9453.jpg,data/cold_raw_hf/iris_yellow_virus/row_0660.jpg
661,c6f9c2ef2633e22698972b596c45f8816c2dd187324b66a769ca9edb24bd2569,fa9f5f84b379027d7c2f1d1840050a6a68e10e39ce9cfbe37d1411f6f806c594,b1fff66ab7d34211eb1eb2d73ca597aef8f3cc4de0417d95b18ba2e641a20f7b,iris_yellow_virus,IMG_0311.jpg,data/cold_raw_hf/iris_yellow_virus/row_0661.jpg
662,0abf1b46984618e454305f8715ccb50a19272a58937cd7079558f2442670a6a3,dad66f256d01e521b76a63ba1b895ad7840ad82e1bece4e079f615116c1c4911,d1ad89da06e96f9fbf061d0f950400ff73f43c79a18f74126ccbe7c685161691,iris_yellow_virus,267.jpg,data/cold_raw_hf/iris_yellow_virus/row_0662.jpg
663,d69a5b00c20569977d666de551f2f73c1ab08d72d7aa55525d21e5825a4f8512,c2d93d8bb46b95719f26925ab6810c99e68ffd6681cbcb11333c2817c2a8c95f,580e1e3557b5214f4a610287f30f248112a462592bd72e314b03434aec61b3b7,iris_yellow_virus,273.jpg,data/cold_raw_hf/iris_yellow_virus/row_0663.jpg
664,8022af747396cd799e9bd81d61c1c5c214a0255eeb8fb0a49374d812172bb061,a27bdc8b7fa9fdb7e216d2cc9090ca965252f92210021278b5b53c0d7d746e30,10b0976cb98983347f0b9414ada6fc30eb729683a80c73ae55042b34cba7a274,iris_yellow_virus,IMG_4639.jpg,data/cold_raw_hf/iris_yellow_virus/row_0664.jpg
665,2e34f688d7b769a335960dba8304537cb59e17b93a76ef0e8e14245456e0df85,709e5d732f1dbac0b26d5a42cfebf0b4e48a5ab791d0b5202f877981194ac023,30c8f0a942152a76f216d1d70dfa362b67caa00d102d6b21f0f55a97b79c016c,iris_yellow_virus,IMG_8064_7.jpg,data/cold_raw_hf/iris_yellow_virus/row_0665.jpg
666,867b8a861968c2fe5a2cd4b8f57ad09cfb2bd12395d79e1097ae4af7f1fce534,f9bdc8a9b91b0e7eb979c9ffeb83756063ae32b1757a6b994f4541347f41706f,2d9607bbe08f43fa0a65718cd3ce161e88b0327d9db025893ff09df51a558620,iris_yellow_virus,IMG_6172.jpg,data/cold_raw_hf/iris_yellow_virus/row_0666.jpg
667,fe9d810ac003caf9ffbbd0b27a7fe24dd99b7206093f5959144b1ce8609644fe,b498a757175f9e1c5edd584da8e4ccda2c05b08e9992bef0af300eddcce8d0ba,9fe817ca37f724f1abccf7a10d16f2d23ce24499aee56ba622edfe8e55e3fc06,iris_yellow_virus,IMG_0271.jpg,data/cold_raw_hf/iris_yellow_virus/row_0667.jpg
668,9d43f4518e7fa360f7700c14f09ae475a5869750e14cf0ac760d8c7b8f7798c2,764c1b35a677cff72b36a9c6a5fb23d835e40b0e940d83a78f474ab58bf3fb41,2b72733eeb8f3f23e6675f8e04fd9d919fb30cd23e14ab91ccfe067125155c36,iris_yellow_virus,111.jpg,data/cold_raw_hf/iris_yellow_virus/row_0668.jpg
669,322790ff55771c68d3eaee6e31f72d2458e3b65f11f0f6968516be7c02e5f0b4,80e8801d94b384e1eff147843121e84ba512b8d2c1ca880397dbee9815900671,b89b747f12bc83dc7fd33721fcd07a4a705bd649360327e2ae11a4195b91c817,iris_yellow_virus,120.jpg,data/cold_raw_hf/iris_yellow_virus/row_0669.jpg
670,2ebc3b636317f67f478345349f75724973879bbcec6160d18f9134a2b315c84e,94f907ce0ae485ed9203c7bd54d790218cfa41b3b8a8a335c7b5dd67b58a2661,afd15caf24a1c50f61ce305e5cb2c9373ef9bb9eae1dfae3e286801bbba243fa,iris_yellow_virus,134.jpg,data/cold_raw_hf/iris_yellow_virus/row_0670.jpg
671,547b1936c94c4d6403af9360403dc8d3f76e962cadcb5daef4892da2543117cb,a09c0a6a094f393f2458dbf8a3ecdd2f3bbc17d2b5016c4efd312741ab6d8f3f,9893c58480f3f49c986d9ab2871ed7baea170e77e98cf5e3f8521f6adfaa6955,iris_yellow_virus,IMG_6194.jpg,data/cold_raw_hf/iris_yellow_virus/row_0671.jpg
672,d14aaab1a787759c8b002cce512da3d6a4f07696bc8a2ea5e156c9ad06e85c10,ed9a9447283ab6bdb858e60843c49077cdec28f840989693a142b1dac0ffa018,b852e9da5c6b1e602b9ee6e57703db4bef36164b16aefd4f25537f0e0dd84ebd,iris_yellow_virus,IMG_6157.jpg,data/cold_raw_hf/iris_yellow_virus/row_0672.jpg
673,eabd6b347a9b780690f0aea5d7f9654a9370eaffbe86a8e9cc472c10a11a3a27,18d368d0d308bb627c2bacabe458dd84f49a7eaa1b46cb3c4b3066439565ccc5,ed08d358bc9d4c74a5e1403a8c3de6b865fca050ea72e642d3bb10ef59368aad,iris_yellow_virus,IMG_7513.jpg,data/cold_raw_hf/iris_yellow_virus/row_0673.jpg
674,f536e00bdda6ac30b44250c82bd4eae0920a72c5cb10603d7d20f08e032d9810,bec26f6f4531fc046bac61cdbbaddf3ddfb22622f53fa73d1294659eb1e45576,a999dbd516f9a742778e64914cc613d56134a88375255cd0394a6bf1d22dae69,iris_yellow_virus,IMG_8797.jpg,data/cold_raw_hf/iris_yellow_virus/row_0674.jpg
675,bb471a1ad659f94ca9100ec54ee2f341e09912a5f0297785facfb0a7dcbde390,d35277aeb97d5ab720aa2896f092118514071145026be90e767edd264c9a8f14,b6724c6fee3a5c2896a8224baf88856a9d943334ad2d10c252d764a470ac465d,iris_yellow_virus,281.jpg,data/cold_raw_hf/iris_yellow_virus/row_0675.jpg
676,fa8d7d2d52cf3d67b3c0ab5aaceb644346eb26f9a682142f8711247f6c22c2e5,62d3ec67342ee96c13afff5ba732d2feb98ad745dcda95d15620ff6fe706007e,be8d72d3357a2b0ac069bc1ebdad1c4256ded79fbd602cca66821803a1628edb,iris_yellow_virus,256.jpg,data/cold_raw_hf/iris_yellow_virus/row_0676.jpg
677,5afd48f7ac26a498633e6964be3826f35927986ade2819004168b6f5257642c2,390839d26eac3ccd0fdd491da6a8b8eb77bf79a1de02bf21e44b3ac63d3c0dfa,690cc41613ef2d6188a2dfd52d878f97e32a5cc85cef0b33d965c4773b288f61,iris_yellow_virus,IMG_8754.jpg,data/cold_raw_hf/iris_yellow_virus/row_0677.jpg
678,817f4383814079ea1ed945c163025ea8ea5e8502ce073f3dfd2aa1938abb3301,4293de64ecb9576fa736c514d25b7e147e16c1210ef7acea102ec85f6053bc31,e62e57b7ecf09bf823243d887172b2a778226ca4144e0dc822bbbd0aab697f43,iris_yellow_virus,257.jpg,data/cold_raw_hf/iris_yellow_virus/row_0678.jpg
679,987acd0c15495955fb6839f6acd8820251842b82ffd52af1c487d48fdb4e38e4,ae8027858af824efd0054291f0a5d76d684139768871297f81811415d4d5d809,02941a228839e36bcb152ebba0681355e5ca5dc1919fe34b43e145ce3c46faa2,iris_yellow_virus,IMG_0335.jpg,data/cold_raw_hf/iris_yellow_virus/row_0679.jpg
680,c5779384473a1f039ffe872a2e5c16e813e6debc3e4cc531de29778f46c1330c,c3225fd7a41ad972d956e40fbc3076ef945fbead3c9c48465f537f8a22f3ad81,5163d77b1afb6c966fd202bde08fe5470297a83fe0ab84f84f139541923f0990,iris_yellow_virus,IMG_0321.jpg,data/cold_raw_hf/iris_yellow_virus/row_0680.jpg
681,3dffed4b2e4b145a91ae8b6a1518e87535057adf77742679764da3a929ea59d5,db13012b67792674bfb1ec7e28aa1332b36107d37972e551c4e5e77d8382b87e,232530ac52c94f1960ce29828cab0fdd59160326b29706b5436d21d93a16296a,iris_yellow_virus,280.jpg,data/cold_raw_hf/iris_yellow_virus/row_0681.jpg
682,ae64d3688920f0a156ebe26c0462fc25bb10f57ad7afb82bd60db294afc125d5,f9f1ddbe6d2fe318d12d05fb8c06658ab89516e2c23a1c84d585502ad35bbecd,f0bf94d8d063072f2cd513f3a923d58a21c3b05d77ff222ac02d9a840fae7f04,iris_yellow_virus,IMG_6127_1.jpg,data/cold_raw_hf/iris_yellow_virus/row_0682.jpg
683,4cab1a594161ea734e5ef8cd5f496571ccb2801e69bf07653cd03dcc8147c325,bdb0c1aa0a7cd2dbbdb6f2a189ba97dcc22b9d48f4fc597c06b363c71fac94a8,a399f91c6f14919272a777e59c7067f0eba0f1a4e1c9407e853d1a11be967fb7,iris_yellow_virus,IMG_0255.jpg,data/cold_raw_hf/iris_yellow_virus/row_0683.jpg
684,ccb66f7e01cbaf18a691f0b7d752478e8a548d9ff53c0d2b85c9e6c35f7eceb7,acf405bec8a555492e711723d4fd6a0d475eab6bfea07144b33004efb90d20e6,339fc4b65e6bbed94a7302b35a065d91500169b75985627ba19ecbb2abad529a,iris_yellow_virus,IMG_0282.jpg,data/cold_raw_hf/iris_yellow_virus/row_0684.jpg
685,68ccc4e810e4e2eb607666a8ef879d7ea9851a7b1a255b0fc1638a90c546b16c,483145eacb4b4d47096896537e1020118070dfa3b5184f964984e294d6708bb1,3222580b81fcc313a70a3087ed822fd65ef2e225af0cb4b4b176b2f7810a3f2a,iris_yellow_virus,121.jpg,data/cold_raw_hf/iris_yellow_virus/row_0685.jpg
686,266255348f697386033be0e5d48d820bbcf583931665fc5a8bf74f44654411dd,ec79d5c9a21963368058bbf0154526b3b6c3aef2fcd60948941883a220209f6a,759d3ad096242b93e2cc949215b4a83d694f3e21ccb1d7150a0d9677f1cf3a18,iris_yellow_virus,109.jpg,data/cold_raw_hf/iris_yellow_virus/row_0686.jpg
687,1c712d0ecb774346645c83f646273c18e66653d118ad23b5afcb02a5588d73b6,2f4cb0bcd57fa2ff19ae1958ffbe0589f0c253db06c03babd2d24caffaab5c89,52d6cd7c791a927cfaaf263f2f1eab85ea6ee0816209ee8af1af2a187cfe4a6a,iris_yellow_virus,123.jpg,data/cold_raw_hf/iris_yellow_virus/row_0687.jpg
688,264fbd8e3af7d360afdea2f4b064e197d41f4091a58e95c44321ea1ec1bb02a5,ca643805b74c588d4d8a57a8eebd2d9822efacbf3d42276e361e1c3abab35281,1a9ab91994b712fc6e02d983739101ffe07893830273264d8864856d43c2ed28,iris_yellow_virus,IMG_6127_3.jpg,data/cold_raw_hf/iris_yellow_virus/row_0688.jpg
689,b45390c47e4c82218365502debb6b8f5295ef02a848e0114684e2c44da2be33b,83a4f98254501a9772c2ca46768059918caeeddff17b96fc393c71e78cabde91,382fa2fd14276d11a0254545a64eb5bb7c05c20f5480816f896a525477d707b9,iris_yellow_virus,282.jpg,data/cold_raw_hf/iris_yellow_virus/row_0689.jpg
690,4c97936346452ee03ff7611409776daf35511a49dcd1039578ad799c527f40fb,5398d97408f5395cf8af4d4f2015308bc0aa444b71fc985822404f3759deb446,68b6824755c45fed75a9402f08542f27a8ea978eb67f76631beeca09ccde8754,iris_yellow_virus,IMG_8794.jpg,data/cold_raw_hf/iris_yellow_virus/row_0690.jpg
691,7a201ee7bd8223f934994b006dff3f5f55042f03d9f5df19f731f38571006e44,b131a53ef5890d02da5b23fbae09921e8b924b60a8ca87c6a1dfa9430346106e,b556b3c3304424d1b68663a368a08e7ec46a7d26d1dd33e142086a2b9c6247a0,iris_yellow_virus,269.jpg,data/cold_raw_hf/iris_yellow_virus/row_0691.jpg
692,1554a2c47b06bdac72619e4902eec428cf15307e84d9682d178d497f05f909bd,05682f5df1f0add225705c3baa79420bc2fce5b81ad0596889916a351258f737,02f36765e576ea0a5f19ddd5f46d44646674e847148513ae3df51c6480afb9dc,iris_yellow_virus,IMG_8031.jpg,data/cold_raw_hf/iris_yellow_virus/row_0692.jpg
693,5d11d224849a457956ed6173f9d291f16e986cfbc02604dc52127fd0e7048b32,b6fb2445067c20cfcef3c11e0e15e19c891e52795751e9188042b4a4452df314,ef4af0bfbb8de8ee340992a9e327b0be06aed487d7273c236495938d371d2417,iris_yellow_virus,255.jpg,data/cold_raw_hf/iris_yellow_virus/row_0693.jpg
694,18ca7e8b1aa078f322a5950b58aa7ee7d5cbf671a26aa13dae9245adc92cad46,58b6b1714547c4f1e5e8698b0c7176ed8ebaed16f6ea10d1cebf92d8ada96aac,829132b9821f99acd38cb1380a5128ab88fbbff4bf41ec48eccfdf9bf4ffffc7,iris_yellow_virus,IMG_0322.jpg,data/cold_raw_hf/iris_yellow_virus/row_0694.jpg
695,b54044ece39c134c935d4dafe70fe1c7b565577d33f90e1247ff12fc0177c186,ac16ba1f5a3e40dd65e19d316b4cffd203dec9ecbb7e5e4e358c732e2010110e,b337ebffca8acd5c635a6d5e1a3e632ba5dc9af9ab7667de166d285431749b13,iris_yellow_virus,268.jpg,data/cold_raw_hf/iris_yellow_virus/row_0695.jpg
696,7f06ab9e95f4ad5d4583cebe93ba6736fec2178a01773eda5317117807ee2ff2,641d5b40e33dea9daf181adcd64ed411936231e10bda0470cc1a769376118e64,4eb50851a89b2e9ce92f7c2e3a404dc3b31f7b714fbd7418b1f4207ad35050f1,iris_yellow_virus,283.jpg,data/cold_raw_hf/iris_yellow_virus/row_0696.jpg
697,96090728c5931cf7ed80b4851464f4e390b607e215878315fe2aaef525a110b2,5bb52202873fcde47435e1359a56c0a230acb3ff17fd1e091c750601005242ff,44e1b24bba80aa9f515250dea68fd41663e78decf09dde2892f81f326d2f8d40,iris_yellow_virus,IMG_6169.jpg,data/cold_raw_hf/iris_yellow_virus/row_0697.jpg
698,7718023713bdffde17eef1750cb2135d621331a4487c61849fa71495db86c817,e976bc68b0948398eaaa93e5e7ea0e92fd111fd2721c433707705d41a5d6967e,554cdc5b2aba91eae953f6da745a216bbcc0e7228a2f356ac4b7d720ec6d5aa4,iris_yellow_virus,122.jpg,data/cold_raw_hf/iris_yellow_virus/row_0698.jpg
699,db11bf6598abbe6d1d291f5ec51d3c0854107b53b779d26893f8f523a99376ec,b4e3921d14d1be6df6a27c04bd07ded5587c3f5379cc6a9a6d5ca5eb300c6db1,75ca58bfb2ab9ee316bdb9ad02936cd2d3bb3e5a6ceecf66dc1b5cb3aeca28f1,iris_yellow_virus,27.jpg,data/cold_raw_hf/iris_yellow_virus/row_0699.jpg
700,6fab91267711b4c3c08598bf53b7714433161c54fde41a9c8f6cf402930e31ce,585eea276204c2c51245a5be871768467bb1562f4287697e915327bf07051f4a,b689aacb9ae2688a502c9c10458e9139c46d46da9ed5bae700585ca7413012ee,iris_yellow_virus,IMG_6186.jpg,data/cold_raw_hf/iris_yellow_virus/row_0700.jpg
701,53c2daf7a5f8722d5a2f60c76c578ed192945aa46307b2c83a6b273080522d18,8091c9fcda6fb303164bfe4ff392690154946a80a34e0c849fc5385badd88e33,3862e7aa4c487303facd86a7151289909e4c8be04e06fffaf4d3bab0aa5050e9,iris_yellow_virus,IMG_6179.jpg,data/cold_raw_hf/iris_yellow_virus/row_0701.jpg
702,da60cf47ca4116f485e1e2ba2d4a3f9f179ef49a43c0d6d6f04c5a9916304e9e,94e1b3019ed3b2979b59e32989b9123c2dba31e0ab7df80d88dceb4d6e7a15ef,f3fdb6701bf895a99ee962f4778953392f8474bd1da3201c27254121a7cf7003,iris_yellow_virus,287.jpg,data/cold_raw_hf/iris_yellow_virus/row_0702.jpg
703,ed31844337c9fb454fb5a31875ef08bcded60d3281ec26acb48979eac1370a27,c5a87586300c80e2f1fdd7b1d1df6d5ff97a22bc00cb81ee42587670364308c3,f14cf389633af120a9d892aebecbc3150854e48255ce91681063c4ec88cc8534,iris_yellow_virus,IMG_8752.jpg,data/cold_raw_hf/iris_yellow_virus/row_0703.jpg
704,74a61e877afb12d7a95b12a66405151b1ad726dd6e56d9c8649bf3d5aff79570,0515e53360c09d3d47f710aede513312e1a0a857bb94d020e6c2b7c67a2b1435,fd4b4320e3477899275ffe514da7b39e1152e12518b64741020c1f3517185868,iris_yellow_virus,IMG_9841.jpg,data/cold_raw_hf/iris_yellow_virus/row_0704.jpg
705,6c65e79e1ce4af04585245924523dc525508872394be0c053d51aa7fb86224eb,4d4d3aab2e313c476ebb86681a146eba5da675dc731012d9c5614307170c96f7,f074332b4aa4637d16fabd2d38648dc2dc4827451ba4c7511568777d0b579624,iris_yellow_virus,IMG_9465.jpg,data/cold_raw_hf/iris_yellow_virus/row_0705.jpg
706,a36b5ab5de4bed89871d1409704ffd9368e57010a06d39141a35860098d7af1b,337ddea7215365f64babed27a5e6f3fdb3e4e8a5cd2bbacca50259a60a58e3d9,357809bac925aa6b604cecce1df69dca91e027f4e9d679cd355a8be293f79747,iris_yellow_virus,IMG_8747.jpg,data/cold_raw_hf/iris_yellow_virus/row_0706.jpg
707,0728c96730f0dfaea4914e86279fc4a9130efde14d54d001a009b4608191c672,d721b551428b068f97785289bdcf9858a45167092c19e1494a86d14396e2dc78,cd882d4d513c0e9882a3decfa75d3859c149f2ff77cf019c92bd7973d5b256f0,iris_yellow_virus,292.jpg,data/cold_raw_hf/iris_yellow_virus/row_0707.jpg
708,adee1191543a95f05e9584045f19e5d4b7ec589705a6fe002b2746e9012e97b4,e547fd56745467f27047f6549a8cfd0841e076b08e22a4659b676646b66788be,9362c86b749cb3be7ddddd3c8367a3f792e7978354a43ae96430f4f9d196753f,iris_yellow_virus,IMG_8790.jpg,data/cold_raw_hf/iris_yellow_virus/row_0708.jpg
709,31bef3259b5a767287f2147daa82d1a1c433d731a5350004a30024fd5a141fba,560957925f55f8a53171c9b32b63769bfe3cd5ea9c6d3cc859e94e31edae9561,94c3ab786feee4cc35e70920ce043aefc8c9c7ad3f18379036edc4649291ca43,iris_yellow_virus,IMG_0253.jpg,data/cold_raw_hf/iris_yellow_virus/row_0709.jpg
710,e98fdb83b51b2ec4098ed8483fcd2ac07db3919215665f82f11d1731ba051fd8,5249e36291cbe526a32dec78a5ad8d9b8fd03bd317265202cfc5c23604e6e0f1,6408238e3d1ce453c46b49d9ca92a7db1b7a3993e8b6c952e694da08d95f7e62,iris_yellow_virus,IMG_6178.jpg,data/cold_raw_hf/iris_yellow_virus/row_0710.jpg
711,7314dbab32b7c5444d09edf8c6aedc32802b19f3283e84617ce38a9467ab46a0,9496e3b1d29617a57ccfafa98c0f9c8e435d4c2f028d751e76fb59baf0c827b3,ed30b416bc6e4d89ea18f4ea7e3037f53ff4ed466b8f6386be3cb81f54376487,iris_yellow_virus,IMG_7514.jpg,data/cold_raw_hf/iris_yellow_virus/row_0711.jpg
712,a13b8ca90258c69ba95c5dbd96e912208286051fc56bd0f632abf974263a65b6,566dc0dec538879d6d3ce8de68e0cd93adf15fb77155b964ae2a4598278320c7,ab5ab7d827f64491c27cde792adb5ac7401327ffd39666283076a43671d348fc,iris_yellow_virus,IMG_6193.jpg,data/cold_raw_hf/iris_yellow_virus/row_0712.jpg
713,f09f96a323a905b36211b2bab58b2ba7b33f4e124e512ed89da38fafb6f0e9b1,83c0c0e43310876e6974be28e7b3fbc995800b91422db9fb9e14873a8b3d02f2,0a965297924ec264364482ed86753fa74278902f95a163e48c5b3ceafecfb14b,iris_yellow_virus,127.jpg,data/cold_raw_hf/iris_yellow_virus/row_0713.jpg
714,e6c61b90e8081a61a2bbc6875af8ceae7c30b86ba5b133518d62db5f5af5fb92,e3bb7d789f76e77fb01b18a6b497b7482a71d49a7d26333ab7f74c5297f8c063,a60c7ad17902363882e97c030d5c373268cf943344df586f79b60f74580c38f5,iris_yellow_virus,133.jpg,data/cold_raw_hf/iris_yellow_virus/row_0714.jpg
715,991d0525f7d994462ec243bc393f79943a76d86ecb65b1e00c70d3df379ff6e4,4cc21b6069e9e9ef2979219059b902a925a4562e6951da7d6623cc909421d7a3,46364bf245d2276981bf66b41ae5cb62013a471d46f3c64c3c6b734e714f2b19,iris_yellow_virus,32.jpg,data/cold_raw_hf/iris_yellow_virus/row_0715.jpg
716,ae8a1549e5ab4ab6f554a5a217effaa0d7f3877585d13d54ab898aeae10a77d5,9176c61e05ccd3fdf56ee1b7704b1cc00f9349c7773f67ce9c80d0eb2df39de8,8f62fc387d8313f3717737951289e731e49f28d6f4c8c1ca2c3fa76f31fb6162,iris_yellow_virus,125.jpg,data/cold_raw_hf/iris_yellow_virus/row_0716.jpg
717,ccc292f07db44c7f1061b96b611f89e35f405ab8f4ef94d7b3aa1e3df69d3992,723dadcc53c042bc0883a069fcf039422efa7b0907349a5cb9ee51ebc424a1f5,bbfb8efaab72ae9da2e501a53a6a502687f567f9fd7af6d1570269c90dbc64ab,iris_yellow_virus,119.jpg,data/cold_raw_hf/iris_yellow_virus/row_0717.jpg
718,6a0f707f22b01be1cb134ae10e85108d532509875eb0ca14afed5cfa180a8797,d3804f8db08826d2fb0244750970dde6d18547df01eba39f1300c990b08b0534,0fc5b70414fdeeacc9603474e48f4b175d4bfbd6d97279ce8da773765eac444a,iris_yellow_virus,IMG_6191.jpg,data/cold_raw_hf/iris_yellow_virus/row_0718.jpg
719,93cc7349b81facd831969d0ee692a520b04ea103f8af4c77032f7e2329eac9d0,abf71cc6976ef57409d6f57d316411a824982c9a90f50dbb33f541f728f16ff4,bd530d98c36676c17fe8d67d62b56ae86866db057cae6ecbbe4b92a36f5c163c,iris_yellow_virus,333.jpg,data/cold_raw_hf/iris_yellow_virus/row_0719.jpg
720,fd54c2fe4c036143c564b5e05c8f64beb2a6542611c0c547b24b4e3060ccd779,9fe86716122056237fbc4b23422f0440d4919b1f542900b012fda2dd139ae2d2,5eab9ffe7330c805319b53bcf633abef96e554654c86d8140b1bdba8939f3be6,iris_yellow_virus,IMG_4037.jpg,data/cold_raw_hf/iris_yellow_virus/row_0720.jpg
721,4abbfd147e271b5afcf9e64564683156360732813279562cc96be80f29eaf772,3ce1cb15550e0e6060a5b55d77bce7c0134777f60a1bffe714ab439ff26a2887,9b296cb48523f8f523dab3018a6022cb8f65014c1de1c643b31ef94a6e36c275,iris_yellow_virus,290.jpg,data/cold_raw_hf/iris_yellow_virus/row_0721.jpg
722,c923dfc5992b29d1cce515102fccd6cc8b29d367ea2c8a5c0dee5f4fcbcb65b3,b7b5eae0477a97e288ebb0812eed85ddb1158b8324a4ed95bb0bc44d0a8a6694,eef3366ba8e92f97b898b72f464a65cd266727cd1f395f1240e7935f8b413d16,iris_yellow_virus,284.jpg,data/cold_raw_hf/iris_yellow_virus/row_0722.jpg
723,1ed0b0664862b99b7d53ba82b6ede7585940dc168808760bfbb56e0f56fe93eb,09af5b8fc4587667660fa71eb834db0f426ddf71841c99d5b76af846dc1d76b1,de14a49f9c7d0af7350cd974895f5f52aaa3541ef1c9a2588bef9184cdca2b85,iris_yellow_virus,253.jpg,data/cold_raw_hf/iris_yellow_virus/row_0723.jpg
724,9514a4337889e45800c90f63657516b0dc6198ba24a78b9f9b0f64c96ef68a0e,88420e5048650b58298ce5dfd2bb89f99e538cc3d99cd308160ee0082abc54bf,fbea56636c247a90df48a3671f8a1c032ad50674749c0beb40acb635463e9945,iris_yellow_virus,247.jpg,data/cold_raw_hf/iris_yellow_virus/row_0724.jpg
725,53f2ee32eedb0d098236446cf8718d3e2bbfad2ad900b1ea4b1c58d0e7a06839,3912de0a4cb502ff1d13cb316b478ba1aebd710176f4559d3e6daad2372a6da3,b03b9befb7410a8750001284f65bf0da9a5dc29d869f0d259944b731d2d9b213,iris_yellow_virus,IMG_0325.jpg,data/cold_raw_hf/iris_yellow_virus/row_0725.jpg
726,bcec5a8a84ce86e7f6f723d9cdfc677efd6de025ae260c81417c8109d427124b,6674c2f32118ba910e45ac2e9a32e88cb54a41efd8f57d61cc7c93dea290872a,fc725d8b9027b33c77dcf5adb0d8c560c550bccf6e191cb8cb012aa2e370f8f1,iris_yellow_virus,IMG_0331.jpg,data/cold_raw_hf/iris_yellow_virus/row_0726.jpg
727,3aba6531c7d12ea90861c0578125375d3c14c7d14d9ff645cda5552603a9e949,e21b4d4754642eea9c9bd44047301431d5a98a9d9f4f526bc3a756b7cb98a920,52efaa6fb4c8eff6aa322b38f8b0bda3f517866b1e5d392e0344ce8ae95f0543,iris_yellow_virus,IMG_9857.jpg,data/cold_raw_hf/iris_yellow_virus/row_0727.jpg
728,fa6128bad8b4d422f6b95f64d1d637cc0243b355cc6afad82762b3eaf6d5c4e4,a0a073ff0afa9856f913fb343de6b117dec21919c9941f30394c744ce862cf0f,070a32e795e54e9391c1676b9c4a4dfe747bef8af5f90803327aabcb1d0f3def,iris_yellow_virus,IMG_9843.jpg,data/cold_raw_hf/iris_yellow_virus/row_0728.jpg
729,b851d5ffb17f739e64c75e3f3ed732ca7fff2c586f29d0a432448633d788f6cf,b731c6c4ee4d227e8834507059eb69f421c1007cbc5d55612017a86142713508,b5e3cc79588d230ce1aceceac1396038bda0fae3cd5065d3d9b98f99b3453ca9,iris_yellow_virus,252.jpg,data/cold_raw_hf/iris_yellow_virus/row_0729.jpg
730,e2a2d5ffdaf9344462bd9a8bf2b470c3fcb3596349b226cc606e301c3e498784,cb68b1fe803ec068c0589fb7359db965070546d3ad0c7b15a61d61719e6fe027,169743bfaac1148fd0dc73a763bb94c56a18a349596c4c2f1493e74153d7b6a4,iris_yellow_virus,IMG_8744.jpg,data/cold_raw_hf/iris_yellow_virus/row_0730.jpg
731,8e8dce9897c3e5eaaf6e1b00078ac80067bb37d18fc49c8be9e10c2553f6347e,478cfafe6899185a9ac6ce2f787ed7c113898dabf9a75e1dc04444f7ab39ca29,8ed4118b2add9235392339655bb9c4fe16c6a1f8644ddc3da7a7a167b3c52976,iris_yellow_virus,291.jpg,data/cold_raw_hf/iris_yellow_virus/row_0731.jpg
732,b81bf8af3abc3c8a7eda453c2a9ca52d6b6682a61c3dc011e04d7e16c8f2cbd7,01239d05c65c460e6581045f162e659e269a2843166606d3e7f24dfe10ebee37,153f2bfd3d5619dddd87c51538d255cb64d904c268adbce719a4e09993cae28a,iris_yellow_virus,IMG_0278.jpg,data/cold_raw_hf/iris_yellow_virus/row_0732.jpg
733,7c8c63a4f4c54523de5ed24eb1b5123f146368d78684f4b2f7e7c38a087a3179,ff0a05a6f594a3c476e968faf6bec854ba8754d38f336f6cd5a6d8fb8108b9f5,a360c68b5709167ec58ea500d47d3a4b5f4cc2c8b0683551a759fb2cfdd26cf2,iris_yellow_virus,IMG_6190.jpg,data/cold_raw_hf/iris_yellow_virus/row_0733.jpg
734,977c395af943673631726a0531f7342489c0b731c9953a17b931b94afd7fe9ab,f9438cc0d3b336e6827db36ffe350b6f9191a930613c8a8636240b332cda3293,4dfdb21888a94bc9edf7f3268a2dee537045601519cf298377df4e644fe09b38,iris_yellow_virus,IMG_8803.jpg,data/cold_raw_hf/iris_yellow_virus/row_0734.jpg
735,32f7b284a848b064bdfb01fcfcd23e779c1b32bd8f763f58e5018f674da767de,c248f496431b8f515b44c9258d7f866a723387f882cafa777b5aca5fd8f2efcd,d802f95132bdca9f80c6d3c3d5610d322690997309b90dd1c8e153a706b06df1,iris_yellow_virus,IMG_6184.jpg,data/cold_raw_hf/iris_yellow_virus/row_0735.jpg
736,3374e52ad499cedee801b38519c9b4bc1401de9d1970d7ee54ed98df85c8b6e7,6ddf920d2a7b9e1ac4475aec9f3675ce46a1a7670bd0e1348b0b42c7d435efae,76571e6afbdccc656817c256e4f31fa0262fefff5137799bda2dbf906302c098,iris_yellow_virus,124.jpg,data/cold_raw_hf/iris_yellow_virus/row_0736.jpg
737,7a26c26f14f87ce3509068402218551d12d7995d121ecad88e9a6c36d90d12b5,597ffe0a7a4cae64d53e2a5aec7acb2a371487e5ed0c8eafa92bcdf53fececff,44497d55fccd11572fbf7634f6f76358b6bfa3555a152404d54e6033f4f403c5,iris_yellow_virus,180.jpg,data/cold_raw_hf/iris_yellow_virus/row_0737.jpg
738,e096494a0a3521eb663996369972fe27edc1d8bd9d3780e86df62e59cd7ed2e1,4ecbe3cf4a0bca632de73880a5b17f8c034958324d429c76733c67a7a0466a56,9706e7700dda8e540d02105b877af30ba1c6a866ff9d094469bf7fa04c1a37f9,iris_yellow_virus,194.jpg,data/cold_raw_hf/iris_yellow_virus/row_0738.jpg
739,b5e151b206828f45409ccbe838afe70b5c93628a8c579889bda423a8536f8969,3c6d81166097d06ac52e3f4a366d8ce135510dd43a682fc4c24017bb87246d7b,c2ecb1feac618fdcb22b162a02300f720d479681b7d633cbe5011e132de2a5e4,iris_yellow_virus,81.jpg,data/cold_raw_hf/iris_yellow_virus/row_0739.jpg
740,5afda9b278a2b6d9472d72bd45a1831b38f5b36fd757cfc2d46fc82dd5963dfc,f395cef603b308a83caf0964edd551e8f00fc864e0e86b071b93a337fdee6599,2bac097873d69e2b36f20e6a40180ff06f366daf366684ed8786d6f6c757d3f3,iris_yellow_virus,IMG_9828_6.jpg,data/cold_raw_hf/iris_yellow_virus/row_0740.jpg
741,0edd4073404ad0a81323fc4fb322d33c0858bde0d710f3231a1e4ecc2a8c7f94,0fc4d1a40df245bbfb60fe7ccdb7d5af8aa6950cb3e20899536cade55b522073,faab514ba1f27988bf035b8ed8004d22e74cf3c641c6d3039b43c00aac7d8a1d,iris_yellow_virus,355.jpg,data/cold_raw_hf/iris_yellow_virus/row_0741.jpg
742,f9d3294cb38be5bec7906e79091ce70d9380ca994e0698ec9e5bd512170f5b11,89a82542a3f53ffd6a62b99142110f00dba5b0fa9da19f43957d7255aff00221,ac4e2e64ca3e7cc80f58a98a7802db27581e04af140ceb5225c30c54c8d2c6e4,iris_yellow_virus,220.jpg,data/cold_raw_hf/iris_yellow_virus/row_0742.jpg
743,231e8db58f8b02d4f25e6ac15240da99465c2dd3e1c55d5bf0622dc3542aa0b2,7dfe017fba31f30bd5eb4df414826026046a97ec3278cd0d6daf6c89776b5ff7,70d26514771ce442cf391b01e53d1126cd9a4c129c4d341852203ffc9e502874,iris_yellow_virus,354.jpg,data/cold_raw_hf/iris_yellow_virus/row_0743.jpg
744,9868dc01a97ff0dabf5b0921e8c0fcac8a914be8df65428a01defc9df22b9ed9,fccb3873e83e7ff8e27d418f0acb296a09a41ec128ae7e8d4cbfe4c3acfed734,5fc9c1a57303703356989687fb30389aec965d5a8d206050580cd23e7079f59e,iris_yellow_virus,195.jpg,data/cold_raw_hf/iris_yellow_virus/row_0744.jpg
745,c044b03e83cdaf9928d4051806d1e2d592c7804fab91987a3a501b6dd7ab89e8,fc42bb465a6969b4d2dd749defde1d0f64df28fe4a5113bae0fa064d62a6da60,2de3fa14441e8e80ba53cae0feb3af47e16e7222b2ed52e71877e6c6879aa91a,iris_yellow_virus,IMG_7954.jpg,data/cold_raw_hf/iris_yellow_virus/row_0745.jpg
746,1c30b8d4a4bd0223de10ef0531ce80e1987492dded5e4b0ce0fb8d29f865780d,e04e9c4a4e35df5f2fdaecbbdc4021e8a4d5fa354d27198b6e29009f637a6606,03a2025415ed9246203cbabc6c3bf3ed74378aa8c8d087af7091f5fa14a4809a,iris_yellow_virus,197.jpg,data/cold_raw_hf/iris_yellow_virus/row_0746.jpg
747,c2e1853cc6263dc10f24e2a6ac2dc458f428fb054d949ad080cb3d25dca626d4,e0a130918111becac287d290ff335c766c3d44441b3e5cefa0f5ee87c990bb0d,49ef45a04e8ef7425f457d0408eb356846fd46be43d0825c9843f61bf469bf14,iris_yellow_virus,168.jpg,data/cold_raw_hf/iris_yellow_virus/row_0747.jpg
748,8da9614e720dc474821b35e24507d1d201599635777f24ce5526c28976ef0b5c,d7e8d496776a0f55fdcf3c7e9e40a63afa5b715f5b49a548a00c33fa778443a6,991dbc03228871d6080be200b5cc607716582eb926ae4c58fd668e67bd86a71f,iris_yellow_virus,356.jpg,data/cold_raw_hf/iris_yellow_virus/row_0748.jpg
749,25ac213be839c7518342463ef357bfa0e198992db42d831f6d77d158cbb40145,a55fcfa3b4ce44441bd46c457bb49d93301b41131b34a44c4742596d6c511db9,8f73cfff97145e013a31bda7babb9c454a15745e9c4805a53cd5bff00f223d84,iris_yellow_virus,IMG_7567.jpg,data/cold_raw_hf/iris_yellow_virus/row_0749.jpg
750,846f8d416a99bf705c8f5aaeb995beddaef5888ee2b0edeca75fe5edaa1a2be9,79798edb6218d81128f9e2c8d7ef93ea8110594c7e34aa1a87d3368139d16f5c,9b7293f07a0f3da7e918ddf484ebdf812ee2afa4a9cc052f02b64c4e09c979f7,iris_yellow_virus,342.jpg,data/cold_raw_hf/iris_yellow_virus/row_0750.jpg
751,25e8ee7e218be8923faf057e08cbc06a8fea58ceec0c3b66df43975125eb7e62,db0d6bb2cd47fa7f848924f2396fd408f7298e358e2491d0aec38ae02de254a9,2761ad5fce62697c19ac73db4fe2911c3741c82cb65780d36db2a6d505737afe,iris_yellow_virus,IMG_7610.jpg,data/cold_raw_hf/iris_yellow_virus/row_0751.jpg
752,429c7e17d8060bd2358207528dcc7b01d2aac4113558d38cdd44cf90dbeddecf,14141462b930c73ad7403cc154c9b78d7a57b16135c5b394b99f5050cec33605,22cc87ee5bde02fb1fe183589a5118b78bb2d5d156b42c2294875683157da800,iris_yellow_virus,IMG_7604.jpg,data/cold_raw_hf/iris_yellow_virus/row_0752.jpg
753,a6dd6ed51be832aae13825a04cdf86da20135a26e6b3b4366fdffd2c6d0177a7,9e2e03f8aec6e8146f0fa9549b0caa5285d0ed0acd143a88a4f44bdb7a88ff42,49d0f62b6a69230840684466377bb312c389c0efaf13dc9db6c804668e1df2e8,iris_yellow_virus,IMG_8049_3.jpg,data/cold_raw_hf/iris_yellow_virus/row_0753.jpg
754,b045e604cceff9bbbdde28df5ffc6bebbc5297f337d258ffd5c6d8f50e0a795c,2c0ee4aa3680f68b3921333e0e7bb54e53cdd1a55cd3921020ef93622cc586b4,2bd077e78c4ba7aeacd9b2145397f16cf3faff4d5b8ccb8176cfbc71c481185f,iris_yellow_virus,223.jpg,data/cold_raw_hf/iris_yellow_virus/row_0754.jpg
755,442b400bbfd80386a3778cfab2d9d1971678daa89107437bac09cde2341ee3b8,07cda330c7a896907ddc7932992c25b6e4ecfd5d5ef3530c0fe43c68b7314b39,71f0f57cc866e8097e5f653e26f9d91ce63eafb3495c44c3c685964a39fa85dc,iris_yellow_virus,IMG_0382.jpg,data/cold_raw_hf/iris_yellow_virus/row_0755.jpg
756,9a243ff35afef17b9d80426604a35d70b059d8d70ffd8108bb1fd6f7f655c629,75b629b19c2a3a6b8ccf6052ae85449ea27469c9ffcadf6b1c9d169fa777a86b,4ba1f9c764579b4ef0adfd4b6deb885c7076502eda56f80ffea67d21430c9693,iris_yellow_virus,343.jpg,data/cold_raw_hf/iris_yellow_virus/row_0756.jpg
757,2094b9c81853c5be5ac50ba376825fad8914cb9b36a3daff36b4d32642e4b7da,46b0c80d4c0918c6bf046a64e5ed02a8d6386578491d81eeba5169ce626a71af,5ba907792116a7356c28f4714d974b43318f41160f3594694df7701435c032a5,iris_yellow_virus,IMG_7566.jpg,data/cold_raw_hf/iris_yellow_virus/row_0757.jpg
758,59e2aa052230fc7e462b42903e11aa8e40abc08fd27cb0d05039315febef13af,1f987b15c24e11d0f11aa20409dbdac15289c48d39ed073480539ab9f17ec547,565d62e52096822b336d262791da57f6f588a52756dd388f87a52b8dfe6e1fa4,iris_yellow_virus,357.jpg,data/cold_raw_hf/iris_yellow_virus/row_0758.jpg
759,cb3c13a8522fa640885e62c305d99d97aec201854c33cb37df06c4cd490012b6,d4ffc139a8878e9d7406766920e76a5b7e7619957eff0d3f864abbdc185654b6,7141ed74afd0242ac78703816e04708a63052ee5050d68337e94b99ae0cd250e,iris_yellow_virus,IMG_4639_1.jpg,data/cold_raw_hf/iris_yellow_virus/row_0759.jpg
760,5514f0a2680dce25f6fe345945efd845b3b5780ad245d7b971135ebf54c01b5e,df28fe494f476666eaabaeaa981111ad76d29d0dd06a75f9f09f9a010e874533,49e3b78531f26040e55128a4c3576df6c8be4e26ce36a43dd4f2cb97f0a86369,iris_yellow_virus,141.jpg,data/cold_raw_hf/iris_yellow_virus/row_0760.jpg
761,fcb3ee4e583bb202a9baaa27bde9c17c721caafbcc14450df37a5ac7aa092753,96992565c2a1e0cdef462efe3eacbd23769d031716dc97833159e118895525fa,24ee3eeb42e2eda576a41e35d6c2d6846504b684b14d9c5a4d6b455f06b9f99f,iris_yellow_virus,155.jpg,data/cold_raw_hf/iris_yellow_virus/row_0761.jpg
762,2c788407af420d5ff4e2fe3850bf5faf9f5c5bc04d81fa8baa40ea27ae6ce18d,2da11623cb70ce96476b40dd3fd4466376842136f7602514b85496f4d78f9c36,b82fc54bb462477ff77eaf4800eff90a7330a6f08f98c56bed45fc3ee08e33a9,iris_yellow_virus,169.jpg,data/cold_raw_hf/iris_yellow_virus/row_0762.jpg
763,441cf6ab0ae1fdb121ece05d4051edbbefe12dda501df32613114bbd5499c018,c0520130f8a30e7b158bf77aecf3b60e51916abe3ee12f0716a71d188e467b6c,031fc31a8b155251c5f853054111b9b7cf1fc011a236fbd3522f2c6bae41ab4b,iris_yellow_virus,196.jpg,data/cold_raw_hf/iris_yellow_virus/row_0763.jpg
764,c1da0e8ae115cd038be540f825b8f6e72c8b7ed0c49ec1892668adf2ac924cd8,ffb33a7a5fb8f85ae24e02832b87c1fab8742ef9e83c54e89d3750734a2331ca,3eef89a9c7be9af7abec0a67ef981c0b9fdf1bf7b8b11a0ea72dc7d237184dd8,iris_yellow_virus,192.jpg,data/cold_raw_hf/iris_yellow_virus/row_0764.jpg
765,31d3abdfe9eaed71ef94e44765ea91c73592d07f4311e2b2221973073bafd1a0,972b9cfac62e43e831bf3fa7374496aa7789ebebb9c039d0fb88c5160b52929f,072c70ed97d2d62842c0bfa363873095ec6f9b87c4609f81607f067535a5a336,iris_yellow_virus,186.jpg,data/cold_raw_hf/iris_yellow_virus/row_0765.jpg
766,0a75c90d824a4e8e55bc676fa18d116e8a9eeec0af2813dd50ff687ff87f078b,1444fedbfe21c5cc993e11c9caffa9b3c7b46c835324eccfb7c051ab8153a272,63b3b7249b7d7f62bc731374b26a771cc19abe82806f5084d2534eb0c5813589,iris_yellow_virus,IMG_7947.jpg,data/cold_raw_hf/iris_yellow_virus/row_0766.jpg
767,5efe3b56e937f6b2fb394780ea70ab556d772b353cf346b1c25be3cd0c7a82a7,6b77135ed026da87d16e6e8da42e2ddca5acc4179c80d6e157d906a5b929e110,580b59bc6475f53d27ebfa8d2d65fe01d8f9fbe49fb363b72c53bdee2b6e3461,iris_yellow_virus,151.jpg,data/cold_raw_hf/iris_yellow_virus/row_0767.jpg
768,68cb81753bd4ec704196dd429a37a48430c59d820c5a96732a5e1a9b0689ac5b,f3cea9d49c83016c65b65f95cb96b9fdd177f2b4061eb8642670473c7fb1fe95,306e9dd5a6faa8b947c155cad6c5d296bb2e0e0f710edd1611b4cd3425d13b12,iris_yellow_virus,145.jpg,data/cold_raw_hf/iris_yellow_virus/row_0768.jpg
769,c672df5273cffb87d445bfb2e906bd10e24e3a8f1fc99907f3eacf260fac5e10,d01521803525db60da593c1daef13f727474667c5173e1f32a911bb8a8b3f739,1e105c48c01556ac4e630961fa805ecd4f07e281b01bfa9367a6e1ef39a5d94a,iris_yellow_virus,87.jpg,data/cold_raw_hf/iris_yellow_virus/row_0769.jpg
770,655f8eac4e7fa7156c3b558936d7678d5cdb2e53f67bcaa53abc3e218df8aa5e,bfc46b8ca9deaa02a6d652f69c44f4c5a18d011a9e9f03d8509996c8c2d63995,3bfe0a42591fe94cf476bab517de4f11455a1f3d586bd6908b4d9e1a0a15a7d9,iris_yellow_virus,179.jpg,data/cold_raw_hf/iris_yellow_virus/row_0770.jpg
771,6113e4df59bec79fab50fb5d45339f823839e39ecdc0c67b776d38190f34d0c5,1a209048ef0df70e9897caff8d26c9941da515c7c970f7b7eb6a238fa85420ab,0848cac93738f2a490f801a75990279dd1496ecdede96cdb4ed556a8377cf730,iris_yellow_virus,353.jpg,data/cold_raw_hf/iris_yellow_virus/row_0771.jpg
772,bfa34151f85b40fe56b32f1f51a343bc419a3ac810df6da61e4f999295d63a8d,9a577a83a153b3db17d4bc9a15d2e62dbbc1d27ab16fc6b03630fd11dd6c44ce,24202a6be21521164220faae1adcbd74ff123c50d05a136a31b9d33a9d37fcf3,iris_yellow_virus,IMG_7562.jpg,data/cold_raw_hf/iris_yellow_virus/row_0772.jpg
773,051b28622210ae5af9705cb2c84bc7a56feba3a892cf8b2bc85d5ae8022cfb5f,23990a2958f7ba9ba3099159cba34cb454738ea152c1b8c14803ed91fc28d38e,971ffa6cc2070a2289a188454d00c4f8b84ee2a7958f2174428ea089852a7e28,iris_yellow_virus,347.jpg,data/cold_raw_hf/iris_yellow_virus/row_0773.jpg
774,d604bf9b3bd839bfc2506e8bf2a6a82ff73b307d0aacf67a0dea55fa8cdff816,33498b210b24d42a4964cbd3b553b6e801889f3cde0e1d9080b829e8ac1bd59b,b41775aa5397ce0f1a9cf5dbe58e055fd37072c7609796913729729621647ae5,iris_yellow_virus,IMG_6126.jpg,data/cold_raw_hf/iris_yellow_virus/row_0774.jpg
775,556d75c84b56a4e058a3dcb1840a44d34ceef6704bc7cc2a9280ea39642836b7,0b2f27ba3e2b3e82b93bed185dfe91482f8831220074edf4b838352a1dfbed6d,019c734e7b64e5e43055e1d4920cea3ca2c0a75c644127e751ada46295e24e18,iris_yellow_virus,IMG_9375.jpg,data/cold_raw_hf/iris_yellow_virus/row_0775.jpg
776,17c5a92b74cf3f8a09334514bf496cdf4995718e3c77c118263bf6e18a27805f,4878b29e7425e2cc018264ccdada3ca42e03c59bc5a1c07f5689168d41a2f953,b796e0e8a182baedd16f0c96cb74ebd386b56821c6fd657527c13c956eaac38b,iris_yellow_virus,IMG_7600.jpg,data/cold_raw_hf/iris_yellow_virus/row_0776.jpg
777,83ca65b6072006e2b88c4f5aba09b6f6ed002a71769bc05a9dc29663767e286a,ae6d1b644d90b2dda8579c59715fbf8e3824af0fd3327af97fabf958c28c82d1,6f6b87b814229111cd4c89e6ad765a07f8a593b03f7de358994b9e9f571e2cfc,iris_yellow_virus,IMG_7601.jpg,data/cold_raw_hf/iris_yellow_virus/row_0777.jpg
778,6271eb5d22f5e0191e74626c67547c6930ce73817ad5d50f047fda8489321c72,36a44e8aab8dbfd24b54bd30b5e7170999a59661f7d403e5c18a41cf6587c5d6,dd4c6d1e8cf72ee54e68037d4dc774f644c40da637badefb7019625fa0b0711c,iris_yellow_virus,IMG_9823.jpg,data/cold_raw_hf/iris_yellow_virus/row_0778.jpg
779,21c4ecf1c6499c46a02caa206eca92d84221dce061a51a60e53e28ad1980a35b,dabc043b45296d7158e7c6c6edbbdc655e70d4b0fc71ae026ee6ea7bc0f1fc8f,dfda5dba4be5ba07f51ebfbb42aa709cf79649f0d876b484b6f3307028427b82,iris_yellow_virus,IMG_9374.jpg,data/cold_raw_hf/iris_yellow_virus/row_0779.jpg
780,21914bdf4d5e5fae37f92c63139deedb9721226393d1f79c5ab42fe598bdac26,f53b61102488f55b26bb96fa9107361434a42489bd1af450d3795fe0552b46d0,09e3ec6c970533775c9d83857c2368c251a2dd01fca155a33a8fa4accfc4d559,iris_yellow_virus,IMG_8056.jpg,data/cold_raw_hf/iris_yellow_virus/row_0780.jpg
781,cf6b7392c692ef993081df1a7eb5d401fe27f5a34c93af5d0bdfcd90d89a53c8,9f5ded5f98c0c2e02a108ee3a333e9911f7e1e128c0dcffec75c2c05e9f48b96,64848bd526e869ac0051c257d2a05788ad4a6c505390a0603e526caef73700ea,iris_yellow_virus,IMG_8081.jpg,data/cold_raw_hf/iris_yellow_virus/row_0781.jpg
782,ba58a7b2bbe57bec134b857e2750d5149b41eef8272533c9495c585e73a86a26,c9cb288a2f13e8865d9f36a404a6495bec5bacd6103ae3af469d44e62bb04ed7,aa2d1f80b8431cc901466e8ce5dd72544637bbe8332004ae801ef0d44f452bd2,iris_yellow_virus,IMG_8095.jpg,data/cold_raw_hf/iris_yellow_virus/row_0782.jpg
783,23d8c01ba76a20f8f0112d10306a9d4e5cc265315c28ea08eeca65cb8b0465d1,d6c2a31a1699f46061ef56211d2665b745d2892e304626a8fe96de0419094a5f,a116171cd6364f8e545838ac479d1b6a80c30a27b6d02960fa3a63c3b5723cbc,iris_yellow_virus,IMG_6127.jpg,data/cold_raw_hf/iris_yellow_virus/row_0783.jpg
784,112702f0036abbc21802dd64469ca431474d64baef13ca508569cd0b8db4903d,0c24b582cf61a8eac9c15dc4897ef28d857e3bd65a61c0509e4c59dc9d561271,9fff68b1e18232f60f0c2a57463eb3ed70bc0f75dfb276824e77cef778829670,iris_yellow_virus,346.jpg,data/cold_raw_hf/iris_yellow_virus/row_0784.jpg
785,0ea9693b4ec9c8b5e93d366ff38a7b43ab3606f71dcc8a848c70dc4d3b99ba9c,2c75a8031f362ceab44a39612bc5cfa051ff220cbb048d5de1349d2956cb475f,c51064282cc1f04f7d4578e45c208577f118c28c116c31b7a725f24391fe8369,iris_yellow_virus,352.jpg,data/cold_raw_hf/iris_yellow_virus/row_0785.jpg
786,4e5e1c7a194ce2154765f4e07cc3da930d3caf455125491b86790b95025d401a,50c9c81482f6d12d703af1330cca7d5c75b2686c8c5f3410269ba810d077f870,7b822d5b68ccf63b4cf2b335859a098933068632b6cc07389775785ad3ca7a15,iris_yellow_virus,IMG_8863.jpg,data/cold_raw_hf/iris_yellow_virus/row_0786.jpg
787,d73e6befa41d97d033505913b990a090735bebaf979716d70494f9ddea196027,c7bbb21dd11ac55e555778d4e423e72ba847ce472940e7d8f388d63260fd8467,41e81528ccb53d98ab9085bbce1be9f0dd251c762c53025ebe957154f46982f3,iris_yellow_virus,IMG_7588.jpg,data/cold_raw_hf/iris_yellow_virus/row_0787.jpg
788,97fafa9bd959103c818ee25214b0c1d015313b1d9bd7aee0582a8ecc09ea7051,3b5210a1332d409fde060da0167fbfd0dc9416e3f241783f438e1f209c938a6e,29adfecde79bbdc45b098e34ef844db8939a3524c36d655f8f5f189e48848d02,iris_yellow_virus,178.jpg,data/cold_raw_hf/iris_yellow_virus/row_0788.jpg
789,2fdce861ff21f064532aeda770e9976edc873c2c49234d2d16c8f6ffa39afb8b,f146174e8597904f0e03878397dbc209f98855f7a3ff44d0a87f86d631e76d44,8a8ace0c1694c17e842fc2daa31a9b614241aff0e461bc9160ed659d775b7ad2,iris_yellow_virus,150.jpg,data/cold_raw_hf/iris_yellow_virus/row_0789.jpg
790,4576bc36d0c5088722261e20a196673477b19c043609aab1e864dd3a1757244c,6ea88b71707b2120737577e363dae8bf5cc8219a47196dbe599f8d8183fff535,a42173ac63ed3396120130f9f8c0f5271d8d61e3c2e3eba14b7f9b3d5217f2d0,iris_yellow_virus,IMG_7946.jpg,data/cold_raw_hf/iris_yellow_virus/row_0790.jpg
791,9b2bb66f377964b1afac599e827df99562e997f7f7679e5ea7cbc2e3dc528786,49232f29651df545508c17620fa1ce4b020281ae888f6bc3041279fc46e67f42,4215846b6d0aa951a878a740fac912c944ba5da6605317f865c0fe0d994c67b6,iris_yellow_virus,187.jpg,data/cold_raw_hf/iris_yellow_virus/row_0791.jpg
792,f6cc420a36a538ae632cae2d5ae92a7af38dbeca11c7cdbca0a59831bdcf0fb8,5e03b84f715ffb962c2b2f9618370460f1015ec4e233404801b67598eb3e9c0a,6fe73b8551550103c92139a88a6fc35f71075577a168005fde6dfd87a1b246f5,iris_yellow_virus,193.jpg,data/cold_raw_hf/iris_yellow_virus/row_0792.jpg
793,04c789747bcfb48c302af3e439cc0a8627942e5d5d50cad05cd4857d644b63b9,2db953b6e0cdfeabadaba12f0e2752f386344585499a9dd6c7d97abb2f3aa9e5,1b4cd7005040a9649d075fade8c1f0453ccbb93a7e8cb7d8dde7de10a85ed11a,iris_yellow_virus,185.jpg,data/cold_raw_hf/iris_yellow_virus/row_0793.jpg
794,c465e5fb7146796d6d6a187dd42402d3cb4b51600d7a0184d411e1211bb86dcc,da6debad014271e3fed5a3eb5a47b550c0fccb75e66035462f12c936d17ab39d,9c316f8e985ddf8541685643bcf97265efa145938ea3c4ff0f4183795fd250cf,iris_yellow_virus,191.jpg,data/cold_raw_hf/iris_yellow_virus/row_0794.jpg
795,4a5a18d35b2e8184902203a413be666c11d5ac65bff353b75ff3ce8c5007aaf4,d437913802d18efa07ff8dbf93107995a56ff1ebc3e5e83948d363ef8fec62de,8bace41cee52bfb5b1d53df77484c129dacb64f7a6c94260aec411a2dc60b63b,iris_yellow_virus,IMG_7950.jpg,data/cold_raw_hf/iris_yellow_virus/row_0795.jpg
796,70aa6339e23c4a5e5271bc6dd0a5170a1d56a8c3b880168b756753a4330d1c00,02be53597279883f487e225e0414bf89d6ea060b5dd0e5ae3223e62d64f629ea,f69fe07cb921aa950cb0c22ec981bba316f55319c6c518b29140d39b95910957,iris_yellow_virus,146.jpg,data/cold_raw_hf/iris_yellow_virus/row_0796.jpg
797,b8d4dfc338ae3063a5bbe2972bbbbe43f471fb9c76f3b6ff8dfeaeb633d8733d,1156f750b32a46358ae7a637e0f6d7d8fe7b351db199831a8ce93199e0f8f744,d445f513b45d5bd4d92dbb8a6b7ddd255d7f20887472d83bb924dbad9263723d,iris_yellow_virus,152.jpg,data/cold_raw_hf/iris_yellow_virus/row_0797.jpg
798,95827ce869826a2e6f955c7c98881028c51eabafc6cfe1d3a2e1769be8ce0b19,3027fb5066be942e7215cb864368288c67c1fc9df966e0c3b9a4b3e42f25daea,2bbc4c77321e4404bd2425c70d577cbb519161fe3fe4a15465ce9e66410a7405,iris_yellow_virus,350.jpg,data/cold_raw_hf/iris_yellow_virus/row_0798.jpg
799,98aa81ddf18fb9989cffdab5fdeb67a327788d69f8a36a204ab99c46fc07413f,af7cf92f06fd496f6aeca751c8724b861675a4a400edd68d2b310378902eb19d,ab5dc62b44230968fd698c618f1787e4c543a1a4c8c370576d490239b7b7f0c4,iris_yellow_virus,IMG_8054.jpg,data/cold_raw_hf/iris_yellow_virus/row_0799.jpg
800,5e8b8c83dc7443275fc133ef8f408a6e6ffef18d9605ce6e7dbb81b112734a44,0955d5474d9bed8ceee41685af35bcf79e09d927811a382fdf39093881b20569,b81f0b7e4a80030db8744d1a30ee779e1f088afaf063e89fa33f7299bba6b31d,iris_yellow_virus,IMG_9376.jpg,data/cold_raw_hf/iris_yellow_virus/row_0800.jpg
801,ca7b33b51ee6adab7d1a10829179f5f4dc5bccd20b8e094208b052989d671f1c,316efd2a73cd54fa1ead510e917ee1d7489130e1350206db939c35769d45d094,57697e69566c4c7877a571840e6755a055db1f07d009c228fd782277c05f8a9e,iris_yellow_virus,IMG_0261_1.jpg,data/cold_raw_hf/iris_yellow_virus/row_0801.jpg
802,acd7495cd7f8529aeb5f8948f186e1eda76548068024e1b931d174bad49b6d96,15d69ae1057f5ced86cdd5faf78d310c3a27c352766df7dd3e3118ff9b65bee6,d2948c90be42f16403e45d7a5a657955d312cac5cb0f4dd93a89efbb852065a7,iris_yellow_virus,9887.jpg,data/cold_raw_hf/iris_yellow_virus/row_0802.jpg
803,05926146a0bad15e70075add006dd8379b794412317402ef20c2431f1365fef5,bb195fc3748329c1b5680c1afbf101005e2cffc145ae13d141459ccc5a36202b,d7f81b65ed72274c6840f7bd9e709cfd03fba4b07858f4f5920e3732bf30a879,iris_yellow_virus,IMG_7603.jpg,data/cold_raw_hf/iris_yellow_virus/row_0803.jpg
804,55bfd0da5313eb95bf9b9a463c97702ff8c0c969339803d29a5622b2215057b2,bf8b283748907e46609492e7c15ad944abf8d9132d6d55b567e8ebb5c4e66806,957813635ea13d2a9d58afb636d263fa4661cbccc936481b9e139f921b5fe001,iris_yellow_virus,IMG_9377.jpg,data/cold_raw_hf/iris_yellow_virus/row_0804.jpg
805,4f186775ae1333ce4651fd5f0ab03d4b34086dbb9c34045b60256daf3d9a2ec7,1fe69d54bf58e069297e9e55089fdfe697e3b2a8546c1bc9a14de33b28efae96,2cd1f06da1fad795710ec8241b02997cb3365d0d523eb4308689c4f371103cc1,iris_yellow_virus,IMG_9363.jpg,data/cold_raw_hf/iris_yellow_virus/row_0805.jpg
806,52fc14a38de728355902b35a8f21f24e08dd26f2517be0af6625830e59fbe9e2,81ebf7a530d751910fd00012079b60b48733d8cdfc18f1117c28541afa551e45,a0e315cc96d932432bb5392fc54a995099f08846e1f05608b5654a1ef74f63a7,iris_yellow_virus,IMG_0347.jpg,data/cold_raw_hf/iris_yellow_virus/row_0806.jpg
807,ed35c0e4831b52cc1770002b433ce91f60da8b3477037376a2e11eaf23145d78,4413807528009edd56b3cb0bf68a9ff0deccd65ce8b9eeb5b9046d9ae32e51fb,1ea44eb2acc73339c1cf71b24c3a5f0630786c9bb0fde40da5d968d217b66db5,iris_yellow_virus,IMG_8055.jpg,data/cold_raw_hf/iris_yellow_virus/row_0807.jpg
808,769a2dbd0798b5d4e93f891f09e007db8cb388e1eefc2b6976413b7d3a9012d2,02d3e904ebe8552d67fdd2cae530ed323fb9db3c2bf3e41eca2e075f0a7752ca,df545f5284d6b732b347fa7661254d5a2ce2f4a6dff82c3a03188abf5e479238,iris_yellow_virus,351.jpg,data/cold_raw_hf/iris_yellow_virus/row_0808.jpg
809,1a0a917d3c359e325e58e52b9055df861d07ba7a23126e5d4da8099126675840,905005c58b5f45b8e84d8cacb081fc06bd41baa6425b2a18d9e9df7242917ea2,da43ed3c5ad976efa2f0ca2ce5a12819d4d9375253074d22485aed0e0ce6c1ae,iris_yellow_virus,IMG_7560.jpg,data/cold_raw_hf/iris_yellow_virus/row_0809.jpg
810,b999045cbb39de72e297f57c58c06aac969ccd39ea7c01eafcaea85c69b27e33,6a6d88d45d84aa6b31852ce9b6e7d023a818839568bb0f0e533ac68ce2126d9b,9fdd11208d3b0c8e0284a33fddfcb8bfb1c1e949e2c78d6d67cc3f6b3c769c93,iris_yellow_virus,345.jpg,data/cold_raw_hf/iris_yellow_virus/row_0810.jpg
811,556eb2901350a3c7cfa656391cf58669f3de330da893d39fb78ccc322a531f67,0d287e38436f2084b8b17ff5b1058760b233296947dd7085c15a4bed749cde76,72ae7cb616575f09944ed6eb0baff8c38a525e1b8f20ad3e6f71c3aabb554c09,iris_yellow_virus,IMG_8848.jpg,data/cold_raw_hf/iris_yellow_virus/row_0811.jpg
812,0782c6d19daf63aaafab197aac55fcf4c1a670e191297cd2a24e57b597773f6c,c32cbfa97351f6b24b43f33e8b8be2c224c8fe29a5c164e3fd3c6899f5cf6448,75d09961fbd9a7cb17785642417564fe2893fcdf3eeee7f38cbfe286905034bd,iris_yellow_virus,147.jpg,data/cold_raw_hf/iris_yellow_virus/row_0812.jpg
813,eca57da30d4b6aeda3b68a06ef24753daa67d219461df5cde05904a449f30626,0d13983b34ae494ddd9b477ed287ff9817d9ffe211cdcb45ce88c018f8a939ca,de8d77db5949415d1272618c0cd3a070338b304cb5f6ede1ac6b96f0ff90e296,iris_yellow_virus,IMG_7951.jpg,data/cold_raw_hf/iris_yellow_virus/row_0813.jpg
814,a47932803d9980f7f1e5c28ab377772367e4f974c1f8c85cc66bb1804e540bf3,dc2e5ba0cdcb9b9f8cd8dba0167709e299965f4e0c7d0d45d7c6bb401550a163,2056957429b7ebf8d8e72478b115dba5baa7e6cd96b54784208d4843f5a9fe5a,iris_yellow_virus,184.jpg,data/cold_raw_hf/iris_yellow_virus/row_0814.jpg
