sample_id,relative_path,source_group,analysis_sha256,acquisition_day_utc,original_label,foliar_binary,outer_fold
sample_00813,data/tom2024_category_a/CATA-English/onion_diseases/Fusarium-D/813976423_1659434702212.jpg,tom_timestamp:1659434702212,2aa358fa80982e9e647771f29335b2102b6a894c8fd018e620ec831052bab276,2022-08-02,Fusarium-D,1.0,2
sample_00814,data/tom2024_category_a/CATA-English/onion_diseases/Fusarium-D/2001711995_1659434932800.jpg,tom_timestamp:1659434932800,45d05822f2cc04ca70765570592b737d3d48ae266137816b04d366a69e276163,2022-08-02,Fusarium-D,1.0,2
sample_00815,data/tom2024_category_a/CATA-English/onion_diseases/Fusarium-D/1720889400_1659435206060.jpg,tom_timestamp:1659435206060,a244a37bf56b5f2a63a300555cd777e918fdf99747ca227a105e352d46beb064,2022-08-02,Fusarium-D,1.0,2
sample_00816,data/tom2024_category_a/CATA-English/onion_diseases/Fusarium-D/553790741_1659435857086.jpg,tom_timestamp:1659435857086,72be2cec2f28e6958f2d0471554af2ff2d8c719231719942e6117093c22fceab,2022-08-02,Fusarium-D,1.0,2
sample_00817,data/tom2024_category_a/CATA-English/onion_diseases/Fusarium-D/1794087267_1659436902907.jpg,tom_timestamp:1659436902907,9b150d50789397fe54808033ea18485c3f91ffab55faad934ffbc961f96220b4,2022-08-02,Fusarium-D,1.0,2
sample_00818,data/tom2024_category_a/CATA-English/onion_diseases/Fusarium-D/2123886699_1659437210390.jpg,tom_timestamp:1659437210390,a05664e399b0654aa8e364e5c5ca11bc1eeafb63adf91ce93957f4f600c624f1,2022-08-02,Fusarium-D,1.0,2
sample_00819,data/tom2024_category_a/CATA-English/onion_diseases/Fusarium-D/1524743470_1659437514383.jpg,tom_timestamp:1659437514383,b7433198d65585602dcccb6db7d69efc8a8cd514d0522163159eb395b9fae389,2022-08-02,Fusarium-D,1.0,2
sample_00820,data/tom2024_category_a/CATA-English/onion_diseases/Fusarium-D/1989602184_1659437854005.jpg,tom_timestamp:1659437854005,a18741e9c11d1877afe6c9a579fd979e053aa1058a2c2d6748993a9b1b5586b3,2022-08-02,Fusarium-D,1.0,2
sample_00821,data/tom2024_category_a/CATA-English/onion_diseases/Fusarium-D/531135217_1659438158660.jpg,tom_timestamp:1659438158660,ab6ccaa0f2adaddbc37145e4719bbf95515dd51cf05a21e1f59f570a38127717,2022-08-02,Fusarium-D,1.0,2
sample_00822,data/tom2024_category_a/CATA-English/onion_diseases/Fusarium-D/1109287627_1659439621526.jpg,tom_timestamp:1659439621526,1eedc7285f1affb587c69c2e1224f1efb0c3d7bb377aab4479ca7fa4cc4d7393,2022-08-02,Fusarium-D,1.0,2
sample_00823,data/tom2024_category_a/CATA-English/onion_diseases/Fusarium-D/994397234_1659443812802.jpg,tom_timestamp:1659443812802,b5c4b28dc21c02e59fd4ff700415ccc41c68ffdb811c5df2e08e9e82935bca19,2022-08-02,Fusarium-D,1.0,2
sample_00824,data/tom2024_category_a/CATA-English/onion_diseases/Fusarium-D/949536830_1659451411446.jpg,tom_timestamp:1659451411446,39300a6909b06654489434302e0a2627aa74988106ec06c319e5fb146585e3c0,2022-08-02,Fusarium-D,1.0,2
sample_00825,data/tom2024_category_a/CATA-English/onion_diseases/Healthy_leaf/1313293227_1659624981015.jpg,tom_timestamp:1659624981015,9bb7a827c45944e3453b07f664de59d58daf76266474f77b4dd6d999e2967087,2022-08-04,Healthy_leaf,0.0,3
sample_00826,data/tom2024_category_a/CATA-English/onion_diseases/Healthy_leaf/1801556716_1659625344751.jpg,tom_timestamp:1659625344751,803938949c7156ad8593fd6be142045b2617b48ecaabc1da90b61f6d3445bc54,2022-08-04,Healthy_leaf,0.0,3
sample_00827,data/tom2024_category_a/CATA-English/onion_diseases/Fusarium-D/1573582228_1659626561300.jpg,tom_timestamp:1659626561300,31c5627317891cc41a9bb2918e49729d759c0337739fb5180ed6746d2e928314,2022-08-04,Fusarium-D,1.0,3
sample_00828,data/tom2024_category_a/CATA-English/onion_diseases/Healthy_leaf/1910343256_1659626632847.jpg,tom_timestamp:1659626632847,969afeae8c8cb345d2dc3b843396eb02f6ec58afe3bb310e5d89c6dd381cd1eb,2022-08-04,Healthy_leaf,0.0,3
sample_00829,data/tom2024_category_a/CATA-English/onion_diseases/Healthy_leaf/42746658_1659627015322.jpg,tom_timestamp:1659627015322,a10eeac4806c3e348056cd98766dfcb4939877503564e4f5329382720edd9591,2022-08-04,Healthy_leaf,0.0,3
sample_00830,data/tom2024_category_a/CATA-English/onion_diseases/Fusarium-D/1870405494_1659627115636.jpg,tom_timestamp:1659627115636,0cfbb77f6b47b7444f11476d38f6ce07238b8488942417f451c23523ec0b26d0,2022-08-04,Fusarium-D,1.0,3
sample_00831,data/tom2024_category_a/CATA-English/onion_diseases/Fusarium-D/1935538608_1659627264678.jpg,tom_timestamp:1659627264678,ff430e12fc1d1d985b8929f55c289450afa825e174eb196f650349e3266c6e44,2022-08-04,Fusarium-D,1.0,3
sample_00832,data/tom2024_category_a/CATA-English/onion_diseases/Healthy_leaf/865346622_1659695418341.jpg,tom_timestamp:1659695418341,90adb505db835b0932798cab746898481cd3150157a8b708cae21f87ac1407e5,2022-08-05,Healthy_leaf,0.0,3
sample_00833,data/tom2024_category_a/CATA-English/onion_diseases/Healthy_leaf/2058966149_1659695636710.jpg,tom_timestamp:1659695636710,ee51c2d820e27a4b7c703985f7d0a9eb71107baa179e03e08741f8846ecd409c,2022-08-05,Healthy_leaf,0.0,3
sample_00834,data/tom2024_category_a/CATA-English/onion_diseases/Healthy_leaf/1269072829_1659695703494.jpg,tom_timestamp:1659695703494,7b6ca4c333bdef65601145fd1a460c3fad5fde2dcad2eb3ee159bd79d3f2e28f,2022-08-05,Healthy_leaf,0.0,3
sample_00835,data/tom2024_category_a/CATA-English/onion_diseases/Healthy_leaf/918778579_1659695788921.jpg,tom_timestamp:1659695788921,3d12048032f09403db03afe5cb434f0217927858d05b08ac88fb86e019815d54,2022-08-05,Healthy_leaf,0.0,3
sample_00836,data/tom2024_category_a/CATA-English/onion_diseases/Healthy_leaf/1031798131_1659695984619.jpg,tom_timestamp:1659695984619,925dac9c8e256703019aebddbc2d3d48cf8389a60a7611a17c3eb3725dd30453,2022-08-05,Healthy_leaf,0.0,3
sample_00837,data/tom2024_category_a/CATA-English/onion_diseases/Healthy_leaf/2114059848_1659696052192.jpg,tom_timestamp:1659696052192,3dc0df614bbc7636e560c705a9a5c19f1d0ba8ab20ac40a49c7f8a55d3188b9d,2022-08-05,Healthy_leaf,0.0,3
sample_00838,data/tom2024_category_a/CATA-English/onion_diseases/Fusarium-D/1557337551_1659696310068.jpg,tom_timestamp:1659696310068,d4a979f9fb6d37f4b97e393ccc09b83460ae9c483416d05f46aac4394d334371,2022-08-05,Fusarium-D,1.0,3
sample_00839,data/tom2024_category_a/CATA-English/onion_diseases/Healthy_leaf/233320249_1659696510318.jpg,tom_timestamp:1659696510318,dec1152d0850579c0ad80761df37636e60623f751262020a7e6a2e6cda896bf8,2022-08-05,Healthy_leaf,0.0,3
sample_00840,data/tom2024_category_a/CATA-English/onion_diseases/Fusarium-D/227306957_1659696657544.jpg,tom_timestamp:1659696657544,5ed1e270173795e59fd94c8ebfe17b0e544c250cf97fe3af2c871eac851d8a49,2022-08-05,Fusarium-D,1.0,3
sample_00841,data/tom2024_category_a/CATA-English/onion_diseases/Healthy_leaf/824863535_1659696725553.jpg,tom_timestamp:1659696725553,fe1d639d59d09a2923d7c9b9e9537c8e2151bad1d57de3e546aa1e9c69bc78db,2022-08-05,Healthy_leaf,0.0,3
sample_00842,data/tom2024_category_a/CATA-English/onion_diseases/Fusarium-D/1385521394_1659696831111.jpg,tom_timestamp:1659696831111,b007fe7fd5d0b52ceebdec09d20a847100f978ab3a72c69b9aa75b249de81b1d,2022-08-05,Fusarium-D,1.0,3
sample_00843,data/tom2024_category_a/CATA-English/onion_diseases/Healthy_leaf/1601898295_1659696898449.jpg,tom_timestamp:1659696898449,62c29f0fdee8957911f862adf102439494c6332a2fe6974ccf3f83e81d0671cd,2022-08-05,Healthy_leaf,0.0,3
sample_00844,data/tom2024_category_a/CATA-English/onion_diseases/Healthy_leaf/483231399_1659697175589.jpg,tom_timestamp:1659697175589,cea2eb18ecb29bbbc56c27131db806448e682dc16a469e254af5d6415ce8a4f3,2022-08-05,Healthy_leaf,0.0,3
sample_00845,data/tom2024_category_a/CATA-English/onion_diseases/Healthy_leaf/1597001420_1659697322965.jpg,tom_timestamp:1659697322965,9f5b07f9e9c9c621d7dd28026936d466605c6d7c6597b3918107393ff68cbbbe,2022-08-05,Healthy_leaf,0.0,3
sample_00846,data/tom2024_category_a/CATA-English/onion_diseases/Healthy_leaf/206941476_1659697502053.jpg,tom_timestamp:1659697502053,07d79e7f4ef11f00522732952e3e22f7e49832b15d4387f9b3deb1d9783a2fd8,2022-08-05,Healthy_leaf,0.0,3
sample_00847,data/tom2024_category_a/CATA-English/onion_diseases/Fusarium-D/594173221_1659697588145.jpg,tom_timestamp:1659697588145,ecfc41f8ed85a7c276c940e9ef1c54ae11f0fb764095cdaa9fb951660f5ff769,2022-08-05,Fusarium-D,1.0,3
sample_00848,data/tom2024_category_a/CATA-English/onion_diseases/Healthy_leaf/325390219_1659697772970.jpg,tom_timestamp:1659697772970,d26f83206f9a386c1fd08d31740f2c13c2f7841cc5a183f1b4f120c173f34b7f,2022-08-05,Healthy_leaf,0.0,3
sample_00849,data/tom2024_category_a/CATA-English/onion_diseases/Fusarium-D/120949341_1659698264470.jpg,tom_timestamp:1659698264470,edecc727837c502a661151712b4e62a95508fb18630e4a64d44110f476f9c529,2022-08-05,Fusarium-D,1.0,3
sample_00850,data/tom2024_category_a/CATA-English/onion_diseases/Healthy_leaf/667745588_1659774389254.jpg,tom_timestamp:1659774389254,0ac0f14b8ab88780846e716192bae24b1a519e720a6c0326b0db595a77733d28,2022-08-06,Healthy_leaf,0.0,2
sample_00851,data/tom2024_category_a/CATA-English/onion_diseases/Healthy_leaf/1627155227_1659774589097.jpg,tom_timestamp:1659774589097,1a2e54dd97633bac9eb6e4f8ca0f4b2f13c1d3cd3314c93f888bb201c96f49dc,2022-08-06,Healthy_leaf,0.0,2
sample_00852,data/tom2024_category_a/CATA-English/onion_diseases/Healthy_leaf/1040689687_1659774803045.jpg,tom_timestamp:1659774803045,91914023ed5b634a6a88924d7852906b0eca75cf0c1743a5085a532960a58fdc,2022-08-06,Healthy_leaf,0.0,2
sample_00853,data/tom2024_category_a/CATA-English/onion_diseases/Healthy_leaf/695031428_1659774891781.jpg,tom_timestamp:1659774891781,356695184b8def9e39ec661cdbffbbe0002fcd6e7930969cb5f31f685e5f26c9,2022-08-06,Healthy_leaf,0.0,2
sample_00854,data/tom2024_category_a/CATA-English/onion_diseases/Fusarium-D/721890732_1659774994078.jpg,tom_timestamp:1659774994078,7ee26ec73781ad41105b5d9a225b73b56576f577016ebd7068fcbec135430c24,2022-08-06,Fusarium-D,1.0,2
sample_00855,data/tom2024_category_a/CATA-English/onion_diseases/Fusarium-D/993322556_1659775093151.jpg,tom_timestamp:1659775093151,9f166628611fd7b557e194147f094ba4009a87e9abd3ed203cbbd9ec7e907b59,2022-08-06,Fusarium-D,1.0,2
sample_00856,data/tom2024_category_a/CATA-English/onion_diseases/Healthy_leaf/1472053179_1659775155627.jpg,tom_timestamp:1659775155627,3e3652d346dc07214535962c563e57e93ed9c484e8b92b11f14507945978eb06,2022-08-06,Healthy_leaf,0.0,2
sample_00857,data/tom2024_category_a/CATA-English/onion_diseases/Healthy_leaf/1385567504_1659775261583.jpg,tom_timestamp:1659775261583,675786418c665b3e85be73e59ec296e3ba716a43f595a422622d096b407975af,2022-08-06,Healthy_leaf,0.0,2
sample_00858,data/tom2024_category_a/CATA-English/onion_diseases/Fusarium-D/268433013_1659775380238.jpg,tom_timestamp:1659775380238,e7ed2b970db323e4d2a1326e53630538ac192bde94c19099f8d9e4b03811969c,2022-08-06,Fusarium-D,1.0,2
sample_00859,data/tom2024_category_a/CATA-English/onion_diseases/Healthy_leaf/1314614978_1659775599531.jpg,tom_timestamp:1659775599531,d262edab86c4915a5be58c6d31e868aa40e15b37bd4cc241de7847eebba9924d,2022-08-06,Healthy_leaf,0.0,2
sample_00860,data/tom2024_category_a/CATA-English/onion_diseases/Healthy_leaf/1577917004_1659775833696.jpg,tom_timestamp:1659775833696,683db143be340cd5785aac51b933f023be0a3718808557495806b82c48d0cd2c,2022-08-06,Healthy_leaf,0.0,2
sample_00861,data/tom2024_category_a/CATA-English/onion_diseases/Healthy_leaf/1499509342_1659776104005.jpg,tom_timestamp:1659776104005,d81373f4561ad8c12694f88b6e8a4b8916e5026de71d67c520a321ee6bf8ad0b,2022-08-06,Healthy_leaf,0.0,2
sample_00862,data/tom2024_category_a/CATA-English/onion_diseases/Healthy_leaf/122592399_1659776270472.jpg,tom_timestamp:1659776270472,66b18a4cd22522178e2641209df42ae270b3adbc0e9a842976aa362e1db4e027,2022-08-06,Healthy_leaf,0.0,2
sample_00863,data/tom2024_category_a/CATA-English/onion_diseases/Healthy_leaf/245431468_1659776492401.jpg,tom_timestamp:1659776492401,4ae38de7ded54593c007d2b8450634022e71bf51dce1313d198df468f546956d,2022-08-06,Healthy_leaf,0.0,2
sample_00864,data/tom2024_category_a/CATA-English/onion_diseases/Healthy_leaf/1733003582_1659776585627.jpg,tom_timestamp:1659776585627,68857a9327f604c1707baf196708e7b3526ce2b5ae726ab84438d52099c5f052,2022-08-06,Healthy_leaf,0.0,2
sample_00865,data/tom2024_category_a/CATA-English/onion_diseases/Fusarium-D/1584695268_1659776709218.jpg,tom_timestamp:1659776709218,ecb8e939acf3923e986880d1d95282860303a5968548974516226647d03c2d91,2022-08-06,Fusarium-D,1.0,2
sample_00866,data/tom2024_category_a/CATA-English/onion_diseases/Fusarium-D/1543641089_1659776996530.jpg,tom_timestamp:1659776996530,a1fcd6f9235b42e282484cd5fcf97398f030c75820d9b0c6da49a80213957dc5,2022-08-06,Fusarium-D,1.0,2
sample_00867,data/tom2024_category_a/CATA-English/onion_diseases/Fusarium-D/2060386848_1659780276549.jpg,tom_timestamp:1659780276549,a310c5c10c735b6040f9aca9e87a133c96e36c31bf975b47cf2e13ba82ff9470,2022-08-06,Fusarium-D,1.0,2
sample_00868,data/tom2024_category_a/CATA-English/onion_diseases/Healthy_leaf/852208243_1659780390756.jpg,tom_timestamp:1659780390756,f88e4064153b935cc94e53644fd004d7c9d9edeb9d90b042cb3cab3c68474214,2022-08-06,Healthy_leaf,0.0,2
sample_00869,data/tom2024_category_a/CATA-English/onion_diseases/Healthy_leaf/1912988062_1659780560428.jpg,tom_timestamp:1659780560428,4944f4f97575ea6272ce73b105f7a32805b75689acafd468b9ee13cfa12ded24,2022-08-06,Healthy_leaf,0.0,2
sample_00870,data/tom2024_category_a/CATA-English/onion_diseases/Healthy_leaf/199128969_1659780638537.jpg,tom_timestamp:1659780638537,da45524de8efa892b630fea4ba59cb951101c9c949c8702e348414efaf0319ed,2022-08-06,Healthy_leaf,0.0,2
sample_00871,data/tom2024_category_a/CATA-English/onion_diseases/Healthy_leaf/1889518995_1659780842253.jpg,tom_timestamp:1659780842253,051861c717765f20f57008f7df635cf488770115d9ea1bbeacb464af30766168,2022-08-06,Healthy_leaf,0.0,2
sample_00872,data/tom2024_category_a/CATA-English/onion_diseases/Healthy_leaf/1001152192_1659780927303.jpg,tom_timestamp:1659780927303,9f679e1c91f8e10c38f7f39259a1ff50d190f80b6a94f638ef8c78af66dac3ec,2022-08-06,Healthy_leaf,0.0,2
sample_00873,data/tom2024_category_a/CATA-English/onion_diseases/Healthy_leaf/747915348_1659781131687.jpg,tom_timestamp:1659781131687,0c3ba02779216dc0b6fb545ba0c8cf10516f2748e2c08f559135d9680182646e,2022-08-06,Healthy_leaf,0.0,2
sample_00874,data/tom2024_category_a/CATA-English/onion_diseases/Fusarium-D/788059748_1659800386121.jpg,tom_timestamp:1659800386121,b68e5de87fa1e9aa0b731e559fa6acf6b2830f5213ec2aa83702731895ac3b1c,2022-08-06,Fusarium-D,1.0,2
sample_00875,data/tom2024_category_a/CATA-English/onion_diseases/Fusarium-D/1295450549_1659944377292.jpg,tom_timestamp:1659944377292,d8151f9b5e2010b04f3c25eb65e69eb5bb8d35aebcd913d33262d43651ca38b7,2022-08-08,Fusarium-D,1.0,3
sample_00876,data/tom2024_category_a/CATA-English/onion_diseases/Fusarium-D/1506969100_1659944510262.jpg,tom_timestamp:1659944510262,2b34b9a2a218f0b636b848d7bb643d7b7664ed5b41c28ad86c1bc126c45752df,2022-08-08,Fusarium-D,1.0,3
sample_00877,data/tom2024_category_a/CATA-English/onion_diseases/Healthy_leaf/1385533099_1659944601468.jpg,tom_timestamp:1659944601468,72fb9c888e823e8e73374a03876cb462ad4b4a1b01633324b4ede4c26fb9adee,2022-08-08,Healthy_leaf,0.0,3
sample_00878,data/tom2024_category_a/CATA-English/onion_diseases/Fusarium-D/2131514319_1659944695554.jpg,tom_timestamp:1659944695554,1b6b5a4a2c39d9a60cf859f0713751ccf1444008afd09345d0d08a7316c8581e,2022-08-08,Fusarium-D,1.0,3
sample_00879,data/tom2024_category_a/CATA-English/onion_diseases/Healthy_leaf/1749918654_1659944772506.jpg,tom_timestamp:1659944772506,60d89d6d8a3860fb19a628ff71a690939d37eeef268d1ce91af3dd4efa177092,2022-08-08,Healthy_leaf,0.0,3
sample_00880,data/tom2024_category_a/CATA-English/onion_diseases/Fusarium-D/2020234061_1659944855585.jpg,tom_timestamp:1659944855585,06fe25ab85f4692c932b9bbd2c173a4d8092c6b00c4e0ba5d44fcfe4c447de8f,2022-08-08,Fusarium-D,1.0,3
sample_00881,data/tom2024_category_a/CATA-English/onion_diseases/Healthy_leaf/1293150460_1659945286081.jpg,tom_timestamp:1659945286081,47ed9987bf73a50408c33b2932acbc78986c50331a5608891dabf640e6e0f3ea,2022-08-08,Healthy_leaf,0.0,3
sample_00882,data/tom2024_category_a/CATA-English/onion_diseases/Healthy_leaf/1674594749_1660034924714.jpg,tom_timestamp:1660034924714,806b355642aebc5e029d720b07ab46364ea4f646cf929d07dbf6d71d50fbd6b0,2022-08-09,Healthy_leaf,0.0,3
sample_00883,data/tom2024_category_a/CATA-English/onion_diseases/Fusarium-D/2047396753_1660035070054.jpg,tom_timestamp:1660035070054,a96db910a7cc840b04dd7ba7ba1e9d100f2ef0d265505e24c35f82ebb277fc76,2022-08-09,Fusarium-D,1.0,3
sample_00884,data/tom2024_category_a/CATA-English/onion_diseases/Healthy_leaf/123212827_1660035272743.jpg,tom_timestamp:1660035272743,3e55bc775fec1fff78e2342a901c1135e840cf21a6a99c2c0e37b60bf4c85781,2022-08-09,Healthy_leaf,0.0,3
sample_00885,data/tom2024_category_a/CATA-English/onion_diseases/Healthy_leaf/203685210_1660035406452.jpg,tom_timestamp:1660035406452,85a27803875f61d24284be2926a363987c3003735fd846b7c68b250679f2ae33,2022-08-09,Healthy_leaf,0.0,3
sample_00886,data/tom2024_category_a/CATA-English/onion_diseases/Healthy_leaf/389176684_1660035498952.jpg,tom_timestamp:1660035498952,e8fb09f2f56f98fce287c7f9c55d9a6eb66506a8589996aa038be41019e30369,2022-08-09,Healthy_leaf,0.0,3
sample_00887,data/tom2024_category_a/CATA-English/onion_diseases/Healthy_leaf/153227502_1660035581641.jpg,tom_timestamp:1660035581641,ad80b7c272ac536dfe213ec9fd3cfbf7602dc8c8b784bdef5af0e23c647a7ff5,2022-08-09,Healthy_leaf,0.0,3
sample_00888,data/tom2024_category_a/CATA-English/onion_diseases/Healthy_leaf/1074128465_1660035702786.jpg,tom_timestamp:1660035702786,2594ddc5ab1a3eed285c7090759d3d98f3fba81c20068ba1501b231f307d6402,2022-08-09,Healthy_leaf,0.0,3
sample_00889,data/tom2024_category_a/CATA-English/onion_diseases/Healthy_leaf/891663025_1660035976279.jpg,tom_timestamp:1660035976279,a80931472d6069aeded9291c052beb07286418646eb045804fdadd853dcf8e8e,2022-08-09,Healthy_leaf,0.0,3
sample_00890,data/tom2024_category_a/CATA-English/onion_diseases/Fusarium-D/370265805_1660036134626.jpg,tom_timestamp:1660036134626,7f9aa81317bedfd366dad7668253e1e2a3eea8dd8fab8fc0f7725954288c816c,2022-08-09,Fusarium-D,1.0,3
sample_00891,data/tom2024_category_a/CATA-English/onion_diseases/Fusarium-D/1622043841_1660036258507.jpg,tom_timestamp:1660036258507,64fc94345437597a3ce2f42f295bc842b889503a5871bf596293bf260c4a700e,2022-08-09,Fusarium-D,1.0,3
sample_00892,data/tom2024_category_a/CATA-English/onion_diseases/Fusarium-D/2069175599_1660036369690.jpg,tom_timestamp:1660036369690,8a6c3b9ac20aebaefd06d7e8cadd4206d40ab12042ec388a81127f96b748fffd,2022-08-09,Fusarium-D,1.0,3
sample_00893,data/tom2024_category_a/CATA-English/onion_diseases/Healthy_leaf/225464056_1660036467113.jpg,tom_timestamp:1660036467113,1760167e2d6e09fbf6bf991875ea2da7b3069ce9193819cbf6f730c54d819535,2022-08-09,Healthy_leaf,0.0,3
sample_00894,data/tom2024_category_a/CATA-English/onion_diseases/Fusarium-D/2095748252_1660036643180.jpg,tom_timestamp:1660036643180,89e1d51bcc6de62a78ae194077e21a83f30803c3d21b543e1eacb40debb7d896,2022-08-09,Fusarium-D,1.0,3
sample_00895,data/tom2024_category_a/CATA-English/onion_diseases/Healthy_leaf/1255774436_1660036797028.jpg,tom_timestamp:1660036797028,e4421867365cfd35d7cd248273288e3ba8792beff90fcbb6d2559f16934bcf9c,2022-08-09,Healthy_leaf,0.0,3
sample_00896,data/tom2024_category_a/CATA-English/onion_diseases/Fusarium-D/448970666_1660037040620.jpg,tom_timestamp:1660037040620,386dec68cfcfdf70e51e1b3c175d618480ad8560b8c0217795eac8ebb657d476,2022-08-09,Fusarium-D,1.0,3
sample_00897,data/tom2024_category_a/CATA-English/onion_diseases/Healthy_leaf/205682676_1660037269432.jpg,tom_timestamp:1660037269432,296db89fb2a944fe697f3bc22a84fffbc0b523fd0e1e0ee0b555886aaedab62a,2022-08-09,Healthy_leaf,0.0,3
sample_00898,data/tom2024_category_a/CATA-English/onion_diseases/Healthy_leaf/1344779596_1660037543391.jpg,tom_timestamp:1660037543391,53881ad67052f8481d8906ce7e1caf532aefaa833dec1b3be4e619d4e6a5df30,2022-08-09,Healthy_leaf,0.0,3
sample_00899,data/tom2024_category_a/CATA-English/onion_diseases/Fusarium-D/1643111293_1660135243654.jpg,tom_timestamp:1660135243654,5164e330ce67c9c0b31fb72af3bdf8af290aff6d35fc412db9237621573112b1,2022-08-10,Fusarium-D,1.0,4
sample_00900,data/tom2024_category_a/CATA-English/onion_diseases/Fusarium-D/224737192_1660135459329.jpg,tom_timestamp:1660135459329,aff1b9412739ecb298d1ff1d2a34d3b12f7bf576cc1af07d901ef50541179aba,2022-08-10,Fusarium-D,1.0,4
sample_00901,data/tom2024_category_a/CATA-English/onion_diseases/Fusarium-D/1648708597_1660137086203.jpg,tom_timestamp:1660137086203,b5e0727bae8f77f7dc591f2419b6ee9eb6b733c9177cd09a5ebdb06e1e9107ef,2022-08-10,Fusarium-D,1.0,4
sample_00902,data/tom2024_category_a/CATA-English/onion_diseases/Fusarium-D/1337429572_1660137270335.jpg,tom_timestamp:1660137270335,3b7c1f917dd08bc8c24711919cc5991fdfc4c0e638a8f98e90386ed94fe202f2,2022-08-10,Fusarium-D,1.0,4
sample_00903,data/tom2024_category_a/CATA-English/onion_diseases/Fusarium-D/183318810_1660138103974.jpg,tom_timestamp:1660138103974,d8092e65ea1a9b83970b5e088c3d1eaa5c7c6f8fa249575ec53d08182626028a,2022-08-10,Fusarium-D,1.0,4
sample_00904,data/tom2024_category_a/CATA-English/onion_diseases/Fusarium-D/324197755_1660138338604.jpg,tom_timestamp:1660138338604,184edfe8206d630baa420fe9f2c07ae5e7af542ec1f00bd31664425ee9b02497,2022-08-10,Fusarium-D,1.0,4
sample_00905,data/tom2024_category_a/CATA-English/onion_diseases/Fusarium-D/448491677_1660138422076.jpg,tom_timestamp:1660138422076,ddf385408ed2b6165a5f15e96b1f790c70050affec1a32d6d3afe4f2ea58b1bd,2022-08-10,Fusarium-D,1.0,4
sample_00906,data/tom2024_category_a/CATA-English/onion_diseases/Fusarium-D/1544767147_1660138497806.jpg,tom_timestamp:1660138497806,be1955a41c29b8ad93de4d49a115c31f783ad1322ec6ec452bd04c88cdccd471,2022-08-10,Fusarium-D,1.0,4
sample_00907,data/tom2024_category_a/CATA-English/onion_diseases/Fusarium-D/1594185990_1660138577676.jpg,tom_timestamp:1660138577676,cdb1fff6ea49202a12ec35b7a11de2a61f562e09ece2637f5947926c0693b83b,2022-08-10,Fusarium-D,1.0,4
sample_00908,data/tom2024_category_a/CATA-English/onion_diseases/Fusarium-D/662465421_1660140709185.jpg,tom_timestamp:1660140709185,ef3a8c6f16a02ff144bc99efa99d6e47dc17e2f2dcb72720163ef4fc995f9197,2022-08-10,Fusarium-D,1.0,4
sample_00909,data/tom2024_category_a/CATA-English/onion_diseases/Fusarium-D/967108277_1660140813404.jpg,tom_timestamp:1660140813404,9a3c78d8f0ba1056a75ef8c16b29fe406e23938c984180a60ccfcc855d4ee4bb,2022-08-10,Fusarium-D,1.0,4
sample_00910,data/tom2024_category_a/CATA-English/onion_diseases/Fusarium-D/812838456_1660140883243.jpg,tom_timestamp:1660140883243,b832d3c947d546b0a94b64b42f0fe6e4654dbe61039e5c646e0dc56a5b01c1f6,2022-08-10,Fusarium-D,1.0,4
sample_00911,data/tom2024_category_a/CATA-English/onion_diseases/Fusarium-D/300105811_1660140951672.jpg,tom_timestamp:1660140951672,263d619a033bd0989aa5b78a51b215acc269f4c60eead9a8f7dee1f880a08583,2022-08-10,Fusarium-D,1.0,4
sample_00912,data/tom2024_category_a/CATA-English/onion_diseases/Fusarium-D/878842322_1660141026359.jpg,tom_timestamp:1660141026359,60aa976dc03f16d22414ef3ad8db5ab6b6f64452e2f51b9ec3a0a51a576efe2c,2022-08-10,Fusarium-D,1.0,4
sample_00913,data/tom2024_category_a/CATA-English/onion_diseases/Fusarium-D/52259382_1660141130638.jpg,tom_timestamp:1660141130638,062cf52a50c76ccadc289bf7b86380df8d44b6a36b3c4b67ea89c2fad3c4e8c8,2022-08-10,Fusarium-D,1.0,4
sample_00914,data/tom2024_category_a/CATA-English/onion_diseases/Fusarium-D/818267647_1660142078271.jpg,tom_timestamp:1660142078271,64bb23c01baec3caf6e1907834177d4aaf5ab5bf14da7444c994e52e594c36cf,2022-08-10,Fusarium-D,1.0,4
sample_00915,data/tom2024_category_a/CATA-English/onion_diseases/Fusarium-D/1474282394_1660142144299.jpg,tom_timestamp:1660142144299,137dd0a439516668fb724d78fcabf39b46f7f570e884637167ddf19dc6ce3e56,2022-08-10,Fusarium-D,1.0,4
sample_00916,data/tom2024_category_a/CATA-English/onion_diseases/Fusarium-D/1263957561_1660142272152.jpg,tom_timestamp:1660142272152,e44ae9090743b678bf58fe058e63c7afe828d70ac02c7b424b7477f405a0df99,2022-08-10,Fusarium-D,1.0,4
sample_00917,data/tom2024_category_a/CATA-English/onion_diseases/Fusarium-D/917728210_1660142674753.jpg,tom_timestamp:1660142674753,8145eb96dda007a47fee6d549d6a715eecb0b0dd2295a02093ba59b3f4188445,2022-08-10,Fusarium-D,1.0,4
sample_00918,data/tom2024_category_a/CATA-English/onion_diseases/Fusarium-D/1642149980_1660142737437.jpg,tom_timestamp:1660142737437,33785ef40fd9cd79095c24c62589ca8e25668933294bf3fda22569e75e856317,2022-08-10,Fusarium-D,1.0,4
sample_00919,data/tom2024_category_a/CATA-English/onion_diseases/Fusarium-D/1616693744_1660142804025.jpg,tom_timestamp:1660142804025,2dd9350abfe3edaa450eab8c3b3e840dbd8d9548d39f1eeeded3236888ce4e93,2022-08-10,Fusarium-D,1.0,4
sample_00920,data/tom2024_category_a/CATA-English/onion_diseases/Fusarium-D/497988072_1660142864983.jpg,tom_timestamp:1660142864983,e704a2af56a8773e4a1e8a3b6d0d43b5e21c995e7bfc979a949670941197b50d,2022-08-10,Fusarium-D,1.0,4
sample_00921,data/tom2024_category_a/CATA-English/onion_diseases/Fusarium-D/376720184_1660142927523.jpg,tom_timestamp:1660142927523,910574869934bdc41a8606da27093d118b15ae1812fc5b57ec10b48acdaee2e2,2022-08-10,Fusarium-D,1.0,4
sample_00922,data/tom2024_category_a/CATA-English/onion_diseases/Fusarium-D/1765573150_1660143004954.jpg,tom_timestamp:1660143004954,13fa2794e561157b1ce69a5cb7d67c0852eb4eff2cb3bee94b0c096308c73448,2022-08-10,Fusarium-D,1.0,4
sample_00923,data/tom2024_category_a/CATA-English/onion_diseases/Fusarium-D/1007733459_1660143069588.jpg,tom_timestamp:1660143069588,4ed78c46b34316bfb46b5f1d3b471e18792d75a2b6553fd900818577d9b6e36b,2022-08-10,Fusarium-D,1.0,4
sample_00924,data/tom2024_category_a/CATA-English/onion_diseases/Fusarium-D/1717686712_1660143551965.jpg,tom_timestamp:1660143551965,cb9f9a27e0a7365c44b6e8ab145f05770889ae29ca8a1e4e276ce08a715f8f6a,2022-08-10,Fusarium-D,1.0,4
sample_00925,data/tom2024_category_a/CATA-English/onion_diseases/Fusarium-D/1102219595_1660143618941.jpg,tom_timestamp:1660143618941,b649af52ea719f573e4b29b889a21be38d9dd87d257a7b234036bd83a17976ec,2022-08-10,Fusarium-D,1.0,4
sample_00926,data/tom2024_category_a/CATA-English/onion_diseases/Fusarium-D/1690282083_1660143692597.jpg,tom_timestamp:1660143692597,1b92906eae6796c6caccf87297fb0209b33838f63b97824d05e6ec2cf8d697f8,2022-08-10,Fusarium-D,1.0,4
sample_00927,data/tom2024_category_a/CATA-English/onion_diseases/Fusarium-D/570953534_1660143760498.jpg,tom_timestamp:1660143760498,59f73548646a5eb5a0a9efc6756c918373103b17e340437409d18fb8d107f70b,2022-08-10,Fusarium-D,1.0,4
sample_00928,data/tom2024_category_a/CATA-English/onion_diseases/Fusarium-D/191722250_1660143827284.jpg,tom_timestamp:1660143827284,418d0636a8a92f5aa58261e6ee465453a83010d48bc8866a463cdef47e184b11,2022-08-10,Fusarium-D,1.0,4
sample_00929,data/tom2024_category_a/CATA-English/onion_diseases/Fusarium-D/2133400727_1660143901173.jpg,tom_timestamp:1660143901173,3b8802cc00fabb525e16fe383c3bc2fafa5b8157023cea18dd0993e4d7b3f73d,2022-08-10,Fusarium-D,1.0,4
sample_00930,data/tom2024_category_a/CATA-English/onion_diseases/Fusarium-D/1325974080_1660143968480.jpg,tom_timestamp:1660143968480,cc3a1eff521af3272c4ce866c0e555da4eca395ecacb4c5f7101eccc5cde5532,2022-08-10,Fusarium-D,1.0,4
sample_00931,data/tom2024_category_a/CATA-English/onion_diseases/Fusarium-D/904701537_1660144063855.jpg,tom_timestamp:1660144063855,d8427b3a293d2c3de11ffbcafb144d1f1b34de03a6efd2ccac81f77a16f035f5,2022-08-10,Fusarium-D,1.0,4
sample_00932,data/tom2024_category_a/CATA-English/onion_diseases/Fusarium-D/1663786982_1660144135795.jpg,tom_timestamp:1660144135795,050fd08a3ceeacfa9567d617ad26919c18d45c1862bc0cd6fb3c3d42cee9aa31,2022-08-10,Fusarium-D,1.0,4
sample_00933,data/tom2024_category_a/CATA-English/onion_diseases/Fusarium-D/449101545_1660144218620.jpg,tom_timestamp:1660144218620,9e9504b205306ca64c594d80bced109e919bc2632cb35b1294ca5fea2c74d87f,2022-08-10,Fusarium-D,1.0,4
sample_00934,data/tom2024_category_a/CATA-English/onion_diseases/Fusarium-D/1931985883_1660144451507.jpg,tom_timestamp:1660144451507,6d450064087598c17ee8e1b1f996f9e753a542c23efee8c205eeb24aaeef5455,2022-08-10,Fusarium-D,1.0,4
sample_00935,data/tom2024_category_a/CATA-English/onion_diseases/Fusarium-D/782849548_1660144577713.jpg,tom_timestamp:1660144577713,8e66e8408fa8048a4cdfcdcf0ee22953791e2251fb1d17b29237217dd721b5e6,2022-08-10,Fusarium-D,1.0,4
sample_00936,data/tom2024_category_a/CATA-English/onion_diseases/Fusarium-D/1031773618_1660144636977.jpg,tom_timestamp:1660144636977,0609082a55ac4357d11783cfbeebe79c241cf37406a23a5bf058c98e614805be,2022-08-10,Fusarium-D,1.0,4
sample_00937,data/tom2024_category_a/CATA-English/onion_diseases/Fusarium-D/444165894_1660144731054.jpg,tom_timestamp:1660144731054,5a247b8cd87171907b13105f57e567d9506c34b10f78b80e95caaf5abdaf3ab8,2022-08-10,Fusarium-D,1.0,4
sample_00938,data/tom2024_category_a/CATA-English/onion_diseases/Fusarium-D/2107399166_1660144809468.jpg,tom_timestamp:1660144809468,22c9ad911dac3e35bdb18c7b1ba46a1a8fe664e422f7eb778f8955786566ea83,2022-08-10,Fusarium-D,1.0,4
sample_00939,data/tom2024_category_a/CATA-English/onion_diseases/Fusarium-D/1930076266_1660144869769.jpg,tom_timestamp:1660144869769,78800b3352c4a9d49b6959e3033bb2bb11ae43173a3584a6beab2c2af4a940fb,2022-08-10,Fusarium-D,1.0,4
sample_00940,data/tom2024_category_a/CATA-English/onion_diseases/Fusarium-D/2143881897_1660144918883.jpg,tom_timestamp:1660144918883,f1786d1798d86803122d0a25f5840abf97c22eeef9a6a3d9cbb0b55a1d7a4939,2022-08-10,Fusarium-D,1.0,4
sample_00941,data/tom2024_category_a/CATA-English/onion_diseases/Fusarium-D/1903126401_1660144982786.jpg,tom_timestamp:1660144982786,d44a9e4ff031be4b6db03ce055a664ba55ecd5389334d41a30d8855a612f7390,2022-08-10,Fusarium-D,1.0,4
sample_00942,data/tom2024_category_a/CATA-English/onion_diseases/Fusarium-D/1236123935_1660145025665.jpg,tom_timestamp:1660145025665,17d55fa1d56b8ebd2bb8bffe4aee719f3d94f2ca6f5ef9f931dc27bd68d73317,2022-08-10,Fusarium-D,1.0,4
sample_00943,data/tom2024_category_a/CATA-English/onion_diseases/Fusarium-D/1188069384_1660145080759.jpg,tom_timestamp:1660145080759,c5fa723f16691c208549479f9ab6a783e1cfd16ff964ca3af23d1800e1997e56,2022-08-10,Fusarium-D,1.0,4
sample_00944,data/tom2024_category_a/CATA-English/onion_diseases/Fusarium-D/1043748417_1660145136862.jpg,tom_timestamp:1660145136862,3caf4204613358b1af2f9ddad4afeb85bb7940c3b2903c39986b8c695fd1d55d,2022-08-10,Fusarium-D,1.0,4
sample_00945,data/tom2024_category_a/CATA-English/onion_diseases/Fusarium-D/1983014683_1660145208296.jpg,tom_timestamp:1660145208296,d4dcc53b8ec68bcdd2bb2dbb7b74fb85484460f5d600b479357d86a4b3b4a939,2022-08-10,Fusarium-D,1.0,4
sample_00946,data/tom2024_category_a/CATA-English/onion_diseases/Fusarium-D/1175588036_1660145285943.jpg,tom_timestamp:1660145285943,33915e1d88f75faa1256de7a87a9bc6aedc48663dddf4d598ac8bec89ae711b2,2022-08-10,Fusarium-D,1.0,4
sample_00947,data/tom2024_category_a/CATA-English/onion_diseases/Fusarium-D/1316466981_1660145425408.jpg,tom_timestamp:1660145425408,f658942f9aace42d1cb02b4c564b6a308cb8fff6bd3f3d90f8f6b1631c2c9969,2022-08-10,Fusarium-D,1.0,4
sample_00948,data/tom2024_category_a/CATA-English/onion_diseases/Fusarium-D/43036724_1660145505093.jpg,tom_timestamp:1660145505093,82d6ea8121607801d126b668eccba42060e9d3ae62d6e107e335219fb6a023fb,2022-08-10,Fusarium-D,1.0,4
sample_00949,data/tom2024_category_a/CATA-English/onion_diseases/Fusarium-D/1874721683_1660145578577.jpg,tom_timestamp:1660145578577,50fa7c65994c8380f77e50c8796946462f2da39bb01a65e9db7baec722d0af67,2022-08-10,Fusarium-D,1.0,4
sample_00950,data/tom2024_category_a/CATA-English/onion_diseases/Fusarium-D/43946252_1660145640504.jpg,tom_timestamp:1660145640504,1fa3075f96a322658dd9d78623189dc22c9288cf46825c03b4c4bbb0be27f882,2022-08-10,Fusarium-D,1.0,4
sample_00951,data/tom2024_category_a/CATA-English/onion_diseases/Fusarium-D/713974752_1660145704432.jpg,tom_timestamp:1660145704432,7d579e1e8716be441549cca38f6d8e5dba8f3c727b19f077a001ef6c4f397edc,2022-08-10,Fusarium-D,1.0,4
sample_00952,data/tom2024_category_a/CATA-English/onion_diseases/Fusarium-D/688518516_1660145767497.jpg,tom_timestamp:1660145767497,e559f8f64b2d372b7f6beab446633831d55fb7b9b7c32100e90c6dad01eeaf21,2022-08-10,Fusarium-D,1.0,4
sample_00953,data/tom2024_category_a/CATA-English/onion_diseases/Fusarium-D/2054031752_1660145941640.jpg,tom_timestamp:1660145941640,5edba985cdf34c7ab87b5ca97a9b53962eadb9c6f5342acf888493a6f4049ee9,2022-08-10,Fusarium-D,1.0,4
sample_00954,data/tom2024_category_a/CATA-English/onion_diseases/Fusarium-D/1431473702_1660145989063.jpg,tom_timestamp:1660145989063,7616bb6fda99aec5e674bf6be4b47e181016b252c4c3425e07105c2f3c026888,2022-08-10,Fusarium-D,1.0,4
sample_00955,data/tom2024_category_a/CATA-English/onion_diseases/Fusarium-D/21970814_1660146063612.jpg,tom_timestamp:1660146063612,a5190987ca47c1f6381e1e1c11136cd3fdbf8850d062f66a62508168844c2c87,2022-08-10,Fusarium-D,1.0,4
sample_00956,data/tom2024_category_a/CATA-English/onion_diseases/Fusarium-D/1125169104_1660146114772.jpg,tom_timestamp:1660146114772,11db0e6f87925d2be9a7c6282f90e68cec2e3f965d34452b69e92b28337784e0,2022-08-10,Fusarium-D,1.0,4
sample_00957,data/tom2024_category_a/CATA-English/onion_diseases/Fusarium-D/387811222_1660146173927.jpg,tom_timestamp:1660146173927,dc7886c00d3b78b46c92c67232c0390a00493164f60c1e0f955362efd4510d52,2022-08-10,Fusarium-D,1.0,4
sample_00958,data/tom2024_category_a/CATA-English/onion_diseases/Fusarium-D/1509997692_1660146438465.jpg,tom_timestamp:1660146438465,63cd941fc15eab29e58786ac30246c861dedd43f14a6bce6f0556f3cdfb9d7fb,2022-08-10,Fusarium-D,1.0,4
sample_00959,data/tom2024_category_a/CATA-English/onion_diseases/Fusarium-D/599668460_1660146492248.jpg,tom_timestamp:1660146492248,17997cd5dd83953cdcd5c7cd6bb017abb6aab9f4919438cff2f62e2c770676f0,2022-08-10,Fusarium-D,1.0,4
sample_00960,data/tom2024_category_a/CATA-English/onion_diseases/Fusarium-D/1541337883_1660146573012.jpg,tom_timestamp:1660146573012,fe3d6cb61c7a5ddc3e8a4a0b3a4f3aae7c9784b009197c00c839b2e9943e6a1a,2022-08-10,Fusarium-D,1.0,4
sample_00961,data/tom2024_category_a/CATA-English/onion_diseases/Fusarium-D/649542067_1660146644485.jpg,tom_timestamp:1660146644485,affd40e5add1ef1a0dc3c20513b17dfbe9256edfcc166b08993cde1466d69603,2022-08-10,Fusarium-D,1.0,4
sample_00962,data/tom2024_category_a/CATA-English/onion_diseases/Fusarium-D/317781233_1660146718340.jpg,tom_timestamp:1660146718340,eb123fec8a01a29f1f0ee1c2f50c904796aaf34b3f9ac5e36db4fdeba4183123,2022-08-10,Fusarium-D,1.0,4
sample_00963,data/tom2024_category_a/CATA-English/onion_diseases/Fusarium-D/176486300_1660146784256.jpg,tom_timestamp:1660146784256,d23ff50fc4d1fe21540f42f99f0c36de9ebdc394dee186fe83e8d441a4f48239,2022-08-10,Fusarium-D,1.0,4
sample_00964,data/tom2024_category_a/CATA-English/onion_diseases/Fusarium-D/621553337_1660146873242.jpg,tom_timestamp:1660146873242,522a2efd0716b493b94446feedd7444c41c5b48ab315cda198ae64fd0b1801fe,2022-08-10,Fusarium-D,1.0,4
sample_00965,data/tom2024_category_a/CATA-English/onion_diseases/Fusarium-D/247296480_1660146927738.jpg,tom_timestamp:1660146927738,355d5f326a8bcfde831230ca10c81afd4d7637152d428f8f65e6afe4c18360e7,2022-08-10,Fusarium-D,1.0,4
sample_00966,data/tom2024_category_a/CATA-English/onion_diseases/Fusarium-D/83987333_1660147026251.jpg,tom_timestamp:1660147026251,f9b8c42496c861e129f9f019aa4b3553efcb944edb9c756449fde9a46ee0eb7c,2022-08-10,Fusarium-D,1.0,4
sample_00967,data/tom2024_category_a/CATA-English/onion_diseases/Fusarium-D/1946102955_1660147106893.jpg,tom_timestamp:1660147106893,c94cf52dadc6d38503d5963d6d8c8dee4798a405a5277e398a3c15bd06d1ad8f,2022-08-10,Fusarium-D,1.0,4
sample_00968,data/tom2024_category_a/CATA-English/onion_diseases/Fusarium-D/131912547_1660147194285.jpg,tom_timestamp:1660147194285,6733c0adc3d0e21e3303647c4eb15d0cd08312f7f08a8dd34412e224b4c68aa3,2022-08-10,Fusarium-D,1.0,4
sample_00969,data/tom2024_category_a/CATA-English/onion_diseases/Fusarium-D/1773754482_1660147264131.jpg,tom_timestamp:1660147264131,b67698e630ea3504227b06949b4747b9ce518934e8f8ddeaffd580d092d1e3ee,2022-08-10,Fusarium-D,1.0,4
sample_00970,data/tom2024_category_a/CATA-English/onion_diseases/Fusarium-D/250553866_1660219499809.jpg,tom_timestamp:1660219499809,6fc8a675f701ff36e3e6a0e6e58b7ef39f979dc3990856544e3b8a1091b784ad,2022-08-11,Fusarium-D,1.0,2
sample_00971,data/tom2024_category_a/CATA-English/onion_diseases/Fusarium-D/361002148_1660219607794.jpg,tom_timestamp:1660219607794,b8f1f09b0483cc0f3a31fcd03de8ff5b181051c2dfcf3f58b81a7741b669269f,2022-08-11,Fusarium-D,1.0,2
sample_00972,data/tom2024_category_a/CATA-English/onion_diseases/Fusarium-D/2108317938_1660219676094.jpg,tom_timestamp:1660219676094,f586ba249767cbf7a883f8b18f810b190f6b53fe2b168bd09dac9ff3440b2e8c,2022-08-11,Fusarium-D,1.0,2
sample_00973,data/tom2024_category_a/CATA-English/onion_diseases/Fusarium-D/595912465_1660219748336.jpg,tom_timestamp:1660219748336,5f927d462225d1917993daef15351401e0c6c8ea76803b32c75b090f0725be34,2022-08-11,Fusarium-D,1.0,2
sample_00974,data/tom2024_category_a/CATA-English/onion_diseases/Fusarium-D/2050314533_1660219843014.jpg,tom_timestamp:1660219843014,97298af183c23fa8020618fff3dd586d35b24f60ce1f8109708bace5ad3a972d,2022-08-11,Fusarium-D,1.0,2
sample_00975,data/tom2024_category_a/CATA-English/onion_diseases/Fusarium-D/598938499_1660219935202.jpg,tom_timestamp:1660219935202,f8e2f0fb26a8a173628aff8bf88d5077c8eaf3cb224d75928e1fecba83e09f6b,2022-08-11,Fusarium-D,1.0,2
sample_00976,data/tom2024_category_a/CATA-English/onion_diseases/Fusarium-D/1201014740_1660219996246.jpg,tom_timestamp:1660219996246,4b55f47728ec30a8c33dfbf0523ce29151c6c764d3bae7bcc3a3ecb3df7fc710,2022-08-11,Fusarium-D,1.0,2
sample_00977,data/tom2024_category_a/CATA-English/onion_diseases/Fusarium-D/1402755011_1660220061130.jpg,tom_timestamp:1660220061130,6ce39df7d95e7d8ff1a4d95aea81e6acfde0c94631a6f551cd353257010a3143,2022-08-11,Fusarium-D,1.0,2
sample_00978,data/tom2024_category_a/CATA-English/onion_diseases/Fusarium-D/1705162823_1660220130708.jpg,tom_timestamp:1660220130708,308cce28c678f1bb818e7a2af1c3e8689a34370109c8c40c3a05ea7abbf15c6f,2022-08-11,Fusarium-D,1.0,2
sample_00979,data/tom2024_category_a/CATA-English/onion_diseases/Fusarium-D/1361336629_1660220208681.jpg,tom_timestamp:1660220208681,b18db63ba7184863f442aca4786c87edd5690cb74e310d6721e54c81bf903a9b,2022-08-11,Fusarium-D,1.0,2
sample_00980,data/tom2024_category_a/CATA-English/onion_diseases/Fusarium-D/1520748990_1660220275892.jpg,tom_timestamp:1660220275892,1eea4073d74aba8a50d806c970d515a41a011b1bfaaf93fe66adf30dca865fee,2022-08-11,Fusarium-D,1.0,2
sample_00981,data/tom2024_category_a/CATA-English/onion_diseases/Fusarium-D/738778579_1660220391477.jpg,tom_timestamp:1660220391477,219eb7a89d7e614652eb826858baaabbb12985884d6279f8d07674e4bc12015b,2022-08-11,Fusarium-D,1.0,2
sample_00982,data/tom2024_category_a/CATA-English/onion_diseases/Fusarium-D/65098185_1660723014686.jpg,tom_timestamp:1660723014686,924e475aa24ddfc1bd1fb6b5b0432d0c2e980390532fc7fd826ddee95320d5b1,2022-08-17,Fusarium-D,1.0,3
sample_00984,data/tom2024_category_a/CATA-English/onion_diseases/Fusarium-D/14808590_1660723456484.jpg,tom_timestamp:1660723456484,a56d089867b7239c3ab4ab3d17d08a4ff6774168747a1aeb853f0fa315ceafdd,2022-08-17,Fusarium-D,1.0,3
sample_00985,data/tom2024_category_a/CATA-English/onion_diseases/Fusarium-D/1294329691_1660725122472.jpg,tom_timestamp:1660725122472,ec043c1fe0012ba6ff6ec363fd954b2c459f3f9d88d044bca78cef57e6c0ce55,2022-08-17,Fusarium-D,1.0,3
sample_00986,data/tom2024_category_a/CATA-English/onion_diseases/Fusarium-D/559374966_1660725255385.jpg,tom_timestamp:1660725255385,9d324bd08e7c54e35e0dee2f4d5ad39699b0401265318e6ad2f3ace5a80509df,2022-08-17,Fusarium-D,1.0,3
sample_00987,data/tom2024_category_a/CATA-English/onion_diseases/Fusarium-D/1018623869_1660725379095.jpg,tom_timestamp:1660725379095,b067a2f553e00d3857970a3b982cdb318ed0fe3d8032b792082e180e815b8f0e,2022-08-17,Fusarium-D,1.0,3
sample_00988,data/tom2024_category_a/CATA-English/onion_diseases/Healthy_leaf/1969787382_1660725476458.jpg,tom_timestamp:1660725476458,8ed10922d95a4bc9185ccad638393b31f2cb397c615d9c229d403cc559567a97,2022-08-17,Healthy_leaf,0.0,3
sample_00989,data/tom2024_category_a/CATA-English/onion_diseases/Fusarium-D/1166880398_1660725583432.jpg,tom_timestamp:1660725583432,cdf51f4994fcc032e147718af7b2bcbae420438a33017a0dec187075994cce7a,2022-08-17,Fusarium-D,1.0,3
sample_00990,data/tom2024_category_a/CATA-English/onion_diseases/Healthy_leaf/258667672_1660725697562.jpg,tom_timestamp:1660725697562,ef0d2a474fde9bb8440a74e955fbf7df840cfa01ac529dfa7af0acea9f079051,2022-08-17,Healthy_leaf,0.0,3
sample_00991,data/tom2024_category_a/CATA-English/onion_diseases/Fusarium-D/1617712852_1660725869230.jpg,tom_timestamp:1660725869230,fd8b57909aa810b3679254554caefc3281465b2c5303f3c302b26cb8c9fa2ce8,2022-08-17,Fusarium-D,1.0,3
sample_00992,data/tom2024_category_a/CATA-English/onion_diseases/Healthy_leaf/1025585465_1660725969146.jpg,tom_timestamp:1660725969146,8dad19a11fc08675d37f8017b83a9e9794963b1e8168bcb0f570f630cd17baff,2022-08-17,Healthy_leaf,0.0,3
sample_00993,data/tom2024_category_a/CATA-English/onion_diseases/Fusarium-D/984621847_1660726090926.jpg,tom_timestamp:1660726090926,6aecca912f1051843fd7eb827b56e1af3b44e54a68695d714867d316a1530e90,2022-08-17,Fusarium-D,1.0,3
sample_00994,data/tom2024_category_a/CATA-English/onion_diseases/Healthy_leaf/1710992010_1660726209465.jpg,tom_timestamp:1660726209465,3f506f24302c4577eed06f44d70044e3ec64607dc90073128857f35a83cc6c1e,2022-08-17,Healthy_leaf,0.0,3
sample_00995,data/tom2024_category_a/CATA-English/onion_diseases/Fusarium-D/1184868489_1660726456397.jpg,tom_timestamp:1660726456397,ae8782439cca60531debc4dabc599ac7d0d917266fb010c77c3740991efd1c2f,2022-08-17,Fusarium-D,1.0,3
sample_00996,data/tom2024_category_a/CATA-English/onion_diseases/Healthy_leaf/1183374860_1660726680825.jpg,tom_timestamp:1660726680825,38e0e904b7d831f8fa76ddc69968056bec1cbf8e6f21ae7c3193011ed546bf78,2022-08-17,Healthy_leaf,0.0,3
sample_00997,data/tom2024_category_a/CATA-English/onion_diseases/Fusarium-D/774167677_1660726833003.jpg,tom_timestamp:1660726833003,c8aad508d0c81ea32b57d365987a7bf2a0029bc7c04f5877ce2b887e2fce6762,2022-08-17,Fusarium-D,1.0,3
sample_00998,data/tom2024_category_a/CATA-English/onion_diseases/Fusarium-D/441952079_1660726980822.jpg,tom_timestamp:1660726980822,eb593cdc65a95ce2644847824d1f40bda7eb381c40516db41722c9d86e1dd08a,2022-08-17,Fusarium-D,1.0,3
sample_00999,data/tom2024_category_a/CATA-English/onion_diseases/Healthy_leaf/1201037524_1660727089307.jpg,tom_timestamp:1660727089307,4c55469129b4e4f1316bfba8ce4c522e3681fced89789e435d476a578aa73a4f,2022-08-17,Healthy_leaf,0.0,3
sample_01000,data/tom2024_category_a/CATA-English/onion_diseases/Fusarium-D/651406160_1660727198532.jpg,tom_timestamp:1660727198532,c5d42a0226a661b0a38791f3dcbbdb6300a3eb39a2705748def5aeb2f0af903c,2022-08-17,Fusarium-D,1.0,3
sample_01001,data/tom2024_category_a/CATA-English/onion_diseases/Fusarium-D/96800369_1660727282311.jpg,tom_timestamp:1660727282311,0d30c77313757f74f470ff27d29af9e948a630fe08db7e75501deddad088df3d,2022-08-17,Fusarium-D,1.0,3
sample_01002,data/tom2024_category_a/CATA-English/onion_diseases/Healthy_leaf/200157718_1660727358272.jpg,tom_timestamp:1660727358272,fe1a8c67aa5623ad3e1eb2cfc7c210b778aaf2446cc04d600b0657dcfb720b0a,2022-08-17,Healthy_leaf,0.0,3
sample_01003,data/tom2024_category_a/CATA-English/onion_diseases/Fusarium-D/1408829863_1660727458890.jpg,tom_timestamp:1660727458890,eee07dfaf9a00efc5eeb821c609a8cc172cb4d81ae931bbcf7f48756392b782c,2022-08-17,Fusarium-D,1.0,3
sample_01004,data/tom2024_category_a/CATA-English/onion_diseases/Fusarium-D/306086337_1660727582624.jpg,tom_timestamp:1660727582624,4959ef337fc4cb96f3d79c3f0fdf790971428a0e687afaba9b7b55a079b758aa,2022-08-17,Fusarium-D,1.0,3
sample_01005,data/tom2024_category_a/CATA-English/onion_diseases/Fusarium-D/76773324_1660727679559.jpg,tom_timestamp:1660727679559,890261afd6a5e73afef919779481a0549ff9ffee52ca492585173607ed2f9b81,2022-08-17,Fusarium-D,1.0,3
sample_01006,data/tom2024_category_a/CATA-English/onion_diseases/Healthy_leaf/814754083_1660727751025.jpg,tom_timestamp:1660727751025,a2a9a3dc5389205098b9c99d09e77c7aaffdd5ed0f3d18e46079bcfbfdfc0d0d,2022-08-17,Healthy_leaf,0.0,3
sample_01007,data/tom2024_category_a/CATA-English/onion_diseases/Fusarium-D/363050877_1660727865219.jpg,tom_timestamp:1660727865219,9aabc215638e6f9cfdd0dbb0b2bbaf8a6b178a3f9de0cf7947026ee5a8ebf748,2022-08-17,Fusarium-D,1.0,3
sample_01008,data/tom2024_category_a/CATA-English/onion_diseases/Healthy_leaf/763841611_1660727930932.jpg,tom_timestamp:1660727930932,a8001fa588d7846187aefc32753ef3fbe77482c87ccbc6a905f6fd88aa050dc0,2022-08-17,Healthy_leaf,0.0,3
sample_01009,data/tom2024_category_a/CATA-English/onion_diseases/Fusarium-D/1583620269_1660728028700.jpg,tom_timestamp:1660728028700,50bbfee7dd3f5c0855861bcb58b608150ec08d372af362b0aab0fa098428805b,2022-08-17,Fusarium-D,1.0,3
sample_01010,data/tom2024_category_a/CATA-English/onion_diseases/Healthy_leaf/1087472647_1660728500796.jpg,tom_timestamp:1660728500796,73b74204f523b4cfa79b7c0333da7a28a6f4c58996b87968042d326d1f7bb59b,2022-08-17,Healthy_leaf,0.0,3
sample_01011,data/tom2024_category_a/CATA-English/onion_diseases/Fusarium-D/1413388302_1660728638909.jpg,tom_timestamp:1660728638909,84fa1abc2ea9fe2b338f673e154d671d4ebc9d1f515b59b592164f098f98618a,2022-08-17,Fusarium-D,1.0,3
sample_01012,data/tom2024_category_a/CATA-English/onion_diseases/Fusarium-D/406456428_1660728727960.jpg,tom_timestamp:1660728727960,bd771fdc0f6813f17e2a3189b73833b9bc2ea3cc9e0f9611e40dd2640ff1e1fa,2022-08-17,Fusarium-D,1.0,3
sample_01013,data/tom2024_category_a/CATA-English/onion_diseases/Healthy_leaf/1076653041_1660728819476.jpg,tom_timestamp:1660728819476,9405cedabbf33f3a9cf1d057729c1bd82525956bce087ac936b6d23f49a9641b,2022-08-17,Healthy_leaf,0.0,3
sample_01014,data/tom2024_category_a/CATA-English/onion_diseases/Healthy_leaf/123827786_1660728945635.jpg,tom_timestamp:1660728945635,d5577684f3b49da6b2442c2250c429c0bd436e7cad7fec882d8a6aecf83574ba,2022-08-17,Healthy_leaf,0.0,3
sample_01015,data/tom2024_category_a/CATA-English/onion_diseases/Healthy_leaf/159232876_1660729059461.jpg,tom_timestamp:1660729059461,cc993b16267f36590429b41a749bee1383644c975b4b0047aa4e861526fc6c7a,2022-08-17,Healthy_leaf,0.0,3
sample_01016,data/tom2024_category_a/CATA-English/onion_diseases/Fusarium-D/538918924_1660729294944.jpg,tom_timestamp:1660729294944,5af378935c29e1db84958524e65b13fdd80b567ebd7f398ad3a91af480933a25,2022-08-17,Fusarium-D,1.0,3
sample_01017,data/tom2024_category_a/CATA-English/onion_diseases/Healthy_leaf/789791387_1660729406926.jpg,tom_timestamp:1660729406926,a52a1f0f7e6ebb25d3924bcb528ef6285ee727e35338273eafa81f2f8c78ff33,2022-08-17,Healthy_leaf,0.0,3
sample_01018,data/tom2024_category_a/CATA-English/onion_diseases/Healthy_leaf/1848545261_1660729532919.jpg,tom_timestamp:1660729532919,fcf41ed22a1694f834c592958b96b91bcc4d734fbd3563fa0c1360d067ace417,2022-08-17,Healthy_leaf,0.0,3
sample_01019,data/tom2024_category_a/CATA-English/onion_diseases/Healthy_leaf/1581710652_1660729621224.jpg,tom_timestamp:1660729621224,3d0434cd152869e4f38c095247f1933fd05ee8173fa5a41b6ac579faf3c9af39,2022-08-17,Healthy_leaf,0.0,3
sample_01020,data/tom2024_category_a/CATA-English/onion_diseases/Healthy_leaf/99774618_1660729874554.jpg,tom_timestamp:1660729874554,438b1fbb3e253cbf32d0cb7502666362d11395af31cdeb0d9328be2d8a7fed6c,2022-08-17,Healthy_leaf,0.0,3
sample_01021,data/tom2024_category_a/CATA-English/onion_diseases/Healthy_leaf/1691613609_1660730007664.jpg,tom_timestamp:1660730007664,d69f675a28d3c01e59b79bc67ff5588cc150ce805460f4889a157488bf95b079,2022-08-17,Healthy_leaf,0.0,3
sample_01022,data/tom2024_category_a/CATA-English/onion_diseases/Healthy_leaf/146322531_1660730194706.jpg,tom_timestamp:1660730194706,77081e7b36c2c4507a339053ead0bd642784b25228dd73e56a57c3466208852c,2022-08-17,Healthy_leaf,0.0,3
sample_01023,data/tom2024_category_a/CATA-English/onion_diseases/Fusarium-D/1504171030_1660823317744.jpg,tom_timestamp:1660823317744,d20a5e01463e88d9a7bd396ff42745bfe564592d81ab30a36651d4e81afc4731,2022-08-18,Fusarium-D,1.0,0
sample_01024,data/tom2024_category_a/CATA-English/onion_diseases/Fusarium-D/1312379613_1660823417668.jpg,tom_timestamp:1660823417668,dcd231a9215a10302b09c103e19534972856c2ac2e85f0b300baf3320a8c1471,2022-08-18,Fusarium-D,1.0,0
sample_01025,data/tom2024_category_a/CATA-English/onion_diseases/Fusarium-D/1450855401_1660823478818.jpg,tom_timestamp:1660823478818,866056291a4f06b99a2b2d7b0bb57e6f011e039cdc73f0ed0ca6e22073b3448f,2022-08-18,Fusarium-D,1.0,0
sample_01026,data/tom2024_category_a/CATA-English/onion_diseases/Fusarium-D/549397382_1660823544868.jpg,tom_timestamp:1660823544868,923a0cc914e6a76a01ee4d6b807a1c951a235020f7aa5073007d74e60a94234c,2022-08-18,Fusarium-D,1.0,0
sample_01027,data/tom2024_category_a/CATA-English/onion_diseases/Fusarium-D/1556784020_1660823603167.jpg,tom_timestamp:1660823603167,b4f8a3a84982c2940b1c1af3f1cadda5b2cf5d1414f1d59569c52a180f402c22,2022-08-18,Fusarium-D,1.0,0
sample_01028,data/tom2024_category_a/CATA-English/onion_diseases/Fusarium-D/976099116_1660823663157.jpg,tom_timestamp:1660823663157,e3bd35924f54faa587b6ce680c0ebec71c79011f8b05b79ec6450897230754da,2022-08-18,Fusarium-D,1.0,0
sample_01029,data/tom2024_category_a/CATA-English/onion_diseases/Fusarium-D/1674155122_1660823725538.jpg,tom_timestamp:1660823725538,f8521b1e48914a8f5ecbecc56f4ef3887319562b0c3edf1901cab945a6cc9c77,2022-08-18,Fusarium-D,1.0,0
sample_01030,data/tom2024_category_a/CATA-English/onion_diseases/Fusarium-D/2030333327_1660823808980.jpg,tom_timestamp:1660823808980,7f93514f1deb176464fb6ce86e6298fb97719ef35f190694c8ba7db5d9cfb26d,2022-08-18,Fusarium-D,1.0,0
sample_01031,data/tom2024_category_a/CATA-English/onion_diseases/Fusarium-D/1562213211_1660823874067.jpg,tom_timestamp:1660823874067,ab74456952c70787906df313036136e8c387cd840b006749209df86cf55a978a,2022-08-18,Fusarium-D,1.0,0
sample_01032,data/tom2024_category_a/CATA-English/onion_diseases/Healthy_leaf/473483438_1660823957425.jpg,tom_timestamp:1660823957425,c2709f172ff6f1cd5d683df8a7663713eccd6f34fd95c914cbf23785afb2b4a1,2022-08-18,Healthy_leaf,0.0,0
sample_01033,data/tom2024_category_a/CATA-English/onion_diseases/Healthy_leaf/500017315_1660824015312.jpg,tom_timestamp:1660824015312,d0180f852489d33f2e721c934b359205c7b69cb76e2b7fc7ee88e1afd84c4850,2022-08-18,Healthy_leaf,0.0,0
sample_01034,data/tom2024_category_a/CATA-English/onion_diseases/Fusarium-D/718342609_1660824169543.jpg,tom_timestamp:1660824169543,fbb95d904cd52882054686c45c2142dbb8f718cc1df669aa808bf370f2c130ee,2022-08-18,Fusarium-D,1.0,0
sample_01035,data/tom2024_category_a/CATA-English/onion_diseases/Fusarium-D/795788958_1660824252207.jpg,tom_timestamp:1660824252207,4c4840994cac846e04b7db9e5a2c2281495b9b57bc7c540f3de7b19f98c52e32,2022-08-18,Fusarium-D,1.0,0
sample_01036,data/tom2024_category_a/CATA-English/onion_diseases/Fusarium-D/1810098416_1660824316753.jpg,tom_timestamp:1660824316753,c9ffcde181bca60a9b4dc11435f769807d550af942205b76e5b6919098c9c164,2022-08-18,Fusarium-D,1.0,0
sample_01037,data/tom2024_category_a/CATA-English/onion_diseases/Fusarium-D/325552336_1660824413556.jpg,tom_timestamp:1660824413556,832ee30e1c29c9d4eda29dd7eba50bce8d8fb8791d90db0f63dc9e7d2038bfbf,2022-08-18,Fusarium-D,1.0,0
sample_01038,data/tom2024_category_a/CATA-English/onion_diseases/Fusarium-D/1742600921_1660824491339.jpg,tom_timestamp:1660824491339,75aa51d516b9b188d3baa4502c6f1109533e9871a45eae3b12a9c15684ac3419,2022-08-18,Fusarium-D,1.0,0
sample_01039,data/tom2024_category_a/CATA-English/onion_diseases/Fusarium-D/923108914_1660824561864.jpg,tom_timestamp:1660824561864,2c00230dd20c3d7cc815b0c3f3c6de07bacb542d44f4e1793418172b2f641f05,2022-08-18,Fusarium-D,1.0,0
sample_01040,data/tom2024_category_a/CATA-English/onion_diseases/Fusarium-D/199764785_1660824628288.jpg,tom_timestamp:1660824628288,d7d2fef679e8b2805dba6cb72c81073ac39d5b031853a620fa1fbb03a73a09bd,2022-08-18,Fusarium-D,1.0,0
sample_01041,data/tom2024_category_a/CATA-English/onion_diseases/Fusarium-D/839194509_1660824718432.jpg,tom_timestamp:1660824718432,2f58a724cc8ab1f7f5a20f1428678baf1fca1db05df0034300d0e03e7d98e3d5,2022-08-18,Fusarium-D,1.0,0
sample_01042,data/tom2024_category_a/CATA-English/onion_diseases/Fusarium-D/490393888_1660824795943.jpg,tom_timestamp:1660824795943,e990c867effba93674b9b39329606b18b993543095bad6f5226ccd2ba8e42f61,2022-08-18,Fusarium-D,1.0,0
sample_01043,data/tom2024_category_a/CATA-English/onion_diseases/Fusarium-D/837246116_1660824890348.jpg,tom_timestamp:1660824890348,c36fbb364079fa451245ccb8247b24d44f79fbfdcdd1cb305a303067ddf0b2a3,2022-08-18,Fusarium-D,1.0,0
sample_01044,data/tom2024_category_a/CATA-English/onion_diseases/Fusarium-D/1783603315_1660824945302.jpg,tom_timestamp:1660824945302,9b4acfc56fb08251d46774705313cdbc1061fb3916cfdcb95d44ca5672976b5b,2022-08-18,Fusarium-D,1.0,0
sample_01045,data/tom2024_category_a/CATA-English/onion_diseases/Fusarium-D/446572349_1660825003088.jpg,tom_timestamp:1660825003088,a0add5d17f574674f909dd15fde46ea19885ba879731abd232a13e3f1d3c3076,2022-08-18,Fusarium-D,1.0,0
sample_01046,data/tom2024_category_a/CATA-English/onion_diseases/Fusarium-D/379529618_1660825079127.jpg,tom_timestamp:1660825079127,9145e7ca1ea394dacd25f8d8936cc901e84faf152702ccc67004a00e96c3388e,2022-08-18,Fusarium-D,1.0,0
sample_01047,data/tom2024_category_a/CATA-English/onion_diseases/Fusarium-D/1454868515_1660825147248.jpg,tom_timestamp:1660825147248,bd3b44db9c93ad2a32eabd3d676b31fdbe4454f15c089b25c554ba75ca756dee,2022-08-18,Fusarium-D,1.0,0
sample_01048,data/tom2024_category_a/CATA-English/onion_diseases/Fusarium-D/761786936_1660825223225.jpg,tom_timestamp:1660825223225,4ceb3f6d20fa157254487d7f28d770fe0c63b6e9651796724e51a0b8e4f82045,2022-08-18,Fusarium-D,1.0,0
sample_01049,data/tom2024_category_a/CATA-English/onion_diseases/Fusarium-D/614439935_1660825286094.jpg,tom_timestamp:1660825286094,cd38d898504d8ff83b670f81e52525c935f011db1655089046a73f64564f0d35,2022-08-18,Fusarium-D,1.0,0
sample_01050,data/tom2024_category_a/CATA-English/onion_diseases/Fusarium-D/991722826_1660825343388.jpg,tom_timestamp:1660825343388,02c7034f58a6bd4bcc7119be8db753d5583236e292fa0b65b51a662cc7d69c4c,2022-08-18,Fusarium-D,1.0,0
sample_01051,data/tom2024_category_a/CATA-English/onion_diseases/Fusarium-D/2026968857_1660825427580.jpg,tom_timestamp:1660825427580,a898b4f98f3968d872f801f085fe71082a062d73ac3725ca0c92f7ecc1448de2,2022-08-18,Fusarium-D,1.0,0
sample_01052,data/tom2024_category_a/CATA-English/onion_diseases/Fusarium-D/458053608_1660825496069.jpg,tom_timestamp:1660825496069,28d59310dbcfc34296a5c7d15cf59f6107206de88c95b54117c332e1346415ea,2022-08-18,Fusarium-D,1.0,0
sample_01053,data/tom2024_category_a/CATA-English/onion_diseases/Fusarium-D/228740595_1660825576878.jpg,tom_timestamp:1660825576878,089543678533719c544450b8e1fc39c8e6d46e96ab4b31b513a55e2cfb2a971d,2022-08-18,Fusarium-D,1.0,0
sample_01054,data/tom2024_category_a/CATA-English/onion_diseases/Fusarium-D/951707512_1660826328303.jpg,tom_timestamp:1660826328303,bafd0b56a5fce3e9622d80fffcd35d9666079b6abe710256f38e7995e0c1a570,2022-08-18,Fusarium-D,1.0,0
sample_01055,data/tom2024_category_a/CATA-English/onion_diseases/Fusarium-D/1174552469_1660826395835.jpg,tom_timestamp:1660826395835,d297597e739fb6e4a23bd92a84d3539b2b929df8f968cde6c5b31a02ce580222,2022-08-18,Fusarium-D,1.0,0
sample_01056,data/tom2024_category_a/CATA-English/onion_diseases/Fusarium-D/399504878_1660826478888.jpg,tom_timestamp:1660826478888,46e6b4ea37da6b30d60625ad16124f4fa3e0e6870c2845213e7d482a2ff3b9f6,2022-08-18,Fusarium-D,1.0,0
sample_01057,data/tom2024_category_a/CATA-English/onion_diseases/Fusarium-D/1076624311_1660826554934.jpg,tom_timestamp:1660826554934,1fd26dec9edb62ad71d35fc46969270118f1bf4590f9ed8677968a2778a0618a,2022-08-18,Fusarium-D,1.0,0
sample_01058,data/tom2024_category_a/CATA-English/onion_diseases/Fusarium-D/1641178956_1660826648507.jpg,tom_timestamp:1660826648507,bd9522ac005a9b1052ee9027902dff8e15b93d93785c1adc917ce528372d5882,2022-08-18,Fusarium-D,1.0,0
sample_01059,data/tom2024_category_a/CATA-English/onion_diseases/Fusarium-D/589970779_1660826721090.jpg,tom_timestamp:1660826721090,71c0d0b1b3eeee028a4a89fa06dc2b0fd51e78b44e880b2bc1a58b0d9adf20d1,2022-08-18,Fusarium-D,1.0,0
sample_01060,data/tom2024_category_a/CATA-English/onion_diseases/Fusarium-D/1154525424_1660826775125.jpg,tom_timestamp:1660826775125,1ea26026aa9f1771d56e5fdd24a5e2f466d9d78486c4aa668a9538024f444f4f,2022-08-18,Fusarium-D,1.0,0
sample_01061,data/tom2024_category_a/CATA-English/onion_diseases/Fusarium-D/1569329911_1660826861415.jpg,tom_timestamp:1660826861415,e2db2f7685161f5f3cb4172cf10e81086d153dcfcb8a4379946ae681338844b9,2022-08-18,Fusarium-D,1.0,0
sample_01062,data/tom2024_category_a/CATA-English/onion_diseases/Fusarium-D/787359500_1660826935757.jpg,tom_timestamp:1660826935757,08735e10ea538291b5cdef0d56f3ccef77ce9f64cb0dec4b7d2377c595f39945,2022-08-18,Fusarium-D,1.0,0
sample_01063,data/tom2024_category_a/CATA-English/onion_diseases/Alternaria_D/296186305_1660827006161.jpg,tom_timestamp:1660827006161,bbd790dee68f225d112cb1744d34f32ca7b6799c14f9e0447b3bea8819399285,2022-08-18,Alternaria_D,1.0,0
sample_01064,data/tom2024_category_a/CATA-English/onion_diseases/Alternaria_D/1401955865_1660827126214.jpg,tom_timestamp:1660827126214,c729d3e0ec12f1d932e79a50eaf7cac7b3f8d2b9a9266d0c8bedd00acb3231b4,2022-08-18,Alternaria_D,1.0,0
sample_01065,data/tom2024_category_a/CATA-English/onion_diseases/Fusarium-D/607049342_1660827205684.jpg,tom_timestamp:1660827205684,2223394c250c47b4edac6d8eedaf0d8e330898fe338cb37611c98b81fbed2ccf,2022-08-18,Fusarium-D,1.0,0
sample_01066,data/tom2024_category_a/CATA-English/onion_diseases/Fusarium-D/2063854567_1660827297597.jpg,tom_timestamp:1660827297597,d48cf81cd4eb468c281705c9b8177ac6e4bc336e7e41d19626b0801f2d25b3d0,2022-08-18,Fusarium-D,1.0,0
sample_01067,data/tom2024_category_a/CATA-English/onion_diseases/Fusarium-D/144358417_1660827944211.jpg,tom_timestamp:1660827944211,1e4ce0937bc3b73a7c2d297dc7cc8a93be859db37f8e51f8428198fc73bc3cd2,2022-08-18,Fusarium-D,1.0,0
sample_01068,data/tom2024_category_a/CATA-English/onion_diseases/Fusarium-D/1217126044_1660828040914.jpg,tom_timestamp:1660828040914,b6f6c58b93e17822ff7b0bc8e142b6dfa6fce1582f47248350ff3dd2baf719fc,2022-08-18,Fusarium-D,1.0,0
sample_01069,data/tom2024_category_a/CATA-English/onion_diseases/Fusarium-D/118318080_1660828504304.jpg,tom_timestamp:1660828504304,f1922be64669e13c16f28f6d7b8518e97201073dd2879dde955f13729f30a997,2022-08-18,Fusarium-D,1.0,0
sample_01070,data/tom2024_category_a/CATA-English/onion_diseases/Fusarium-D/226195092_1660828572425.jpg,tom_timestamp:1660828572425,b68699b2a99eb49655fe00cff5c63cdf305ae0919d7f7777066dc7afa1a5c382,2022-08-18,Fusarium-D,1.0,0
sample_01071,data/tom2024_category_a/CATA-English/onion_diseases/Fusarium-D/842285086_1660828629536.jpg,tom_timestamp:1660828629536,5f09d8383e607cde59f2f7a83e31cc8361d966f94a665e13ba6bca2bb3e00966,2022-08-18,Fusarium-D,1.0,0
sample_01072,data/tom2024_category_a/CATA-English/onion_diseases/Fusarium-D/1216074170_1660828758931.jpg,tom_timestamp:1660828758931,2cc0d3e04733f8498ec1f77fd6316477284169c1a62f30098b9fa6b78a21f888,2022-08-18,Fusarium-D,1.0,0
sample_01073,data/tom2024_category_a/CATA-English/onion_diseases/Fusarium-D/1518313869_1660828846577.jpg,tom_timestamp:1660828846577,e0aeedcf727db61ee93beda333466c125f24fe78faec16a807186e181e70aa4f,2022-08-18,Fusarium-D,1.0,0
sample_01074,data/tom2024_category_a/CATA-English/onion_diseases/Fusarium-D/2015084368_1660828957254.jpg,tom_timestamp:1660828957254,059c9ecfdc940718458ae57e635d79bfd74e1f6bbefa08e7b16bf32e2d19adbc,2022-08-18,Fusarium-D,1.0,0
sample_01075,data/tom2024_category_a/CATA-English/onion_diseases/Fusarium-D/5908396_1660829313619.jpg,tom_timestamp:1660829313619,f84c8ab96612ef158dcfd2b678c33bea7bf6b556a61e41c2ad79ddff825229d5,2022-08-18,Fusarium-D,1.0,0
sample_01076,data/tom2024_category_a/CATA-English/onion_diseases/Fusarium-D/1273038710_1660829360551.jpg,tom_timestamp:1660829360551,c47c28c9358ab49616780c6c74b7d16aec945645cc9be500d688ed2177f925ac,2022-08-18,Fusarium-D,1.0,0
sample_01077,data/tom2024_category_a/CATA-English/onion_diseases/Fusarium-D/453714816_1660829414964.jpg,tom_timestamp:1660829414964,2a78f87a8418adadd1fcf4f881d579950336c11ea97e0eeff6805276edf2adb3,2022-08-18,Fusarium-D,1.0,0
sample_01078,data/tom2024_category_a/CATA-English/onion_diseases/Fusarium-D/1294598160_1660829472400.jpg,tom_timestamp:1660829472400,b4497e68593f56d4b255f5bff6c110c264cc60320742c21fd5bffd4df282b861,2022-08-18,Fusarium-D,1.0,0
sample_01079,data/tom2024_category_a/CATA-English/onion_diseases/Fusarium-D/1971549480_1660829543157.jpg,tom_timestamp:1660829543157,c24dac736fd63a87682c8a6cb667c9f45034c5cbf83c422dbaef402ca6ec1a0e,2022-08-18,Fusarium-D,1.0,0
sample_01080,data/tom2024_category_a/CATA-English/onion_diseases/Alternaria_D/555578536_1660829843242.jpg,tom_timestamp:1660829843242,52beb85edf68eb56e307d60578ab837159d5991ff1c99277d55b6f11a5c75da9,2022-08-18,Alternaria_D,1.0,0
sample_01081,data/tom2024_category_a/CATA-English/onion_diseases/Alternaria_D/1263128632_1660829903780.jpg,tom_timestamp:1660829903780,5dc8def885d94f9c5a495978abe6de0dbc4cfb430dc2d7568744ceb9d3820426,2022-08-18,Alternaria_D,1.0,0
sample_01082,data/tom2024_category_a/CATA-English/onion_diseases/Fusarium-D/85510027_1660829964570.jpg,tom_timestamp:1660829964570,2b0a0bd8d38d01571c3bbcf078336b0dbd7d2846c3f39094103700fb8cebe6c7,2022-08-18,Fusarium-D,1.0,0
sample_01083,data/tom2024_category_a/CATA-English/onion_diseases/Fusarium-D/1989498795_1660830009646.jpg,tom_timestamp:1660830009646,6fde997030a4d18d9f6b49859ca7fb58c17f1756f89f274f9e40947bd60c7919,2022-08-18,Fusarium-D,1.0,0
sample_01084,data/tom2024_category_a/CATA-English/onion_diseases/Fusarium-D/495626738_1660830067914.jpg,tom_timestamp:1660830067914,4b1fb8aa5cba5a90c73e303b096694b2e6d77b31982de399304fc9dbc66d42e3,2022-08-18,Fusarium-D,1.0,0
sample_01085,data/tom2024_category_a/CATA-English/onion_diseases/Fusarium-D/1452555668_1660830126819.jpg,tom_timestamp:1660830126819,e1557355dbfeb30347647e73eac08aa6d551251c4da9558f26dab503d1ea3674,2022-08-18,Fusarium-D,1.0,0
sample_01086,data/tom2024_category_a/CATA-English/onion_diseases/Fusarium-D/934303271_1660830184700.jpg,tom_timestamp:1660830184700,efa74178f49892dc8e657d5b014ad94fd65eced9b53923305c50ad62bd3b25a4,2022-08-18,Fusarium-D,1.0,0
sample_01087,data/tom2024_category_a/CATA-English/onion_diseases/Fusarium-D/855986170_1660830264179.jpg,tom_timestamp:1660830264179,f0d9c30c5c3a170e0dc557a0260ffa71c13a36c406fa050d31f11fbe83eb81cb,2022-08-18,Fusarium-D,1.0,0
sample_01088,data/tom2024_category_a/CATA-English/onion_diseases/Fusarium-D/311248969_1660830311371.jpg,tom_timestamp:1660830311371,3946c9fb055e8b765c2b13ffcea57aa73025d2ada98b23fd5ffbcb0bf7e23abc,2022-08-18,Fusarium-D,1.0,0
sample_01089,data/tom2024_category_a/CATA-English/onion_diseases/Fusarium-D/1707647632_1660830367243.jpg,tom_timestamp:1660830367243,7ac250ca362e95bce814c5f39b53284d8e659161a4c84a0dcdf6689d0556fddd,2022-08-18,Fusarium-D,1.0,0
sample_01090,data/tom2024_category_a/CATA-English/onion_diseases/Fusarium-D/1401511147_1660830425139.jpg,tom_timestamp:1660830425139,3cabf80f5348e2c5098385c19aece7e040b33e4509a47496025eef8a40282a2f,2022-08-18,Fusarium-D,1.0,0
sample_01091,data/tom2024_category_a/CATA-English/onion_diseases/Fusarium-D/663985152_1660830480177.jpg,tom_timestamp:1660830480177,1e6b11dce1fe341a9712de028c7e99f12293ec0bcdbb82e92f747945eeb5fa74,2022-08-18,Fusarium-D,1.0,0
sample_01092,data/tom2024_category_a/CATA-English/onion_diseases/Fusarium-D/645451736_1660830552000.jpg,tom_timestamp:1660830552000,861166f3aeaa5277d3bb3484d8db263dee596e6a7efaac2a9b0d7d0f074cffc4,2022-08-18,Fusarium-D,1.0,0
sample_01093,data/tom2024_category_a/CATA-English/onion_diseases/Fusarium-D/1292595270_1660830617521.jpg,tom_timestamp:1660830617521,3d5c21ba749c8c1365e124be8ee7f854fdc536ebec66f72274ec2e4fa5d0049d,2022-08-18,Fusarium-D,1.0,0
sample_01094,data/tom2024_category_a/CATA-English/onion_diseases/Alternaria_D/593823365_1660839755886.jpg,tom_timestamp:1660839755886,993b3365552c09a2c572d4b950a6380d09711fdb0f0a39bf6239bbee1ff2d1a6,2022-08-18,Alternaria_D,1.0,0
sample_01095,data/tom2024_category_a/CATA-English/onion_diseases/Alternaria_D/1727945858_1660839941040.jpg,tom_timestamp:1660839941040,a9d924b03e143406afdeeb3de8d9e3d021d1ffabd0dd568e75b70ab96df38210,2022-08-18,Alternaria_D,1.0,0
sample_01096,data/tom2024_category_a/CATA-English/onion_diseases/Alternaria_D/1948387658_1660839997154.jpg,tom_timestamp:1660839997154,56a6d98b138d25c11232304dd517d3727621727cfe49728713ac6423e203e36c,2022-08-18,Alternaria_D,1.0,0
sample_01097,data/tom2024_category_a/CATA-English/onion_diseases/Alternaria_D/1381794059_1660842631230.jpg,tom_timestamp:1660842631230,3582e8d2d8edd7fb7084d5dfdbffafac2f222aab415cc1ec50f2a2cc3d91efec,2022-08-18,Alternaria_D,1.0,0
sample_01098,data/tom2024_category_a/CATA-English/onion_diseases/Alternaria_D/148120442_1660842685264.jpg,tom_timestamp:1660842685264,0fbbb0fed6671f6958a12ecde2da304ae23d0b7b3a154224a37a16e6bbd92a26,2022-08-18,Alternaria_D,1.0,0
sample_01099,data/tom2024_category_a/CATA-English/onion_diseases/Alternaria_D/610395379_1660842771433.jpg,tom_timestamp:1660842771433,e233ba38088faaae9a80b45d5df821d99b2b675fb24dfc2f9800a7c6c02755db,2022-08-18,Alternaria_D,1.0,0
sample_01100,data/tom2024_category_a/CATA-English/onion_diseases/Alternaria_D/147081577_1660842855223.jpg,tom_timestamp:1660842855223,17dd0ca56a51cce110ae9849587702afde9343a3e8e4d4b0a7f00c412ea9cb31,2022-08-18,Alternaria_D,1.0,0
sample_01101,data/tom2024_category_a/CATA-English/onion_diseases/Alternaria_D/2138178897_1660842915614.jpg,tom_timestamp:1660842915614,3c5186092d5af7ef70c7c389c4a109665e094e254c08daba6fcace484f0b0dde,2022-08-18,Alternaria_D,1.0,0
sample_01102,data/tom2024_category_a/CATA-English/onion_diseases/Alternaria_D/1625614365_1660843034539.jpg,tom_timestamp:1660843034539,b44cb825cad239d13ec84b4442fcf42061d1fc56641b8bac3b27a7319e784f3a,2022-08-18,Alternaria_D,1.0,0
sample_01103,data/tom2024_category_a/CATA-English/onion_diseases/Fusarium-D/419968254_1660843102311.jpg,tom_timestamp:1660843102311,1439a5ff0c8724e4048c3333b26e4b40f5278c03ce1e45222bd8664e86dbc9b3,2022-08-18,Fusarium-D,1.0,0
sample_01104,data/tom2024_category_a/CATA-English/onion_diseases/Alternaria_D/1825574356_1660843165978.jpg,tom_timestamp:1660843165978,1aa21041efb189581b34481b556108339fdef1bb9b5542677e3205655cd228c1,2022-08-18,Alternaria_D,1.0,0
sample_01105,data/tom2024_category_a/CATA-English/onion_diseases/Fusarium-D/292064197_1660843222175.jpg,tom_timestamp:1660843222175,8b78da2d23dc7b24b07e4252c5bcc84b173866df79e481b147ddefb01a7ee803,2022-08-18,Fusarium-D,1.0,0
sample_01106,data/tom2024_category_a/CATA-English/onion_diseases/Fusarium-D/1240824553_1660843286031.jpg,tom_timestamp:1660843286031,0cb2f7d7cb93587a94b71ee33983bf60d0c8e30af7bae0b3a8fb19cd222c853d,2022-08-18,Fusarium-D,1.0,0
sample_01107,data/tom2024_category_a/CATA-English/onion_diseases/Alternaria_D/1681540040_1660843364282.jpg,tom_timestamp:1660843364282,85b7769ef5ae003841432ad5b532ba6edcbadcaaf9b9934174612635e6b56e76,2022-08-18,Alternaria_D,1.0,0
sample_01108,data/tom2024_category_a/CATA-English/onion_diseases/Alternaria_D/1564623702_1660843451471.jpg,tom_timestamp:1660843451471,e787b4dbcfa0490e7d0bb14b1939a740dd5ad252c0e9451cfd366ad4e55fb7db,2022-08-18,Alternaria_D,1.0,0
sample_01110,data/tom2024_category_a/CATA-English/onion_diseases/Healthy_leaf/1328952750_1661187058767.jpg,tom_timestamp:1661187058767,32efbb7af57af9b49345ad45c9625e04d95a33101eaa813d3cb1f24cd2da4822,2022-08-22,Healthy_leaf,0.0,4
sample_01111,data/tom2024_category_a/CATA-English/onion_diseases/Healthy_leaf/1202997086_1661187126152.jpg,tom_timestamp:1661187126152,3643e3744f596719014797743b2acc5eb802a4d3d7cbe443aac11bd55947dc8a,2022-08-22,Healthy_leaf,0.0,4
sample_01112,data/tom2024_category_a/CATA-English/onion_diseases/Healthy_leaf/580439036_1661187225970.jpg,tom_timestamp:1661187225970,725f9e54fc271e8c3f4c91657bf9a584dd24d89bc3d4dc6087fe33cdbb7776a9,2022-08-22,Healthy_leaf,0.0,4
sample_01113,data/tom2024_category_a/CATA-English/onion_diseases/Fusarium-D/1437907403_1661187762289.jpg,tom_timestamp:1661187762289,ce77e5556472a8f237d04b9dc3d04315ffe42d4d3cdc342798af47e7802c9c75,2022-08-22,Fusarium-D,1.0,4
sample_01114,data/tom2024_category_a/CATA-English/onion_diseases/Fusarium-D/1538861595_1661187832375.jpg,tom_timestamp:1661187832375,367da2ff8188676ef69a3d1318393c3676e50c13d2d5c7f62edb318c43747a40,2022-08-22,Fusarium-D,1.0,4
sample_01115,data/tom2024_category_a/CATA-English/onion_diseases/Fusarium-D/668002352_1661187903479.jpg,tom_timestamp:1661187903479,8cc86e606031cd211fbbfd3e831932d86010a38e6a882db1641f25e7a985e860,2022-08-22,Fusarium-D,1.0,4
sample_01116,data/tom2024_category_a/CATA-English/onion_diseases/Healthy_leaf/1328991526_1661187977926.jpg,tom_timestamp:1661187977926,c4fa23dc49eac1681965a3367f1b2aa5a7c004a4dc3ead9175dcfb9fb22b77d7,2022-08-22,Healthy_leaf,0.0,4
sample_01117,data/tom2024_category_a/CATA-English/onion_diseases/Healthy_leaf/530604205_1661188187709.jpg,tom_timestamp:1661188187709,f64b62d39a8cea41a8b38621dda1f2a753a411fabebe7e1e6c7fe8e73ba970fb,2022-08-22,Healthy_leaf,0.0,4
sample_01118,data/tom2024_category_a/CATA-English/onion_diseases/Healthy_leaf/652414706_1661240681490.jpg,tom_timestamp:1661240681490,40587b2a0580cbf8f4ca9ff3620bb65cc00df24c1283eec9e89b98869dab848f,2022-08-23,Healthy_leaf,0.0,3
sample_01119,data/tom2024_category_a/CATA-English/onion_diseases/Fusarium-D/823724314_1661241192751.jpg,tom_timestamp:1661241192751,23ccb19824de5297981c3b9ac53f37a9987ade7fcdf3f36e8451d0dd5a46931c,2022-08-23,Fusarium-D,1.0,3
sample_01120,data/tom2024_category_a/CATA-English/onion_diseases/Fusarium-D/109706162_1661241395390.jpg,tom_timestamp:1661241395390,f82be6edd219a0d8efbb097b6cca2fba80905fb6ce95db8f389186721f2ac5ce,2022-08-23,Fusarium-D,1.0,3
sample_01121,data/tom2024_category_a/CATA-English/onion_diseases/Alternaria_D/1537662202_1661273790805.jpg,tom_timestamp:1661273790805,ada64bd76da49d99b5d856b5914dd4f58cf3035f3b60e5f97a165d1ebbbe669e,2022-08-23,Alternaria_D,1.0,3
sample_01122,data/tom2024_category_a/CATA-English/onion_diseases/Alternaria_D/1550182326_1661274001642.jpg,tom_timestamp:1661274001642,01e770cc5b3f52064b94b93761293dcf2fa171130ca14b052feeb36a6b7f5ff6,2022-08-23,Alternaria_D,1.0,3
sample_01123,data/tom2024_category_a/CATA-English/onion_diseases/Healthy_leaf/881179682_1661327895049.jpg,tom_timestamp:1661327895049,5f972df3201529e38e44756fd72990d7b54966147eab75fccfcf333d21f1ecf3,2022-08-24,Healthy_leaf,0.0,4
sample_01124,data/tom2024_category_a/CATA-English/onion_diseases/Healthy_leaf/1871981297_1661327960790.jpg,tom_timestamp:1661327960790,2efa39897389cc0a1585e7f51e7773844d8b1063d3096dee2d3697139fae116b,2022-08-24,Healthy_leaf,0.0,4
sample_01125,data/tom2024_category_a/CATA-English/onion_diseases/Fusarium-D/507455141_1661328216124.jpg,tom_timestamp:1661328216124,b417a03e9c2d5b9d3b0b3ac6bd7429984d740c4bdd0d535c9cfab1e08ac1189d,2022-08-24,Fusarium-D,1.0,4
sample_01126,data/tom2024_category_a/CATA-English/onion_diseases/Healthy_leaf/1109531382_1661328281097.jpg,tom_timestamp:1661328281097,63ea299a47f8051031cc6ac7f8ca997f485fed51bc4b0aa2bb6c624f47bcbec5,2022-08-24,Healthy_leaf,0.0,4
sample_01127,data/tom2024_category_a/CATA-English/onion_diseases/Healthy_leaf/667322266_1661328349711.jpg,tom_timestamp:1661328349711,9a568a7304b25f7414633387e4e98ed2fb3883bc6c9d1b102cf6e4a3575eb876,2022-08-24,Healthy_leaf,0.0,4
sample_01128,data/tom2024_category_a/CATA-English/onion_diseases/Healthy_leaf/2144193312_1661328417232.jpg,tom_timestamp:1661328417232,7f09e35a705e67a6ad031b55ac60ed5794717d80e616c41570b3721b5863f9e1,2022-08-24,Healthy_leaf,0.0,4
sample_01129,data/tom2024_category_a/CATA-English/onion_diseases/Fusarium-D/1166534698_1661328778273.jpg,tom_timestamp:1661328778273,7504e602038ad84774b261865344c9df3583cc40c48dc8930e530dcd7a8a2dd9,2022-08-24,Fusarium-D,1.0,4
sample_01130,data/tom2024_category_a/CATA-English/onion_diseases/Healthy_leaf/1372794632_1661328845940.jpg,tom_timestamp:1661328845940,9abe49b64dd26c7fce16dab762eceeb156dc2596ea83d9ef98160c1879f930fe,2022-08-24,Healthy_leaf,0.0,4
sample_01131,data/tom2024_category_a/CATA-English/onion_diseases/Fusarium-D/1324908194_1661328927177.jpg,tom_timestamp:1661328927177,8f0a80ecb717a0b20fe06f4d26b2b8960467dff9d1759e967cde0c866c561d05,2022-08-24,Fusarium-D,1.0,4
sample_01133,data/tom2024_category_a/CATA-English/onion_diseases/Fusarium-D/726767515_1661329390401.jpg,tom_timestamp:1661329390401,ec2eb475bb77795f41d5132f1cc5c9655bcf59a2ea2da381c9bbbcc4b6f790cd,2022-08-24,Fusarium-D,1.0,4
sample_01134,data/tom2024_category_a/CATA-English/onion_diseases/Healthy_leaf/1645097208_1661329462587.jpg,tom_timestamp:1661329462587,78ef1f45bcf5793fd69785579e6cdd1ee714d7222c8a6d0a69e6a01b9384b73c,2022-08-24,Healthy_leaf,0.0,4
sample_01135,data/tom2024_category_a/CATA-English/onion_diseases/Healthy_leaf/2001443526_1661329535979.jpg,tom_timestamp:1661329535979,bafbc4a5aa431fc25fcbc23b278519a034ae968a7b26b96eb34d8fed2c38234e,2022-08-24,Healthy_leaf,0.0,4
sample_01136,data/tom2024_category_a/CATA-English/onion_diseases/Fusarium-D/93221746_1661329607717.jpg,tom_timestamp:1661329607717,95953e8bdbb217d82c174cb882bf131c2a76de5d59a71ca306dcf9f6dbe05b99,2022-08-24,Fusarium-D,1.0,4
sample_01137,data/tom2024_category_a/CATA-English/onion_diseases/Fusarium-D/105741870_1661329708669.jpg,tom_timestamp:1661329708669,9be91e2c36489360fb97e232ee2014e726f108b35a06a093cdc26a8e466d67c1,2022-08-24,Fusarium-D,1.0,4
sample_01138,data/tom2024_category_a/CATA-English/onion_diseases/Fusarium-D/752262527_1661329775417.jpg,tom_timestamp:1661329775417,c3765238d256de737397c0069031ade1132bc4e16450875e20069ca274a49b11,2022-08-24,Fusarium-D,1.0,4
sample_01139,data/tom2024_category_a/CATA-English/onion_diseases/Healthy_leaf/308559782_1661329842654.jpg,tom_timestamp:1661329842654,81b040514e69a84645b0283ce3a18297af7b6a3efbd33ed6577f3e4c8baeae65,2022-08-24,Healthy_leaf,0.0,4
sample_01140,data/tom2024_category_a/CATA-English/onion_diseases/Fusarium-D/1332402106_1661329970784.jpg,tom_timestamp:1661329970784,16d4f47517c063f5ae379e43ef1e1456f8b92d0eb499550dd8f4bfbd709435c9,2022-08-24,Fusarium-D,1.0,4
sample_01142,data/tom2024_category_a/CATA-English/onion_diseases/Fusarium-D/846203338_1661330024259.jpg,tom_timestamp:1661330024259,a313c05cdeec304349a112fbfd5389fbac86f9203fce0cc89487d487c78c1dd1,2022-08-24,Fusarium-D,1.0,4
sample_01143,data/tom2024_category_a/CATA-English/onion_diseases/Fusarium-D/840812923_1661330294286.jpg,tom_timestamp:1661330294286,9300e2b6bb3e0822088927552f6cf12e50124007cc05f7f3c1c99f580f8d65a2,2022-08-24,Fusarium-D,1.0,4
sample_01144,data/tom2024_category_a/CATA-English/onion_diseases/Healthy_leaf/1858148415_1661330379928.jpg,tom_timestamp:1661330379928,ec95f0f8fccda1f605a8166f8a89f9f5cc6da70bba21837d5f75fc09cd03cd9a,2022-08-24,Healthy_leaf,0.0,4
sample_01145,data/tom2024_category_a/CATA-English/onion_diseases/Fusarium-D/934330320_1661424354776.jpg,tom_timestamp:1661424354776,29a77eedfc7b5d7959479fcc0bcc5794d0310cdd9ec5da9bf18cfb06f66ff44e,2022-08-25,Fusarium-D,1.0,2
sample_01146,data/tom2024_category_a/CATA-English/onion_diseases/Fusarium-D/612063576_1661424458432.jpg,tom_timestamp:1661424458432,2414e7cd2f52b9d2851e83db4a8324253f0e1fd5406f7556e337d95461f1f937,2022-08-25,Fusarium-D,1.0,2
sample_01147,data/tom2024_category_a/CATA-English/onion_diseases/Fusarium-D/980930018_1661424538794.jpg,tom_timestamp:1661424538794,b89fb6ecd1be639edb8f5fedab17174ca535ba59294c462d8b4d30036e360efd,2022-08-25,Fusarium-D,1.0,2
sample_01148,data/tom2024_category_a/CATA-English/onion_diseases/Fusarium-D/397712620_1661424718966.jpg,tom_timestamp:1661424718966,3c2e1849186c44a5531385a1a1cbfe902302729f3fab88c658331da3d10c2c25,2022-08-25,Fusarium-D,1.0,2
sample_01149,data/tom2024_category_a/CATA-English/onion_diseases/Fusarium-D/1349044246_1661424837948.jpg,tom_timestamp:1661424837948,6fc1cb97bd432b8e6331cf0a2b85e0a544ce958931c61b6fbb53c3a541549db6,2022-08-25,Fusarium-D,1.0,2
sample_01150,data/tom2024_category_a/CATA-English/onion_diseases/Fusarium-D/35521123_1661425085955.jpg,tom_timestamp:1661425085955,080c5ef51d84ec9428a63c161fdafb1a5ad6cc2504f329472c8c58a36821ca4a,2022-08-25,Fusarium-D,1.0,2
sample_01151,data/tom2024_category_a/CATA-English/onion_diseases/Fusarium-D/1333082100_1661425146099.jpg,tom_timestamp:1661425146099,69ec5f745d3515b62d5c4925c4f322bae815c674332e6e10c51fef8e42f0c3be,2022-08-25,Fusarium-D,1.0,2
sample_01152,data/tom2024_category_a/CATA-English/onion_diseases/Alternaria_D/277809024_1661425513891.jpg,tom_timestamp:1661425513891,9a6f3465fed97910df831f62164cef94cb1e5855760b9c5f810dc08914c0bd51,2022-08-25,Alternaria_D,1.0,2
sample_01153,data/tom2024_category_a/CATA-English/onion_diseases/Fusarium-D/1011438233_1661425615938.jpg,tom_timestamp:1661425615938,cf425afff544490085d1afa0e8e0a1a6f06a291ac991eabffd1f2ce2a5bbfcff,2022-08-25,Fusarium-D,1.0,2
sample_01154,data/tom2024_category_a/CATA-English/onion_diseases/Fusarium-D/445325165_1661428703961.jpg,tom_timestamp:1661428703961,3093bea543bf094526f8708139bdbfc3cf08460e7279e5b8cbc66dd7427ebf13,2022-08-25,Fusarium-D,1.0,2
sample_01155,data/tom2024_category_a/CATA-English/onion_diseases/Fusarium-D/86237254_1661428765132.jpg,tom_timestamp:1661428765132,d21050e560fd395202f8b7441f392df123d710bafb11a8220f1d14a69508446a,2022-08-25,Fusarium-D,1.0,2
sample_01156,data/tom2024_category_a/CATA-English/onion_diseases/Fusarium-D/592333730_1661428824266.jpg,tom_timestamp:1661428824266,a376bcdb73063d021155ccc3c450701907d4c8f7ce257d67cc6b59c720ac7e1e,2022-08-25,Fusarium-D,1.0,2
sample_01157,data/tom2024_category_a/CATA-English/onion_diseases/Fusarium-D/730225417_1661428873705.jpg,tom_timestamp:1661428873705,86b9e4f78029aa7ecdd684cb5dc23596807de5168098aa55f42d245b91db97ac,2022-08-25,Fusarium-D,1.0,2
sample_01158,data/tom2024_category_a/CATA-English/onion_diseases/Fusarium-D/60651681_1661428978857.jpg,tom_timestamp:1661428978857,a1f20defb147745d9ec0690ae210ce69578a1466e2576c1e9f96fad22646383a,2022-08-25,Fusarium-D,1.0,2
sample_01159,data/tom2024_category_a/CATA-English/onion_diseases/Fusarium-D/512809651_1661429081835.jpg,tom_timestamp:1661429081835,99c863e87aaf588e9fe497299737a30c37e2fcb4ac26bff63e35511612e0f4b6,2022-08-25,Fusarium-D,1.0,2
sample_01160,data/tom2024_category_a/CATA-English/onion_diseases/Fusarium-D/2086699327_1661429161073.jpg,tom_timestamp:1661429161073,6677396e1158b96a6076ff2f90221b40c43cdc99ec76f2bbe7f37a02fee69966,2022-08-25,Fusarium-D,1.0,2
sample_01161,data/tom2024_category_a/CATA-English/onion_diseases/Fusarium-D/1632592964_1661429292712.jpg,tom_timestamp:1661429292712,c6fe5a29010513dc10605097ac1c11ddb927c4b12c6ebb16fc767954798de0fa,2022-08-25,Fusarium-D,1.0,2
sample_01162,data/tom2024_category_a/CATA-English/onion_diseases/Fusarium-D/1829526921_1661429373430.jpg,tom_timestamp:1661429373430,9fc5cb00695ecdc993a9e1f7188024f525435c4c8bd1017334a09cf84acdd94a,2022-08-25,Fusarium-D,1.0,2
sample_01163,data/tom2024_category_a/CATA-English/onion_diseases/Healthy_leaf/1872477708_1661429638424.jpg,tom_timestamp:1661429638424,0de18db81930765fc2d072f1c81a9d1c0363f2c44a3b83ae76d00343224cd416,2022-08-25,Healthy_leaf,0.0,2
sample_01164,data/tom2024_category_a/CATA-English/onion_diseases/Fusarium-D/1430268592_1661429771947.jpg,tom_timestamp:1661429771947,7fc324dd09fc49c7d3e7ccf79d632f30350a5e3f9cec26795943dc074cd7750c,2022-08-25,Fusarium-D,1.0,2
sample_01165,data/tom2024_category_a/CATA-English/onion_diseases/Fusarium-D/460858314_1661429815980.jpg,tom_timestamp:1661429815980,2d7268f13ee9c3d00dc8dac7384949e6ac3996011ce6ceaf5a9241051d410cc5,2022-08-25,Fusarium-D,1.0,2
sample_01166,data/tom2024_category_a/CATA-English/onion_diseases/Fusarium-D/1840385303_1661429864225.jpg,tom_timestamp:1661429864225,5620904fdca4a2a91137341a8c3508a1a20eb257d15548604032e719175a7919,2022-08-25,Fusarium-D,1.0,2
sample_01167,data/tom2024_category_a/CATA-English/onion_diseases/Fusarium-D/1266791332_1661429915874.jpg,tom_timestamp:1661429915874,e52818929533847fa830003b427880980ce0b7d1234e95d101a7fa673ac21e75,2022-08-25,Fusarium-D,1.0,2
sample_01168,data/tom2024_category_a/CATA-English/onion_diseases/Fusarium-D/1398176187_1661429985021.jpg,tom_timestamp:1661429985021,5e049a2095de17e1ceeb7eb11215d1d6e23b2893e5ceab48e8a8d454c5b12a6b,2022-08-25,Fusarium-D,1.0,2
sample_01169,data/tom2024_category_a/CATA-English/onion_diseases/Fusarium-D/1986406788_1661430037568.jpg,tom_timestamp:1661430037568,245560a754c829e0d92d3f9ed93483e698f1985dcb7333ea087a25b89417802c,2022-08-25,Fusarium-D,1.0,2
sample_01170,data/tom2024_category_a/CATA-English/onion_diseases/Fusarium-D/1384785311_1661430106882.jpg,tom_timestamp:1661430106882,8dbd019b624c3d578f99e63c8159fec1d671783e292ec16d04fd5f427bf11c46,2022-08-25,Fusarium-D,1.0,2
sample_01171,data/tom2024_category_a/CATA-English/onion_diseases/Fusarium-D/909574262_1661430197477.jpg,tom_timestamp:1661430197477,597cedbb3464e83d379690f1634ac4ee655d3bb51278fe386a3b04f9fcd3b3b8,2022-08-25,Fusarium-D,1.0,2
sample_01172,data/tom2024_category_a/CATA-English/onion_diseases/Fusarium-D/788138261_1661430261309.jpg,tom_timestamp:1661430261309,9f0566e3fc020f112fe94b884a1b7934d2c19f9164e1b03aad8b1c21091db944,2022-08-25,Fusarium-D,1.0,2
sample_01173,data/tom2024_category_a/CATA-English/onion_diseases/Fusarium-D/596346844_1661430317510.jpg,tom_timestamp:1661430317510,c05736f9656e4f827017c2c046a93b71b84c1a57df7ac311717054fc8b1f5316,2022-08-25,Fusarium-D,1.0,2
sample_01174,data/tom2024_category_a/CATA-English/onion_diseases/Fusarium-D/827192262_1661430443266.jpg,tom_timestamp:1661430443266,b75d1aefff8c20a2c377e0980c8f2cdeda98798e2c11de606d169dfbb82f4637,2022-08-25,Fusarium-D,1.0,2
sample_01175,data/tom2024_category_a/CATA-English/onion_diseases/Fusarium-D/14791188_1661430507714.jpg,tom_timestamp:1661430507714,4e5e7321e9b91066d12fa343282f48f0bab237560da687ff4abdb4d5729fea63,2022-08-25,Fusarium-D,1.0,2
sample_01176,data/tom2024_category_a/CATA-English/onion_diseases/Healthy_leaf/190327882_1661440657280.jpg,tom_timestamp:1661440657280,3da6fba2f7c5760bcc665851f9abb7272891106f9252109320c082dc29684d9a,2022-08-25,Healthy_leaf,0.0,2
sample_01177,data/tom2024_category_a/CATA-English/onion_diseases/Healthy_leaf/1148750441_1661440743604.jpg,tom_timestamp:1661440743604,f4ce02348dd70bc82b87b31cdd85e6d1669376b093a9cfc5dda1095bceaeb27c,2022-08-25,Healthy_leaf,0.0,2
sample_01178,data/tom2024_category_a/CATA-English/onion_diseases/Healthy_leaf/1191078351_1661440867963.jpg,tom_timestamp:1661440867963,e1dd7d3fc22a057a6ad89098a8e38b726087fd7fcb4cedc5aadea2bca744a24e,2022-08-25,Healthy_leaf,0.0,2
sample_01179,data/tom2024_category_a/CATA-English/onion_diseases/Healthy_leaf/371754457_1661440954114.jpg,tom_timestamp:1661440954114,17f187fb66f741f24203a032636d61adb40decc88eb2b90ff3daeb2bf37059b7,2022-08-25,Healthy_leaf,0.0,2
sample_01180,data/tom2024_category_a/CATA-English/onion_diseases/Healthy_leaf/887967900_1661441037570.jpg,tom_timestamp:1661441037570,28c12c54ce012b5e536b3045a6ab967fcbc8d656e157f0fccd02d4eebee4a9ee,2022-08-25,Healthy_leaf,0.0,2
sample_01181,data/tom2024_category_a/CATA-English/onion_diseases/Healthy_leaf/1448002882_1661441115667.jpg,tom_timestamp:1661441115667,986246a875eb41a63489d9a55200f7fd089b9cbad2b14e7530920580af852bc7,2022-08-25,Healthy_leaf,0.0,2
sample_01182,data/tom2024_category_a/CATA-English/onion_diseases/Fusarium-D/477318622_1661501039121.jpg,tom_timestamp:1661501039121,331cc6dcceb853eba3b34fa8550072a000ae2ac7a7c70df07c8b040f3eedae21,2022-08-26,Fusarium-D,1.0,2
sample_01183,data/tom2024_category_a/CATA-English/onion_diseases/Fusarium-D/901449086_1661501184501.jpg,tom_timestamp:1661501184501,7584bf64171135ea591ac0c8e5845a2476fc2e4b66d28d5bcba95cb0246260ba,2022-08-26,Fusarium-D,1.0,2
sample_01184,data/tom2024_category_a/CATA-English/onion_diseases/Fusarium-D/426406150_1661501335377.jpg,tom_timestamp:1661501335377,5814a131b099f3987b8e9d7baaca0f66365a8c3f2c1874758d573c9e52bae49d,2022-08-26,Fusarium-D,1.0,2
sample_01185,data/tom2024_category_a/CATA-English/onion_diseases/Fusarium-D/332997655_1661501461983.jpg,tom_timestamp:1661501461983,40650b6dde11f4e374e6000aa58dee4cd6bae76d2cafd6c166dbdb2e77922175,2022-08-26,Fusarium-D,1.0,2
sample_01186,data/tom2024_category_a/CATA-English/onion_diseases/Fusarium-D/1152944426_1661501567614.jpg,tom_timestamp:1661501567614,e810a8de34133aea0ca168a6a786a1ebbdefa2d9e96efb70e4f1a4e3219b9989,2022-08-26,Fusarium-D,1.0,2
sample_01187,data/tom2024_category_a/CATA-English/onion_diseases/Fusarium-D/1860326409_1661501654937.jpg,tom_timestamp:1661501654937,3beafacfbf284b8e3b9d5ac9edb28bcb0da3448df7d180d2f9b8549437aa6453,2022-08-26,Fusarium-D,1.0,2
sample_01188,data/tom2024_category_a/CATA-English/onion_diseases/Healthy_leaf/144518923_1661501721476.jpg,tom_timestamp:1661501721476,0ef8b96a4230dfdbc23ff355991b08f280389b2326862bf3e958b4c0e21866e1,2022-08-26,Healthy_leaf,0.0,2
sample_01189,data/tom2024_category_a/CATA-English/onion_diseases/Fusarium-D/780219974_1661501787926.jpg,tom_timestamp:1661501787926,71b0477e60732bbfce1616dff28f1cf766e3609c449585df15cd692ee2824216,2022-08-26,Fusarium-D,1.0,2
sample_01190,data/tom2024_category_a/CATA-English/onion_diseases/Fusarium-D/2066170355_1661501998696.jpg,tom_timestamp:1661501998696,ce7d1fe6bc80d655c649e92e1fb00a255645d4b7aed66f65730d6765bb16e0a1,2022-08-26,Fusarium-D,1.0,2
sample_01191,data/tom2024_category_a/CATA-English/onion_diseases/Fusarium-D/1605141172_1661502077802.jpg,tom_timestamp:1661502077802,fad64584e1e6ae22acee6de3fb1a66ce9398eb5aa0f95afea3afca0172f85db4,2022-08-26,Fusarium-D,1.0,2
sample_01192,data/tom2024_category_a/CATA-English/onion_diseases/Healthy_leaf/549245219_1661502229652.jpg,tom_timestamp:1661502229652,e4fa816e700b53600ab23035e96febfe7e85d054048c60190816b5d84677b94e,2022-08-26,Healthy_leaf,0.0,2
sample_01193,data/tom2024_category_a/CATA-English/onion_diseases/Fusarium-D/2137771525_1661502376280.jpg,tom_timestamp:1661502376280,88bc15710ebcd1606d05b00d48f4b4fc8eb597271fbfa8ed86a9560d64e65abe,2022-08-26,Fusarium-D,1.0,2
sample_01194,data/tom2024_category_a/CATA-English/onion_diseases/Healthy_leaf/543231927_1661502444950.jpg,tom_timestamp:1661502444950,b41e4735f6954ed7455647d55445c65aeac70927fa0f6d5dec0e26be6e3234a9,2022-08-26,Healthy_leaf,0.0,2
sample_01195,data/tom2024_category_a/CATA-English/onion_diseases/Fusarium-D/101190924_1661502528331.jpg,tom_timestamp:1661502528331,7f6b563174ec27b9da718caa43322b98c8f9af5574c5f2e35f68bacdf44306b2,2022-08-26,Fusarium-D,1.0,2
sample_01196,data/tom2024_category_a/CATA-English/onion_diseases/Fusarium-D/382494050_1661502587517.jpg,tom_timestamp:1661502587517,27a0f6d0440a8cbfa0ffe5de29ba7034a731d4246e8190f71487137e22b75c36,2022-08-26,Fusarium-D,1.0,2
sample_01197,data/tom2024_category_a/CATA-English/onion_diseases/Fusarium-D/469434489_1661502669053.jpg,tom_timestamp:1661502669053,3b95980ef64ddee39954df2b7fd8a2e5ba6f9c057df317c3f7006068a2b7ed97,2022-08-26,Fusarium-D,1.0,2
sample_01198,data/tom2024_category_a/CATA-English/onion_diseases/Healthy_leaf/258941543_1661502740996.jpg,tom_timestamp:1661502740996,70525da2761e67ee4d29d2090e2b37ad68a95898dbf79746f0f6ea3b1756fd6f,2022-08-26,Healthy_leaf,0.0,2
sample_01199,data/tom2024_category_a/CATA-English/onion_diseases/Fusarium-D/1783867140_1661502803598.jpg,tom_timestamp:1661502803598,18d54c8b7f45a420745cdca64207f9c6cffe6c0b1c3f4d1a17b1bc939dbb69a2,2022-08-26,Fusarium-D,1.0,2
sample_01200,data/tom2024_category_a/CATA-English/onion_diseases/Healthy_leaf/885148504_1661502878500.jpg,tom_timestamp:1661502878500,3001c62dd6c609626e905dc800f34b0fc7138daf28384ae198af977a5ac72e58,2022-08-26,Healthy_leaf,0.0,2
sample_01201,data/tom2024_category_a/CATA-English/onion_diseases/Fusarium-D/1450157913_1661502975632.jpg,tom_timestamp:1661502975632,359122e0add8ef9bd277388dd8b16a99545db4896bba2496009711ccfdda74d4,2022-08-26,Fusarium-D,1.0,2
sample_01202,data/tom2024_category_a/CATA-English/onion_diseases/Healthy_leaf/1410336479_1661503109672.jpg,tom_timestamp:1661503109672,4dfa0d212d681fcfb81a1d2a40c28f331495e972aa673a6928dde6840b3caff8,2022-08-26,Healthy_leaf,0.0,2
sample_01203,data/tom2024_category_a/CATA-English/onion_diseases/Healthy_leaf/1058093836_1661503244469.jpg,tom_timestamp:1661503244469,609e171df619bc597d8d1808e3a09544edbe2a11bba83763f29871f5afb85786,2022-08-26,Healthy_leaf,0.0,2
sample_01204,data/tom2024_category_a/CATA-English/onion_diseases/Healthy_leaf/1535292054_1661505209990.jpg,tom_timestamp:1661505209990,1f3d72b29af0ead27dd67184290b76dc5f40fe76a3570da90559f55153f151c1,2022-08-26,Healthy_leaf,0.0,2
sample_01205,data/tom2024_category_a/CATA-English/onion_diseases/Fusarium-D/1863610866_1661505421498.jpg,tom_timestamp:1661505421498,71c689e00f9417f2b9a8e33502d3a6da69527c3dab3e8406d43d1d84de47b0a8,2022-08-26,Fusarium-D,1.0,2
sample_01206,data/tom2024_category_a/CATA-English/onion_diseases/Healthy_leaf/187260360_1661505580748.jpg,tom_timestamp:1661505580748,144b5cb5262be235a3b02a68ee754ceec9a5d250b06b715df3bac7e62af1e7de,2022-08-26,Healthy_leaf,0.0,2
sample_01207,data/tom2024_category_a/CATA-English/onion_diseases/Fusarium-D/126853798_1661505631063.jpg,tom_timestamp:1661505631063,827b17a99ef5a6b3a0aac7a7084d150f3bad7a8ad019ee6c8f59ec97f55a1534,2022-08-26,Fusarium-D,1.0,2
sample_01208,data/tom2024_category_a/CATA-English/onion_diseases/Fusarium-D/1298004347_1661505689449.jpg,tom_timestamp:1661505689449,bb8dc52f268bba452eb15ba619ae40f2d868a6a1fa77800f4cd5daf721910f8e,2022-08-26,Fusarium-D,1.0,2
sample_01209,data/tom2024_category_a/CATA-English/onion_diseases/Healthy_leaf/1679377904_1661505792685.jpg,tom_timestamp:1661505792685,b92d45a0d46ac108ba83ed31eb961c12ba3933d5fa7a2ff6d0fa01be8acf79d8,2022-08-26,Healthy_leaf,0.0,2
sample_01210,data/tom2024_category_a/CATA-English/onion_diseases/Healthy_leaf/183844105_1661505911832.jpg,tom_timestamp:1661505911832,709830606adff5ac09d8af7d57b0586993f903416d6ce00d75019feec3b86810,2022-08-26,Healthy_leaf,0.0,2
sample_01211,data/tom2024_category_a/CATA-English/onion_diseases/Fusarium-D/854327369_1661505972692.jpg,tom_timestamp:1661505972692,9780fa01c57f7715dc740127030956181e7cee76b80b3d09787b39ec47630ee4,2022-08-26,Fusarium-D,1.0,2
sample_01212,data/tom2024_category_a/CATA-English/onion_diseases/Healthy_leaf/679575739_1661506074217.jpg,tom_timestamp:1661506074217,b1790dcf2857ecef12fca199355f434050e8c4b260723a65f0545142f563c966,2022-08-26,Healthy_leaf,0.0,2
sample_01213,data/tom2024_category_a/CATA-English/onion_diseases/Fusarium-D/740470166_1661843887824.jpg,tom_timestamp:1661843887824,cf706df0afba2340b71ea9508c963bb3d807043d8d522916c57d2c1f45272546,2022-08-30,Fusarium-D,1.0,1
sample_01214,data/tom2024_category_a/CATA-English/onion_diseases/Healthy_leaf/1540102990_1661845135277.jpg,tom_timestamp:1661845135277,376d02985fc3d01ef6e51eb9dab34de0a6998bacbcab826b71522275b599ffe6,2022-08-30,Healthy_leaf,0.0,1
sample_01215,data/tom2024_category_a/CATA-English/onion_diseases/Fusarium-D/451373217_1661845343831.jpg,tom_timestamp:1661845343831,c21c6c07e7cdde5f0601581d5e73eb7bad15c68f6024b0450f53faba0fe8e76c,2022-08-30,Fusarium-D,1.0,1
sample_01216,data/tom2024_category_a/CATA-English/onion_diseases/Healthy_leaf/1699970115_1661847505986.jpg,tom_timestamp:1661847505986,8a1be47acc924f63008dab2aa7095a28f008889b398a3e06f88826bfc6cf10e4,2022-08-30,Healthy_leaf,0.0,1
sample_01217,data/tom2024_category_a/CATA-English/onion_diseases/Healthy_leaf/2114774602_1661847586929.jpg,tom_timestamp:1661847586929,16e92775a7a2148ce6df1b6a9f89a9a18ffa4c00e211c30a10b9e6b6a279b4a0,2022-08-30,Healthy_leaf,0.0,1
sample_01218,data/tom2024_category_a/CATA-English/onion_diseases/Healthy_leaf/674841051_1661847854124.jpg,tom_timestamp:1661847854124,98edb788afac05c1a19ac7df600ca76f4ca3a8f3849c5edafb9fa07d31046164,2022-08-30,Healthy_leaf,0.0,1
sample_01219,data/tom2024_category_a/CATA-English/onion_diseases/Healthy_leaf/1014602346_1661847960537.jpg,tom_timestamp:1661847960537,332c16168f0e79ea1b8b3d12a072a2f49e162d9a77e9e113f86276c9e22c4520,2022-08-30,Healthy_leaf,0.0,1
sample_01220,data/tom2024_category_a/CATA-English/onion_diseases/Healthy_leaf/1410705304_1661848665095.jpg,tom_timestamp:1661848665095,09ed22a684a108dcef5d64da662d531758064a352ee1eff12909cab4cc1f7086,2022-08-30,Healthy_leaf,0.0,1
sample_01221,data/tom2024_category_a/CATA-English/onion_diseases/Fusarium-D/1963817466_1661849069451.jpg,tom_timestamp:1661849069451,b960de942d74685c672665e97c45b3575592dcb5278383959573110747ce0b3a,2022-08-30,Fusarium-D,1.0,1
sample_01222,data/tom2024_category_a/CATA-English/onion_diseases/Fusarium-D/938688402_1661850248041.jpg,tom_timestamp:1661850248041,d7f973c653e7650696727d5e013bf30bf79a8e462e430668c40df16a19276d2b,2022-08-30,Fusarium-D,1.0,1
sample_01223,data/tom2024_category_a/CATA-English/onion_diseases/Healthy_leaf/1407263282_1661850438764.jpg,tom_timestamp:1661850438764,d1a8fe7db7714fcf897828801e874a526b700a02d51941a4b061b2196af95dd5,2022-08-30,Healthy_leaf,0.0,1
sample_01224,data/tom2024_category_a/CATA-English/onion_diseases/Fusarium-D/1053942998_1661850815533.jpg,tom_timestamp:1661850815533,7d21a32bf04e1a9bdf0206cd39667de4b5282352abf99b32f46328b3506c085a,2022-08-30,Fusarium-D,1.0,1
sample_01225,data/tom2024_category_a/CATA-English/onion_diseases/Fusarium-D/1260371045_1661851340266.jpg,tom_timestamp:1661851340266,2185b3417307e508baf29cb282013470effe6cb81f4006e6435042bdabe2f7f6,2022-08-30,Fusarium-D,1.0,1
sample_01226,data/tom2024_category_a/CATA-English/onion_diseases/Fusarium-D/949092020_1661851685774.jpg,tom_timestamp:1661851685774,1c71812b0422236819b034deaddfbc6e374faae06ee9603b251b8cb648bc96ac,2022-08-30,Fusarium-D,1.0,1
sample_01227,data/tom2024_category_a/CATA-English/onion_diseases/Healthy_leaf/1089970965_1661851785233.jpg,tom_timestamp:1661851785233,1ea2b7735cf9f4fca0cf4f0fa3339bbb7dd229830e53162a9394ac7131cca4ea,2022-08-30,Healthy_leaf,0.0,1
sample_01228,data/tom2024_category_a/CATA-English/onion_diseases/Fusarium-D/438059893_1661852281481.jpg,tom_timestamp:1661852281481,ea4ea8d21eb490a2b8361110bb24b318685dc5da0e1f63347be6d288a3de8619,2022-08-30,Fusarium-D,1.0,1
sample_01229,data/tom2024_category_a/CATA-English/onion_diseases/Fusarium-D/981677965_1661852348307.jpg,tom_timestamp:1661852348307,e1e16a90dd571aab12e2ff45ecf0fe5aac489d9644f468ef0bcfa03d42951ce5,2022-08-30,Fusarium-D,1.0,1
sample_01232,data/tom2024_category_a/CATA-English/onion_diseases/Fusarium-D/37307935_1661852542064.jpg,tom_timestamp:1661852542064,758d56cdca754e9be7dcd700338cecc63693c9d371704807d066b04c60050a54,2022-08-30,Fusarium-D,1.0,1
sample_01233,data/tom2024_category_a/CATA-English/onion_diseases/Healthy_leaf/1651122364_1661852584053.jpg,tom_timestamp:1661852584053,7de9bd9885e940102b6ec3f7abba5c1c0c5421b296e4dbb085f5c7062056fefb,2022-08-30,Healthy_leaf,0.0,1
sample_01235,data/tom2024_category_a/CATA-English/onion_diseases/Virosis-D/1905475625_1661852802099.jpg,tom_timestamp:1661852802099,2e00c8e2ef459dc58e5b93620e65e2fa1048d1c2cb9c27c82ea481d7e75d1122,2022-08-30,Virosis-D,1.0,1
sample_01236,data/tom2024_category_a/CATA-English/onion_diseases/Fusarium-D/1322842328_1661852924987.jpg,tom_timestamp:1661852924987,cb7fad033c1bcee3d68de81520eb089a962598492bd988a5a2591690caa0dd18,2022-08-30,Fusarium-D,1.0,1
sample_01239,data/tom2024_category_a/CATA-English/onion_diseases/Fusarium-D/1079099574_1661853317328.jpg,tom_timestamp:1661853317328,5442013897835264b829222081c809f84eea3bc6e73e8509df2ef0a0bf28e73c,2022-08-30,Fusarium-D,1.0,1
sample_01241,data/tom2024_category_a/CATA-English/onion_diseases/Fusarium-D/2132917797_1661853576898.jpg,tom_timestamp:1661853576898,1f829a810975fdceb91d4887a675073714c1be313c8506a4ce3dd26159b948e1,2022-08-30,Fusarium-D,1.0,1
sample_01243,data/tom2024_category_a/CATA-English/onion_diseases/Fusarium-D/777262854_1661853977070.jpg,tom_timestamp:1661853977070,09512a83e03d2f85bb04df536b6e7a9670daf0ca3048a9ca1f9a746b3ac82aef,2022-08-30,Fusarium-D,1.0,1
sample_01244,data/tom2024_category_a/CATA-English/onion_diseases/Fusarium-D/817355720_1661854104721.jpg,tom_timestamp:1661854104721,fbe6187df7f2702fbf2602857621073518cb37556bd7ba824349f58cd6b3dbd1,2022-08-30,Fusarium-D,1.0,1
sample_01246,data/tom2024_category_a/CATA-English/onion_diseases/Fusarium-D/124728905_1661854346621.jpg,tom_timestamp:1661854346621,f9d5bebfb772f29501bfb26a57cbdb3ab72d6ab2befe5890f8473d2ce06c3b60,2022-08-30,Fusarium-D,1.0,1
sample_01247,data/tom2024_category_a/CATA-English/onion_diseases/Fusarium-D/1766570840_1661854432746.jpg,tom_timestamp:1661854432746,a4b5e96b9ff1883eec9f36621f27bb32e36085e038f17390c93199d72a83edad,2022-08-30,Fusarium-D,1.0,1
sample_01248,data/tom2024_category_a/CATA-English/onion_diseases/Fusarium-D/62828714_1661854460547.jpg,tom_timestamp:1661854460547,53d8e1696c323b77bb55f661bfb9f83cfaa2f94fc77904a66c001548f4173f03,2022-08-30,Fusarium-D,1.0,1
sample_01249,data/tom2024_category_a/CATA-English/onion_diseases/Fusarium-D/1110140105_1661854483477.jpg,tom_timestamp:1661854483477,1d42c974e73e1fd60306043d84b8cb970e842afc46b28f2f230dc400713d034e,2022-08-30,Fusarium-D,1.0,1
sample_01250,data/tom2024_category_a/CATA-English/onion_diseases/Fusarium-D/239735626_1661854548187.jpg,tom_timestamp:1661854548187,890bbe763843f97367a3ae6266e0f36754c48722b128a6888d38556622f2f6ef,2022-08-30,Fusarium-D,1.0,1
sample_01251,data/tom2024_category_a/CATA-English/onion_diseases/Fusarium-D/1359518939_1661854624921.jpg,tom_timestamp:1661854624921,3f3361323e2c3e61b0bae6d94e138fade944d80d05215f07cd97e698e7a6e665,2022-08-30,Fusarium-D,1.0,1
sample_01252,data/tom2024_category_a/CATA-English/onion_diseases/Fusarium-D/451138100_1661854765097.jpg,tom_timestamp:1661854765097,7e5f2aa53612482011bdc83d909b11c02aa25785de37d1c0fb06669def8b0610,2022-08-30,Fusarium-D,1.0,1
sample_01256,data/tom2024_category_a/CATA-English/onion_diseases/Fusarium-D/1691227988_1661855107527.jpg,tom_timestamp:1661855107527,c4f82397ef2ff28e471a35e098688a5dd2c5d61a73c93086dded367d5db682b3,2022-08-30,Fusarium-D,1.0,1
sample_01257,data/tom2024_category_a/CATA-English/onion_diseases/Fusarium-D/2040938137_1661855248318.jpg,tom_timestamp:1661855248318,31208bc13a486d63ada4d57ddec06ff3accb056b7e869aaab7e748329be92a98,2022-08-30,Fusarium-D,1.0,1
sample_01258,data/tom2024_category_a/CATA-English/onion_diseases/Fusarium-D/1886668316_1661855306001.jpg,tom_timestamp:1661855306001,8816aee984041a790373ac72a005db4afd715aca6ab328c19d86cd2bb2ae5c55,2022-08-30,Fusarium-D,1.0,1
sample_01259,data/tom2024_category_a/CATA-English/onion_diseases/Fusarium-D/1313074345_1661855345056.jpg,tom_timestamp:1661855345056,910f31d74a4062b7a1bdde52bad1a7ef44e8d9980e548f2daa055033007b9321,2022-08-30,Fusarium-D,1.0,1
sample_01261,data/tom2024_category_a/CATA-English/onion_diseases/Fusarium-D/887282139_1661855516051.jpg,tom_timestamp:1661855516051,3608b7e2327baf5b198c3281e73537bb09eca13269c99fb383c3055eaf08fc01,2022-08-30,Fusarium-D,1.0,1
sample_01263,data/tom2024_category_a/CATA-English/onion_diseases/Fusarium-D/1492384414_1661855702011.jpg,tom_timestamp:1661855702011,dc98732210f3e470b396ed0949da45b1dba6fd7aba93b668098487808456a35b,2022-08-30,Fusarium-D,1.0,1
sample_01264,data/tom2024_category_a/CATA-English/onion_diseases/Fusarium-D/410577461_1661855793814.jpg,tom_timestamp:1661855793814,a3f5b6f9c10b9aa89d534c5677118cdb757404dd26abb8ba489513ad54f7f70d,2022-08-30,Fusarium-D,1.0,1
sample_01265,data/tom2024_category_a/CATA-English/onion_diseases/Fusarium-D/865306701_1661856011894.jpg,tom_timestamp:1661856011894,1704a07d823b4177aa9173c37f89917a07101b2a56446e3a7bbf49c4101adbcf,2022-08-30,Fusarium-D,1.0,1
sample_01266,data/tom2024_category_a/CATA-English/onion_diseases/Virosis-D/1765271091_1661856213224.jpg,tom_timestamp:1661856213224,2d6241cedb8738363816734a2b6a0ba1dcbf03c2e96b24a34cf70db6ba678174,2022-08-30,Virosis-D,1.0,1
sample_01267,data/tom2024_category_a/CATA-English/onion_diseases/Healthy_leaf/1503410909_1661856327297.jpg,tom_timestamp:1661856327297,639ef50a1633274ff3d710135816191641e4a49ee1decd4d26c7a899a684eeea,2022-08-30,Healthy_leaf,0.0,1
sample_01271,data/tom2024_category_a/CATA-English/onion_diseases/Fusarium-D/1962530475_1661857027684.jpg,tom_timestamp:1661857027684,7b264c7ce1d05bb3e3d43576e5b211bfc15adc535436c4fa8ae8e81d9074e369,2022-08-30,Fusarium-D,1.0,1
sample_01273,data/tom2024_category_a/CATA-English/onion_diseases/Healthy_leaf/779521455_1661857455674.jpg,tom_timestamp:1661857455674,4e4ff3328210b74004a248cd6f51710357d2a8033f83018fe97086afc28e1422,2022-08-30,Healthy_leaf,0.0,1
sample_01274,data/tom2024_category_a/CATA-English/onion_diseases/Healthy_leaf/613472925_1661857538751.jpg,tom_timestamp:1661857538751,64b5f3c318c2349b559b29fcac905161ce0170bd2356258c523abe5ba4f0d4d6,2022-08-30,Healthy_leaf,0.0,1
sample_01275,data/tom2024_category_a/CATA-English/onion_diseases/Fusarium-D/1227614526_1661860745655.jpg,tom_timestamp:1661860745655,5374dd170da7231eea33dcdb5ce40370b7b2b616889ec5cc744ad9d96f30a3bb,2022-08-30,Fusarium-D,1.0,1
sample_01276,data/tom2024_category_a/CATA-English/onion_diseases/Fusarium-D/1136609188_1661861207190.jpg,tom_timestamp:1661861207190,0192ce83ed9550d7e08c47bc989ce75f1cff9b634f5a05cc7f967ab84ef04237,2022-08-30,Fusarium-D,1.0,1
sample_01277,data/tom2024_category_a/CATA-English/onion_diseases/Fusarium-D/1094736042_1661861444256.jpg,tom_timestamp:1661861444256,a9899ff73b64b66dd1aa971b9a234cfab12b7b86df6fa01915e3370689456443,2022-08-30,Fusarium-D,1.0,1
sample_01278,data/tom2024_category_a/CATA-English/onion_diseases/Fusarium-D/411148553_1661862560769.jpg,tom_timestamp:1661862560769,400d4e5775265a9990232f5e9dec3a4fcec4bd4c6e659db7a8ed67154105de2f,2022-08-30,Fusarium-D,1.0,1
sample_01279,data/tom2024_category_a/CATA-English/onion_diseases/Fusarium-D/400618469_1661938733270.jpg,tom_timestamp:1661938733270,ac1453b30ed5f53f37a5203231965015be6450add2bfdd9a5e53a030ec4b2334,2022-08-31,Fusarium-D,1.0,4
sample_01280,data/tom2024_category_a/CATA-English/onion_diseases/Fusarium-D/1790936836_1661942419193.jpg,tom_timestamp:1661942419193,335d33753b6d18a7e9a244dde94e900b4aeec0d537ce652612a725c4f3eda4fd,2022-08-31,Fusarium-D,1.0,4
sample_01281,data/tom2024_category_a/CATA-English/onion_diseases/Fusarium-D/486739690_1661942748969.jpg,tom_timestamp:1661942748969,522fa860ca3637b0d3a63805ff139f979c626bff899f81a8db957ea406e9437f,2022-08-31,Fusarium-D,1.0,4
sample_01282,data/tom2024_category_a/CATA-English/onion_diseases/Fusarium-D/676750827_1661942964163.jpg,tom_timestamp:1661942964163,ad9a022368d4d56b2e5f958f4c74393d4bbbfdc898e467ac64db9cd3d2b26411,2022-08-31,Fusarium-D,1.0,4
sample_01283,data/tom2024_category_a/CATA-English/onion_diseases/Fusarium-D/887985188_1661943219100.jpg,tom_timestamp:1661943219100,3a0cc5e507d5876f47d2db8767ffdc5f050829b78e3120786707d89fa026f3ed,2022-08-31,Fusarium-D,1.0,4
sample_01284,data/tom2024_category_a/CATA-English/onion_diseases/Fusarium-D/828656267_1661943517419.jpg,tom_timestamp:1661943517419,4bc5852e34015f6891339c39ea20bd7d3e515ddd6f475890a10aa4123f33fca6,2022-08-31,Fusarium-D,1.0,4
sample_01285,data/tom2024_category_a/CATA-English/onion_diseases/Fusarium-D/1412199092_1661943704206.jpg,tom_timestamp:1661943704206,bde9c1e26afc402f181f2f76359cf36c7b4dba06624bd9ba46831a6cac4b6821,2022-08-31,Fusarium-D,1.0,4
sample_01286,data/tom2024_category_a/CATA-English/onion_diseases/Fusarium-D/1325713417_1661943900867.jpg,tom_timestamp:1661943900867,431f20e4af9dbf6b64346b696ff64b497420ec3113b43ce8b36ebdfae929aee1,2022-08-31,Fusarium-D,1.0,4
sample_01287,data/tom2024_category_a/CATA-English/onion_diseases/Fusarium-D/1991222254_1661945376071.jpg,tom_timestamp:1661945376071,84d6a04f8de9ebcd13e6be3f164785765a69eec179c78c3a0f36d0f6ab8915d8,2022-08-31,Fusarium-D,1.0,4
sample_01288,data/tom2024_category_a/CATA-English/onion_diseases/Fusarium-D/1579611914_1661945649079.jpg,tom_timestamp:1661945649079,0c2eebb9726d7ec54976d2365a76467886bd64a01d99231855cf41ec33728185,2022-08-31,Fusarium-D,1.0,4
sample_01289,data/tom2024_category_a/CATA-English/onion_diseases/Fusarium-D/1411160227_1661947551882.jpg,tom_timestamp:1661947551882,cda404a8975ffa065327f52219f0fc354f1e25fe4a2111b603af68a631e0354c,2022-08-31,Fusarium-D,1.0,4
sample_01290,data/tom2024_category_a/CATA-English/onion_diseases/Fusarium-D/1043994303_1661947828102.jpg,tom_timestamp:1661947828102,9f514f81b08cd58ef5100299c9b51902028c6794c47a32f90c146b80a16b1bfd,2022-08-31,Fusarium-D,1.0,4
sample_01291,data/tom2024_category_a/CATA-English/onion_diseases/Fusarium-D/1728036556_1661947898901.jpg,tom_timestamp:1661947898901,efb47dd4b078f9cf3ba175be22c5ff30a8af422cd6414cb46b5da415fd0e4a7e,2022-08-31,Fusarium-D,1.0,4
sample_01292,data/tom2024_category_a/CATA-English/onion_diseases/Fusarium-D/1753947556_1661948022261.jpg,tom_timestamp:1661948022261,f67f27c763296e9b6da15f6e569c9723a62629b478ba9080c7e5a58d530234d0,2022-08-31,Fusarium-D,1.0,4
sample_01293,data/tom2024_category_a/CATA-English/onion_diseases/Healthy_leaf/1933880502_1661948702778.jpg,tom_timestamp:1661948702778,8e6281724c8f46608f9c04119111e5c1344a6b2ca434b26e03f22e2cb93a5334,2022-08-31,Healthy_leaf,0.0,4
sample_01294,data/tom2024_category_a/CATA-English/onion_diseases/Healthy_leaf/520312715_1661948812185.jpg,tom_timestamp:1661948812185,37fa398473563d636ece65b9f51c9875f20c845725fcc63e45a6dbe17689934e,2022-08-31,Healthy_leaf,0.0,4
sample_01295,data/tom2024_category_a/CATA-English/onion_diseases/Healthy_leaf/1197925688_1661948968235.jpg,tom_timestamp:1661948968235,29bec9fbeba7d7551678c91146bce490ecf96c585b4d4b6042c123e134cc261c,2022-08-31,Healthy_leaf,0.0,4
sample_01296,data/tom2024_category_a/CATA-English/onion_diseases/Fusarium-D/2113110307_1662018480578.jpg,tom_timestamp:1662018480578,06399f01b6bbd516e8949092f84467300f7318bff276eb14c4b5eb1868b556c4,2022-09-01,Fusarium-D,1.0,1
sample_01297,data/tom2024_category_a/CATA-English/onion_diseases/Fusarium-D/1128815524_1662018688538.jpg,tom_timestamp:1662018688538,eba1f1b91b9538691b33c372cd3a4397d45c921e3edca31ded29143994833adc,2022-09-01,Fusarium-D,1.0,1
sample_01298,data/tom2024_category_a/CATA-English/onion_diseases/Alternaria_D/773546847_1662019087337.jpg,tom_timestamp:1662019087337,2c0c2e9f944f4fd8c800bc146973fb25cbf519d7504ff5fb545d8a9b0976f5ee,2022-09-01,Alternaria_D,1.0,1
sample_01299,data/tom2024_category_a/CATA-English/onion_diseases/Fusarium-D/1392039998_1662019272201.jpg,tom_timestamp:1662019272201,54c547e13e815c187d4d748f53e5c5052ee67f6d654bf4b2516ebda15fe2dbe6,2022-09-01,Fusarium-D,1.0,1
sample_01300,data/tom2024_category_a/CATA-English/onion_diseases/Fusarium-D/1557543203_1662019642451.jpg,tom_timestamp:1662019642451,4dcd6b2a691834d98fe0631c57693b0cd38e4929d88720d31c7f61f01ede3b3a,2022-09-01,Fusarium-D,1.0,1
sample_01301,data/tom2024_category_a/CATA-English/onion_diseases/Fusarium-D/1037887738_1662019691000.jpg,tom_timestamp:1662019691000,0f2988a38cea700f51675d9176c8ef80dfe3f9808e8d49a21cd7e65e293f9873,2022-09-01,Fusarium-D,1.0,1
sample_01302,data/tom2024_category_a/CATA-English/onion_diseases/Fusarium-D/2067120477_1662020493995.jpg,tom_timestamp:1662020493995,eab69730ddd088338b607fbbc8589942018f2dca5cdc8c8d00ad5f3ee2233f27,2022-09-01,Fusarium-D,1.0,1
sample_01303,data/tom2024_category_a/CATA-English/onion_diseases/Fusarium-D/322830721_1662020758592.jpg,tom_timestamp:1662020758592,5530a2cc41c6d42f704322aa1c6fde63e2605db39f9c75794007876511face63,2022-09-01,Fusarium-D,1.0,1
sample_01304,data/tom2024_category_a/CATA-English/onion_diseases/Fusarium-D/1906382600_1662021022340.jpg,tom_timestamp:1662021022340,bb77a4ab59adde93bb41b5e1408512be82bad51eec28b24d89630cff820f57ba,2022-09-01,Fusarium-D,1.0,1
sample_01305,data/tom2024_category_a/CATA-English/onion_diseases/Healthy_leaf/1031003694_1662021272571.jpg,tom_timestamp:1662021272571,d658dd3ba759174ca7d0eef60ceb8f0591a3d7a062ceb8a451a66db378a473c0,2022-09-01,Healthy_leaf,0.0,1
sample_01306,data/tom2024_category_a/CATA-English/onion_diseases/Fusarium-D/1468109046_1662022001647.jpg,tom_timestamp:1662022001647,d48e8a33b0d3c437fcf45bd62502516ef7218d13a5b1c08ec148c029ea1c7067,2022-09-01,Fusarium-D,1.0,1
sample_01307,data/tom2024_category_a/CATA-English/onion_diseases/Fusarium-D/416900869_1662022095519.jpg,tom_timestamp:1662022095519,7de43ea73ca60d10708218634e0cc8cd4305b778609eef1769625d669a085245,2022-09-01,Fusarium-D,1.0,1
sample_01308,data/tom2024_category_a/CATA-English/onion_diseases/Healthy_leaf/50060372_1662022379734.jpg,tom_timestamp:1662022379734,8f4e31e9125b261aa821f38b86d905f0edf1e73c5acacc959eed0f1771a4cf18,2022-09-01,Healthy_leaf,0.0,1
sample_01309,data/tom2024_category_a/CATA-English/onion_diseases/Fusarium-D/835550357_1662022615375.jpg,tom_timestamp:1662022615375,45e20d95f3a802de7b4d066182cc3a7c71e734e6812010f13ee5c7890b4ae784,2022-09-01,Fusarium-D,1.0,1
sample_01310,data/tom2024_category_a/CATA-English/onion_diseases/Fusarium-D/820081751_1662022693224.jpg,tom_timestamp:1662022693224,80e47e7d250ca7416d533ff36bd633548ef2cca91332b7b77744afc4c40d3116,2022-09-01,Fusarium-D,1.0,1
sample_01311,data/tom2024_category_a/CATA-English/onion_diseases/Fusarium-D/1398818262_1662022810102.jpg,tom_timestamp:1662022810102,158190f273be82347a19917d2684ae22146f8b57d6fffa3bae40c8ca08099196,2022-09-01,Fusarium-D,1.0,1
sample_01312,data/tom2024_category_a/CATA-English/onion_diseases/Fusarium-D/1360257801_1662022931656.jpg,tom_timestamp:1662022931656,40c4fe92ceeb21c68f7279b016a28c7aad9b2d219ee5c9af96c1185dca2df0cc,2022-09-01,Fusarium-D,1.0,1
sample_01313,data/tom2024_category_a/CATA-English/onion_diseases/Fusarium-D/1318216542_1662023132673.jpg,tom_timestamp:1662023132673,812b2b816ece93ae035648fa154bde1a90e2310052ad7dd5727f119aac59347b,2022-09-01,Fusarium-D,1.0,1
sample_01314,data/tom2024_category_a/CATA-English/onion_diseases/Fusarium-D/129155454_1662024302559.jpg,tom_timestamp:1662024302559,8b7759fa6ebedaa81ca1d13528222d7c04508b19fbd84cb0df24d73ffff4edba,2022-09-01,Fusarium-D,1.0,1
sample_01315,data/tom2024_category_a/CATA-English/onion_diseases/Fusarium-D/944582562_1662024395132.jpg,tom_timestamp:1662024395132,f302edffd6784e8b85d13dbb69562025bdff7f967ff62fd67023e6e99aa1ae4a,2022-09-01,Fusarium-D,1.0,1
sample_01316,data/tom2024_category_a/CATA-English/onion_diseases/Fusarium-D/90763106_1662024512686.jpg,tom_timestamp:1662024512686,fc0bed2fcdf6a93ae8addbc4316bd2bd4a201119cab84d3f6bc1a3a7fe6c20af,2022-09-01,Fusarium-D,1.0,1
sample_01317,data/tom2024_category_a/CATA-English/onion_diseases/Fusarium-D/692839347_1662024617630.jpg,tom_timestamp:1662024617630,b19b7c26d6f15486e0543943be87cac3dfb1ae753fba10b88246c30680583481,2022-09-01,Fusarium-D,1.0,1
sample_01318,data/tom2024_category_a/CATA-English/onion_diseases/Fusarium-D/2121785179_1662025093447.jpg,tom_timestamp:1662025093447,c7b97edf4e415f6220fde77cc9dad784f66cad712555648e93fe1abd7c703d2e,2022-09-01,Fusarium-D,1.0,1
sample_01319,data/tom2024_category_a/CATA-English/onion_diseases/Fusarium-D/449967345_1662025168978.jpg,tom_timestamp:1662025168978,1d734f16b6f6068393e63289fb962dad892e1655d5a8a81a2c4d29a81b6f9db8,2022-09-01,Fusarium-D,1.0,1
sample_01320,data/tom2024_category_a/CATA-English/onion_diseases/Fusarium-D/574261267_1662025259315.jpg,tom_timestamp:1662025259315,fb2c8b9f413db0cade1e6cc9530e19f86b38d2bf56c8d2c6b9a77a4085935e91,2022-09-01,Fusarium-D,1.0,1
sample_01321,data/tom2024_category_a/CATA-English/onion_diseases/Fusarium-D/1497110623_1662025337780.jpg,tom_timestamp:1662025337780,9f3f717caf8c4d3e89d6bb05ea4bc81b921a40b2c4332163ce8ce3e7612a3cb9,2022-09-01,Fusarium-D,1.0,1
sample_01322,data/tom2024_category_a/CATA-English/onion_diseases/Fusarium-D/1150881272_1662025522057.jpg,tom_timestamp:1662025522057,fe909dff01809c44e6394e8296961898353418014e8be655ba36fbf338ed159b,2022-09-01,Fusarium-D,1.0,1
sample_01323,data/tom2024_category_a/CATA-English/onion_diseases/Fusarium-D/453448143_1662025653372.jpg,tom_timestamp:1662025653372,4e7d604eae49d65693995f9b868ce8e7197fbfc171192ec1922f0b5d82ec9e96,2022-09-01,Fusarium-D,1.0,1
sample_01324,data/tom2024_category_a/CATA-English/onion_diseases/Healthy_leaf/1653080962_1662025726617.jpg,tom_timestamp:1662025726617,840dcc0e6dc64b44ce4213e222a3695d2f5dc41b2722f77d3e9adcf85e107fb3,2022-09-01,Healthy_leaf,0.0,1
sample_01325,data/tom2024_category_a/CATA-English/onion_diseases/Fusarium-D/1463692702_1662026125597.jpg,tom_timestamp:1662026125597,aab212d9beb0a3417b0926d023619692cab2c35b9fac0001474bad7282904703,2022-09-01,Fusarium-D,1.0,1
sample_01326,data/tom2024_category_a/CATA-English/onion_diseases/Fusarium-D/1091552351_1662026188653.jpg,tom_timestamp:1662026188653,db08931beb44edc59344c25f83de785baccfd33ed03f0e4fec981d250e961ae5,2022-09-01,Fusarium-D,1.0,1
sample_01327,data/tom2024_category_a/CATA-English/onion_diseases/Healthy_leaf/2108264966_1662026579255.jpg,tom_timestamp:1662026579255,1cbc65c43b56c2b60db17b67333ff9d7174e891fe17dddc0dc49a0e595b0769e,2022-09-01,Healthy_leaf,0.0,1
sample_01328,data/tom2024_category_a/CATA-English/onion_diseases/Fusarium-D/762194674_1662026846996.jpg,tom_timestamp:1662026846996,c80ca7113196f4abbdfe406e9c9054ab91fecdce25c5bd682b573a5a975af68b,2022-09-01,Fusarium-D,1.0,1
sample_01329,data/tom2024_category_a/CATA-English/onion_diseases/Fusarium-D/943166485_1662028771237.jpg,tom_timestamp:1662028771237,f920161f36c7ed364126e720608284b1b212e92569e3ac29631afe755e629740,2022-09-01,Fusarium-D,1.0,1
sample_01330,data/tom2024_category_a/CATA-English/onion_diseases/Fusarium-D/2045325910_1662029196587.jpg,tom_timestamp:1662029196587,bf3018e79d37221a85e71fe13cdbf2d68f0a73c026ad5ee85cd61a326fd5d1e5,2022-09-01,Fusarium-D,1.0,1
sample_01331,data/tom2024_category_a/CATA-English/onion_diseases/Healthy_leaf/23185347_1662049801993.jpg,tom_timestamp:1662049801993,420b1f2262846ab581001c22d46625ef1a07e19fe239af3b0f67ea76f2aa41a7,2022-09-01,Healthy_leaf,0.0,1
sample_01332,data/tom2024_category_a/CATA-English/onion_diseases/Healthy_leaf/103489617_1662049890152.jpg,tom_timestamp:1662049890152,88be54ca9cb15b1d56cfa27116bb792a3bf3a1dd5f4036d99d1d6574d4e4e34f,2022-09-01,Healthy_leaf,0.0,1
sample_01333,data/tom2024_category_a/CATA-English/onion_diseases/Healthy_leaf/654653386_1662050002878.jpg,tom_timestamp:1662050002878,31a40d47606d91a56a43ea4d6f59f84e2d6fff25508b89c9e3607499ce461179,2022-09-01,Healthy_leaf,0.0,1
sample_01334,data/tom2024_category_a/CATA-English/onion_diseases/Fusarium-D/257056799_1662050082441.jpg,tom_timestamp:1662050082441,0b6df402b68975cd14e096cd38298e302e84b18ce88c2a33f78687d9fd2b3c81,2022-09-01,Fusarium-D,1.0,1
sample_01335,data/tom2024_category_a/CATA-English/onion_diseases/Healthy_leaf/1037014023_1662050383782.jpg,tom_timestamp:1662050383782,92834c687e91b67a24eef1607b087a62673d46d34b5df9fa5583a94f0fcc03d2,2022-09-01,Healthy_leaf,0.0,1
sample_01336,data/tom2024_category_a/CATA-English/onion_diseases/Healthy_leaf/1478639038_1662050470109.jpg,tom_timestamp:1662050470109,b780f522b6b2f9ccad7b8a3e48276f4329d7e23d520b9e97eb03373d781216f6,2022-09-01,Healthy_leaf,0.0,1
sample_01337,data/tom2024_category_a/CATA-English/onion_diseases/Fusarium-D/49249253_1662455703507.jpg,tom_timestamp:1662455703507,6ec95eda87a7f60e4513de0d0b175d2d9596c77379201c7743079ba9a006506d,2022-09-06,Fusarium-D,1.0,0
sample_01338,data/tom2024_category_a/CATA-English/onion_diseases/Alternaria_D/416379515_1666165199168_640x480 - Copie - Copie - Copie.jpg,tom_timestamp:1666165199168,3280fb7bf01fcd49d0958df3295886faf92614f3730d559ea0370fb9128839de,2022-10-19,Alternaria_D,1.0,1
sample_01339,data/tom2024_category_a/CATA-English/onion_diseases/Alternaria_D/12808412_1666166189250_640x480 - Copie - Copie - Copie.jpg,tom_timestamp:1666166189250,f06dbac8bec358083b815b2f3846daed0ec46a62cdb4e4833b939dc378678d0d,2022-10-19,Alternaria_D,1.0,1
sample_01340,data/tom2024_category_a/CATA-English/onion_diseases/Alternaria_D/113762604_1666166300577_640x480 - Copie - Copie - Copie.jpg,tom_timestamp:1666166300577,db85d4f4a1f4ecf0df198caa37b8f516c5c99b25ff88e7c0454df205a1fc4daa,2022-10-19,Alternaria_D,1.0,1
sample_01342,data/tom2024_category_a/CATA-English/onion_diseases/Alternaria_D/72798986_1666166666866_640x480 - Copie - Copie - Copie.jpg,tom_timestamp:1666166666866,2f0755d2bace8d528b27c3533988bcedd0efae433559351a304d6d51bb548cd6,2022-10-19,Alternaria_D,1.0,1
sample_01343,data/tom2024_category_a/CATA-English/onion_diseases/Fusarium-D/567452979_1666166823696_640x480.jpg,tom_timestamp:1666166823696,f8ce8a87e2ab4f3d4525ec51da942374a1b36dedea8f5ed43b821e89e5422a5a,2022-10-19,Fusarium-D,1.0,1
sample_01345,data/tom2024_category_a/CATA-English/onion_diseases/Fusarium-D/441081327_1666167374920_640x480.jpg,tom_timestamp:1666167374920,266b9ccb98f26dfdca0bf6e2cb8f2d4cac5a7ed2804e75e19fda7b585054e46b,2022-10-19,Fusarium-D,1.0,1
sample_01346,data/tom2024_category_a/CATA-English/onion_diseases/Healthy_leaf/1400020230_1666167488873_640x480.jpg,tom_timestamp:1666167488873,a49d10eb1950f42e52770d9ae99062599c530a9eb35e2ffd030b30ff91094f05,2022-10-19,Healthy_leaf,0.0,1
sample_01347,data/tom2024_category_a/CATA-English/onion_diseases/Fusarium-D/1543144767_1666167742383_640x480.jpg,tom_timestamp:1666167742383,0213873665af920b8e89d56aa0ca1305101abb320c40265671bd2df8c7a5e946,2022-10-19,Fusarium-D,1.0,1
sample_01348,data/tom2024_category_a/CATA-English/onion_diseases/Alternaria_D/375020252_1666167851711_640x480 - Copie - Copie - Copie.jpg,tom_timestamp:1666167851711,cd00761acb5c4440c6fd329b136f7b3c716d9fd82c7ebdb46b151367ad885713,2022-10-19,Alternaria_D,1.0,1
sample_01349,data/tom2024_category_a/CATA-English/onion_diseases/Fusarium-D/197984003_1666167937895_640x480.jpg,tom_timestamp:1666167937895,975d2ff2698a23573da4fb3f64f1ee323c0238e0a7c3405422b4862a39b09c23,2022-10-19,Fusarium-D,1.0,1
sample_01350,data/tom2024_category_a/CATA-English/onion_diseases/Alternaria_D/469377051_1666169988201_640x480 - Copie.jpg,tom_timestamp:1666169988201,5fdeacc79398143e4ae0e73cf59a8e005bbd159a94f200a05cf8506e63ec35fa,2022-10-19,Alternaria_D,1.0,1
sample_01351,data/tom2024_category_a/CATA-English/onion_diseases/Fusarium-D/193671229_1666170150114_640x480.jpg,tom_timestamp:1666170150114,7bec2763576c759741e950fe31fa83b3de44b6422e0f37dabb6f6c822ed185c0,2022-10-19,Fusarium-D,1.0,1
sample_01355,data/tom2024_category_a/CATA-English/onion_diseases/Alternaria_D/385046658_1666170687373_640x480 - Copie - Copie - Copie.jpg,tom_timestamp:1666170687373,6f9ec3f8d0b402a91b140b0bdb52fb1699a0c330065e6362da70f69be5154bb9,2022-10-19,Alternaria_D,1.0,1
sample_01356,data/tom2024_category_a/CATA-English/onion_diseases/Fusarium-D/221569398_1666170790681_640x480.jpg,tom_timestamp:1666170790681,027d4cff496fa32b2c8546131ad1a8b489fadac016dea047b3abc96e86a8a722,2022-10-19,Fusarium-D,1.0,1
sample_01367,data/tom2024_category_a/CATA-English/onion_diseases/Alternaria_D/12187959_1666174258639_640x480 - Copie - Copie - Copie.jpg,tom_timestamp:1666174258639,52abb633b7be8c95633afe88d22533bb2400e9289e981a8279506054ff84b27b,2022-10-19,Alternaria_D,1.0,1
sample_01373,data/tom2024_category_a/CATA-English/onion_diseases/Alternaria_D/17655926_1666176253248_640x480 - Copie - Copie - Copie.jpg,tom_timestamp:1666176253248,4960f7006107dbfc5be84e9d11cae19f2523b4579399a9d6964da890cf90bb20,2022-10-19,Alternaria_D,1.0,1
sample_01378,data/tom2024_category_a/CATA-English/onion_diseases/Healthy_leaf/1983790550_1666177077568_640x480.jpg,tom_timestamp:1666177077568,8915508c9da399405716dba5868a68631340568370444ce4172e6acf3b1cf121,2022-10-19,Healthy_leaf,0.0,1
sample_01386,data/tom2024_category_a/CATA-English/onion_diseases/Alternaria_D/51106163_1666254884297_640x480 - Copie - Copie - Copie.jpg,tom_timestamp:1666254884297,7b40edc54ca9fcb580f650baf35a0608bf67913880cdba5b365f1d06519ed5a2,2022-10-20,Alternaria_D,1.0,3
sample_01388,data/tom2024_category_a/CATA-English/onion_diseases/Healthy_leaf/1757197200_1666256032795_640x480.jpg,tom_timestamp:1666256032795,55f7f394c00fd0930387a12944c7266819e1fcbec514079ad2c53cf0570761a7,2022-10-20,Healthy_leaf,0.0,3
sample_01391,data/tom2024_category_a/CATA-English/onion_diseases/Alternaria_D/196359964_1666256321290_640x480 - Copie - Copie - Copie.jpg,tom_timestamp:1666256321290,2f20d97d36426d59d6ca996f384bbce37ec5ba96eed9e7d73ffa37e6c6f234fd,2022-10-20,Alternaria_D,1.0,3
sample_01404,data/tom2024_category_a/CATA-English/onion_diseases/Fusarium-D/237956505_1666259401972_640x480.jpg,tom_timestamp:1666259401972,b2db52fd4f2d0108a9e9af0a0bc20f752d1193b0b1a9a460212020c95bc66fcd,2022-10-20,Fusarium-D,1.0,3
sample_01407,data/tom2024_category_a/CATA-English/onion_diseases/Healthy_leaf/1875772317_1666259705447_640x480.jpg,tom_timestamp:1666259705447,a467dcfdd81a7a5fbaa6ae21775066354909272edb09e3cc0d9e513a99c815bc,2022-10-20,Healthy_leaf,0.0,3
sample_01424,data/tom2024_category_a/CATA-English/onion_diseases/Healthy_leaf/1280003604_1666262493787_640x480.jpg,tom_timestamp:1666262493787,8ecbf2d801582dce3b76333ede54b166a1dec7370f779248eecdd4d10eaf8ce0,2022-10-20,Healthy_leaf,0.0,3
sample_01426,data/tom2024_category_a/CATA-English/onion_diseases/Healthy_leaf/34887504_1666262792486_640x480.jpg,tom_timestamp:1666262792486,e9c998ddcdd6f25673647f061c61fa9da1d52597b9b5af0c0a0988aed651247c,2022-10-20,Healthy_leaf,0.0,3
sample_01427,data/tom2024_category_a/CATA-English/onion_diseases/Alternaria_D/306382567_1666336936337_640x480 - Copie - Copie - Copie.jpg,tom_timestamp:1666336936337,a2ccde6caaf43dc0833032f73868327f9ca5e58cbfda08f2d4760c44c789d282,2022-10-21,Alternaria_D,1.0,2
sample_01429,data/tom2024_category_a/CATA-English/onion_diseases/Alternaria_D/30844607_1666337154560_640x480 - Copie - Copie - Copie.jpg,tom_timestamp:1666337154560,5c82c1abf0f8de5a776f390fe9581c84e8b060888341a03118fbf4aef7afaf9e,2022-10-21,Alternaria_D,1.0,2
sample_01430,data/tom2024_category_a/CATA-English/onion_diseases/Alternaria_D/452571914_1666337208836_640x480 - Copie - Copie.jpg,tom_timestamp:1666337208836,560225d9028f5cd8c942e492dfe11538b9d007a132297323f3c24e66fdd05752,2022-10-21,Alternaria_D,1.0,2
sample_01437,data/tom2024_category_a/CATA-English/onion_diseases/Alternaria_D/15895308_1666338737370_640x480 - Copie - Copie - Copie.jpg,tom_timestamp:1666338737370,0a86841518a3bb1bf5bf7d3a885ebeccf686d93968f67f804b9d35117295b061,2022-10-21,Alternaria_D,1.0,2
sample_01441,data/tom2024_category_a/CATA-English/onion_diseases/Alternaria_D/131356793_1666339757331_640x480 - Copie - Copie - Copie.jpg,tom_timestamp:1666339757331,4edcb6e15a00f5865452bbe2a403a1428fd92820e5e6b009190a5e6fffe28423,2022-10-21,Alternaria_D,1.0,2
sample_01443,data/tom2024_category_a/CATA-English/onion_diseases/Alternaria_D/63027322_1666340102748_640x480 - Copie - Copie - Copie.jpg,tom_timestamp:1666340102748,04d50424b509b296f4ea1335bc1474ad69e1a9c065d6f27fb69799e9bbc5d22e,2022-10-21,Alternaria_D,1.0,2
sample_01444,data/tom2024_category_a/CATA-English/onion_diseases/Healthy_leaf/591138012_1666340170051_640x480.jpg,tom_timestamp:1666340170051,4d013d33f49f20020f49bb7ef51785eae565be4b07393846f0394f024e5b6662,2022-10-21,Healthy_leaf,0.0,2
sample_01451,data/tom2024_category_a/CATA-English/onion_diseases/Fusarium-D/1761195199_1666600729717_640x480.jpg,tom_timestamp:1666600729717,f6fff31b049d9aae0d3490d69bea133abdcd10fe230ad2e2ba4f831301fbd7cf,2022-10-24,Fusarium-D,1.0,4
sample_01452,data/tom2024_category_a/CATA-English/onion_diseases/Fusarium-D/1377444252_1666601076737_640x480.jpg,tom_timestamp:1666601076737,e258b4e2422830a8c711ce8c4780c3d768958052ad99948e61f1d3132754f915,2022-10-24,Fusarium-D,1.0,4
sample_01453,data/tom2024_category_a/CATA-English/onion_diseases/Fusarium-D/836852214_1666601401762_640x480.jpg,tom_timestamp:1666601401762,0275a2befe5e6c8f71314ae7bc6168b5fac64e84446866aaaff537151189e6cd,2022-10-24,Fusarium-D,1.0,4
sample_01454,data/tom2024_category_a/CATA-English/onion_diseases/Fusarium-D/1302762802_1666702323934_640x480.jpg,tom_timestamp:1666702323934,cf4f2386e37659691a34d6159ea23c8481375e7eb2039f371175d9d3ac18d3e2,2022-10-25,Fusarium-D,1.0,2
sample_01455,data/tom2024_category_a/CATA-English/onion_diseases/Fusarium-D/281985288_1666702432972_640x480.jpg,tom_timestamp:1666702432972,e8d12b3162f7425063cff73266f5692c7bb3439a6d0a29566f2e459e0be85d56,2022-10-25,Fusarium-D,1.0,2
sample_01456,data/tom2024_category_a/CATA-English/onion_diseases/Healthy_leaf/1523659366_1666702492620_640x480.jpg,tom_timestamp:1666702492620,e95976c321814c8e93e0d30c86abbe57661b61e730281a3148ae7914d167c052,2022-10-25,Healthy_leaf,0.0,2
sample_01457,data/tom2024_category_a/CATA-English/onion_diseases/Fusarium-D/1338322996_1666769831253_640x480.jpg,tom_timestamp:1666769831253,1405d6568821cf67245dd1d808cac53eb9d0cb7c386be73da237c70d8b8f78ff,2022-10-26,Fusarium-D,1.0,2
sample_01460,data/tom2024_category_a/CATA-English/onion_diseases/Alternaria_D/403447056_1666770264651_640x480 - Copie - Copie - Copie.jpg,tom_timestamp:1666770264651,6c23b05ed61945bfb857aed99636cbcd2e48dc9f87ced83f0e875f344679299c,2022-10-26,Alternaria_D,1.0,2
sample_01463,data/tom2024_category_a/CATA-English/onion_diseases/Fusarium-D/715258397_1666770769915_640x480.jpg,tom_timestamp:1666770769915,45724ba89924305a99f05bd68eae0890ef670e78b94f228be77dceb68e6a400a,2022-10-26,Fusarium-D,1.0,2
sample_01510,data/tom2024_category_a/CATA-English/onion_diseases/Fusarium-D/184328311_1666780412311_640x480.jpg,tom_timestamp:1666780412311,8ccd8c9babf3e06ee60855dc30b032aeed874c1976cf1e8232d14da7d0aad96c,2022-10-26,Fusarium-D,1.0,2
sample_01517,data/tom2024_category_a/CATA-English/onion_diseases/Healthy_leaf/2068119711_1666782129734_640x480.jpg,tom_timestamp:1666782129734,40b0ceb7f9c85cf6dd485c190ec68899fd537cd2c8ed8722f23ed459700651e2,2022-10-26,Healthy_leaf,0.0,2
sample_01518,data/tom2024_category_a/CATA-English/onion_diseases/Alternaria_D/336804843_1666782307703_640x480 - Copie - Copie - Copie.jpg,tom_timestamp:1666782307703,0029bcafab5dc2241508c20bfb255fc88626c1f59d2bcdb6913cecd9c52c05ba,2022-10-26,Alternaria_D,1.0,2
sample_01541,data/tom2024_category_a/CATA-English/onion_diseases/Fusarium-D/1157855022_1666860064029_640x480.jpg,tom_timestamp:1666860064029,2d53e2bb8d68f667fcf1c4ed52f8af00e2db41186c20663d136f82978eb67f05,2022-10-27,Fusarium-D,1.0,4
sample_01543,data/tom2024_category_a/CATA-English/onion_diseases/Fusarium-D/133012609_1666860240298_640x480.jpg,tom_timestamp:1666860240298,2dcd02403c388a4d4f47bf934b38571e0c72782090b41edf6e6debfe68646c29,2022-10-27,Fusarium-D,1.0,4
sample_01545,data/tom2024_category_a/CATA-English/onion_diseases/Fusarium-D/606339808_1666860480115_640x480.jpg,tom_timestamp:1666860480115,a359d3be3056224873e8b2bff4b6a73392c73648ad9566b45d8b8a9602203494,2022-10-27,Fusarium-D,1.0,4
sample_01547,data/tom2024_category_a/CATA-English/onion_diseases/Fusarium-D/1876950920_1666860593256_640x480.jpg,tom_timestamp:1666860593256,d23b4da75e82b19151a3eaa4235d814a4d670185fa76a4d125d2895ffa4e95db,2022-10-27,Fusarium-D,1.0,4
sample_01553,data/tom2024_category_a/CATA-English/onion_diseases/Fusarium-D/160636885_1666861531698_640x480.jpg,tom_timestamp:1666861531698,fee1fbf33f14f462de5b11025ac0300dd59e8464f6dda387a1c693be692543ca,2022-10-27,Fusarium-D,1.0,4
sample_01563,data/tom2024_category_a/CATA-English/onion_diseases/Healthy_leaf/351596326_1666862990298_640x480.jpg,tom_timestamp:1666862990298,7345a5589dbecc62222efa5477d7a6aa409f0c0194fad9ac288831ebaf3e7ff9,2022-10-27,Healthy_leaf,0.0,4
sample_01566,data/tom2024_category_a/CATA-English/onion_diseases/Healthy_leaf/1444261661_1666863707526_640x480.jpg,tom_timestamp:1666863707526,685100371919d9003d633b10ca4acd09f29ab2c9834769ec57ff0c33817a16ac,2022-10-27,Healthy_leaf,0.0,4
sample_01567,data/tom2024_category_a/CATA-English/onion_diseases/Healthy_leaf/293631697_1666863957876_640x480.jpg,tom_timestamp:1666863957876,8e819dbea2fafa9c76b39465da26b81693ae1b3f36b6b5a2a6499153b678b80e,2022-10-27,Healthy_leaf,0.0,4
sample_01675,data/tom2024_category_a/CATA-English/onion_diseases/Healthy_leaf/785505070_1668168541904_640x480.jpg,tom_timestamp:1668168541904,72b9bf06a0d31e2d50c5dccd6bf96f6de600ebed9b664283aad3185c074f4f1f,2022-11-11,Healthy_leaf,0.0,2
sample_01678,data/tom2024_category_a/CATA-English/onion_diseases/Healthy_leaf/811000082_1668169212895_640x480.jpg,tom_timestamp:1668169212895,b7f4464275aa99588e9a069428ec84c6655cfdc27f203655624f819f75d08e87,2022-11-11,Healthy_leaf,0.0,2
sample_01681,data/tom2024_category_a/CATA-English/onion_diseases/Healthy_leaf/376336663_1668169688748_640x480.jpg,tom_timestamp:1668169688748,a8689cb5acbfc7ab602a84af4b525fbdfc154452f9efb145e7a6af6a4af9d873,2022-11-11,Healthy_leaf,0.0,2
sample_01687,data/tom2024_category_a/CATA-English/onion_diseases/Healthy_leaf/1637908449_1668171084728_640x480.jpg,tom_timestamp:1668171084728,d80730dc2c50cd0d0ebb78283eec43e3e95feede34feb1aabb5985ab9ec99064,2022-11-11,Healthy_leaf,0.0,2
sample_01688,data/tom2024_category_a/CATA-English/onion_diseases/Fusarium-D/1511030248_1668184642226_640x480.jpg,tom_timestamp:1668184642226,9aaef626e324b04e44d98c1511d3f865f8af182b24e8415b86ca7b67c4c7feea,2022-11-11,Fusarium-D,1.0,2
sample_01689,data/tom2024_category_a/CATA-English/onion_diseases/Healthy_leaf/1886819510_1668185001691_640x480.jpg,tom_timestamp:1668185001691,3ddf9015bee07eb338088360e4b4c9c7f27daceb04064080b41c187421174799,2022-11-11,Healthy_leaf,0.0,2
sample_01690,data/tom2024_category_a/CATA-English/onion_diseases/Healthy_leaf/1268781123_1668185075488_640x480.jpg,tom_timestamp:1668185075488,5e353d6c981c99db0b6c223208f20c4ea8ef61064725614cac0edfaca557408e,2022-11-11,Healthy_leaf,0.0,2
sample_01691,data/tom2024_category_a/CATA-English/onion_diseases/Healthy_leaf/1062975953_1668185135050_640x480.jpg,tom_timestamp:1668185135050,a44ee93af729f5b35d433800d6924b60a33b165a6637ca4c7cbceade32813026,2022-11-11,Healthy_leaf,0.0,2
sample_01692,data/tom2024_category_a/CATA-English/onion_diseases/Fusarium-D/604349927_1668185243991_640x480.jpg,tom_timestamp:1668185243991,1c6798c61578d73030086527039714d0446e1adde54315948c57738bd6998534,2022-11-11,Fusarium-D,1.0,2
sample_01693,data/tom2024_category_a/CATA-English/onion_diseases/Healthy_leaf/1890300308_1668185343273_640x480.jpg,tom_timestamp:1668185343273,0267845ccaf9c346d205cb488a736e0a59a45d6978142bb57c4326c40ea422bb,2022-11-11,Healthy_leaf,0.0,2
sample_01694,data/tom2024_category_a/CATA-English/onion_diseases/Healthy_leaf/794647715_1668185418303_640x480.jpg,tom_timestamp:1668185418303,bfb44806f9a29b0301c390fa771ba5d10e0f5ccf79f38f97347b5f24eb5d2955,2022-11-11,Healthy_leaf,0.0,2
sample_01695,data/tom2024_category_a/CATA-English/onion_diseases/Healthy_leaf/223625014_1668185523918_640x480.jpg,tom_timestamp:1668185523918,42a7da612e60c0cb54c43ecb6bed6ad74e331bf7998121a9094ee9d37834e1ac,2022-11-11,Healthy_leaf,0.0,2
sample_01696,data/tom2024_category_a/CATA-English/onion_diseases/Fusarium-D/2069155613_1668185577689_640x480.jpg,tom_timestamp:1668185577689,50af25c30cfc4ff807fcd6011841cc0615d282795cd06f0d8dd65458c914e7d8,2022-11-11,Fusarium-D,1.0,2
sample_01697,data/tom2024_category_a/CATA-English/onion_diseases/Healthy_leaf/814713536_1668185708748_640x480.jpg,tom_timestamp:1668185708748,ae8f3b07acf319e66282421815ce33fade35547ef2275a441b77bae64213e814,2022-11-11,Healthy_leaf,0.0,2
sample_01698,data/tom2024_category_a/CATA-English/onion_diseases/Healthy_leaf/414377566_1668185757173_640x480.jpg,tom_timestamp:1668185757173,fa120a4cff79ae24a58556ad3ec749cb8d5ae033ac27782c3a062287ff5f1f7c,2022-11-11,Healthy_leaf,0.0,2
sample_01699,data/tom2024_category_a/CATA-English/onion_diseases/Healthy_leaf/822091120_1668185848590_640x480.jpg,tom_timestamp:1668185848590,572972b1d06aae9b29fd09aa9c059ad1f620ecaf64231206c7ea6ea2d469f118,2022-11-11,Healthy_leaf,0.0,2
sample_01700,data/tom2024_category_a/CATA-English/onion_diseases/Healthy_leaf/1976824759_1668185903819_640x480.jpg,tom_timestamp:1668185903819,717e11287afcf93344d7791080802bcb8065586028e837d7bd5665c3d6ee93d3,2022-11-11,Healthy_leaf,0.0,2
sample_01701,data/tom2024_category_a/CATA-English/onion_diseases/Healthy_leaf/1590502542_1668185953385_640x480.jpg,tom_timestamp:1668185953385,8df793ffcf9be3a650760081df04734938f6d39f436d30b661ba9e6f5cb84802,2022-11-11,Healthy_leaf,0.0,2
sample_01702,data/tom2024_category_a/CATA-English/onion_diseases/Healthy_leaf/289044779_1668186141095_640x480.jpg,tom_timestamp:1668186141095,47697b168ea80ba690ca9a32131d8649d0a0ccd1566d172317e0b491998be6a8,2022-11-11,Healthy_leaf,0.0,2
sample_01703,data/tom2024_category_a/CATA-English/onion_diseases/Healthy_leaf/427352454_1668186185504_640x480.jpg,tom_timestamp:1668186185504,ad63a195fc5e0d68008115a7904e3e6a4b19a1c63b4b3da26e01a095e798c6e7,2022-11-11,Healthy_leaf,0.0,2
sample_01704,data/tom2024_category_a/CATA-English/onion_diseases/Healthy_leaf/1630011307_1668187041037_640x480.jpg,tom_timestamp:1668187041037,7c947025c987b2bc3e870555576d357b64f567590595c9a434f1f5a83bd4547b,2022-11-11,Healthy_leaf,0.0,2
sample_01705,data/tom2024_category_a/CATA-English/onion_diseases/Fusarium-D/1208906877_1668187090887_640x480.jpg,tom_timestamp:1668187090887,e4acab1e3b33022c92637d15ada33b1d681be494e776096653ce5b09ffcc349c,2022-11-11,Fusarium-D,1.0,2
sample_01706,data/tom2024_category_a/CATA-English/onion_diseases/Fusarium-D/1398749901_1668187143252_640x480.jpg,tom_timestamp:1668187143252,c59534d141fdf0fdf137dff95e4f2f386cdaad10de07b4140124a645a3b7c91b,2022-11-11,Fusarium-D,1.0,2
sample_01707,data/tom2024_category_a/CATA-English/onion_diseases/Fusarium-D/886017256_1668187217754_640x480.jpg,tom_timestamp:1668187217754,50a4b88cb3410470856e136211eccb20063237db1541a0b533199c3392f7a7d8,2022-11-11,Fusarium-D,1.0,2
sample_01708,data/tom2024_category_a/CATA-English/onion_diseases/Fusarium-D/631702771_1668187693368_640x480.jpg,tom_timestamp:1668187693368,4997cb6d95c445c07b2f812a8bf9ef9aa0960f792be3ffc7eb9f008285933ee6,2022-11-11,Fusarium-D,1.0,2
sample_01709,data/tom2024_category_a/CATA-English/onion_diseases/Fusarium-D/1634569746_1668187835914_640x480.jpg,tom_timestamp:1668187835914,4c04daa63fb1484b08c79050fdb090cec448d3e637bc62a61d527c07081e7331,2022-11-11,Fusarium-D,1.0,2
sample_01710,data/tom2024_category_a/CATA-English/onion_diseases/Healthy_leaf/1585605667_1668187881234_640x480.jpg,tom_timestamp:1668187881234,f53c5bb8c0f363df268b93191e60604128c0702befd5a8f96db40e18b4840acb,2022-11-11,Healthy_leaf,0.0,2
sample_01711,data/tom2024_category_a/CATA-English/onion_diseases/Healthy_leaf/318930117_1668187936923_640x480.jpg,tom_timestamp:1668187936923,6ed944519addce50848e57281b44c9bba001face4399b7ff0859adf82efd61d4,2022-11-11,Healthy_leaf,0.0,2
sample_01752,data/tom2024_category_a/CATA-English/onion_diseases/Healthy_leaf/394154180_1668421574492_640x480.jpg,tom_timestamp:1668421574492,65ce8e8ef3b5b424512c293f68011251970d50f022958164c433c26b4d56c7e5,2022-11-14,Healthy_leaf,0.0,2
sample_01795,data/tom2024_category_a/CATA-English/onion_diseases/Healthy_leaf/1170252249_1668510323272_640x480.jpg,tom_timestamp:1668510323272,b20068e77db3ff50f89b2f9a0b3669c0b65c32137f2fc0322a08618281897bd4,2022-11-15,Healthy_leaf,0.0,1
sample_01796,data/tom2024_category_a/CATA-English/onion_diseases/Healthy_leaf/282807983_1668510378879_640x480.jpg,tom_timestamp:1668510378879,c7a96feae5d7d3793f94faea00c485e1a5a842a6d761bfe33df962ff1db83e01,2022-11-15,Healthy_leaf,0.0,1
sample_01797,data/tom2024_category_a/CATA-English/onion_diseases/Healthy_leaf/196322308_1668510441580_640x480.jpg,tom_timestamp:1668510441580,f2bee2cf5c5b219ca56cf5baf7f3673b43927f5491adf27f85754e3208c75a7a,2022-11-15,Healthy_leaf,0.0,1
sample_01798,data/tom2024_category_a/CATA-English/onion_diseases/Fusarium-D/1551015938_1668587764581_640x480.jpg,tom_timestamp:1668587764581,4d7ccf40484f9eb479db0e09bf94a823a9bd7370560306ee55dd9b1f2fc165cf,2022-11-16,Fusarium-D,1.0,1
sample_01799,data/tom2024_category_a/CATA-English/onion_diseases/Healthy_leaf/509133738_1668587862009_640x480.jpg,tom_timestamp:1668587862009,9df0afefc2d8ee39fd191ab7169357b3e4c7d45f75188e4c192aa14070dc8044,2022-11-16,Healthy_leaf,0.0,1
sample_01800,data/tom2024_category_a/CATA-English/onion_diseases/Fusarium-D/1179162238_1668587947261_640x480.jpg,tom_timestamp:1668587947261,cffedae4327181bc683ed36afe76030bacd796f0571effb24cac79ae4747781e,2022-11-16,Fusarium-D,1.0,1
sample_01801,data/tom2024_category_a/CATA-English/onion_diseases/Fusarium-D/1757898749_1668588008153_640x480.jpg,tom_timestamp:1668588008153,8c75531cfac457de9b1f9f683174ec033032ad762ffe9c536528b8873efb0e00,2022-11-16,Fusarium-D,1.0,1
sample_01802,data/tom2024_category_a/CATA-English/onion_diseases/Fusarium-D/1850723143_1668588163123_640x480.jpg,tom_timestamp:1668588163123,c6f3a01f2b5558ae9fb71ebe9ca69cc89b1ba8688f3b7a34150bdccb12a09614,2022-11-16,Fusarium-D,1.0,1
sample_01803,data/tom2024_category_a/CATA-English/onion_diseases/Healthy_leaf/2071164943_1668588245101_640x480.jpg,tom_timestamp:1668588245101,dba832852753d274a1376fce6ba5699f2222e1424793e3d690b36ab2c72b0c20,2022-11-16,Healthy_leaf,0.0,1
sample_01804,data/tom2024_category_a/CATA-English/onion_diseases/Fusarium-D/1462620646_1668588315273_640x480.jpg,tom_timestamp:1668588315273,161bbbef00e3db28d4c11613c26651ed4388c59abf8c11230216b5be4af6a1c7,2022-11-16,Fusarium-D,1.0,1
sample_01805,data/tom2024_category_a/CATA-English/onion_diseases/Fusarium-D/1764860345_1668588404091_640x480.jpg,tom_timestamp:1668588404091,c3590683dc57215cb0e9e58ff2ff6fba39cee3cd327d5029a7600fb6b9a7c0fa,2022-11-16,Fusarium-D,1.0,1
sample_01806,data/tom2024_category_a/CATA-English/onion_diseases/Healthy_leaf/790930404_1668588567692_640x480.jpg,tom_timestamp:1668588567692,8eed612d7f1130527c10ae8945486846b1d422860654e7f127088410b0d3c945,2022-11-16,Healthy_leaf,0.0,1
sample_01807,data/tom2024_category_a/CATA-English/onion_diseases/Fusarium-D/2129661888_1668588911351_640x480.jpg,tom_timestamp:1668588911351,49be407d39ee70343a9fbf7b275a884f29b3db9c228912788d4e67fb342487f3,2022-11-16,Fusarium-D,1.0,1
sample_01808,data/tom2024_category_a/CATA-English/onion_diseases/Fusarium-D/1324183634_1668589138499_640x480.jpg,tom_timestamp:1668589138499,c4bfaff9bab08f1fcb7027c60ad1121a5043bb60ebd590dd7edbc62d3654c7a9,2022-11-16,Fusarium-D,1.0,1
sample_01809,data/tom2024_category_a/CATA-English/onion_diseases/Fusarium-D/781475090_1668589212271_640x480.jpg,tom_timestamp:1668589212271,dfe69a994cde3e89ae369a355df95e8f163605b43a42748f671f0aab951d4c9d,2022-11-16,Fusarium-D,1.0,1
sample_01810,data/tom2024_category_a/CATA-English/onion_diseases/Fusarium-D/1442009500_1668589281383_640x480.jpg,tom_timestamp:1668589281383,7df0dadca2a23d9430b65d13fac2d29cf0d50d245b69fa1b633f92a3b46a19ed,2022-11-16,Fusarium-D,1.0,1
sample_01811,data/tom2024_category_a/CATA-English/onion_diseases/Fusarium-D/77119141_1668589471463_640x480.jpg,tom_timestamp:1668589471463,6425ee06f5b39038f985e8ac3d71b79e7b3954259991c82cc88d0fd2ab02ebc1,2022-11-16,Fusarium-D,1.0,1
sample_01812,data/tom2024_category_a/CATA-English/onion_diseases/Fusarium-D/2086581764_1668589622596_640x480.jpg,tom_timestamp:1668589622596,4b615213cb17a5057febf15b48dae31c7ffc930065b9dfc277dbb60ed7ffd525,2022-11-16,Fusarium-D,1.0,1
sample_01813,data/tom2024_category_a/CATA-English/onion_diseases/Healthy_leaf/213933187_1668590499166_640x480.jpg,tom_timestamp:1668590499166,b4d681abb8de28bae4b096a633e8d2d3a9a2895f71d7cc63cd0f6b91247b5515,2022-11-16,Healthy_leaf,0.0,1
sample_01814,data/tom2024_category_a/CATA-English/onion_diseases/Fusarium-D/1905193965_1668590626196_640x480.jpg,tom_timestamp:1668590626196,9069d21b89e0103543b8b4e32ae9457648f3ef28e6c94079fdff5a44fad8917c,2022-11-16,Fusarium-D,1.0,1
sample_01815,data/tom2024_category_a/CATA-English/onion_diseases/Fusarium-D/971356890_1668590848085_640x480.jpg,tom_timestamp:1668590848085,82e7e98399ea4d21dfb15bc7bb8f3e36f731ef7a2ed439d42756dd89a7eee534,2022-11-16,Fusarium-D,1.0,1
sample_01816,data/tom2024_category_a/CATA-English/onion_diseases/Fusarium-D/1836370954_1668591065086_640x480.jpg,tom_timestamp:1668591065086,f4de1216bbb3f85eb6cfcd4925b38af80301a011fc2efcae4c79f68bf7ffd17b,2022-11-16,Fusarium-D,1.0,1
sample_01850,data/tom2024_category_a/CATA-English/onion_diseases/Alternaria_D/263674996_1668681927040_640x480 - Copie - Copie - Copie.jpg,tom_timestamp:1668681927040,807b7e4de8faf3cd141253c3432fcd540f4d589ac5ae27fbc64c1a3cd9416f96,2022-11-17,Alternaria_D,1.0,1
sample_01907,data/tom2024_category_a/CATA-English/onion_diseases/Alternaria_D/305346126_1668764699522_640x480 - Copie - Copie - Copie.jpg,tom_timestamp:1668764699522,2395cb7aa18123ef7ad324c4e2807cf3b28de6143fbbd1734af3d054d84d24af,2022-11-18,Alternaria_D,1.0,3
sample_01978,data/tom2024_category_a/CATA-English/onion_diseases/Healthy_leaf/1434284842_1668774773815_640x480.jpg,tom_timestamp:1668774773815,540d2db8f104059f86f1ecef722b4c8bb02b75b7866ab24cbb3c38a25c1de44c,2022-11-18,Healthy_leaf,0.0,3
sample_01982,data/tom2024_category_a/CATA-English/onion_diseases/Healthy_leaf/2076466707_1668955769222_640x480.jpg,tom_timestamp:1668955769222,90a9c11795806cb82a0cd8eb516fb0ba7acbe02c420b6546c20a74cd15199f36,2022-11-20,Healthy_leaf,0.0,0
sample_01983,data/tom2024_category_a/CATA-English/onion_diseases/Healthy_leaf/578074987_1668955862697_640x480.jpg,tom_timestamp:1668955862697,8640d30337d54959af4cf22a3e1a93dfed72d8a74b288f0c2a609ca1364fe1ff,2022-11-20,Healthy_leaf,0.0,0
sample_01984,data/tom2024_category_a/CATA-English/onion_diseases/Healthy_leaf/2100429314_1668955937558_640x480.jpg,tom_timestamp:1668955937558,54466baf283f0e981680b0a22581b2f75dc086fcd626eed85bf1de8db2da841e,2022-11-20,Healthy_leaf,0.0,0
sample_01985,data/tom2024_category_a/CATA-English/onion_diseases/Healthy_leaf/1784630626_1668955981741_640x480.jpg,tom_timestamp:1668955981741,4168b85ed00187c2741c0f9e5b8dd7e6e973181a63253d20752c30e9b42e20b8,2022-11-20,Healthy_leaf,0.0,0
sample_01986,data/tom2024_category_a/CATA-English/onion_diseases/Healthy_leaf/2019086179_1668956042217_640x480.jpg,tom_timestamp:1668956042217,f33181990a48d36553c749ddafbf63ed62e04398d59a77f63f3d70b702e2ac78,2022-11-20,Healthy_leaf,0.0,0
sample_01987,data/tom2024_category_a/CATA-English/onion_diseases/Fusarium-D/415052491_1668956880269_640x480.jpg,tom_timestamp:1668956880269,4d5bcdda84b3800b2c1a55dc7dec7c0076f04d18a092de7137e6ab0fd296794e,2022-11-20,Fusarium-D,1.0,0
sample_01988,data/tom2024_category_a/CATA-English/onion_diseases/Fusarium-D/1500340242_1668958194174_640x480.jpg,tom_timestamp:1668958194174,a81959e5aca49dc1a090abfba8acfd7f293db63f162ce603446c6a1b3b3f15c6,2022-11-20,Fusarium-D,1.0,0
sample_01989,data/tom2024_category_a/CATA-English/onion_diseases/Healthy_leaf/1723185199_1668958414616_640x480.jpg,tom_timestamp:1668958414616,c9bfefd023d32e484ba7c54ce2cc8df0704038bb6395e6fa8ae1e8b83f31e1b3,2022-11-20,Healthy_leaf,0.0,0
sample_01990,data/tom2024_category_a/CATA-English/onion_diseases/Healthy_leaf/1428491197_1668958463194_640x480.jpg,tom_timestamp:1668958463194,84301e0b8e82c4b9509d92e8bf62cbb536093471fb6e7412af37334047a30f95,2022-11-20,Healthy_leaf,0.0,0
sample_01991,data/tom2024_category_a/CATA-English/onion_diseases/Fusarium-D/1613814558_1668958686040_640x480.jpg,tom_timestamp:1668958686040,9ba6b378e909bd65c894188682d0cc38e40221b9188a52eead6bac86ce2909c9,2022-11-20,Fusarium-D,1.0,0
sample_01992,data/tom2024_category_a/CATA-English/onion_diseases/Fusarium-D/382257447_1668958745544_640x480.jpg,tom_timestamp:1668958745544,75b5b5baf003c9ca06a756e3636cbc3e9a80b65a8e7cff61b393823053e4fd3b,2022-11-20,Fusarium-D,1.0,0
sample_01993,data/tom2024_category_a/CATA-English/onion_diseases/Fusarium-D/108331905_1668958796041_640x480.jpg,tom_timestamp:1668958796041,0e4620731cfd7519423e87a13b2fffa59ed2c153722f76999b30c1c15c71440e,2022-11-20,Fusarium-D,1.0,0
sample_01994,data/tom2024_category_a/CATA-English/onion_diseases/Fusarium-D/659040910_1668958956248_640x480.jpg,tom_timestamp:1668958956248,a119dd0218514c75feb9ce9e61916f6584e2aa3fb522b0aecc86a79be6b6eb5d,2022-11-20,Fusarium-D,1.0,0
sample_01995,data/tom2024_category_a/CATA-English/onion_diseases/Fusarium-D/312811559_1668959425707_640x480.jpg,tom_timestamp:1668959425707,103e83ab7825cfd78af377e79ba8cd54ba748a06b3c9a11500ef75717f89c6d5,2022-11-20,Fusarium-D,1.0,0
sample_01996,data/tom2024_category_a/CATA-English/onion_diseases/Fusarium-D/1225582724_1669021472166_640x480.jpg,tom_timestamp:1669021472166,44d47db9f3a9b852ed78f1faf881b8240d6de99619b44b3374a81a526f675bd3,2022-11-21,Fusarium-D,1.0,2
sample_01997,data/tom2024_category_a/CATA-English/onion_diseases/Fusarium-D/1159201646_1669021609571_640x480.jpg,tom_timestamp:1669021609571,d498cd45697e851e5e1122a8ffcbf28fcd8d5a2fde0caca2f191d5fcaf87c458,2022-11-21,Fusarium-D,1.0,2
sample_01998,data/tom2024_category_a/CATA-English/onion_diseases/Fusarium-D/1035194375_1669021825245_640x480.jpg,tom_timestamp:1669021825245,52a5a8281c7b9be3388456f6d5c1904bff2f9436aceb13864ef35dfc9147d732,2022-11-21,Fusarium-D,1.0,2
sample_01999,data/tom2024_category_a/CATA-English/onion_diseases/Fusarium-D/199285458_1669021893834_640x480.jpg,tom_timestamp:1669021893834,39720591163479d5f53d0e1cbab8aab36c5fd3cca1c30b958c7c1d6541370436,2022-11-21,Fusarium-D,1.0,2
sample_02000,data/tom2024_category_a/CATA-English/onion_diseases/Fusarium-D/19391288_1669022391690_640x480.jpg,tom_timestamp:1669022391690,15c03101c637bce4c590aa7a72532c8ffc112ef9abdfc5e30a5bba9461d96420,2022-11-21,Fusarium-D,1.0,2
sample_02001,data/tom2024_category_a/CATA-English/onion_diseases/Fusarium-D/1069273949_1669022568638_640x480.jpg,tom_timestamp:1669022568638,685fdc405fe7ea52c4d7922f29db6813eea7d7f88f2ea132f7bdba4fda3402dc,2022-11-21,Fusarium-D,1.0,2
sample_02002,data/tom2024_category_a/CATA-English/onion_diseases/Fusarium-D/1922677417_1669022756817_640x480.jpg,tom_timestamp:1669022756817,33470c22d72fb621b70b89e429e2d3ac198cd7523369ea251c6fa7b378c5644b,2022-11-21,Fusarium-D,1.0,2
sample_02003,data/tom2024_category_a/CATA-English/onion_diseases/Fusarium-D/588049608_1669023048805_640x480.jpg,tom_timestamp:1669023048805,4fd1df29fe187a2faede6069a758a9c1a59d5ed172ef40b8e492919e12785ad7,2022-11-21,Fusarium-D,1.0,2
sample_02004,data/tom2024_category_a/CATA-English/onion_diseases/Fusarium-D/1878687765_1669023232345_640x480.jpg,tom_timestamp:1669023232345,9b1dea5f3dd1db0c35ab057b2e8f346f6516b26d57b45c61e678d472b3d11715,2022-11-21,Fusarium-D,1.0,2
sample_02005,data/tom2024_category_a/CATA-English/onion_diseases/Fusarium-D/333280359_1669023354950_640x480.jpg,tom_timestamp:1669023354950,7239129ae65fa927b1c4081a85f135505d8772c59e0f52dd671e1e9d098ffe58,2022-11-21,Fusarium-D,1.0,2
sample_02006,data/tom2024_category_a/CATA-English/onion_diseases/Fusarium-D/1422464896_1669023489246_640x480.jpg,tom_timestamp:1669023489246,4a11ec56e5c263f2d4d20b7bc8bf408ebb36cfe6500f6116d3f7366cadabd380,2022-11-21,Fusarium-D,1.0,2
sample_02007,data/tom2024_category_a/CATA-English/onion_diseases/Fusarium-D/1329056401_1669023714002_640x480.jpg,tom_timestamp:1669023714002,10b63514f2e35114d44e302994605f1850cfa6c648257b997abf03423be89921,2022-11-21,Fusarium-D,1.0,2
sample_02008,data/tom2024_category_a/CATA-English/onion_diseases/Fusarium-D/591530406_1669023932277_640x480.jpg,tom_timestamp:1669023932277,ef7cc4e428575c429a5e5875411f0c37d445f3fbccb3f58b24ffd33c69711eaf,2022-11-21,Fusarium-D,1.0,2
sample_02009,data/tom2024_category_a/CATA-English/onion_diseases/Fusarium-D/280251381_1669024139095_640x480.jpg,tom_timestamp:1669024139095,3cd2ea66921a12cfc4a17b5b183153cb4846d7e1eb4ecbc0389b3a9ca5bb39e3,2022-11-21,Fusarium-D,1.0,2
sample_02010,data/tom2024_category_a/CATA-English/onion_diseases/Fusarium-D/2041580924_1669024228174_640x480.jpg,tom_timestamp:1669024228174,e788e4f99a92d4225f9b6503cb863090548b44257dd612b456bba70cc07739b6,2022-11-21,Fusarium-D,1.0,2
sample_02011,data/tom2024_category_a/CATA-English/onion_diseases/Fusarium-D/2119936801_1669029765820_640x480.jpg,tom_timestamp:1669029765820,80796758560d44d4e641e27e70b16d8a9a7ddbfab450db3b58d47f6644200876,2022-11-21,Fusarium-D,1.0,2
sample_02012,data/tom2024_category_a/CATA-English/onion_diseases/Fusarium-D/963422882_1669029943725_640x480.jpg,tom_timestamp:1669029943725,2cbc03ca2a92ba0f4755516aa301daaf38c536c5e96807cecec87740eeba8d6e,2022-11-21,Fusarium-D,1.0,2
sample_02054,data/tom2024_category_a/CATA-English/onion_diseases/Healthy_leaf/267834576_1669115425185_640x480.jpg,tom_timestamp:1669115425185,43c461ee3c537bacc7ec08b66ba8bd4dfa4773a31fe376f949825acdaa4c9f9a,2022-11-22,Healthy_leaf,0.0,2
sample_02058,data/tom2024_category_a/CATA-English/onion_diseases/Healthy_leaf/1791434657_1669116827089_640x480.jpg,tom_timestamp:1669116827089,8471ab4cfafdcbedf1e494cc77b99cb9b1f87a6ed050a43d644d9059ae066691,2022-11-22,Healthy_leaf,0.0,2
sample_02060,data/tom2024_category_a/CATA-English/onion_diseases/Healthy_leaf/1028452426_1669117069258_640x480.jpg,tom_timestamp:1669117069258,bfdb5d55d0d8901dd1fc08710772dc04b48135d708d5d9eb3cb87235e4ba2438,2022-11-22,Healthy_leaf,0.0,2
sample_02061,data/tom2024_category_a/CATA-English/onion_diseases/Healthy_leaf/1848399197_1669117583751_640x480.jpg,tom_timestamp:1669117583751,f398853b2edef13381ac7fa988c0bf742b35f7c2822ebf32e1279f43cbed0f33,2022-11-22,Healthy_leaf,0.0,2
sample_02064,data/tom2024_category_a/CATA-English/onion_diseases/Healthy_leaf/184581824_1669119636666_640x480.jpg,tom_timestamp:1669119636666,472a37657e7d2dd704ffdbd3867f9403407f40edbb13bfa0783d23c719790166,2022-11-22,Healthy_leaf,0.0,2
sample_02067,data/tom2024_category_a/CATA-English/onion_diseases/Healthy_leaf/1017503483_1669120588747_640x480.jpg,tom_timestamp:1669120588747,a6c3c00e8b033d1f8fd91c358498fdb7c942355aaa863053d95a6d74c00cbb31,2022-11-22,Healthy_leaf,0.0,2
sample_02068,data/tom2024_category_a/CATA-English/onion_diseases/Healthy_leaf/975462224_1669120880134_640x480.jpg,tom_timestamp:1669120880134,5799bf42c5c81d5bd31c05574e6c318c822ed21d61bb72fc8615d27ab123466b,2022-11-22,Healthy_leaf,0.0,2
sample_02069,data/tom2024_category_a/CATA-English/onion_diseases/Healthy_leaf/623352144_1669134080342_640x480.jpg,tom_timestamp:1669134080342,6274dc9590a32acab6820be2a9642681ec5226565402bee7f733fd67644fe442,2022-11-22,Healthy_leaf,0.0,2
sample_02070,data/tom2024_category_a/CATA-English/onion_diseases/Healthy_leaf/69691945_1669136969859_640x480.jpg,tom_timestamp:1669136969859,c92b3ae62b38597311f9f9919d1c05bdb6ac5a2bb538515f097f5eaec1adacb1,2022-11-22,Healthy_leaf,0.0,2
sample_02071,data/tom2024_category_a/CATA-English/onion_diseases/Healthy_leaf/948551649_1669137334233_640x480.jpg,tom_timestamp:1669137334233,02ce1db0811e9641e9aa96a70d3553779ed94ec1df6921a4b8c9a808d0c14e69,2022-11-22,Healthy_leaf,0.0,2
sample_02072,data/tom2024_category_a/CATA-English/onion_diseases/Healthy_leaf/841129401_1669137381764_640x480.jpg,tom_timestamp:1669137381764,44b8f164b5cd98b848a65217ce4c8d9e22c434890dea4bba3ef28d76c51df10d,2022-11-22,Healthy_leaf,0.0,2
sample_02073,data/tom2024_category_a/CATA-English/onion_diseases/Healthy_leaf/849129862_1669137450611_640x480.jpg,tom_timestamp:1669137450611,09a48fac83fb295cb4be89bad3ed4c273aaea3fa6d67340ceacd69ce26c53cee,2022-11-22,Healthy_leaf,0.0,2
sample_02074,data/tom2024_category_a/CATA-English/onion_diseases/Healthy_leaf/1226867517_1669137499802_640x480.jpg,tom_timestamp:1669137499802,4bc467dd3fce4def8b2d0b540b3c7b0503273dcb3969acd6541407cfdbefafff,2022-11-22,Healthy_leaf,0.0,2
sample_02075,data/tom2024_category_a/CATA-English/onion_diseases/Healthy_leaf/1311404799_1669137549270_640x480.jpg,tom_timestamp:1669137549270,41cc771e75e5edfdcee330cc85bd2e45695982a60fb7644474643068fbbbfdf5,2022-11-22,Healthy_leaf,0.0,2
sample_02076,data/tom2024_category_a/CATA-English/onion_diseases/Healthy_leaf/1269363540_1669137610123_640x480.jpg,tom_timestamp:1669137610123,345d7a0e7575482dc8c10cc736d74398ba2b3fba44654f4a727741a39fea2598,2022-11-22,Healthy_leaf,0.0,2
sample_02077,data/tom2024_category_a/CATA-English/onion_diseases/Healthy_leaf/1679648364_1669137827588_640x480.jpg,tom_timestamp:1669137827588,39bb217f43283da14f94c09e91a6dfac18e7458eb2da42bad800201807839898,2022-11-22,Healthy_leaf,0.0,2
sample_02078,data/tom2024_category_a/CATA-English/onion_diseases/Healthy_leaf/1405722822_1669137873150_640x480.jpg,tom_timestamp:1669137873150,5707e2e4775e7225b61cbfd213429e672ca8098753af5985839e2aca0c790fd9,2022-11-22,Healthy_leaf,0.0,2
sample_02079,data/tom2024_category_a/CATA-English/onion_diseases/Healthy_leaf/1633087442_1669137923977_640x480.jpg,tom_timestamp:1669137923977,67d635f0989627a94e425502849d039cc429777f8dfd6b826f141e6732a4677e,2022-11-22,Healthy_leaf,0.0,2
sample_02080,data/tom2024_category_a/CATA-English/onion_diseases/Healthy_leaf/624868828_1669138250044_640x480.jpg,tom_timestamp:1669138250044,8174cfbec3dd2d7425d869f3266156184eb67eee4458eddba12480d491c9050a,2022-11-22,Healthy_leaf,0.0,2
sample_02081,data/tom2024_category_a/CATA-English/onion_diseases/Healthy_leaf/1128562147_1669138281322_640x480.jpg,tom_timestamp:1669138281322,e684c0f31d124882fbebe6d91f31364fdb9d660cefdd522082b1fb1307521616,2022-11-22,Healthy_leaf,0.0,2
sample_02082,data/tom2024_category_a/CATA-English/onion_diseases/Healthy_leaf/1969445491_1669138317212_640x480.jpg,tom_timestamp:1669138317212,e42580e9de789cc86455dbf86284dae029adfdae2d043b1b5b66c060a76a7dd8,2022-11-22,Healthy_leaf,0.0,2
sample_02083,data/tom2024_category_a/CATA-English/onion_diseases/Healthy_leaf/49326464_1669138356843_640x480.jpg,tom_timestamp:1669138356843,d05a29079ec461e92e38572b4ca5b1bd81b87524f1151a1c5fce51b5a5fa24e1,2022-11-22,Healthy_leaf,0.0,2
sample_02084,data/tom2024_category_a/CATA-English/onion_diseases/Healthy_leaf/199699499_1669138780870_640x480.jpg,tom_timestamp:1669138780870,d5181d08a108da2d5b5d344778e855e8c5a17dc2d5392f2abe3235d7a2aa4bb2,2022-11-22,Healthy_leaf,0.0,2
sample_02085,data/tom2024_category_a/CATA-English/onion_diseases/Healthy_leaf/847246012_1669275291562_640x480.jpg,tom_timestamp:1669275291562,6b2553b3a8c7eb835abdd816e812b9186f037a3b17197cad014def016298080f,2022-11-24,Healthy_leaf,0.0,2
sample_02086,data/tom2024_category_a/CATA-English/onion_diseases/Healthy_leaf/1189578577_1669275371193_640x480.jpg,tom_timestamp:1669275371193,83b5e225fcad99b0a39f9f0f786435fc62eecbe053fb3b253a1b3ebe20479464,2022-11-24,Healthy_leaf,0.0,2
sample_02087,data/tom2024_category_a/CATA-English/onion_diseases/Fusarium-D/2076893506_1669276251276_640x480.jpg,tom_timestamp:1669276251276,894776a003ece4881b3a45851495128346ba7d063d96db22411cd885369fa9e8,2022-11-24,Fusarium-D,1.0,2
sample_02088,data/tom2024_category_a/CATA-English/onion_diseases/Fusarium-D/1964951595_1669276445019_640x480.jpg,tom_timestamp:1669276445019,1015172f6912766e93aea8f99f9c682592a738efbdf74803f64fd74dd1d9109a,2022-11-24,Fusarium-D,1.0,2
sample_02089,data/tom2024_category_a/CATA-English/onion_diseases/Fusarium-D/883312755_1669276489820_640x480.jpg,tom_timestamp:1669276489820,31afdf9f1eab615c7400f2b263329cc564b5aad05d6bb6d03c985eb37414c022,2022-11-24,Fusarium-D,1.0,2
sample_02090,data/tom2024_category_a/CATA-English/onion_diseases/Healthy_leaf/1636671559_1669276888937_640x480.jpg,tom_timestamp:1669276888937,394b67c6668eb4bc3d0553efc52a3b1e24843119b55fa4250d372005ae5d8939,2022-11-24,Healthy_leaf,0.0,2
sample_02094,data/tom2024_category_a/CATA-English/onion_diseases/Healthy_leaf/46403749_1669278741995_640x480.jpg,tom_timestamp:1669278741995,f9d96f988e089b372f1864eb24b0812a4d5813046b7a6626c0df5b13c3dbafd4,2022-11-24,Healthy_leaf,0.0,2
sample_02096,data/tom2024_category_a/CATA-English/onion_diseases/Healthy_leaf/1745210224_1669278834049_640x480.jpg,tom_timestamp:1669278834049,1f65cc9bb9a83e30ab99af5dc12f772dc2d7312185180b2414ca39597e9e2ef1,2022-11-24,Healthy_leaf,0.0,2
sample_02125,data/tom2024_category_a/CATA-English/onion_diseases/Healthy_leaf/1475724081_1669287252376_640x480.jpg,tom_timestamp:1669287252376,970bc3b93df7b11bdef1019eaf0f82382d08dab4fd52cf3c6b6c2909e94f3fbe,2022-11-24,Healthy_leaf,0.0,2
sample_02126,data/tom2024_category_a/CATA-English/onion_diseases/Healthy_leaf/1283932664_1669287343831_640x480.jpg,tom_timestamp:1669287343831,300fb99057d3eb98c33fd3625ce97a0713a496581311e3ceefc6ebaea555f9be,2022-11-24,Healthy_leaf,0.0,2
sample_02127,data/tom2024_category_a/CATA-English/onion_diseases/Healthy_leaf/695324851_1669366982909_640x480.jpg,tom_timestamp:1669366982909,18d8e5ffb1faf3179fb7e48f5b01f604bba6021b596e52e96d3a120c77fe3ec4,2022-11-25,Healthy_leaf,0.0,0
sample_02128,data/tom2024_category_a/CATA-English/onion_diseases/Healthy_leaf/496442501_1669457474147_640x480.jpg,tom_timestamp:1669457474147,1782f223b8d0e8533e1979b9f39c942707a93f16b1bd38a2790dae9a284edcae,2022-11-26,Healthy_leaf,0.0,4
sample_02129,data/tom2024_category_a/CATA-English/onion_diseases/Fusarium-D/1466307543_1669457546236_640x480.jpg,tom_timestamp:1669457546236,a7c01d0bc0aa0ffc2fd8aa862b0c5a29a46dbe0d5c3f7f9290a868ef45eefe8c,2022-11-26,Fusarium-D,1.0,4
sample_02130,data/tom2024_category_a/CATA-English/onion_diseases/Fusarium-D/1690684905_1669458727260_640x480.jpg,tom_timestamp:1669458727260,52a8f5ee04cf06a1bcfb8b677f742f4ce97fff95c179b499322280a6466bc311,2022-11-26,Fusarium-D,1.0,4
sample_02131,data/tom2024_category_a/CATA-English/onion_diseases/Healthy_leaf/699193158_1669715110394_640x480.jpg,tom_timestamp:1669715110394,a3a6a27a0e83900f991634fe61d01212ad3b9dc4c57390e2107cf72de45cdaf2,2022-11-29,Healthy_leaf,0.0,4
sample_02132,data/tom2024_category_a/CATA-English/onion_diseases/Healthy_leaf/1647953514_1669715196385_640x480.jpg,tom_timestamp:1669715196385,addb0de0dbb512cf4943203da24c6614876a02cc87bafdd7bdadb14b33bc2343,2022-11-29,Healthy_leaf,0.0,4
sample_02133,data/tom2024_category_a/CATA-English/onion_diseases/Healthy_leaf/1623016585_1669715686549_640x480.jpg,tom_timestamp:1669715686549,1db8f360b026db842899f6aafd58731c5480cef063f2cc58b6d52c50c0d7301b,2022-11-29,Healthy_leaf,0.0,4
sample_02134,data/tom2024_category_a/CATA-English/onion_diseases/Healthy_leaf/64879705_1669881510762_640x480.jpg,tom_timestamp:1669881510762,83cb046e8a4a9d2ccb4249e709c40edaf1c0d7af2ba2d383b2bacb2f224b4848,2022-12-01,Healthy_leaf,0.0,3
sample_02135,data/tom2024_category_a/CATA-English/onion_diseases/Healthy_leaf/424083944_1669881559930_640x480.jpg,tom_timestamp:1669881559930,7e19c4a1e4e8ee22759900fe60ee20278763e1f7e408c12abd4708b12c070d02,2022-12-01,Healthy_leaf,0.0,3
sample_02136,data/tom2024_category_a/CATA-English/onion_diseases/Healthy_leaf/75451436_1669881601790_640x480.jpg,tom_timestamp:1669881601790,a77948825573959fb4274991b3de87b1b04a12854c5a5ab73c10a50358676e11,2022-12-01,Healthy_leaf,0.0,3
sample_02137,data/tom2024_category_a/CATA-English/onion_diseases/Healthy_leaf/647551778_1669881663034_640x480.jpg,tom_timestamp:1669881663034,1a2eef3a6a2b4614039faa3888d9ade055f0e2db0e2e14ca782080e7189172e0,2022-12-01,Healthy_leaf,0.0,3
sample_02138,data/tom2024_category_a/CATA-English/onion_diseases/Healthy_leaf/241915703_1669884767378_640x480.jpg,tom_timestamp:1669884767378,411681935f17edefc6b471de235b2406a631b0b4c37fc659ef7f5cd85535fa9c,2022-12-01,Healthy_leaf,0.0,3
sample_02139,data/tom2024_category_a/CATA-English/onion_diseases/Healthy_leaf/1292253128_1669884950552_640x480.jpg,tom_timestamp:1669884950552,24244d26785d77e6753c55e62ce822d24f7990ca8cef5d0111ac8fcc27787165,2022-12-01,Healthy_leaf,0.0,3
sample_02140,data/tom2024_category_a/CATA-English/onion_diseases/Healthy_leaf/1245860319_1669884999647_640x480.jpg,tom_timestamp:1669884999647,4a0f645f7bf1a474b6f0e85a314fd11a04888af4e90f01e111a8a65b783c1ae3,2022-12-01,Healthy_leaf,0.0,3
sample_02141,data/tom2024_category_a/CATA-English/onion_diseases/Healthy_leaf/894943192_1669885056618_640x480.jpg,tom_timestamp:1669885056618,6f12b14e16e8b023a41def5fcf3064482703be95aa736a65382a17312e29ac38,2022-12-01,Healthy_leaf,0.0,3
sample_02142,data/tom2024_category_a/CATA-English/onion_diseases/Fusarium-D/599481506_1670331521259_640x480.jpg,tom_timestamp:1670331521259,23efc8b01cdcc2546642b47a57351722a9293d73b1b89c4e41f42d625d7fdef6,2022-12-06,Fusarium-D,1.0,4
sample_02143,data/tom2024_category_a/CATA-English/onion_diseases/Fusarium-D/646951956_1670331604493_640x480.jpg,tom_timestamp:1670331604493,a25f03e62842093025e05937a480ab78fe4189cb8f443329f44db72a90e3794e,2022-12-06,Fusarium-D,1.0,4
sample_02144,data/tom2024_category_a/CATA-English/onion_diseases/Fusarium-D/1548864739_1670331846980_640x480.jpg,tom_timestamp:1670331846980,17268f060d1f0b2423fb5af10125d1bfd9a049b708f8a6f1f616ec9467c44d58,2022-12-06,Fusarium-D,1.0,4
sample_02145,data/tom2024_category_a/CATA-English/onion_diseases/Fusarium-D/2037050676_1670331911663_640x480.jpg,tom_timestamp:1670331911663,aabecdd2dc7ceb2e1f84b2334dec1718c97440c29e474bd8f3eb34029986859f,2022-12-06,Fusarium-D,1.0,4
sample_02146,data/tom2024_category_a/CATA-English/onion_diseases/Fusarium-D/79410053_1670332028003_640x480.jpg,tom_timestamp:1670332028003,ea5878ca734a5df29413a6f1cce24381f0abe38f872963d939505ed4fc6e7c7c,2022-12-06,Fusarium-D,1.0,4
sample_02147,data/tom2024_category_a/CATA-English/onion_diseases/Healthy_leaf/175467370_1670407590849_640x480.jpg,tom_timestamp:1670407590849,65078fc9ee7e2a37b3afffa14568f72e24ad6a2c324788570cc595a70e0dea0e,2022-12-07,Healthy_leaf,0.0,1
sample_02148,data/tom2024_category_a/CATA-English/onion_diseases/Healthy_leaf/1935135171_1670407648855_640x480.jpg,tom_timestamp:1670407648855,3a7e795fe782a6563c3567e7d4a8053710000567525e8b2f0c8cfaf40e996073,2022-12-07,Healthy_leaf,0.0,1
sample_02149,data/tom2024_category_a/CATA-English/onion_diseases/Healthy_leaf/162817909_1670407702650_640x480.jpg,tom_timestamp:1670407702650,61fe11d9fda50daf1f830cd65e72a60c031c09f4080e7cfa4b3f7a422cb570b8,2022-12-07,Healthy_leaf,0.0,1
sample_02150,data/tom2024_category_a/CATA-English/onion_diseases/Healthy_leaf/1931238385_1670407758696_640x480.jpg,tom_timestamp:1670407758696,864fc5c7afc0016e438cff46ea7ba3686ca0597694eac3480596d52be351b948,2022-12-07,Healthy_leaf,0.0,1
sample_02151,data/tom2024_category_a/CATA-English/onion_diseases/Healthy_leaf/842340499_1670407887624_640x480.jpg,tom_timestamp:1670407887624,ebf125d3823a2ac578c848f275aa73e2b7fc2ab87aa97a9b9ac36707ed7935bc,2022-12-07,Healthy_leaf,0.0,1
sample_02152,data/tom2024_category_a/CATA-English/onion_diseases/Healthy_leaf/882433365_1670407938407_640x480.jpg,tom_timestamp:1670407938407,3f169e4db4d9886b10052c82fd96abb4cbab4edb97217a1003a2970bcdaaf599,2022-12-07,Healthy_leaf,0.0,1
sample_02153,data/tom2024_category_a/CATA-English/onion_diseases/Healthy_leaf/245861562_1670407988240_640x480.jpg,tom_timestamp:1670407988240,dc2218507527e104044ac324de3feb02475ac29e0432f0c1a39499544f6f4da1,2022-12-07,Healthy_leaf,0.0,1
sample_02154,data/tom2024_category_a/CATA-English/onion_diseases/Healthy_leaf/588026014_1670408044780_640x480.jpg,tom_timestamp:1670408044780,a3b9527533a3f341028a6d1ad434ad9013210411bfb8be8e0dd5d9002c63e2a0,2022-12-07,Healthy_leaf,0.0,1
sample_02155,data/tom2024_category_a/CATA-English/onion_diseases/Healthy_leaf/1572982450_1670408093373_640x480.jpg,tom_timestamp:1670408093373,686564f0ecb7ab86a74aa9b0272ec0e88c7f199896cc87535db86138baac90d8,2022-12-07,Healthy_leaf,0.0,1
sample_02156,data/tom2024_category_a/CATA-English/onion_diseases/Healthy_leaf/1962162588_1670408134900_640x480.jpg,tom_timestamp:1670408134900,2b0989709c4760e42e19c94d3a80c1d4c769d311d9f8dae678ca50d616bb4d61,2022-12-07,Healthy_leaf,0.0,1
sample_02157,data/tom2024_category_a/CATA-English/onion_diseases/Healthy_leaf/1293211729_1670408177173_640x480.jpg,tom_timestamp:1670408177173,5e642955833a6f3f224b463dd4db56bde2bd8704d16052ec1b4060ac050cd535,2022-12-07,Healthy_leaf,0.0,1
sample_02158,data/tom2024_category_a/CATA-English/onion_diseases/Healthy_leaf/813519793_1670408243726_640x480.jpg,tom_timestamp:1670408243726,d840808969ce241465573bf23d8a4fcf87e59ef861bd36aa4afdea5b81ef2c83,2022-12-07,Healthy_leaf,0.0,1
sample_02159,data/tom2024_category_a/CATA-English/onion_diseases/Healthy_leaf/1764851419_1670408285020_640x480.jpg,tom_timestamp:1670408285020,6af62909a9ac640e115112f69dfc3d4bbc7703ae203c1d82774b4dbcca93ba27,2022-12-07,Healthy_leaf,0.0,1
sample_02160,data/tom2024_category_a/CATA-English/onion_diseases/Healthy_leaf/573219061_1670408371801_640x480.jpg,tom_timestamp:1670408371801,07e0214535f969ba3c5b6af786d312a22615875b2700d4b92d1e7789ec1db413,2022-12-07,Healthy_leaf,0.0,1
sample_02161,data/tom2024_category_a/CATA-English/onion_diseases/Healthy_leaf/1877702858_1670408435714_640x480.jpg,tom_timestamp:1670408435714,481298401cf8bcf63c08ad9567e83fca9d2c3f45956dce0cc9ab64938f829b34,2022-12-07,Healthy_leaf,0.0,1
sample_02162,data/tom2024_category_a/CATA-English/onion_diseases/Healthy_leaf/1411985899_1670408487662_640x480.jpg,tom_timestamp:1670408487662,abc49caf09d90d661324d126aa20334a51bf662fdf8afda34ceb408a19b9dfbb,2022-12-07,Healthy_leaf,0.0,1
sample_02163,data/tom2024_category_a/CATA-English/onion_diseases/Healthy_leaf/37601450_1670408535811_640x480.jpg,tom_timestamp:1670408535811,f0756da659985b320c1054a2f7bd4ecaf3ecbe30337d9e5b43841ede63c91597,2022-12-07,Healthy_leaf,0.0,1
sample_02164,data/tom2024_category_a/CATA-English/onion_diseases/Healthy_leaf/527112903_1670408591064_640x480.jpg,tom_timestamp:1670408591064,b997285ea85c73468e296607be0021ddf304bc5cdba3192f9d0fbead14c22f04,2022-12-07,Healthy_leaf,0.0,1
sample_02165,data/tom2024_category_a/CATA-English/onion_diseases/Healthy_leaf/112931293_1670408644056_640x480.jpg,tom_timestamp:1670408644056,2e08a7893360b31203f25fbd07bbf333d6439ef6a7e800b6573acd0252bceda8,2022-12-07,Healthy_leaf,0.0,1
sample_02166,data/tom2024_category_a/CATA-English/onion_diseases/Healthy_leaf/687602905_1670408743357_640x480.jpg,tom_timestamp:1670408743357,6a6578edeccc7e5deb68443c0d29e3275fe4b7c8a7fda9b72eb39bb25e0c0cac,2022-12-07,Healthy_leaf,0.0,1
sample_02167,data/tom2024_category_a/CATA-English/onion_diseases/Healthy_leaf/1439597417_1670408789962_640x480.jpg,tom_timestamp:1670408789962,f8b953cb3d7012979c81aee105bb2e33b0be18b06f5eff3b8c3815b05df5f4e2,2022-12-07,Healthy_leaf,0.0,1
sample_02168,data/tom2024_category_a/CATA-English/onion_diseases/Healthy_leaf/1844765468_1670408891152_640x480.jpg,tom_timestamp:1670408891152,8f948e15cbbe02a65039ff89eb9be867c646bcdfe1381c482526d86bc00b0375,2022-12-07,Healthy_leaf,0.0,1
sample_02169,data/tom2024_category_a/CATA-English/onion_diseases/Healthy_leaf/16106543_1670408942782_640x480.jpg,tom_timestamp:1670408942782,a0c1c1936962d9d352260fffb13e1815998548e96f022cf1685bc8296ecc69cd,2022-12-07,Healthy_leaf,0.0,1
sample_02170,data/tom2024_category_a/CATA-English/onion_diseases/Healthy_leaf/16403742_1670415597590_640x480.jpg,tom_timestamp:1670415597590,baf5cffb9a69f539e4fd3ba220f5f53649bde516b23d8f012baf9357606dd774,2022-12-07,Healthy_leaf,0.0,1
sample_02171,data/tom2024_category_a/CATA-English/onion_diseases/Fusarium-D/1572214766_1670426584307_640x480.jpg,tom_timestamp:1670426584307,10dba7a2400862c4c78c03ea45ae8d572335b3e7113cab485782240647aecc9d,2022-12-07,Fusarium-D,1.0,1
sample_02172,data/tom2024_category_a/CATA-English/onion_diseases/Fusarium-D/497953510_1670426965877_640x480.jpg,tom_timestamp:1670426965877,3cb10cec1c9b44eb811eb3ad287eccf3fb7619f1a0268e16f30fbecc28c41177,2022-12-07,Fusarium-D,1.0,1
sample_02173,data/tom2024_category_a/CATA-English/onion_diseases/Healthy_leaf/1592774127_1670427286418_640x480.jpg,tom_timestamp:1670427286418,68d1a114931ad762a26ac5f6d7b1500c4e4cc5af7bcedb0168064da79db80796,2022-12-07,Healthy_leaf,0.0,1
sample_02174,data/tom2024_category_a/CATA-English/onion_diseases/Healthy_leaf/551060040_1670427327853_640x480.jpg,tom_timestamp:1670427327853,d2ef87addfcf156c6154be988249c10e939f3ef24736abf2a3859d3c1fd814f8,2022-12-07,Healthy_leaf,0.0,1
sample_02175,data/tom2024_category_a/CATA-English/onion_diseases/Healthy_leaf/476471612_1670427364575_640x480.jpg,tom_timestamp:1670427364575,be8e8d8a4fae5938bb5533caadea4eade45d05f8f09c7180fbc9091359e5a32e,2022-12-07,Healthy_leaf,0.0,1
sample_02176,data/tom2024_category_a/CATA-English/onion_diseases/Healthy_leaf/311694603_1670927361381_640x480.jpg,tom_timestamp:1670927361381,2d5ff852f0bf6e51adcc05f49d9ad2069d8c560dbdf004b1d53040606cfcb1ee,2022-12-13,Healthy_leaf,0.0,0
sample_02177,data/tom2024_category_a/CATA-English/onion_diseases/Fusarium-D/1386033411_1670927600002_640x480.jpg,tom_timestamp:1670927600002,2a3c4deaed84e02cc212ec4c9b3b930d8893db118528119389ef27bbf3258342,2022-12-13,Fusarium-D,1.0,0
sample_02178,data/tom2024_category_a/CATA-English/onion_diseases/Healthy_leaf/1329978399_1670928397729_640x480.jpg,tom_timestamp:1670928397729,fe7162060c1b2b684c0a4da2c534efd9f1fa74510c3dad80f5f3b8d4a90d0ffa,2022-12-13,Healthy_leaf,0.0,0
sample_02179,data/tom2024_category_a/CATA-English/onion_diseases/Healthy_leaf/312226919_1670928570335_640x480.jpg,tom_timestamp:1670928570335,6fbd337f56fe8f23f7cdaa5c551ebeb69d3cf89317dfc041a9709fe14f965764,2022-12-13,Healthy_leaf,0.0,0
sample_02180,data/tom2024_category_a/CATA-English/onion_diseases/Fusarium-D/1077235095_1670928652617_640x480.jpg,tom_timestamp:1670928652617,8903564e8bcac78ec63e7082e28da29d3163b64dfbed0477102bcbb95d26a392,2022-12-13,Fusarium-D,1.0,0
sample_02181,data/tom2024_category_a/CATA-English/onion_diseases/Fusarium-D/1564382167_1670932163357_640x480.jpg,tom_timestamp:1670932163357,eb4001d3da471b55dffb2638c5141a0edd097392d1dd0b78e8b7de4977be2e42,2022-12-13,Fusarium-D,1.0,0
sample_02182,data/tom2024_category_a/CATA-English/onion_diseases/Fusarium-D/593191609_1670932204287_640x480.jpg,tom_timestamp:1670932204287,56df931ba4c6f00965e76adaae11c948bfd3222e1ec4c5fcac3a2ffb217700b3,2022-12-13,Fusarium-D,1.0,0
sample_02186,data/tom2024_category_a/CATA-English/onion_diseases/Alternaria_D/408816552_1670934023158_640x480 - Copie - Copie - Copie.jpg,tom_timestamp:1670934023158,4f8061c56459d5847128e4e5fb7631b9589a58aa449b8086e6ddd02c01c767f8,2022-12-13,Alternaria_D,1.0,0
sample_02187,data/tom2024_category_a/CATA-English/onion_diseases/Alternaria_D/204375674_1670934811267_640x480 - Copie - Copie - Copie.jpg,tom_timestamp:1670934811267,db8a97cf5e02a66b1fc7ad3ebbcf2875a82fc1043bda26ae5fb393878426ab34,2022-12-13,Alternaria_D,1.0,0
sample_02193,data/tom2024_category_a/CATA-English/onion_diseases/Fusarium-D/584632814_1670944795962_640x480.jpg,tom_timestamp:1670944795962,3d0ce435ac858efdb2b2c948840daba88caf8d69357870cedc5eef9237f2b451,2022-12-13,Fusarium-D,1.0,0
sample_02194,data/tom2024_category_a/CATA-English/onion_diseases/Fusarium-D/1994144762_1671011394986_640x480.jpg,tom_timestamp:1671011394986,b141c01c35a096d541fea88d5b401fdcf1b35f75d3db92e4d97ce0296786649c,2022-12-14,Fusarium-D,1.0,0
sample_02196,data/tom2024_category_a/CATA-English/onion_diseases/Healthy_leaf/234957492_1671011881311_640x480.jpg,tom_timestamp:1671011881311,ef9758ed1b4e58060222e847c83625fbc50a5bd3ffb90da1c5478af7463e7582,2022-12-14,Healthy_leaf,0.0,0
sample_02197,data/tom2024_category_a/CATA-English/onion_diseases/Fusarium-D/853618756_1671011942347_640x480.jpg,tom_timestamp:1671011942347,b2c1a91b91a32c57dff47ef4509a19714f4d47bb996869673e33d9c10b586bc3,2022-12-14,Fusarium-D,1.0,0
sample_02198,data/tom2024_category_a/CATA-English/onion_diseases/Healthy_leaf/2071459313_1671012160703_640x480.jpg,tom_timestamp:1671012160703,f7ed1d8a6e475cca828496f333be0105f454fe51fc580936644c52fbaa6b76f7,2022-12-14,Healthy_leaf,0.0,0
sample_02199,data/tom2024_category_a/CATA-English/onion_diseases/Healthy_leaf/1095580979_1671012472816_640x480.jpg,tom_timestamp:1671012472816,b9f1c85e091b82e1862ddfbd2d2d4693a5cfa68bfe90c06fea94f9678764170a,2022-12-14,Healthy_leaf,0.0,0
sample_02200,data/tom2024_category_a/CATA-English/onion_diseases/Fusarium-D/2044341335_1671013097819_640x480.jpg,tom_timestamp:1671013097819,b4833f9f76e417cabb6e319996ef16f4abeaa243f1bc8bfee61c56c66a7c0a4b,2022-12-14,Fusarium-D,1.0,0
sample_02201,data/tom2024_category_a/CATA-English/onion_diseases/Healthy_leaf/552611551_1671013577151_640x480.jpg,tom_timestamp:1671013577151,ae690707a14982b7fd6a77eddac3a456347baf4b9cb7cc0c3b89b099aa243b2f,2022-12-14,Healthy_leaf,0.0,0
sample_02202,data/tom2024_category_a/CATA-English/onion_diseases/Fusarium-D/1380558783_1671013711971_640x480.jpg,tom_timestamp:1671013711971,69c5b0ffabb547ecf7328864e8e47a073463cd81b32fda3f56ce55c7a009caa3,2022-12-14,Fusarium-D,1.0,0
sample_02203,data/tom2024_category_a/CATA-English/onion_diseases/Fusarium-D/830304542_1671013864840_640x480.jpg,tom_timestamp:1671013864840,95e8862a72f5aad00e9739bece6a3fe83c9bb81d29426b98df3474cb2de3b111,2022-12-14,Fusarium-D,1.0,0
sample_02204,data/tom2024_category_a/CATA-English/onion_diseases/Fusarium-D/1630795360_1671013943002_640x480.jpg,tom_timestamp:1671013943002,960970ea5033af905bb924dd05bb8b9e92753867ac924f45d3b9f1f93d0376f8,2022-12-14,Fusarium-D,1.0,0
sample_02205,data/tom2024_category_a/CATA-English/onion_diseases/Fusarium-D/1132735409_1672154214385_640x480.jpg,tom_timestamp:1672154214385,fe7afde220b3945f02ee2626fe04d71016fc7a65b6dfaf7a4ddf467642ee10d2,2022-12-27,Fusarium-D,1.0,4
sample_02206,data/tom2024_category_a/CATA-English/onion_diseases/Fusarium-D/1861222078_1672154272382_640x480.jpg,tom_timestamp:1672154272382,3fa2d1e209ed970684b35f5da3b3765565d2184a74f75d0e93dcb956b21a06e6,2022-12-27,Fusarium-D,1.0,4
sample_02207,data/tom2024_category_a/CATA-English/onion_diseases/Fusarium-D/1362087198_1672154863013_640x480.jpg,tom_timestamp:1672154863013,50732ddcdad6202c9a9a82571d0a69c0a7476c95b5103822d19ce603006d85c1,2022-12-27,Fusarium-D,1.0,4
sample_02208,data/tom2024_category_a/CATA-English/onion_diseases/Fusarium-D/1343553782_1672154920305_640x480.jpg,tom_timestamp:1672154920305,11280d13ae3743787e8a8f2746300f14c3464ecf468496011aa87a002f6145d4,2022-12-27,Fusarium-D,1.0,4
sample_02209,data/tom2024_category_a/CATA-English/onion_diseases/Fusarium-D/1020832274_1672154962329_640x480.jpg,tom_timestamp:1672154962329,3eb68c16189a2c4ba158e40e2bc607c76958b5c7143ef78958fd706ef65c3670,2022-12-27,Fusarium-D,1.0,4
sample_02210,data/tom2024_category_a/CATA-English/onion_diseases/Fusarium-D/307801202_1672155143122_640x480.jpg,tom_timestamp:1672155143122,83030759b782faa627a0bafb7ee9e08d38e5ed82f95b012406d2cff6218cabbe,2022-12-27,Fusarium-D,1.0,4
sample_02211,data/tom2024_category_a/CATA-English/onion_diseases/Alternaria_D/333828530_1672155320437_640x480 - Copie - Copie - Copie.jpg,tom_timestamp:1672155320437,2721bdd5d7084db57b346b50cc2fb6728c057d39b04f4898ffb08e232a4727f6,2022-12-27,Alternaria_D,1.0,4
sample_02212,data/tom2024_category_a/CATA-English/onion_diseases/Healthy_leaf/500618475_1672155393195_640x480.jpg,tom_timestamp:1672155393195,e8e4a44d453a48bbff8cd9972d116e781e543e95d05b2e46e36a78ea0a234100,2022-12-27,Healthy_leaf,0.0,4
sample_02213,data/tom2024_category_a/CATA-English/onion_diseases/Healthy_leaf/1749422262_1672155765813_640x480.jpg,tom_timestamp:1672155765813,2641bf88fcdf805a3cc571b5ddecad72f52b2dfa3f202b934de991d0ae36c456,2022-12-27,Healthy_leaf,0.0,4
sample_02214,data/tom2024_category_a/CATA-English/onion_diseases/Healthy_leaf/1023793514_1672155816908_640x480.jpg,tom_timestamp:1672155816908,eb3e6179314d29341deb2398cf8286996af4074e33c8977f189ea7a2a6949c5d,2022-12-27,Healthy_leaf,0.0,4
sample_02215,data/tom2024_category_a/CATA-English/onion_diseases/Healthy_leaf/1806218689_1672155886164_640x480.jpg,tom_timestamp:1672155886164,6a2b68ec8e138c9bd1089aaec1a86c5c22e41237e81ae61ba309c1471ec1bbaa,2022-12-27,Healthy_leaf,0.0,4
sample_02216,data/tom2024_category_a/CATA-English/onion_diseases/Alternaria_D/142569429_1672156089260_640x480 - Copie - Copie - Copie.jpg,tom_timestamp:1672156089260,f552c421cccd175a0d3abd60b84fb16b98c7ddc8977ab9273669602e2beca529,2022-12-27,Alternaria_D,1.0,4
sample_02217,data/tom2024_category_a/CATA-English/onion_diseases/Healthy_leaf/173454856_1672156143458_640x480.jpg,tom_timestamp:1672156143458,a3545ad97c103c560cd2ce0e07a7c4e0c7c0b2c9488cd12a23ba537b8f7e77f3,2022-12-27,Healthy_leaf,0.0,4
sample_02218,data/tom2024_category_a/CATA-English/onion_diseases/Healthy_leaf/157492710_1672156258848_640x480.jpg,tom_timestamp:1672156258848,af2fa0cdf813510b36a2d45a8bf37913efdd24d9e3afd849aec80139a0ce6479,2022-12-27,Healthy_leaf,0.0,4
sample_02219,data/tom2024_category_a/CATA-English/onion_diseases/Alternaria_D/60642193_1672156320966_640x480 - Copie - Copie - Copie.jpg,tom_timestamp:1672156320966,07c0ad3bc6bece94bc4c8644309744102a06ca38536d14d01c30eacb1a1ce276,2022-12-27,Alternaria_D,1.0,4
sample_02220,data/tom2024_category_a/CATA-English/onion_diseases/Healthy_leaf/383402477_1672156766463_640x480.jpg,tom_timestamp:1672156766463,c3770ff65b85d25ca8bb0a2b71b409577ec668fa464894f90acdba1be2d506d4,2022-12-27,Healthy_leaf,0.0,4
sample_02221,data/tom2024_category_a/CATA-English/onion_diseases/Healthy_leaf/163415441_1672156800774_640x480.jpg,tom_timestamp:1672156800774,7a23fd27b9e48753bd9a5ea3c00416d5ac44cfefde7d44475755af83f2b18068,2022-12-27,Healthy_leaf,0.0,4
sample_02222,data/tom2024_category_a/CATA-English/onion_diseases/Healthy_leaf/2072714862_1672156894121_640x480.jpg,tom_timestamp:1672156894121,83e506148b66d52d687bfa7d001c525e2ec5bac5157ea6c728129ca6c48c9bf0,2022-12-27,Healthy_leaf,0.0,4
sample_02223,data/tom2024_category_a/CATA-English/onion_diseases/Healthy_leaf/321334173_1672156945304_640x480.jpg,tom_timestamp:1672156945304,7bd6b365ad0d36d73888ee111fd7066afaa0d0f93eb10570e5368006b89c80f6,2022-12-27,Healthy_leaf,0.0,4
sample_02224,data/tom2024_category_a/CATA-English/onion_diseases/Healthy_leaf/1387178980_1672157004269_640x480.jpg,tom_timestamp:1672157004269,77c81992ef0b7aa4afb7d486be0e536537cb0cfab44cd9b13cce46eabb3c50b0,2022-12-27,Healthy_leaf,0.0,4
sample_02225,data/tom2024_category_a/CATA-English/onion_diseases/Healthy_leaf/665873554_1672159048845_640x480.jpg,tom_timestamp:1672159048845,2c79df8efc3121b8fbba47b3c81600c9476e4ab8aa8df4b5d13d56823f2b2501,2022-12-27,Healthy_leaf,0.0,4
sample_02226,data/tom2024_category_a/CATA-English/onion_diseases/Healthy_leaf/1607711090_1672159148886_640x480.jpg,tom_timestamp:1672159148886,4359c057049eaf7ae40b23cef59915eeb22bd16885cd6f48c01a2e1cdcfab1ce,2022-12-27,Healthy_leaf,0.0,4
sample_02227,data/tom2024_category_a/CATA-English/onion_diseases/Fusarium-D/1896391800_1672159463584_640x480.jpg,tom_timestamp:1672159463584,a7e1359cdb7f06c6e3abc3cb4ca08581d20b27b886e3ff37cc20dcd2dfacd675,2022-12-27,Fusarium-D,1.0,4
sample_02229,data/tom2024_category_a/CATA-English/onion_diseases/Alternaria_D/402375542_1672160795167_640x480 - Copie - Copie - Copie.jpg,tom_timestamp:1672160795167,f4128a33ad560809fef8db6887124cd2ca9009f4bce5f97887551e19c5ead3e9,2022-12-27,Alternaria_D,1.0,4
sample_02230,data/tom2024_category_a/CATA-English/onion_diseases/Alternaria_D/414453660_1672161080890_640x480 - Copie - Copie - Copie.jpg,tom_timestamp:1672161080890,d9031603c70911a9639725fd51290c94cfa9bf82fbc46efd9da9653e1900c04e,2022-12-27,Alternaria_D,1.0,4
sample_02231,data/tom2024_category_a/CATA-English/onion_diseases/Alternaria_D/98693748_1672161289318_640x480 - Copie - Copie - Copie.jpg,tom_timestamp:1672161289318,0408ab9a3d08cb6ddc9fe21cfd146a1d717aa556bb39121d29a3749fb0c66972,2022-12-27,Alternaria_D,1.0,4
sample_02232,data/tom2024_category_a/CATA-English/onion_diseases/Healthy_leaf/352408411_1672248740138_640x480.jpg,tom_timestamp:1672248740138,f53dd71ca49a9700ddc592e9242da4fc8c3fe28b5f1b8a4c40da53907252485f,2022-12-28,Healthy_leaf,0.0,1
sample_02233,data/tom2024_category_a/CATA-English/onion_diseases/Healthy_leaf/1909919953_1672248782022_640x480.jpg,tom_timestamp:1672248782022,67e32e92c00da95c917a4a28fe07b2ba1a12122e50f16bfee9ed38debb935057,2022-12-28,Healthy_leaf,0.0,1
sample_02234,data/tom2024_category_a/CATA-English/onion_diseases/Healthy_leaf/203151793_1672248821835_640x480.jpg,tom_timestamp:1672248821835,2e03186371c85b4fd63c03a9e2f72c207c7724d5b1f21bb5e579ca6966d12f0d,2022-12-28,Healthy_leaf,0.0,1
sample_02235,data/tom2024_category_a/CATA-English/onion_diseases/Healthy_leaf/128731478_1672248858200_640x480.jpg,tom_timestamp:1672248858200,edb3ac2100e2d867457818e14b162b3d0623daf16837f781a01691adf6b89d3f,2022-12-28,Healthy_leaf,0.0,1
sample_02236,data/tom2024_category_a/CATA-English/onion_diseases/Healthy_leaf/1447683792_1672248932173_640x480.jpg,tom_timestamp:1672248932173,8375cd1c8b069ced5ec3fa299e0ba17909244de59c894d229dcfc5580c893678,2022-12-28,Healthy_leaf,0.0,1
sample_02237,data/tom2024_category_a/CATA-English/onion_diseases/Healthy_leaf/299002221_1672248992614_640x480.jpg,tom_timestamp:1672248992614,ee3a6f7a0ff832e5378f3ef5bbd67260d427f980e5e8e29ea602a0d3cffc1ffe,2022-12-28,Healthy_leaf,0.0,1
sample_02238,data/tom2024_category_a/CATA-English/onion_diseases/Healthy_leaf/1826499088_1672249036518_640x480.jpg,tom_timestamp:1672249036518,2a9af0af37ad1ff097361a128d4108c693c3a6448169b7a6e655f9e435ed75bd,2022-12-28,Healthy_leaf,0.0,1
sample_02239,data/tom2024_category_a/CATA-English/onion_diseases/Healthy_leaf/1967416809_1672249069662_640x480.jpg,tom_timestamp:1672249069662,6e91431f63792dd5cc2578b230843272bc4075d4ed86f0100e2104a4a89f3842,2022-12-28,Healthy_leaf,0.0,1
sample_02240,data/tom2024_category_a/CATA-English/onion_diseases/Healthy_leaf/1301362647_1672249121414_640x480.jpg,tom_timestamp:1672249121414,f371c85f92ebdbebf1deac43d349824a9322042f8e19177f1c137de7444fd4f2,2022-12-28,Healthy_leaf,0.0,1
sample_02241,data/tom2024_category_a/CATA-English/onion_diseases/Healthy_leaf/2062851249_1672249202837_640x480.jpg,tom_timestamp:1672249202837,2f44bb99204cd38be4edebb937f467adc9d1bf8b0b248a545d7eee3ad305f6c9,2022-12-28,Healthy_leaf,0.0,1
sample_02242,data/tom2024_category_a/CATA-English/onion_diseases/Healthy_leaf/93755134_1672832541504_640x480.jpg,tom_timestamp:1672832541504,411699e4afdeea48e27dafeb1f8a6ac6cd75db391f219ef832b2672d2f9b0a53,2023-01-04,Healthy_leaf,0.0,0
sample_02243,data/tom2024_category_a/CATA-English/onion_diseases/Healthy_leaf/215684675_1672913052875_640x360.jpg,tom_timestamp:1672913052875,71fa3eb91e7393c7403723d9d17830893273e858a87ffbaa7f21b373ba22e819,2023-01-05,Healthy_leaf,0.0,3
sample_02244,data/tom2024_category_a/CATA-English/onion_diseases/Healthy_leaf/1851513318_1672913283135_640x360.jpg,tom_timestamp:1672913283135,646cb6cebd8e88439ad13f5a10999e8703fb278fe05a7ad4bf1f5d259f29cddc,2023-01-05,Healthy_leaf,0.0,3
sample_02245,data/tom2024_category_a/CATA-English/onion_diseases/Healthy_leaf/1602796137_1672913445701_640x360.jpg,tom_timestamp:1672913445701,9a7316a4c624cafb807d4aa461ab8234e7e05c75d35a766087b514fa4cc58b1b,2023-01-05,Healthy_leaf,0.0,3
sample_02246,data/tom2024_category_a/CATA-English/onion_diseases/Healthy_leaf/2067019467_1672913618215_640x360.jpg,tom_timestamp:1672913618215,cfe8e98308ebc668b51e3ef94f2b38f6224ce91784feebd7675f9b8c2c3d9466,2023-01-05,Healthy_leaf,0.0,3
sample_02247,data/tom2024_category_a/CATA-English/onion_diseases/Fusarium-D/620449747_1672913914395_640x360.jpg,tom_timestamp:1672913914395,4e2eaa7ffdb47ce7efc192872343e85db68c706d15397c89ee50339f1645cd09,2023-01-05,Fusarium-D,1.0,3
sample_02248,data/tom2024_category_a/CATA-English/onion_diseases/Healthy_leaf/1926465949_1672914171337_640x360.jpg,tom_timestamp:1672914171337,a43b6018e9b7e857bbeede76a7db952d244ee7ef4575638f8091033a1bc9bd10,2023-01-05,Healthy_leaf,0.0,3
sample_02249,data/tom2024_category_a/CATA-English/onion_diseases/Healthy_leaf/1342507136_1672914620927_640x360.jpg,tom_timestamp:1672914620927,e5f5cb1837f2669fd22be9733e1553985edff7ca2c1b4099ad83c0648556a3d0,2023-01-05,Healthy_leaf,0.0,3
sample_02250,data/tom2024_category_a/CATA-English/onion_diseases/Healthy_leaf/873335146_1672919675632_640x480.jpg,tom_timestamp:1672919675632,ddc626877d59fadbe245cdb4a1abf53a50080811606ada5918481b3fd4150eea,2023-01-05,Healthy_leaf,0.0,3
sample_02251,data/tom2024_category_a/CATA-English/onion_diseases/Healthy_leaf/1194795681_1673086529937_640x480.jpg,tom_timestamp:1673086529937,51d62933e9aaf0c095ed8c162a009825412325fcd0195c5dbcfc6ce50fdb0fb1,2023-01-07,Healthy_leaf,0.0,4
sample_02252,data/tom2024_category_a/CATA-English/onion_diseases/Healthy_leaf/217724841_1673364755724_640x480.jpg,tom_timestamp:1673364755724,76d53ee582cbd73ab39b66dff9a4aed59e684e2185364be8b0e986484ea6dda5,2023-01-10,Healthy_leaf,0.0,0
sample_02253,data/tom2024_category_a/CATA-English/onion_diseases/Healthy_leaf/1407734233_1673364923178_640x480.jpg,tom_timestamp:1673364923178,b3645ff8a68b4db1bc60378cba2c70562a0f813e39a9d365742609bb068916ef,2023-01-10,Healthy_leaf,0.0,0
sample_02254,data/tom2024_category_a/CATA-English/onion_diseases/Healthy_leaf/1316897008_1673364961649_640x480.jpg,tom_timestamp:1673364961649,b4df55917d0e84ec2724a4088b7669febb1e135738987f17de2531a32270bbdd,2023-01-10,Healthy_leaf,0.0,0
sample_02255,data/tom2024_category_a/CATA-English/onion_diseases/Healthy_leaf/1455204683_1673365021535_640x480.jpg,tom_timestamp:1673365021535,d4cd1e79c11ec715c514da50c724a005c5757194bc83539572e329efe2ae435f,2023-01-10,Healthy_leaf,0.0,0
sample_02256,data/tom2024_category_a/CATA-English/onion_diseases/Healthy_leaf/844257229_1673365060330_640x480.jpg,tom_timestamp:1673365060330,db28b6afe81a0e384335102ff2b9148f7c819967dbff1a10408d126f3ca56951,2023-01-10,Healthy_leaf,0.0,0
sample_02257,data/tom2024_category_a/CATA-English/onion_diseases/Healthy_leaf/980616511_1673365394869_640x480.jpg,tom_timestamp:1673365394869,00d9364aaa5ac0b17396bf42a86bd63f134b3cb506975a05c56b3756a14eba76,2023-01-10,Healthy_leaf,0.0,0
sample_02258,data/tom2024_category_a/CATA-English/onion_diseases/Healthy_leaf/1657567831_1673365471060_640x480.jpg,tom_timestamp:1673365471060,159526a8374af1611a8efd7bb2c333d2d06e47071e3a16dfccbd69dba64ed908,2023-01-10,Healthy_leaf,0.0,0
sample_02259,data/tom2024_category_a/CATA-English/onion_diseases/Healthy_leaf/93795122_1673365549713_640x480.jpg,tom_timestamp:1673365549713,d44cbfb7b802480022a95604e0434e5bbeb1a0a2baf728fc6ccc3aa0d1825255,2023-01-10,Healthy_leaf,0.0,0
sample_02260,data/tom2024_category_a/CATA-English/onion_diseases/Healthy_leaf/937249736_1673365613243_640x480.jpg,tom_timestamp:1673365613243,75da7af9e94274194be0dfe8bbf92f99f058b9d7a6530c10ee60fa9a3e65d1a6,2023-01-10,Healthy_leaf,0.0,0
sample_02262,data/tom2024_category_a/CATA-English/onion_diseases/Fusarium-D/1806654126_1673423767623_640x480.jpg,tom_timestamp:1673423767623,4c3b7546f63dbdbb5e49faa7b0e8cb77541f2cebd8d763e9a941adf02409160e,2023-01-11,Fusarium-D,1.0,2
sample_02263,data/tom2024_category_a/CATA-English/onion_diseases/Healthy_leaf/1298518696_1673423805780_640x480.jpg,tom_timestamp:1673423805780,d7c19fd8122b908131aee483a34d27822df3077d66949f390353ac6a6c701d37,2023-01-11,Healthy_leaf,0.0,2
sample_02264,data/tom2024_category_a/CATA-English/onion_diseases/Fusarium-D/1064686020_1673423848541_640x480.jpg,tom_timestamp:1673423848541,c42adb9a0fc04f8165b0adacf261a287e73f73a92539db59bc3e25b498bae9e6,2023-01-11,Fusarium-D,1.0,2
sample_02265,data/tom2024_category_a/CATA-English/onion_diseases/Healthy_leaf/246803970_1673424428324_640x480.jpg,tom_timestamp:1673424428324,60d74cb0787cb97840b05032c870bc37b9f137962581271c0446e38e6224dd5b,2023-01-11,Healthy_leaf,0.0,2
sample_02266,data/tom2024_category_a/CATA-English/onion_diseases/Healthy_leaf/456206266_1673424698373_640x480.jpg,tom_timestamp:1673424698373,d5ee3a0009b16a85ec40e3108074fdcdadc7fd312bc71fdbe6fa5e36b65574ae,2023-01-11,Healthy_leaf,0.0,2
sample_02267,data/tom2024_category_a/CATA-English/onion_diseases/Fusarium-D/2120971943_1673424865050_640x480.jpg,tom_timestamp:1673424865050,208b5031ae509bb0e2a61b10240649d12bd98269127d5571b621228d10cce0fe,2023-01-11,Fusarium-D,1.0,2
sample_02268,data/tom2024_category_a/CATA-English/onion_diseases/Healthy_leaf/1552807163_1673424905551_640x480.jpg,tom_timestamp:1673424905551,8e256debb36cc826ecd82e1cf5a4cb2cf94fbb98fe826cb321beddb3601b495f,2023-01-11,Healthy_leaf,0.0,2
sample_02269,data/tom2024_category_a/CATA-English/onion_diseases/Fusarium-D/326224479_1673424947257_640x480.jpg,tom_timestamp:1673424947257,5a6be79c3eb0b343aa1ea87afcd8d1fe11ccd0ef936192b74f4f2aaf3953d79c,2023-01-11,Fusarium-D,1.0,2
sample_02270,data/tom2024_category_a/CATA-English/onion_diseases/Fusarium-D/607982369_1673425140603_640x480.jpg,tom_timestamp:1673425140603,ad9a709719c02a0358bbe3d47546fa80042a48d5da689c2a76df004a8722852c,2023-01-11,Fusarium-D,1.0,2
sample_02271,data/tom2024_category_a/CATA-English/onion_diseases/Fusarium-D/1250151476_1673425285003_640x480.jpg,tom_timestamp:1673425285003,b1b691dbb93930a39d366f0e8c190f603a317ba00833c759d7d86fe21d95f2bd,2023-01-11,Fusarium-D,1.0,2
sample_02272,data/tom2024_category_a/CATA-English/onion_diseases/Fusarium-D/2011640078_1673425328202_640x480.jpg,tom_timestamp:1673425328202,37f006c8a2cb8c970f87aec6f558ada5ab910c66c15e4a05b81922dc4781fe8e,2023-01-11,Fusarium-D,1.0,2
sample_02273,data/tom2024_category_a/CATA-English/onion_diseases/Fusarium-D/168799287_1673425429046_640x480.jpg,tom_timestamp:1673425429046,31dacdff65a6140007d2708a77292a748d503badfd050e0cd56a34d43c7c61a9,2023-01-11,Fusarium-D,1.0,2
sample_02274,data/tom2024_category_a/CATA-English/onion_diseases/Healthy_leaf/205282018_1673425488618_640x480.jpg,tom_timestamp:1673425488618,640a1adcc39f7544463c01ae16972e2c30a8900359c0b129c213db2db01c915d,2023-01-11,Healthy_leaf,0.0,2
sample_02275,data/tom2024_category_a/CATA-English/onion_diseases/Healthy_leaf/1699776952_1673425627753_640x480.jpg,tom_timestamp:1673425627753,67d5d5edb1c12f58306e61ca77b243045b2213dbad668446f799fb1ea245a889,2023-01-11,Healthy_leaf,0.0,2
sample_02276,data/tom2024_category_a/CATA-English/onion_diseases/Healthy_leaf/407645166_1673425682687_640x480.jpg,tom_timestamp:1673425682687,20dddddfac487f7b64bb3793588eb27d458e86ba79db5702f22ea71453b0ab98,2023-01-11,Healthy_leaf,0.0,2
sample_02277,data/tom2024_category_a/CATA-English/onion_diseases/Healthy_leaf/780408394_1673426723861_640x480.jpg,tom_timestamp:1673426723861,6a96d02e566fe46f56a07bf4ab68c1023243eb7b6919af47091c5212d8b20e23,2023-01-11,Healthy_leaf,0.0,2
sample_02278,data/tom2024_category_a/CATA-English/onion_diseases/Healthy_leaf/192800670_1673426792638_640x480.jpg,tom_timestamp:1673426792638,40889cb7fff05d3efc17d119d6fda2ea62ab409bba76102fdbc5283cb7a31b7d,2023-01-11,Healthy_leaf,0.0,2
sample_02279,data/tom2024_category_a/CATA-English/onion_diseases/Healthy_leaf/1902762977_1673427057547_640x480.jpg,tom_timestamp:1673427057547,6acdbc141ddb5ada94b1069ddc6b8d83662bd98439540c6b7e7253869ed318ff,2023-01-11,Healthy_leaf,0.0,2
sample_02280,data/tom2024_category_a/CATA-English/onion_diseases/Healthy_leaf/368056137_1673952502543_640x480.jpg,tom_timestamp:1673952502543,b0093cad12ce75d18e2728b6aa5ae3a976d5cd84c52a0fbea89a20c1094ea66f,2023-01-17,Healthy_leaf,0.0,1
sample_02289,data/tom2024_category_a/CATA-English/onion_diseases/Healthy_leaf/2121643642_1673956435546_640x480.jpg,tom_timestamp:1673956435546,bc035933f9550151b73cf2caa87ee0a2c7c067ae0b254a95ce23e11484bd315b,2023-01-17,Healthy_leaf,0.0,1
sample_02290,data/tom2024_category_a/CATA-English/onion_diseases/Healthy_leaf/1331204997_1674055879694_640x480.jpg,tom_timestamp:1674055879694,d33cfd881d87482013d65fc526bb4087d123df694e78f2f13662d39b2f4870e2,2023-01-18,Healthy_leaf,0.0,1
sample_02291,data/tom2024_category_a/CATA-English/onion_diseases/Healthy_leaf/592185373_1674055935703_640x480.jpg,tom_timestamp:1674055935703,290b8ad5fac4d8eeb7b10fddff22786e5884b4c3ed0243c08930a55847487b32,2023-01-18,Healthy_leaf,0.0,1
sample_02292,data/tom2024_category_a/CATA-English/onion_diseases/Healthy_leaf/564651407_1674056030977_640x480.jpg,tom_timestamp:1674056030977,69013e37897c4ca0a59bc1f79da1092f6e8bf98b8eaf6472bb406abeecbb9bdf,2023-01-18,Healthy_leaf,0.0,1
sample_02293,data/tom2024_category_a/CATA-English/onion_diseases/Healthy_leaf/283971158_1674056073237_640x480.jpg,tom_timestamp:1674056073237,02d88b44f12c25fcd7a5cf467bda8dfae700e527c52731cbdac4aa9f22efe96d,2023-01-18,Healthy_leaf,0.0,1
sample_02294,data/tom2024_category_a/CATA-English/onion_diseases/Healthy_leaf/2120175780_1674056120335_640x480.jpg,tom_timestamp:1674056120335,94fdb20e4e92fcda500cb50e16bedbcc298de8f8098c85b1c5e09d37bbcecf64,2023-01-18,Healthy_leaf,0.0,1
sample_02295,data/tom2024_category_a/CATA-English/onion_diseases/Healthy_leaf/696697915_1674056718573_640x480.jpg,tom_timestamp:1674056718573,611939ebef45c0b3aed21fe5ff3aa79bc48e4b3d1ff55eb0ec3c6a98c8d0b053,2023-01-18,Healthy_leaf,0.0,1
sample_02296,data/tom2024_category_a/CATA-English/onion_diseases/Healthy_leaf/1285669931_1674057139051_640x480.jpg,tom_timestamp:1674057139051,53f8eeb9770cab30075d64a886267f75cfef247ee061c4771459df49d27706b1,2023-01-18,Healthy_leaf,0.0,1
sample_02297,data/tom2024_category_a/CATA-English/onion_diseases/Healthy_leaf/1256355685_1674057307454_640x480.jpg,tom_timestamp:1674057307454,71092ae33704c6d2f1bd8746e810d542f127cc9d376349c727e69dd39d9393b2,2023-01-18,Healthy_leaf,0.0,1
sample_02298,data/tom2024_category_a/CATA-English/onion_diseases/Fusarium-D/1893459804_1674057422650_640x480.jpg,tom_timestamp:1674057422650,6dc43a5d08109d39515447cf985b33fd8eec6cf5cc6e4ca48147c2de206e0320,2023-01-18,Fusarium-D,1.0,1
sample_02299,data/tom2024_category_a/CATA-English/onion_diseases/Healthy_leaf/1056512022_1674057459973_640x480.jpg,tom_timestamp:1674057459973,25eafa844e2591261ccb60b68d4cb77c8ac31e8b07f294e6d3e166b1767ef4e0,2023-01-18,Healthy_leaf,0.0,1
sample_02300,data/tom2024_category_a/CATA-English/onion_diseases/Healthy_leaf/2081263874_1674057549452_640x480.jpg,tom_timestamp:1674057549452,08bd228331041d094a5433331e4e5821fbda7efb90fac2116877727362ebd98b,2023-01-18,Healthy_leaf,0.0,1
sample_02301,data/tom2024_category_a/CATA-English/onion_diseases/Healthy_leaf/1575206174_1674057587445_640x480.jpg,tom_timestamp:1674057587445,f92c9806e87ae4e99a24c9150e24c423053fd61698c6f6d28ad29792698a3789,2023-01-18,Healthy_leaf,0.0,1
sample_02302,data/tom2024_category_a/CATA-English/onion_diseases/Healthy_leaf/379054153_1674057635397_640x480.jpg,tom_timestamp:1674057635397,5f8227757e32858bcab2778a869fc74e3ff009ef8aebc3a16e963ab1204386ff,2023-01-18,Healthy_leaf,0.0,1
sample_02303,data/tom2024_category_a/CATA-English/onion_diseases/Healthy_leaf/1097007867_1674057869447_640x480.jpg,tom_timestamp:1674057869447,1879f5f111527958bf09d00a859451751326ae2d3922bf2dbf3cff11ab3b6bfa,2023-01-18,Healthy_leaf,0.0,1
sample_02304,data/tom2024_category_a/CATA-English/onion_diseases/Healthy_leaf/962012877_1674057912280_640x480.jpg,tom_timestamp:1674057912280,a67ad58578f0b6bd65191851a3f4e0fdeaa0d876cca71eefc62a26653016ea94,2023-01-18,Healthy_leaf,0.0,1
sample_02305,data/tom2024_category_a/CATA-English/onion_diseases/Healthy_leaf/500983694_1674057953024_640x480.jpg,tom_timestamp:1674057953024,de0dd97b4bf9972211266c26399ebf2ee8421ad25f665298d48cc6100be537b0,2023-01-18,Healthy_leaf,0.0,1
sample_02306,data/tom2024_category_a/CATA-English/onion_diseases/Healthy_leaf/229084097_1674058378254_640x480.jpg,tom_timestamp:1674058378254,bba37425ad3df4b12108ab4a379242fe9935eafed07df98be31d433b59d0dd25,2023-01-18,Healthy_leaf,0.0,1
sample_02307,data/tom2024_category_a/CATA-English/onion_diseases/Fusarium-D/282606615_1674121496222_640x480.jpg,tom_timestamp:1674121496222,97e6b52415133baa37129ddc7e4ecb972b16b2301988a9d1a9b008671bc6765a,2023-01-19,Fusarium-D,1.0,3
sample_02308,data/tom2024_category_a/CATA-English/onion_diseases/Healthy_leaf/1761139403_1674121729597_640x480.jpg,tom_timestamp:1674121729597,a4401ea5e61a9f7422b9d0134032a7cac103d398cc82c623e8f10fff5743a539,2023-01-19,Healthy_leaf,0.0,3
sample_02309,data/tom2024_category_a/CATA-English/onion_diseases/Alternaria_D/326544482_1674124416925_640x480 - Copie - Copie - Copie.jpg,tom_timestamp:1674124416925,ce6a98721a22f18417a08e91ac6f3912deede0f72ef6d205a352ebcd5cb3276b,2023-01-19,Alternaria_D,1.0,3
sample_02310,data/tom2024_category_a/CATA-English/onion_diseases/Alternaria_D/76333672_1674124626290_640x480 - Copie - Copie - Copie.jpg,tom_timestamp:1674124626290,e4e0aab41bbaa091daabaefdef5c0621eb1a548a37b2dd8cc642cb515dcacce8,2023-01-19,Alternaria_D,1.0,3
sample_02311,data/tom2024_category_a/CATA-English/onion_diseases/Alternaria_D/210289797_1674124814070_640x480 - Copie - Copie - Copie.jpg,tom_timestamp:1674124814070,bbdc4e0e51fd20750e98408d7a52b703c85e08bc7da748d3a567c6ed67a696f3,2023-01-19,Alternaria_D,1.0,3
sample_02312,data/tom2024_category_a/CATA-English/onion_diseases/Alternaria_D/423550103_1674125957857_640x480 - Copie - Copie - Copie.jpg,tom_timestamp:1674125957857,8776efae2c20b4d90c9fa62f5780a6e79071eb5c7dba5f25cda4ab130e5a7c4e,2023-01-19,Alternaria_D,1.0,3
sample_02313,data/tom2024_category_a/CATA-English/onion_diseases/Healthy_leaf/1063264268_1674126492201_640x480.jpg,tom_timestamp:1674126492201,9e4daf95d821cddc85f2804ff7a04ebd75c0f8949c96f84d960b4d69f75134b8,2023-01-19,Healthy_leaf,0.0,3
sample_02314,data/tom2024_category_a/CATA-English/onion_diseases/Healthy_leaf/254253431_1674127409450_640x480.jpg,tom_timestamp:1674127409450,d7a6a2d5b6016c973247a588a0aeed455445f4ad34a26f7a167cee2b9681c1ae,2023-01-19,Healthy_leaf,0.0,3
sample_02316,data/tom2024_category_a/CATA-English/onion_diseases/Healthy_leaf/2122601992_1674555695711_640x480.jpg,tom_timestamp:1674555695711,d7b123b2f87865b60a7c55325dec0ff8201dc15f8c48d113f2f619007210ed9d,2023-01-24,Healthy_leaf,0.0,0
sample_02317,data/tom2024_category_a/CATA-English/onion_diseases/Alternaria_D/71552874_1674560479246_640x480 - Copie - Copie - Copie.jpg,tom_timestamp:1674560479246,545cb393e384a60900faf5d389a46d4ff95c19e59fea009c25e18b3880ee6503,2023-01-24,Alternaria_D,1.0,0
sample_02318,data/tom2024_category_a/CATA-English/onion_diseases/Alternaria_D/445393743_1674560529352_640x480 - Copie - Copie.jpg,tom_timestamp:1674560529352,edbfc8c55ecb7127fb5680f10dd615b60e8bce4f421293725fdfd547ff388cf4,2023-01-24,Alternaria_D,1.0,0
sample_02319,data/tom2024_category_a/CATA-English/onion_diseases/Alternaria_D/148583235_1674560599686_640x480 - Copie - Copie - Copie.jpg,tom_timestamp:1674560599686,7cf59bab7b0d237c83c6adb8e4aade5d2175ebd12c62948164384d7f02e984e4,2023-01-24,Alternaria_D,1.0,0
sample_02320,data/tom2024_category_a/CATA-English/onion_diseases/Healthy_leaf/1251804580_1674574416427_640x480.jpg,tom_timestamp:1674574416427,4d8a0b025a2f81888e35b1c61a854667a714801f5c00a52000db36b3b881fc4b,2023-01-24,Healthy_leaf,0.0,0
sample_02321,data/tom2024_category_a/CATA-English/onion_diseases/Healthy_leaf/125553211_1674574475759_640x480.jpg,tom_timestamp:1674574475759,0b1506494a2bd44852b527194713ed5eda01f085f8d16a69a1b0eea0c616bf7e,2023-01-24,Healthy_leaf,0.0,0
sample_02322,data/tom2024_category_a/CATA-English/onion_diseases/Fusarium-D/1482649998_1674574544321_640x480.jpg,tom_timestamp:1674574544321,fad7b268bcc7b9396a13f8c1bbdaf56afdce21b9422e09106a104ccdeb6f4a67,2023-01-24,Fusarium-D,1.0,0
sample_02323,data/tom2024_category_a/CATA-English/onion_diseases/Healthy_leaf/1143798231_1674574586643_640x480.jpg,tom_timestamp:1674574586643,2e0be14af7c41713168b27df1b8ed881abe142a67e5483ce95c689279f4b38f1,2023-01-24,Healthy_leaf,0.0,0
sample_02324,data/tom2024_category_a/CATA-English/onion_diseases/Healthy_leaf/59210909_1674574726638_640x480.jpg,tom_timestamp:1674574726638,250e9bb369bbd3cc1803e80ffc9535c52d851d445f444128baa1535e97bc700b,2023-01-24,Healthy_leaf,0.0,0
sample_02325,data/tom2024_category_a/CATA-English/onion_diseases/Healthy_leaf/207635551_1674574785961_640x480.jpg,tom_timestamp:1674574785961,3601e5d11c95114bda021e65d045ba5fddefb0e3fe647db5269d5f297779644c,2023-01-24,Healthy_leaf,0.0,0
sample_02326,data/tom2024_category_a/CATA-English/onion_diseases/Healthy_leaf/1935833824_1674574827969_640x480.jpg,tom_timestamp:1674574827969,c32b42f976dd46706f1f073681bb15f79cbb9312e4a14ad46859344d197bc408,2023-01-24,Healthy_leaf,0.0,0
sample_02327,data/tom2024_category_a/CATA-English/onion_diseases/Healthy_leaf/2117715163_1674574870016_640x480.jpg,tom_timestamp:1674574870016,3fdb8bc9d071e460bbba8fc76adee732726748b646e9cbf7d9d7391d3ef6449b,2023-01-24,Healthy_leaf,0.0,0
sample_02328,data/tom2024_category_a/CATA-English/onion_diseases/Healthy_leaf/1326705426_1674574920745_640x480.jpg,tom_timestamp:1674574920745,827505b2d4f4374678d8de58a541a7b7370b6f7ac86e8362f722c282b469bc57,2023-01-24,Healthy_leaf,0.0,0
sample_02329,data/tom2024_category_a/CATA-English/onion_diseases/Healthy_leaf/2066257366_1674574968079_640x480.jpg,tom_timestamp:1674574968079,11e4c471dfc118b82f1b90a1f4462dfcfdbe21466c58dc8b15cb522a90aa8a80,2023-01-24,Healthy_leaf,0.0,0
sample_02330,data/tom2024_category_a/CATA-English/onion_diseases/Healthy_leaf/1532756261_1674575034639_640x480.jpg,tom_timestamp:1674575034639,9cf609f0bbce7efe3f067b07bc04dc2bd53149f1a9e157adb084e10b54a9130b,2023-01-24,Healthy_leaf,0.0,0
sample_02331,data/tom2024_category_a/CATA-English/onion_diseases/Healthy_leaf/1922000942_1674575161732_640x480.jpg,tom_timestamp:1674575161732,193664f3fbc520b398e4175ebcf7c67a41faf4a0e464ac3e247d488ae878549a,2023-01-24,Healthy_leaf,0.0,0
sample_02332,data/tom2024_category_a/CATA-English/onion_diseases/Healthy_leaf/702341078_1674575198547_640x480.jpg,tom_timestamp:1674575198547,612c05427d51e82c30669b159888d455cce37971756054bfc4c986bc081544f4,2023-01-24,Healthy_leaf,0.0,0
sample_02333,data/tom2024_category_a/CATA-English/onion_diseases/Alternaria_D/229233526_1674575486364_640x480 - Copie - Copie - Copie.jpg,tom_timestamp:1674575486364,87afbd75a070528f096422a182be4181db52a0e82e11cad81195b25ba8304b59,2023-01-24,Alternaria_D,1.0,0
sample_02334,data/tom2024_category_a/CATA-English/onion_diseases/Alternaria_D/146228649_1674575528157_640x480 - Copie - Copie - Copie.jpg,tom_timestamp:1674575528157,98a1866e98ce1189f5ceebaa7a94bbc5d5006f4f6ed10bd20bcbfdbf33ae710a,2023-01-24,Alternaria_D,1.0,0
sample_02335,data/tom2024_category_a/CATA-English/onion_diseases/Fusarium-D/1311975774_1674575759460_640x480.jpg,tom_timestamp:1674575759460,6d4da7718e557c6bc79591e826923aafa3f62f92a3863020bddee9ce873d243b,2023-01-24,Fusarium-D,1.0,0
sample_02336,data/tom2024_category_a/CATA-English/onion_diseases/Healthy_leaf/1080246595_1674576176286_640x480.jpg,tom_timestamp:1674576176286,e47bc2efff3476f30b5dc26a84e16744ca4f5914808891c65ada8c0e97a7b2e0,2023-01-24,Healthy_leaf,0.0,0
sample_02337,data/tom2024_category_a/CATA-English/onion_diseases/Healthy_leaf/1175226271_1674576373356_640x480.jpg,tom_timestamp:1674576373356,ad623477f61ad4a7ab8ad7bf4c0dfe27ccd55d96c0c18cb99de919a15729a04e,2023-01-24,Healthy_leaf,0.0,0
sample_02346,data/tom2024_category_a/CATA-English/onion_diseases/Alternaria_D/362928516_1674643968719_640x480 - Copie - Copie - Copie.jpg,tom_timestamp:1674643968719,264decfd07d41500fc8d97ca0541e940e40c84110d1e38cbb0afdb57b7ecc0cf,2023-01-25,Alternaria_D,1.0,2
sample_02347,data/tom2024_category_a/CATA-English/onion_diseases/Alternaria_D/316990471_1674644056010_640x480 - Copie - Copie - Copie.jpg,tom_timestamp:1674644056010,9583f99ad8139efa40e76305b98de15bdcd2ae2768bbb05f147e3b401b50d99b,2023-01-25,Alternaria_D,1.0,2
sample_02348,data/tom2024_category_a/CATA-English/onion_diseases/Alternaria_D/51065390_1674644217324_640x480 - Copie - Copie - Copie.jpg,tom_timestamp:1674644217324,6dc0d076adbb4c4c1271412090a3962c20ed736b2132d6a7b37d5cd586f63dc9,2023-01-25,Alternaria_D,1.0,2
sample_02349,data/tom2024_category_a/CATA-English/onion_diseases/Alternaria_D/433945585_1674644495483_640x480 - Copie - Copie - Copie.jpg,tom_timestamp:1674644495483,9ae9f3bfa4d6d4c6d5691d000f62b39d42c3643b73e34d85b35ef610fc636b9d,2023-01-25,Alternaria_D,1.0,2
sample_02350,data/tom2024_category_a/CATA-English/onion_diseases/Alternaria_D/329381258_1674644564162_640x480 - Copie - Copie - Copie.jpg,tom_timestamp:1674644564162,9b34a258ea52d57fe2ef74dc8c4a2315a4340fe6e1bc716c37198caf5ee43e50,2023-01-25,Alternaria_D,1.0,2
sample_02351,data/tom2024_category_a/CATA-English/onion_diseases/Alternaria_D/440452417_1674647208232_640x480 - Copie - Copie.jpg,tom_timestamp:1674647208232,a038e310a52d4bf937f00ac2260367f67030a30b174495c894487ee9bd1d1589,2023-01-25,Alternaria_D,1.0,2
sample_02352,data/tom2024_category_a/CATA-English/onion_diseases/Alternaria_D/466818181_1674647267380_640x480 - Copie.jpg,tom_timestamp:1674647267380,ada5027b10cf6503b01bcafe8789bacb150276d9628e4b80bd4abf07c10b0182,2023-01-25,Alternaria_D,1.0,2
sample_02353,data/tom2024_category_a/CATA-English/onion_diseases/Alternaria_D/186592696_1674647328021_640x480 - Copie - Copie - Copie.jpg,tom_timestamp:1674647328021,fc029407441267a9ad57fad863814c932b4d527175f12765d60119c23a243668,2023-01-25,Alternaria_D,1.0,2
sample_02354,data/tom2024_category_a/CATA-English/onion_diseases/Alternaria_D/82651246_1674647392271_640x480 - Copie - Copie - Copie.jpg,tom_timestamp:1674647392271,1a5739600db40f6c8ef95f821a0ae94b594d32a8f91ee899263ed404f8c22419,2023-01-25,Alternaria_D,1.0,2
sample_02355,data/tom2024_category_a/CATA-English/onion_diseases/Alternaria_D/193099528_1674647476913_640x480 - Copie - Copie - Copie.jpg,tom_timestamp:1674647476913,4ddd647869f68582dc4629dbd4014f6888bcc39e1765bc8813b01c5aa4d29b45,2023-01-25,Alternaria_D,1.0,2
sample_02356,data/tom2024_category_a/CATA-English/onion_diseases/Alternaria_D/18634549_1674648014446_640x480 - Copie - Copie - Copie.jpg,tom_timestamp:1674648014446,396fc27cce54baaedbd4bae43921679e6ca358e4f38c6629f33c8f7680eea0ff,2023-01-25,Alternaria_D,1.0,2
sample_02357,data/tom2024_category_a/CATA-English/onion_diseases/Healthy_leaf/492532840_1675083077908_640x480.jpg,tom_timestamp:1675083077908,37df1426cee020fc6ff88029cde91c7abee94807666a8accc780deb5886e24fb,2023-01-30,Healthy_leaf,0.0,0
sample_02359,data/tom2024_category_a/CATA-English/onion_diseases/Alternaria_D/262336066_1675166420138_640x480 - Copie - Copie - Copie.jpg,tom_timestamp:1675166420138,064dee916fa9c2edd1f653319dbf2ac3cf554bb0e6119263517bac32615f75e1,2023-01-31,Alternaria_D,1.0,2
sample_02360,data/tom2024_category_a/CATA-English/onion_diseases/Alternaria_D/234386112_1675170116300_640x480 - Copie - Copie - Copie.jpg,tom_timestamp:1675170116300,943e5ff0585c8b524af0319b5f0b1c88deaa74b3c63280e618b7c1cce0a0ed63,2023-01-31,Alternaria_D,1.0,2
sample_02361,data/tom2024_category_a/CATA-English/onion_diseases/Alternaria_D/129367021_1675170179750_640x480 - Copie - Copie - Copie.jpg,tom_timestamp:1675170179750,a3ef954998b585cc73e7be5f0aa2ff56601d8345835b47bdcbd64202aec168f3,2023-01-31,Alternaria_D,1.0,2
sample_02362,data/tom2024_category_a/CATA-English/onion_diseases/Alternaria_D/30399998_1675170245268_640x480 - Copie - Copie - Copie.jpg,tom_timestamp:1675170245268,ecfdacce0557f93f90364d64ba8e407d94410dc85f22319dbe48f3d525053855,2023-01-31,Alternaria_D,1.0,2
sample_02363,data/tom2024_category_a/CATA-English/onion_diseases/Alternaria_D/431190732_1675170340644_640x480 - Copie - Copie - Copie.jpg,tom_timestamp:1675170340644,918d558295aee495f1694224ac49414dcbf0f5e7475e34323de43bfaebccca74,2023-01-31,Alternaria_D,1.0,2
sample_02364,data/tom2024_category_a/CATA-English/onion_diseases/Alternaria_D/338691765_1675170451979_640x480 - Copie - Copie - Copie.jpg,tom_timestamp:1675170451979,b65fde23de17ade38fbf6bd488d909155a74b9e4ea4ab9e614126dfa5291fc54,2023-01-31,Alternaria_D,1.0,2
sample_02366,data/tom2024_category_a/CATA-English/onion_diseases/Alternaria_D/459166453_1675170766606_640x480 - Copie.jpg,tom_timestamp:1675170766606,f4815b1aa522d7d0c86d3c1c85afb81386bb13bb586affd04275a06f60136561,2023-01-31,Alternaria_D,1.0,2
sample_02367,data/tom2024_category_a/CATA-English/onion_diseases/Healthy_leaf/1706892599_1675332753581_640x480.jpg,tom_timestamp:1675332753581,678d4920a95520f54eadf421ae675f34093e9d986997c6aa53b8fae0d82265c5,2023-02-02,Healthy_leaf,0.0,4
sample_02368,data/tom2024_category_a/CATA-English/onion_diseases/Healthy_leaf/974795795_1675332872417_640x480.jpg,tom_timestamp:1675332872417,2f3407ac641f0c73750b845b69cbbc91d9dadede6352df732db8f297b41bbf37,2023-02-02,Healthy_leaf,0.0,4
sample_02369,data/tom2024_category_a/CATA-English/onion_diseases/Healthy_leaf/1622848857_1675332940251_640x480.jpg,tom_timestamp:1675332940251,59b2413ec4beb4fbe3a201354dcff134615aad957b8f109f8f01e85d12cca84a,2023-02-02,Healthy_leaf,0.0,4
sample_02370,data/tom2024_category_a/CATA-English/onion_diseases/Healthy_leaf/1384664631_1675332993302_640x480.jpg,tom_timestamp:1675332993302,98664d2d87e5c654afd3a19e541b3ae7b55b99d00f133728165bcff92a70480f,2023-02-02,Healthy_leaf,0.0,4
sample_02371,data/tom2024_category_a/CATA-English/onion_diseases/Healthy_leaf/1962232940_1675333468187_640x480.jpg,tom_timestamp:1675333468187,6df6a07d661a8de50efd8a30f2209632d1e805cd0de3ad8cbc55aac23980d52d,2023-02-02,Healthy_leaf,0.0,4
sample_02372,data/tom2024_category_a/CATA-English/onion_diseases/Healthy_leaf/1651525007_1675333654660_640x480.jpg,tom_timestamp:1675333654660,331b4a0d6f21a86704242a7399a3c211d0584ab746c66e8081bff8d26f9df0e1,2023-02-02,Healthy_leaf,0.0,4
sample_02373,data/tom2024_category_a/CATA-English/onion_diseases/Fusarium-D/1495009343_1675333791286_640x480.jpg,tom_timestamp:1675333791286,068c9edaa9914b7cbcd2997f8ed677e72abac8130d1ab0403aafe671d58818d3,2023-02-02,Fusarium-D,1.0,4
sample_02374,data/tom2024_category_a/CATA-English/onion_diseases/Healthy_leaf/586796617_1675333837454_640x480.jpg,tom_timestamp:1675333837454,b09eafdf46a6feb7162595a9e4734b69b59892818705a5473dbdbc635d079706,2023-02-02,Healthy_leaf,0.0,4
sample_02375,data/tom2024_category_a/CATA-English/onion_diseases/Healthy_leaf/744715349_1675334124594_640x480.jpg,tom_timestamp:1675334124594,6d09d4bbfd74cadee0c9b976fe69e649328e00207d5ac8447761bfdd3cced155,2023-02-02,Healthy_leaf,0.0,4
sample_02377,data/tom2024_category_a/CATA-English/onion_diseases/Fusarium-D/969418138_1675334277185_640x480.jpg,tom_timestamp:1675334277185,ee2c0d882597013d21fcde3a7d25d67a323e1255e48a1c9ef00aa4db153183ee,2023-02-02,Fusarium-D,1.0,4
sample_02378,data/tom2024_category_a/CATA-English/onion_diseases/Healthy_leaf/861995890_1675334327484_640x480.jpg,tom_timestamp:1675334327484,79614ea8c6cbfd910a22c721c0970f79315185b5d158611192e723436b9b73e5,2023-02-02,Healthy_leaf,0.0,4
sample_02379,data/tom2024_category_a/CATA-English/onion_diseases/Healthy_leaf/1531192414_1675334430576_640x480.jpg,tom_timestamp:1675334430576,0c69102ad1de21783725ab33f46ff0aafa43eacf29161a1c7e886961b78a4de6,2023-02-02,Healthy_leaf,0.0,4
sample_02380,data/tom2024_category_a/CATA-English/onion_diseases/Healthy_leaf/150171796_1675334480255_640x480.jpg,tom_timestamp:1675334480255,6017ede94cb5d8d0e1565fa4b27f50c0b745dd9fafaf71713f4cf6aa4af58d6e,2023-02-02,Healthy_leaf,0.0,4
sample_02381,data/tom2024_category_a/CATA-English/onion_diseases/Healthy_leaf/1105438984_1675334623958_640x480.jpg,tom_timestamp:1675334623958,3fa22ff8a0570629d2ce8709c000867c5d7aa1d3ce2a5325cd9a7fbc67bbd10c,2023-02-02,Healthy_leaf,0.0,4
sample_02382,data/tom2024_category_a/CATA-English/onion_diseases/Healthy_leaf/1220445705_1675334742683_640x480.jpg,tom_timestamp:1675334742683,39ee12c7c390894059fff07d7bdf4c95a8c643d2cd5715d22a4e63de986d61f3,2023-02-02,Healthy_leaf,0.0,4
sample_02383,data/tom2024_category_a/CATA-English/onion_diseases/Healthy_leaf/1018121333_1675334843224_640x480.jpg,tom_timestamp:1675334843224,b957ce1f05f3dc16f0030170d29deaeb863d5be9e1eb6963701ea1b67f870b5b,2023-02-02,Healthy_leaf,0.0,4
sample_02384,data/tom2024_category_a/CATA-English/onion_diseases/Healthy_leaf/1787155381_1675338514582_640x480.jpg,tom_timestamp:1675338514582,9a2aeecf6e4b501d1f60a00a43c6108a5ea8d02d0ff8af52316c6e65d11cfc60,2023-02-02,Healthy_leaf,0.0,4
sample_02385,data/tom2024_category_a/CATA-English/onion_diseases/Healthy_leaf/1050252263_1675338582557_640x480.jpg,tom_timestamp:1675338582557,e31d68bcb6ed0f3ae2cbea3b54f2954402209ac4141caabcdef0611d60280ce3,2023-02-02,Healthy_leaf,0.0,4
sample_02386,data/tom2024_category_a/CATA-English/onion_diseases/Healthy_leaf/59905412_1675338651017_640x480.jpg,tom_timestamp:1675338651017,c916b1c7cb43f390cb0e7416105194cf35a52bc46837db5f0bb41c9811c6a82e,2023-02-02,Healthy_leaf,0.0,4
sample_02387,data/tom2024_category_a/CATA-English/onion_diseases/Healthy_leaf/1503319761_1675338845038_640x480.jpg,tom_timestamp:1675338845038,bf86f55bedafe990df9b9e74fffe7aaa88c4da7c30e14c0b5c554f749950c4f9,2023-02-02,Healthy_leaf,0.0,4
sample_02388,data/tom2024_category_a/CATA-English/onion_diseases/Healthy_leaf/161769132_1675338900729_640x480.jpg,tom_timestamp:1675338900729,5d8d42bcf80dd95c2f0a4190817032a6493a8666e2da0a9bf6b8b660115d92f6,2023-02-02,Healthy_leaf,0.0,4
sample_02389,data/tom2024_category_a/CATA-English/onion_diseases/Healthy_leaf/1354024367_1675338981321_640x480.jpg,tom_timestamp:1675338981321,04d24d294de0cfc2058f32a2b92250994764779a353c3298c35d462ac695e91d,2023-02-02,Healthy_leaf,0.0,4
sample_02390,data/tom2024_category_a/CATA-English/onion_diseases/Healthy_leaf/1392000727_1675339034284_640x480.jpg,tom_timestamp:1675339034284,714f0f8de6ec601d68746057c89371552cdd8782cf2b918c869e518961cdce46,2023-02-02,Healthy_leaf,0.0,4
sample_02391,data/tom2024_category_a/CATA-English/onion_diseases/Fusarium-D/627886609_1675342116812_640x480.jpg,tom_timestamp:1675342116812,98e84e4a8f3355dcdd442630a039cd0af030a5e3762bbaf08e43525e30a3cc57,2023-02-02,Fusarium-D,1.0,4
sample_02392,data/tom2024_category_a/CATA-English/onion_diseases/Alternaria_D/116725145_1675675822175_640x480 - Copie - Copie - Copie.jpg,tom_timestamp:1675675822175,4c9dda8285a4ac787aea2d1fd548d73f9e9014b45f54e3cff1c060471cf02e7b,2023-02-06,Alternaria_D,1.0,2
sample_02393,data/tom2024_category_a/CATA-English/onion_diseases/Alternaria_D/206678609_1675676003540_640x480 - Copie - Copie - Copie.jpg,tom_timestamp:1675676003540,dfe6a2cc31415b0c261b6a37cab37c813735788745a5237c2c61543c4275ac3b,2023-02-06,Alternaria_D,1.0,2
sample_02394,data/tom2024_category_a/CATA-English/onion_diseases/Alternaria_D/448134534_1675676445585_640x480 - Copie - Copie.jpg,tom_timestamp:1675676445585,120c94c8a583c801fd26cea538841856db41385ecbf5b7f5fc64f338d31d331d,2023-02-06,Alternaria_D,1.0,2
sample_02395,data/tom2024_category_a/CATA-English/onion_diseases/Alternaria_D/301242297_1675676502290_640x480 - Copie - Copie - Copie.jpg,tom_timestamp:1675676502290,74e7424cf744ec8bae4c4ffc2c2aac172b5f230e934d7d2973d91780c85297ab,2023-02-06,Alternaria_D,1.0,2
sample_02396,data/tom2024_category_a/CATA-English/onion_diseases/Alternaria_D/407080355_1675676589599_640x480 - Copie - Copie - Copie.jpg,tom_timestamp:1675676589599,982146d68309efc21d1ddff2ae03e26ae87287d4af8a45fb131d33a6e0540fb6,2023-02-06,Alternaria_D,1.0,2
sample_02397,data/tom2024_category_a/CATA-English/onion_diseases/Alternaria_D/169221556_1675676844200_640x480 - Copie - Copie - Copie.jpg,tom_timestamp:1675676844200,beb3c732176174fe988428eb6a5457f21e9989ba85d4df6b8e3c93d485e87759,2023-02-06,Alternaria_D,1.0,2
sample_02398,data/tom2024_category_a/CATA-English/onion_diseases/Alternaria_D/93346388_1675677305252_640x480 - Copie - Copie - Copie.jpg,tom_timestamp:1675677305252,07ea12a2b8022f04e497f2575ca7d401e479f5c381573cc9e4a7100e25a1a89a,2023-02-06,Alternaria_D,1.0,2
sample_02399,data/tom2024_category_a/CATA-English/onion_diseases/Healthy_leaf/331282739_1675678169796_640x480.jpg,tom_timestamp:1675678169796,e586490ad6190f7fb3513dc824761e2c05d1762371071bcbe5af12541bac6591,2023-02-06,Healthy_leaf,0.0,2
sample_02400,data/tom2024_category_a/CATA-English/onion_diseases/Healthy_leaf/1357073456_1675679632202_640x480.jpg,tom_timestamp:1675679632202,bf22d4bb85ab28e8a31c0954e10f2c01e16d838b873f4288ccdc712aedee0876,2023-02-06,Healthy_leaf,0.0,2
sample_02401,data/tom2024_category_a/CATA-English/onion_diseases/Alternaria_D/266446824_1675682113510_640x480 - Copie - Copie - Copie.jpg,tom_timestamp:1675682113510,e41a75f129dd16e6affa141fc263dc7f0042ad742ce23a8a85c63b61f9943c4c,2023-02-06,Alternaria_D,1.0,2
sample_02402,data/tom2024_category_a/CATA-English/onion_diseases/Alternaria_D/353035818_1675762176810_640x480 - Copie - Copie - Copie.jpg,tom_timestamp:1675762176810,517193f266cdd1e207488c238edf32606877406dbdf04d942ffdb14fd0c0ee15,2023-02-07,Alternaria_D,1.0,1
sample_02403,data/tom2024_category_a/CATA-English/onion_diseases/Alternaria_D/461367594_1675762592457_640x480 - Copie.jpg,tom_timestamp:1675762592457,4f92bf6dd4ab333f95f1c4e7a9211c566605d953fe9e48c2269b757752b41bb3,2023-02-07,Alternaria_D,1.0,1
sample_02406,data/tom2024_category_a/CATA-English/onion_diseases/Fusarium-D/255704519_1675764000977_640x480.jpg,tom_timestamp:1675764000977,8b2ce8074c260187d1f884f642a547a178e7e7ccca99530fc28531e0c8b99eb1,2023-02-07,Fusarium-D,1.0,1
sample_02407,data/tom2024_category_a/CATA-English/onion_diseases/Alternaria_D/229113433_1675764442463_640x480 - Copie - Copie - Copie.jpg,tom_timestamp:1675764442463,6f1176276fcb312580d6eea88a3947c58edd5ede98eba6176860ee50b879b8d1,2023-02-07,Alternaria_D,1.0,1
sample_02410,data/tom2024_category_a/CATA-English/onion_diseases/Alternaria_D/463126980_1675764887981_640x480 - Copie.jpg,tom_timestamp:1675764887981,6b377dda2aafb5f9b5d7a30d20e76745b428d995088ad440c91db5b5a2c88a14,2023-02-07,Alternaria_D,1.0,1
sample_02412,data/tom2024_category_a/CATA-English/onion_diseases/Alternaria_D/116352304_1675766940763_640x480 - Copie - Copie - Copie.jpg,tom_timestamp:1675766940763,ecc3ccbf65911a48348704847196aed6cca7edef668c2c571e0240511985f598,2023-02-07,Alternaria_D,1.0,1
sample_02413,data/tom2024_category_a/CATA-English/onion_diseases/Alternaria_D/425085826_1675767154185_640x480 - Copie - Copie - Copie.jpg,tom_timestamp:1675767154185,764a531c3a594d47eed43db83438c6281e33d57b6c6d1a0a20bd095927eec8fa,2023-02-07,Alternaria_D,1.0,1
sample_02415,data/tom2024_category_a/CATA-English/onion_diseases/Alternaria_D/406291526_1675767405464_640x480 - Copie - Copie - Copie.jpg,tom_timestamp:1675767405464,b3c08fb18b50533350248e8ce40e8f1d6c5e282acf721be0a71d1e45bd9b92be,2023-02-07,Alternaria_D,1.0,1
sample_02417,data/tom2024_category_a/CATA-English/onion_diseases/Alternaria_D/180914075_1675767908908_640x480 - Copie - Copie - Copie.jpg,tom_timestamp:1675767908908,cfadc9a8c085eeb264e87abd124e91bd8164f81f9254796fec01b391e224110e,2023-02-07,Alternaria_D,1.0,1
sample_02418,data/tom2024_category_a/CATA-English/onion_diseases/Healthy_leaf/843006657_1675768205261_640x480.jpg,tom_timestamp:1675768205261,bbaee4bbc1172804c594e054a27ce88ca37c37283a1f9d5bd936a9ac5551129d,2023-02-07,Healthy_leaf,0.0,1
sample_02419,data/tom2024_category_a/CATA-English/onion_diseases/Alternaria_D/272555048_1675768586060_640x480 - Copie - Copie - Copie.jpg,tom_timestamp:1675768586060,f1cf80ce5c0a835302c3b48ba4349349a4a6711cecf5cd65b1b47a24fcb6221f,2023-02-07,Alternaria_D,1.0,1
sample_02420,data/tom2024_category_a/CATA-English/onion_diseases/Alternaria_D/222045555_1675769317363_640x480 - Copie - Copie - Copie.jpg,tom_timestamp:1675769317363,4ac6b0eb2fc2cf9e23f8a66e1f71f9c5fd2ac39233dbf0f863d8a76843b92070,2023-02-07,Alternaria_D,1.0,1
sample_02421,data/tom2024_category_a/CATA-English/onion_diseases/Alternaria_D/238501241_1675769738724_640x480 - Copie - Copie - Copie.jpg,tom_timestamp:1675769738724,92f7eda96b87f012bf74898a8880d06d0377c8d2a8eebb694c2930d1b5e21d48,2023-02-07,Alternaria_D,1.0,1
sample_02422,data/tom2024_category_a/CATA-English/onion_diseases/Alternaria_D/384561502_1675769928983_640x480 - Copie - Copie - Copie.jpg,tom_timestamp:1675769928983,627664880a248572e8ab3a7fa6918c5b5e9a7ad05edbb6171f6bf1679c126f72,2023-02-07,Alternaria_D,1.0,1
sample_02423,data/tom2024_category_a/CATA-English/onion_diseases/Alternaria_D/34760792_1675770622451_640x480 - Copie - Copie - Copie.jpg,tom_timestamp:1675770622451,709d1006605473b48c1acc6779c3ff235641f4fc67dbdffdc289ed21eb80374f,2023-02-07,Alternaria_D,1.0,1
sample_02424,data/tom2024_category_a/CATA-English/onion_diseases/Alternaria_D/389171475_1675770971499_640x480 - Copie - Copie - Copie.jpg,tom_timestamp:1675770971499,72ff89525e70c8dc3799a2f262293228a4a6951734c17652f1e44562d89120e7,2023-02-07,Alternaria_D,1.0,1
sample_02425,data/tom2024_category_a/CATA-English/onion_diseases/Alternaria_D/50474812_1675867593306_640x480 - Copie - Copie - Copie.jpg,tom_timestamp:1675867593306,118c5100bc9fc225924a8808386abf35a71d72671a5153c99932d864a837bd43,2023-02-08,Alternaria_D,1.0,1
sample_02426,data/tom2024_category_a/CATA-English/onion_diseases/Alternaria_D/215316364_1675867658383_640x480 - Copie - Copie - Copie.jpg,tom_timestamp:1675867658383,97de1ee19baad1a3957da040ab800f5b4a0a99558f19d8328ede0d8080b85bee,2023-02-08,Alternaria_D,1.0,1
sample_02427,data/tom2024_category_a/CATA-English/onion_diseases/Alternaria_D/11914351_1675867718937_640x480 - Copie - Copie - Copie.jpg,tom_timestamp:1675867718937,85200864ca5ef7ef590be6f923612619ff44faeb86070b9c1bf54fa29812382a,2023-02-08,Alternaria_D,1.0,1
sample_02428,data/tom2024_category_a/CATA-English/onion_diseases/Alternaria_D/222316736_1675870646344_640x480 - Copie - Copie - Copie.jpg,tom_timestamp:1675870646344,e70a4cbb0900db1c3dab32591050768305cfef1cd4c882cdf1a4bc1b0f8eb425,2023-02-08,Alternaria_D,1.0,1
sample_02429,data/tom2024_category_a/CATA-English/onion_diseases/Alternaria_D/57097972_1675871143282_640x480 - Copie - Copie - Copie.jpg,tom_timestamp:1675871143282,2d6c4ba1e7a1e9fdcb082f9b809ff13e9e00837567317bd00530ac96d62fb82e,2023-02-08,Alternaria_D,1.0,1
sample_02430,data/tom2024_category_a/CATA-English/onion_diseases/Fusarium-D/439587695_1675930916003_640x480.jpg,tom_timestamp:1675930916003,a9433e31acc9b7b9e32d10bf36d8de3732062f0cd266596d94baa0c9b3144dcc,2023-02-09,Fusarium-D,1.0,3
sample_02431,data/tom2024_category_a/CATA-English/onion_diseases/Alternaria_D/369622249_1675931413724_640x480 - Copie - Copie - Copie.jpg,tom_timestamp:1675931413724,f812198a8727d91847635b73673876559bff0241ea5477ea28039be75df1367a,2023-02-09,Alternaria_D,1.0,3
sample_02432,data/tom2024_category_a/CATA-English/onion_diseases/Fusarium-D/1743758823_1675931524724_640x480.jpg,tom_timestamp:1675931524724,8f1476179be162d36139d3552ecfb4c483650f119ea36a9c5c8e1b128628fdb8,2023-02-09,Fusarium-D,1.0,3
sample_02433,data/tom2024_category_a/CATA-English/onion_diseases/Fusarium-D/1916146072_1675931564377_640x480.jpg,tom_timestamp:1675931564377,3937f0883cf9117b76075e546a036af67e8acbd27bdb321bce321af3a3602b68,2023-02-09,Fusarium-D,1.0,3
sample_02434,data/tom2024_category_a/CATA-English/onion_diseases/Fusarium-D/1153618605_1675931702320_640x480.jpg,tom_timestamp:1675931702320,62298f489dd42cbd020a852d2fb29fa2b1bd852ad72fc37d3ceac128ea13da57,2023-02-09,Fusarium-D,1.0,3
sample_02435,data/tom2024_category_a/CATA-English/onion_diseases/Fusarium-D/2051011725_1675931745581_640x480.jpg,tom_timestamp:1675931745581,4bf34d677c838bd4727625495f1dbcb3a9a5186686b886ba476ed5b69f803869,2023-02-09,Fusarium-D,1.0,3
sample_02436,data/tom2024_category_a/CATA-English/onion_diseases/Fusarium-D/1582891609_1675931787778_640x480.jpg,tom_timestamp:1675931787778,c882d24699d81cf67c75f5b9684dcc9b2deb1c9a543551e7941f132154c2f38c,2023-02-09,Fusarium-D,1.0,3
sample_02437,data/tom2024_category_a/CATA-English/onion_diseases/Fusarium-D/1126655731_1675931824755_640x480.jpg,tom_timestamp:1675931824755,963a66f910971818ae8aca15deebd7ff0dd0ea68bf6d1b9e94aa56995bd6401a,2023-02-09,Fusarium-D,1.0,3
sample_02438,data/tom2024_category_a/CATA-English/onion_diseases/Fusarium-D/300240904_1675931864280_640x480.jpg,tom_timestamp:1675931864280,6d5149618f1b7777909bd68ed7d5241a607de38e429b4427428e265be7a7b17e,2023-02-09,Fusarium-D,1.0,3
sample_02439,data/tom2024_category_a/CATA-English/onion_diseases/Fusarium-D/1825789378_1675931926471_640x480.jpg,tom_timestamp:1675931926471,3047e1dbf993ec69c5c984df2c51128526ed00eaf470054af8ec99832ddfd529,2023-02-09,Fusarium-D,1.0,3
sample_02440,data/tom2024_category_a/CATA-English/onion_diseases/Healthy_leaf/1293197801_1675932182955_640x480.jpg,tom_timestamp:1675932182955,286cc1cee624c283ceebcb43870b41927e93da47aafe85e2bef799d2eb49d12f,2023-02-09,Healthy_leaf,0.0,3
sample_02441,data/tom2024_category_a/CATA-English/onion_diseases/Alternaria_D/397207749_1675944364444_640x480 - Copie - Copie - Copie.jpg,tom_timestamp:1675944364444,dbcc3fbbe9baae4829f86e1ca2d4f680f2d56273b90d4f8c87b5eb0460e1c73e,2023-02-09,Alternaria_D,1.0,3
sample_02442,data/tom2024_category_a/CATA-English/onion_diseases/Healthy_leaf/1200872279_1676286736854_640x480.jpg,tom_timestamp:1676286736854,06068eb583674f5c9b3259dfe7b1b8f9f5af974c2344247752f03f103bf1a800,2023-02-13,Healthy_leaf,0.0,2
sample_02443,data/tom2024_category_a/CATA-English/onion_diseases/Healthy_leaf/899658436_1676291852759_640x480.jpg,tom_timestamp:1676291852759,569679b51e507f335f2e6a9bf1fe88ed1e40acb9f6f72b79d1417b0433cd60cf,2023-02-13,Healthy_leaf,0.0,2
sample_02445,data/tom2024_category_a/CATA-English/onion_diseases/Healthy_leaf/1810142772_1676292641947_640x480.jpg,tom_timestamp:1676292641947,5145d82904be911409f25bea4d8125e78120d50d9a6d709051d5b2385b98e7dc,2023-02-13,Healthy_leaf,0.0,2
sample_02446,data/tom2024_category_a/CATA-English/onion_diseases/Alternaria_D/294295277_1676307975930_640x480 - Copie - Copie - Copie.jpg,tom_timestamp:1676307975930,5fae1ae923fb99c33cedf6cfa65be7b5931e20870a9158c6def28bc9b33f061b,2023-02-13,Alternaria_D,1.0,2
sample_02447,data/tom2024_category_a/CATA-English/onion_diseases/Alternaria_D/24928174_1676308099926_640x480 - Copie - Copie - Copie.jpg,tom_timestamp:1676308099926,81d9672fa811dd42bff2aeffa0af966e7b7d2ca660c57b205284a9d6a4d4325b,2023-02-13,Alternaria_D,1.0,2
sample_02448,data/tom2024_category_a/CATA-English/onion_diseases/Alternaria_D/254266954_1676371245187_640x480 - Copie - Copie - Copie.jpg,tom_timestamp:1676371245187,229da7e03f55ab3eca7316a242759af5f4c9c1bebbf3788454a8f0789c33dadc,2023-02-14,Alternaria_D,1.0,0
sample_02449,data/tom2024_category_a/CATA-English/onion_diseases/Fusarium-D/1807933244_1676460963433_640x480.jpg,tom_timestamp:1676460963433,cb3d754b6a8b000111270d3595130c27e4575f64d430c3c25fef3461d6924fe9,2023-02-15,Fusarium-D,1.0,0
sample_02450,data/tom2024_category_a/CATA-English/onion_diseases/Fusarium-D/1441131523_1676461509769_640x480.jpg,tom_timestamp:1676461509769,0400fd97398d699998bf648193726491dff1e50d1377f0efa476a293f1aa4aef,2023-02-15,Fusarium-D,1.0,0
sample_02451,data/tom2024_category_a/CATA-English/onion_diseases/Alternaria_D/305086404_1676466434632_640x480 - Copie - Copie - Copie.jpg,tom_timestamp:1676466434632,652288c70469a963fe4b3473a5c1643b8ebe8d9cde7a8527172f59cccf385c93,2023-02-15,Alternaria_D,1.0,0
sample_02452,data/tom2024_category_a/CATA-English/onion_diseases/Healthy_leaf/431990372_1676466791902_640x480.jpg,tom_timestamp:1676466791902,d66652c47d25c4d0016f52696fc370175b1e4ad583ebc7a252285a130a9be167,2023-02-15,Healthy_leaf,0.0,0
sample_02453,data/tom2024_category_a/CATA-English/onion_diseases/Fusarium-D/1738629451_1676466949042_640x480.jpg,tom_timestamp:1676466949042,9a9c5594e6ab72895a121502d9751f48e28c6871df4cb9fdcc0866a7fc3b7ad8,2023-02-15,Fusarium-D,1.0,0
sample_02454,data/tom2024_category_a/CATA-English/onion_diseases/Fusarium-D/470005508_1676467101944_640x480.jpg,tom_timestamp:1676467101944,f29bcc90f9df0c4c7874e70ee07a3d5587fd067028a1e111260028d8a72dfeef,2023-02-15,Fusarium-D,1.0,0
sample_02455,data/tom2024_category_a/CATA-English/onion_diseases/Alternaria_D/380532575_1676467366573_640x480 - Copie - Copie - Copie.jpg,tom_timestamp:1676467366573,3a57f619c753285186ffaeeaad2e50f62a61a6998024f69cc238c84f1c57adf0,2023-02-15,Alternaria_D,1.0,0
sample_02458,data/tom2024_category_a/CATA-English/onion_diseases/Healthy_leaf/397983281_1676473895601_640x480.jpg,tom_timestamp:1676473895601,04617034c21218f7434bb9eadaea96da6060370a4b0091cd823a3b2d61a6a22c,2023-02-15,Healthy_leaf,0.0,0
sample_02463,data/tom2024_category_a/CATA-English/onion_diseases/Alternaria_D/256181799_1676553567323_640x480 - Copie - Copie - Copie.jpg,tom_timestamp:1676553567323,81afa6f87584e77f7eda70648d0583d335a681c3f249758118c3d895ae15afac,2023-02-16,Alternaria_D,1.0,2
sample_02464,data/tom2024_category_a/CATA-English/onion_diseases/Alternaria_D/95275809_1676553835213_640x480 - Copie - Copie - Copie.jpg,tom_timestamp:1676553835213,376fa40d176cb224d517a96358e2f43145ab066445dbe8138b8ea81c2eeb6766,2023-02-16,Alternaria_D,1.0,2
sample_02465,data/tom2024_category_a/CATA-English/onion_diseases/Alternaria_D/166292878_1676554216729_640x480 - Copie - Copie - Copie.jpg,tom_timestamp:1676554216729,9c1308859f55f155ae248f0da9f1f8b38fc6fda8fa8c4d4bd11aeec21ac4a9a9,2023-02-16,Alternaria_D,1.0,2
sample_02472,data/tom2024_category_a/CATA-English/onion_diseases/Alternaria_D/101779929_1676891315410_640x480 - Copie - Copie - Copie.jpg,tom_timestamp:1676891315410,47d9eb4caa18b4112dfa10539b53deb7566a595b2a0d4feb19307f32cc900a3e,2023-02-20,Alternaria_D,1.0,4
sample_02473,data/tom2024_category_a/CATA-English/onion_diseases/Healthy_leaf/1186899567_1676892853674_640x480.jpg,tom_timestamp:1676892853674,2c6564f324684fa82b0d495bd401d6a3b4ffdcf422f58792bf66a3afbcfe4421,2023-02-20,Healthy_leaf,0.0,4
sample_02474,data/tom2024_category_a/CATA-English/onion_diseases/Fusarium-D/693361991_1676971912688_640x480.jpg,tom_timestamp:1676971912688,19c9452d6f6407744173f72bf4841f092b910f8f8a633d3b17828d401c975ed4,2023-02-21,Fusarium-D,1.0,0
sample_02475,data/tom2024_category_a/CATA-English/onion_diseases/Fusarium-D/670308912_1676972019981_640x480.jpg,tom_timestamp:1676972019981,aca874e2a7d1ed238f95476cc3d96dfa1bab447d452b6c249e0f11ae08091dbc,2023-02-21,Fusarium-D,1.0,0
sample_02476,data/tom2024_category_a/CATA-English/onion_diseases/Healthy_leaf/1312478019_1676972134600_640x480.jpg,tom_timestamp:1676972134600,2114615b7da1810fb69289d0213ddf3eef869d716f2ca4146cb3e81c646b33ed,2023-02-21,Healthy_leaf,0.0,0
sample_02477,data/tom2024_category_a/CATA-English/onion_diseases/Alternaria_D/12384548_1676972637008_640x480 - Copie - Copie - Copie.jpg,tom_timestamp:1676972637008,c180b79e07108d542f4e587ea294b151778682c3ad158752e89aa1f3190a4802,2023-02-21,Alternaria_D,1.0,0
sample_02478,data/tom2024_category_a/CATA-English/onion_diseases/Fusarium-D/263282778_1677138169005_640x480.jpg,tom_timestamp:1677138169005,2041bcc8de15050101e03031fea24c8b08f1064e38c76c1528d7df6250a285fe,2023-02-23,Fusarium-D,1.0,3
sample_02479,data/tom2024_category_a/CATA-English/onion_diseases/Healthy_leaf/518545567_1677138278047_640x480.jpg,tom_timestamp:1677138278047,62019e1926ee1671ed8ca538e0587c30c4c65aa230b238db46eeb8632eb45218,2023-02-23,Healthy_leaf,0.0,3
sample_02480,data/tom2024_category_a/CATA-English/onion_diseases/Fusarium-D/713363018_1677138360700_640x480.jpg,tom_timestamp:1677138360700,386a07c0942fc07b5b6a778d8044e328a398b022762aa10aa7f7b183ac7fdde5,2023-02-23,Fusarium-D,1.0,3
sample_02481,data/tom2024_category_a/CATA-English/onion_diseases/Fusarium-D/1391430755_1677138990644_640x480.jpg,tom_timestamp:1677138990644,f820c2005aecfd56c8fda5ce0edb699fad002ad59f760528e1be24ddb128610b,2023-02-23,Fusarium-D,1.0,3
sample_02482,data/tom2024_category_a/CATA-English/onion_diseases/Fusarium-D/151327858_1677139203824_640x480.jpg,tom_timestamp:1677139203824,8d9de2fd14f25954adcb749abf103db2d536449a1be913c19758ea602207051c,2023-02-23,Fusarium-D,1.0,3
sample_02483,data/tom2024_category_a/CATA-English/onion_diseases/Fusarium-D/1703319648_1677139768560_640x480.jpg,tom_timestamp:1677139768560,fef681640d43c332a01e0e63124c982ac844de4411c9ab11fdf3a68c15d09488,2023-02-23,Fusarium-D,1.0,3
sample_02484,data/tom2024_category_a/CATA-English/onion_diseases/Fusarium-D/1687435054_1677139940445_640x480.jpg,tom_timestamp:1677139940445,2fe36d548b07e42896b3447b983f42338fc2ef4f32c0c435f273996377832c8d,2023-02-23,Fusarium-D,1.0,3
sample_02485,data/tom2024_category_a/CATA-English/onion_diseases/Fusarium-D/1306087264_1677140292559_640x480.jpg,tom_timestamp:1677140292559,0f4fd6aa6cfb09c9dbc526e8197b40d7254644eecf37255dd9b17e5aab591fe2,2023-02-23,Fusarium-D,1.0,3
sample_02486,data/tom2024_category_a/CATA-English/onion_diseases/Alternaria_D/320298852_1677142259432(1)_640x360 - Copie - Copie - Copie.jpg,tom_timestamp:1677142259432,acaa0c95cbb07ec6b2851264429038190c75b04af6192ae472ded45c706dd03d,2023-02-23,Alternaria_D,1.0,3
sample_02487,data/tom2024_category_a/CATA-English/onion_diseases/Alternaria_D/63581210_1677142369781(1)_640x360 - Copie - Copie - Copie.jpg,tom_timestamp:1677142369781,57906babf5d1c74d90212273166bcb21128442cc0d9f34f1f38e3bdaacb5a468,2023-02-23,Alternaria_D,1.0,3
sample_02488,data/tom2024_category_a/CATA-English/onion_diseases/Alternaria_D/409849337_1677142468322(1)_640x360 - Copie - Copie - Copie.jpg,tom_timestamp:1677142468322,2151670a35208ed9deffc031243382a604da7a9348de765852f83b6e40b3cdb3,2023-02-23,Alternaria_D,1.0,3
sample_02489,data/tom2024_category_a/CATA-English/onion_diseases/Alternaria_D/232358324_1677142564366(1)_640x360 - Copie - Copie - Copie.jpg,tom_timestamp:1677142564366,39c1bae43644d50306bad7e065833d98e6eef730df6108b5397a39ed4cee0888,2023-02-23,Alternaria_D,1.0,3
sample_02490,data/tom2024_category_a/CATA-English/onion_diseases/Alternaria_D/292348898_1677142665983_640x360 - Copie - Copie - Copie.jpg,tom_timestamp:1677142665983,f4849441605d53df2a6ee100e594d5b8b0343ed7fa818552de1aaa555acf372f,2023-02-23,Alternaria_D,1.0,3
sample_02491,data/tom2024_category_a/CATA-English/onion_diseases/Alternaria_D/248398022_1677143221952_640x360 - Copie - Copie - Copie.jpg,tom_timestamp:1677143221952,f093ddd11670a421fd2638f3fa42cf217c7541ffd4cbed3b8f2b9601dd76b467,2023-02-23,Alternaria_D,1.0,3
sample_02492,data/tom2024_category_a/CATA-English/onion_diseases/Fusarium-D/615680274_1677143750000_640x480.jpg,tom_timestamp:1677143750000,5f3f6d7be61b4b7e59581538c5b552b575bfe2fcc845a038eb1e4560a9b61dcd,2023-02-23,Fusarium-D,1.0,3
sample_02493,data/tom2024_category_a/CATA-English/onion_diseases/Alternaria_D/145650541_1677143855306_640x360 - Copie - Copie - Copie.jpg,tom_timestamp:1677143855306,65ee71915079c1ff239aec034882e573434e61aa39251cfdcb59a51c460e0062,2023-02-23,Alternaria_D,1.0,3
sample_02494,data/tom2024_category_a/CATA-English/onion_diseases/Fusarium-D/509361434_1677144148346_640x480.jpg,tom_timestamp:1677144148346,fe241aaa9dfdf4d873f984a623931bc33983601fdadb869ce5d0abcca3ef040a,2023-02-23,Fusarium-D,1.0,3
sample_02495,data/tom2024_category_a/CATA-English/onion_diseases/Alternaria_D/135727454_1677144181173_640x360 - Copie - Copie - Copie.jpg,tom_timestamp:1677144181173,a8cf525335399a7da384e52ac101626f55de8f9d512852f972352c526469db2e,2023-02-23,Alternaria_D,1.0,3
sample_02496,data/tom2024_category_a/CATA-English/onion_diseases/Alternaria_D/185185073_1677144310399_640x360 - Copie - Copie - Copie.jpg,tom_timestamp:1677144310399,7be6de6ac89e52e2c0346f579076556e1c98ba55c2cf92fc72e45e38f818d325,2023-02-23,Alternaria_D,1.0,3
sample_02497,data/tom2024_category_a/CATA-English/onion_diseases/Alternaria_D/132778972_1677144474902_640x480 - Copie - Copie - Copie.jpg,tom_timestamp:1677144474902,da3c41cbf03a7e83e0ee88b5677d2dd28d1ee6f60115a717e010b54fbb239270,2023-02-23,Alternaria_D,1.0,3
sample_02498,data/tom2024_category_a/CATA-English/onion_diseases/Alternaria_D/325063929_1677144646359_640x480 - Copie - Copie - Copie.jpg,tom_timestamp:1677144646359,f8b3405db993ab7182b3729cea76aa2f94287f2ce4662645eae0a1dfe4563ae1,2023-02-23,Alternaria_D,1.0,3
sample_02499,data/tom2024_category_a/CATA-English/onion_diseases/Alternaria_D/148650557_1677144721556_640x360 - Copie - Copie - Copie.jpg,tom_timestamp:1677144721556,b0ae9a917c61338011333fab7b79fb5ab6e4475b8e992e48ebf8e9e88a54f4d5,2023-02-23,Alternaria_D,1.0,3
sample_02500,data/tom2024_category_a/CATA-English/onion_diseases/Alternaria_D/178742784_1677144943062_640x480 - Copie - Copie - Copie.jpg,tom_timestamp:1677144943062,af5a804a5c324e6adf34fd9666cf1edfbdee65fd20350b3dffac1c1dc0a8c9c2,2023-02-23,Alternaria_D,1.0,3
sample_02501,data/tom2024_category_a/CATA-English/onion_diseases/Alternaria_D/1874648_1677144966570_640x360 - Copie - Copie - Copie.jpg,tom_timestamp:1677144966570,60a028d305e474acefcf970eac18fb61eea82620668a0f0bc008c4e84f629f28,2023-02-23,Alternaria_D,1.0,3
sample_02502,data/tom2024_category_a/CATA-English/onion_diseases/Alternaria_D/203783032_1677144974662_640x360 - Copie - Copie - Copie.jpg,tom_timestamp:1677144974662,a57cb527b119d1d89db5ff49c0416ff142ebbca0c28fb41112531b137179825f,2023-02-23,Alternaria_D,1.0,3
sample_02503,data/tom2024_category_a/CATA-English/onion_diseases/Alternaria_D/363066056_1677145175474_640x360 - Copie - Copie - Copie.jpg,tom_timestamp:1677145175474,6049a9ca7a2ab5cb18abbd1086105e52782c63bc0796da2caafc2d62803beabe,2023-02-23,Alternaria_D,1.0,3
sample_02504,data/tom2024_category_a/CATA-English/onion_diseases/Alternaria_D/376209057_1677145285650_640x480 - Copie - Copie - Copie.jpg,tom_timestamp:1677145285650,e19ec937666a9b99053b79e70edd27cf32c7c3e7f7dab3cef0bb73418dcb5246,2023-02-23,Alternaria_D,1.0,3
sample_02505,data/tom2024_category_a/CATA-English/onion_diseases/Alternaria_D/191469546_1677145524546_640x480 - Copie - Copie - Copie.jpg,tom_timestamp:1677145524546,0771e75d4fc14c111facabb0f73f40ac92ee6c906708b0601954bfe3649be1d6,2023-02-23,Alternaria_D,1.0,3
sample_02506,data/tom2024_category_a/CATA-English/onion_diseases/Alternaria_D/15081941_1677145734702_640x360 - Copie - Copie - Copie.jpg,tom_timestamp:1677145734702,47e244771a1ddf74ff95c2890de354ae83131ab2036b94cd64aea9bedb5d7c79,2023-02-23,Alternaria_D,1.0,3
sample_02507,data/tom2024_category_a/CATA-English/onion_diseases/Alternaria_D/264460775_1677145741830_640x480 - Copie - Copie - Copie.jpg,tom_timestamp:1677145741830,db7f57744eaf033a039432198385e089c74479464a614813f84a1e8820ff39c1,2023-02-23,Alternaria_D,1.0,3
sample_02508,data/tom2024_category_a/CATA-English/onion_diseases/Alternaria_D/230575081_1677145883440_640x480 - Copie - Copie - Copie.jpg,tom_timestamp:1677145883440,44b8d4778bd41278e0c6043a9caa41d071287d142c6258bccf02741c118363a6,2023-02-23,Alternaria_D,1.0,3
sample_02509,data/tom2024_category_a/CATA-English/onion_diseases/Alternaria_D/182065766_1677145888728_640x360 - Copie - Copie - Copie.jpg,tom_timestamp:1677145888728,cec9c09ccdcf4653c21ca853f708632c9293a8ceed2e3211aba39433fe5c3bd6,2023-02-23,Alternaria_D,1.0,3
sample_02510,data/tom2024_category_a/CATA-English/onion_diseases/Alternaria_D/235133520_1677145948787_640x360 - Copie - Copie - Copie.jpg,tom_timestamp:1677145948787,fd21ae0d32e1f90d5d552ea47a56978a0d2ad5283e6131f243433da2d3ddb1a7,2023-02-23,Alternaria_D,1.0,3
sample_02511,data/tom2024_category_a/CATA-English/onion_diseases/Fusarium-D/139101970_1677145971364_640x480.jpg,tom_timestamp:1677145971364,bb6586c4b0f2559ae007769ba700f081f3d03f6549914b60bb455bfa082e8745,2023-02-23,Fusarium-D,1.0,3
sample_02512,data/tom2024_category_a/CATA-English/onion_diseases/Alternaria_D/348140063_1677146011816_640x360 - Copie - Copie - Copie.jpg,tom_timestamp:1677146011816,07aec90f72467a82bbdfe5d01f71fb683c1b7a95a8d42c267a073ddb11db3465,2023-02-23,Alternaria_D,1.0,3
sample_02513,data/tom2024_category_a/CATA-English/onion_diseases/Fusarium-D/445938884_1677146014594_640x480.jpg,tom_timestamp:1677146014594,28fb07e9a44f3769a5017a04c9a2851237ff481dcf4cae161826349d0525ec48,2023-02-23,Fusarium-D,1.0,3
sample_02514,data/tom2024_category_a/CATA-English/onion_diseases/Alternaria_D/89344691_1677146078592_640x360 - Copie - Copie - Copie.jpg,tom_timestamp:1677146078592,0cc099a73a07b199739dd7a2271f8e317275ea3c89190f8f9c771cfc4fedc50e,2023-02-23,Alternaria_D,1.0,3
sample_02515,data/tom2024_category_a/CATA-English/onion_diseases/Alternaria_D/80760129_1677146145670_640x360 - Copie - Copie - Copie.jpg,tom_timestamp:1677146145670,53775fa0f49099f5995f1eba11ba5d152df65486bf7767d4770d0960cfbb635b,2023-02-23,Alternaria_D,1.0,3
sample_02516,data/tom2024_category_a/CATA-English/onion_diseases/Alternaria_D/25405546_1677146370810_640x480 - Copie - Copie - Copie.jpg,tom_timestamp:1677146370810,d87005c7574a6962b928558a4f65e243948899a087338c6841ef4fd65e9d07ec,2023-02-23,Alternaria_D,1.0,3
sample_02517,data/tom2024_category_a/CATA-English/onion_diseases/Alternaria_D/149322256_1677146590924_640x480 - Copie - Copie - Copie.jpg,tom_timestamp:1677146590924,e9bbdb78ffdd43fd681282093806143c513f33216b8a2818305fa41cd0cf8c7c,2023-02-23,Alternaria_D,1.0,3
sample_02518,data/tom2024_category_a/CATA-English/onion_diseases/Healthy_leaf/1829595315_1677146675586_640x480.jpg,tom_timestamp:1677146675586,52f50c6a72194a09bae02336e1c5733241b96651fa2872afcb095e64a03211b0,2023-02-23,Healthy_leaf,0.0,3
sample_02519,data/tom2024_category_a/CATA-English/onion_diseases/Alternaria_D/97980787_1677147269912_640x360 - Copie - Copie - Copie.jpg,tom_timestamp:1677147269912,c22a3412526495ed9f96c894a9cbfc0fff1acecba50ed8864a8a89772e17a8e9,2023-02-23,Alternaria_D,1.0,3
sample_02520,data/tom2024_category_a/CATA-English/onion_diseases/Alternaria_D/42380539_1677147328850_640x480 - Copie - Copie - Copie.jpg,tom_timestamp:1677147328850,893484b09e9d3f05a45c5c239b3f91b93636a85be6241d7c152330a2c506671b,2023-02-23,Alternaria_D,1.0,3
sample_02521,data/tom2024_category_a/CATA-English/onion_diseases/Alternaria_D/458094554_1677147429628_640x360 - Copie - Copie.jpg,tom_timestamp:1677147429628,e52f6845a6dd120444e3fd7815790ec8b7e53dff36aa5f1da8846f03caf36c73,2023-02-23,Alternaria_D,1.0,3
sample_02522,data/tom2024_category_a/CATA-English/onion_diseases/Alternaria_D/170323372_1677147436385_640x480 - Copie - Copie - Copie.jpg,tom_timestamp:1677147436385,545248dbf27493c61b3abf14121194cd17926ebda238169f13d1ce03ba054e97,2023-02-23,Alternaria_D,1.0,3
sample_02523,data/tom2024_category_a/CATA-English/onion_diseases/Alternaria_D/178946710_1677147465727_640x480 - Copie - Copie - Copie.jpg,tom_timestamp:1677147465727,40949ea9f879f473543894a172aa7cba0c48757654fb1ecc12e8ff6ed1c158c3,2023-02-23,Alternaria_D,1.0,3
sample_02524,data/tom2024_category_a/CATA-English/onion_diseases/Alternaria_D/426247814_1677148323462_640x480 - Copie - Copie - Copie.jpg,tom_timestamp:1677148323462,df308870f4a257bebcdf53fc7b06092a5f1c4932fbfab30be1b041c6e3568a38,2023-02-23,Alternaria_D,1.0,3
sample_02525,data/tom2024_category_a/CATA-English/onion_diseases/Alternaria_D/206338330_1677148566588_640x480 - Copie - Copie - Copie.jpg,tom_timestamp:1677148566588,1bf8f2d1795abc5d0e966fe7d5c9c8720d6fbf17af1827903938d9c2401493f7,2023-02-23,Alternaria_D,1.0,3
sample_02526,data/tom2024_category_a/CATA-English/onion_diseases/Alternaria_D/166868341_1677148581056_640x480 - Copie - Copie - Copie.jpg,tom_timestamp:1677148581056,e29fbefbef308be4261e309649b9543a6b3d172b737c6816b749628b53f71185,2023-02-23,Alternaria_D,1.0,3
sample_02527,data/tom2024_category_a/CATA-English/onion_diseases/Alternaria_D/221429724_1677148683419_640x480 - Copie - Copie - Copie.jpg,tom_timestamp:1677148683419,bab8f586b107e31871f9116a6a3fddf14f0b1d0f53270644616736b843aec6d5,2023-02-23,Alternaria_D,1.0,3
sample_02528,data/tom2024_category_a/CATA-English/onion_diseases/Alternaria_D/282952703_1677148881617_640x480 - Copie - Copie - Copie.jpg,tom_timestamp:1677148881617,e3187102cae5abdba7129b08e06c3a4fbef73f116e085ccb3c99a2decc80c4b0,2023-02-23,Alternaria_D,1.0,3
sample_02529,data/tom2024_category_a/CATA-English/onion_diseases/Alternaria_D/436382516_1677148986810_640x480 - Copie - Copie - Copie.jpg,tom_timestamp:1677148986810,027a09cc3f096fed505d131fa93b8e605598ccdfadeb7ae5a221666effe1bb1d,2023-02-23,Alternaria_D,1.0,3
sample_02530,data/tom2024_category_a/CATA-English/onion_diseases/Alternaria_D/271463412_1677149073738_640x480 - Copie - Copie - Copie.jpg,tom_timestamp:1677149073738,2a5c8e6e469bd6f874d2d2417aad34435090742ddf6eb6388689afc8b4a4b7cb,2023-02-23,Alternaria_D,1.0,3
sample_02531,data/tom2024_category_a/CATA-English/onion_diseases/Alternaria_D/17200712_1677149275058_640x480 - Copie - Copie - Copie.jpg,tom_timestamp:1677149275058,446b41ae1b9af41ea5b61f8d252c10125268d1bbd955bdb765a56114808f1663,2023-02-23,Alternaria_D,1.0,3
sample_02532,data/tom2024_category_a/CATA-English/onion_diseases/Alternaria_D/363755741_1677149682732_640x480 - Copie - Copie - Copie.jpg,tom_timestamp:1677149682732,4b7aef8c222a2341e86aa90d9d06b6b87124838335c20f1246e5c5b8adc58bc3,2023-02-23,Alternaria_D,1.0,3
sample_02533,data/tom2024_category_a/CATA-English/onion_diseases/Healthy_leaf/1678020530_1677151110510_640x360.jpg,tom_timestamp:1677151110510,37522ca5d5725933e4e8555633357408b34fe54a37d4a29de044664352adeafa,2023-02-23,Healthy_leaf,0.0,3
sample_02534,data/tom2024_category_a/CATA-English/onion_diseases/Healthy_leaf/954053524_1677151120155_640x360.jpg,tom_timestamp:1677151120155,04804652a5c328cfb095c7ddedb0a2d4df061bcff5fc4ebeabba3081d83069a7,2023-02-23,Healthy_leaf,0.0,3
sample_02535,data/tom2024_category_a/CATA-English/onion_diseases/Alternaria_D/68271000_1677151196741_640x360 - Copie - Copie - Copie.jpg,tom_timestamp:1677151196741,5cd4db6d0b5517e2a216a21268f26799e672d4477916091491eb6d6e23799425,2023-02-23,Alternaria_D,1.0,3
sample_02536,data/tom2024_category_a/CATA-English/onion_diseases/Healthy_leaf/905141230_1677151209179_640x480.jpg,tom_timestamp:1677151209179,6a1f76b6971007eeeacb21dd2a30325f7c98be9aa5271e974c540ffaa5a1fc9a,2023-02-23,Healthy_leaf,0.0,3
sample_02537,data/tom2024_category_a/CATA-English/onion_diseases/Healthy_leaf/873178162_1677151211102_640x480.jpg,tom_timestamp:1677151211102,72a0d8b632ad5aaaf160c8b24799dd97f56f1c192af0ad2497400aa6e2c4347b,2023-02-23,Healthy_leaf,0.0,3
sample_02538,data/tom2024_category_a/CATA-English/onion_diseases/Alternaria_D/173589751_1677151281411_640x360 - Copie - Copie - Copie.jpg,tom_timestamp:1677151281411,e7f1df1087327e42a2f68b9e9a4d34255f64da4a1b601b8815702282f19f726f,2023-02-23,Alternaria_D,1.0,3
sample_02539,data/tom2024_category_a/CATA-English/onion_diseases/Alternaria_D/146345650_1677151385491_640x480 - Copie - Copie - Copie.jpg,tom_timestamp:1677151385491,0af2984264096afc2644cac9e87a287f51cfb9cd15cd8440c3266d9fb4560350,2023-02-23,Alternaria_D,1.0,3
sample_02540,data/tom2024_category_a/CATA-English/onion_diseases/Alternaria_D/432584427_1677151577609_640x480 - Copie - Copie - Copie.jpg,tom_timestamp:1677151577609,979eb895366322104ac0c38b56252b8139f0ba5b73998068f5c05cf16d809b47,2023-02-23,Alternaria_D,1.0,3
sample_02541,data/tom2024_category_a/CATA-English/onion_diseases/Virosis-D/2093375766_1677151630779_640x480.jpg,tom_timestamp:1677151630779,7247e4d59f73e199ac164ec347d699a629616955c5af6c93db1ab5ac1b3f2f07,2023-02-23,Virosis-D,1.0,3
sample_02542,data/tom2024_category_a/CATA-English/onion_diseases/Alternaria_D/336733999_1677151641515_640x480 - Copie - Copie - Copie.jpg,tom_timestamp:1677151641515,0d8f35482d2f26e959aa461623b3ef74736274830736b8fe132b2532d13c25b7,2023-02-23,Alternaria_D,1.0,3
sample_02543,data/tom2024_category_a/CATA-English/onion_diseases/Alternaria_D/196271042_1677151785233_640x480 - Copie - Copie - Copie.jpg,tom_timestamp:1677151785233,92d90d728d8e2f241be959a16f2a339bd1fb3dedfebf405b971b448c385f4b71,2023-02-23,Alternaria_D,1.0,3
sample_02544,data/tom2024_category_a/CATA-English/onion_diseases/Fusarium-D/933264721_1677152109641_640x480.jpg,tom_timestamp:1677152109641,57471bfdd03772c945ddb2f539e487a290550fe4eafed8054796de064c6f4d5f,2023-02-23,Fusarium-D,1.0,3
sample_02545,data/tom2024_category_a/CATA-English/onion_diseases/Alternaria_D/444585244_1677152290918_640x480 - Copie - Copie.jpg,tom_timestamp:1677152290918,181844aeb3672b125db187001545d0c267dce9bbdc7a98bb8b5427d1c7d74079,2023-02-23,Alternaria_D,1.0,3
sample_02546,data/tom2024_category_a/CATA-English/onion_diseases/Alternaria_D/233598758_1677152433318_640x480 - Copie - Copie - Copie.jpg,tom_timestamp:1677152433318,2b0a47edcf865396f8f1784a3fb32a7421c6cd6350a42e5741e7c3e3e7ed1a36,2023-02-23,Alternaria_D,1.0,3
sample_02547,data/tom2024_category_a/CATA-English/onion_diseases/Alternaria_D/242638084_1677152497150_640x480 - Copie - Copie - Copie.jpg,tom_timestamp:1677152497150,dab32018ed4411ecf6997833899874cad06033f5cc325c77006a3a47a4ddc0d4,2023-02-23,Alternaria_D,1.0,3
sample_02548,data/tom2024_category_a/CATA-English/onion_diseases/Alternaria_D/33352116_1677152519279_640x480 - Copie - Copie - Copie.jpg,tom_timestamp:1677152519279,83aef872c1b3cf169eeccc8a78a73b831fb48b2c9827bf7a14be9cc0b698bc68,2023-02-23,Alternaria_D,1.0,3
sample_02549,data/tom2024_category_a/CATA-English/onion_diseases/Alternaria_D/166230600_1677152573190_640x480 - Copie - Copie - Copie.jpg,tom_timestamp:1677152573190,a5c2407f5aa29261d2e7743e5baa5aae77d6ddbd65c915400aadbf7e19ab5af0,2023-02-23,Alternaria_D,1.0,3
sample_02550,data/tom2024_category_a/CATA-English/onion_diseases/Alternaria_D/251183870_1677152665177_640x480 - Copie - Copie - Copie.jpg,tom_timestamp:1677152665177,c8b531f0e6ac4ac8468c0a5443b0e6d2899e9c0d1cbabec9deee8113ace38a92,2023-02-23,Alternaria_D,1.0,3
sample_02551,data/tom2024_category_a/CATA-English/onion_diseases/Alternaria_D/183154059_1677153641162_640x480 - Copie - Copie - Copie.jpg,tom_timestamp:1677153641162,23aa8994a73a65c723d6d74b21d37908e81a738e24794deb3853d870cbffb901,2023-02-23,Alternaria_D,1.0,3
sample_02552,data/tom2024_category_a/CATA-English/onion_diseases/Alternaria_D/451937061_1677153779541_640x480 - Copie (2).jpg,tom_timestamp:1677153779541,b323e98ebe4e9cabaf253495a5ede469bd5dace527f22febf0ed97dc2f374b15,2023-02-23,Alternaria_D,1.0,3
sample_02553,data/tom2024_category_a/CATA-English/onion_diseases/Virosis-D/1765460184_1677153790579_640x480.jpg,tom_timestamp:1677153790579,6f2bf55849593534d2a0c0762d40bb8111e395129db56608de43c082403b95e8,2023-02-23,Virosis-D,1.0,3
sample_02554,data/tom2024_category_a/CATA-English/onion_diseases/Alternaria_D/294641206_1677153813087_640x480 - Copie - Copie - Copie.jpg,tom_timestamp:1677153813087,d9010b8452e0a7639b0a793292c207c58c78c89780a1f4c7bb45e4c9566c97c9,2023-02-23,Alternaria_D,1.0,3
sample_02555,data/tom2024_category_a/CATA-English/onion_diseases/Alternaria_D/15702461_1677155587063_640x480 - Copie - Copie - Copie.jpg,tom_timestamp:1677155587063,464950524864b32b5b91368b632fae959d24223fc7e62ae40fe21bf6b5ea8cf0,2023-02-23,Alternaria_D,1.0,3
sample_02556,data/tom2024_category_a/CATA-English/onion_diseases/Healthy_leaf/1654547092_1677236347398_640x480.jpg,tom_timestamp:1677236347398,a538241f46be404ca3936983feafc26e6bb022a886091eac5d7303a92cf25c7f,2023-02-24,Healthy_leaf,0.0,1
sample_02557,data/tom2024_category_a/CATA-English/onion_diseases/Healthy_leaf/661187216_1677237546641_640x480.jpg,tom_timestamp:1677237546641,a5aefabae8dd2e13e15be9d453fea3bd6f9138d6f0b87247ec56d8bd553262ad,2023-02-24,Healthy_leaf,0.0,1
sample_02558,data/tom2024_category_a/CATA-English/onion_diseases/Healthy_leaf/339336460_1677237782068_640x480.jpg,tom_timestamp:1677237782068,976345c1960f0c7c5eab7f1f9d6656c944468a7f6139a06db404fbe16c1582be,2023-02-24,Healthy_leaf,0.0,1
sample_02559,data/tom2024_category_a/CATA-English/onion_diseases/Healthy_leaf/485073755_1677325990054_640x480.jpg,tom_timestamp:1677325990054,ba9b2c5aeb0c8e00e8c0b33e143c35ff355897b3376128e735597e14f72d9dcf,2023-02-25,Healthy_leaf,0.0,2
sample_02560,data/tom2024_category_a/CATA-English/onion_diseases/Healthy_leaf/152196504_1677335817553_640x480.jpg,tom_timestamp:1677335817553,c04070af33c125893a87d80c335d8c37365114a0a354425e48890b9748715a4e,2023-02-25,Healthy_leaf,0.0,2
sample_02561,data/tom2024_category_a/CATA-English/onion_diseases/Healthy_leaf/1817091518_1677335936486_640x480.jpg,tom_timestamp:1677335936486,b118828028ce6babe606ba465684b28b043a86376106f5a2f978b1eb34b26b4f,2023-02-25,Healthy_leaf,0.0,2
sample_02562,data/tom2024_category_a/CATA-English/onion_diseases/Alternaria_D/347598056_1677336304841_640x480 - Copie - Copie - Copie.jpg,tom_timestamp:1677336304841,fedaa6b79ac5022d97c204eb2ca2647e3ddf6787eba288a1c8a55de9e9aa6262,2023-02-25,Alternaria_D,1.0,2
sample_02563,data/tom2024_category_a/CATA-English/onion_diseases/Alternaria_D/164223088_1677336448457_640x480 - Copie - Copie - Copie.jpg,tom_timestamp:1677336448457,ce5bfc2014422fdfa102592b3b5e495298242c35e5726d385c8dfbdc132ee03e,2023-02-25,Alternaria_D,1.0,2
sample_02564,data/tom2024_category_a/CATA-English/onion_diseases/Alternaria_D/194198987_1677336612696_640x480 - Copie - Copie - Copie.jpg,tom_timestamp:1677336612696,0af9b180dfca86c7cc932212b4c940ba16dca50aa58713f1a4fd84ab652b72b1,2023-02-25,Alternaria_D,1.0,2
sample_02565,data/tom2024_category_a/CATA-English/onion_diseases/Alternaria_D/226123279_1677337007256_640x480 - Copie - Copie - Copie.jpg,tom_timestamp:1677337007256,7bf00e2027ac50cf85b4df8761336056cf4b2f77552c29f97b603cc3b248c4f5,2023-02-25,Alternaria_D,1.0,2
sample_02566,data/tom2024_category_a/CATA-English/onion_diseases/Alternaria_D/447603944_1677337174523_640x480 - Copie - Copie.jpg,tom_timestamp:1677337174523,65d797a36486443789ebb1fcbae5ad5cf15eb037aed8f1e33004fef9b026d9a5,2023-02-25,Alternaria_D,1.0,2
sample_02567,data/tom2024_category_a/CATA-English/onion_diseases/Alternaria_D/449552337_1677337240680_640x480 - Copie - Copie.jpg,tom_timestamp:1677337240680,acb3d182ad855e472fc4103a81566cf53c9d046d25ae9eee201913cba755b4cb,2023-02-25,Alternaria_D,1.0,2
sample_02568,data/tom2024_category_a/CATA-English/onion_diseases/Healthy_leaf/986976246_1677485996335_640x480.jpg,tom_timestamp:1677485996335,4ff2146871becc303b05c842dea5608da835ecc19a710a0ec27f93d6c3088476,2023-02-27,Healthy_leaf,0.0,3
sample_02573,data/tom2024_category_a/CATA-English/onion_diseases/Fusarium-D/1422555119_1677486991258_640x480.jpg,tom_timestamp:1677486991258,35b0b260ef9955132277e982f1e173ecdf33229182dadddb8ef7209065407e01,2023-02-27,Fusarium-D,1.0,3
sample_02576,data/tom2024_category_a/CATA-English/onion_diseases/Fusarium-D/230651329_1677487518834_640x480.jpg,tom_timestamp:1677487518834,88d8fe487679ff4a2c25a1d6fbabb317304e11e3327602efd644a83754789c66,2023-02-27,Fusarium-D,1.0,3
sample_02578,data/tom2024_category_a/CATA-English/onion_diseases/Alternaria_D/402506262_1677487998041_640x480 - Copie - Copie - Copie.jpg,tom_timestamp:1677487998041,5d40905ebafb97ae70f43f46eb5ce2ccb051133697a394f3c202ea95b6e1f018,2023-02-27,Alternaria_D,1.0,3
sample_02579,data/tom2024_category_a/CATA-English/onion_diseases/Fusarium-D/416481239_1677488351085_640x480.jpg,tom_timestamp:1677488351085,9a01e463efe473fc2cc8e04b0ff50adf96ba33958f7dfafd75f121bb450f711f,2023-02-27,Fusarium-D,1.0,3
sample_02580,data/tom2024_category_a/CATA-English/onion_diseases/Alternaria_D/406493609_1677488759626_640x480 - Copie - Copie - Copie.jpg,tom_timestamp:1677488759626,14bed7afdaf00992c1f13c7b01d282b63f4d05e08a6e48f68266181b6995eddd,2023-02-27,Alternaria_D,1.0,3
sample_02582,data/tom2024_category_a/CATA-English/onion_diseases/Alternaria_D/263043645_1677490201347_640x480 - Copie - Copie - Copie.jpg,tom_timestamp:1677490201347,a58d6934ef511a14f4022afb42fa18a390b5caa3cd546499bd831e190e0bb6e8,2023-02-27,Alternaria_D,1.0,3
sample_02583,data/tom2024_category_a/CATA-English/onion_diseases/Alternaria_D/351477713_1677490379852_640x480 - Copie - Copie - Copie.jpg,tom_timestamp:1677490379852,8fb4edc9cdbae13bb43ccf809840af1289fb0d63d780e8112b718b16704ee907,2023-02-27,Alternaria_D,1.0,3
sample_02584,data/tom2024_category_a/CATA-English/onion_diseases/Alternaria_D/148946452_1677490706251_640x480 - Copie - Copie - Copie.jpg,tom_timestamp:1677490706251,913152f8e6c1024bf73c3b5cfc4a88071cf907204093758c130b733cbd0a069a,2023-02-27,Alternaria_D,1.0,3
sample_02585,data/tom2024_category_a/CATA-English/onion_diseases/Alternaria_D/394857497_1677491489646_640x480 - Copie - Copie - Copie.jpg,tom_timestamp:1677491489646,a009f8b11db0e8d6beb1a162d84393aecd0b86d472971287d28a85493e63d6bf,2023-02-27,Alternaria_D,1.0,3
sample_02586,data/tom2024_category_a/CATA-English/onion_diseases/Healthy_leaf/485694722_1677491576454_640x480.jpg,tom_timestamp:1677491576454,d807501b4310218035082342af57f663b9c68d5d117823833a2dfc5e8651d8d7,2023-02-27,Healthy_leaf,0.0,3
sample_02587,data/tom2024_category_a/CATA-English/onion_diseases/Healthy_leaf/493656407_1677491842352_640x480.jpg,tom_timestamp:1677491842352,e9d1528d4e211270bae132d8e78ddbf4965592087776fdb8594447ece166080b,2023-02-27,Healthy_leaf,0.0,3
sample_02588,data/tom2024_category_a/CATA-English/onion_diseases/Healthy_leaf/404312811_1677491851840_640x480.jpg,tom_timestamp:1677491851840,8580b20fd360f2ec107b9abf9b140033f0b72b6edf6ed81556ece247b775b99f,2023-02-27,Healthy_leaf,0.0,3
sample_02589,data/tom2024_category_a/CATA-English/onion_diseases/Fusarium-D/849834863_1677502088781_640x480.jpg,tom_timestamp:1677502088781,ddc652b09e0a52eb19e5e207d2d7cff9bfb79c651b3a110dc37dd9d8fc94d86f,2023-02-27,Fusarium-D,1.0,3
sample_02590,data/tom2024_category_a/CATA-English/onion_diseases/Fusarium-D/1036158313_1677502392847_640x480.jpg,tom_timestamp:1677502392847,3f12ebfea4a5967a5e219bfa8884fbda6633a03412a7596a87dbaa8905559f12,2023-02-27,Fusarium-D,1.0,3
sample_02591,data/tom2024_category_a/CATA-English/onion_diseases/Alternaria_D/416587521_1677509288445_640x480 - Copie - Copie - Copie.jpg,tom_timestamp:1677509288445,93005cde731dd9250c2c6caf25d2d219ae6267387578ac7ae63794333328590d,2023-02-27,Alternaria_D,1.0,3
sample_02592,data/tom2024_category_a/CATA-English/onion_diseases/Alternaria_D/183793710_1677512586252_640x480 - Copie - Copie - Copie.jpg,tom_timestamp:1677512586252,645be3e52635857f78423656fe46bff8c15e2ad15f1b99e6aa3d8fdce0c91b55,2023-02-27,Alternaria_D,1.0,3
sample_02593,data/tom2024_category_a/CATA-English/onion_diseases/Alternaria_D/281553755_1677512932320_640x480 - Copie - Copie - Copie.jpg,tom_timestamp:1677512932320,e6a8d91e0a08564e8cde87a89e1d8bfa9a9b031a3b92bc4225b9414f7fb55cf3,2023-02-27,Alternaria_D,1.0,3
sample_02595,data/tom2024_category_a/CATA-English/onion_diseases/Alternaria_D/456486507_1677577792232_640x480 - Copie - Copie.jpg,tom_timestamp:1677577792232,72d28180ff8cbcbf70254e4093b8381984c1b86ceb1ffe55cb11902cc43311d6,2023-02-28,Alternaria_D,1.0,0
sample_02596,data/tom2024_category_a/CATA-English/onion_diseases/Alternaria_D/428874989_1677577957976_640x480 - Copie - Copie - Copie.jpg,tom_timestamp:1677577957976,f1818a5f5b1ba14506558b5b377753d39d818c992accddf65b6f9a7312ae126b,2023-02-28,Alternaria_D,1.0,0
sample_02597,data/tom2024_category_a/CATA-English/onion_diseases/Alternaria_D/163079245_1677578250041_640x480 - Copie - Copie - Copie.jpg,tom_timestamp:1677578250041,3e6811fba95fe487a4aefb22d378c00ed349302b66f7876c019d2f78a0b552f6,2023-02-28,Alternaria_D,1.0,0
sample_02598,data/tom2024_category_a/CATA-English/onion_diseases/Alternaria_D/352012741_1677578394775_640x480 - Copie - Copie - Copie.jpg,tom_timestamp:1677578394775,a030fa7548b6687b9712a04c383476967b4160c31827f63a6591de9dd3c6e0ec,2023-02-28,Alternaria_D,1.0,0
sample_02599,data/tom2024_category_a/CATA-English/onion_diseases/Alternaria_D/386508303_1677578462394_640x480 - Copie - Copie - Copie.jpg,tom_timestamp:1677578462394,29ee5d539cafa309f97b9ee73b461f824a46bef1f90c43c4f4ea2ff4567a8e83,2023-02-28,Alternaria_D,1.0,0
sample_02600,data/tom2024_category_a/CATA-English/onion_diseases/Alternaria_D/271540358_1677578473727_640x480 - Copie - Copie - Copie.jpg,tom_timestamp:1677578473727,5c61ae2fcda4b7360368aca5a321a8613bdb4500c73efffa8408034bdc2005b5,2023-02-28,Alternaria_D,1.0,0
sample_02601,data/tom2024_category_a/CATA-English/onion_diseases/Alternaria_D/457370268_1677578705714_640x480 - Copie - Copie.jpg,tom_timestamp:1677578705714,de3fbf1f4548d948cd17ab1ccd44f8c99d5991322acf62d7742e1d225b1184c4,2023-02-28,Alternaria_D,1.0,0
sample_02602,data/tom2024_category_a/CATA-English/onion_diseases/Healthy_leaf/20096803_1677578886106_640x480.jpg,tom_timestamp:1677578886106,d7d93b0ed3cc6939fe9f723dfcfaeb2d6dc5637b2875d579032124f6dc5af994,2023-02-28,Healthy_leaf,0.0,0
sample_02603,data/tom2024_category_a/CATA-English/onion_diseases/Healthy_leaf/420432773_1677578971966_640x480.jpg,tom_timestamp:1677578971966,1e53bb080b27a45439a998c7b3f9026d120da2d941f1de7f0cabd5d1416ef143,2023-02-28,Healthy_leaf,0.0,0
sample_02604,data/tom2024_category_a/CATA-English/onion_diseases/Fusarium-D/916086855_1677579080635_640x480.jpg,tom_timestamp:1677579080635,5dabbb337a00053ed0063dc3cd3e682e48236ecd0c954875ed29b21ff01c609e,2023-02-28,Fusarium-D,1.0,0
sample_02605,data/tom2024_category_a/CATA-English/onion_diseases/Alternaria_D/446889098_1677579142090_640x480 - Copie - Copie.jpg,tom_timestamp:1677579142090,4e75f1348434f998b76a5403d2a7dd1351f13ad015ad1c241771bc281cfc50cc,2023-02-28,Alternaria_D,1.0,0
sample_02606,data/tom2024_category_a/CATA-English/onion_diseases/Alternaria_D/25161791_1677579151028_640x480 - Copie - Copie - Copie.jpg,tom_timestamp:1677579151028,b6630478888129a77b2053d6efb2b72a66a528ef87e4d2ac821d3a9d645a643b,2023-02-28,Alternaria_D,1.0,0
sample_02607,data/tom2024_category_a/CATA-English/onion_diseases/Alternaria_D/54021273_1677579221063_640x480 - Copie - Copie - Copie.jpg,tom_timestamp:1677579221063,acebb0719cb33da44f5086d0dec025da315873294a9b3fff8bf8c851231c9465,2023-02-28,Alternaria_D,1.0,0
sample_02608,data/tom2024_category_a/CATA-English/onion_diseases/Healthy_leaf/1101423225_1677579370522_640x480.jpg,tom_timestamp:1677579370522,5e7c86977d284c0fab56de90ef4711d0240892cf6df22dd2263acec1f24cb52c,2023-02-28,Healthy_leaf,0.0,0
sample_02609,data/tom2024_category_a/CATA-English/onion_diseases/Alternaria_D/227369835_1677579457315_640x480 - Copie - Copie - Copie.jpg,tom_timestamp:1677579457315,b1d2c2d7c0ac41785c08dd5ee9ea9057b8807886ed1b16ced1f3639a9ddad9e8,2023-02-28,Alternaria_D,1.0,0
sample_02610,data/tom2024_category_a/CATA-English/onion_diseases/Healthy_leaf/550675444_1677579632526_640x480.jpg,tom_timestamp:1677579632526,96fb5fd30078f531c25375655082efbc6580141e05026c8fc1c40079fc7a585d,2023-02-28,Healthy_leaf,0.0,0
sample_02611,data/tom2024_category_a/CATA-English/onion_diseases/Fusarium-D/381223919_1677658257673_640x480.jpg,tom_timestamp:1677658257673,b0b8d3f461a69910007408c263be952f64d98bbe2e88acd30432fdf3c60c0e67,2023-03-01,Fusarium-D,1.0,1
sample_02612,data/tom2024_category_a/CATA-English/onion_diseases/Alternaria_D/322052563_1677660114921_640x480 - Copie - Copie - Copie.jpg,tom_timestamp:1677660114921,c089edcbb477087e54283ffa249606306d7d5cc2d1ef1f5167ecdb0613dfe830,2023-03-01,Alternaria_D,1.0,1
sample_02613,data/tom2024_category_a/CATA-English/onion_diseases/Alternaria_D/422435663_1677660959637_640x480 - Copie - Copie - Copie.jpg,tom_timestamp:1677660959637,093b185ba5c577022423abf4732f36ed9a3f347d828795f874e5d30041995edc,2023-03-01,Alternaria_D,1.0,1
sample_02614,data/tom2024_category_a/CATA-English/onion_diseases/Alternaria_D/268543054_1677662318261_640x480 - Copie - Copie - Copie.jpg,tom_timestamp:1677662318261,fb0bd175044731984b449ca7f97482706685d42a0d173e281afb13c968c8430a,2023-03-01,Alternaria_D,1.0,1
sample_02615,data/tom2024_category_a/CATA-English/onion_diseases/Healthy_leaf/1427680028_1677662564150_640x480.jpg,tom_timestamp:1677662564150,5a47532283184c5ba00b142efa5598d7c9e4707c5ad261be4f350b29484069c1,2023-03-01,Healthy_leaf,0.0,1
sample_02616,data/tom2024_category_a/CATA-English/onion_diseases/Healthy_leaf/1689540210_1677662744375_640x480.jpg,tom_timestamp:1677662744375,5db9da72f8a9eef902cd216ddd24c3a6a87ad1dd29b7f89bc09d455ecd77eb1a,2023-03-01,Healthy_leaf,0.0,1
sample_02617,data/tom2024_category_a/CATA-English/onion_diseases/Healthy_leaf/156446039_1677672039581_640x480.jpg,tom_timestamp:1677672039581,d5183a6a3e8e835e239cfb45f1f19f29b010df0e150692f8f86df081f7b13c04,2023-03-01,Healthy_leaf,0.0,1
sample_02618,data/tom2024_category_a/CATA-English/onion_diseases/Alternaria_D/303506389_1677672465788_640x480 - Copie - Copie - Copie.jpg,tom_timestamp:1677672465788,285e59577794865df3075963c216dd8e6e43f2f12543037618c867e797924833,2023-03-01,Alternaria_D,1.0,1
sample_02621,data/tom2024_category_a/CATA-English/onion_diseases/Alternaria_D/314664682_1677744919392_640x480 - Copie - Copie - Copie.jpg,tom_timestamp:1677744919392,31bd363f559b52ded3ddf313ff90d469390822d3866e2bf3ed8d15f2675b4736,2023-03-02,Alternaria_D,1.0,2
sample_02622,data/tom2024_category_a/CATA-English/onion_diseases/Alternaria_D/114211151_1677745339911_640x480 - Copie - Copie - Copie.jpg,tom_timestamp:1677745339911,444f6bdd18ee32cb60c072f95a718194930356881c9d179c1b0d29afe5802e2b,2023-03-02,Alternaria_D,1.0,2
sample_02623,data/tom2024_category_a/CATA-English/onion_diseases/Alternaria_D/291247400_1677745560081_640x480 - Copie - Copie - Copie.jpg,tom_timestamp:1677745560081,9d81d3a18d5102dd5847b559d0d1fe40792c2acc0d6fb2b92e604aec6597e7f8,2023-03-02,Alternaria_D,1.0,2
sample_02624,data/tom2024_category_a/CATA-English/onion_diseases/Alternaria_D/145680679_1677745577720_640x480 - Copie - Copie - Copie.jpg,tom_timestamp:1677745577720,816e87b707283453a00e2ebae90f0fbc1b7fc99a2e68e8f502c6c78a50477504,2023-03-02,Alternaria_D,1.0,2
sample_02625,data/tom2024_category_a/CATA-English/onion_diseases/Alternaria_D/321055186_1677745667953_640x480 - Copie - Copie - Copie.jpg,tom_timestamp:1677745667953,d9b2526606a04a48aa86aaf3339d9fbbe3c81cefb72e29f9adf3207943f63aa4,2023-03-02,Alternaria_D,1.0,2
sample_02626,data/tom2024_category_a/CATA-English/onion_diseases/Alternaria_D/288637354_1677745921157_640x480 - Copie - Copie - Copie.jpg,tom_timestamp:1677745921157,bad8fb6f0c4d3b983e1c12f1a4222f20668a8971b3cd05722f92d7c58be7eff6,2023-03-02,Alternaria_D,1.0,2
sample_02627,data/tom2024_category_a/CATA-English/onion_diseases/Alternaria_D/350550554_1677747189532_640x480 - Copie - Copie - Copie.jpg,tom_timestamp:1677747189532,d9694e862ebd411d9a4831817e647d0a0d7891bb848bc26432da60f894ef205c,2023-03-02,Alternaria_D,1.0,2
sample_02628,data/tom2024_category_a/CATA-English/onion_diseases/Healthy_leaf/1433683023_1677747365700_640x480.jpg,tom_timestamp:1677747365700,532d5f0de6877953cb5a3835a612affb09fbcb869d750ce8970575d27b0171db,2023-03-02,Healthy_leaf,0.0,2
sample_02629,data/tom2024_category_a/CATA-English/onion_diseases/Alternaria_D/24193144_1677747701785_640x480 - Copie - Copie - Copie.jpg,tom_timestamp:1677747701785,1c44c92cbe75389278b20287cac870c94ce63ef3fd6fbae960b6a52c5295f2ac,2023-03-02,Alternaria_D,1.0,2
sample_02632,data/tom2024_category_a/CATA-English/onion_diseases/Alternaria_D/313828090_1677748663203_640x480 - Copie - Copie - Copie.jpg,tom_timestamp:1677748663203,f688b61f4aa7749257ee834d0e41e8579b732e1cc719d73af52422cb24e11d12,2023-03-02,Alternaria_D,1.0,2
sample_02633,data/tom2024_category_a/CATA-English/onion_diseases/Alternaria_D/185301156_1677748674603_640x480 - Copie - Copie - Copie.jpg,tom_timestamp:1677748674603,52c1f01235978950cbd55922c355b9aaeb784d55053d0053730f27b6480f10d5,2023-03-02,Alternaria_D,1.0,2
sample_02634,data/tom2024_category_a/CATA-English/onion_diseases/Alternaria_D/305243528_1677748706772_640x480 - Copie - Copie - Copie.jpg,tom_timestamp:1677748706772,ce6c7a89e614e3e3b2641383dea0b7d71d97a9c8e225fc4974c2678baa7f6820,2023-03-02,Alternaria_D,1.0,2
sample_02636,data/tom2024_category_a/CATA-English/onion_diseases/Alternaria_D/416146574_1677748948624_640x480 - Copie - Copie - Copie.jpg,tom_timestamp:1677748948624,a0bd146c39637dad979e5f17273af57ecee4107e964d05db36b71b41c478943d,2023-03-02,Alternaria_D,1.0,2
sample_02637,data/tom2024_category_a/CATA-English/onion_diseases/Alternaria_D/263889689_1677750051608_640x480 - Copie - Copie - Copie.jpg,tom_timestamp:1677750051608,2323c40c86e6673cf9c5adc85509d2c86ee25a737bf83a246890f3cba4981349,2023-03-02,Alternaria_D,1.0,2
sample_02638,data/tom2024_category_a/CATA-English/onion_diseases/Alternaria_D/399871759_1677750433731_640x480 - Copie - Copie - Copie.jpg,tom_timestamp:1677750433731,74ebb5b3d7068e1380bd06d0a6d4a21bcb4f478a2069f890f8a079d4dcf320ad,2023-03-02,Alternaria_D,1.0,2
sample_02639,data/tom2024_category_a/CATA-English/onion_diseases/Alternaria_D/14120634_1677751291389_640x480 - Copie - Copie - Copie.jpg,tom_timestamp:1677751291389,9ac4d26c3435437c68b50c178fef320ee134c0cd8480c6d17c2d4f5c30704da4,2023-03-02,Alternaria_D,1.0,2
sample_02642,data/tom2024_category_a/CATA-English/onion_diseases/Alternaria_D/401845919_1677751956649_640x480 - Copie - Copie - Copie.jpg,tom_timestamp:1677751956649,9d2aafd4fdeff517cd62271b6f476ec6887f819ab4a469ff5001aed389c7b0e6,2023-03-02,Alternaria_D,1.0,2
sample_02643,data/tom2024_category_a/CATA-English/onion_diseases/Alternaria_D/62772044_1677752402761_640x480 - Copie - Copie - Copie.jpg,tom_timestamp:1677752402761,0d2c36597c0ed6b99df60ac38ff0fbdf8930bc1c1f1436e5a9d75980a5662772,2023-03-02,Alternaria_D,1.0,2
sample_02644,data/tom2024_category_a/CATA-English/onion_diseases/Alternaria_D/304137408_1677752957317_640x480 - Copie - Copie - Copie.jpg,tom_timestamp:1677752957317,8081d39406d7eeab86fb5abe0d0a99f48b5a875781e9cb1dbdff856121f2d9f6,2023-03-02,Alternaria_D,1.0,2
sample_02645,data/tom2024_category_a/CATA-English/onion_diseases/Alternaria_D/306643884_1677754087933_640x480 - Copie - Copie - Copie.jpg,tom_timestamp:1677754087933,35b86f02ebb83a79ba1b362d1894a81a2e5997486cdddd78442f369969ad6cbb,2023-03-02,Alternaria_D,1.0,2
sample_02646,data/tom2024_category_a/CATA-English/onion_diseases/Alternaria_D/310292795_1677754233313_640x480 - Copie - Copie - Copie.jpg,tom_timestamp:1677754233313,3472b9a220c707347c70ce1686eca52a148702da68f833eba1ca4e3975b3637d,2023-03-02,Alternaria_D,1.0,2
sample_02647,data/tom2024_category_a/CATA-English/onion_diseases/Alternaria_D/339800921_1677756772827_640x480 - Copie - Copie - Copie.jpg,tom_timestamp:1677756772827,98475cdf59fff5d297ab632e3bafea2aea935ee64f80d28cf562ac84cef5d996,2023-03-02,Alternaria_D,1.0,2
sample_02650,data/tom2024_category_a/CATA-English/onion_diseases/Alternaria_D/287888360_1677757535549_640x480 - Copie - Copie - Copie.jpg,tom_timestamp:1677757535549,e378d55dbf1915ed83246f26857dc24fc3cbdca64aded37446419496ae316e94,2023-03-02,Alternaria_D,1.0,2
sample_02651,data/tom2024_category_a/CATA-English/onion_diseases/Fusarium-D/987476520_1677836457529_640x480.jpg,tom_timestamp:1677836457529,85bb91e207d71c30ecb27011a0e6ed8d13227136d817c0e721e9404062848416,2023-03-03,Fusarium-D,1.0,1
sample_02652,data/tom2024_category_a/CATA-English/onion_diseases/Fusarium-D/2100662440_1677836496793_640x480.jpg,tom_timestamp:1677836496793,848c8acc1703cf8e27f442a4b6513a8deeeb88c91c39eb5dea0fe6493272f4db,2023-03-03,Fusarium-D,1.0,1
sample_02653,data/tom2024_category_a/CATA-English/onion_diseases/Fusarium-D/563278550_1677917840948_640x480.jpg,tom_timestamp:1677917840948,cdc63bcc656d846787764e34b4cfe652b60ea86fd6f151a52c25d6989e7dc526,2023-03-04,Fusarium-D,1.0,2
sample_02654,data/tom2024_category_a/CATA-English/onion_diseases/Fusarium-D/444907359_1677918535604_640x480.jpg,tom_timestamp:1677918535604,fe6d5293b7cc9268f82365bddc3ba61d0701ab1c4b38b7ee5d8a6ba62724f828,2023-03-04,Fusarium-D,1.0,2
sample_02655,data/tom2024_category_a/CATA-English/onion_diseases/Fusarium-D/1335364650_1677918914059_640x480.jpg,tom_timestamp:1677918914059,7c94b411eb7dd600a59471bb64ea2a8666af273ae08e70154d6de18144135077,2023-03-04,Fusarium-D,1.0,2
sample_02656,data/tom2024_category_a/CATA-English/onion_diseases/Fusarium-D/75780033_1677918937589_640x480.jpg,tom_timestamp:1677918937589,de280f60671f0c9b77b62355c58a485cfe5c7eb42e82db07ed2714504cf2d6c6,2023-03-04,Fusarium-D,1.0,2
sample_02657,data/tom2024_category_a/CATA-English/onion_diseases/Fusarium-D/799279266_1677919878633_640x480.jpg,tom_timestamp:1677919878633,dcb2550532f1de1a72d546fd635959c586cc360e132c7c7f1d90b5fe182b0e38,2023-03-04,Fusarium-D,1.0,2
sample_02658,data/tom2024_category_a/CATA-English/onion_diseases/Fusarium-D/597178465_1677920220863_640x480.jpg,tom_timestamp:1677920220863,28a245e0c23ee5a878b230c64a738e34151fc6e4fcaafd53571bf4c35b0d9782,2023-03-04,Fusarium-D,1.0,2
sample_02659,data/tom2024_category_a/CATA-English/onion_diseases/Fusarium-D/929549167_1677920371168_640x480.jpg,tom_timestamp:1677920371168,e345bca496b2661ffc8af9207b7be8b63f43832a9b4e557dc0e2a3190079b7ce,2023-03-04,Fusarium-D,1.0,2
sample_02660,data/tom2024_category_a/CATA-English/onion_diseases/Fusarium-D/1894894295_1677920976917_640x480.jpg,tom_timestamp:1677920976917,9ff50efd289a74b57c938040b9611237274507472b611f6f6c87be4f81ae9685,2023-03-04,Fusarium-D,1.0,2
sample_02661,data/tom2024_category_a/CATA-English/onion_diseases/Healthy_leaf/1076063941_1677921045353_640x480.jpg,tom_timestamp:1677921045353,facb6c1e185a4351650bd0b50c7da498e2b917318d569081f4d29b2fa7db141f,2023-03-04,Healthy_leaf,0.0,2
sample_02662,data/tom2024_category_a/CATA-English/onion_diseases/Healthy_leaf/1347921_1677921056592_640x480.jpg,tom_timestamp:1677921056592,59d45086b32a772e676927d6be134ba20042a39c329f2afe3c014bb44ca33b99,2023-03-04,Healthy_leaf,0.0,2
sample_02663,data/tom2024_category_a/CATA-English/onion_diseases/Healthy_leaf/304210497_1677921081280_640x480.jpg,tom_timestamp:1677921081280,e15b1d0794bb80eb24a2faf20d0ecdac1012cb135bf0ee70b2a68c0f1d09475b,2023-03-04,Healthy_leaf,0.0,2
sample_02664,data/tom2024_category_a/CATA-English/onion_diseases/Healthy_leaf/1398369461_1677921355271_640x480.jpg,tom_timestamp:1677921355271,07608c526b95e881b1f2b0bebc36d1f3669e144809c0791a3675a294a67dc878,2023-03-04,Healthy_leaf,0.0,2
sample_02665,data/tom2024_category_a/CATA-English/onion_diseases/Fusarium-D/503586387_1677921465964_640x480.jpg,tom_timestamp:1677921465964,8aad6d6cbd00c96d109249cd40565eb68ac0ad72f24f0154fd1b69d00f00161a,2023-03-04,Fusarium-D,1.0,2
sample_02666,data/tom2024_category_a/CATA-English/onion_diseases/Fusarium-D/1160691533_1677922099637_640x480.jpg,tom_timestamp:1677922099637,c92c84cac2cf96a84d55a4ce938da58d4b5df5206580bce5f96609409e4e824b,2023-03-04,Fusarium-D,1.0,2
sample_02667,data/tom2024_category_a/CATA-English/onion_diseases/Fusarium-D/1418941580_1677922253887_640x480.jpg,tom_timestamp:1677922253887,ebd03e179bcfa688e5d88ff3d6d4c103c2cb07d0e47fc04d08ebba87f567525c,2023-03-04,Fusarium-D,1.0,2
sample_02668,data/tom2024_category_a/CATA-English/onion_diseases/Fusarium-D/1023748150_1677922263811_640x480.jpg,tom_timestamp:1677922263811,3aa99c9cd3d60af7f50d183e42b4a8955485567997900b4050c78a181abbe271,2023-03-04,Fusarium-D,1.0,2
sample_02669,data/tom2024_category_a/CATA-English/onion_diseases/Healthy_leaf/898492915_1677930206753_640x360.jpg,tom_timestamp:1677930206753,6e0d0718d94c8628141be8f5a9c15d45016cd004f2776c88caaae11b164a0666,2023-03-04,Healthy_leaf,0.0,2
sample_02670,data/tom2024_category_a/CATA-English/onion_diseases/Fusarium-D/1352053953_1678085390394_640x480.jpg,tom_timestamp:1678085390394,dfd56f7e6fec88ac0fb6985dbc37121a941a6c76e16cfa94bc1fd8f17f2b7e4e,2023-03-06,Fusarium-D,1.0,0
sample_02671,data/tom2024_category_a/CATA-English/onion_diseases/Fusarium-D/707559241_1678085461423_640x480.jpg,tom_timestamp:1678085461423,fe397f9b5dca757ce619e4de288f88a3cf73d3328c7115b4daf2c936a5419366,2023-03-06,Fusarium-D,1.0,0
sample_02672,data/tom2024_category_a/CATA-English/onion_diseases/Fusarium-D/423723621_1678085836507_640x480.jpg,tom_timestamp:1678085836507,f5994a7b81d32e50608e29d73bc87d4ff6e4cdc84152692f008dc7fce04fca7b,2023-03-06,Fusarium-D,1.0,0
sample_02673,data/tom2024_category_a/CATA-English/onion_diseases/Fusarium-D/719118052_1678086350000_640x480.jpg,tom_timestamp:1678086350000,7c5bebad1d2019b034f61a250b22c0332ca9bfe4adeb70c63686905a860dc2f8,2023-03-06,Fusarium-D,1.0,0
sample_02674,data/tom2024_category_a/CATA-English/onion_diseases/Fusarium-D/1838940141_1678086709717_640x480.jpg,tom_timestamp:1678086709717,a6bd293f69fdf29a17d4fb3127682b3c59b5159fd3cb93aa60c0646af879a9fe,2023-03-06,Fusarium-D,1.0,0
sample_02675,data/tom2024_category_a/CATA-English/onion_diseases/Fusarium-D/199956127_1678086766150_640x480.jpg,tom_timestamp:1678086766150,848b7caa670c61189b98f88dea886b244715943549e88b646bbe03dcb5f91e6c,2023-03-06,Fusarium-D,1.0,0
sample_02676,data/tom2024_category_a/CATA-English/onion_diseases/Fusarium-D/1942752254_1678086882789_640x480.jpg,tom_timestamp:1678086882789,5cae8a0042d3d3aaa6773821a0dad843fad4d35a3b60cf84b39d898dd47c7fd9,2023-03-06,Fusarium-D,1.0,0
sample_02677,data/tom2024_category_a/CATA-English/onion_diseases/Fusarium-D/315378836_1678086934618_640x480.jpg,tom_timestamp:1678086934618,6df084a3bf55f75ed1072138e7f7e17a56e9dfc9f41e4242e018674870fd28b0,2023-03-06,Fusarium-D,1.0,0
sample_02678,data/tom2024_category_a/CATA-English/onion_diseases/Fusarium-D/1383626800_1678087171494_640x480.jpg,tom_timestamp:1678087171494,a427d7aafef53a22af22e0a9bc0037d369801f87a734b925e9f992accc667e02,2023-03-06,Fusarium-D,1.0,0
sample_02679,data/tom2024_category_a/CATA-English/onion_diseases/Fusarium-D/1789391961_1678087380460_640x480.jpg,tom_timestamp:1678087380460,5e437aa0409047f4225c861b47952b87a368425c75d2ead8058148d39a09a14f,2023-03-06,Fusarium-D,1.0,0
sample_02680,data/tom2024_category_a/CATA-English/onion_diseases/Fusarium-D/1251203080_1678087437862_640x480.jpg,tom_timestamp:1678087437862,89e001f66728c260be8d5957351ed13d3b7a6c6a2ccdc6dedae4c31598ee4fe4,2023-03-06,Fusarium-D,1.0,0
sample_02681,data/tom2024_category_a/CATA-English/onion_diseases/Fusarium-D/2057136098_1678087551099_640x480.jpg,tom_timestamp:1678087551099,ccd38467d21a33d2b5ae8b3e9003a0a60219c8b0a93072870f4dfc62e28fa034,2023-03-06,Fusarium-D,1.0,0
sample_02682,data/tom2024_category_a/CATA-English/onion_diseases/Fusarium-D/1593990409_1678087659211_640x480.jpg,tom_timestamp:1678087659211,ea6145ca85ba9bbedab3665028c6bf79edd8aae36c37d2e6926223e43790a140,2023-03-06,Fusarium-D,1.0,0
sample_02683,data/tom2024_category_a/CATA-English/onion_diseases/Fusarium-D/699246111_1678088526163_640x480.jpg,tom_timestamp:1678088526163,2164cf0add686838d01bb6dfc8918580dc0b60c874074dcd38779d06494d31d8,2023-03-06,Fusarium-D,1.0,0
sample_02684,data/tom2024_category_a/CATA-English/onion_diseases/Fusarium-D/697129605_1678088620090_640x480.jpg,tom_timestamp:1678088620090,caae90c1d3c1333bf620086d6a9c1530b8ed3a89f4b56499d8606ca6d58f7281,2023-03-06,Fusarium-D,1.0,0
sample_02685,data/tom2024_category_a/CATA-English/onion_diseases/Fusarium-D/1618485332_1678088671095_640x480.jpg,tom_timestamp:1678088671095,4091939cb01ac4549e028fffd8da4b1079865053c7d4f4e2313664cf6e56953f,2023-03-06,Fusarium-D,1.0,0
sample_02686,data/tom2024_category_a/CATA-English/onion_diseases/Fusarium-D/321534223_1678088885659_640x480.jpg,tom_timestamp:1678088885659,61cbd9c4d70f8f34170114a07b253d08a81fddbaaf6c86e06fbb63f0a62bf102,2023-03-06,Fusarium-D,1.0,0
sample_02687,data/tom2024_category_a/CATA-English/onion_diseases/Fusarium-D/1976351046_1678089041768_640x480.jpg,tom_timestamp:1678089041768,0885ed69b7152279ec966b4ce981e18a20340df5b6b9b9e199f147fdf24fa40d,2023-03-06,Fusarium-D,1.0,0
sample_02688,data/tom2024_category_a/CATA-English/onion_diseases/Fusarium-D/1527673874_1678089303617_640x480.jpg,tom_timestamp:1678089303617,d35bc4616559117f73ca4f9a05dca337ea6bcdd9a050ac3290150574f3a04854,2023-03-06,Fusarium-D,1.0,0
sample_02689,data/tom2024_category_a/CATA-English/onion_diseases/Fusarium-D/76297840_1678089426706_640x480.jpg,tom_timestamp:1678089426706,0b39a019a3bc28acf702201e71ab5032e918cc667b7dda051a6f5fab93204dd3,2023-03-06,Fusarium-D,1.0,0
sample_02690,data/tom2024_category_a/CATA-English/onion_diseases/Fusarium-D/1759051608_1678089630173_640x480.jpg,tom_timestamp:1678089630173,09d32a568dd60bedd1dc8aee6d665c973ed36d854797b366616451d5be2576f7,2023-03-06,Fusarium-D,1.0,0
sample_02691,data/tom2024_category_a/CATA-English/onion_diseases/Healthy_leaf/1051111291_1678090428591_640x480.jpg,tom_timestamp:1678090428591,6fbfef91543f40ef14d56bc870ba84d2cd632474f1807b24fa13e57702b091b9,2023-03-06,Healthy_leaf,0.0,0
sample_02692,data/tom2024_category_a/CATA-English/onion_diseases/Fusarium-D/1261020136_1678090553910_640x480.jpg,tom_timestamp:1678090553910,cf6d29ab212cba712cfcc941a5f045b64e5f356833af48bb2b671246dbbf1abf,2023-03-06,Fusarium-D,1.0,0
sample_02693,data/tom2024_category_a/CATA-English/onion_diseases/Fusarium-D/1423497307_1678090791565_640x480.jpg,tom_timestamp:1678090791565,fba52c3c7d9b67b51533d78f6f73fd7a0f078d5f557df4ad2ba790abdcda5f18,2023-03-06,Fusarium-D,1.0,0
sample_02694,data/tom2024_category_a/CATA-English/onion_diseases/Fusarium-D/1644029417_1678093891851_640x480.jpg,tom_timestamp:1678093891851,bff272c60ef2e01bc867969b19bf0ac5ab212a1f10bed65349652c3cd1bd3ca0,2023-03-06,Fusarium-D,1.0,0
sample_02695,data/tom2024_category_a/CATA-English/onion_diseases/Fusarium-D/1353764517_1678093948631_640x480.jpg,tom_timestamp:1678093948631,123091b2a96fb5e040ee48b84641f3173232c3c037958b22f4412894438fc9cf,2023-03-06,Fusarium-D,1.0,0
sample_02696,data/tom2024_category_a/CATA-English/onion_diseases/Healthy_leaf/2055288312_1678094474060_640x480.jpg,tom_timestamp:1678094474060,c44beb4736a77c0bddb90cdb53d648d946bc4215eefb7e4050c2bfa81ae646de,2023-03-06,Healthy_leaf,0.0,0
sample_02697,data/tom2024_category_a/CATA-English/onion_diseases/Fusarium-D/1864354638_1678094859677_640x480.jpg,tom_timestamp:1678094859677,a4447e8305457099e555333c2763fc28d9660ec0bcd7b33aa9016f9776ee55df,2023-03-06,Fusarium-D,1.0,0
sample_02698,data/tom2024_category_a/CATA-English/onion_diseases/Alternaria_D/231707133_1678095508247_640x360 - Copie - Copie - Copie.jpg,tom_timestamp:1678095508247,4f7fbb56cd20b5b8bb987d2e70a5dc988a126cc5afd4ffaf35d120d6116b8a0c,2023-03-06,Alternaria_D,1.0,0
sample_02699,data/tom2024_category_a/CATA-English/onion_diseases/Alternaria_D/145714998_1678095625717_640x360 - Copie - Copie - Copie.jpg,tom_timestamp:1678095625717,673af7ecea066e777c0a11b66b9174d2e508be0fd3b61cdeed3eec3a679fdf95,2023-03-06,Alternaria_D,1.0,0
sample_02700,data/tom2024_category_a/CATA-English/onion_diseases/Alternaria_D/122245931_1678095705007_640x360 - Copie - Copie - Copie.jpg,tom_timestamp:1678095705007,310420e530be2b09bb63056e3ae99eb090b0983a2ae918ef55f12a6dcd46e5f9,2023-03-06,Alternaria_D,1.0,0
sample_02701,data/tom2024_category_a/CATA-English/onion_diseases/Healthy_leaf/1735318694_1678096336487_640x360.jpg,tom_timestamp:1678096336487,ee7ec2ef7106779db0242a676b12125dbd2e4adcaad4cfabbc23165ffb616c92,2023-03-06,Healthy_leaf,0.0,0
sample_02702,data/tom2024_category_a/CATA-English/onion_diseases/Healthy_leaf/364701694_1678096436311_640x360.jpg,tom_timestamp:1678096436311,88ada22a13ae0d47ff9eba1664ed44ba09abf2b0f5f661e85ffdbc90f9aa30f8,2023-03-06,Healthy_leaf,0.0,0
sample_02703,data/tom2024_category_a/CATA-English/onion_diseases/Healthy_leaf/1837792282_1678096815471_640x360.jpg,tom_timestamp:1678096815471,6291f4c6457cc677d1da56b90eb7c136c4ae606d0f086c05eae337ea5786e86e,2023-03-06,Healthy_leaf,0.0,0
sample_02704,data/tom2024_category_a/CATA-English/onion_diseases/Healthy_leaf/441303058_1678096949430_640x360.jpg,tom_timestamp:1678096949430,16d1a0339f95a5922646fc9015580c667dd556a1c2d7f73b01213f749c1aa172,2023-03-06,Healthy_leaf,0.0,0
sample_02705,data/tom2024_category_a/CATA-English/onion_diseases/Healthy_leaf/1730447586_1678097007522_640x360.jpg,tom_timestamp:1678097007522,113608de24f60541f13fd76ee957c1ea88cb321098453af41992d960f765f0f7,2023-03-06,Healthy_leaf,0.0,0
sample_02706,data/tom2024_category_a/CATA-English/onion_diseases/Fusarium-D/1075342367_1678097142797_640x480.jpg,tom_timestamp:1678097142797,f2483ff6f7e3951ec7dfc05263c0afb68179489e855712709763c5030bff12cf,2023-03-06,Fusarium-D,1.0,0
sample_02707,data/tom2024_category_a/CATA-English/onion_diseases/Alternaria_D/273916003_1678097462989_640x360 - Copie - Copie - Copie.jpg,tom_timestamp:1678097462989,af9fbcc01c7f43ee87565b3f63d6a8f1293672f6c0554b2540366eae1265cce6,2023-03-06,Alternaria_D,1.0,0
sample_02708,data/tom2024_category_a/CATA-English/onion_diseases/Fusarium-D/822068406_1678174804209_640x480.jpg,tom_timestamp:1678174804209,0da32574b37a7104345f421924ddf44fec1045df1db0a7f42c042eab17e9bcba,2023-03-07,Fusarium-D,1.0,1
sample_02709,data/tom2024_category_a/CATA-English/onion_diseases/Fusarium-D/1011911430_1678174824787_640x480.jpg,tom_timestamp:1678174824787,bb06c40de962b071395c5de44b133d2be01bbcc7f3f011d575fcce8dbb8b85ef,2023-03-07,Fusarium-D,1.0,1
sample_02710,data/tom2024_category_a/CATA-English/onion_diseases/Fusarium-D/925464531_1678175077548_640x480.jpg,tom_timestamp:1678175077548,665bd366e0954e997d8ab9a79ff4142dc39486609dd127dbf9b7025ed5337716,2023-03-07,Fusarium-D,1.0,1
sample_02711,data/tom2024_category_a/CATA-English/onion_diseases/Alternaria_D/72722716_1678175428661_640x480 - Copie - Copie - Copie.jpg,tom_timestamp:1678175428661,cd4b92e9d1bdf866f335931b032fe15d8eb05f773cdaa6efaaee69579e07446b,2023-03-07,Alternaria_D,1.0,1
sample_02712,data/tom2024_category_a/CATA-English/onion_diseases/Alternaria_D/198549043_1678176229613_640x480 - Copie - Copie - Copie.jpg,tom_timestamp:1678176229613,2ebb3d508f777d18cedfb3d44fdb76242b2277f825f714a8ea863b5eb2d547a5,2023-03-07,Alternaria_D,1.0,1
sample_02713,data/tom2024_category_a/CATA-English/onion_diseases/Alternaria_D/422510417_1678176841689_640x480 - Copie - Copie - Copie.jpg,tom_timestamp:1678176841689,9ca3be33cebbdc2ff7fcf18c0b524e9a7d14f9518a1ee8f39b90cef30e5f59f1,2023-03-07,Alternaria_D,1.0,1
sample_02714,data/tom2024_category_a/CATA-English/onion_diseases/Fusarium-D/1757618757_1678177057190_640x480.jpg,tom_timestamp:1678177057190,f0e83bcb12983930d1432ffe7512370b5fde4e81978eedfb922e2d1442cb00e4,2023-03-07,Fusarium-D,1.0,1
sample_02715,data/tom2024_category_a/CATA-English/onion_diseases/Fusarium-D/26303889_1678177077841_640x480.jpg,tom_timestamp:1678177077841,975541dbfc57507d9d40167c87bb601c4abb1282a025ec08e5a7ec963b9b2249,2023-03-07,Fusarium-D,1.0,1
sample_02716,data/tom2024_category_a/CATA-English/onion_diseases/Alternaria_D/19251732_1678177158679_640x480 - Copie - Copie - Copie.jpg,tom_timestamp:1678177158679,1ac4ea7aadabc5c5e8284bba398ba5e257e543aa0dd692d505c00d07dfde281d,2023-03-07,Alternaria_D,1.0,1
sample_02717,data/tom2024_category_a/CATA-English/onion_diseases/Alternaria_D/187274422_1678177924567_640x480 - Copie - Copie - Copie.jpg,tom_timestamp:1678177924567,758691b885ca4843426e24df903551d5de2dc83853ba9f9d82c499b087b5587e,2023-03-07,Alternaria_D,1.0,1
sample_02718,data/tom2024_category_a/CATA-English/onion_diseases/Alternaria_D/197846153_1678178097855_640x480 - Copie - Copie - Copie.jpg,tom_timestamp:1678178097855,18a95f1853e6c5ac02faeb0f407cc0ef2f9415cc8df4e76b5b47c94a1eb4ea09,2023-03-07,Alternaria_D,1.0,1
sample_02719,data/tom2024_category_a/CATA-English/onion_diseases/Alternaria_D/278227975_1678178802610_640x480 - Copie - Copie - Copie.jpg,tom_timestamp:1678178802610,691dbd194d1c1e5a3f206e48f31eb6706f58886731b424768ce7f0ea49119798,2023-03-07,Alternaria_D,1.0,1
sample_02720,data/tom2024_category_a/CATA-English/onion_diseases/Alternaria_D/448666831_1678179131450_640x480 - Copie - Copie.jpg,tom_timestamp:1678179131450,66fdfd7956ba4bc5b80484985d38f68bb055e3cef35b055ae0de582d2570a8e1,2023-03-07,Alternaria_D,1.0,1
sample_02721,data/tom2024_category_a/CATA-English/onion_diseases/Alternaria_D/36888378_1678179163557_640x480 - Copie - Copie - Copie.jpg,tom_timestamp:1678179163557,ea0db1ac639d1e6c3f33e3820c6b5a6c13843cb966089a21183e17803ea7300c,2023-03-07,Alternaria_D,1.0,1
sample_02722,data/tom2024_category_a/CATA-English/onion_diseases/Alternaria_D/467070910_1678179626088_640x480 - Copie.jpg,tom_timestamp:1678179626088,d88ac03108379efb586562e5c01b6de9de073d84cbb06927231cbb43a92aa051,2023-03-07,Alternaria_D,1.0,1
sample_02723,data/tom2024_category_a/CATA-English/onion_diseases/Virosis-D/1928264000_1678181271802_640x480.jpg,tom_timestamp:1678181271802,bbc3617e06e9ef8b35764cdce40e003c970ffbf318c56d186712d6dfd1b839cb,2023-03-07,Virosis-D,1.0,1
sample_02724,data/tom2024_category_a/CATA-English/onion_diseases/Virosis-D/2005710349_1678181283386_640x480.jpg,tom_timestamp:1678181283386,94437cacede8b5549726d83a39ced5d468866067fce59f29c273af5e090fa03a,2023-03-07,Virosis-D,1.0,1
sample_02725,data/tom2024_category_a/CATA-English/onion_diseases/Fusarium-D/136087806_1678181306748_640x480.jpg,tom_timestamp:1678181306748,5ca4a269632fe5bc8e0e1a9e0db6a7bfa4bfee116e7080e968c21722f4444c90,2023-03-07,Fusarium-D,1.0,1
sample_02726,data/tom2024_category_a/CATA-English/onion_diseases/Virosis-D/1412893081_1678181567460_640x480.jpg,tom_timestamp:1678181567460,4ebb8d9673aec024d24ab73a8e1146693dd06761ae50f88a0a23b868f29efe0a,2023-03-07,Virosis-D,1.0,1
sample_02727,data/tom2024_category_a/CATA-English/onion_diseases/Alternaria_D/368607724_1678181576902_640x480 - Copie - Copie - Copie.jpg,tom_timestamp:1678181576902,0a25dec1bacfb2b35ca5889fdda1d3b4a755ab5979f7b1913dd05d82b9672db0,2023-03-07,Alternaria_D,1.0,1
sample_02728,data/tom2024_category_a/CATA-English/onion_diseases/Virosis-D/967280719_1678181893511_640x480.jpg,tom_timestamp:1678181893511,8d669aafa51507edeb86d6d00fb8f2a57cebcb8bcc464a82e0dc334de983650c,2023-03-07,Virosis-D,1.0,1
sample_02729,data/tom2024_category_a/CATA-English/onion_diseases/Fusarium-D/41937645_1678182159869_640x480.jpg,tom_timestamp:1678182159869,3241d0e9faf99443d630fc38aef84c588e0dff16f34d10896ba4eb856b1b8a5b,2023-03-07,Fusarium-D,1.0,1
sample_02730,data/tom2024_category_a/CATA-English/onion_diseases/Fusarium-D/1616801392_1678182172732_640x480.jpg,tom_timestamp:1678182172732,6ad1f73e3a8fb89434e1831b9dfc69a10e975eda315499881bbd6867ae6522ae,2023-03-07,Fusarium-D,1.0,1
sample_02731,data/tom2024_category_a/CATA-English/onion_diseases/Fusarium-D/1312613300_1678182177173_640x480.jpg,tom_timestamp:1678182177173,dceb4c625141c3cf4c2e3df413cef4197233211e393bf66f02eccff738f4b399,2023-03-07,Fusarium-D,1.0,1
sample_02732,data/tom2024_category_a/CATA-English/onion_diseases/Alternaria_D/216857137_1678182706733_640x480 - Copie - Copie - Copie.jpg,tom_timestamp:1678182706733,2336f2ca13db9c33a62c93e61dbef37167f70f96f80be1ff2c897977d640567f,2023-03-07,Alternaria_D,1.0,1
sample_02735,data/tom2024_category_a/CATA-English/onion_diseases/Alternaria_D/65068025_1678183326137_640x480 - Copie - Copie - Copie.jpg,tom_timestamp:1678183326137,cabed3a9b561d7c8c8769a253913077f8ed9a07589332ec455c33c6f9705f23e,2023-03-07,Alternaria_D,1.0,1
sample_02736,data/tom2024_category_a/CATA-English/onion_diseases/Alternaria_D/196907644_1678183431185_640x480 - Copie - Copie - Copie.jpg,tom_timestamp:1678183431185,ddae660c91ff4c268507ce2e3757fe3469d4e5894d67487351109fb9cf381488,2023-03-07,Alternaria_D,1.0,1
sample_02737,data/tom2024_category_a/CATA-English/onion_diseases/Fusarium-D/162580195_1678183586868_640x480.jpg,tom_timestamp:1678183586868,d402188333e684302630a205803fcbedda16ca1ecb4593c5f3a929f7da6c2acc,2023-03-07,Fusarium-D,1.0,1
sample_02738,data/tom2024_category_a/CATA-English/onion_diseases/Fusarium-D/844505942_1678183686828_640x480.jpg,tom_timestamp:1678183686828,5f7edafe40f2b02818d5f54b155a3e03f1b8da4bea632b7bdc93927767473657,2023-03-07,Fusarium-D,1.0,1
sample_02739,data/tom2024_category_a/CATA-English/onion_diseases/Fusarium-D/406816489_1678183712059_640x480.jpg,tom_timestamp:1678183712059,d93c12918e4771ba43bccb9be477079be37cc2f1f701dad826347877a81352c6,2023-03-07,Fusarium-D,1.0,1
sample_02743,data/tom2024_category_a/CATA-English/onion_diseases/Healthy_leaf/945447125_1678184408432_640x480.jpg,tom_timestamp:1678184408432,bae5f9f34c087020aaed0faf8db30c987bdfc7d24ec1e97990849c0daeb1804f,2023-03-07,Healthy_leaf,0.0,1
sample_02744,data/tom2024_category_a/CATA-English/onion_diseases/Alternaria_D/145785822_1678184925395_640x480 - Copie - Copie - Copie.jpg,tom_timestamp:1678184925395,942aca58af852adca25208247d14cf651a5e77a0a5a187ab48b44e1de8e6dcc4,2023-03-07,Alternaria_D,1.0,1
sample_02745,data/tom2024_category_a/CATA-English/onion_diseases/Alternaria_D/74404299_1678185156953_640x480 - Copie - Copie - Copie.jpg,tom_timestamp:1678185156953,3b292ea9ba6cc83043f3c69c3880e21dfed9f252e2a56853674d951456bf912c,2023-03-07,Alternaria_D,1.0,1
sample_02748,data/tom2024_category_a/CATA-English/onion_diseases/Healthy_leaf/751055959_1678185466270_640x480.jpg,tom_timestamp:1678185466270,7eaaadc46716b8ca45b800c208ce920f2feda98b7d5f044273215d07898fefe3,2023-03-07,Healthy_leaf,0.0,1
sample_02750,data/tom2024_category_a/CATA-English/onion_diseases/Healthy_leaf/86456650_1678185477845_640x480.jpg,tom_timestamp:1678185477845,567cd92f29434bce0d24043afe2ff870736ab8ae76b4fdb3bcc34c11795d1a94,2023-03-07,Healthy_leaf,0.0,1
sample_02751,data/tom2024_category_a/CATA-English/onion_diseases/Alternaria_D/19062474_1678186367421_640x480 - Copie - Copie - Copie.jpg,tom_timestamp:1678186367421,ad077cc3bc4537dfdfeb83b64d52d187af9218465df09bf3d347026ef8070987,2023-03-07,Alternaria_D,1.0,1
sample_02752,data/tom2024_category_a/CATA-English/onion_diseases/Alternaria_D/52557947_1678186375437_640x480 - Copie - Copie - Copie.jpg,tom_timestamp:1678186375437,7c84be275135fd300dacb86df7b48554d1c222a85a02818b62bb8ab602f33dfa,2023-03-07,Alternaria_D,1.0,1
sample_02753,data/tom2024_category_a/CATA-English/onion_diseases/Virosis-D/2121763269_1678186500400_640x480.jpg,tom_timestamp:1678186500400,55551406b0a9e5a24de289b94f0dbfb9b8afb42b6962b4f38a60b418afc3bbd7,2023-03-07,Virosis-D,1.0,1
sample_02754,data/tom2024_category_a/CATA-English/onion_diseases/Alternaria_D/407358851_1678186795708_640x480 - Copie - Copie - Copie.jpg,tom_timestamp:1678186795708,dee6c846d80861c0453542f3ab7f41eda731512833e5be731b5e20f4788a3c33,2023-03-07,Alternaria_D,1.0,1
sample_02755,data/tom2024_category_a/CATA-English/onion_diseases/Healthy_leaf/1028875324_1678187741518_640x480.jpg,tom_timestamp:1678187741518,1ec744c64c47a5bfa1b9f4788e45780d0f8d320f38d599a88ae65cb9e6e8dbf8,2023-03-07,Healthy_leaf,0.0,1
sample_02756,data/tom2024_category_a/CATA-English/onion_diseases/Fusarium-D/862994907_1678187782266_640x480.jpg,tom_timestamp:1678187782266,59cd6b10d5184e6ff6630267aba58b8d2879c18246b41731704b214b71789737,2023-03-07,Fusarium-D,1.0,1
sample_02757,data/tom2024_category_a/CATA-English/onion_diseases/Fusarium-D/1169793045_1678187962618_640x480.jpg,tom_timestamp:1678187962618,f751502c46ee0f401b1b21bd0f70ac5cea762d547981aefd341a5c7d2d438fe0,2023-03-07,Fusarium-D,1.0,1
sample_02758,data/tom2024_category_a/CATA-English/onion_diseases/Alternaria_D/433967568_1678188071036_640x480 - Copie - Copie - Copie.jpg,tom_timestamp:1678188071036,4d872b68756f15c8a089ae5768d260172baf535a930ca7b81920c0c9065b8139,2023-03-07,Alternaria_D,1.0,1
sample_02759,data/tom2024_category_a/CATA-English/onion_diseases/Fusarium-D/450500806_1678188167651_640x480.jpg,tom_timestamp:1678188167651,409b4ea9aa1449efcfde88bbc908ab3bc42dd29193149c3eca04197f59df133f,2023-03-07,Fusarium-D,1.0,1
sample_02760,data/tom2024_category_a/CATA-English/onion_diseases/Alternaria_D/124169163_1678188173835_640x480 - Copie - Copie - Copie.jpg,tom_timestamp:1678188173835,71f6294d6c1dd1ff5d6d1bcec30c14911e68f7a1863fa7ce0feb3d320ddd870d,2023-03-07,Alternaria_D,1.0,1
sample_02761,data/tom2024_category_a/CATA-English/onion_diseases/Alternaria_D/166081085_1678188261369_640x480 - Copie - Copie - Copie.jpg,tom_timestamp:1678188261369,badea945331d297099fc41f3a10120e476643fae837792c1aefdfda920dc43cb,2023-03-07,Alternaria_D,1.0,1
sample_02762,data/tom2024_category_a/CATA-English/onion_diseases/Alternaria_D/154638602_1678188272928_640x480 - Copie - Copie - Copie.jpg,tom_timestamp:1678188272928,c4cda4a85c1999a401954f3bba0216ab79f7f52dcd7dc1ab93de11deb26ba2b8,2023-03-07,Alternaria_D,1.0,1
sample_02763,data/tom2024_category_a/CATA-English/onion_diseases/Alternaria_D/101154860_1678188319988_640x480 - Copie - Copie - Copie.jpg,tom_timestamp:1678188319988,886f21877be7c7e4b01564c9ec60124ad09ca0fee26350874938d4f239e50e4a,2023-03-07,Alternaria_D,1.0,1
sample_02764,data/tom2024_category_a/CATA-English/onion_diseases/Alternaria_D/161145434_1678188330888_640x480 - Copie - Copie - Copie.jpg,tom_timestamp:1678188330888,9d9894b414317234d8a5c530f087bd6ad06c1d67dcfe0dd36aa31cc2745c14ed,2023-03-07,Alternaria_D,1.0,1
sample_02765,data/tom2024_category_a/CATA-English/onion_diseases/Fusarium-D/1221002716_1678188715871_640x480.jpg,tom_timestamp:1678188715871,fc042074df8eb7f0e554bf732b458adee07db360e3cde2e8c2a4c5dad0c362b7,2023-03-07,Fusarium-D,1.0,1
sample_02766,data/tom2024_category_a/CATA-English/onion_diseases/Fusarium-D/2040949487_1678188736808_640x480.jpg,tom_timestamp:1678188736808,d6fafeb0efe3d173532e3b89b3f3baab3cf15d370452443f82cb8d3e14386c3d,2023-03-07,Fusarium-D,1.0,1
sample_02767,data/tom2024_category_a/CATA-English/onion_diseases/Alternaria_D/50513569_1678190218573_640x480 - Copie - Copie - Copie.jpg,tom_timestamp:1678190218573,62637d897959b0d1ba7ac1299510630036ac317d7cfd80d130e4cd5c3305f84c,2023-03-07,Alternaria_D,1.0,1
sample_02770,data/tom2024_category_a/CATA-English/onion_diseases/Alternaria_D/335336269_1678190752702_640x480 - Copie - Copie - Copie.jpg,tom_timestamp:1678190752702,9831aeb50414fd44488a442502120804677fc52e37e95a685d3e1f47d40fc350,2023-03-07,Alternaria_D,1.0,1
sample_02771,data/tom2024_category_a/CATA-English/onion_diseases/Alternaria_D/205561371_1678191072850_640x480 - Copie - Copie - Copie.jpg,tom_timestamp:1678191072850,05514a1ae2e188d0dcde2d0096c31414ca43978046adad1ae02075249796bcc2,2023-03-07,Alternaria_D,1.0,1
sample_02772,data/tom2024_category_a/CATA-English/onion_diseases/Alternaria_D/245979664_1678191418397_640x480 - Copie - Copie - Copie.jpg,tom_timestamp:1678191418397,bc064854ab90b1b710a930c17c3ff8db3b46c73570ac5e63345df7162e70b280,2023-03-07,Alternaria_D,1.0,1
sample_02773,data/tom2024_category_a/CATA-English/onion_diseases/Alternaria_D/266993789_1678192332333_640x480 - Copie - Copie - Copie.jpg,tom_timestamp:1678192332333,290192ae9a161643a1c8ff06c37c6ae82a1f070d1ebc93c32119c4773077d1c0,2023-03-07,Alternaria_D,1.0,1
sample_02774,data/tom2024_category_a/CATA-English/onion_diseases/Alternaria_D/440458679_1678192470206_640x480 - Copie - Copie.jpg,tom_timestamp:1678192470206,43fe4edb28653cef370a7e25581d80448faaf1bd94d63fc01afb0cce7b71554e,2023-03-07,Alternaria_D,1.0,1
sample_02775,data/tom2024_category_a/CATA-English/onion_diseases/Alternaria_D/338010858_1678192639421_640x480 - Copie - Copie - Copie.jpg,tom_timestamp:1678192639421,bf2c170f1b0ed60666faee1295a4a7a05f97a308122ed913f4e36b11066bc5a7,2023-03-07,Alternaria_D,1.0,1
sample_02776,data/tom2024_category_a/CATA-English/onion_diseases/Alternaria_D/113711048_1678192962370_640x480 - Copie - Copie - Copie.jpg,tom_timestamp:1678192962370,ee69478a992121e3eaf0246ba9874d0eaf64d569399a3366aef6dfdad058a927,2023-03-07,Alternaria_D,1.0,1
sample_02777,data/tom2024_category_a/CATA-English/onion_diseases/Alternaria_D/384519995_1678203338003_640x480 - Copie - Copie - Copie.jpg,tom_timestamp:1678203338003,1edbdf20a3f5db13c7bdb812788b2e1da49668f2f6db24413beb1331bc3c3b74,2023-03-07,Alternaria_D,1.0,1
sample_02778,data/tom2024_category_a/CATA-English/onion_diseases/Fusarium-D/387204630_1678347570906_640x480.jpg,tom_timestamp:1678347570906,f90bfe16eb8624f1a4157919f59a851e12453ba03db488ae5233f331ef47b24c,2023-03-09,Fusarium-D,1.0,1
sample_02779,data/tom2024_category_a/CATA-English/onion_diseases/Alternaria_D/245286820_1678348038120_640x480 - Copie - Copie - Copie.jpg,tom_timestamp:1678348038120,864ad67c044ddd9ce42024653b0f6d07c94edcbfcf1641c042bea4217d352ee5,2023-03-09,Alternaria_D,1.0,1
sample_02780,data/tom2024_category_a/CATA-English/onion_diseases/Fusarium-D/2000434958_1678348539580_640x480.jpg,tom_timestamp:1678348539580,c762349b1915008192f9989a2a9044b038fd215b324c397861d28a04fe234037,2023-03-09,Fusarium-D,1.0,1
sample_02781,data/tom2024_category_a/CATA-English/onion_diseases/Fusarium-D/547110531_1678349245768_640x480.jpg,tom_timestamp:1678349245768,1eb014c4f7a1ae88e9ba537e4f8e6e3babc01547dffd5f728d6bb28baf6aabf7,2023-03-09,Fusarium-D,1.0,1
sample_02782,data/tom2024_category_a/CATA-English/onion_diseases/Fusarium-D/1639321102_1678350852520_640x480.jpg,tom_timestamp:1678350852520,c00bdabdd04248486a76a2a254e962aa85a8c7e3d6e34bbcb0426853bf8df558,2023-03-09,Fusarium-D,1.0,1
sample_02783,data/tom2024_category_a/CATA-English/onion_diseases/Alternaria_D/275665698_1678351626515_640x480 - Copie - Copie - Copie.jpg,tom_timestamp:1678351626515,6957ce1d67ec91b7a64f26bd1c4df148c563133d5ee1665acae0e80620ace3f4,2023-03-09,Alternaria_D,1.0,1
sample_02784,data/tom2024_category_a/CATA-English/onion_diseases/Alternaria_D/30948622_1678353621637_640x480 - Copie - Copie - Copie.jpg,tom_timestamp:1678353621637,81cd038b14b9e4a432982d1515d80bb4dc1aeecda4c19718969ec8ef40f5a3a9,2023-03-09,Alternaria_D,1.0,1
sample_02785,data/tom2024_category_a/CATA-English/onion_diseases/Alternaria_D/314823018_1678353699701_640x480 - Copie - Copie - Copie.jpg,tom_timestamp:1678353699701,1c414901705cb52abdf6c6bd539276cb9f64a1f3fcb62e1e5bc9e79d549dbd85,2023-03-09,Alternaria_D,1.0,1
sample_02786,data/tom2024_category_a/CATA-English/onion_diseases/Alternaria_D/245415906_1678354178113_640x480 - Copie - Copie - Copie.jpg,tom_timestamp:1678354178113,956d4f7576cbde414897dd156721441ad48084535591f795bd7f6be4fe4c00b5,2023-03-09,Alternaria_D,1.0,1
sample_02787,data/tom2024_category_a/CATA-English/onion_diseases/Alternaria_D/140564928_1678354253028_640x480 - Copie - Copie - Copie.jpg,tom_timestamp:1678354253028,e62780082d2d8a3965f9a5734a69989334c202c0234758c1adef3131a84d5782,2023-03-09,Alternaria_D,1.0,1
sample_02788,data/tom2024_category_a/CATA-English/onion_diseases/Alternaria_D/399269739_1678354464416_640x360 - Copie - Copie - Copie.jpg,tom_timestamp:1678354464416,2371b88e4e9d767babc4c5f7945a3fe936f7d496c396604115b8af9650029b8d,2023-03-09,Alternaria_D,1.0,1
sample_02789,data/tom2024_category_a/CATA-English/onion_diseases/Alternaria_D/433219976_1678354928704_640x360 - Copie - Copie - Copie.jpg,tom_timestamp:1678354928704,980db91b8a174b9f68ac47e8e04e4588a43c270cc3bbdff8436abeb10d9e6c0c,2023-03-09,Alternaria_D,1.0,1
sample_02790,data/tom2024_category_a/CATA-English/onion_diseases/Fusarium-D/698830_1678356361450_640x480.jpg,tom_timestamp:1678356361450,b332d2d8f7855350d71f37b5505c506e09087d3c04c5b351431e75b3da7fae9d,2023-03-09,Fusarium-D,1.0,1
sample_02791,data/tom2024_category_a/CATA-English/onion_diseases/Fusarium-D/1675542698_1678356483618_640x480.jpg,tom_timestamp:1678356483618,2e9b812758eb502d8756e658f1c8a24ad8ddfd8671dfc9711253c7d0498517a6,2023-03-09,Fusarium-D,1.0,1
sample_02792,data/tom2024_category_a/CATA-English/onion_diseases/Healthy_leaf/1781926081_1678356585350_640x480.jpg,tom_timestamp:1678356585350,d6c445f33538b5536f4c4a31a5348cbf537936bfafe01843e473b8f420cc4f9a,2023-03-09,Healthy_leaf,0.0,1
sample_02793,data/tom2024_category_a/CATA-English/onion_diseases/Fusarium-D/1810485903_1678356681906_640x480.jpg,tom_timestamp:1678356681906,8f9a3cee6f78f85062b52b46ab9bcd19da7acc1b25db22447666445aff7d8f45,2023-03-09,Fusarium-D,1.0,1
sample_02794,data/tom2024_category_a/CATA-English/onion_diseases/Alternaria_D/29661631_1678357347212_640x480 - Copie - Copie - Copie.jpg,tom_timestamp:1678357347212,ee93347d7f7654ff93951d9194c163afc590dc74bfe3fbede43d345b17e3e0eb,2023-03-09,Alternaria_D,1.0,1
sample_02795,data/tom2024_category_a/CATA-English/onion_diseases/Alternaria_D/199190959_1678357371664_640x480 - Copie - Copie - Copie.jpg,tom_timestamp:1678357371664,384a0677e4e55846a8ec8d81833e2eaeb32939f9b772bd6b03597b48557f5fa6,2023-03-09,Alternaria_D,1.0,1
sample_02796,data/tom2024_category_a/CATA-English/onion_diseases/Alternaria_D/163240544_1678357887801_640x480 - Copie - Copie - Copie.jpg,tom_timestamp:1678357887801,8facc41ac0a7eca8f653276f2799e1b5bda195f706690e988ed863c9ef849a1a,2023-03-09,Alternaria_D,1.0,1
sample_02797,data/tom2024_category_a/CATA-English/onion_diseases/Alternaria_D/182748031_1678358406596_640x480 - Copie - Copie - Copie.jpg,tom_timestamp:1678358406596,2baef5c986cc7195e4176694f19ab8a226e58990d58936abe9510a37f92639bb,2023-03-09,Alternaria_D,1.0,1
sample_02798,data/tom2024_category_a/CATA-English/onion_diseases/Alternaria_D/103262728_1678358550353_640x480 - Copie - Copie - Copie.jpg,tom_timestamp:1678358550353,2940a37c6da1b6359fa5c3b23a43ebe814bdd47634c30111d9ac3c7d92b3ab10,2023-03-09,Alternaria_D,1.0,1
sample_02799,data/tom2024_category_a/CATA-English/onion_diseases/Alternaria_D/132861415_1678358732149_640x480 - Copie - Copie - Copie.jpg,tom_timestamp:1678358732149,4b8f47766b8d648ee54e95d35d74c390ea272c507b0bb6dffad71ab9e44ebbf3,2023-03-09,Alternaria_D,1.0,1
sample_02800,data/tom2024_category_a/CATA-English/onion_diseases/Healthy_leaf/1486348067_1678358838911_640x480.jpg,tom_timestamp:1678358838911,451511beb3fcfb4a086b527594fa3f86cd5d7844d8f3353750b72b66a2a5ff98,2023-03-09,Healthy_leaf,0.0,1
sample_02801,data/tom2024_category_a/CATA-English/onion_diseases/Healthy_leaf/1835603452_1678358903482_640x480.jpg,tom_timestamp:1678358903482,426c3582e5497d1fa3533282707895e1ae56249269e3bf378ce6290ddae9d776,2023-03-09,Healthy_leaf,0.0,1
sample_02802,data/tom2024_category_a/CATA-English/onion_diseases/Healthy_leaf/1619926980_1678359562369_640x360.jpg,tom_timestamp:1678359562369,6bd947b6e85434bb8ebc06fb7a8477dd39cd3c50d5cbf9b8e1e978e1d9366744,2023-03-09,Healthy_leaf,0.0,1
sample_02803,data/tom2024_category_a/CATA-English/onion_diseases/Alternaria_D/376759273_1678359614018_640x360 - Copie - Copie - Copie.jpg,tom_timestamp:1678359614018,f99772d7c5135b78b74bf3c975bdea2fcb3bb24e8b857f592969fa0c3268a9a4,2023-03-09,Alternaria_D,1.0,1
sample_02804,data/tom2024_category_a/CATA-English/onion_diseases/Alternaria_D/331327526_1678436206596_640x480 - Copie - Copie - Copie.jpg,tom_timestamp:1678436206596,61342d18da3ec928c632ced3084b8b24e486ca6e5e24d796386e4612d021489e,2023-03-10,Alternaria_D,1.0,3
sample_02805,data/tom2024_category_a/CATA-English/onion_diseases/Alternaria_D/218514863_1678436338249_640x480 - Copie - Copie - Copie.jpg,tom_timestamp:1678436338249,2c1ddbd9ca16c81e8682aa15a8b116c07ce8ce1c6c1dae22762725810d1c34d2,2023-03-10,Alternaria_D,1.0,3
sample_02806,data/tom2024_category_a/CATA-English/onion_diseases/Alternaria_D/24723268_1678436830322_640x480 - Copie - Copie - Copie.jpg,tom_timestamp:1678436830322,91bd87ea5ab9cedcc9137761821e58c6755e099063f63de8952b755846e4bd47,2023-03-10,Alternaria_D,1.0,3
sample_02807,data/tom2024_category_a/CATA-English/onion_diseases/Alternaria_D/184135629_1678436845636_640x480 - Copie - Copie - Copie.jpg,tom_timestamp:1678436845636,fa573db5f85afb27d43d1f4a53fc7dcc3babe3173a932e85407506c6262a77a0,2023-03-10,Alternaria_D,1.0,3
sample_02808,data/tom2024_category_a/CATA-English/onion_diseases/Fusarium-D/1155897279_1678437438579_640x480.jpg,tom_timestamp:1678437438579,1e528c35c179a84c17a06dfab154b3aff1e36b756ab41b0b19e8db2eef8e537c,2023-03-10,Fusarium-D,1.0,3
sample_02809,data/tom2024_category_a/CATA-English/onion_diseases/Fusarium-D/53153753_1678437461905_640x480.jpg,tom_timestamp:1678437461905,e8cd92cb63ce2005fde6c1fd8aa2ea962f0cc610f4998048f166de1d5c8edbaf,2023-03-10,Fusarium-D,1.0,3
sample_02810,data/tom2024_category_a/CATA-English/onion_diseases/Alternaria_D/20722912_1678438224751_640x480 - Copie - Copie - Copie.jpg,tom_timestamp:1678438224751,5c113bcf5af60f252e6f3c5c83b21c3f31d07450c48ebdda8d3c37799e209030,2023-03-10,Alternaria_D,1.0,3
sample_02811,data/tom2024_category_a/CATA-English/onion_diseases/Alternaria_D/235228972_1678438497494_640x480 - Copie - Copie - Copie.jpg,tom_timestamp:1678438497494,54df9acd16b21087b987263560d3b744dab5675f82a6875c9a73e54d3e5c2667,2023-03-10,Alternaria_D,1.0,3
sample_02812,data/tom2024_category_a/CATA-English/onion_diseases/Alternaria_D/223202388_1678438680881_640x480 - Copie - Copie - Copie.jpg,tom_timestamp:1678438680881,35207c34248f66859556fcba71a0610e742bf71271e9938533b3d2ed65ddb0e1,2023-03-10,Alternaria_D,1.0,3
sample_02813,data/tom2024_category_a/CATA-English/onion_diseases/Alternaria_D/316065558_1678438873124_640x480 - Copie - Copie - Copie.jpg,tom_timestamp:1678438873124,01bbfb28dd7628c73be80c3baf29dfd246d22314360f91cba92804d38c702921,2023-03-10,Alternaria_D,1.0,3
sample_02814,data/tom2024_category_a/CATA-English/onion_diseases/Alternaria_D/440527593_1678438889431_640x480 - Copie - Copie.jpg,tom_timestamp:1678438889431,31d92063b39e032d1284349b0f57ea8a35b8bb65ad14e4937768919fc22fa36d,2023-03-10,Alternaria_D,1.0,3
sample_02815,data/tom2024_category_a/CATA-English/onion_diseases/Alternaria_D/8435444_1678438993260_640x480 - Copie - Copie - Copie.jpg,tom_timestamp:1678438993260,5450b97bf0a8b28151f995cbde915bf075372d1154d6e725d3c3a2e31a72fe92,2023-03-10,Alternaria_D,1.0,3
sample_02816,data/tom2024_category_a/CATA-English/onion_diseases/Alternaria_D/169834974_1678439195674_640x480 - Copie - Copie - Copie.jpg,tom_timestamp:1678439195674,d0fa14a8f0f9782e4b57215bc28cc22a1820d7f4cd95356bb29c3354f8438e8e,2023-03-10,Alternaria_D,1.0,3
sample_02817,data/tom2024_category_a/CATA-English/onion_diseases/Alternaria_D/195745974_1678439229918_640x480 - Copie - Copie - Copie.jpg,tom_timestamp:1678439229918,9d7a1f6fcf109a32cf9b52e4790b1671eacf25b2487f395efe0c6eb12660aeed,2023-03-10,Alternaria_D,1.0,3
sample_02818,data/tom2024_category_a/CATA-English/onion_diseases/Alternaria_D/348235515_1678439237326_640x480 - Copie - Copie - Copie.jpg,tom_timestamp:1678439237326,b081285d76f64bea90cb0d7bb8a46af9104b751c4f3864eefa708ed99c5e2463,2023-03-10,Alternaria_D,1.0,3
sample_02819,data/tom2024_category_a/CATA-English/onion_diseases/Alternaria_D/367717235_1678439317528_640x480 - Copie - Copie - Copie.jpg,tom_timestamp:1678439317528,a48e08feed115c4256f28573c1138238cb3b20446ca2ccb9feb28bbf95dfd177,2023-03-10,Alternaria_D,1.0,3
sample_02820,data/tom2024_category_a/CATA-English/onion_diseases/Alternaria_D/68790221_1678439386872_640x480 - Copie - Copie - Copie.jpg,tom_timestamp:1678439386872,ddf52202c35cb20adf21d0969adabb1ca176214aeb189e4081628289304a0567,2023-03-10,Alternaria_D,1.0,3
sample_02821,data/tom2024_category_a/CATA-English/onion_diseases/Alternaria_D/272815111_1678439401634_640x480 - Copie - Copie - Copie.jpg,tom_timestamp:1678439401634,84e3bfea4d2f431820808ccb6954be3a21c5eb597be9a5ce898049148205d3d0,2023-03-10,Alternaria_D,1.0,3
sample_02822,data/tom2024_category_a/CATA-English/onion_diseases/Alternaria_D/201707481_1678439638697_640x480 - Copie - Copie - Copie.jpg,tom_timestamp:1678439638697,37d1268a5dfa0d8fbaddf0e82b2ed42be9b09d11990cb2737387856afc16dfea,2023-03-10,Alternaria_D,1.0,3
sample_02823,data/tom2024_category_a/CATA-English/onion_diseases/Alternaria_D/421733293_1678439791179_640x480 - Copie - Copie - Copie.jpg,tom_timestamp:1678439791179,8f298bbe11f26ee05621ca202e7df9ccc81f6be59040ffb2e4ffd449f241aee5,2023-03-10,Alternaria_D,1.0,3
sample_02824,data/tom2024_category_a/CATA-English/onion_diseases/Alternaria_D/78816627_1678439894112_640x480 - Copie - Copie - Copie.jpg,tom_timestamp:1678439894112,cb644b46e6ace5ddcdfd25009a4ca5c1df1f68e9721b12168581ef92ad16ccc5,2023-03-10,Alternaria_D,1.0,3
sample_02825,data/tom2024_category_a/CATA-English/onion_diseases/Alternaria_D/396147720_1678439991552_640x480 - Copie - Copie - Copie.jpg,tom_timestamp:1678439991552,14379b43da52eb7c67480a44aa1990778fe3ac4f6ae0134e91166bb91ebe9c39,2023-03-10,Alternaria_D,1.0,3
sample_02826,data/tom2024_category_a/CATA-English/onion_diseases/Alternaria_D/265256405_1678440155627_640x480 - Copie - Copie - Copie.jpg,tom_timestamp:1678440155627,42a1a502f698ae1050f1bcf8f23b749e8242334f480fcb56f49a3357d0068018,2023-03-10,Alternaria_D,1.0,3
sample_02827,data/tom2024_category_a/CATA-English/onion_diseases/Alternaria_D/327195372_1678440187074_640x480 - Copie - Copie - Copie.jpg,tom_timestamp:1678440187074,bf37b84583dc90abb9b048b6cb248c4e6ab36b9c7b6920e1ccc0f0cd808550b9,2023-03-10,Alternaria_D,1.0,3
sample_02828,data/tom2024_category_a/CATA-English/onion_diseases/Alternaria_D/154846899_1678440253664_640x480 - Copie - Copie - Copie.jpg,tom_timestamp:1678440253664,699092a7f4ae91b55a42467fc2e7a74bc50147722391e112b8d4d680f3d10b60,2023-03-10,Alternaria_D,1.0,3
sample_02829,data/tom2024_category_a/CATA-English/onion_diseases/Alternaria_D/396680036_1678440378268_640x480 - Copie - Copie - Copie.jpg,tom_timestamp:1678440378268,c516a1c1dad57d0125c948311a05e23601862f00167bd9bcbc4846cc8507afeb,2023-03-10,Alternaria_D,1.0,3
sample_02830,data/tom2024_category_a/CATA-English/onion_diseases/Alternaria_D/442202093_1678440472069_640x480 - Copie - Copie.jpg,tom_timestamp:1678440472069,aadf4b127dea0364e2659fd1d24650e4d207efb72257f204ac83278de1af15b5,2023-03-10,Alternaria_D,1.0,3
sample_02831,data/tom2024_category_a/CATA-English/onion_diseases/Alternaria_D/375198138_1678440701939_640x480 - Copie - Copie - Copie.jpg,tom_timestamp:1678440701939,ed5d7308081679285183d355c95da83833e552d8ef36a077c9ef9eb602fd86a4,2023-03-10,Alternaria_D,1.0,3
sample_02832,data/tom2024_category_a/CATA-English/onion_diseases/Alternaria_D/333779756_1678440791449_640x480 - Copie - Copie - Copie.jpg,tom_timestamp:1678440791449,d0df12830410d9053673f18ac61f642d4c9c4aa7fed88eacc88befa38d58229d,2023-03-10,Alternaria_D,1.0,3
sample_02833,data/tom2024_category_a/CATA-English/onion_diseases/Alternaria_D/256372183_1678441167548_640x480 - Copie - Copie - Copie.jpg,tom_timestamp:1678441167548,2515fdbd14e343bfc1aa5417c76bf22fe96076dc25f2ee2b885088af77a4ad8c,2023-03-10,Alternaria_D,1.0,3
sample_02834,data/tom2024_category_a/CATA-English/onion_diseases/Alternaria_D/336221689_1678441223432_640x480 - Copie - Copie - Copie.jpg,tom_timestamp:1678441223432,50b0c317c081b89c314e7f829aadd2ab001c1fa95ea2202df0692e0eae79c82a,2023-03-10,Alternaria_D,1.0,3
sample_02835,data/tom2024_category_a/CATA-English/onion_diseases/Alternaria_D/125896856_1678441284370_640x480 - Copie - Copie - Copie.jpg,tom_timestamp:1678441284370,bde838720020ee63e23ae03a8cf8266a20e761ed6f4ee2402d7b8a5abfd503ea,2023-03-10,Alternaria_D,1.0,3
sample_02836,data/tom2024_category_a/CATA-English/onion_diseases/Alternaria_D/404796825_1678441297743_640x480 - Copie - Copie - Copie.jpg,tom_timestamp:1678441297743,6b669079a0ec0197b075f1b8c50943ba0f729e101fb985f6688f82a753caba16,2023-03-10,Alternaria_D,1.0,3
sample_02838,data/tom2024_category_a/CATA-English/onion_diseases/Alternaria_D/387364105_1678446060173_640x480 - Copie - Copie - Copie.jpg,tom_timestamp:1678446060173,af9e3ccfa8a586b65985603ed8f31a850b09c9f02b416e31cf296c5747ff0cd8,2023-03-10,Alternaria_D,1.0,3
sample_02839,data/tom2024_category_a/CATA-English/onion_diseases/Alternaria_D/265928104_1678446201715_640x480 - Copie - Copie - Copie.jpg,tom_timestamp:1678446201715,242af9209bd7b5bfd770c63e438032cd293d614794f20cbdec39702dfb9e4db3,2023-03-10,Alternaria_D,1.0,3
sample_02840,data/tom2024_category_a/CATA-English/onion_diseases/Fusarium-D/369375763_1678527105220_640x480.jpg,tom_timestamp:1678527105220,55db2d40c5ced000164c27f55bf5cb263f84dc3c5459af735c5bdacf6a1fadcb,2023-03-11,Fusarium-D,1.0,3
sample_02855,data/tom2024_category_a/CATA-English/onion_diseases/Healthy_leaf/884744221_1678530236769_640x480.jpg,tom_timestamp:1678530236769,fd7073c76433584aea9fbd1c9beea68623d672ce7780eb0f82448f5fe114706c,2023-03-11,Healthy_leaf,0.0,3
sample_02856,data/tom2024_category_a/CATA-English/onion_diseases/Alternaria_D/155244454_1678533322289_640x480 - Copie - Copie - Copie.jpg,tom_timestamp:1678533322289,bc6c15df331ecae257c3a1a8e3d400d8babf9e10fbc5e13fb2aed81aee93cce7,2023-03-11,Alternaria_D,1.0,3
sample_02857,data/tom2024_category_a/CATA-English/onion_diseases/Alternaria_D/460417165_1678692827054_640x480 - Copie.jpg,tom_timestamp:1678692827054,ab8fe66559f1cc4e90b4d9cf9def0faed894f85c3cc126a5fa89da1807fb19c4,2023-03-13,Alternaria_D,1.0,3
sample_02858,data/tom2024_category_a/CATA-English/onion_diseases/Alternaria_D/257469916_1678693220953_640x480 - Copie - Copie - Copie.jpg,tom_timestamp:1678693220953,b0c3b10b99a9bdff1e69ec8f6606f91d50e29970e2dc16eebc15ad8e32841da4,2023-03-13,Alternaria_D,1.0,3
sample_02859,data/tom2024_category_a/CATA-English/onion_diseases/Alternaria_D/51664746_1678693238515_640x480 - Copie - Copie - Copie.jpg,tom_timestamp:1678693238515,894f530e625dd2552b0644e11b3fe4fc70bff2e1416a2186db46365aef0a2b48,2023-03-13,Alternaria_D,1.0,3
sample_02862,data/tom2024_category_a/CATA-English/onion_diseases/Alternaria_D/317680137_1678694856817_640x480 - Copie - Copie - Copie.jpg,tom_timestamp:1678694856817,a484bef31f8032afb1a81a193047766f28c74cae008090e91911d653f57a5792,2023-03-13,Alternaria_D,1.0,3
sample_02863,data/tom2024_category_a/CATA-English/onion_diseases/Alternaria_D/414114666_1678694966322_640x480 - Copie - Copie - Copie.jpg,tom_timestamp:1678694966322,b86a7b30a583fd6d419cdee1b6bb10240e25a8028e8ef5ed6856e6562113e380,2023-03-13,Alternaria_D,1.0,3
sample_02864,data/tom2024_category_a/CATA-English/onion_diseases/Alternaria_D/267715969_1678695372513_640x480 - Copie - Copie - Copie.jpg,tom_timestamp:1678695372513,bc7dc24d847e89d645439d4650e0bc6677693740b00b0f8384e0e0b9215f23fb,2023-03-13,Alternaria_D,1.0,3
sample_02865,data/tom2024_category_a/CATA-English/onion_diseases/Fusarium-D/806814378_1678695449098_640x480.jpg,tom_timestamp:1678695449098,e6511f54dff05add8a39344f74cd068fdc2a24e7730dada9acfd0d74de16bb75,2023-03-13,Fusarium-D,1.0,3
sample_02868,data/tom2024_category_a/CATA-English/onion_diseases/Alternaria_D/277197050_1678696863752_640x480 - Copie - Copie - Copie.jpg,tom_timestamp:1678696863752,e733f8da747315a3485c8277d7a39f5cc0a12068c487ea6a975f10c3873bda85,2023-03-13,Alternaria_D,1.0,3
sample_02869,data/tom2024_category_a/CATA-English/onion_diseases/Alternaria_D/162267881_1678697358102_640x480 - Copie - Copie - Copie.jpg,tom_timestamp:1678697358102,f90ab5ebad95993755d0eb9a5b463e0bf22681b2de78e9ed6de3c948f2dd60bc,2023-03-13,Alternaria_D,1.0,3
sample_02870,data/tom2024_category_a/CATA-English/onion_diseases/Alternaria_D/225700477_1678697398500_640x480 - Copie - Copie - Copie.jpg,tom_timestamp:1678697398500,c4a9066056da41999f4b0463dd0561b41444c3c56ec8828447537a57488e94e4,2023-03-13,Alternaria_D,1.0,3
sample_02871,data/tom2024_category_a/CATA-English/onion_diseases/Fusarium-D/116784600_1678697420935_640x480.jpg,tom_timestamp:1678697420935,ac7fd9dff2f1e7c2585715619aa28e0176ffbc107211eae336df5f6a2fa18cb5,2023-03-13,Fusarium-D,1.0,3
sample_02872,data/tom2024_category_a/CATA-English/onion_diseases/Fusarium-D/1161524721_1678697486869_640x480.jpg,tom_timestamp:1678697486869,356bbf6d22e4a05d499bd7141c027b8321d1a27ecc859fb8e4743a0684c4fef0,2023-03-13,Fusarium-D,1.0,3
sample_02873,data/tom2024_category_a/CATA-English/onion_diseases/Fusarium-D/467156402_1678697834802_640x480.jpg,tom_timestamp:1678697834802,8dff3d69518b404869054c3b980962cd46edfcf0d6ffcd46608d23dc0cd2ddbd,2023-03-13,Fusarium-D,1.0,3
sample_02874,data/tom2024_category_a/CATA-English/onion_diseases/Fusarium-D/933328125_1678697859365_640x480.jpg,tom_timestamp:1678697859365,661ab18f2026012d84e26cb6843dad69daa15bcfdf32fbb4337a5ff103290b6c,2023-03-13,Fusarium-D,1.0,3
sample_02875,data/tom2024_category_a/CATA-English/onion_diseases/Fusarium-D/387177559_1678697928098_640x480.jpg,tom_timestamp:1678697928098,5748c6adbdf56025795b8390fcdac3ff7edf2c1cbbb86752631f4e5e60468026,2023-03-13,Fusarium-D,1.0,3
sample_02876,data/tom2024_category_a/CATA-English/onion_diseases/Fusarium-D/1640332896_1678698208537_640x480.jpg,tom_timestamp:1678698208537,8ed45c42f15c7ea28e3e0bc541c5d3b21bdc0e7309d6112f0b0d4c379f585083,2023-03-13,Fusarium-D,1.0,3
sample_02877,data/tom2024_category_a/CATA-English/onion_diseases/Fusarium-D/1724286077_1678698582516_640x480.jpg,tom_timestamp:1678698582516,8eb365441c7e9de32d0ffb4b7cb3050b45cea899aab565df26fe4398f9b173d6,2023-03-13,Fusarium-D,1.0,3
sample_02878,data/tom2024_category_a/CATA-English/onion_diseases/Alternaria_D/168878032_1678727088580_640x480 - Copie - Copie - Copie.jpg,tom_timestamp:1678727088580,5906bfb62cd5ccbe493643dfd40831380e0b339b62d98a4dba95634b8d4ced8c,2023-03-13,Alternaria_D,1.0,3
sample_02879,data/tom2024_category_a/CATA-English/onion_diseases/Fusarium-D/925379198_1678780326847_640x480.jpg,tom_timestamp:1678780326847,c93deba17e46b9351f798f9f8ad094ab9c597cffeee81e6fc79e94d928fa41c3,2023-03-14,Fusarium-D,1.0,0
sample_02880,data/tom2024_category_a/CATA-English/onion_diseases/Alternaria_D/142992799_1678781877581_640x480 - Copie - Copie - Copie.jpg,tom_timestamp:1678781877581,5ac5b011c3c650369b4e6edf8ad9cafcf10952c72af700144a1ca8f7cb6f9bba,2023-03-14,Alternaria_D,1.0,0
sample_02881,data/tom2024_category_a/CATA-English/onion_diseases/Alternaria_D/430490088_1678783146279_640x480 - Copie - Copie - Copie.jpg,tom_timestamp:1678783146279,15ae6978693ead330d3269b7042bda72ccc391d8a7efd6525ce00e361446ded5,2023-03-14,Alternaria_D,1.0,0
sample_02882,data/tom2024_category_a/CATA-English/onion_diseases/Alternaria_D/241140604_1678783628435_640x480 - Copie - Copie - Copie.jpg,tom_timestamp:1678783628435,d559edcc35bf481c96cf6979f6f649ce457a9b85a267a47e44b3376a79a1f46f,2023-03-14,Alternaria_D,1.0,0
sample_02883,data/tom2024_category_a/CATA-English/onion_diseases/Alternaria_D/215684368_1678783669555_640x480 - Copie - Copie - Copie.jpg,tom_timestamp:1678783669555,6efac938380101c24aacd944e24d8628611ef35bc35df62159332778b12d14c4,2023-03-14,Alternaria_D,1.0,0
sample_02884,data/tom2024_category_a/CATA-English/onion_diseases/Alternaria_D/117756210_1678783794606_640x480 - Copie - Copie - Copie.jpg,tom_timestamp:1678783794606,96b5695eb28470e9fdf29a8914257e8fb5a6aeaf55eb99d370315b8533e15c07,2023-03-14,Alternaria_D,1.0,0
sample_02885,data/tom2024_category_a/CATA-English/onion_diseases/Alternaria_D/125743662_1678785366486_640x480 - Copie - Copie - Copie.jpg,tom_timestamp:1678785366486,c61ea3f2ea1915cc95fb8ab9bb8f0122bbe00b77192a15a3d70d74c308f87bd6,2023-03-14,Alternaria_D,1.0,0
sample_02886,data/tom2024_category_a/CATA-English/onion_diseases/Alternaria_D/147796652_1678786619288_640x480 - Copie - Copie - Copie.jpg,tom_timestamp:1678786619288,27973241e0adb24eed62003795be25caccaf1f5313f0b6c40d3dd6912a65e0f7,2023-03-14,Alternaria_D,1.0,0
sample_02887,data/tom2024_category_a/CATA-English/onion_diseases/Alternaria_D/447997397_1678787169231_640x480 - Copie - Copie.jpg,tom_timestamp:1678787169231,10bdf632515619bf0a151e33e16a4687702537a094e22db2ef87a7e09d67aab9,2023-03-14,Alternaria_D,1.0,0
sample_02888,data/tom2024_category_a/CATA-English/onion_diseases/Virosis-D/491116297_1678787332667_640x480.jpg,tom_timestamp:1678787332667,fd7ce4ab8301043c9d3f5bd61bc7fb7ae53b4c37340861e6d9b8e8be0a64efeb,2023-03-14,Virosis-D,1.0,0
sample_02889,data/tom2024_category_a/CATA-English/onion_diseases/Alternaria_D/208813082_1678788298987_640x480 - Copie - Copie - Copie.jpg,tom_timestamp:1678788298987,56f792ba148c436784c1e23be2b1e3be46924a56450f138e5ba5f5f29a512343,2023-03-14,Alternaria_D,1.0,0
sample_02890,data/tom2024_category_a/CATA-English/onion_diseases/Virosis-D/1813652728_1678791354044_640x480.jpg,tom_timestamp:1678791354044,47ecb0bd79526b1a678e64ebcc89196c510e3d3068de641c7aa931f2a9e4213e,2023-03-14,Virosis-D,1.0,0
sample_02891,data/tom2024_category_a/CATA-English/onion_diseases/Virosis-D/1341467713_1678791608827_640x480.jpg,tom_timestamp:1678791608827,ac9bcec0f750355b57f8b08c2c10b62fbd65f88e1e2a467cb38ba2ec88c3fcc8,2023-03-14,Virosis-D,1.0,0
sample_02892,data/tom2024_category_a/CATA-English/onion_diseases/Virosis-D/279726581_1678792180730_640x480.jpg,tom_timestamp:1678792180730,6a047f256686161165e4a816bff4810513a3d70c8940cc8c1cd4e63814161580,2023-03-14,Virosis-D,1.0,0
sample_02893,data/tom2024_category_a/CATA-English/onion_diseases/Virosis-D/1196730758_1678792876693_640x480.jpg,tom_timestamp:1678792876693,6f4f639107b4db51516cd9c2983414f20cde2527e71cda6c8ee1802a379560e3,2023-03-14,Virosis-D,1.0,0
sample_02894,data/tom2024_category_a/CATA-English/onion_diseases/Virosis-D/1311530590_1678792957335_640x480.jpg,tom_timestamp:1678792957335,cbe1ab0fe113f00434fd5c1ce6113de6b17f065ac8a288d8da47d9423de16acf,2023-03-14,Virosis-D,1.0,0
sample_02895,data/tom2024_category_a/CATA-English/onion_diseases/Alternaria_D/75296000_1678872403737_640x480 - Copie - Copie - Copie.jpg,tom_timestamp:1678872403737,96d052647c74de782981e82f1ee61dab83e357bc5cef13590e2fb64564b545a1,2023-03-15,Alternaria_D,1.0,4
sample_02896,data/tom2024_category_a/CATA-English/onion_diseases/Alternaria_D/24070859_1678872986653_640x480 - Copie - Copie - Copie.jpg,tom_timestamp:1678872986653,f6f59987c1d0feab215c54950b777552b8ef968ea20ba640e7cec61e953b6340,2023-03-15,Alternaria_D,1.0,4
sample_02897,data/tom2024_category_a/CATA-English/onion_diseases/Alternaria_D/179873085_1678873629423_640x480 - Copie - Copie - Copie.jpg,tom_timestamp:1678873629423,30f65440f0fea46d149a836731a7880b919d667eba84ffe42a3998d09c06e0d5,2023-03-15,Alternaria_D,1.0,4
sample_02898,data/tom2024_category_a/CATA-English/onion_diseases/Alternaria_D/374768088_1678875045930_640x480 - Copie - Copie - Copie.jpg,tom_timestamp:1678875045930,4e30f6737ed354890c6d8a242ca5310710e4bbc67883658230837c47d68d9d52,2023-03-15,Alternaria_D,1.0,4
sample_02899,data/tom2024_category_a/CATA-English/onion_diseases/Fusarium-D/1615896841_1678885107982_640x480.jpg,tom_timestamp:1678885107982,2f8a891d04ffb2307e720ef3bac976c25517076d0f88f899a1c5c714140d7402,2023-03-15,Fusarium-D,1.0,4
sample_02900,data/tom2024_category_a/CATA-English/onion_diseases/Alternaria_D/211368380_1678885479540_640x480 - Copie - Copie - Copie.jpg,tom_timestamp:1678885479540,3dfeb0a6f43ff7bdb8d3bba603a8095e4727967686d437974ba6a6b0ec629728,2023-03-15,Alternaria_D,1.0,4
sample_02901,data/tom2024_category_a/CATA-English/onion_diseases/Alternaria_D/31587826_1679045899408_640x480 - Copie - Copie - Copie.jpg,tom_timestamp:1679045899408,7c6a8fb990f70b9bc9b1f33088ffa76f27e66c03a0d6861854cc87ad091dec54,2023-03-17,Alternaria_D,1.0,4
sample_02902,data/tom2024_category_a/CATA-English/onion_diseases/Alternaria_D/418196694_1679045916561_640x480 - Copie - Copie - Copie.jpg,tom_timestamp:1679045916561,13ecaf61875f070956be9652138a5310556b93f3b3b00c30fe419abb5a8192b1,2023-03-17,Alternaria_D,1.0,4
sample_02903,data/tom2024_category_a/CATA-English/onion_diseases/Alternaria_D/196013390_1679046366164_640x360 - Copie - Copie - Copie.jpg,tom_timestamp:1679046366164,072c6bc420e23661c789436c21a0b2ec6eb59c5327c693e364e8745a1e3df40f,2023-03-17,Alternaria_D,1.0,4
sample_02904,data/tom2024_category_a/CATA-English/onion_diseases/Alternaria_D/277434077_1679046835500_640x360 - Copie - Copie - Copie.jpg,tom_timestamp:1679046835500,b763577cba3b78962fd751fb7e884ee73b178f0000113aa2e646d377fd88560d,2023-03-17,Alternaria_D,1.0,4
sample_02905,data/tom2024_category_a/CATA-English/onion_diseases/Alternaria_D/368932955_1679047768810_640x360 - Copie - Copie - Copie.jpg,tom_timestamp:1679047768810,a4579a08b476fba3baa595f3dd02f866fbf30117e583dae04c4bde5d9d34dd74,2023-03-17,Alternaria_D,1.0,4
sample_02906,data/tom2024_category_a/CATA-English/onion_diseases/Alternaria_D/410844877_1679049543946_640x360 - Copie - Copie - Copie.jpg,tom_timestamp:1679049543946,f501bf07b33e0404c1b3c479d10f5b916c9da00d8bc2545e1f4d90a9158d9315,2023-03-17,Alternaria_D,1.0,4
sample_02908,data/tom2024_category_a/CATA-English/onion_diseases/Alternaria_D/2663550_1679299945829_640x480 - Copie - Copie - Copie.jpg,tom_timestamp:1679299945829,6c2fe0561fc1765856b9553d296a28639eeff204cfee214f0cb69465e5e44374,2023-03-20,Alternaria_D,1.0,0
sample_02910,data/tom2024_category_a/CATA-English/onion_diseases/Alternaria_D/87681363_1679301269081_640x480 - Copie - Copie - Copie.jpg,tom_timestamp:1679301269081,2b74f54ec57e4844bb55130ec1440a3ddfed984cd6ba6d1de8f27e5a57cb10c2,2023-03-20,Alternaria_D,1.0,0
sample_02911,data/tom2024_category_a/CATA-English/onion_diseases/Fusarium-D/2100831673_1679301326148_640x480.jpg,tom_timestamp:1679301326148,dcf336b0c3b462554bb8c77d6f63664e22bb06dc93cf74bfd265c23a508cc3ea,2023-03-20,Fusarium-D,1.0,0
sample_02912,data/tom2024_category_a/CATA-English/onion_diseases/Alternaria_D/323291858_1679302036078_640x480 - Copie - Copie - Copie.jpg,tom_timestamp:1679302036078,18c423b7dff8f9380c9e8c00f8763f137209cb1b420993f1006ca78753ed8997,2023-03-20,Alternaria_D,1.0,0
sample_02916,data/tom2024_category_a/CATA-English/onion_diseases/Alternaria_D/365229547_1679302662714_640x480 - Copie - Copie - Copie.jpg,tom_timestamp:1679302662714,fe5b1e25bfe876d2e5d39e62680fbe551e159379fd5d52f74938b8530344a58d,2023-03-20,Alternaria_D,1.0,0
sample_02917,data/tom2024_category_a/CATA-English/onion_diseases/Alternaria_D/240351524_1679302839133_640x480 - Copie - Copie - Copie.jpg,tom_timestamp:1679302839133,3de7b91da9b9a403bb894dea81d5924e04f2c664ff33df31943f42c6dad9fcc2,2023-03-20,Alternaria_D,1.0,0
sample_02920,data/tom2024_category_a/CATA-English/onion_diseases/Alternaria_D/202646345_1679306512086_640x480 - Copie - Copie - Copie.jpg,tom_timestamp:1679306512086,5d495de25414873f1df53cf477c0ec6630590653f869da37851e08840ed44675,2023-03-20,Alternaria_D,1.0,0
sample_02921,data/tom2024_category_a/CATA-English/onion_diseases/Alternaria_D/348213066_1679306515766_640x480 - Copie - Copie - Copie.jpg,tom_timestamp:1679306515766,ce51bd1e40ec6ef5b0d36c5b6a9195a4e5e2530ec0c0434b53f4582150abe3ab,2023-03-20,Alternaria_D,1.0,0
sample_02922,data/tom2024_category_a/CATA-English/onion_diseases/Alternaria_D/439166619_1679306926803_640x480 - Copie (2) - Copie.jpg,tom_timestamp:1679306926803,7dc86bc6fb32f2e207b1ea48a65e48e4febe3ed283515dbc89383249b8b4f9ae,2023-03-20,Alternaria_D,1.0,0
sample_02923,data/tom2024_category_a/CATA-English/onion_diseases/Alternaria_D/165954264_1679308403540_640x480 - Copie - Copie - Copie.jpg,tom_timestamp:1679308403540,ce30fccd4b32ff4b54348e2d08bf70fd70200a4a38795955d43150981a8a0854,2023-03-20,Alternaria_D,1.0,0
sample_02924,data/tom2024_category_a/CATA-English/onion_diseases/Alternaria_D/282544924_1679392531774_640x480 - Copie - Copie - Copie.jpg,tom_timestamp:1679392531774,fb468d03ab73e6baa6ac8a852758c513bd2d5f45512238c7f69eac67acee26ca,2023-03-21,Alternaria_D,1.0,1
sample_02925,data/tom2024_category_a/CATA-English/onion_diseases/Alternaria_D/149666440_1679392724824_640x480 - Copie - Copie - Copie.jpg,tom_timestamp:1679392724824,b7a28cd6b075bfdb0d0503c36f69bdaaeadd18287da643b9e8ba42909ac4729c,2023-03-21,Alternaria_D,1.0,1
sample_02926,data/tom2024_category_a/CATA-English/onion_diseases/Alternaria_D/99779824_1679394776868_640x480 - Copie - Copie - Copie.jpg,tom_timestamp:1679394776868,33f667ef6b13827f0ad3b06ea7d177e23945ffd6b5073015c90a2fc63ec28b98,2023-03-21,Alternaria_D,1.0,1
sample_02927,data/tom2024_category_a/CATA-English/onion_diseases/Alternaria_D/88337341_1679394858991_640x480 - Copie - Copie - Copie.jpg,tom_timestamp:1679394858991,5563507638f0ee2029b3dccfab9699d2fd806cc12349df1a13a40a0238a92761,2023-03-21,Alternaria_D,1.0,1
sample_02928,data/tom2024_category_a/CATA-English/onion_diseases/Alternaria_D/466074996_1679395010223_640x480 - Copie.jpg,tom_timestamp:1679395010223,3ed1ce32eba1e2b7b593152f13e70492cf96e0eac4cbeb6a67825f8964580b89,2023-03-21,Alternaria_D,1.0,1
sample_02929,data/tom2024_category_a/CATA-English/onion_diseases/Alternaria_D/375979186_1679395190661_640x480 - Copie - Copie - Copie.jpg,tom_timestamp:1679395190661,11998ac05722c63fa3be63ffe5128e8ccc6fc295414b332165a1524d3d1c88fd,2023-03-21,Alternaria_D,1.0,1
sample_02930,data/tom2024_category_a/CATA-English/onion_diseases/Alternaria_D/314572535_1679395845635_640x480 - Copie - Copie - Copie.jpg,tom_timestamp:1679395845635,586f9fe0c2e002ba1be72062ffb0ba5f92a18e334c6b6de7c9a13517563c6524,2023-03-21,Alternaria_D,1.0,1
sample_02931,data/tom2024_category_a/CATA-English/onion_diseases/Alternaria_D/287622670_1679396307875_640x480 - Copie - Copie - Copie.jpg,tom_timestamp:1679396307875,795c330fc18df7d457f0d3343ad37728d74528666f5b51c63daba4599b3e2df2,2023-03-21,Alternaria_D,1.0,1
sample_02932,data/tom2024_category_a/CATA-English/onion_diseases/Alternaria_D/353210548_1679396945733_640x480 - Copie - Copie - Copie.jpg,tom_timestamp:1679396945733,ea8db93e1774d7e47c4a2b63525776071efb492964a44f5a34bad6a0c323861c,2023-03-21,Alternaria_D,1.0,1
sample_02933,data/tom2024_category_a/CATA-English/onion_diseases/Alternaria_D/148353682_1679397093587_640x480 - Copie - Copie - Copie.jpg,tom_timestamp:1679397093587,f5f6cfe19195f7cba18d52f93a627ca239e5c9ead945df87bb77fbfb41ade7c8,2023-03-21,Alternaria_D,1.0,1
sample_02934,data/tom2024_category_a/CATA-English/onion_diseases/Alternaria_D/324182953_1679397104276_640x480 - Copie - Copie - Copie.jpg,tom_timestamp:1679397104276,581c0feda8b64605a46efbaac16e8eb07a9db74fc77057d6f6d40f4ec48745fa,2023-03-21,Alternaria_D,1.0,1
sample_02935,data/tom2024_category_a/CATA-English/onion_diseases/Alternaria_D/273270481_1679397236217_640x480 - Copie - Copie - Copie.jpg,tom_timestamp:1679397236217,c12b476eb4655d2ad6d5eb2193ad1207f888efb499046aaeda125fc4c019016a,2023-03-21,Alternaria_D,1.0,1
sample_02936,data/tom2024_category_a/CATA-English/onion_diseases/Alternaria_D/407058493_1679397304443_640x480 - Copie - Copie - Copie.jpg,tom_timestamp:1679397304443,5303b6a5102f7b30e9bf73d7a5d6874beb5dcebc95f9e0fba8f164aec0f20c7f,2023-03-21,Alternaria_D,1.0,1
sample_02937,data/tom2024_category_a/CATA-English/onion_diseases/Alternaria_D/166302997_1679397366656_640x480 - Copie - Copie - Copie.jpg,tom_timestamp:1679397366656,4e8db6c9ade85fb78d139bfc5270d0fd84828c7bdc6c59c6d78d6323bf1daae7,2023-03-21,Alternaria_D,1.0,1
sample_02938,data/tom2024_category_a/CATA-English/onion_diseases/Alternaria_D/75791199_1679398090607_640x480 - Copie - Copie - Copie.jpg,tom_timestamp:1679398090607,ea5304c9dd24b2e4e6ef77150a5e8b6e63b2a36a34dcbdd1b93419ea1ce6e8f3,2023-03-21,Alternaria_D,1.0,1
sample_02939,data/tom2024_category_a/CATA-English/onion_diseases/Alternaria_D/135781773_1679398256481_640x480 - Copie - Copie - Copie.jpg,tom_timestamp:1679398256481,bcc38982b2db1f3de182c5fcd01e45db2a289aa3326722eff02290818d086315,2023-03-21,Alternaria_D,1.0,1
sample_02940,data/tom2024_category_a/CATA-English/onion_diseases/Alternaria_D/102818616_1679398518928_640x480 - Copie - Copie - Copie.jpg,tom_timestamp:1679398518928,c391e06a66facc8b7dea67c05b48a5c1b5504e46b389c7b2ca832618b9741c6f,2023-03-21,Alternaria_D,1.0,1
sample_02941,data/tom2024_category_a/CATA-English/onion_diseases/Alternaria_D/378186002_1679472505329_640x480 - Copie - Copie - Copie.jpg,tom_timestamp:1679472505329,adccbede6eca242be11b3201d181ab554cf7057181fd87d6d25c860945896ec4,2023-03-22,Alternaria_D,1.0,2
sample_02943,data/tom2024_category_a/CATA-English/onion_diseases/Alternaria_D/164106227_1679475523127_640x480 - Copie - Copie - Copie.jpg,tom_timestamp:1679475523127,6f70a20110ee60c105401da926d33fe751cd6a489c342e4138cb9816b3a68ddd,2023-03-22,Alternaria_D,1.0,2
sample_02944,data/tom2024_category_a/CATA-English/onion_diseases/Alternaria_D/428992443_1679475554309_640x480 - Copie - Copie - Copie.jpg,tom_timestamp:1679475554309,26e8ee51c033009d4c8ec2109170c308e13d5f006acfbfb8514637e6f8ffb05f,2023-03-22,Alternaria_D,1.0,2
sample_02945,data/tom2024_category_a/CATA-English/onion_diseases/Alternaria_D/408510634_1679475634656_640x480 - Copie - Copie - Copie.jpg,tom_timestamp:1679475634656,36cd6fef9607bdf4644a89d0e009340e0e527fa3269837387dcf7a4806c212f5,2023-03-22,Alternaria_D,1.0,2
sample_02946,data/tom2024_category_a/CATA-English/onion_diseases/Alternaria_D/30928083_1679475889049_640x480 - Copie - Copie - Copie.jpg,tom_timestamp:1679475889049,24102904ee7594bed17d85ab97a18f16e59f82294ff9259f7b150a56326a7771,2023-03-22,Alternaria_D,1.0,2
sample_02947,data/tom2024_category_a/CATA-English/onion_diseases/Alternaria_D/402223449_1679477439512_640x480 - Copie - Copie - Copie.jpg,tom_timestamp:1679477439512,565ad268dc54a8f135216a7c56ab034c3e1a16c840e4ff0dd43064e139dffed9,2023-03-22,Alternaria_D,1.0,2
sample_02948,data/tom2024_category_a/CATA-English/onion_diseases/Alternaria_D/95918851_1679477721498_640x480 - Copie - Copie - Copie.jpg,tom_timestamp:1679477721498,824d1e06bff34b6020356d41b04d68f607441410842fd070b089474dead801c1,2023-03-22,Alternaria_D,1.0,2
sample_02949,data/tom2024_category_a/CATA-English/onion_diseases/Alternaria_D/276306561_1679478263752_640x480 - Copie - Copie - Copie.jpg,tom_timestamp:1679478263752,057474c670b393fb6ebe501bc62ffe43e7fc5f3658220bcba4ec494cbc0c79ba,2023-03-22,Alternaria_D,1.0,2
sample_02950,data/tom2024_category_a/CATA-English/onion_diseases/Alternaria_D/103996864_1679478988620_640x480 - Copie - Copie - Copie.jpg,tom_timestamp:1679478988620,0fb1156f08e827784f7d4bbf5d188aefa01432a1279e54af4b69d8e03069be53,2023-03-22,Alternaria_D,1.0,2
sample_02951,data/tom2024_category_a/CATA-English/onion_diseases/Virosis-D/1427962381_1679479611307_640x480.jpg,tom_timestamp:1679479611307,3f2f1ce6fef7bb8130ee35f488d71475593e822063897e54a6d4dc25386c9709,2023-03-22,Virosis-D,1.0,2
sample_02952,data/tom2024_category_a/CATA-English/onion_diseases/Alternaria_D/201379697_1679479801154_640x480 - Copie - Copie - Copie.jpg,tom_timestamp:1679479801154,841c0f238317a0dea217536fb6707ec98cd9643a758b4039fd6a0f308ea07485,2023-03-22,Alternaria_D,1.0,2
sample_02953,data/tom2024_category_a/CATA-English/onion_diseases/Alternaria_D/443667598_1679480091154_640x480 - Copie - Copie.jpg,tom_timestamp:1679480091154,4b35528d8252141fc3ed49135086c72698a623a348e8002d9f96022234979f44,2023-03-22,Alternaria_D,1.0,2
sample_02954,data/tom2024_category_a/CATA-English/onion_diseases/Alternaria_D/170233135_1679480268132_640x480 - Copie - Copie - Copie.jpg,tom_timestamp:1679480268132,82e7627e88dc1e11bf474587f80e9b41cf90d0d7cd2735598cecde1da7171c4f,2023-03-22,Alternaria_D,1.0,2
sample_02955,data/tom2024_category_a/CATA-English/onion_diseases/Alternaria_D/107255303_1679480281314_640x480 - Copie - Copie - Copie.jpg,tom_timestamp:1679480281314,5888d22604aa07092cc31404a73d6ea1e3d58c4dd6f06fdaa451cc8e39cf12e7,2023-03-22,Alternaria_D,1.0,2
sample_02956,data/tom2024_category_a/CATA-English/onion_diseases/Virosis-D/675290746_1679480461404_640x480.jpg,tom_timestamp:1679480461404,89ce934e0be3640493e4578dc3336b35fc87a102e5a2cd444ac8bf0c6c07042c,2023-03-22,Virosis-D,1.0,2
sample_02957,data/tom2024_category_a/CATA-English/onion_diseases/Virosis-D/593947611_1679480519468_640x480.jpg,tom_timestamp:1679480519468,908ed8cbc228129018e7a2d9deece8129293b404d527db3c37ce2993e67d03be,2023-03-22,Virosis-D,1.0,2
sample_02958,data/tom2024_category_a/CATA-English/onion_diseases/Virosis-D/514384756_1679480531120_640x480.jpg,tom_timestamp:1679480531120,1a0cd93946e34828735aef2878f9d6a351d2929abe445c2521332629cb693f57,2023-03-22,Virosis-D,1.0,2
sample_02959,data/tom2024_category_a/CATA-English/onion_diseases/Alternaria_D/383454665_1679480534411_640x480 - Copie - Copie - Copie.jpg,tom_timestamp:1679480534411,5356634a3ceccf45a61d97f4b74b1780c20a07b876eda9946128ac334925b43e,2023-03-22,Alternaria_D,1.0,2
sample_02960,data/tom2024_category_a/CATA-English/onion_diseases/Alternaria_D/42199741_1679480639916_640x480 - Copie - Copie - Copie.jpg,tom_timestamp:1679480639916,38d8f4e19a3401758a59ba751b25c3f89f921a5a8e69ca39ad864129d9d02d60,2023-03-22,Alternaria_D,1.0,2
sample_02961,data/tom2024_category_a/CATA-English/onion_diseases/Virosis-D/1903483387_1679480761352_640x480.jpg,tom_timestamp:1679480761352,1e9bdb478881d9cd237a9f40b36abe4c165020ff2be7df8f64f2478a2fa5205f,2023-03-22,Virosis-D,1.0,2
sample_02962,data/tom2024_category_a/CATA-English/onion_diseases/Alternaria_D/296175790_1679480901103_640x480 - Copie - Copie - Copie.jpg,tom_timestamp:1679480901103,cbb15ccbe04724bd7a44e65d1cbc9875dd1cce86dfbd42b644d2461504a3dad9,2023-03-22,Alternaria_D,1.0,2
sample_02963,data/tom2024_category_a/CATA-English/onion_diseases/Virosis-D/284565194_1679480904979_640x480.jpg,tom_timestamp:1679480904979,a1ceeeea23813a820ea163a5d7ae6b7dd90ec05c4f24652414edc6419789ad36,2023-03-22,Virosis-D,1.0,2
sample_02964,data/tom2024_category_a/CATA-English/onion_diseases/Virosis-D/1940420882_1679480923220_640x480.jpg,tom_timestamp:1679480923220,fa921230b1e7eac2cacc1c7abe9c7c2a7b5dfd790320a76aaee546ad1ac1b523,2023-03-22,Virosis-D,1.0,2
sample_02965,data/tom2024_category_a/CATA-English/onion_diseases/Alternaria_D/189208306_1679481003052_640x480 - Copie - Copie - Copie.jpg,tom_timestamp:1679481003052,2331440f227cfc6daedfc0cc7a39dfd08777c5bafdd836823a20c449f176f38d,2023-03-22,Alternaria_D,1.0,2
sample_02966,data/tom2024_category_a/CATA-English/onion_diseases/Virosis-D/1456338620_1679481006847_640x480.jpg,tom_timestamp:1679481006847,7b72dd6239d9c624678c972fc2cf4f2bbcbb4b861ee547077845edc88950242e,2023-03-22,Virosis-D,1.0,2
sample_02967,data/tom2024_category_a/CATA-English/onion_diseases/Alternaria_D/194182733_1679481015096_640x480 - Copie - Copie - Copie.jpg,tom_timestamp:1679481015096,0746cc13c62c07feed7b2e5c4796096617c31717c3e89b587efd857353b86dbb,2023-03-22,Alternaria_D,1.0,2
sample_02968,data/tom2024_category_a/CATA-English/onion_diseases/Virosis-D/1183035955_1679481094380_640x480.jpg,tom_timestamp:1679481094380,e7ac74a8958e97e3e40564b68b6da2d9fcb78960db6215fa0618e8ffbb7abce2,2023-03-22,Virosis-D,1.0,2
sample_02969,data/tom2024_category_a/CATA-English/onion_diseases/Virosis-D/1921016714_1679481102161_640x480.jpg,tom_timestamp:1679481102161,fe133c9bfa08ac9c3cb86711e5dd996827a1ef8ac2fa5652ca250dc281955bd4,2023-03-22,Virosis-D,1.0,2
sample_02970,data/tom2024_category_a/CATA-English/onion_diseases/Virosis-D/1661727802_1679481185417_640x480.jpg,tom_timestamp:1679481185417,396921d8d52774fef7f84f173ccff4bd62f3188be0fe3b29ee577c46d6ab122d,2023-03-22,Virosis-D,1.0,2
sample_02971,data/tom2024_category_a/CATA-English/onion_diseases/Alternaria_D/372622050_1679481373187_640x480 - Copie - Copie - Copie.jpg,tom_timestamp:1679481373187,7d491768f7284f148d316ad64a2d052db8e4895c0b1967510961ae2f5847ec70,2023-03-22,Alternaria_D,1.0,2
sample_02972,data/tom2024_category_a/CATA-English/onion_diseases/Virosis-D/651976783_1679481410705_640x480.jpg,tom_timestamp:1679481410705,b9e75b9f9cbb903e73cd50f2eb447f6bf68c0ec575b5bab122f7e3a15bb33062,2023-03-22,Virosis-D,1.0,2
sample_02973,data/tom2024_category_a/CATA-English/onion_diseases/Alternaria_D/158687082_1679481569784_640x480 - Copie - Copie - Copie.jpg,tom_timestamp:1679481569784,8fed70a0d4506d078d27e4a4a844fcba78305a42e9dbbdf2a7f38e22eee3fcd5,2023-03-22,Alternaria_D,1.0,2
sample_02974,data/tom2024_category_a/CATA-English/onion_diseases/Virosis-D/903758774_1679481589586_640x480.jpg,tom_timestamp:1679481589586,8decfbf51d10cb67d1adb0f5d46d4079c63ebf42bdd980b385af69a290b346c8,2023-03-22,Virosis-D,1.0,2
sample_02975,data/tom2024_category_a/CATA-English/onion_diseases/Alternaria_D/407688704_1679481792448_640x480 - Copie - Copie - Copie.jpg,tom_timestamp:1679481792448,9c781ea1b3f4f9ac37d2856781a4a9be60b328020046397140bcd5052f4a7415,2023-03-22,Alternaria_D,1.0,2
sample_02976,data/tom2024_category_a/CATA-English/onion_diseases/Alternaria_D/351217704_1679482231837_640x480 - Copie - Copie - Copie.jpg,tom_timestamp:1679482231837,b6c15a740ada75eb3582e0c0100df5537ec0ad267dd3c9a239088d1b9c0c1189,2023-03-22,Alternaria_D,1.0,2
sample_02977,data/tom2024_category_a/CATA-English/onion_diseases/Alternaria_D/145283197_1679560373417_640x480 - Copie - Copie - Copie.jpg,tom_timestamp:1679560373417,23f98be2ab463c9ffa6ceba7f130a75c453c400bf1c9311122d3082b4f46ec2e,2023-03-23,Alternaria_D,1.0,4
sample_02978,data/tom2024_category_a/CATA-English/onion_diseases/Alternaria_D/269745232_1679560559788_640x480 - Copie - Copie - Copie.jpg,tom_timestamp:1679560559788,57984f7e402e38e917fad1bce0aa49c4b46121a8b9a1b743d60fd3dd0b8ea37e,2023-03-23,Alternaria_D,1.0,4
sample_02981,data/tom2024_category_a/CATA-English/onion_diseases/Healthy_leaf/388103414_1679647794952_640x480.jpg,tom_timestamp:1679647794952,72bd6ca18cad7ad87a5fe0a9e29f6cb6a97986c8c73674a210fa78a19a4e7641,2023-03-24,Healthy_leaf,0.0,4
sample_02982,data/tom2024_category_a/CATA-English/onion_diseases/Fusarium-D/249379751_1679648930490_640x480.jpg,tom_timestamp:1679648930490,056346c057287fe9b3d6a15dbc804c3b1996c275aaa806a34b1c7242f26324c2,2023-03-24,Fusarium-D,1.0,4
sample_02983,data/tom2024_category_a/CATA-English/onion_diseases/Alternaria_D/400207550_1679651923476_640x480 - Copie - Copie - Copie.jpg,tom_timestamp:1679651923476,10bcd0e47b0810976ee7c343bdfecbe833ea85b1a5e2fae2b6fb14508387f312,2023-03-24,Alternaria_D,1.0,4
sample_02984,data/tom2024_category_a/CATA-English/onion_diseases/Alternaria_D/403233584_1679652155507_640x480 - Copie - Copie - Copie.jpg,tom_timestamp:1679652155507,1bbbd288be0bf772f864b5d68a9a62eabc1c0e8a10875ebb15bd36d319f73687,2023-03-24,Alternaria_D,1.0,4
sample_02985,data/tom2024_category_a/CATA-English/onion_diseases/Fusarium-D/138970245_1679652209133_640x480.jpg,tom_timestamp:1679652209133,b839d7f014a2d5bfa9246f7a296a9ad21e6e1f6a136488459340368a2025f7fe,2023-03-24,Fusarium-D,1.0,4
sample_02986,data/tom2024_category_a/CATA-English/onion_diseases/Alternaria_D/251405696_1679906498004_640x480 - Copie - Copie - Copie.jpg,tom_timestamp:1679906498004,6b59c449507262251fed0c36bc16f081a6af6bd1ebd99eca105b9d5d559b3f82,2023-03-27,Alternaria_D,1.0,0
sample_02988,data/tom2024_category_a/CATA-English/onion_diseases/Alternaria_D/241782269_1679907315909_640x480 - Copie - Copie - Copie.jpg,tom_timestamp:1679907315909,0bf36eb90ebb994d9352b76c2464e5c253248ec87cc420ecb71116e767008c4f,2023-03-27,Alternaria_D,1.0,0
sample_02989,data/tom2024_category_a/CATA-English/onion_diseases/Alternaria_D/35977099_1679907389116_640x480 - Copie - Copie - Copie.jpg,tom_timestamp:1679907389116,12563101097c844a019d3b125235193c12d598844e1bdb83a1f7bf0c35779baa,2023-03-27,Alternaria_D,1.0,0
sample_02992,data/tom2024_category_a/CATA-English/onion_diseases/Alternaria_D/370179866_1679907887418_640x480 - Copie - Copie - Copie.jpg,tom_timestamp:1679907887418,bec1cbf37c6081ce8946a7d10c35e30c7965194b432e3cd79ced75a6d1164f5f,2023-03-27,Alternaria_D,1.0,0
sample_02994,data/tom2024_category_a/CATA-English/onion_diseases/Healthy_leaf/463947391_1679909223832_640x480.jpg,tom_timestamp:1679909223832,690bd87f7d5b69b790b4eeb89fd4c180373304fbd60913db188bc558d6208866,2023-03-27,Healthy_leaf,0.0,0
sample_02995,data/tom2024_category_a/CATA-English/onion_diseases/Fusarium-D/981563902_1679909570691_640x480.jpg,tom_timestamp:1679909570691,5366ac2ebe790c088b2a5c315a6309cd0fcd7a45ae687d48874c7c4447cd3fbc,2023-03-27,Fusarium-D,1.0,0
sample_02996,data/tom2024_category_a/CATA-English/onion_diseases/Fusarium-D/958510823_1679909613031_640x480.jpg,tom_timestamp:1679909613031,baf04ee68c32c86eaa9f34d31f7c62bd44b322ad1f25837b39a7f0b74f5c7488,2023-03-27,Fusarium-D,1.0,0
sample_02997,data/tom2024_category_a/CATA-English/onion_diseases/Fusarium-D/2139323575_1679909654109_640x480.jpg,tom_timestamp:1679909654109,20980cc6d6a62044c0a887bb7ae5fc03c4d8a9d8ed1b33cf85c5bc2dcbbd5417,2023-03-27,Fusarium-D,1.0,0
sample_02998,data/tom2024_category_a/CATA-English/onion_diseases/Fusarium-D/2037330518_1679909743521_640x480.jpg,tom_timestamp:1679909743521,16e6963af185f6b898fa300ee56cdbd6ca63d1133f55fe45ab2a3f4ea909054d,2023-03-27,Fusarium-D,1.0,0
sample_02999,data/tom2024_category_a/CATA-English/onion_diseases/Fusarium-D/1897983978_1679910148404_640x480.jpg,tom_timestamp:1679910148404,a26d7d8d9165a281c6e861f6b103c75b9ab1e59ef5bc59547efde4353401bb2a,2023-03-27,Fusarium-D,1.0,0
sample_03000,data/tom2024_category_a/CATA-English/onion_diseases/Fusarium-D/1968339394_1679910192170_640x480.jpg,tom_timestamp:1679910192170,baf6b936d5003375632a421fecbe05b14d5d451369dabccf6070e1ae29533c45,2023-03-27,Fusarium-D,1.0,0
sample_03001,data/tom2024_category_a/CATA-English/onion_diseases/Fusarium-D/1441761109_1679910194006_640x480.jpg,tom_timestamp:1679910194006,48201e996bf03da2a7958315d7dc043103193ed1a04f58f49b802ea910379060,2023-03-27,Fusarium-D,1.0,0
sample_03002,data/tom2024_category_a/CATA-English/onion_diseases/Fusarium-D/174214807_1679910387187_640x480.jpg,tom_timestamp:1679910387187,54a86798792b587907a3fe31375341fa580cae051dbb2163a0c0a50f1a47455c,2023-03-27,Fusarium-D,1.0,0
sample_03003,data/tom2024_category_a/CATA-English/onion_diseases/Fusarium-D/186566818_1679910421722_640x480.jpg,tom_timestamp:1679910421722,10764c19b2ea1f70056a81707efd2ff35778f39278f2f59e7147664eda885465,2023-03-27,Fusarium-D,1.0,0
sample_03004,data/tom2024_category_a/CATA-English/onion_diseases/Fusarium-D/1681684629_1679910504200_640x480.jpg,tom_timestamp:1679910504200,6840daa24685ba719b299b06ea916dbcbc7389d3ae43c9e692cf31366cc9d4ba,2023-03-27,Fusarium-D,1.0,0
sample_03005,data/tom2024_category_a/CATA-English/onion_diseases/Healthy_leaf/491571667_1679922784901_640x360.jpg,tom_timestamp:1679922784901,b3949e9d616a1f5b88f6dd45fad7007b464eb414e0a0e79f0b2d27958161d5ee,2023-03-27,Healthy_leaf,0.0,0
sample_03006,data/tom2024_category_a/CATA-English/onion_diseases/Alternaria_D/273607864_1679993066858_640x480 - Copie - Copie - Copie.jpg,tom_timestamp:1679993066858,b14f4debd8aa36c9e39db8fa4cb42fc2602e3962910e21c054da5d7598c38a16,2023-03-28,Alternaria_D,1.0,1
sample_03007,data/tom2024_category_a/CATA-English/onion_diseases/Alternaria_D/216097999_1679993941936_640x480 - Copie - Copie - Copie.jpg,tom_timestamp:1679993941936,ef4b3e49f1bd61f3eb4d0e14b6ef9ea6e0514f5fa1ab39c2f71137999b727dee,2023-03-28,Alternaria_D,1.0,1
sample_03008,data/tom2024_category_a/CATA-English/onion_diseases/Virosis-D/965299133_1679996627325_640x480.jpg,tom_timestamp:1679996627325,b854c65b9ff1324d79ebedfe71c12867675980eb716fa87398e1f73c8c27235f,2023-03-28,Virosis-D,1.0,1
sample_03009,data/tom2024_category_a/CATA-English/onion_diseases/Virosis-D/1307463585_1679996642808_640x480.jpg,tom_timestamp:1679996642808,ea81c2fd27042e690da7c33d5f9508b49ed1865d639ef0e1e8c79bc4161cec29,2023-03-28,Virosis-D,1.0,1
sample_03010,data/tom2024_category_a/CATA-English/onion_diseases/Virosis-D/1821728635_1679997589438_640x480.jpg,tom_timestamp:1679997589438,6be3a5cc991d3c8295d0f25cab3f40959a5aed05933cf36ad6b84f04fa137c3b,2023-03-28,Virosis-D,1.0,1
sample_03011,data/tom2024_category_a/CATA-English/onion_diseases/Virosis-D/1536360610_1679997925518_640x480.jpg,tom_timestamp:1679997925518,e5508aa7932e88688d418c3c91a3d0ef49a8ec1f722293c8a51d4cd81ee847a4,2023-03-28,Virosis-D,1.0,1
sample_03012,data/tom2024_category_a/CATA-English/onion_diseases/Virosis-D/695932030_1679997937139_640x480.jpg,tom_timestamp:1679997937139,82a81c69f5942413a8abe87c1e0a1830133c5d064b2c9655d4ed865fcda3067d,2023-03-28,Virosis-D,1.0,1
sample_03013,data/tom2024_category_a/CATA-English/onion_diseases/Virosis-D/1897681355_1679997992390_640x480.jpg,tom_timestamp:1679997992390,e0c21c2219fc3b824d078aa16d8aca1d3af4f4e6537e2bcff8080e46623a21a0,2023-03-28,Virosis-D,1.0,1
sample_03014,data/tom2024_category_a/CATA-English/onion_diseases/Virosis-D/1741126915_1679998100499_640x480.jpg,tom_timestamp:1679998100499,0ec016e818e5ae067057f3c139de01b3271eac2f3482afbb27be6595954cb31d,2023-03-28,Virosis-D,1.0,1
sample_03015,data/tom2024_category_a/CATA-English/onion_diseases/Virosis-D/268814308_1679998241761_640x480.jpg,tom_timestamp:1679998241761,5a2c1e85abd38f510c6fdc65be8fb0a895e1d74b0c6abed54c69eaa27ca196b2,2023-03-28,Virosis-D,1.0,1
sample_03016,data/tom2024_category_a/CATA-English/onion_diseases/Virosis-D/76854778_1679998252531_640x480.jpg,tom_timestamp:1679998252531,ea179fe8b9532c1aba6d9e7d8cace44513ac7c915de60aa76b3ecd957e34dcce,2023-03-28,Virosis-D,1.0,1
sample_03017,data/tom2024_category_a/CATA-English/onion_diseases/Virosis-D/154301127_1679998301494_640x480.jpg,tom_timestamp:1679998301494,f0252136718342dfa16b5b110b595236e7b737c7c99783e653bcb6279d425848,2023-03-28,Virosis-D,1.0,1
sample_03018,data/tom2024_category_a/CATA-English/onion_diseases/Virosis-D/1901616917_1679998323913_640x480.jpg,tom_timestamp:1679998323913,4f690ae64f8f3add1fdd80092d3bde4a5019822750cf5485b243f0f4502827c9,2023-03-28,Virosis-D,1.0,1
sample_03019,data/tom2024_category_a/CATA-English/onion_diseases/Virosis-D/1358453609_1679998381983_640x480.jpg,tom_timestamp:1679998381983,0f1a809be0437fab51c6d56c1e9f1a02961d8e67a4c7edf5a7d4b06376513e75,2023-03-28,Virosis-D,1.0,1
sample_03020,data/tom2024_category_a/CATA-English/onion_diseases/Virosis-D/14499823_1679998391206_640x480.jpg,tom_timestamp:1679998391206,486f9b58d9de91acbd37904f3c2b17bcc82c5eb5d80d679d33f81c46633ad305,2023-03-28,Virosis-D,1.0,1
sample_03021,data/tom2024_category_a/CATA-English/onion_diseases/Virosis-D/1611729229_1679998443470_640x480.jpg,tom_timestamp:1679998443470,4d535edcfd2de928c6fd5bfadfa5b89a1fa31db5dbb4e5fbf571a5bb9f280f71,2023-03-28,Virosis-D,1.0,1
sample_03022,data/tom2024_category_a/CATA-English/onion_diseases/Virosis-D/1132166630_1679998525879_640x480.jpg,tom_timestamp:1679998525879,2508126845adf8b5b0222b82901e08ea93992ff5c1d56c203a1f4d8f9217a274,2023-03-28,Virosis-D,1.0,1
sample_03023,data/tom2024_category_a/CATA-English/onion_diseases/Virosis-D/1130673001_1679998699621_640x480.jpg,tom_timestamp:1679998699621,55f85286175d8b52e8b4972bd7900f2d54f557e69083032dc37f8719c6517895,2023-03-28,Virosis-D,1.0,1
sample_03024,data/tom2024_category_a/CATA-English/onion_diseases/Alternaria_D/275034238_1680085185555_640x480 - Copie - Copie - Copie.jpg,tom_timestamp:1680085185555,1286b990a168003a017f44fc0468a6a4333ec142d0922fb711ae0ed013778942,2023-03-29,Alternaria_D,1.0,0
sample_03025,data/tom2024_category_a/CATA-English/onion_diseases/Alternaria_D/158117900_1680085274845_640x480 - Copie - Copie - Copie.jpg,tom_timestamp:1680085274845,f2fb0198977731daa25164c92a80903792dcffaacd79fe125ca561872dce8ddd,2023-03-29,Alternaria_D,1.0,0
sample_03026,data/tom2024_category_a/CATA-English/onion_diseases/Alternaria_D/375859093_1680085763664_640x480 - Copie - Copie - Copie.jpg,tom_timestamp:1680085763664,c1c121ca90570b0d1bc889ad5447d419be88f88454504e360933f89b1d49b2a5,2023-03-29,Alternaria_D,1.0,0
sample_03027,data/tom2024_category_a/CATA-English/onion_diseases/Alternaria_D/201120221_1680086684113_640x480 - Copie - Copie - Copie.jpg,tom_timestamp:1680086684113,980c281ef83bf9bd7274e20356067dd9e27a561c55cff8a102d67c489ef9b515,2023-03-29,Alternaria_D,1.0,0
sample_03028,data/tom2024_category_a/CATA-English/onion_diseases/Alternaria_D/49253557_1680086696580_640x480 - Copie - Copie - Copie.jpg,tom_timestamp:1680086696580,e339d09a405803a0605ea973bb763114b8093d60a30449b44c7108f295561289,2023-03-29,Alternaria_D,1.0,0
sample_03031,data/tom2024_category_a/CATA-English/onion_diseases/Alternaria_D/224847711_1680161509581_640x480 - Copie - Copie - Copie.jpg,tom_timestamp:1680161509581,56f3c4ca43477c3ee6fa6194af14aa31596926a885962eee0599e8ff02c0626e,2023-03-30,Alternaria_D,1.0,2
sample_03032,data/tom2024_category_a/CATA-English/onion_diseases/Alternaria_D/387117993_1680161648724_640x480 - Copie - Copie - Copie.jpg,tom_timestamp:1680161648724,92ecc35f12b6877f2592233715d4c355ef2f447f328d437aa2fd4bb0f75a1d39,2023-03-30,Alternaria_D,1.0,2
sample_03033,data/tom2024_category_a/CATA-English/onion_diseases/Alternaria_D/132348744_1680161730894_640x480 - Copie - Copie - Copie.jpg,tom_timestamp:1680161730894,be1c1fed45fed65716a5c512a453fe381ff220933c755590007a4a42d3a81103,2023-03-30,Alternaria_D,1.0,2
sample_03035,data/tom2024_category_a/CATA-English/onion_diseases/Alternaria_D/339725095_1680163056238_640x480 - Copie - Copie - Copie.jpg,tom_timestamp:1680163056238,f7f010f2ccf60aba1aa581534fae849ca88551ad91adb3d9da330eb07e430b87,2023-03-30,Alternaria_D,1.0,2
sample_03036,data/tom2024_category_a/CATA-English/onion_diseases/Alternaria_D/129400262_1680163134376_640x480 - Copie - Copie - Copie.jpg,tom_timestamp:1680163134376,968c5237a103add39f2c8dc593fdda5d7ad5a6e51edd0c71c7056423cb983b1f,2023-03-30,Alternaria_D,1.0,2
sample_03037,data/tom2024_category_a/CATA-English/onion_diseases/Alternaria_D/345154286_1680163214660_640x480 - Copie - Copie - Copie.jpg,tom_timestamp:1680163214660,d02a6c8cb3b054b440da9e6996e912680573af7f4eef15a3e2a143ccbd64baa4,2023-03-30,Alternaria_D,1.0,2
sample_03038,data/tom2024_category_a/CATA-English/onion_diseases/Alternaria_D/291838657_1680163375138_640x480 - Copie - Copie - Copie.jpg,tom_timestamp:1680163375138,84df3fd6620f0a586b44715489cf0857baad3d332198aa8c5cca0e8b400da49d,2023-03-30,Alternaria_D,1.0,2
sample_03039,data/tom2024_category_a/CATA-English/onion_diseases/Alternaria_D/24913487_1680165579637_640x480 - Copie - Copie - Copie.jpg,tom_timestamp:1680165579637,9c2e969015a44fadca1fbc54149da622ec81260b9ef0b20d92caa152287d157a,2023-03-30,Alternaria_D,1.0,2
sample_03040,data/tom2024_category_a/CATA-English/onion_diseases/Alternaria_D/364829886_1680176501810_640x480 - Copie - Copie - Copie.jpg,tom_timestamp:1680176501810,f69812a5032cd4aebcda8baca78d9eb3fe30acf5c83a25e60afd0b44b3702a5f,2023-03-30,Alternaria_D,1.0,2
sample_03044,data/tom2024_category_a/CATA-English/onion_diseases/Alternaria_D/155153446_1680509105525_640x480 - Copie - Copie - Copie.jpg,tom_timestamp:1680509105525,a7bb76f4563dd34002e03cc2a4ec659e3ada3ca40cfd258c15994a5e7ee9b0ab,2023-04-03,Alternaria_D,1.0,0
sample_03045,data/tom2024_category_a/CATA-English/onion_diseases/Alternaria_D/344645025_1680512216463_640x480 - Copie - Copie - Copie.jpg,tom_timestamp:1680512216463,0fa3d782bb911c3a8c1a6480412a76cba41a7dbf13e7cdac6c8796982c292971,2023-04-03,Alternaria_D,1.0,0
sample_03046,data/tom2024_category_a/CATA-English/onion_diseases/Alternaria_D/51483428_1680512440285_640x480 - Copie - Copie - Copie.jpg,tom_timestamp:1680512440285,a3228939e656873d186a8f77e8f2ebf1cc2f78f403eb82023683084d6befafad,2023-04-03,Alternaria_D,1.0,0
sample_03047,data/tom2024_category_a/CATA-English/onion_diseases/Alternaria_D/140320475_1680513073695_640x480 - Copie - Copie - Copie.jpg,tom_timestamp:1680513073695,c9a4966f822eb0aab3f69f86a3fb9e93ad8cfb7cb7e3791a05c91e8a3db16d89,2023-04-03,Alternaria_D,1.0,0
sample_03048,data/tom2024_category_a/CATA-English/onion_diseases/Alternaria_D/48028397_1680513414341_640x480 - Copie - Copie - Copie.jpg,tom_timestamp:1680513414341,de181ba35e95a29f0031018230146dd59f1dfaa3d660448d0c115af198de78b9,2023-04-03,Alternaria_D,1.0,0
sample_03049,data/tom2024_category_a/CATA-English/onion_diseases/Virosis-D/1986590279_1680513865971_640x480.jpg,tom_timestamp:1680513865971,9b772e8f20426af0652d2de52ccca62aaaed994af8c21bf6328daa251dafb399,2023-04-03,Virosis-D,1.0,0
sample_03050,data/tom2024_category_a/CATA-English/onion_diseases/Alternaria_D/50689977_1680514791624_640x480 - Copie - Copie - Copie.jpg,tom_timestamp:1680514791624,730f664f0ef80a3cfeba78a8d176fed84447f2d73c3bfefc0797bafd66297174,2023-04-03,Alternaria_D,1.0,0
sample_03051,data/tom2024_category_a/CATA-English/onion_diseases/Alternaria_D/28714539_1680514931801_640x480 - Copie - Copie - Copie.jpg,tom_timestamp:1680514931801,424edc103aee71be417ecc07eff4df78cc8feb4b749e4a62cc301cb657e8396c,2023-04-03,Alternaria_D,1.0,0
sample_03052,data/tom2024_category_a/CATA-English/onion_diseases/Alternaria_D/224035576_1680590900240_640x480 - Copie - Copie - Copie.jpg,tom_timestamp:1680590900240,7958bc7defb8e5ada45cbef4ffef478ef4d187d019ccc382debcd13860e3e4e3,2023-04-04,Alternaria_D,1.0,0
sample_03053,data/tom2024_category_a/CATA-English/onion_diseases/Alternaria_D/411733866_1680625899897_640x480 - Copie - Copie - Copie.jpg,tom_timestamp:1680625899897,a2a24a4b316aca41d46d02e94a4e3cb123b288fa20aa540636a59c859341bf7c,2023-04-04,Alternaria_D,1.0,0
sample_03054,data/tom2024_category_a/CATA-English/onion_diseases/Alternaria_D/114923358_1680625976823_640x480 - Copie - Copie - Copie.jpg,tom_timestamp:1680625976823,c084f0adbdd58c8c23c67a481cbe1816b3949c0e73ae082e7469c30744a561bd,2023-04-04,Alternaria_D,1.0,0
sample_03055,data/tom2024_category_a/CATA-English/onion_diseases/Alternaria_D/401239687_1680627163675_640x480 - Copie - Copie - Copie.jpg,tom_timestamp:1680627163675,870c1b88b3f05f226262d73eb6c7ebd011ccdad513d0785f988e00f583a67afd,2023-04-04,Alternaria_D,1.0,0
sample_03056,data/tom2024_category_a/CATA-English/onion_diseases/Alternaria_D/133366213_1680628117151_640x480 - Copie - Copie - Copie.jpg,tom_timestamp:1680628117151,f7add2c9375e3ffbc60f3776be67bbbf06019f27e624d077e7711e3d97061e5b,2023-04-04,Alternaria_D,1.0,0
sample_03057,data/tom2024_category_a/CATA-English/onion_diseases/Alternaria_D/204344506_1680628278945_640x480 - Copie - Copie - Copie.jpg,tom_timestamp:1680628278945,24828d5ba1f282328630265a6279e76d4766fb1dbc139167b5fdc0ad20f4972e,2023-04-04,Alternaria_D,1.0,0
sample_03058,data/tom2024_category_a/CATA-English/onion_diseases/Alternaria_D/146341101_1680628398086_640x480 - Copie - Copie - Copie.jpg,tom_timestamp:1680628398086,7758f61c27911bda005311feb634991b9acaa7ce67e44b73e4caeb338637bc99,2023-04-04,Alternaria_D,1.0,0
sample_03059,data/tom2024_category_a/CATA-English/onion_diseases/Virosis-D/1534023655_1680688568659_640x480.jpg,tom_timestamp:1680688568659,78a04dedabc3613741ff80ca591003f165e346b382b7973a35ca85aa1d88d8d8,2023-04-05,Virosis-D,1.0,4
sample_03060,data/tom2024_category_a/CATA-English/onion_diseases/Virosis-D/384303219_1680690466815_640x480.jpg,tom_timestamp:1680690466815,4cbc44f331ec11e355788a6ed35abada9253090693dd5f2a1a4b99935a1ddf26,2023-04-05,Virosis-D,1.0,4
sample_03061,data/tom2024_category_a/CATA-English/onion_diseases/Virosis-D/150470543_1680690518376_640x480.jpg,tom_timestamp:1680690518376,94cd47e5d1b80fe99e533fa1789c22f6d4bc91df6d9e4cd459194ed363e871c9,2023-04-05,Virosis-D,1.0,4
sample_03062,data/tom2024_category_a/CATA-English/onion_diseases/Virosis-D/998444820_1680690531435_640x480.jpg,tom_timestamp:1680690531435,b08c18c2a895b82dd38994f9b04b0c285ca3b5650ad5fade3c2cfe979cddb042,2023-04-05,Virosis-D,1.0,4
sample_03063,data/tom2024_category_a/CATA-English/onion_diseases/Virosis-D/1219173271_1680690771902_640x480.jpg,tom_timestamp:1680690771902,b7882540ee39a6c965256931b15eef336d6df7dbb112fa41285bdeb7175c048f,2023-04-05,Virosis-D,1.0,4
sample_03064,data/tom2024_category_a/CATA-English/onion_diseases/Virosis-D/2146997054_1680690898495_640x480.jpg,tom_timestamp:1680690898495,a5e4dd452f480f5f8cd223d0c46a96ced02c9a65f2b14f43e2021a9cdc022176,2023-04-05,Virosis-D,1.0,4
sample_03065,data/tom2024_category_a/CATA-English/onion_diseases/Virosis-D/1597533803_1680690909245_640x480.jpg,tom_timestamp:1680690909245,d6e75d6c5d3290f8310882177ea655422ed64a47b4dceca70465a66a90cf31ed,2023-04-05,Virosis-D,1.0,4
sample_03066,data/tom2024_category_a/CATA-English/onion_diseases/Virosis-D/246489084_1680691037771_640x480 - Copie - Copie - Copie.jpg,tom_timestamp:1680691037771,7c6cec64fd3f8efe45bb448f27bd4bb0d7a83ea0adfe1e732f3dca925d059c12,2023-04-05,Virosis-D,1.0,4
sample_03067,data/tom2024_category_a/CATA-English/onion_diseases/Virosis-D/1506528465_1680691091542_640x480.jpg,tom_timestamp:1680691091542,893be49ff910b6d846de2e3599e7504ce245cce9a323fa93ad9fedc8111791cd,2023-04-05,Virosis-D,1.0,4
sample_03068,data/tom2024_category_a/CATA-English/onion_diseases/Virosis-D/1164818777_1680691148007_640x480.jpg,tom_timestamp:1680691148007,71a643dbd620df0b6020012e071a425c232ecf36e7ed0ce6789a34dd4e1fa516,2023-04-05,Virosis-D,1.0,4
sample_03069,data/tom2024_category_a/CATA-English/onion_diseases/Virosis-D/1935633356_1680691287514_640x480.jpg,tom_timestamp:1680691287514,39e94a7c43cfe2eb184929bccade24ed1163cea01b68ba5b5ea2f0e7b6b81a28,2023-04-05,Virosis-D,1.0,4
sample_03070,data/tom2024_category_a/CATA-English/onion_diseases/Virosis-D/1096775957_1680694077633_640x480.jpg,tom_timestamp:1680694077633,f5305159951b43c813a5effe71ea7b9f55f45bd38433f1cb3b5b6fc8aaba3c17,2023-04-05,Virosis-D,1.0,4
sample_03071,data/tom2024_category_a/CATA-English/onion_diseases/Virosis-D/298388636_1680694137882_640x480.jpg,tom_timestamp:1680694137882,3c1142c11f1903c38e995f5a5a45bad5cc6f1bec29134c6f92582996eebf6e9b,2023-04-05,Virosis-D,1.0,4
sample_03072,data/tom2024_category_a/CATA-English/onion_diseases/Virosis-D/154067669_1680694156638_640x480.jpg,tom_timestamp:1680694156638,f0f8b00d8a3888b9f89d097220c4f72229c045a1dee8f82f7f0a442a4d1f2d26,2023-04-05,Virosis-D,1.0,4
sample_03073,data/tom2024_category_a/CATA-English/onion_diseases/Virosis-D/444864885_1680694208670_640x480.jpg,tom_timestamp:1680694208670,711e6ee694c2fd4ccfd9c040a98d89fe7ce5a78549a5a6bac62a8338cfe62a93,2023-04-05,Virosis-D,1.0,4
sample_03074,data/tom2024_category_a/CATA-English/onion_diseases/Virosis-D/1728450885_1680695097598_640x480.jpg,tom_timestamp:1680695097598,3f9171c28f5c9d4310b950520d7318752d9375ddc3dd40509ae39ddbe4458236,2023-04-05,Virosis-D,1.0,4
sample_03075,data/tom2024_category_a/CATA-English/onion_diseases/Virosis-D/1362688029_1680695485479_640x480.jpg,tom_timestamp:1680695485479,192140defc63df7c56f2e8333aa3a82c966a737959c5b9f936f01ce1e3d3b0d4,2023-04-05,Virosis-D,1.0,4
sample_03076,data/tom2024_category_a/CATA-English/onion_diseases/Virosis-D/1049460611_1680695830642_640x480.jpg,tom_timestamp:1680695830642,8f5412a7e647cf3e5a7342089818963655b659e95c13d7f371347e5acdee2a55,2023-04-05,Virosis-D,1.0,4
sample_03077,data/tom2024_category_a/CATA-English/onion_diseases/Virosis-D/386977808_1680695902312_640x480.jpg,tom_timestamp:1680695902312,79892910ab90fd0cae44bb242e63cc7f4ac70ec37aac556be94a3e49d78d7458,2023-04-05,Virosis-D,1.0,4
sample_03078,data/tom2024_category_a/CATA-English/onion_diseases/Virosis-D/600160562_1680695951529_640x480.jpg,tom_timestamp:1680695951529,2fb7e2ee80966a487ad703d195f330438a6b5b296218c369e70ccdba2977d913,2023-04-05,Virosis-D,1.0,4
sample_03079,data/tom2024_category_a/CATA-English/onion_diseases/Virosis-D/45722884_1680696326851_640x480.jpg,tom_timestamp:1680696326851,c9ec347b5a70b25e1808bea418daddf6d2117aa8cfced9eba117859886e19acd,2023-04-05,Virosis-D,1.0,4
sample_03080,data/tom2024_category_a/CATA-English/onion_diseases/Virosis-D/2075822420_1680696383096_640x480.jpg,tom_timestamp:1680696383096,da8ad39032f1717b918153895b9364dba821ba0adc4f9c097fa49efc225e0d83,2023-04-05,Virosis-D,1.0,4
sample_03081,data/tom2024_category_a/CATA-English/onion_diseases/Virosis-D/411382170_1680696461685_640x480.jpg,tom_timestamp:1680696461685,9dcc19c9ca9bdd5ab0a880878a85e83b06a176c29dca77b7e2c5130836be4750,2023-04-05,Virosis-D,1.0,4
sample_03082,data/tom2024_category_a/CATA-English/onion_diseases/Virosis-D/1555128090_1680697066648_640x480.jpg,tom_timestamp:1680697066648,a1d6ddaff9cb4102ef8bd634e8bc959dfef73865f9efad477b8a97f30f1cdf59,2023-04-05,Virosis-D,1.0,4
sample_03083,data/tom2024_category_a/CATA-English/onion_diseases/Virosis-D/1431743696_1680697358991_640x480.jpg,tom_timestamp:1680697358991,293ce957a1efef39faebba292ad2ec7d610f67f7e43fa775b3882b43814dea81,2023-04-05,Virosis-D,1.0,4
sample_03084,data/tom2024_category_a/CATA-English/onion_diseases/Alternaria_D/458955939_1680771281749_640x480 - Copie - Copie.jpg,tom_timestamp:1680771281749,35bbfa6b46470953a099b9cc832e511a3b31136c89dea1dd9c7f4d84965b02dc,2023-04-06,Alternaria_D,1.0,2
sample_03085,data/tom2024_category_a/CATA-English/onion_diseases/Alternaria_D/269645231_1680771778572_640x480 - Copie - Copie - Copie.jpg,tom_timestamp:1680771778572,5ee9a9de98feeba8d62ba6188c00cfff76343c4bdcf073406d8a967ec8542d63,2023-04-06,Alternaria_D,1.0,2
sample_03086,data/tom2024_category_a/CATA-English/onion_diseases/Alternaria_D/445642615_1680771790129_640x480 - Copie - Copie.jpg,tom_timestamp:1680771790129,916321852a1b4eeb0073cb93bac05ebdc483d72c5078ad86c49b4d1facdb0676,2023-04-06,Alternaria_D,1.0,2
sample_03087,data/tom2024_category_a/CATA-English/onion_diseases/Alternaria_D/416199032_1680773770213_640x480 - Copie - Copie - Copie.jpg,tom_timestamp:1680773770213,c99c5b89e88e32e5b68e6294aea668f7f624738a994e4e44492c8fb1dad1491b,2023-04-06,Alternaria_D,1.0,2
sample_03088,data/tom2024_category_a/CATA-English/onion_diseases/Alternaria_D/122869322_1680775475320_640x480 - Copie - Copie - Copie.jpg,tom_timestamp:1680775475320,ca24302d809253212eacf077e6eab7a505f07ecb661f9559ffa1c51ff85771fb,2023-04-06,Alternaria_D,1.0,2
sample_03089,data/tom2024_category_a/CATA-English/onion_diseases/Alternaria_D/300269774_1680778161199_640x480 - Copie - Copie - Copie.jpg,tom_timestamp:1680778161199,ff728a4dc86be8c99c5902dea772582c3e47d96d460b4db674571fbb7e812f87,2023-04-06,Alternaria_D,1.0,2
sample_03090,data/tom2024_category_a/CATA-English/onion_diseases/Virosis-D/158741132_1681210071036_640x480.jpg,tom_timestamp:1681210071036,e2d59a4df05a20501b5ff658a483fd0470b11bd30ea39a2c9d5b8a54249689a3,2023-04-11,Virosis-D,1.0,0
sample_03091,data/tom2024_category_a/CATA-English/onion_diseases/Virosis-D/1245393175_1681210205874_640x480.jpg,tom_timestamp:1681210205874,2ff88044c5ce3b3c5f687b8cacb598536cadfb539e32a208cdd400a0bf28577d,2023-04-11,Virosis-D,1.0,0
sample_03092,data/tom2024_category_a/CATA-English/onion_diseases/Alternaria_D/112751302_1681211256567_640x480 - Copie - Copie - Copie.jpg,tom_timestamp:1681211256567,994d7bc6ec703891f3833963153ad1ed8afbce721170cbaffa6ebb074398b067,2023-04-11,Alternaria_D,1.0,0
sample_03093,data/tom2024_category_a/CATA-English/onion_diseases/Alternaria_D/275189697_1681211401379_640x480 - Copie - Copie - Copie.jpg,tom_timestamp:1681211401379,b92d5680667d1e27b2bd97b75d74eaee21f5fcfcee7edddff1a1cd30b216375d,2023-04-11,Alternaria_D,1.0,0
sample_03094,data/tom2024_category_a/CATA-English/onion_diseases/Alternaria_D/256240293_1681212134967_640x480 - Copie - Copie - Copie.jpg,tom_timestamp:1681212134967,692fdee8b8bc3109d487b75fcffafe0714c3e62f527b87d17954aedba5306364,2023-04-11,Alternaria_D,1.0,0
sample_03095,data/tom2024_category_a/CATA-English/onion_diseases/Virosis-D/467642767_1681212198079_640x480 - Copie.jpg,tom_timestamp:1681212198079,f5c158a8d75c3ad4e021a3b607a2b170b9cfad9eb42a79ed9a1d87946b20ae5d,2023-04-11,Virosis-D,1.0,0
sample_03096,data/tom2024_category_a/CATA-English/onion_diseases/Alternaria_D/137830326_1681212207918_640x480 - Copie - Copie - Copie.jpg,tom_timestamp:1681212207918,c58279a8536c358442bfb2f61fd7ca7528fde3578eecd0b74fbc2446c8237fcc,2023-04-11,Alternaria_D,1.0,0
sample_03097,data/tom2024_category_a/CATA-English/onion_diseases/Alternaria_D/459025618_1681289779652_640x480 - Copie - Copie.jpg,tom_timestamp:1681289779652,c0a698ae934c79ecb48ff9ef2597949e8886a54e476947682e9c299a59944832,2023-04-12,Alternaria_D,1.0,1
sample_03098,data/tom2024_category_a/CATA-English/onion_diseases/Virosis-D/258817752_1681289965093_640x480 - Copie - Copie - Copie.jpg,tom_timestamp:1681289965093,1dc114c53719989514bb99131ad4de8b9a5e7c6ad1cbe1201ab1838c61f87a7b,2023-04-12,Virosis-D,1.0,1
sample_03099,data/tom2024_category_a/CATA-English/onion_diseases/Virosis-D/1312506638_1681290012924_640x480.jpg,tom_timestamp:1681290012924,e16f5ab445c3d503468e1ec87258cedfba434b19a4d85025754345863a0d85f7,2023-04-12,Virosis-D,1.0,1
sample_03100,data/tom2024_category_a/CATA-English/onion_diseases/Virosis-D/5632442_1681290185298_640x480.jpg,tom_timestamp:1681290185298,000923fc575295d010a9dd88501626006bafcc5846e728b20c8cabcd5c3f9684,2023-04-12,Virosis-D,1.0,1
sample_03101,data/tom2024_category_a/CATA-English/onion_diseases/Virosis-D/1271269127_1681290238932_640x480.jpg,tom_timestamp:1681290238932,c0f17ec2d78a97480bad05886f8ea3eb0baaa627ef21f4282bf36421ea68c8d6,2023-04-12,Virosis-D,1.0,1
sample_03102,data/tom2024_category_a/CATA-English/onion_diseases/Virosis-D/791993179_1681290299332_640x480.jpg,tom_timestamp:1681290299332,f62c30c4f0d7d6868bb60578a97d68246d81d328f0cac90e6d64eb6321b63481,2023-04-12,Virosis-D,1.0,1
sample_03103,data/tom2024_category_a/CATA-English/onion_diseases/Virosis-D/384902502_1681290309801_640x480.jpg,tom_timestamp:1681290309801,aaf0ea1d83c42b374deeffb0e69abe07861f364539f809fa8c3bc5960bc53d35,2023-04-12,Virosis-D,1.0,1
sample_03104,data/tom2024_category_a/CATA-English/onion_diseases/Virosis-D/518690514_1681290360481_640x480.jpg,tom_timestamp:1681290360481,28be02eb5b1002d97aaf68b28893fd2d3d21155752471f7f0e02aefd1f158fa6,2023-04-12,Virosis-D,1.0,1
sample_03105,data/tom2024_category_a/CATA-English/onion_diseases/Virosis-D/1534064604_1681290408812_640x480.jpg,tom_timestamp:1681290408812,293b0cc19cc7a9b33135ec48893179c2607150d18b3096c4fffb015bc4ee0372,2023-04-12,Virosis-D,1.0,1
sample_03106,data/tom2024_category_a/CATA-English/onion_diseases/Virosis-D/1746038170_1681290509195_640x480.jpg,tom_timestamp:1681290509195,c885889b0e0ef966b16a41a5737cbedbb59a4cfcd85f977641e8800314e07f49,2023-04-12,Virosis-D,1.0,1
sample_03107,data/tom2024_category_a/CATA-English/onion_diseases/Virosis-D/200630764_1681290561483_640x480.jpg,tom_timestamp:1681290561483,f11fd6eb36aa5e3c476685eac8b4ab596a8ca1a7f5c7c745f887053c6c268fff,2023-04-12,Virosis-D,1.0,1
sample_03108,data/tom2024_category_a/CATA-English/onion_diseases/Virosis-D/1827874845_1681290607982_640x480.jpg,tom_timestamp:1681290607982,d4713fa71a482cca884fc6fffc9a9f88fa0e319b6243ff4c75652df78db16dc2,2023-04-12,Virosis-D,1.0,1
sample_03109,data/tom2024_category_a/CATA-English/onion_diseases/Alternaria_D/409500744_1681290662183_640x480 - Copie - Copie - Copie.jpg,tom_timestamp:1681290662183,74be8f18d50f30fc54cf64718be51098c106d6a2a949476ace2deccbcf114005,2023-04-12,Alternaria_D,1.0,1
sample_03110,data/tom2024_category_a/CATA-English/onion_diseases/Virosis-D/1161950020_1681290896076_640x480.jpg,tom_timestamp:1681290896076,916fb63ca65b6838493d663bd6b7586f0c56f961961da8a22b2b27625ffe6bc2,2023-04-12,Virosis-D,1.0,1
sample_03111,data/tom2024_category_a/CATA-English/onion_diseases/Virosis-D/283999844_1681290955948_640x480.jpg,tom_timestamp:1681290955948,717118ab8992edb690c40ec2a4d9e3a0785f6dc306ab4e3387273aba7e392a6d,2023-04-12,Virosis-D,1.0,1
sample_03112,data/tom2024_category_a/CATA-English/onion_diseases/Virosis-D/1050008109_1681290964916_640x480.jpg,tom_timestamp:1681290964916,fce72e55b389a5f344c3fe20d8f726c400e41853394f31a2da07f0f8408b88dd,2023-04-12,Virosis-D,1.0,1
sample_03113,data/tom2024_category_a/CATA-English/onion_diseases/Alternaria_D/406384149_1681291027591_640x480 - Copie - Copie - Copie.jpg,tom_timestamp:1681291027591,740c4ae0281bf58aa2d1a805c9bd3885487278d7454921f43869b042ee47a87d,2023-04-12,Alternaria_D,1.0,1
sample_03114,data/tom2024_category_a/CATA-English/onion_diseases/Virosis-D/741832670_1681291139272_640x480.jpg,tom_timestamp:1681291139272,79682e80535a09985672ca30ff0c1fed00f5bc00df1f94f8d58132bf6247d20e,2023-04-12,Virosis-D,1.0,1
sample_03115,data/tom2024_category_a/CATA-English/onion_diseases/Virosis-D/2100254973_1681291149867_640x480.jpg,tom_timestamp:1681291149867,2c871a5553c7da713accaa4538ddc83ae0c7f9daa5e1f10a0c40eaa72ab09185,2023-04-12,Virosis-D,1.0,1
sample_03116,data/tom2024_category_a/CATA-English/onion_diseases/Virosis-D/1396808552_1681291228190_640x480.jpg,tom_timestamp:1681291228190,d145f07c855d348210020f94da9cf9b862c8d58a6ce8cb926dcb2e7410c21a48,2023-04-12,Virosis-D,1.0,1
sample_03117,data/tom2024_category_a/CATA-English/onion_diseases/Virosis-D/1893410938_1681291238138_640x480.jpg,tom_timestamp:1681291238138,ce252386a7c0f4f169aedd000d2bb8d558ab1fc51e9d07dac96cfd9ef78a9022,2023-04-12,Virosis-D,1.0,1
sample_03118,data/tom2024_category_a/CATA-English/onion_diseases/Alternaria_D/126236216_1681291254513_640x480 - Copie - Copie - Copie.jpg,tom_timestamp:1681291254513,3d2082d4217008b4f0ec418f9f517b99d1fc50750f85fbe246addd99cf16569e,2023-04-12,Alternaria_D,1.0,1
sample_03119,data/tom2024_category_a/CATA-English/onion_diseases/Alternaria_D/233074363_1681291629609_640x480 - Copie - Copie - Copie.jpg,tom_timestamp:1681291629609,9ac1365b53fde4e3683b7755aea61b0e29f8edf945f40a6400598d22f5941e1a,2023-04-12,Alternaria_D,1.0,1
sample_03120,data/tom2024_category_a/CATA-English/onion_diseases/Alternaria_D/280544813_1681292099272_640x480 - Copie - Copie - Copie.jpg,tom_timestamp:1681292099272,0196cb8d8da8721ce9c906491f473bd816a01160210b5c56a6c7ae965f1ce88b,2023-04-12,Alternaria_D,1.0,1
sample_03121,data/tom2024_category_a/CATA-English/onion_diseases/Alternaria_D/278596420_1681292219571_640x480 - Copie - Copie - Copie.jpg,tom_timestamp:1681292219571,e41dff0c26adf24db6f58d9d479acbf259fcd61b574971894ec556acfc32bf46,2023-04-12,Alternaria_D,1.0,1
sample_03122,data/tom2024_category_a/CATA-English/onion_diseases/Virosis-D/1091452258_1681292270256_640x480.jpg,tom_timestamp:1681292270256,b8e2eb273e9e6df4c5c638ffc30de554afb84ca5130776a37db8048624fa2b2a,2023-04-12,Virosis-D,1.0,1
sample_03123,data/tom2024_category_a/CATA-English/onion_diseases/Virosis-D/1297880305_1681292328909_640x480.jpg,tom_timestamp:1681292328909,0bd35a7dfe0469d132ff65b8962f53ac674f1b36dbe70bea8f779cf003a9026c,2023-04-12,Virosis-D,1.0,1
sample_03124,data/tom2024_category_a/CATA-English/onion_diseases/Alternaria_D/397499927_1681292495746_640x480 - Copie - Copie - Copie.jpg,tom_timestamp:1681292495746,2285b3191e9ced72c4e4242854983e5b95d1bcdd11447b17e34190bdfa2d3192,2023-04-12,Alternaria_D,1.0,1
sample_03125,data/tom2024_category_a/CATA-English/onion_diseases/Virosis-D/16320250_1681292519748_640x480.jpg,tom_timestamp:1681292519748,23b104763ba71147c6b372df83c64b0c68574e731c23f22b6fbfeaf054e1f2b2,2023-04-12,Virosis-D,1.0,1
sample_03126,data/tom2024_category_a/CATA-English/onion_diseases/Virosis-D/42231250_1681292589238_640x480.jpg,tom_timestamp:1681292589238,2091e9e4c3b4af928546671eb65875c9c2b981a01b7bed6910036b69aaaf4d46,2023-04-12,Virosis-D,1.0,1
sample_03127,data/tom2024_category_a/CATA-English/onion_diseases/Virosis-D/2073421436_1681292646021_640x480.jpg,tom_timestamp:1681292646021,b229d88a0998d90ea1f271465381282a124129cd2974c79e6ec0bc959d7cef4e,2023-04-12,Virosis-D,1.0,1
sample_03128,data/tom2024_category_a/CATA-English/onion_diseases/Virosis-D/1410770520_1681292664673_640x480.jpg,tom_timestamp:1681292664673,28331ed89743926da95a6798aaf2fe6e3d1721169ca80bca0f678abaf3bed84c,2023-04-12,Virosis-D,1.0,1
sample_03129,data/tom2024_category_a/CATA-English/onion_diseases/Virosis-D/1713178332_1681292710208_640x480.jpg,tom_timestamp:1681292710208,26d87ba89458abe5053bac6d5a5deac588c3494bcdd08638b4f709d89618708e,2023-04-12,Virosis-D,1.0,1
sample_03130,data/tom2024_category_a/CATA-English/onion_diseases/Virosis-D/1132493428_1681292720290_640x480.jpg,tom_timestamp:1681292720290,3f19572d3ff2a0c693d2148da06781391854345089de00c9a0a03abd2b09aed7,2023-04-12,Virosis-D,1.0,1
sample_03131,data/tom2024_category_a/CATA-English/onion_diseases/Virosis-D/537962884_1681292772306_640x480.jpg,tom_timestamp:1681292772306,948aa876887bdf792f1c797094722b312ea9ccffe85015c70a28ddbd3b8ae7b4,2023-04-12,Virosis-D,1.0,1
sample_03132,data/tom2024_category_a/CATA-English/onion_diseases/Virosis-D/1374326565_1681292833345_640x480.jpg,tom_timestamp:1681292833345,daff79fd9eb4a5a236e3f4d80e36e469bcb0f8248416addc2e8df395a3802dfb,2023-04-12,Virosis-D,1.0,1
sample_03133,data/tom2024_category_a/CATA-English/onion_diseases/Virosis-D/463542569_1681292842466_640x480.jpg,tom_timestamp:1681292842466,799f35990251f76e8427d0e3b3e858b629d2b6026507f04610f9945a158567cf,2023-04-12,Virosis-D,1.0,1
sample_03134,data/tom2024_category_a/CATA-English/onion_diseases/Virosis-D/946131202_1681292896718_640x480.jpg,tom_timestamp:1681292896718,ae7f159b24013fec8d0cdee3cfc6a9d631a194e7f0bff9fd71191ff2d49e3abf,2023-04-12,Virosis-D,1.0,1
sample_03135,data/tom2024_category_a/CATA-English/onion_diseases/Virosis-D/2005339840_1681292983641_640x480.jpg,tom_timestamp:1681292983641,1e776766de9cefb94433222ae8009eddf5fbd1adab7f3ac64a847e3375919334,2023-04-12,Virosis-D,1.0,1
sample_03136,data/tom2024_category_a/CATA-English/onion_diseases/Virosis-D/726844595_1681293062735_640x480.jpg,tom_timestamp:1681293062735,06b57ef09abf0d7150758a8f6c2c5a8fd623e391e52f619fe21ec842ac2606be,2023-04-12,Virosis-D,1.0,1
sample_03137,data/tom2024_category_a/CATA-English/onion_diseases/Virosis-D/1259020184_1681293139970_640x480.jpg,tom_timestamp:1681293139970,592fbc4194f904508360685c90023cae51fe17f6d2cef8c3c0e6096bb3a6736f,2023-04-12,Virosis-D,1.0,1
sample_03138,data/tom2024_category_a/CATA-English/onion_diseases/Virosis-D/1802638256_1681293148759_640x480.jpg,tom_timestamp:1681293148759,5af6a60dd13f652433d12da21b62cc82d2ffed9fcc1ab84f33b6f3f84ee126b6,2023-04-12,Virosis-D,1.0,1
sample_03139,data/tom2024_category_a/CATA-English/onion_diseases/Virosis-D/1629666906_1681293194953_640x480.jpg,tom_timestamp:1681293194953,3ff7f13e30233026d32ef84028c30e0e3b51af1b966102fa74c08a92abf175f4,2023-04-12,Virosis-D,1.0,1
sample_03140,data/tom2024_category_a/CATA-English/onion_diseases/Virosis-D/1243512802_1681293250943_640x480.jpg,tom_timestamp:1681293250943,dc8b875cc620f60cc4bf77f40a3381ef7611778a19843d4e6229c69900cd7037,2023-04-12,Virosis-D,1.0,1
sample_03141,data/tom2024_category_a/CATA-English/onion_diseases/Virosis-D/1988416381_1681293300863_640x480.jpg,tom_timestamp:1681293300863,de776dffd142b672c5aae9bea04a8052d14cc79d87c421e0dc0a86bc0d9b1517,2023-04-12,Virosis-D,1.0,1
sample_03142,data/tom2024_category_a/CATA-English/onion_diseases/Virosis-D/2117398079_1681293309305_640x480.jpg,tom_timestamp:1681293309305,1b77c90381104f5eced550ce44de6169fb1bb3ce2c97469fa58aa61c7c4cc0b0,2023-04-12,Virosis-D,1.0,1
sample_03143,data/tom2024_category_a/CATA-English/onion_diseases/Virosis-D/755365641_1681293360176_640x480.jpg,tom_timestamp:1681293360176,2f3f70f827b25f7e5630d58462010e9241eec08434a44e0eab4f7e55e281b5e6,2023-04-12,Virosis-D,1.0,1
sample_03144,data/tom2024_category_a/CATA-English/onion_diseases/Virosis-D/910258339_1681293421280_640x480.jpg,tom_timestamp:1681293421280,2b761c85a70ad13ac013385b90085918cef052058668b3ed6c0143b68cef70d2,2023-04-12,Virosis-D,1.0,1
sample_03145,data/tom2024_category_a/CATA-English/onion_diseases/Virosis-D/592459473_1681293516857_640x480.jpg,tom_timestamp:1681293516857,4fe2d2092bd40f30f999bb40827e74d41395f103fdc893246d81d7e27c5eab65,2023-04-12,Virosis-D,1.0,1
sample_03146,data/tom2024_category_a/CATA-English/onion_diseases/Virosis-D/1275630974_1681293527243_640x480.jpg,tom_timestamp:1681293527243,73c8f9b01188b9d7f96d329017fe3dbc55e5f190629d69a6a20f99d781a3d604,2023-04-12,Virosis-D,1.0,1
sample_03147,data/tom2024_category_a/CATA-English/onion_diseases/Virosis-D/1028694073_1681293574894_640x480.jpg,tom_timestamp:1681293574894,1e727bad97aaaf6dc5aefef11ffc20a08d6d89a9e5684e428e8a5b5f0f077337,2023-04-12,Virosis-D,1.0,1
sample_03148,data/tom2024_category_a/CATA-English/onion_diseases/Virosis-D/443657619_1681293584242_640x480.jpg,tom_timestamp:1681293584242,9d9e34d430b63ed2c45e1968645575a61bfde74844cf90e47a03f8cd41556ca2,2023-04-12,Virosis-D,1.0,1
sample_03149,data/tom2024_category_a/CATA-English/onion_diseases/Virosis-D/568119654_1681293598479_640x480.jpg,tom_timestamp:1681293598479,cb9e844a304f9a731bd602cb59e6994787120fc43710affbc76176baca1dbf8a,2023-04-12,Virosis-D,1.0,1
sample_03150,data/tom2024_category_a/CATA-English/onion_diseases/Virosis-D/1830730305_1681293643794_640x480.jpg,tom_timestamp:1681293643794,217efd0bc93de342ef9248f88702815cff7189011bf783474e5618c939ee2624,2023-04-12,Virosis-D,1.0,1
sample_03151,data/tom2024_category_a/CATA-English/onion_diseases/Virosis-D/1892214508_1681293705765_640x480.jpg,tom_timestamp:1681293705765,099deb3771c40d210637fab7381d79718d4d23222513da14ba04d1db4286e466,2023-04-12,Virosis-D,1.0,1
sample_03152,data/tom2024_category_a/CATA-English/onion_diseases/Virosis-D/46970560_1681293715631_640x480.jpg,tom_timestamp:1681293715631,c2586679e57e455690e06f2bf8ab448e31d9cd0183e74562405eb78d160ececf,2023-04-12,Virosis-D,1.0,1
sample_03153,data/tom2024_category_a/CATA-English/onion_diseases/Virosis-D/1967544351_1681293760645_640x480.jpg,tom_timestamp:1681293760645,9398d6551d4ad57035f4860169b04bd08455d229e5b7734d4da5cf6995995427,2023-04-12,Virosis-D,1.0,1
sample_03154,data/tom2024_category_a/CATA-English/onion_diseases/Virosis-D/1553362741_1681293769380_640x480.jpg,tom_timestamp:1681293769380,9422dd5a70a7a93e2895f895b94c969c8f1bb2d013bece681a4c4ec19e26b51f,2023-04-12,Virosis-D,1.0,1
sample_03155,data/tom2024_category_a/CATA-English/onion_diseases/Virosis-D/120806774_1681293821733_640x480.jpg,tom_timestamp:1681293821733,0763dc83079d9b719567a9e283a3f8868a900c87108bc88e14347e1304f141a5,2023-04-12,Virosis-D,1.0,1
sample_03156,data/tom2024_category_a/CATA-English/onion_diseases/Virosis-D/109364291_1681293830704_640x480.jpg,tom_timestamp:1681293830704,e382524b177230d8ac956cafffa0e077407236e8b2d6e612d489b00fd8515b52,2023-04-12,Virosis-D,1.0,1
sample_03157,data/tom2024_category_a/CATA-English/onion_diseases/Virosis-D/32372706_1681293877617_640x480.jpg,tom_timestamp:1681293877617,27dd6d8e71ef87236f103d6728a4c40d3e786b1b8bce577aea185874339dc16d,2023-04-12,Virosis-D,1.0,1
sample_03158,data/tom2024_category_a/CATA-English/onion_diseases/Virosis-D/1871148598_1681293926387_640x480.jpg,tom_timestamp:1681293926387,d464196e742194c3ffea92bd30d1c66efa45ba1a7f8d91fd0ef543503df3b7c0,2023-04-12,Virosis-D,1.0,1
sample_03159,data/tom2024_category_a/CATA-English/onion_diseases/Virosis-D/2145528904_1681293971424_640x480.jpg,tom_timestamp:1681293971424,e24bdd9bdd4a23c3c1f9dbed74323133c87e46b3a11f7ad664e2a4c61a6fb37f,2023-04-12,Virosis-D,1.0,1
sample_03160,data/tom2024_category_a/CATA-English/onion_diseases/Virosis-D/1162104873_1681293982956_640x480.jpg,tom_timestamp:1681293982956,5d060905208c42b9911f952ea8dffaba15dedd547b486e52bc727753cd5987ce,2023-04-12,Virosis-D,1.0,1
sample_03161,data/tom2024_category_a/CATA-English/onion_diseases/Virosis-D/1539387764_1681293996341_640x480.jpg,tom_timestamp:1681293996341,5c42871deb1287d6f0f4c70959d8a95239c805edf31ad31e832e5984b19bc631,2023-04-12,Virosis-D,1.0,1
sample_03162,data/tom2024_category_a/CATA-English/onion_diseases/Virosis-D/45515707_1681294044825_640x480.jpg,tom_timestamp:1681294044825,dbdcece0f6e66cbd80c84e180ca53077174678eca11df48a1b65496e06e43e9a,2023-04-12,Virosis-D,1.0,1
sample_03163,data/tom2024_category_a/CATA-English/onion_diseases/Virosis-D/940792321_1681294053888_640x480.jpg,tom_timestamp:1681294053888,43c4fb426c97eba529ed95f594d7d7e433b04dd1300a2b3dee4fffad922a2600,2023-04-12,Virosis-D,1.0,1
sample_03164,data/tom2024_category_a/CATA-English/onion_diseases/Virosis-D/786522500_1681294109624_640x480.jpg,tom_timestamp:1681294109624,550424a8fd11ee443959838aa598b8abc5303252d0ff0c1eb88e00f5c4145f5c,2023-04-12,Virosis-D,1.0,1
sample_03165,data/tom2024_category_a/CATA-English/onion_diseases/Virosis-D/707582522_1681294170574_640x480.jpg,tom_timestamp:1681294170574,e0c947ef2580a4ce511b5ba226fc54b74f0b8aac9d687b13fc26c50d88f3c588,2023-04-12,Virosis-D,1.0,1
sample_03166,data/tom2024_category_a/CATA-English/onion_diseases/Virosis-D/1166663312_1681294178621_640x480.jpg,tom_timestamp:1681294178621,fabbb226c6701225b028e54b9ceae6f8afce90b5c7b12f897ad97e2a1a6d95c1,2023-04-12,Virosis-D,1.0,1
sample_03167,data/tom2024_category_a/CATA-English/onion_diseases/Virosis-D/1954685791_1681294229120_640x480.jpg,tom_timestamp:1681294229120,aa4a3f94dd0588e7b9e97e23ed5d3514758dea76e344148bdb5b476aba07db09,2023-04-12,Virosis-D,1.0,1
sample_03168,data/tom2024_category_a/CATA-English/onion_diseases/Virosis-D/852397029_1681294238069_640x480.jpg,tom_timestamp:1681294238069,86c059ddceab533d6f5778c88bb0e5f9f1f0e722faa8c8b25e4764844f62844f,2023-04-12,Virosis-D,1.0,1
sample_03169,data/tom2024_category_a/CATA-English/onion_diseases/Virosis-D/586017184_1681294286142_640x480.jpg,tom_timestamp:1681294286142,d2c7834bb4c9590c2611cff359b992465a85e0558cf4f119dc0c9b5318d33a82,2023-04-12,Virosis-D,1.0,1
sample_03170,data/tom2024_category_a/CATA-English/onion_diseases/Virosis-D/1792195611_1681294338022_640x480.jpg,tom_timestamp:1681294338022,97fb8d13b18fe9f8cf17169ea72a039190f9e4dca7fccbef9cc137c3ef1826af,2023-04-12,Virosis-D,1.0,1
sample_03171,data/tom2024_category_a/CATA-English/onion_diseases/Virosis-D/972871717_1681294400742_640x480.jpg,tom_timestamp:1681294400742,1d01a2e4043ba60cab1959ec17fc4cb362941221a0ac9be2fb9cd6985b810ef9,2023-04-12,Virosis-D,1.0,1
sample_03172,data/tom2024_category_a/CATA-English/onion_diseases/Virosis-D/209889486_1681294457776_640x480.jpg,tom_timestamp:1681294457776,200045ac26aeb52dc1ecaf587651d0a601507d51957d93dc2ef231cb93ad90cc,2023-04-12,Virosis-D,1.0,1
sample_03173,data/tom2024_category_a/CATA-English/onion_diseases/Virosis-D/154002587_1681294471465_640x480.jpg,tom_timestamp:1681294471465,bdb399d578013fd4370c39c0e99579b56262cafcc2abbe2ccf3f91bb8bc25d94,2023-04-12,Virosis-D,1.0,1
sample_03174,data/tom2024_category_a/CATA-English/onion_diseases/Virosis-D/1481994227_1681294532051_640x480.jpg,tom_timestamp:1681294532051,f133d3262362b55445b38bc42e62f2d90081bba1e064f93df23ccadcd91a5253,2023-04-12,Virosis-D,1.0,1
sample_03175,data/tom2024_category_a/CATA-English/onion_diseases/Virosis-D/1297125630_1681294610711_640x480.jpg,tom_timestamp:1681294610711,72c320907a9eb9a9800eb7627e92c8a256359fbb9bcbdd67545bb4a6e951162b,2023-04-12,Virosis-D,1.0,1
sample_03176,data/tom2024_category_a/CATA-English/onion_diseases/Virosis-D/269425296_1681294674211_640x480.jpg,tom_timestamp:1681294674211,97a90c402c8bdce73d11d641c2102723f5cda4d527d912c1263b6fb869d10b90,2023-04-12,Virosis-D,1.0,1
sample_03177,data/tom2024_category_a/CATA-English/onion_diseases/Virosis-D/1796754050_1681294730865_640x480.jpg,tom_timestamp:1681294730865,72818665a8f3fcf0773205a2159966c417e284e6b529ceef4065a104ff80030b,2023-04-12,Virosis-D,1.0,1
sample_03178,data/tom2024_category_a/CATA-English/onion_diseases/Virosis-D/1769349421_1681294743104_640x480.jpg,tom_timestamp:1681294743104,c638be0b305599147639c28ee3c432646e56634defdf1507c4afb437102714f5,2023-04-12,Virosis-D,1.0,1
sample_03179,data/tom2024_category_a/CATA-English/onion_diseases/Virosis-D/8642755_1681294812456_640x480.jpg,tom_timestamp:1681294812456,68dab2530fd92f387e54577f16dae339019b91fb6753edd89cba42b6d0229185,2023-04-12,Virosis-D,1.0,1
sample_03180,data/tom2024_category_a/CATA-English/onion_diseases/Virosis-D/1278176226_1681294822326_640x480.jpg,tom_timestamp:1681294822326,79dce091e93fb748e3d8960387be11d3e9bfd051d937ce94437dc2d597f6084f,2023-04-12,Virosis-D,1.0,1
sample_03181,data/tom2024_category_a/CATA-English/onion_diseases/Virosis-D/522284928_1681294875112_640x480.jpg,tom_timestamp:1681294875112,840eadc61494c57d5cae3340ad2f6b61226443c4eaae46836c4b678940a46242,2023-04-12,Virosis-D,1.0,1
sample_03182,data/tom2024_category_a/CATA-English/onion_diseases/Virosis-D/243839723_1681294938196_640x480 - Copie - Copie - Copie.jpg,tom_timestamp:1681294938196,1cdd7a894b44e3f6624c2c2327681a1c22fce90dab8faa61ff34d2fe8496014e,2023-04-12,Virosis-D,1.0,1
sample_03183,data/tom2024_category_a/CATA-English/onion_diseases/Virosis-D/1848782939_1681295037294_640x480.jpg,tom_timestamp:1681295037294,340aac3aa67a096c1def27ebbe1d789e358dbb34731b221da4530ebe88971e0b,2023-04-12,Virosis-D,1.0,1
sample_03184,data/tom2024_category_a/CATA-English/onion_diseases/Virosis-D/2120591975_1681295046957_640x480.jpg,tom_timestamp:1681295046957,9a2161a9d31e54c46fcb1beabf5c9c10be62045d9f6837190bf8bafa5e8f4e03,2023-04-12,Virosis-D,1.0,1
sample_03185,data/tom2024_category_a/CATA-English/onion_diseases/Virosis-D/312869623_1681295104564_640x480.jpg,tom_timestamp:1681295104564,9cf0cd4499279f81ab006b27fc19677b53f5dfe73e06fc0c4070cd285d11af17,2023-04-12,Virosis-D,1.0,1
sample_03186,data/tom2024_category_a/CATA-English/onion_diseases/Virosis-D/453748568_1681295155832_640x480.jpg,tom_timestamp:1681295155832,e9964ab5a682586606d8ca4ccee3751f6e0292776c7b827af11134ac98086de8,2023-04-12,Virosis-D,1.0,1
sample_03187,data/tom2024_category_a/CATA-English/onion_diseases/Virosis-D/1009432000_1681295211631_640x480.jpg,tom_timestamp:1681295211631,a033ea3df99a96dc84ed2c8bb7844dd477f58e697101b995917127cdd941ab8f,2023-04-12,Virosis-D,1.0,1
sample_03188,data/tom2024_category_a/CATA-English/onion_diseases/Virosis-D/843551583_1681295220967_640x480.jpg,tom_timestamp:1681295220967,178277922e093a93e2a1b581acf53486cf421e0e61946c67066734541cf19c4d,2023-04-12,Virosis-D,1.0,1
sample_03189,data/tom2024_category_a/CATA-English/onion_diseases/Virosis-D/1026303674_1681295269566_640x480.jpg,tom_timestamp:1681295269566,2cc2358312f454908707a444e0e43947dd453e03dd67a1b5caacd080a0694200,2023-04-12,Virosis-D,1.0,1
sample_03190,data/tom2024_category_a/CATA-English/onion_diseases/Virosis-D/895373583_1681295324815_640x480.jpg,tom_timestamp:1681295324815,bd2426fac11d58c95f9158969665b9bf23940787a9893592307976d3da756f1f,2023-04-12,Virosis-D,1.0,1
sample_03191,data/tom2024_category_a/CATA-English/onion_diseases/Virosis-D/1176676709_1681295334768_640x480.jpg,tom_timestamp:1681295334768,ab87a1a3ad4f4aae4e930422ec9d1df84aafc394e15ebc6206703e864e3a5ca6,2023-04-12,Virosis-D,1.0,1
sample_03192,data/tom2024_category_a/CATA-English/onion_diseases/Virosis-D/1514489611_1681295388619_640x480.jpg,tom_timestamp:1681295388619,9c3ad1dc38c70937b0573bbaf6425b6bf9fe2a974ad7d26abee5227649822a4a,2023-04-12,Virosis-D,1.0,1
sample_03193,data/tom2024_category_a/CATA-English/onion_diseases/Virosis-D/1795792737_1681295452065_640x480.jpg,tom_timestamp:1681295452065,d154984f7d88f127bb9b7766c41fa67c15535dee61c7a1e19303077339bbddc7,2023-04-12,Virosis-D,1.0,1
sample_03194,data/tom2024_category_a/CATA-English/onion_diseases/Virosis-D/226877488_1681295504082_640x480.jpg,tom_timestamp:1681295504082,8570c86f356dccbb39b37836fe525ad7e123e31f00e1a5d7fc6e07da92b7524e,2023-04-12,Virosis-D,1.0,1
sample_03195,data/tom2024_category_a/CATA-English/onion_diseases/Alternaria_D/214148014_1681374115310_640x480 - Copie - Copie - Copie.jpg,tom_timestamp:1681374115310,5e7e47b254482bb2e5f0e5e75c3da801273486c124213ae47e978bd4f66fa1bf,2023-04-13,Alternaria_D,1.0,3
sample_03196,data/tom2024_category_a/CATA-English/onion_diseases/Virosis-D/2092926211_1681374199922_640x480.jpg,tom_timestamp:1681374199922,c43f38d993341d2aa08c8cf7fc353d2a0431f5ddd44776cfe1b2f3124b027d1d,2023-04-13,Virosis-D,1.0,3
sample_03197,data/tom2024_category_a/CATA-English/onion_diseases/Fusarium-D/435692971_1681374858785_640x480.jpg,tom_timestamp:1681374858785,7ff73e8293d8d1818634dc4c0dbbe1bbfa9063e649206b9b57682f8c8efda36a,2023-04-13,Fusarium-D,1.0,3
sample_03198,data/tom2024_category_a/CATA-English/onion_diseases/Fusarium-D/581259692_1681374869083_640x480.jpg,tom_timestamp:1681374869083,d8324a6333e58bb0325876f1a68f8e448c0b0799242e7cf63e1e3c894da86284,2023-04-13,Fusarium-D,1.0,3
sample_03199,data/tom2024_category_a/CATA-English/onion_diseases/Fusarium-D/1263185439_1681374935717_640x480.jpg,tom_timestamp:1681374935717,4fd1c6aa68bb1912c92bc685fad289e0b2b4dfd64117f230a68577e36d7d73dd,2023-04-13,Fusarium-D,1.0,3
sample_03200,data/tom2024_category_a/CATA-English/onion_diseases/Alternaria_D/111010061_1681375151362_640x480 - Copie - Copie - Copie.jpg,tom_timestamp:1681375151362,b0ab644a3828942555429d5304c6253bcbfc051f1717ef8ae054baeeef72d457,2023-04-13,Alternaria_D,1.0,3
sample_03201,data/tom2024_category_a/CATA-English/onion_diseases/Alternaria_D/379377075_1681375369035_640x480 - Copie - Copie - Copie.jpg,tom_timestamp:1681375369035,7eabf121998666345b82642ef0266d8d1fe730902c59901ab30207487e937b9f,2023-04-13,Alternaria_D,1.0,3
sample_03202,data/tom2024_category_a/CATA-English/onion_diseases/Alternaria_D/52264990_1681376333760_640x480 - Copie - Copie - Copie.jpg,tom_timestamp:1681376333760,f9209400a0d845beff971ab9c0c76bd86c1028403bd6aceef11fcd54e21ae5c3,2023-04-13,Alternaria_D,1.0,3
sample_03203,data/tom2024_category_a/CATA-English/onion_diseases/Alternaria_D/305124622_1681376392081_640x480 - Copie - Copie - Copie.jpg,tom_timestamp:1681376392081,0b1db65fe9ff67d5db83ed1fb21e2f6b0ac0410c998a0e6e5d6aed5ad4851f8c,2023-04-13,Alternaria_D,1.0,3
sample_03204,data/tom2024_category_a/CATA-English/onion_diseases/Alternaria_D/271251937_1681376467736_640x480 - Copie - Copie - Copie.jpg,tom_timestamp:1681376467736,7f205ce73cd9c7d20082a92a42d4cb21c2a7bb9240c068e71f7b866b3dc95051,2023-04-13,Alternaria_D,1.0,3
sample_03205,data/tom2024_category_a/CATA-English/onion_diseases/Alternaria_D/34470528_1681377557371_640x480 - Copie - Copie - Copie.jpg,tom_timestamp:1681377557371,f1bf660e54e920880c9c4ebba8bead6b16b6d7f6d9ff131942ba87334321591d,2023-04-13,Alternaria_D,1.0,3
sample_03206,data/tom2024_category_a/CATA-English/onion_diseases/Virosis-D/1091276009_1681377620197_640x480.jpg,tom_timestamp:1681377620197,aa55c8e1a005651349c70a2adfa7503513b2333a6727ea126a04031bebb74a96,2023-04-13,Virosis-D,1.0,3
sample_03207,data/tom2024_category_a/CATA-English/onion_diseases/Alternaria_D/201454353_1681378348196_640x480 - Copie - Copie - Copie.jpg,tom_timestamp:1681378348196,5a65de0674012a8aac51db2462a47cb211b9718fd1bbd1e21b49e15f46aa59bc,2023-04-13,Alternaria_D,1.0,3
sample_03208,data/tom2024_category_a/CATA-English/onion_diseases/Alternaria_D/311902635_1681378358085_640x480 - Copie - Copie - Copie.jpg,tom_timestamp:1681378358085,055144dc4135c8797accfe156c012d05cb464ec17df06c41498c4af77090a54c,2023-04-13,Alternaria_D,1.0,3
sample_03209,data/tom2024_category_a/CATA-English/onion_diseases/Alternaria_D/78524723_1681378445109_640x480 - Copie - Copie - Copie.jpg,tom_timestamp:1681378445109,d64db891c7d731ee9d8dfae2c9cbb56d49bf71f4bacfbca83bcf7ecba1f9eb38,2023-04-13,Alternaria_D,1.0,3
sample_03210,data/tom2024_category_a/CATA-English/onion_diseases/Alternaria_D/369035037_1681379764792_640x480 - Copie - Copie - Copie.jpg,tom_timestamp:1681379764792,13addad8e4f1d345fc97c6f8fdf3d5446d17dd866db7d40e3666159b72048f69,2023-04-13,Alternaria_D,1.0,3
sample_03211,data/tom2024_category_a/CATA-English/onion_diseases/Alternaria_D/339552678_1681379930177_640x480 - Copie - Copie - Copie.jpg,tom_timestamp:1681379930177,a9fd25fdca0fa901e3529f22dba4e1a61bb903f6f7a95768cd448714ef1f2cf7,2023-04-13,Alternaria_D,1.0,3
sample_03212,data/tom2024_category_a/CATA-English/onion_diseases/Virosis-D/1303897968_1681380488634_640x480.jpg,tom_timestamp:1681380488634,a8e8775ac145181c7e4fe59d25f778f5ce08bd9d6d8eedeb1184c2e25e51a767,2023-04-13,Virosis-D,1.0,3
sample_03213,data/tom2024_category_a/CATA-English/onion_diseases/Virosis-D/468611928_1681380728863_640x480 - Copie.jpg,tom_timestamp:1681380728863,3e69a4c0d01d9f312211ea7197fc77a4124d8cbfd6e2877707819e4130b3ce98,2023-04-13,Virosis-D,1.0,3
sample_03214,data/tom2024_category_a/CATA-English/onion_diseases/Alternaria_D/223168656_1681380891044_640x480 - Copie - Copie - Copie.jpg,tom_timestamp:1681380891044,a8c4f38da41b5eb93eb6a66a6d0b3cd41842d280607d835d493d2b84376550c8,2023-04-13,Alternaria_D,1.0,3
